dossier_id,mibig_accession,source_database,mibig_version,organism_key,organism_name,strain_primary_key,strain_primary_raw,ncbi_taxon_id,primary_sequence_accession,reported_start_bp,reported_end_bp,reported_length_bp,reported_bgc_boundary,mibig_bgc_class_raw,refined_bgc_class_raw,product_family_raw,primary_product_raw,chemical_class_raw,biological_role_raw,primary_reference_doi,primary_reference_year,source_sheet_title
M4-FUNG-0001,BGC0000003,MIBiG,3,NCBITAXON:5599,Alternaria alternata,STR_0300b4073198,NAF8,5599,AB179766.1,1.0,37168.0,37168.0,AB179766.1:1-37168,PKS (Unknown),PKS-containing AF-toxin biosynthetic programme,AF-toxins,AF-toxin,Polyketide-associated host-selective phytotoxin family,Host-selective phytotoxin / virulence-associated metabolite,10.1007/s10327-004-0170-3,2005.0,Fungal BGC Dossier — M4-FUNG-0001 / BGC0000003
M4-FUNG-0002,BGC0000004,MIBiG,3,NCBITAXON:5062,Aspergillus oryzae,STR_04954f5c5fc5,RIB40,5062,AB196490.1,1.0,89641.0,89641.0,AB196490.1:1-89641,PKS (Unknown),Type I iterative PKS-containing aflatoxin biosynthesis homolog cluster,aflatoxins,aflatoxin G1 (MIBiG annotation; not demonstrated as a native RIB40 product),polyketide-derived aflatoxin family,mycotoxin pathway homolog; native RIB40 is non-aflatoxigenic,10.1128/AEM.72.1.484-490.2006,2006.0,Fungal BGC Dossier — M4-FUNG-0002 / BGC0000004
M4-FUNG-0003,BGC0000005,MIBiG,3,NCBITAXON:5067,Aspergillus parasiticus,STR_922f99f32451,SU-1 / SRRC 143 / ATCC 56775 / NRRL 5862,5067,AY371490.1,1.0,82081.0,82081.0,AY371490.1:1-82081 is the sequenced region; it contains the complete ~70-kb aflatoxin pathway plus an adjacent sugar-utilization cluster,PKS,Type I iterative PKS-containing aflatoxin biosynthetic gene cluster,aflatoxins,"aflatoxins B1, B2, G1 and G2",polyketide-derived difuranocoumarin mycotoxins,secondary metabolites / mycotoxins,10.1016/S0014-5793(04)00327-8,2004.0,Fungal BGC Dossier — M4-FUNG-0003 / BGC0000005
M4-FUNG-0004,BGC0000006,MIBiG,3,NCBITAXON:5059,Aspergillus flavus,STR_a1f296aa7838,"AF13 / SRRC 1273; historical literature also labels AF13 as ATCC 96044, while the current ATCC 96044 catalog identifies an AF13 niaD− derivative",5059,AY510451.1,88318.0,88318.0,88318.0,AY510451.1:1-88318; complete AF13 aflatoxin-cluster sequence as deposited,PKS (Unknown),Type I iterative PKS-containing B-aflatoxin biosynthetic gene cluster,aflatoxins,aflatoxin B1 and aflatoxin B2,polyketide-derived difuranocoumarin mycotoxins,secondary metabolites / mycotoxins associated with crop colonization,10.1128/AEM.70.11.6518-6524.2004,2004.0,Fungal BGC Dossier — M4-FUNG-0004 / BGC0000006
M4-FUNG-0005,BGC0000007,MIBiG,3,NCBITAXON:2059437,Aspergillus aflatoxiformans,STR_4e0d8509fac8,BN008R / BN008-R / ATCC MYA-379,2059437,AY510452.1,1.0,82511.0,82511.0,AY510452.1:1-82511,PKS (Unknown),Type I iterative PKS-containing B/G-aflatoxin biosynthetic gene cluster,aflatoxins,aflatoxin B1 and aflatoxin G1,polyketide-derived difuranocoumarin mycotoxins,secondary metabolites / mycotoxins,10.1007/s00253-002-1094-5,2002.0,Fungal BGC Dossier — M4-FUNG-0005 / BGC0000007
M4-FUNG-0006,BGC0000008,MIBiG,3,NCBITAXON:5059,Aspergillus flavus,STR_0cff4fa93af4,AF70 / ATCC MYA-384,5059,AY510453.1,1.0,75829.0,75829.0,AY510453.1:1-75829,PKS (Unknown),Type I iterative PKS-containing B-aflatoxin biosynthetic gene cluster,aflatoxins,aflatoxin B1 and aflatoxin B2,polyketide-derived difuranocoumarin mycotoxins,secondary metabolites / mycotoxins associated with crop contamination,10.1128/AEM.70.11.6518-6524.2004,2004.0,Fungal BGC Dossier — M4-FUNG-0006 / BGC0000008
M4-FUNG-0007,BGC0000009,MIBiG,3,NCBITAXON:41061,Aspergillus nomiae (MIBiG historical label: Aspergillus nomius),STR_457cd7b4d66c,NRRL 13137 / ATCC 15546 / CBS 260.88 / FRR 3339 / SRRC 375 / M93,41061,AY510454.1,1.0,75352.0,75352.0,AY510454.1:1-75352,PKS (Unknown),Type I iterative NR-PKS-containing B/G-aflatoxin biosynthetic gene cluster,aflatoxins,aflatoxin B1 and aflatoxin G1 (MIBiG-linked); NRRL 13137 is also a known B2/G2 producer,polyketide-derived difuranocoumarin mycotoxins,secondary metabolites / mycotoxins,10.1128/AEM.70.11.6518-6524.2004,2004.0,Fungal BGC Dossier — M4-FUNG-0007 / BGC0000009
M4-FUNG-0008,BGC0000010,MIBiG,3,NCBITAXON:5059,Aspergillus flavus,STR_69d954d9afcc,AF36 / NRRL 18543,5059,AY510455.1,1.0,78264.0,78264.0,AY510455.1:1-78264,PKS (Unknown),Degenerated type I iterative PKS aflatoxin biosynthetic gene cluster with a nonfunctional aflC/pksA pseudogene,aflatoxins,no native aflatoxin product; MIBiG generically associates the locus with 'aflatoxin',polyketide-derived aflatoxin pathway,degenerate mycotoxin biosynthetic pathway; organism-level ecological role is competitive exclusion rather than aflatoxin production,10.1007/s00253-004-1670-y,2004.0,Fungal BGC Dossier — M4-FUNG-0008 / BGC0000010
M4-FUNG-0009,BGC0000011,MIBiG,3,NCBITAXON:138278,Aspergillus ochraceoroseus,STR_87866bbb928f,SRRC 1432 / CBS 550.77 / NRRL 28622 / ATCC 38873,138278,AY092402.3,1.0,59535.0,59535.0,AY092402.3:1-59535,PKS (Unknown),Type I iterative NR-PKS aflatoxin/sterigmatocystin pathway cluster with A. nidulans-like organization,sterigmatocystin / aflatoxins,sterigmatocystin; aflatoxin B1; aflatoxin B2,polyketide-derived xanthone/difuranocoumarin mycotoxin pathway,secondary metabolites / mycotoxins,10.3852/08-173,2009.0,Fungal BGC Dossier — M4-FUNG-0009 / BGC0000011
M4-FUNG-0010,BGC0000012,MIBiG,3,NCBITAXON:48100,Alternaria solani,,NR,48100,AB120221.1,1.0,21971.0,21971.0,AB120221.1:1-21971,PKS (Unknown),Five-gene highly reducing iterative type I PKS cluster; core PKSN/Alt5 domain architecture KS–AT–DH–CMeT–ER–KR–ACP,alternapyrones / α-pyrones,alternapyrone — directly demonstrated as Alt5/PKSN product in heterologous A. oryzae; not established as the native final product of the complete A. solani five-gene cluster,highly methylated polyene α-pyrone / reduced polyketide,native ecological role in A. solani unresolved,10.1016/j.chembiol.2005.09.015,2005.0,Fungal BGC Dossier — M4-FUNG-0010 / BGC0000012
M4-FUNG-0011,BGC0000013,MIBiG,3,NCBITAXON:227321,Aspergillus nidulans,STR_072c0c775ec8,FGSC A4 / ATCC 38163 / CBS 112.46 / NRRL 194 / M139 (Glasgow wild type),227321,BN001304.1,1099810.0,1145772.0,45963.0,"MIBiG displayed region: chromosome IV 1,099,810–1,145,772 (45,963 bp); MIBiG locus feature: 1,119,810–1,127,658",PKS (Unknown),Two-gene non-reducing iterative type I PKS + trans-acting metallo-β-lactamase-type thioesterase/release module,alternariol / isocoumarin polyketides,alternariol,aromatic non-reduced polyketide / dibenzo-α-pyrone (alternariol); isocoumarin co-products,native ecological role of this cryptic A. nidulans locus is unresolved,10.1021/ja3016395,2012.0,Fungal BGC Dossier — M4-FUNG-0011 / BGC0000013
M4-FUNG-0012,BGC0000022,MIBiG,3,NCBITAXON:227321,Aspergillus nidulans,STR_766db12d4c0d,FGSC A4 / ATCC 38163 / CBS 112.46 / NRRL 194 / M139,227321,AACD01000015.1,109597.0,170464.0,60868.0,"MIBiG display: AACD01000015.1:109,597–170,464 (60,868 bp); MIBiG locus feature: 111,993–153,232 (41,240 bp)",PKS (Unknown),"Dual iterative fungal PKS pathway: highly reducing PKS AfoG supplies a starter unit to non-reducing PKS AfoE, followed by oxidative/reductive tailoring",asperfuranones / azaphilone-related polyketides,asperfuranone,benzofuranone/azaphilone-related fungal polyketide,native ecological role unresolved,10.1021/ja8088185,2009.0,Fungal BGC Dossier — M4-FUNG-0012 / BGC0000022
M4-FUNG-0013,BGC0000027,MIBiG,4,NCBITAXON:89488,Monascus pilosus,,NR,89488,KC148521.1,1.0,80000.0,80000.0,"KC148521.1:1-80000; GenBank definition: Monascus pilosus pigment biosynthetic gene cluster, complete sequence",PKS (Iterative type I),"Azaphilone-pigment pathway centered on a nonreducing fungal iterative PKS with reductive release, dedicated FAS and oxidoreductive tailoring",Monascus azaphilone pigments,ankaflavin; monascin; rubropunctatin; monascorubrin,azaphilone polyketide pigments,pigmentation / secondary metabolism; native ecological role beyond pigmentation is not fully resolved,10.1007/s00253-013-4745-9,2013.0,Fungal BGC Dossier — M4-FUNG-0013 / BGC0000027
M4-FUNG-0014,BGC0000030,MIBiG,3,NCBITAXON:1279085,Fusarium fujikuroi,STR_46a3db97e105,IMI 58289 / IMI58289,1279085,HF679027.1,82202.0,128472.0,46271.0,"MIBiG display: HF679027.1:82,202–128,472 (46,271 bp); MIBiG locus feature: 100,853–119,287 (18,435 bp)",PKS (Unknown),Six-gene nonreducing iterative type I PKS bikaverin cluster: Bik1/PKS4 core PKS + Bik2 monooxygenase + Bik3 O-methyltransferase + Bik4/Bik5 regulators + Bik6 MFS transporter,bikaverin / benzoxanthone polyketides,bikaverin,red tetracyclic benzoxanthone/naphthoquinone-derived polyketide pigment,ecological defensive/competitive role supported by bacterial-interaction experiments; broader native function may be context dependent,10.1111/j.1365-2958.2009.06695.x,2009.0,Fungal BGC Dossier — M4-FUNG-0014 / BGC0000030
M4-FUNG-0015,BGC0000037,MIBiG,4,NCBITAXON:227321,Aspergillus nidulans,STR_766db12d4c0d,FGSC A4 / ATCC 38163 / CBS 112.46 / NRRL 194 / M139,227321,BN001301.1,119085.0,166905.0,47821.0,"MIBiG display: BN001301.1:119,085–166,905 (47,821 bp); MIBiG locus feature: 139,085–146,905, corresponding essentially to cicF/PKS alone",PKS (Unknown),"Cichorine/isoindolinone pathway centered on a nonreducing iterative type I PKS (CicF/PkbA), pathway-specific TF CicD, transporter CicA and multiple tailoring enzymes",cichorine / isoindolinone-phthalimidine polyketides,cichorine,methylated isoindolin-1-one / phthalimidine-derived aromatic polyketide,cichorine is phytotoxic; native ecological function in A. nidulans FGSC A4 remains unresolved,10.1039/C2MD20055D,2012.0,Fungal BGC Dossier — M4-FUNG-0015 / BGC0000037
M4-FUNG-0016,BGC0000039,MIBiG,3,NCBITAXON:5077,Penicillium citrinum,STR_655c334b82c0,compactin-producing P. citrinum strain used by Abe et al.; exact strain designation not exposed in current MIBiG display,5077,AB072893.1,1.0,38231.0,38231.0,"AB072893.1:1–38,231 containing mlcH-G-F-A-C-B-D-E-R",PKS (Unknown),"Nine-gene compactin programme with two iterative PKSs, trans-acting enoyl reductase, P450, transesterase, pathway regulator and two self-resistance functions",statin polyketides / compactin-lovastatin family,compactin (ML-236B; mevastatin),decalin-containing fungal polyketide statin,native producer ecological role unresolved,10.1007/s00438-002-0697-y,2002.0,Fungal BGC Dossier — M4-FUNG-0016 / BGC0000039
M4-FUNG-0017,BGC0000045,MIBiG,3,NCBITAXON:33178,Aspergillus terreus,STR_e19fb1528f8a,AH-02-30-F7,33178,JX971534.1,1.0,31000.0,31000.0,"JX971534.1:1-31,000; eight annotated CDSs in MIBiG/GenBank",PKS (Unknown),"Collaborating iterative fungal PKS system: highly reducing AtCURS1 supplies a tetraketide starter to nonreducing AtCURS2, which extends, aromatizes and macrolactonizes the DAL scaffold",curvularins / dihydroxyphenylacetic-acid lactones (DALs),"10,11-dehydrocurvularin",12-membered dihydroxyphenylacetic-acid macrolactone polyketide,compound is a fungal phytotoxin; native ecological role of the AH-02-30-F7 pathway in its Brickellia-rhizosphere context is not directly demonstrated,10.1128/AEM.03334-12,2013.0,Fungal BGC Dossier — M4-FUNG-0017 / BGC0000045
M4-FUNG-0018,BGC0000046,MIBiG,4.0,NCBITAXON:622360,Alternaria brassicicola,STR_ec8015516d5e,ATCC 96836 / EGS 42-002 / BMP 1950,622360,FJ977165.1,1.0,25000.0,25000.0,"FJ977165.1:1–25,000; six adjacent DEP1–DEP6 genes",PKS (Iterative type I),"Six-gene depudecin pathway containing reducing type I PKS DEP5, two FAD-dependent monooxygenases DEP2/DEP4, MFS transporter DEP3, Zn2Cys6 regulator DEP6 and DEP1 of unresolved function",depudecin / linear oxygenated polyketides,depudecin,eleven-carbon linear polyketide containing epoxide functionality,minor virulence factor on cabbage; not detectably required for virulence on Arabidopsis in the defining assay,10.1094/MPMI-22-10-1258,2009.0,Fungal BGC Dossier — M4-FUNG-0018 / BGC0000046
M4-FUNG-0019,BGC0000048,MIBiG,3,NCBITAXON:675120,Dothistroma septosporum,STR_c6efcb3bbb0f,NZE10 / CBS 128990,675120,DQ149246.3,1.0,52829.0,52829.0,"DQ149246.3:1–52,829; 20 annotated CDSs surrounding the pksA mini-cluster",PKS (Unknown),Aflatoxin-like difuranoanthraquinone polyketide pathway fragmented into multiple mini-clusters; BGC0000048 corresponds only to the PksA-centered mini-cluster,dothistromin / aflatoxin-like difuranoanthraquinones,dothistromin,polyketide difuranoanthraquinone mycotoxin structurally related to aflatoxin precursor versicolorin B,"virulence factor that promotes mesophyll colonization, lesion expansion and sporulation; not essential for infection or completion of the disease cycle",10.1007/s11046-006-0240-5,2006.0,Fungal BGC Dossier — M4-FUNG-0019 / BGC0000048
M4-FUNG-0020,BGC0000057,MIBiG,5.0,NCBITAXON:227321,Aspergillus nidulans,STR_766db12d4c0d,FGSC A4 / ATCC 38163 / CBS 112.46 / NRRL 194 / M139,227321,AACD01000135.1,108096.0,154597.0,46502.0,"MIBiG display: AACD01000135.1:108,096–154,597 (46,502 bp); MIBiG locus feature: 122,623–149,174 containing AN7907–AN7916",PKS (Iterative type I),Orsellinic-acid/F9775 aromatic-polyketide locus centered on nonreducing iterative type I PKS OrsA with two required F9775 tailoring genes OrsB/OrsC,orsellinic-acid-derived aromatic polyketides / F9775 compounds,orsellinic acid; F9775A; F9775B,orsellinic acid tetraketide and dimeric/oxidatively elaborated aromatic polyketides,native ecological role unresolved; F9775A/B inhibit cathepsin K and lecanoric acid is a known lichen-associated metabolite,10.1039/b904541d,2010.0,Fungal BGC Dossier — M4-FUNG-0020 / BGC0000057
M4-FUNG-0021,BGC0000062,MIBiG,4,NCBITAXON:334819,Fusarium verticillioides,STR_053f25bbcacb,M-3125 / FGSC 7600 / A-00149,334819,AF155773.5,2097.0,64838.0,62742.0,"MIBiG display AF155773.5:2,097–64,838 (62,742 bp); compound-linked locus AF155773.5:18,228–64,838",PKS (Unknown),"16-gene fumonisin B cluster combining core polyketide/aminotransferase/oxidative/tricarballylic-ester biosynthesis, pathway-specific regulation and a five-gene self-protection/regulatory subcluster",B-series fumonisins / sphinganine-analog mycotoxins,fumonisin B1; fumonisin B2; fumonisin B3,linear aminopolyol polyketides bearing two tricarballylic-acid esters,"potent sphingolipid-biosynthesis inhibitor and major food/feed mycotoxin. Virulence contribution is disease-stage/context dependent: FUM1-null strains retain maize ear infection/ear-rot ability in field tests, whereas whole-cluster restoration/nonproduction comparisons support a requirement for fumonisin in maize seedling foliar disease symptoms.",10.1006/fgbi.1999.1141,1999.0,Fungal BGC Dossier — M4-FUNG-0021 / BGC0000062
M4-FUNG-0022,BGC0000063,MIBiG,3,NCBITAXON:5507,Fusarium oxysporum,STR_841abc1ed64b,FRC O-1890 / NRRL 39464,5507,EU449979.1,1.0,53327.0,53327.0,"EU449979.1:1–53,327; MIBiG lists 17 CDSs including FUM21, 15 additional FUM genes and cpm1",PKS (Unknown),Fusarium fumonisin cluster homolog producing predominantly C-series fumonisins; canonical FUM programme plus cluster-adjacent cytochrome-P450 gene CPM1,C-series fumonisins with minor B-series output,hydroxy-fumonisin C1; fumonisin C1; fumonisin C2; fumonisin C3; fumonisin B1,sphinganine-analog aminopolyol polyketide mycotoxins bearing tricarballylic esters,"native ecological role in O-1890 is unresolved; fumonisins broadly inhibit ceramide synthases, but no O-1890-specific virulence function is established",10.1016/j.fgb.2008.02.004,2008.0,Fungal BGC Dossier — M4-FUNG-0022 / BGC0000063
M4-FUNG-0023,BGC0000064,MIBiG,4,NCBITAXON:117187,Fusarium verticillioides,STR_0cdb9d2417ce,NR for the AY604568 source isolate,117187,AY604568.1,1.0,11857.0,11857.0,"MIBiG: AY604568.1:1–11,857, containing a single CDS, fusA/AAT28740.1",NRPS (Type I); PKS (Type I),"Fusarin PKS–NRPS hybrid pathway: FUS1/FusA scaffold megasynthase plus downstream alpha/beta-hydrolase-like Fus2, P450 Fus8 and methyltransferase Fus9; five additional coexpressed cluster genes are dispensable for canonical fusarin formation under tested conditions",fusarins,fusarin C; dihydrofusarin C; fusarin D; epi-fusarin C,PKS–NRPS-derived substituted 2-pyrrolidone mycotoxins,native ecological role unresolved; fusarin C is mutagenic and exhibits estrogenic agonism in mammalian-cell assays,10.1002/cbic.200400138,2004.0,Fungal BGC Dossier — M4-FUNG-0023 / BGC0000064
M4-FUNG-0024,BGC0000070,MIBiG,5,NCBITAXON:36650,Penicillium aethiopicum,STR_b3860c04c382,IBT 5753,36650,GU574478.1,1.0,55000.0,55000.0,"GU574478.1:1–55,000; 21 CDSs shown by MIBiG, including the 13-gene gsfA–K/gsfR1/gsfR2 cluster plus four flanking genes on each side",PKS (Iterative type I),"Griseofulvin pathway centered on a nonreducing iterative type I PKS with three O-methyltransferases, FAD-dependent halogenase, spirocycle-forming P450 and stereospecific SDR reductase",grisans / griseofulvin polyketides,griseofulvin; epidechlorogriseofulvin/dechlorogriseofulvin,chlorinated spirocyclic benzofuranone fungal polyketide,antifungal natural product; native ecological role in P. aethiopicum IBT 5753 not directly tested,10.1016/j.chembiol.2010.03.015,2010.0,Fungal BGC Dossier — M4-FUNG-0024 / BGC0000070
M4-FUNG-0025,BGC0000076,MIBiG,3,NCBITAXON:193393,Hypomyces subiculosus,STR_f4f206913ea4,DSM 11931,193393,EU520417.1,1.0,36275.0,36275.0,"EU520417.1:1–36,275; nine CDSs hpm1–hpm9",PKS (Unknown),"Nine-gene resorcylic-acid-lactone pathway centered on collaborating reducing and nonreducing iterative type I PKSs plus methylation, epoxidation, hydroxylation, redox/isomerization and putative transport functions",hypothemycin / resorcylic acid lactones (RALs),hypothemycin,14-membered resorcylic acid lactone with epoxide/enone functionality,native ecological role unresolved; compound is a covalent kinase inhibitor with strong biomedical activity,10.1128/AEM.00478-08,2008.0,Fungal BGC Dossier — M4-FUNG-0025 / BGC0000076
M4-FUNG-0026,BGC0000077,MIBiG,3,NCBITAXON:193393,Hypomyces subiculosus,STR_b1c598ed1a81,DSM 11932,193393,EU520418.1,1.0,42765.0,42765.0,"EU520418.1:1–42,765; MIBiG displays hpm1–hpm9 plus an additional downstream oxidoreductase CDS (orf10/ACD39769.1)",PKS (Unknown),"Nine-gene resorcylic-acid-lactone pathway centered on collaborating reducing and nonreducing iterative type I PKSs plus methylation, epoxidation, hydroxylation, redox/isomerization and putative transport functions",hypothemycin / resorcylic acid lactones (RALs),hypothemycin,14-membered resorcylic acid lactone with epoxide/enone functionality,native ecological role unresolved; compound is a covalent kinase inhibitor with strong biomedical activity,10.1128/AEM.00478-08,2008.0,Fungal BGC Dossier — M4-FUNG-0026 / BGC0000077
M4-FUNG-0027,BGC0000088,MIBiG,4,NCBITAXON:285217,Aspergillus terreus,STR_149cc8d320df,ATCC 20542 / MF4845,285217,AH007774.2,1.0,55428.0,55428.0,"MIBiG BGC0000088: AH007774.2:1–55,428 with 17 CDSs",PKS (Unknown),Two-polyketide lovastatin pathway: LovB/LovC build the nonaketide decalin core; LovA performs two sequential oxidations; LovF builds the 2-methylbutyryl side chain; LovD transfers that side chain; LovG releases the LovB-bound nonaketide; support/regulatory/resistance genes flank the core,monacolin/statin polyketides,lovastatin,decalin-containing fungal polyketide statin composed of a nonaketide core esterified with a 2-methylbutyryl side chain,native ecological role unresolved; pharmacologically inhibits HMG-CoA reductase after conversion to the active hydroxy-acid form,10.1126/science.284.5418.1368,1999.0,Fungal BGC Dossier — M4-FUNG-0027 / BGC0000088
M4-FUNG-0028,BGC0000089,MIBiG,2,NCBITAXON:33178,Aspergillus terreus,STR_63b7a1de2166,legacy A. terreus lovastatin sequence provenance; exact strain tag not resolved in retired record,33178,AF141925.1,,,,legacy AF141925.1 partial lovastatin-cluster sequence; current functional MIBiG representation contains zero genes for BGC0000089,PKS (Unknown),legacy partial lovastatin-cluster sequence/provenance record; not an independent biochemical pathway from active BGC0000088,lovastatin/statin polyketides,lovastatin,decalin-containing fungal polyketide statin,see active BGC0000088; this retired record adds no independent biological-role evidence,NR,,Fungal BGC Dossier — M4-FUNG-0028 / BGC0000089
M4-FUNG-0029,BGC0000098,MIBiG,3,NCBITAXON:89488,Monascus pilosus,STR_97de6d56b437,BCRC 38072,89488,DQ176595.1,1.0,45000.0,45000.0,"MIBiG: DQ176595.1:1–45,000 containing nine genes mk/mokA–I; the defining BAC study described the putative cluster within an approximately 42-kb region",PKS (Unknown),Nine-gene statin pathway homologous to the Aspergillus lovastatin programme: MokA builds the nonaketide core with trans-enoyl-reductase MokE support; MokC performs oxidative tailoring; MokB builds the diketide side chain; MokF transfers it; MokG/MokI support resistance/recovery and MokH regulates transcription,monacolins/statins,monacolin K (chemically identical to lovastatin),decalin-containing fungal polyketide statin with a 2-methylbutyrate side chain,native ecological role unresolved; monacolin K inhibits HMG-CoA reductase after conversion to/through the hydroxy-acid pharmacophore,10.1021/jf800595k,2008.0,Fungal BGC Dossier — M4-FUNG-0029 / BGC0000098
M4-FUNG-0030,BGC0000099,MIBiG,3.0,NCBITAXON:1077442,Talaromyces marneffei,STR_ece92c4e45ea,PM1,1077442,HM070047.1,1.0,8104.0,8104.0,"MIBiG: HM070047.1:1–8,104, containing only pks3/ADH01663.1",PKS (Unknown),"Five-gene azaphilone/red-pigment programme: nonreducing PKS3 plus pathway regulator RP1, fatty-acid-synthase-related RP2/RP3 and oxidoreductase RP4; pathway branches to monascorubrin/rubropunctatin pigments, ankaflavin and citrinin",azaphilone pigments and pathway-associated polyketides,monascorubrin,azaphilone/polyketide pigment family; citrinin is a separate toxic polyketide branch product within this PM1 programme,diffusible red pigment contributes a conspicuous mold-phase phenotype; native ecological/virulence function remains unresolved,10.1038/srep06728,2014.0,Fungal BGC Dossier — M4-FUNG-0030 / BGC0000099
M4-FUNG-0031,BGC0000101,MIBiG,5,NCBITAXON:227321,Aspergillus nidulans,STR_766db12d4c0d,FGSC A4 / ATCC 38163 / CBS 112.46 / NRRL 194 / M139,227321,BN001308.1,4367684.0,4413245.0,45562.0,"MIBiG displayed region BN001308.1:4,367,684–4,413,245; curated locus 4,379,755–4,404,005 contains 12 CDSs spanning mdpL through mdpA",PKS (Iterative type I),"Subtelomeric emodin/monodictyphenone/prenyl-xanthone programme centered on NR-PKS MdpG, MβL-like thioesterase MdpF, split MdpH decarboxylase/anthrone-oxidase functions, reductive/Baeyer–Villiger remodeling enzymes, cluster regulators MdpE/MdpA, plus distal xanthone prenyltransferases XptA/XptB and dehydrogenase XptC","emodin-family anthraquinones, benzophenones and prenylated xanthones",emodin; monodictyphenone; shamixanthone,NR-PKS-derived anthraquinone → benzophenone → xanthone pathway with late prenylation,prenylated xanthones accumulate in Hülle cells/sexual structures and contribute antifeedant protection against arthropod fungivory,10.1128/AEM.02187-09,2010.0,Fungal BGC Dossier — M4-FUNG-0031 / BGC0000101
M4-FUNG-0032,BGC0000104,MIBiG,4,NCBITAXON:5074,Penicillium brevicompactum,STR_902dd341caca,IBT 23078,5074,HQ731031.1,1.0,33515.0,33515.0,"MIBiG display 1–33,515; curated gene-bearing locus 7,000–32,485 contains eight database CDSs mpaA–mpaH",PKS (Type I),"Meroterpenoid mycophenolic-acid programme: nonreducing PKS MpaC, natural P450–hydrolase fusion MpaDE, membrane prenyltransferase MpaA, ER oxygenase MpaB, cytosolic O-methyltransferase MpaG, peroxisomal acyl-CoA hydrolase MpaH and cluster-local self-resistance IMPDH MpaF; late chain shortening recruits primary peroxisomal β-oxidation",mycophenolic acid / fungal meroterpenoids,mycophenolic acid (MPA),"phthalide-containing meroterpenoid assembled from polyketide and farnesyl-derived components, followed by oxidative side-chain shortening",producer self-protection is directly supported through MpaF/IMPDH-B; broader native ecological role of secreted MPA remains unresolved,10.1128/AEM.03015-10,2011.0,Fungal BGC Dossier — M4-FUNG-0032 / BGC0000104
M4-FUNG-0033,BGC0000107,MIBiG,3,NCBITAXON:227321,Aspergillus nidulans,STR_b4af487e24fc,FGSC A4 / Glasgow wild type,227321,BN001302.1,1116199.0,1162873.0,46675.0,"MIBiG displayed region BN001302.1:1,116,199–1,162,873; candidate locus 1,136,055–1,142,873; sole annotated biosynthetic CDS wA at 1,136,199–1,142,873",PKS (Type I),"Distributed conidial-pigment programme initiated by WA, a nonreducing iterative type I PKS that forms heptaketide naphthopyrone YWA1; distal YA laccase, FwA EthD-domain enzyme and ChaA cytochrome P450 modify the pigment pathway during asexual development",naphtho-γ-pyrones / conidial-wall pigments,YWA1 naphthopyrone (yellow conidial-pigment intermediate),heptaketide naphtho-γ-pyrone precursor feeding a developmentally controlled conidial-pigment pathway,mature green conidial pigmentation protects asexual spores against ultraviolet damage; the exact contribution of YWA1 itself versus downstream pigment is not isolated,10.1007/BF00279362,1992.0,Fungal BGC Dossier — M4-FUNG-0033 / BGC0000107
M4-FUNG-0034,BGC0000120,MIBiG,5,NCBITAXON:27334,Penicillium expansum,STR_f705f0a94320,NRRL 35695,27334,KF899892.1,1.0,40217.0,40217.0,"KF899892.1:1–40,217; gene order patH-patG-patF-patE-patD-patC-patB-patA-patM-patN-patO-patL-patI-patJ-patK",PKS (Iterative type I),"15-gene patulin programme containing 6-MSAS PatK, eight additional pathway enzymes, pathway-specific TF PatL and three transporters; final oxidation occurs extracellularly/cell-wall associated",patulin mycotoxin pathway,patulin,acetate-derived tetraketide mycotoxin / electrophilic lactone-like polyketide,"patulin is not required for infection initiation; its contribution to disease severity is strain/host-context dependent, with cultivar-dependent aggressiveness in NRRL 35695 but no virulence defect reported for patulin-null T01 mutants",10.1016/j.ijfoodmicro.2014.07.028,2014.0,Fungal BGC Dossier — M4-FUNG-0034 / BGC0000120
M4-FUNG-0035,BGC0000121,MIBiG,3,NCBITAXON:1229662,Pestalotiopsis fici,STR_dfe58d0a00ae,W106-1 / CGMCC3.15140,1229662,KC145148.1,1.0,40346.0,40346.0,"MIBiG region 1–40,346; locus annotation begins at ptaA 4,104 and extends through ptaM 40,345/40,346, with 16 named pta genes",PKS (Type I),"Group-V nonreducing iterative PKS / emodin-family pathway diverted to chlorinated diphenyl-ether chemistry by methylation, ring cleavage, halogenation and multicopper oxidative coupling",chlorinated diphenyl ethers / asterric-acid-like metabolites,pestheic acid = RES-1214-2 = dihydromaldoxin,chlorinated diphenyl ether derived from an emodin-family nonreducing-PKS pathway,native ecological role in the tea endophyte unresolved; pestheic acid also serves as a plausible biosynthetic precursor toward chloropupukeanane chemistry in P. fici,10.1002/cbic.201300626,2014.0,Fungal BGC Dossier — M4-FUNG-0035 / BGC0000121
M4-FUNG-0036,BGC0000129,MIBiG,3,NCBITAXON:330879,Aspergillus fumigatus,STR_747359f7f588,Af293,330879,CM000174.1,3531104.0,3578495.0,47392.0,"display CM000174.1:3,531,104–3,578,495; nine-gene locus 3,549,063–3,572,141",PKS (Unknown),"Nine-gene nicotinate-derived fungal meroterpenoid pathway with NR-PKS, prenylation/cyclization, P450 and acetyltransferase tailoring",pyripyropene meroterpenoids,pyripyropene A,nicotinate-derived alpha-pyrone/polyketide–farnesyl meroterpenoid,context-dependent mediator of A. fumigatus fitness in P. aeruginosa dual biofilms and contributor to host interaction/virulence in specific models,10.1038/nchem.764,2010.0,Fungal BGC Dossier — M4-FUNG-0036 / BGC0000129
M4-FUNG-0037,BGC0000134,MIBiG,3,NCBITAXON:280754,Pochonia chlamydosporia,STR_bbe5908162b0,NR in MIBiG display; source culture used in Reeves et al. radicicol work,280754,EU520419.1,1.0,31332.0,31332.0,"EU520419.1:1–31,332 containing rdc1–rdc5",PKS (Unknown),"Five-gene resorcylic-acid-lactone programme: HRPKS Rdc5 supplies a reduced pentaketide to NRPKS Rdc1, which extends/cyclizes/macrolactonizes it; Rdc2 halogenates; Rdc4 is the source-cluster P450 associated with epoxidative tailoring; Rdc3 is an MFS transporter",resorcylic acid lactones / radicicol-monocillin-pochonin family,radicicol (monorden),chlorinated epoxide-containing resorcylic acid macrolactone,native ecological function unresolved,10.1128/AEM.00478-08,2008.0,Fungal BGC Dossier — M4-FUNG-0037 / BGC0000134
M4-FUNG-0038,BGC0000146,MIBiG,3,NCBITAXON:48100,Alternaria solani,STR_484db0346f9f,ASP-2 / AB514562-source lineage; exact strain tag is not displayed by MIBiG/GenBank summary,48100,AB514562.1,1.0,21000.0,21000.0,"MIBiG: AB514562.1:1–21,000; six CDSs sol6-sol5-sol4-sol3-sol2-sol1 spanning 755–20,637",PKS (Unknown),"Six-gene reduced-polyketide/α-pyrone pathway with iterative type I PKS Sol1, O-methyltransferase Sol2, P450 Sol6, bifunctional FAD oxidase/[4+2]-cyclase Sol5, dehydrogenase Sol3 and Zn2Cys6-type pathway regulator Sol4",solanapyrones / bicyclic α-pyrone phytotoxins,"solanapyrone D (MIBiG label); pathway also produces solanapyrones A, B, C and E",reduced polyketide α-pyrones bearing an enzymatically generated decalin-like bicyclic [4+2] cycloadduct,"purified solanapyrone A is phytotoxic, but direct A. solani genetics shows solanapyrones are not required for pathogenicity on tested potato/tomato hosts; native ecological role therefore remains unresolved",10.1002/cbic.201000173,2010.0,Fungal BGC Dossier — M4-FUNG-0038 / BGC0000146
M4-FUNG-0039,BGC0000152,MIBiG,3,NCBITAXON:162425,Aspergillus nidulans,STR_a3f02602b642,FGSC A4 / NRRL 194 lineage represented by the canonical U34740 cluster literature,162425,U34740.1,1.0,59725.0,59725.0,"MIBiG U34740.1:1–59,725. Current MIBiG gene table lists 17 CDSs, while the defining 1996 study reports 25 coregulated transcripts across the ~60-kb cluster.",PKS (Unknown),"Large sterigmatocystin/aflatoxin-family pathway on chromosome IV containing PKS StcA, dedicated FAS StcJ/StcK, many redox/tailoring enzymes, O-methyltransferase StcP, pathway-specific TF AflR and additional coregulated stc genes",sterigmatocystin/aflatoxin-family aromatic polyketides,sterigmatocystin,xanthone-like bisfuran mycotoxin derived from an aromatic polyketide,native producer ecological function unresolved,10.1073/pnas.93.4.1418,1996.0,Fungal BGC Dossier — M4-FUNG-0039 / BGC0000152
M4-FUNG-0040,BGC0000154,MIBiG,4,NCBITAXON:441959,Talaromyces stipitatus,STR_e91c15f0527e,ATCC 10500 / CBS 375.48 / QM 6759 / NRRL 1006,441959,EQ962655.1,1793486.0,1841545.0,48060.0,"MIBiG display EQ962655.1:1,793,486–1,841,545; knockout-supported locus 1,805,625–1,837,759",PKS (Iterative type I),Fungal tropolone pathway: TropA NR-PKS forms an aromatic aldehyde; TropB dearomatizes it; TropC Fe(II)/2-oxoglutarate dioxygenase expands the ring to a seven-membered tropolone; TropD–J elaborate the nucleus to stipitatic acid,fungal tropolones / stipitatic-acid family,stipitatic acid,tropolone carboxylic acid with a non-benzenoid seven-membered aromatic ring,native ecological function unresolved,10.1073/pnas.1201469109,2012.0,Fungal BGC Dossier — M4-FUNG-0040 / BGC0000154
M4-FUNG-0041,BGC0000155,MIBiG,2,NCBITAXON:665024,Bipolaris maydis,STR_5960a40ac7f6,C4 / ATCC 48331 / Race T,665024,NR,,,,retired MIBiG entry has no useful single gene region,PKS,"Distributed host-selective linear-polyketide virulence programme requiring two fully reducing iterative PKSs plus decarboxylase, reductases/dehydrogenases and accessory functions across two unlinked Tox1 loci",T-toxin host-selective linear polyketides,T-toxin family; major C41 component,long-chain linear polyketide/polyol host-selective toxins,direct host-selective virulence effector responsible for Race-T supervirulence on T-cms maize,10.1105/tpc.8.11.2139,1996.0,Fungal BGC Dossier — M4-FUNG-0041 / BGC0000155
M4-FUNG-0042,BGC0000156,MIBiG,5,NCBITAXON:380704,Aspergillus niger,STR_73c0ec11d324,ATCC 1015 / USDA 3528.7,380704,JN257714.1,1.0,13275.0,13275.0,"MIBiG JN257714.1:1–13,275, containing adaR, adaD, adaC, adaB and adaA",PKS (Iterative type I),"Five-gene fungal naphthacenedione/anhydrotetracycline programme: Zn2Cys6 regulator AdaR, O-methyltransferase AdaD, FAD monooxygenase AdaC, trans-acting metallo-β-lactamase-type thioesterase/Claisen cyclase AdaB and nonreducing iterative type I PKS AdaA; adjacent MFS transporter AdaE contributes to recovery/tolerance",fungal naphthacenediones / anhydrotetracycline-like aromatic polyketides,TAN-1612,linear tetracyclic naphthacenedione/anhydrotetracycline scaffold generated from a decaketide,native ecological function unresolved,10.1021/ja206906d,2011.0,Fungal BGC Dossier — M4-FUNG-0042 / BGC0000156
M4-FUNG-0043,BGC0000160,MIBiG,3,NCBITAXON:341663,Aspergillus terreus,STR_2e00699a4c40,NIH 2624 / FGSC A1156,341663,CH476602.1,77508.0,124648.0,47141.0,"MIBiG display CH476602.1:77,508–124,648; gene-bearing region 89,034–116,126 also includes ATEG_06279",PKS (Unknown),"Eight-gene 6-methylsalicylic-acid-derived epoxyquinone programme: AtX PKS, AtA monooxygenase, AtC GMC oxidoreductase, AtD cyclooxygenation enzyme, P450 AtE plus helper AtG, regulator AtF and MFS transporter AtB",epoxyquinones / 6-MSA-derived polyketides,terreic acid,quinone epoxide derived from 6-methylsalicylic acid,native ecological role unresolved,10.1021/ol502242a,2014.0,Fungal BGC Dossier — M4-FUNG-0043 / BGC0000160
M4-FUNG-0044,BGC0000161,MIBiG,4,NCBITAXON:341663,Aspergillus terreus,STR_2e00699a4c40,NIH 2624 / FGSC A1156,341663,CH476594.1,399827.0,452585.0,52759.0,"MIBiG displayed region CH476594.1:399,827–452,585; evidence-supported locus 399,827–432,585 encompassing ATEG_00135–00145",PKS (Iterative type I),Eleven-gene terrein programme: NR-PKS TerA plus trans-acting PKS-like ketoreductase TerB; FAD monooxygenases TerC/TerD; oxidases TerE/TerF; MFS transporters TerG/TerJ; accessory TerH/TerI; pathway-specific Zn2Cys6 regulator TerR,terrein / terrein-derived cyclopentenones and 6-hydroxymellein-related polyketides,terrein in the experimental literature; MIBiG currently labels isoterrein,cyclopentenone polyketide derived from a 6-hydroxymellein intermediate,"direct evidence supports multiple context-dependent ecological functions: phytotoxic lesion formation/seed-germination inhibition, moderate antifungal competition, and ferric-to-ferrous iron reduction that supports iron acquisition when siderophore function is compromised",10.1016/j.chembiol.2014.03.010,2014.0,Fungal BGC Dossier — M4-FUNG-0044 / BGC0000161
M4-FUNG-0045,BGC0000168,MIBiG,5,NCBITAXON:36650,Penicillium aethiopicum,STR_b3860c04c382,IBT 5753,36650,GU574477.1,1.0,51400.0,51400.0,"GU574477.1:1–51,400; current MIBiG display includes 22 CDS features",PKS (Iterative type I),"tetracycline-like meroterpenoid programme: NRPKS VrtA plus trans-thioesterase/cyclase, prenylation/GPP supply, P450 oxidations/cyclization, methylation, oxygenation, regulation and transport",viridicatumtoxin tetracycline-like meroterpenoids,viridicatumtoxin,geranylated naphthacenedione carboxamide / meroterpenoid,native ecological role unresolved,10.1016/j.chembiol.2010.03.015,2010.0,Fungal BGC Dossier — M4-FUNG-0045 / BGC0000168
M4-FUNG-0046,BGC0000170,MIBiG,3,NCBITAXON:380704,Aspergillus niger ATCC 1015,STR_e1d4862354db,ATCC 1015,380704,ACJE01000012.1,13804.0,59143.0,45340.0,"ACJE01000012.1:13,804–59,143; seed evidence locus 25,033–49,030",PKS (Unknown),"10-gene 6-MSA-derived meroterpenoid pathway with PKS, decarboxylation, P450/oxidoreductive tailoring, prenylation, O-mevalon transfer, final oxidation and regulator",yanuthone meroterpenoids,yanuthone D,6-MSA-derived farnesylated/mevalonylated meroterpenoid,native ecological role unresolved,10.1016/j.chembiol.2014.01.013,2014.0,Fungal BGC Dossier — M4-FUNG-0046 / BGC0000170
M4-FUNG-0047,BGC0000292,MIBiG,4,NCBITAXON:341663,Aspergillus terreus NIH2624,STR_b142bedb3ed6,NIH2624,341663,CH476597.1,1879920.0,1924643.0,44724.0,"CH476597.1:1,879,920–1,924,643; evidence locus 1,891,389–1,919,011",NRPS (Type I),"epipolythiodioxopiperazine (ETP) NRPS pathway with sulfur incorporation, oxidation/reduction, acetylation, oxepine formation and transport",epipolythiodioxopiperazines / aranotin family,acetylaranotin,"sulfur-bridged diketopiperazine with 4,5-dihydrooxepine ring",native ecological role unresolved,10.1021/ja3123653,2013.0,Fungal BGC Dossier — M4-FUNG-0047 / BGC0000292
M4-FUNG-0048,BGC0000293,MIBiG,3,NCBITAXON:331117,Aspergillus fischeri NRRL 181,STR_004e1d588a3f,NRRL 181,331117,DS027698.1,2408387.0,2455518.0,47132.0,"MIBiG display DS027698.1:2,408,387–2,455,518; evidence locus 2,428,387–2,441,151",NRPS (Type I),"three-gene benzodiazepinedione alkaloid pathway: bimodular NRPS AnaPS, reverse prenyltransferase AnaPT and acetyltransferase AnaAT",prenylated benzodiazepinedione alkaloids,acetylaszonalenin,reverse-prenylated anthranilate/tryptophan-derived NRPS alkaloid,native ecological role unresolved,10.1074/jbc.M807303200,2009.0,Fungal BGC Dossier — M4-FUNG-0048 / BGC0000293
M4-FUNG-0049,BGC0000304,MIBiG,4,NCBITAXON:298378,Fusarium incarnatum,STR_6e8260c37ae6,KCTC16676 (reported as Fusarium semitectum in primary study),298378,GQ331953.1,1.0,63164.0,63164.0,"GQ331953.1:1–63,164 with MIBiG aps2–aps11 and aps1",NRPS (Type I),"cyclic tetrapeptide pathway with tetramodular NRPS Aps1, TF Aps2, pipecolate/Aoda/N-methoxytryptophan precursor modules, oxidations and putative efflux",apicidin cyclic tetrapeptides,apicidin,cyclic tetrapeptide HDAC inhibitor,native ecological/virulence role unresolved for source producer,10.1111/j.1365-2958.2010.07109.x,2010.0,Fungal BGC Dossier — M4-FUNG-0049 / BGC0000304
M4-FUNG-0050,BGC0000307,MIBiG,4,NCBITAXON:5580,Aureobasidium pullulans,STR_0cd761a31a62,BP-1938 in gene-cloning study; aureobasidin A originally isolated from strain R106,5580,EU886741.1,1.0,35683.0,35683.0,"EU886741.1:1–35,683; aba1 ORF 506–35,485 in current MIBiG",NRPS (Type I),single giant nine-module cyclic depsipeptide synthetase aba1,aureobasidin cyclic depsipeptides,AbT1 / aureobasidin A,cyclic nonapeptide/depsipeptide containing eight amino-acid residues and one hydroxy-acid residue,native ecological role unresolved,10.1016/j.gene.2008.11.011,2009.0,Fungal BGC Dossier — M4-FUNG-0050 / BGC0000307
M4-FUNG-0051,BGC0000312,MIBiG,4,NCBITAXON:176275,Beauveria bassiana,STR_3a9489f6a727,bassianolide-producing B. bassiana strain used by Xu et al.; exact MIBiG strain label NR,176275,FJ439897.1,1.0,41205.0,41205.0,"FJ439897.1:1–41,205; bbBsls core at 21,245–30,685 in current MIBiG",NRPS (Type I),single directly causal iterative cyclooligomer depsipeptide synthetase bbBsls embedded in a broader genomic neighborhood,bassianolide cyclooligomer depsipeptides,bassianolide,cyclic octadepsipeptide formed by four repeats of a D-Hiv/L-Leu dipeptidol unit,"highly significant insect virulence factor, but not necessarily indispensable for infection",10.1016/j.fgb.2009.03.001,2009.0,Fungal BGC Dossier — M4-FUNG-0051 / BGC0000312
M4-FUNG-0052,BGC0000313,MIBiG,4,NCBITAXON:176275,Beauveria bassiana,STR_f70fa49c01c6,B. bassiana producer used in Xu et al. 2008,176275,EU886196.1,1.0,33475.0,33475.0,"EU886196.1:1–33,475 with ten displayed CDSs",NRPS (Type I),iterative cyclic depsipeptide synthetase bbBeas plus adjacent ketoisovalerate reductase kivr for D-Hiv precursor supply,beauvericin cyclodepsipeptides,beauvericin,cyclic hexadepsipeptide ionophore composed of three N-methyl-Phe/D-Hiv dipeptidol repeats,highly significant but not indispensable insect virulence factor,10.1016/j.chembiol.2008.07.011,2008.0,Fungal BGC Dossier — M4-FUNG-0052 / BGC0000313
M4-FUNG-0053,BGC0000317,MIBiG,4,NCBITAXON:857340,Hapsidospora chrysogena ATCC 11550,STR_26544acb31e8,ATCC 11550,857340,JPKY01000002.1,71175.0,98055.0,26881.0,"retired historical seed locus JPKY01000002.1:71,175–98,055; current MIBiG gene table is empty",NRPS (Type I),"early cephalosporin-C programme: ACV NRPS pcbAB, IPN synthase pcbC, peroxisomal epimerization cefD1/cefD2, membrane transport cefP/cefM/cefT and regulator cefR",beta-lactam penicillin/cephalosporin pathway,cephalosporin C at whole-programme level; early-locus terminal intermediate is penicillin N,beta-lactam antibiotic pathway,native ecological function unresolved; industrial antibacterial production is well established,10.1128/jb.173.7.2354-2365.1991,1991.0,Fungal BGC Dossier — M4-FUNG-0053 / BGC0000317
M4-FUNG-0054,BGC0000318,MIBiG,2,NCBITAXON:857340,Hapsidospora chrysogena ATCC 11550,STR_00e4a586b5e3,ATCC11550 / classical C. acremonium/A. chrysogenum cephalosporin producer lineage,857340,JPKY01000040.1,130387.0,136157.0,5771.0,"retired historical seed locus JPKY01000040.1:130,387–136,157; current MIBiG gene table empty",NRPS (Type I),late beta-lactam tailoring locus with bifunctional 2OG oxygenase CefEF and acetyl-CoA-dependent O-acetyltransferase CefG,cephalosporin beta-lactam pathway,cephalosporin C,beta-lactam cephalosporin,native ecological role unresolved,10.1016/s0006-291x(05)80772-7,1992.0,Fungal BGC Dossier — M4-FUNG-0054 / BGC0000318
M4-FUNG-0055,BGC0000321,MIBiG,4,NCBITAXON:1934374,Achaetomiella virescens,,NR,1934374,KF496217.1,1.0,43979.0,43979.0,"KF496217.1:1–43,979; 15 displayed CDSs",NRPS (Type I),epidithiodiketopiperazine NRPS cluster with sulfur-installation/redox/tailoring candidates and a proposed dimerization P450,epidithiodiketopiperazine (ETP),chaetocin,dimeric sulfur-rich diketopiperazine alkaloid,native producer ecological function unresolved,10.1002/cbic.201300513,2013.0,Fungal BGC Dossier — M4-FUNG-0055 / BGC0000321
M4-FUNG-0056,BGC0000334,MIBiG,4,NCBITAXON:29910,Tolypocladium inflatum NRRL 8044,STR_df3d58671b10,NRRL 8044 / ATCC 34921 lineage,29910,QEPI01000018.1,1269514.0,1380001.0,110488.0,"QEPI01000018.1:1,269,514–1,380,001; locus annotation 1,270,402–1,378,084",NRPS (Type I),12-gene cyclosporin programme (simA–simL) embedded within a broader 20-CDS NRPS/T1PKS database window,cyclosporins,cyclosporin A,cyclic undecapeptide NRPS product,promotes environmental adaptation through antifungal competition and contributes to insect infection fitness,10.1371/journal.pgen.1003496,2013.0,Fungal BGC Dossier — M4-FUNG-0056 / BGC0000334
M4-FUNG-0057,BGC0000337,MIBiG,4,NCBITAXON:655844,Metarhizium robertsii ARSEF 23,STR_46b299cf944c,ARSEF 23,655844,GL698760.1,1.0,106198.0,106198.0,"GL698760.1:1–106,198; 21 displayed CDSs",NRPS (Type I),four-gene destruxin core DtxS1–DtxS4 embedded in a 21-CDS MIBiG window,destruxins,destruxin A,cyclic depsipeptide,suppresses insect immunity; contribution to whole-animal lethality is context-dependent,10.1073/pnas.1115983109,2012.0,Fungal BGC Dossier — M4-FUNG-0057 / BGC0000337
M4-FUNG-0058,BGC0000338,MIBiG,4,ORG_d1a8dbb0ed6b,Aspergillus pachycristatus NRRL 11440,STR_cdc5f50b4563,NRRL 11440,UNCERTAIN,JX421684.1,,,,JX421684.1 local ecd locus; exact current retired display interval not retained in dossier,NRPS (Type I),continuous echinocandin-B Ecd/Hty lipohexapeptide biosynthetic cluster; historically assembled as a 12-gene ecd subcluster plus separate hty precursor subcluster,echinocandins,echinocandin B,lipidated cyclic hexapeptide,antifungal natural product; native ecological role unresolved,10.1021/ja307220z,2012.0,Fungal BGC Dossier — M4-FUNG-0058 / BGC0000338
M4-FUNG-0059,BGC0000342,MIBiG,4,NCBITAXON:61235,Fusarium equiseti,STR_11c2acca18ae,historical Fusarium scirpi producer in defining esyn1 paper,61235,Z18755.3,1.0,10934.0,10934.0,"Z18755.3:1–10,934; esyn1 at 1,021–10,416",NRPS (Type I),single-gene iterative/multifunctional N-methyl depsipeptide synthetase record,enniatins,enniatin,cyclic N-methyl depsipeptide,native ecological role unresolved,10.1111/j.1365-2958.1993.tb01181.x,1993.0,Fungal BGC Dossier — M4-FUNG-0059 / BGC0000342
M4-FUNG-0060,BGC0000348,MIBiG,4,NCBITAXON:73839,Epichloe festucae var. lolii,STR_478d98c717f6,E. festucae Fl1 / N. lolii Lp19-related endophyte material,73839,EF125025.1,1.0,19379.0,19379.0,"EF125025.1:1–19,379; six displayed genes",NRPS (Type I),"partial ergot-alkaloid EAS segment containing lpsB and early-pathway genes, linked to additional essential genes such as lpsA/dmaW/cloA outside the displayed segment",ergot alkaloids / ergopeptines,ergovaline,ergopeptine alkaloid,grass-endophyte ergot-alkaloid programme contributes herbivore deterrence while ergovaline itself is a livestock toxin; 2021 AR5 genetics shows deterrence can persist through pathway intermediates in the absence of ergovaline,10.1128/AEM.00257-07,2007.0,Fungal BGC Dossier — M4-FUNG-0060 / BGC0000348
M4-FUNG-0061,BGC0000355,MIBiG,5,NCBITAXON:330879,Aspergillus fumigatus Af293,STR_747359f7f588,Af293,330879,CM000174.1,3010494.0,3035305.0,24812.0,"CM000174.1:3,010,494–3,035,305 (five genes); generated antiSMASH view is broader than the evidence locus",NRPS (Type I),five-gene fumiquinazoline locus with two NRPSs and two FAD enzymes; developmentally controlled by BrlA outside the BGC,fumiquinazolines,fumiquinazoline C,peptidyl quinazolinone alkaloids,conidia-borne specialized metabolite contributing to phagocytosis protection,10.1021/bi100198y,2010.0,Fungal BGC Dossier — M4-FUNG-0061 / BGC0000355
M4-FUNG-0062,BGC0000357,MIBiG,5,NCBITAXON:500485,Penicillium rubens Wisconsin 54-1255,STR_6981fd9080b0,Wisconsin 54-1255 / industrial P. chrysogenum lineage,500485,AM920431.1,1080827.0,1099362.0,18536.0,"AM920431.1:1,080,827–1,099,362; one gene Pc16g04690/hcpA",NRPS (Type I),single giant noncanonical tetra-modular NRPS with microheterogeneous substrate selection and a trans-acting adenylation-domain architecture,fungisporin-related hydrophobic cyclic tetrapeptides,cyclo-(D-Phe-L-Phe-D-Val-L-Val) / fungisporin-family product,cyclic tetrapeptide NRP,native ecological function unresolved; ΔhcpA changes colony surface morphology,10.1371/journal.pone.0098212,2014.0,Fungal BGC Dossier — M4-FUNG-0062 / BGC0000357
M4-FUNG-0063,BGC0000361,MIBiG,5,NCBITAXON:330879,Aspergillus fumigatus Af293,STR_747359f7f588,Af293,330879,AAHF01000006.1,1028363.0,1054627.0,26265.0,"historical interval AAHF01000006.1:1,028,363–1,054,627; MIBiG now retired because the entry is spread across multiple contigs",NRPS (Type I),"ETP gliotoxin programme with NRPS scaffold synthesis, sulfur installation/processing, methylation, P450 chemistry, regulation, transport and self-protection",epipolythiodioxopiperazines (ETPs),gliotoxin,sulfur-rich diketopiperazine toxin,immunomodulatory/cytotoxic metabolite; contribution to virulence is model- and context-dependent,10.1016/j.femsle.2005.05.046,2005.0,Fungal BGC Dossier — M4-FUNG-0063 / BGC0000361
M4-FUNG-0064,BGC0000370,MIBiG,3,NCBITAXON:5017,Bipolaris zeicola,STR_bdf182b64ba6,Cochliobolus carbonum race 1 strain SB111 / current Bipolaris zeicola lineage,5017,M98024.2,,,,MIBiG partial historical sequence M98024.2; not a biologically meaningful complete interval,NRPS (Type I),"large duplicated host-selective toxin superlocus (TOX2) containing NRPS scaffold, Aeo-precursor, export and transcriptional-regulatory functions",host-selective cyclic peptide toxins,HC-toxin,epoxide-containing cyclic tetrapeptide,critical host-selective virulence determinant on susceptible maize,10.1006/fgbi.2001.1305,2002.0,Fungal BGC Dossier — M4-FUNG-0064 / BGC0000370
M4-FUNG-0065,BGC0000372,MIBiG,5,NCBITAXON:330879,Aspergillus fumigatus Af293,STR_747359f7f588,Af293,330879,CM000171.1,3423866.0,3446129.0,22264.0,"evidence locus CM000171.1:3,423,866–3,446,129; current generated MIBiG region is broader (3,410,194–3,456,923)",NRPS (Type I),"eight-gene iron-complexed NRPS/indole programme with two C6 transcription factors, transporter, O-methyltransferase, NRPS, DMATS, FAD oxidase and P450",iron-complexed tryptophan-derived NRPS metabolites,hexadehydroastechrome,NRPS-derived Fe(III)-binding tryptophan-derived metabolite,perturbs fungal iron homeostasis and can increase pathogenic fitness/virulence when overproduced,10.1021/ja311145n,2013.0,Fungal BGC Dossier — M4-FUNG-0065 / BGC0000372
M4-FUNG-0066,BGC0000404,MIBiG,4,NCBITAXON:5076,Penicillium chrysogenum,STR_09b31bf6cd66,industrial P. chrysogenum high-producing lineages including AS-P-78/E1 compared with low producers,5076,DQ192518.1,1.0,56820.0,56820.0,"DQ192518.1:1–56,820",NRPS (Type I),56.8-kb tandemly amplifiable industrial penicillin region containing the three-gene catalytic core plus 13 neighboring ORFs,penicillins / beta-lactams,penicillin,beta-lactam antibiotic,antibacterial natural product; this industrial record does not establish producer ecological function,10.1016/j.fgb.2006.03.001,2006.0,Fungal BGC Dossier — M4-FUNG-0066 / BGC0000404
M4-FUNG-0067,BGC0000405,MIBiG,5,NCBITAXON:5076,Penicillium chrysogenum,STR_5f125389293b,Wisconsin 54-1255,5076,EF601124.1,1.0,59497.0,59497.0,"EF601124.1:1–59,497; direct core pcbAB 25,677–37,052, pcbC 38,068–39,063, penDE 40,561–41,835",NRPS (Type I),three-gene beta-lactam catalytic core within a broader genomic window,penicillins / beta-lactams,benzylpenicillin / penicillin G under phenylacetate feeding,beta-lactam antibiotic,antibacterial natural-product chemistry; native producer ecology not resolved by these engineering studies,10.1016/j.fgb.2007.03.008,2007.0,Fungal BGC Dossier — M4-FUNG-0067 / BGC0000405
M4-FUNG-0068,BGC0000420,MIBiG,5,NCBITAXON:500485,Penicillium rubens Wisconsin 54-1255,STR_1f063130bc5d,Wisconsin 54-1255 / DS54555 lineage,500485,AM920436.1,3630720.0,3678739.0,48020.0,"AM920436.1:3,630,720–3,678,739 (48,020 bp current MIBiG display); the experimentally supported seven-gene roq locus is nested within this broader window.",NRPS (Type I),"seven-gene branched diketopiperazine alkaloid pathway with NRPS, prenyltransferase, two P450/oxidative enzymes, monooxygenase, methyltransferase and transporter",roquefortine/meleagrine diketopiperazine alkaloids,meleagrine,prenylated histidyl-tryptophanyl diketopiperazine alkaloids,native ecological function unresolved,10.1371/journal.pone.0065328,2013.0,Fungal BGC Dossier — M4-FUNG-0068 / BGC0000420
M4-FUNG-0069,BGC0000442,MIBiG,5,NCBITAXON:227321,Aspergillus nidulans FGSC A4,STR_6975332a6196,FGSC A4,227321,BN001305.1,712113.0,755025.0,42913.0,"BN001305.1:712,113–755,025 (42,913 bp current MIBiG display); the experimentally reconstructed tdiA–tdiE evidence locus spans 732,113–741,871 within this broader window.",NRPS (Type I),"five-gene bis-indole quinone pathway: aminotransferase, unusual NRPS-like dimerization enzyme, quinone reductase, prenyltransferase and essential accessory protein",asterriquinone/terrequinone bis-indole quinones,terrequinone A,prenylated bis-indolyl quinone,native ecological role unresolved,10.1038/nchembio.2007.20,2007.0,Fungal BGC Dossier — M4-FUNG-0069 / BGC0000442
M4-FUNG-0070,BGC0000456,MIBiG,2,NCBITAXON:1756136,Lecanicillium sp. HF627,STR_2806a31aac2b,HF627,1756136,AB862312.1,,,,legacy AB862312.1 record; exact retired MIBiG interval not retained,NRPS (Type I),"four-gene cyclic lipopeptide programme with NRPS, fatty-acid hydroxylase, thioesterase and AMP-dependent ligase",verlamelin cyclic lipopeptides,verlamelin,cyclic lipopeptide / lipo-depsipeptide,antifungal natural product; native producer ecological function unresolved,10.1007/s00253-014-5803-7,2014.0,Fungal BGC Dossier — M4-FUNG-0070 / BGC0000456
M4-FUNG-0071,BGC0000627,MIBiG,4,NCBITAXON:332952,Aspergillus flavus NRRL3357,STR_f39193467183,NRRL3357,332952,EQ963480.1,1589310.0,1630232.0,40923.0,"EQ963480.1:1,589,310–1,630,232 (40,923 bp current MIBiG display); the 19-CDS evidence locus spans 1,600,261–1,628,555 within this broader region.",ribosomal (RiPP),"fungal dikaritin/RiPP cluster centered on repeat-containing precursor UstA, cluster regulator UstR and oxidative/proteolytic tailoring enzymes",ustiloxins / fungal RiPP dikaritins,ustiloxin B,ribosomally synthesized and post-translationally modified cyclic peptide,plant-associated mycotoxin; native producer ecological role not fully resolved,10.1016/j.fgb.2014.04.011,2014.0,Fungal BGC Dossier — M4-FUNG-0071 / BGC0000627
M4-FUNG-0072,BGC0000629,MIBiG,2,NCBITAXON:5059,Aspergillus flavus,STR_5b3b13de1857,aflatrem-producing A. flavus strain used in ATM studies,5059,AY559849.2,,,,retired legacy AY559849.2 ATM1 representation,terpene (Unknown),split indole-diterpene pathway with ATM1 (atmG/C/M) and ATM2 (atmD/Q/B/A/P) on separate chromosomes,indole-diterpene tremorgens,aflatrem,indole-diterpene,tremorgenic mycotoxin; producer ecological role unresolved,10.1128/AEM.70.11.6875-6883.2004,2004.0,Fungal BGC Dossier — M4-FUNG-0072 / BGC0000629
M4-FUNG-0073,BGC0000631,MIBiG,5,NCBITAXON:332648,Botrytis cinerea B05.10,STR_6d2ad3cc06bd,B05.10,332648,CP009816.1,2216500.0,2246000.0,29501.0,CP009816.1:2216500-2246000,terpene (Sesquiterpene),"botryane sesquiterpene pathway with clustered cyclase, P450 tailoring, acetyltransferase and local regulatory/accessory genes",botryane/probotryane sesquiterpenoids,botrydial,sesquiterpenoid phytotoxin,non-host-specific phytotoxin; contribution to virulence is strain/context dependent,10.1021/cb800225v,2008.0,Fungal BGC Dossier — M4-FUNG-0073 / BGC0000631
M4-FUNG-0074,BGC0000667,MIBiG,3,NCBITAXON:1365484,Penicillium roqueforti FM164,STR_9fa368f16f65,FM164,1365484,HG792016.1,3342234.0,3350182.0,7949.0,HG792016.1:3342234-3350182; MIBiG visualization 3334897-3356025,terpene (Unknown),eremophilane sesquiterpenoid mycotoxin pathway initiated by aristolochene synthase,eremophilane sesquiterpenoid mycotoxins,PR-toxin,bicyclic eremophilane sesquiterpenoid,potent mycotoxin with food/feed safety relevance; ecological function unresolved,10.1016/j.fgb.2013.10.009,2014.0,Fungal BGC Dossier — M4-FUNG-0074 / BGC0000667
M4-FUNG-0075,BGC0000673,MIBiG,3,NCBITAXON:227321,Aspergillus nidulans FGSC A4,STR_6975332a6196,FGSC A4,227321,BN001307.1,1218831.0,1240198.0,21368.0,"BN001307.1:1,218,831–1,240,198 current generated MIBiG region; MIBiG locus annotation highlights BN001307.1:1,224,169–1,233,265, whereas the original expression-defined programme extends across AN1592–AN1599 and potentially AN1591.",terpene (Unknown),PbcR-regulated labdane-related diterpenoid/isopimarane pathway containing a cluster-local GGPP synthase and bifunctional class II/class I diterpene cyclase,isopimarane / labdane-related diterpenoids,dipleosmarane and associated isopimarane diterpenoids under modern high-sensitivity cluster activation,diterpenoids / isopimaranes,unknown; plant-saprophytic relevance has been hypothesized for related Aspergillus isopimaranes but is not experimentally established for this programme,10.1371/journal.pone.0035450,2012.0,Fungal BGC Dossier — M4-FUNG-0075 / BGC0000673
M4-FUNG-0076,BGC0000676,MIBiG,5,NCBITAXON:1979465,Neocamarosporium betae (historically Phoma betae),STR_f036b7a54c5b,aphidicolin-producing Phoma betae strain used in defining studies; exact culture-collection identifier NR,1979465,AB114137.1,1.0,15629.0,15629.0,"AB114137.1:1–15,629; six-ORF region cloned by PCR genome walking from PbACS",terpene (Diterpene),"compact aphidicolane diterpene pathway with cluster-local GGPP synthase, diterpene cyclase, two P450 monooxygenases, transporter and pathway-specific transcription factor",aphidicolane diterpenoids,aphidicolin,tetracyclic diterpenoid,native ecological role unresolved; aphidicolin is a potent inhibitor of eukaryotic DNA polymerase α,10.1271/bbb.68.146,2004.0,Fungal BGC Dossier — M4-FUNG-0076 / BGC0000676
M4-FUNG-0077,BGC0000680,MIBiG,2,NCBITAXON:227321,Aspergillus nidulans FGSC A4,,,227321,BN001305.1,,,,"legacy MIBiG locus BN001305.1:293,945–314,538; functional biosynthetic programme is split across two loci on separate chromosomes",,split fungal meroterpenoid pathway combining a DMOA polyketide module with a physically separate prenylation/cyclization/tailoring module,DMOA-derived meroterpenoids,austinol; dehydroaustinol,,NR,10.1021/ja209809t,2012.0,Fungal BGC Dossier — M4-FUNG-0077 / BGC0000680
M4-FUNG-0078,BGC0000682,MIBiG,,NCBITAXON:341663,Aspergillus terreus NIH2624,,,341663,,,,,"CH476609.1:364,196–391,519",,DMOA-derived fungal meroterpenoid pathway; mechanistically polyketide + farnesyl-derived terpene chemistry despite legacy terpene class,,terretonin,,,10.1021/ol302682z,,Fungal BGC Dossier — M4-FUNG-0078 / BGC0000682
M4-FUNG-0079,BGC0000684,MIBiG,,NCBITAXON:227321,Aspergillus nidulans FGSC A4,,,227321,,,,,"BN001301.1:1,533,932–1,555,677",,,,asperthecin,,,10.1128/AEM.01743-08,,Fungal BGC Dossier — M4-FUNG-0079 / BGC0000684
M4-FUNG-0080,BGC0000685,MIBiG,,NCBITAXON:622360,Alternaria brassicicola ATCC 96836,,,622360,,,,,"ACIW01000469.1; current generated MIBiG region 28,921 bp on contig edge",,"fusicoccane-type diterpenoid cluster with terpene cyclase, P450s, dioxygenase, methyltransferase and redox tailoring",,brassicicene C,,,10.1016/j.bmcl.2008.12.052,,Fungal BGC Dossier — M4-FUNG-0080 / BGC0000685
M4-FUNG-0081,BGC0000686,MIBiG,,NCBITAXON:330879,Aspergillus fumigatus Af293,,,330879,,,,,"CM000172.1:3,892,066–3,908,342",,fusidane/steroidal antibiotic triterpenoid pathway initiated by oxidosqualene cyclization and extensive P450/SDR/acyltransferase tailoring,,helvolic acid,,,10.1021/ja8095976,,Fungal BGC Dossier — M4-FUNG-0081 / BGC0000686
M4-FUNG-0082,BGC0000687,MIBiG,,NCBITAXON:1214568,Diaporthe amygdali (historical paper: Phomopsis amygdali),,,1214568,,,,,"AB254158.1; current MIBiG generated region 25,841 bp",,,,phyllocladan-16α-ol,,,10.1271/bbb.70790,,Fungal BGC Dossier — M4-FUNG-0082 / BGC0000687
M4-FUNG-0083,BGC0000688,MIBiG,,NCBITAXON:1214568,Diaporthe amygdali (historical paper: Phomopsis amygdali),,,1214568,,,,,"AB254160.1; current MIBiG generated region 13,785 bp",,,,(+)-copalyl diphosphate,,,10.1271/bbb.70790,,Fungal BGC Dossier — M4-FUNG-0083 / BGC0000688
M4-FUNG-0084,BGC0000811,MIBiG,,NCBITAXON:330879,Aspergillus fumigatus Af293,,,330879,,,,,"AAHF01000001.1:2,907,012–2,929,163",,"fungal ergot-alkaloid pathway initiated by dimethylallyltryptophan synthesis and completed by late oxidation, acetylation and reverse prenylation",,fumigaclavine C,,,,,Fungal BGC Dossier — M4-FUNG-0084 / BGC0000811
M4-FUNG-0085,BGC0000812,MIBiG,,NCBITAXON:665115,Shiraia sp. Slf14,,,665115,KF915812.1,,,,,,,,huperzine A,,,,,Fungal BGC Dossier — M4-FUNG-0085 / BGC0000812
M4-FUNG-0086,BGC0000815,MIBiG,,NCBITAXON:5050,Epichloë uncinata (historical literature: Neotyphodium uncinatum),,,5050,,,,,"AY723749.1; current MIBiG region 25,344 bp",,,,loline; N-acetylnorloline; N-formylloline,,anti-insect chemical defense supplied by grass endophyte to host plant,,,Fungal BGC Dossier — M4-FUNG-0086 / BGC0000815
M4-FUNG-0087,BGC0000816,MIBiG,,NCBITAXON:78605,Malbranchea aurantiaca,,,78605,,,,,"JQ708193.1; current MIBiG region 20,179 bp",,,,malbrancheamide A,,,,,Fungal BGC Dossier — M4-FUNG-0087 / BGC0000816
M4-FUNG-0088,BGC0000818,MIBiG,,NCBITAXON:46472,Aspergillus versicolor,,,46472,,,,,"JQ708194.1; current MIBiG region 43,815 bp",,,,notoamide A,,,,,Fungal BGC Dossier — M4-FUNG-0088 / BGC0000818
M4-FUNG-0089,BGC0000819,MIBiG,,NCBITAXON:70095,Penicillium fellutanum,,,70095,,,,,"JQ708195.1; current MIBiG region 47,884 bp",,,,paraherquamide,,,,,Fungal BGC Dossier — M4-FUNG-0089 / BGC0000819
M4-FUNG-0090,BGC0000894,MIBiG,,NCBITAXON:225353,Monascus aurantiacus,,,225353,,,,,"EU309474.1; current MIBiG region 44,000 bp",,,,citrinin,,,,,Fungal BGC Dossier — M4-FUNG-0090 / BGC0000894
M4-FUNG-0091,BGC0000900,MIBiG,,NCBITAXON:5062,Aspergillus oryzae,,,5062,,,,,"BD306272.1; current MIBiG region 9,052 bp",,,,ferrichrome,,,,,Fungal BGC Dossier — M4-FUNG-0091 / BGC0000900
M4-FUNG-0092,BGC0000901,MIBiG,,NCBITAXON:5061,Aspergillus niger,,,5061,,,,,"DJ389528.1; current MIBiG region 23,114 bp",,,,ferrichrome,,,,,Fungal BGC Dossier — M4-FUNG-0092 / BGC0000901
M4-FUNG-0093,BGC0000930,MIBiG,,NCBITAXON:5518,Fusarium graminearum (historical literature: Gibberella zeae),,,5518,,,,,"AF336365.2; current MIBiG region 30,159 bp",,,,nivalenol; 4-acetylnivalenol,,,,,Fungal BGC Dossier — M4-FUNG-0093 / BGC0000930
M4-FUNG-0094,BGC0000931,MIBiG,,NCBITAXON:5518,Fusarium graminearum,,,5518,,,,,,,,,trichothecene (historical generic assignment),,,,,Fungal BGC Dossier — M4-FUNG-0094 / BGC0000931
M4-FUNG-0095,BGC0000959,MIBiG,,NCBITAXON:227321,Aspergillus nidulans FGSC A4,,,227321,,,,,"BN001305.1:383588-417319 evidence locus; current MIBiG display 372716-424651 (51,936 bp)",,,,aspyridone A; aspyridone B,,,,,Fungal BGC Dossier — M4-FUNG-0095 / BGC0000959
M4-FUNG-0096,BGC0000968,MIBiG,,NCBITAXON:27334,Penicillium expansum,,,27334,,,,,"AM779763.1; current MIBiG region 25,930 bp",,,,chaetoglobosin A; chaetoglobosin C,,,,,Fungal BGC Dossier — M4-FUNG-0096 / BGC0000968
M4-FUNG-0097,BGC0000977,MIBiG,,NCBITAXON:5062,Aspergillus oryzae,,,5062,,,,,"AB506492.1; current MIBiG region 34,298 bp",,,,cyclopiazonic acid; 2-oxocyclopiazonic acid,,,,,Fungal BGC Dossier — M4-FUNG-0097 / BGC0000977
M4-FUNG-0098,BGC0000983,MIBiG,,ORG_b0ca58a6a560,Aspergillus clavatus NRRL 1,,,,,,,,DS027057.1:334675-379692,,,,cytochalasin E; cytochalasin K,,,,,Fungal BGC Dossier — M4-FUNG-0098 / BGC0000983
M4-FUNG-0099,BGC0000992,MIBiG,,ORG_0dc23fd5d2f9,Fusarium heterosporum,,,,,,,,AY700570.3,,,,fusaridione A,,,,,Fungal BGC Dossier — M4-FUNG-0099 / BGC0000992
M4-FUNG-0100,BGC0001026,MIBiG,,ORG_dda3b060c9c2,Metarhizium robertsii; source atlas historical label M. anisopliae,,,,,,,,,,,,NG-391,,NGS1 deletion did not significantly alter virulence against Spodoptera exigua or peroxide resistance under tested conditions,,,Fungal BGC Dossier — M4-FUNG-0100 / BGC0001026
M4-FUNG-0101,BGC0001030,MIBiG,,ORG_00aa7bf8b645,Penicillium nordicum,,,,,,,,,,,,ochratoxin A,,,,,Fungal BGC Dossier — M4-FUNG-0101 / BGC0001030
M4-FUNG-0102,BGC0001035,MIBiG,,ORG_bac04d6f1e95,Glarea lozoyensis ATCC 20868,,,,,,,,KE145356.1:180393-296227,,,,pneumocandin B0; pneumocandin A0,,,,,Fungal BGC Dossier — M4-FUNG-0102 / BGC0001035
M4-FUNG-0103,BGC0001037,MIBiG,,ORG_1829b4449fb3,Aspergillus fumigatus Af293,,,,,,,,CM000176.1:115218-134016,,,,pseurotin; azaspirene,,,,,Fungal BGC Dossier — M4-FUNG-0103 / BGC0001037
M4-FUNG-0104,BGC0001044,MIBiG,,ORG_19dc5e54cc78,Leptosphaeria maculans,,,,,,,,AY553235.1:13885-61960,,,,sirodesmin PL,,sirP mutant shows reduced stem colonization but similar early cotyledon lesions; role is stage/context dependent rather than absolute virulence requirement,,,Fungal BGC Dossier — M4-FUNG-0104 / BGC0001044
M4-FUNG-0105,BGC0001049,MIBiG,,ORG_b74eecf1d3db,Beauveria bassiana,,,,,,,,AM409327.1:1717-20893,,,,tenellin,,tenellin/15-hydroxytenellin chelate iron and contribute to niche competition,,,Fungal BGC Dossier — M4-FUNG-0105 / BGC0001049
M4-FUNG-0106,BGC0001057,MIBiG,,ORG_cbed182a893e,Fusarium graminearum (teleomorph historical literature: Gibberella zeae),,,,,,,,,,,,zearalenone,,,,,Fungal BGC Dossier — M4-FUNG-0106 / BGC0001057
M4-FUNG-0107,BGC0001067,MIBiG,,NCBITAXON:330879,Aspergillus fumigatus Af293,,,330879,,,,,,,,,fumagillin,,,,,Fungal BGC Dossier — M4-FUNG-0107 / BGC0001067
M4-FUNG-0108,BGC0001081,MIBiG,,ORG_54ffdc0bbd51,Epichloë festucae var. lolii; historical literature uses Neotyphodium lolii,,,,,,,,,,,,lolitrem F (historical record context),,,,,Fungal BGC Dossier — M4-FUNG-0108 / BGC0001081
M4-FUNG-0109,BGC0001082,MIBiG,,ORG_b13e7c50ad4e,Penicillium paxilli,,,,,,,,,,,,"paxilline; 21,22-diprenylated paxilline",,,,,Fungal BGC Dossier — M4-FUNG-0109 / BGC0001082
M4-FUNG-0110,BGC0001084,MIBiG,,NCBITAXON:877550,Aspergillus sp. MF297-2,,,877550,,,,,,,,,notoamide A,,,,,Fungal BGC Dossier — M4-FUNG-0110 / BGC0001084
M4-FUNG-0111,BGC0001118,MIBiG,,ORG_1829b4449fb3,Aspergillus fumigatus Af293,,,,,,,,,,,,endocrocin,,,,,Fungal BGC Dossier — M4-FUNG-0111 / BGC0001118
M4-FUNG-0112,BGC0001121,MIBiG,,ORG_af691354f998,Aspergillus nidulans FGSC A4,,,,,,,,,,,,orsellinic acid,,,,,Fungal BGC Dossier — M4-FUNG-0112 / BGC0001121
M4-FUNG-0113,BGC0001122,MIBiG,,ORG_540eb7bbdd06,Aspergillus terreus NIH2624,,,,,,,,,,,,dihydroisoflavipucine; isoflavipucine,,,,,Fungal BGC Dossier — M4-FUNG-0113 / BGC0001122
M4-FUNG-0114,BGC0001123,MIBiG,,NCBITAXON:510516,Aspergillus oryzae RIB40,,,510516,,,,,,,,,aspirochlorine,,,,,Fungal BGC Dossier — M4-FUNG-0114 / BGC0001123
M4-FUNG-0115,BGC0001124,MIBiG,,ORG_3f738c0c4e78,Aspergillus niger ATCC 1015,,,,,,,,,,,,pyranonigrin E,,,,,Fungal BGC Dossier — M4-FUNG-0115 / BGC0001124
M4-FUNG-0116,BGC0001136,MIBiG,,ORG_b74eecf1d3db,Beauveria bassiana,,,,,,,,,,,,desmethylbassianin,,,,,Fungal BGC Dossier — M4-FUNG-0116 / BGC0001136
M4-FUNG-0117,BGC0001141,MIBiG,,ORG_c510f7151b08,Penicillium brefeldianum,,,,,,,,,,,,4-epi-15-epi-brefeldin A,,,,,Fungal BGC Dossier — M4-FUNG-0117 / BGC0001141
M4-FUNG-0118,BGC0001142,MIBiG,,ORG_d81376d1d2ed,Penicillium aethiopicum,,,,,,,,,,,,tryptoquialanine,,,,,Fungal BGC Dossier — M4-FUNG-0118 / BGC0001142
M4-FUNG-0119,BGC0001143,MIBiG,,ORG_3f738c0c4e78,Aspergillus niger ATCC 1015,,,,,,,,,,,,,,,,,Fungal BGC Dossier — M4-FUNG-0119 / BGC0001143
M4-FUNG-0120,BGC0001144,MIBiG,,ORG_9206fec171a6,Trichophyton tonsurans CBS 112818,,,,,,,,,,,,neosartoricin B,,,,,Fungal BGC Dossier — M4-FUNG-0120 / BGC0001144
M4-FUNG-0121,BGC0001158,MIBiG,,ORG_8c064f106766,Botrytis cinerea,,,,,,,,,,,,bikaverin,,,,,Fungal BGC Dossier — M4-FUNG-0121 / BGC0001158
M4-FUNG-0122,BGC0001166,MIBiG,,ORG_83e25adeea8c,Alternaria jesenskae,,,,,,,,,,,,HC-toxin,,,,,Fungal BGC Dossier — M4-FUNG-0122 / BGC0001166
M4-FUNG-0123,BGC0001187,MIBiG,,ORG_c7d41b0e71b2,Glarea lozoyensis,,,,,,,,,,,,xenolozoyenone,,,,,Fungal BGC Dossier — M4-FUNG-0123 / BGC0001187
M4-FUNG-0124,BGC0001190,MIBiG,,ORG_db9930cab997,Fusarium verticillioides 7600,,,,,,,,,,,,fusaric acid,,,,,Fungal BGC Dossier — M4-FUNG-0124 / BGC0001190
M4-FUNG-0125,BGC0001205,MIBiG,,ORG_7f561733f323,Penicillium expansum,,,,,,,,,,,,,,,,,Fungal BGC Dossier — M4-FUNG-0125 / BGC0001205
M4-FUNG-0126,BGC0001218,MIBiG,,ORG_7b25a803f331,Cordyceps fumosorosea,,,,,,,,,,,,fumosorinone,,,,,Fungal BGC Dossier — M4-FUNG-0126 / BGC0001218
M4-FUNG-0127,BGC0001219,MIBiG,,NCBITAXON:306901,Chaetomium globosum CBS 148.51,,,306901,,,,,"CH408034.1:1,404,647-1,428,146 (23,500 bp)",,,,shanorellin,,,,,Fungal BGC Dossier — M4-FUNG-0127 / BGC0001219
M4-FUNG-0128,BGC0001220,MIBiG,,NCBITAXON:34381,Aspergillus japonicus,,,34381,,,,,"NW_017962980.1:1,840,826-1,901,106 (60,281 bp)",,,,aculeacin A,,antifungal echinocandin-family metabolite; native ecological role in A. japonicus NR,,,Fungal BGC Dossier — M4-FUNG-0128 / BGC0001220
M4-FUNG-0129,BGC0001234,MIBiG,,NCBITAXON:332952,Aspergillus flavus NRRL3357,,,332952,,,,,"NW_002477249.1:1,195,973-1,211,563 (15,591 bp)",,,,,,,,,Fungal BGC Dossier — M4-FUNG-0129 / BGC0001234
M4-FUNG-0130,BGC0001238,MIBiG,,NCBITAXON:162425,Aspergillus nidulans,,,162425,,,,,"FJ430072.1:1-7,027 (7,027 bp)",,,,biotin,,,,,Fungal BGC Dossier — M4-FUNG-0130 / BGC0001238
M4-FUNG-0131,BGC0001239,MIBiG,,NCBITAXON:162425,Aspergillus nidulans,,,162425,,,,,"FJ430073.1:1-7,028 (7,028 bp)",,,,biotin,,,,,Fungal BGC Dossier — M4-FUNG-0131 / BGC0001239
M4-FUNG-0132,BGC0001240,MIBiG,,NCBITAXON:568076,Metarhizium robertsii,,,568076,,,,,,,,,,,proposed conidial/spore-associated factor; direct virulence requirement not established by the defining study,,,Fungal BGC Dossier — M4-FUNG-0132 / BGC0001240
M4-FUNG-0133,BGC0001241,MIBiG,,NCBITAXON:40602,Claviceps fusiformis,,,40602,,,,,,,,,,,,,,Fungal BGC Dossier — M4-FUNG-0133 / BGC0001241
M4-FUNG-0134,BGC0001242,MIBiG,,NCBITAXON:5127,Fusarium fujikuroi,,,5127,,,,,,,,,,,perithecial pigmentation during sexual development,,,Fungal BGC Dossier — M4-FUNG-0134 / BGC0001242
M4-FUNG-0135,BGC0001243,MIBiG,,NCBITAXON:40559,Botrytis cinerea,,,40559,,,,,,,,,,,,,,Fungal BGC Dossier — M4-FUNG-0135 / BGC0001243
M4-FUNG-0136,BGC0001244,MIBiG,,NCBITAXON:13684,Parastagonospora nodorum,,,13684,,,,,"KM365454.1:1-5,358 (5,358 bp); one-gene current representation",,,,,,,,,Fungal BGC Dossier — M4-FUNG-0136 / BGC0001244
M4-FUNG-0137,BGC0001245,MIBiG,,NCBITAXON:45133,Lasiodiplodia theobromae,,,45133,,,,,"KJ434938.1; MIBiG display 1-30,072 nt; submitted locus annotated from 3,800-30,072",,,,lasiodiplodin,,,,,Fungal BGC Dossier — M4-FUNG-0137 / BGC0001245
M4-FUNG-0138,BGC0001246,MIBiG,,NCBITAXON:1036732,Sarocladium zeae (historical primary paper: Acremonium zeae),,,1036732,,,,,"KJ434939.1:1-28,428; antiSMASH marks region on contig edge",,,,trans-resorcylide,,,,,Fungal BGC Dossier — M4-FUNG-0138 / BGC0001246
M4-FUNG-0139,BGC0001247,MIBiG,,NCBITAXON:29003,Cercospora nicotianae,,,29003,,,,,AY649543.1 historical record; do not interpret as complete modern CTB programme,,,,cercosporin,,,,,Fungal BGC Dossier — M4-FUNG-0139 / BGC0001247
M4-FUNG-0140,BGC0001248,MIBiG,,NCBITAXON:71945,Hypholoma sublateritium,,,71945,,,,,"EU665687.1:1-4,300; single occ gene in current MIBiG record",,,,clavaric acid,,,,,Fungal BGC Dossier — M4-FUNG-0140 / BGC0001248
M4-FUNG-0141,BGC0001249,MIBiG,,NCBITAXON:5599,Alternaria alternata,,,5599,,,,,"JQ973666.1:1-6,120; NPS6 at 664-5,994 (+)",,,,dimethylcoprogen,,,,,Fungal BGC Dossier — M4-FUNG-0141 / BGC0001249
M4-FUNG-0142,BGC0001250,MIBiG,,NCBITAXON:35717,Epichloë festucae,,,35717,,,,,"JN132403.1; MIBiG/antiSMASH region 1-14,073 nt; contig edge",,,,epichloënin A,,,,,Fungal BGC Dossier — M4-FUNG-0142 / BGC0001250
M4-FUNG-0143,BGC0001251,MIBiG,,NCBITAXON:35717,Epichloë festucae,,,35717,,,,,"JN132407.1:1-15,433; sidN at 1,269-15,341 (+)",,,,epichloënin A,,,,,Fungal BGC Dossier — M4-FUNG-0143 / BGC0001251
M4-FUNG-0144,BGC0001252,MIBiG,,NCBITAXON:5599,Alternaria alternata rough-lemon pathotype,,,5599,,,,,"AB725683.1:1-7,958; single ACRTS2 coding sequence",,,,ACR-toxin (MIBiG compound field currently UNII-YC2Q1O94PT),,,,,Fungal BGC Dossier — M4-FUNG-0144 / BGC0001252
M4-FUNG-0145,BGC0001253,MIBiG,,ORG_245994777974,Alternaria alternata tangerine pathotype,,,,,,,,AB444613.1 historical single-gene record,,,,ACT-toxin I (historical MIBiG label),,,,,Fungal BGC Dossier — M4-FUNG-0145 / BGC0001253
M4-FUNG-0146,BGC0001254,MIBiG,,NCBITAXON:5599,Alternaria alternata tangerine pathotype,,,5599,,,,,"AB516321.1:1-7,794; ACTTS3 at 83-7,456 (+)",,,,ACT-toxin II,,,,,Fungal BGC Dossier — M4-FUNG-0146 / BGC0001254
M4-FUNG-0147,BGC0001255,MIBiG,,NCBITAXON:42747,Fusarium heterosporum,,,42747,,,,,"KC439347.1:1-41,299; current MIBiG region 41,299 bp; contig-edge region",hybrid iterative type-I PKS / NRPS,,,equisetin,,,,,Fungal BGC Dossier — M4-FUNG-0147 / BGC0001255
M4-FUNG-0148,BGC0001256,MIBiG,,NCBITAXON:80604,Tapinella panuoides,,,80604,,,,,,,,,atromentin,,atromentin is a central terphenylquinone precursor; downstream ecological roles are product-family dependent and not assigned as direct T. panuoides phenotypes here,,,Fungal BGC Dossier — M4-FUNG-0148 / BGC0001256
M4-FUNG-0149,BGC0001257,MIBiG,,NCBITAXON:96454,Nodulisporium sp. ATCC 74245,,,96454,,,,,"AF151533.1:1-7,549; current MIBiG 7,549-bp contig-edge region",,,,"1,3,6,8-tetrahydroxynaphthalene; DHN-melanin precursor",,melanin pigmentation; specific ecological or virulence function in this strain NR,,,Fungal BGC Dossier — M4-FUNG-0149 / BGC0001257
M4-FUNG-0150,BGC0001258,MIBiG,,NCBITAXON:101852,Glarea lozoyensis,,,101852,,,,,,,,,"1,3,6,8-tetrahydroxynaphthalene; DHN-melanin precursor",,,,,Fungal BGC Dossier — M4-FUNG-0150 / BGC0001258
M4-FUNG-0151,BGC0001259,MIBiG,,NCBITAXON:40997,Elsinoë fawcettii,,,40997,,,,,,,,,elsinochrome A; elsinochrome family phytotoxins,,light-activated non-host-selective phytotoxin producing reactive oxygen species; contributes to citrus-scab lesion formation and conidiation,,,Fungal BGC Dossier — M4-FUNG-0151 / BGC0001259
M4-FUNG-0152,BGC0001260,MIBiG,,NCBITAXON:124418,Tolypocladium album; historical paper name Chaunopycnis alba,,,124418,,,,,,,,,terpendole E,,,,,Fungal BGC Dossier — M4-FUNG-0152 / BGC0001260
M4-FUNG-0153,BGC0001261,MIBiG,,NCBITAXON:5599,"Alternaria alternata, apple pathotype",,,5599,,,,,,,,,AM-toxin,,host-selective toxin required for pathogenicity on susceptible apple tissue,,,Fungal BGC Dossier — M4-FUNG-0153 / BGC0001261
M4-FUNG-0154,BGC0001262,MIBiG,,NCBITAXON:5599,"Alternaria alternata, Japanese-pear pathotype",,,5599,,,,,,,,,AK-toxin I,,host-selective toxin required for Japanese-pear pathogenicity,,,Fungal BGC Dossier — M4-FUNG-0154 / BGC0001262
M4-FUNG-0155,BGC0001263,MIBiG,,NCBITAXON:5111,Claviceps purpurea,,,5111,,,,,,,,,,,NR,,,Fungal BGC Dossier — M4-FUNG-0155 / BGC0001263
M4-FUNG-0156,BGC0001264,MIBiG,,NCBITAXON:1979465,Neocamarosporium betae; historical literature/MIBiG source name Phoma betae,,,1979465,,,,,,highly reducing iterative type-I PKS decalin pathway,,,betaenone A; betaenone B; betaenone C,,,,,Fungal BGC Dossier — M4-FUNG-0156 / BGC0001264
M4-FUNG-0157,BGC0001265,MIBiG,,NCBITAXON:101162,Bipolaris oryzae,,,101162,,,,,,iterative fungal PKS-dependent DHN-melanin pathway,,,DHN melanin,,,,,Fungal BGC Dossier — M4-FUNG-0157 / BGC0001265
M4-FUNG-0158,BGC0001266,MIBiG,,NCBITAXON:27339,Cladonia grayi,,,27339,,,,,,lichen orcinol depside/depsidone PKS pathway,,,grayanic acid,,,,,Fungal BGC Dossier — M4-FUNG-0158 / BGC0001266
M4-FUNG-0159,BGC0001267,MIBiG,,NCBITAXON:40602,Claviceps fusiformis,,,40602,,,,,,ergot alkaloid / clavine pathway,,,elymoclavine; agroclavine,,,,,Fungal BGC Dossier — M4-FUNG-0159 / BGC0001267
M4-FUNG-0160,BGC0001268,MIBiG,,NCBITAXON:5127,Fusarium fujikuroi,,,5127,,,,,,hybrid PKS/NRPS-derived fusarin mycotoxin pathway,,,fusarin C,,,,,Fungal BGC Dossier — M4-FUNG-0160 / BGC0001268
M4-FUNG-0161,BGC0001269,MIBiG,,NCBITAXON:49223,Sphaceloma manihoticola,,,49223,,,,,,diterpene gibberellin pathway,,,gibberellins; defining study identifies GA4 as principal endpoint and absence of GA7/GA3/GA1 capacity,,,,,Fungal BGC Dossier — M4-FUNG-0161 / BGC0001269
M4-FUNG-0162,BGC0001270,MIBiG,,NCBITAXON:5127,Fusarium fujikuroi,,,5127,,,,,,fungal diterpene gibberellin pathway,,,"gibberellins including GA3, GA1, GA7, GA4 and GA9 in the historical record",,,,,Fungal BGC Dossier — M4-FUNG-0162 / BGC0001270
M4-FUNG-0163,BGC0001271,MIBiG,,NCBITAXON:227321,Aspergillus nidulans FGSC A4,,,227321,,,,,,polyketide-derived prenyl xanthone pathway,,,emericellin,,,,,Fungal BGC Dossier — M4-FUNG-0163 / BGC0001271
M4-FUNG-0164,BGC0001272,MIBiG,,NCBITAXON:40997,Elsinoë fawcettii,,,40997,,,,,,perylenequinone polyketide phytotoxin pathway,,,elsinochrome B; elsinochrome C,,,,,Fungal BGC Dossier — M4-FUNG-0164 / BGC0001272
M4-FUNG-0165,BGC0001273,MIBiG,,NCBITAXON:40380 in canonical source row,Aspergillus ochraceus in MIBiG; defining paper reports Aspergillus westerdijkiae,,,40380 in canonical source row,,,,,,6-methylsalicylic-acid-derived polyketide pathway,,,asperlactone; defining paper also tracks isoasperlactone,,,,,Fungal BGC Dossier — M4-FUNG-0165 / BGC0001273
M4-FUNG-0166,BGC0001274,MIBiG,,NCBITAXON:75736,Starmerella bombicola (historical literature: Candida bombicola),,,75736,,,,,,glycolipid biosurfactant pathway,,,non-acetylated open-chain sophorolipid; diacetylated lactonic sophorolipid,,,,,Fungal BGC Dossier — M4-FUNG-0166 / BGC0001274
M4-FUNG-0167,BGC0001275,MIBiG,,NCBITAXON:101852,Glarea lozoyensis,,,101852,,,,,pks2 alone is sufficient for 6-MSA formation in the heterologous host; broader native downstream fate is not established by the defining study.,iterative fungal polyketide synthase,,,6-methylsalicylic acid,,native ecological role of 6-MSA in G. lozoyensis is NR; pks2 is not required for pneumocandin production.,,,Fungal BGC Dossier — M4-FUNG-0167 / BGC0001275
M4-FUNG-0168,BGC0001276,MIBiG,,NCBITAXON:33178,Aspergillus terreus,,,33178,,,,,atX alone establishes 6-MSA synthesis; downstream conversion in the native geodin-producing strain is not resolved by this record.,iterative fungal polyketide synthase,,,6-methylsalicylic acid,,native ecological role is NR; the source strain was characterized as a (+)-geodin producer.,,,Fungal BGC Dossier — M4-FUNG-0168 / BGC0001276
M4-FUNG-0169,BGC0001277,MIBiG,,NCBITAXON:5518,Fusarium graminearum,,,5518,AF359361.3,,,,,,,,15-acetyldeoxynivalenol; 3-decalonectrin,,trichothecene mycotoxin and virulence-associated chemistry; this dossier remains chemotype/pathway focused.,,,Fungal BGC Dossier — M4-FUNG-0169 / BGC0001277
M4-FUNG-0170,BGC0001278,MIBiG,,NCBITAXON:5514,Fusarium sporotrichioides,,,5514,AF359360.3,,,,,,,,T-2 toxin,,T-2 is a toxic food/feed mycotoxin.,,,Fungal BGC Dossier — M4-FUNG-0170 / BGC0001278
M4-FUNG-0171,BGC0001279,MIBiG,,NCBITAXON:1859971,Paramyrothecium roridum (historical Myrothecium roridum),,,1859971,AF009418.1,,,,,,,,deoxysambucinol; sambucinol; roridin E,,macrocyclic trichothecenes are toxic metabolites; modern species-level pathogenicity evidence is kept separate from this retired accession.,,,Fungal BGC Dossier — M4-FUNG-0171 / BGC0001279
M4-FUNG-0172,BGC0001280,MIBiG,,NCBITAXON:1979465,historical Phoma betae,,,1979465,LC011911.1,,,,direct evidence resolves decalin-scaffold formation; late oxidation and terminal betaenone A/C completion are not assigned beyond available evidence.,,,,betaenone C; betaenone A,,NR for the historical producer in the defining mechanistic study.,,,Fungal BGC Dossier — M4-FUNG-0172 / BGC0001280
M4-FUNG-0173,BGC0001281,MIBiG,,NCBITAXON:237631,Ustilago maydis 521,,,237631,,,,,,,,,ustilagic acid,,secreted biosurfactant with antibacterial/antifungal activity and reported biocontrol function.,,,Fungal BGC Dossier — M4-FUNG-0173 / BGC0001281
M4-FUNG-0174,BGC0001282,MIBiG,,NCBITAXON:5047,Epichloë coenophiala,,,5047,,,,,,,,,,,lolitrem-family indole diterpenes mediate vertebrate tremorgenicity; loline alkaloids from the LOL locus have distinct insect-focused ecology.,,,Fungal BGC Dossier — M4-FUNG-0174 / BGC0001282
M4-FUNG-0175,BGC0001284,MIBiG,,NCBITAXON:321614,Parastagonospora nodorum SN15,,,321614,KP941080.1,,,,SnPKS19 alone is sufficient for the reported AOH scaffold; a larger essential cluster is not required for this endpoint in the heterologous assay.,,,,alternariol,,ΔSnPKS19 mutants show no detected defect in virulence or oxidative-stress tolerance under tested conditions.,,,Fungal BGC Dossier — M4-FUNG-0175 / BGC0001284
M4-FUNG-0176,BGC0001286,MIBiG,,NCBITAXON:5270,Ustilago maydis,,,5270,KT852988.1,,,,,,,,itaconic acid,,industrial organic-acid product; native ecological function in U. maydis remains NR in the defining pathway study.,,,Fungal BGC Dossier — M4-FUNG-0176 / BGC0001286
M4-FUNG-0177,BGC0001290,MIBiG,,NCBITAXON:227321,Aspergillus nidulans FGSC A4,,,227321,BN001307.1,,,,"Current MIBiG display 4,210,453–4,282,984 (72,532 bp); functional eas core is narrower and genetically delimited around EasA–EasD.",,,,emericellamide A/B,,Emericellamide A has reported antibacterial activity; native ecological function in A. nidulans is NR in the defining pathway work.,,,Fungal BGC Dossier — M4-FUNG-0177 / BGC0001290
M4-FUNG-0178,BGC0001304,MIBiG,,NCBITAXON:332952,Aspergillus flavus NRRL3357,,,332952,EQ963475.1,,,,"Current MIBiG display 1,124,762–1,170,207 (45,446 bp); seed locus comprises five annotated genes including PKS, O-methyltransferase and P450.",,,,aflavarin,,Sclerotial-associated metabolite; specific ecological/virulence function for aflavarin was not established in the defining study.,,,Fungal BGC Dossier — M4-FUNG-0178 / BGC0001304
M4-FUNG-0179,BGC0001305,MIBiG,,NCBITAXON:1279085,Fusarium fujikuroi IMI 58289,,,1279085,HF679030.1,,,,"Current MIBiG display 1,327,199–1,374,844 (47,646 bp), broader than seed locus; completeness remains unknown.",,,,fujikurins A–D,,Native ecological or pathogenic role of fujikurins is NR in the defining structural/pathway report.,,,Fungal BGC Dossier — M4-FUNG-0179 / BGC0001305
M4-FUNG-0180,BGC0001306,MIBiG,,NCBITAXON:332952,Aspergillus flavus NRRL3357,,,332952,"EQ963476.1:840,072–846,480 (6,409 bp)",,,,"Compact 6,409-bp MIBiG region at EQ963476.1:840,072–846,480; MIBiG explicitly retains completeness as unknown, so no complete-pathway self-sufficiency claim is made.",,,,asperipin-2a,,Specific native ecological or virulence role of asperipin-2a is NR in the defining study.,,,Fungal BGC Dossier — M4-FUNG-0180 / BGC0001306
M4-FUNG-0181,BGC0001309,MIBiG,,NCBITAXON:174080,Cladonia uncialis mycobiont,,,174080,KT363732.1,,,,Historical accession-level record; proposed two-gene core MPAS + MPAO was selected from 32 PKS candidates by domain architecture and neighborhood logic.,,,,usnic acid,,"Usnic acid is a characteristic lichen secondary metabolite, but this record does not establish a specific ecological function causally linked to MPAS/MPAO.",,,Fungal BGC Dossier — M4-FUNG-0181 / BGC0001309
M4-FUNG-0182,BGC0001338,MIBiG,,NCBITAXON:89489,Monascus ruber,,,89489,"KT781075.1:1–42,813",,,,"Current MIBiG locus spans 42,813 bp and contains the citS/citA–E core plus regulatory/transport-associated genes; completeness marked complete.",,,,citrinin,,Citrinin is a toxic fungal polyketide/mycotoxin; native adaptive role is not resolved by the pathway reconstruction.,,,Fungal BGC Dossier — M4-FUNG-0182 / BGC0001338
M4-FUNG-0183,BGC0001339,MIBiG,,NCBITAXON:1828523,Phoma sp. MF5453,,,1828523,"KU946987.1:1–69,700",,,,"Current 69,700-bp MIBiG locus is complete and contains two iterative PKSs plus tailoring, transporter and regulatory genes.",,,,squalestatin S1,,Squalestatin S1 is a potent squalene-synthase inhibitor of pharmacological interest; native ecological role is NR in the defining cluster study.,,,Fungal BGC Dossier — M4-FUNG-0183 / BGC0001339
M4-FUNG-0184,BGC0001340,MIBiG,,NCBITAXON:89137,"Byssochlamys fulva, historical producer strain IMI 40021",,,89137,KU928136.1,,,,"Complete 52,546-bp MIBiG display with 20 genes including bfpks1, bfL1–L12 and bfR1–R7.",,,,"byssochlamic acid, agnestadrides A/B, triketide maleidride monomer",,Maleidride natural-product family; specific native ecological role for byssochlamic acid is NR in the defining biosynthetic studies.,,,Fungal BGC Dossier — M4-FUNG-0184 / BGC0001340
M4-FUNG-0185,BGC0001358,MIBiG,,NCBITAXON:33203,Purpureocillium lilacinum,,,33203,"LSBH01000002.1 seed locus 1,034,990–1,134,564",,,,"Current generated MIBiG region spans 119,575 bp around the seed locus and is on a contig edge; completeness remains unknown.",,,,leucinostatin A/B,,Leucinostatins contribute antifungal/oomycete antagonism against Phytophthora and are relevant to the organism's biocontrol phenotype.,,,Fungal BGC Dossier — M4-FUNG-0185 / BGC0001358
M4-FUNG-0186,BGC0001360,MIBiG,,NCBITAXON:1365484,Penicillium roqueforti FM164,,,1365484,HG792019.1,,,,"Defining functional cluster is ~24.4 kb with mpaA/B/C/DE/F/G/H; current MIBiG display is 1,286,594–1,334,308 (47,715 bp) and lies on a contig edge.",,,,mycophenolic acid,,MPA is an immunosuppressive secondary metabolite and a relevant contaminant of blue-veined cheeses; mpaF provides fungal self-resistance.,,,Fungal BGC Dossier — M4-FUNG-0186 / BGC0001360
M4-FUNG-0187,BGC0001365,MIBiG,,NCBITAXON:1111077,Claviceps purpurea 20.1,,,1111077,CAGA01000011.1:360607-384390,,,,"Current MIBiG display spans 46,262 nt while the canonical evidence locus is 23,784 bp; completeness remains unknown.",,,,"dithioclapurine, trithioclapurine, tetrathioclapurine",,Potential toxicological relevance of intact ETP-like chemistry in other strains is proposed; direct ecological or virulence function is UNCERTAIN.,,,Fungal BGC Dossier — M4-FUNG-0187 / BGC0001365
M4-FUNG-0188,BGC0001371,MIBiG,,NCBITAXON:1160106,Aspergillus nidulans NRRL 8112,,,1160106,KT806042.1,,,,"Current MIBiG v4 display is 56,631 bp on KT806042.1; completeness remains unknown. This broader display is separated from the experimentally interpreted echinocandin cluster architecture.",,,,echinocandin B,,Echinocandin B is an antifungal lipopeptide scaffold and industrial precursor to semisynthetic echinocandin drugs.,,,Fungal BGC Dossier — M4-FUNG-0188 / BGC0001371
M4-FUNG-0189,BGC0001372,MIBiG,,NCBITAXON:293382,Penicillium thymicola,,,293382,KX528209.1,,,,"Current MIBiG v3 display spans 53,605 bp on KX528209.1; completeness remains unknown.",,,,penigequinolone A,,Penigequinolones are reported insecticidal alkaloids; the direct ecological function of penigequinolone A in P. thymicola is UNCERTAIN.,,,Fungal BGC Dossier — M4-FUNG-0189 / BGC0001372
M4-FUNG-0190,BGC0001373,MIBiG,,NCBITAXON:573841,Sordaria araneosa,,,573841,LC079035.1,,,,"Defining genome mining identified a contiguous ~67-kb cluster with 20 ORFs; current MIBiG v3 generated display spans 117,221 bp and reaches a contig edge. Evidence and display boundaries are kept separate; completeness remains unknown.",,,,sordarin,,Sordarin is an antifungal diterpene glycoside that inhibits fungal translation through elongation factor 2.,,,Fungal BGC Dossier — M4-FUNG-0190 / BGC0001373
M4-FUNG-0191,BGC0001375,MIBiG,,NCBITAXON:69488,Penicillium simplicissimum,,,69488,LC027937.1,,,,"Defining work identified two separate penitrem gene clusters. Current MIBiG v4 displays a 12,837-bp region on LC027937.1 that reaches a contig edge; it must not be interpreted as the full two-cluster programme. Completeness remains unknown.",,,,"penitrem A, B, C, D, E and F",,Penitrem A is a tremorgenic indole-diterpene mycotoxin; direct ecological function of the complete penitrem family in this strain is UNCERTAIN.,,,Fungal BGC Dossier — M4-FUNG-0191 / BGC0001375
M4-FUNG-0192,BGC0001385,MIBiG,,NCBITAXON:89137,Byssochlamys fulva,,,89137,KU928136.1,,,,,,,,byssochlamic acid; agnestadrides,,Maleidrides are bioactive fungal polyketides; specific ecological role of byssochlamic acid/agnestadride production in B. fulva is UNCERTAIN.,,,Fungal BGC Dossier — M4-FUNG-0192 / BGC0001385
M4-FUNG-0193,BGC0001390,MIBiG,,NCBITAXON:80385,Stachybotrys bisbyi,,,80385,LC125467.1,,,,"Current MIBiG v3 display is 19,745 bp on LC125467.1 and reaches a contig edge; completeness remains unknown.",,,,LL-Z1272β,,LL-Z1272β is a pathway intermediate/precursor to diverse fungal meroterpenoids; a direct ecological role for the isolated metabolite in S. bisbyi is UNCERTAIN.,,,Fungal BGC Dossier — M4-FUNG-0193 / BGC0001390
M4-FUNG-0194,BGC0001398,MIBiG,,NCBITAXON:291059,Phomopsis leptostromiformis,,,291059,LC646903.1,,,,"Current MIBiG v2 display spans 65,569 bp on LC646903.1 and reaches a contig edge; completeness remains unknown.",,,,"phomopsin A, phomopsin B, phomopsin E",,Phomopsins are antimitotic mycotoxins associated with lupinosis and microtubule disruption.,,,Fungal BGC Dossier — M4-FUNG-0194 / BGC0001398
M4-FUNG-0195,BGC0001399,MIBiG,,NCBITAXON:227321,Aspergillus nidulans FGSC A4,,,227321,BN001302.1:3924000-3948000,,,,"Current MIBiG v4 display spans 52,472 bp on BN001302.1, while the canonical evidence locus is 3,924,000-3,948,000; display and evidence boundaries are tracked separately. Completeness remains unknown.",,,,fellutamide B,,Fellutamide B is a proteasome inhibitor; inpE provides pathway-linked producer self-resistance.,,,Fungal BGC Dossier — M4-FUNG-0195 / BGC0001399
M4-FUNG-0196,BGC0001400,MIBiG,,NCBITAXON:341663,Aspergillus terreus NIH2624 in the canonical record,,,341663,CH476608.1:371404-386869,,,,"Current MIBiG v3 display spans 47,525 bp (353,636-401,160) on CH476608.1, while the curated seed locus is 371,404-386,869 (15,466 bp). Completeness remains unknown, and the defining paper uses A. terreus var. aureus rather than NIH2624.",,,,citreoviridin,,Citreoviridin is a mycotoxin and F1-ATPase beta-subunit inhibitor that disrupts mitochondrial oxidative phosphorylation.,,,Fungal BGC Dossier — M4-FUNG-0196 / BGC0001400
M4-FUNG-0197,BGC0001401,MIBiG,,NCBITAXON:47429,Armillaria mellea,,,47429,JF739169.1,,,,"Historical accession JF739169.1 is retained as retired provenance. The mapped core neighbourhood contains the protoilludene cyclase/polyketide programme, but the five FAD-dependent halogenases ArmH1–ArmH5 required for halo-melleolide diversification are encoded outside that cluster.",,,,melleolide F; 6'-chloromelleolide F; 6'-bromomelleolide F,,Melleolides are bioactive Armillaria natural products; the native ecological role of the BGC and the specific contribution of halogenation in situ remain NR.,,,Fungal BGC Dossier — M4-FUNG-0197 / BGC0001401
M4-FUNG-0198,BGC0001403,MIBiG,,NCBITAXON:330879,Aspergillus fumigatus Af293,,,330879,CM000172.1,,,,"Current MIBiG display spans CM000172.1:3,816,931–3,862,461 (45,531 bp), broader than the canonical seed. Completeness remains unknown despite strong functional genetics.",,,,"seed 3,820,195–3,845,905; trypacidin",,Trypacidin is conidia-associated and antiphagocytic; it is also toxic to pulmonary/bronchial epithelial cells. These host-interaction effects are distinct from the endocrocin shunt phenotype.,,,Fungal BGC Dossier — M4-FUNG-0198 / BGC0001403
M4-FUNG-0199,BGC0001404,MIBiG,,NCBITAXON:500485,Penicillium rubens Wisconsin 54-1255,,,500485,AM920436.1,,,,"Current MIBiG display spans AM920436.1:1,172,232–1,229,585 (57,354 bp), broader than the canonical seed; completeness remains unknown.",,,,"seed 1,187,590–1,216,347; sorbicillin",,"Sorbicillinoids have reported antiviral, anti-inflammatory and antimicrobial activities; their native ecological function in Wisconsin 54-1255 is NR.",,,Fungal BGC Dossier — M4-FUNG-0199 / BGC0001404
M4-FUNG-0200,BGC0001405,MIBiG,,NCBITAXON:306901,Chaetomium globosum CBS 148.51,,,306901,CH408033.1,,,,"Current MIBiG display spans CH408033.1:2,441,538–2,514,848 (73,311 bp); the defining study describes an approximately 65-kb caz cluster. Completeness remains unknown.",,,,"seed 2,447,651–2,507,160; chaetoviridin E; 11-epichaetomugilin A",,Chaetoviridins/chaetomugilins are bioactive azaphilones; a specific native ecological function for this C. globosum locus is NR.,,,Fungal BGC Dossier — M4-FUNG-0200 / BGC0001405
M4-FUNG-0201,BGC0001445,MIBiG,,NCBITAXON:332952,Aspergillus flavus NRRL 3357,,,332952,EQ963479.1,,,,"Current MIBiG display spans EQ963479.1:684,693–736,533 (51,841 bp), with the experimentally delineated cluster contained inside the broader display.",,,,"seed 704,693–736,312; leporin B",,Leporin B forms a distinctive trimeric iron complex with antiinsectan/antifeedant properties; forced production also disrupts normal developmental output.,,,Fungal BGC Dossier — M4-FUNG-0201 / BGC0001445
M4-FUNG-0202,BGC0001446,MIBiG,,NCBITAXON:332952,Aspergillus flavus NRRL 3357,,,332952,EQ963472.1,,,,"Current MIBiG display spans EQ963472.1:2,626,293–2,672,837 (46,545 bp), broader than the canonical 15,813-bp seed; record completeness is complete.",,,,"seed 2,642,293–2,658,105; asparasone A",,Asparasone-family pigments protect A. flavus sclerotia from biotic predation and abiotic UV/heat stress.,,,Fungal BGC Dossier — M4-FUNG-0202 / BGC0001446
M4-FUNG-0203,BGC0001449,MIBiG,,NCBITAXON:78579,Thermothelomyces thermophilus,,,78579,CP003004.1,,,,"Current MIBiG display spans CP003004.1:1,161,825–1,217,500 (55,676 bp); the canonical seed begins at 1,175,000. Record completeness is complete.",,,,"seed 1,175,000–1,217,500; UCS1025A",,UCS1025A is a strong telomerase-inhibitory natural product; the native ecological function of this pathway in T. thermophilus is NR.,,,Fungal BGC Dossier — M4-FUNG-0203 / BGC0001449
M4-FUNG-0204,BGC0001450,MIBiG,,NCBITAXON:374132,Penicillium terrestre,,,374132,MF989995.1,,,,BGC0001450 is retired historical provenance. A later active MIBiG macrophorin record exists for a related/later-resolved locus; it is recorded as relationship evidence rather than silently replacing this accession.,,,,"macrophorin A; 4'-oxomacrophorin A, D and E",,Macrophorins are bioactive isoprenoid epoxycyclohexenones; a specific native ecological function of the retired record is NR.,,,Fungal BGC Dossier — M4-FUNG-0204 / BGC0001450
M4-FUNG-0205,BGC0001466,MIBiG,,NCBITAXON:28567,Talaromyces wortmannii,,,28567,MG837519.1,,,,"BGC0001466 is retained as a retired, complete historical record on accession MG837519.1. The mechanistic interpretation is anchored to the defining PKS–C-domain study rather than extrapolated from homologs.",,,,wortmanamide,,"Wortmanamides resemble long-chain N-acyl-amide signaling lipids structurally, but a native receptor-mediated signaling role in T. wortmannii has not been demonstrated; ecological function is NR.",,,Fungal BGC Dossier — M4-FUNG-0205 / BGC0001466
M4-FUNG-0206,BGC0001475,MIBiG,,NCBITAXON:341663,Aspergillus terreus NIH2624,,,341663,,,,,"Current MIBiG display spans NT_165929.1:465,556–486,785 (21,230 bp), broader than the 9,621-bp canonical seed. The defining study describes an approximately 17-kb functional astA–astD neighbourhood; MIBiG completeness remains unknown.",,,,"seed 472,400–482,020; aspterric acid",,Aspterric acid is a herbicidal natural product targeting dihydroxy-acid dehydratase in branched-chain amino-acid biosynthesis; AstD protects the producing pathway from that same target mechanism.,,,Fungal BGC Dossier — M4-FUNG-0206 / BGC0001475
M4-FUNG-0207,BGC0001481,MIBiG,,NCBITAXON:1279085,Fusarium fujikuroi IMI 58289,,,1279085,HF679032.1:374418-375674,,,,Current MIBiG display HF679032.1:364418-385674; direct evidence locus FFUJ_10353 is 374418-375674. Completeness unknown.,,,,alpha-acorenol,,NR,,,Fungal BGC Dossier - M4-FUNG-0207 / BGC0001481
M4-FUNG-0208,BGC0001489,MIBiG,,NCBITAXON:180999,Cladonia uncialis subsp. uncialis,,,180999,MG777496.1:7141-29885 seed,,,,Current MIBiG display MG777496.1:1-40623; canonical seed MG777496.1:7141-29885. Completeness unknown.,,,,MIBiG product label 6-hydroxymellein,,NR,,,Fungal BGC Dossier — M4-FUNG-0208 / BGC0001489
M4-FUNG-0209,BGC0001508,MIBiG,,NCBITAXON:5082,Penicillium roqueforti,,,5082,KY349137.1,,,,Current MIBiG display KY349137.1:1-29400; approximately 29.4-kb adr locus. Completeness unknown.,,,,andrastin A,,NR,,,Fungal BGC Dossier — M4-FUNG-0209 / BGC0001508
M4-FUNG-0210,BGC0001515,MIBiG,,NCBITAXON:227321,Aspergillus nidulans FGSC A4,,,227321,BN001302.1:74783-138817 seed,,,,"Current MIBiG display BN001302.1:74783-158684 (83,902 bp); seed interval ends at 138817. Completeness unknown.",,,,aspercryptins,,NR,,,Fungal BGC Dossier — M4-FUNG-0210 / BGC0001515
M4-FUNG-0211,BGC0001516,MIBiG,,NCBITAXON:332952,Aspergillus flavus NRRL3357,,,332952,,,,,"Current MIBiG display NW_002477238.1:14356-57421 (43,066 bp); canonical seed is narrower. Completeness unknown.",,,,aspergillic acid,,Iron-chelating hydroxamate chemistry is directly supported; the native ecological contribution beyond iron complexation is UNCERTAIN.,,,Fungal BGC Dossier — M4-FUNG-0211 / BGC0001516
M4-FUNG-0212,BGC0001517,MIBiG,,NCBITAXON:341663,Aspergillus terreus NIH2624,,,341663,,,,,"Current MIBiG display NT_165937.1:139864-204269 (64,406 bp); canonical seed is narrower. Completeness unknown.",,,,asperphenamate,,NR,,,Fungal BGC Dossier — M4-FUNG-0212 / BGC0001517
M4-FUNG-0213,BGC0001518,MIBiG,,NCBITAXON:510516,Aspergillus oryzae RIB40,,,510516,BA000051.1:3489600-3513098 seed,,,,"Current MIBiG display BA000051.1:3469600-3513616 (44,017 bp); canonical seed is narrower. Completeness unknown.",,,,astellolide A,,NR,,,Fungal BGC Dossier — M4-FUNG-0213 / BGC0001518
M4-FUNG-0214,BGC0001527,MIBiG,,NCBITAXON:42742,Gelatoporia subvermispora,,,42742,KY287598.1,,,,Current MIBiG display KY287598.1:1-8170; completeness remains unknown.,,,,basidioferrin,,Iron acquisition via hydroxamate siderophore chemistry.,,,Fungal BGC Dossier — M4-FUNG-0214 / BGC0001527
M4-FUNG-0215,BGC0001528,MIBiG,,NCBITAXON:1979465,Historical record: Phoma betae,,,1979465,LC274619.1:1-21000,,,,Current MIBiG display LC274619.1:1-21000; four genes; completeness unknown.,,,,betaestacin I; betaestacin II; four-gene pathway,,NR,,,Fungal BGC Dossier — M4-FUNG-0215 / BGC0001528
M4-FUNG-0216,BGC0001541,MIBiG,,NCBITAXON:122368,Cercospora beticola,,,122368,LKMD01000100.1:2253404-2296209 seed,,,,"Current MIBiG display LKMD01000100.1:2239245-2296209 (56,965 bp), broader than the canonical seed; completeness remains unknown.",,,,cercosporin,,Photoactivated cercosporin generates reactive oxygen species and functions as a phytotoxic virulence factor; loss of pathway function reduces pathogenicity.,,,Fungal BGC Dossier — M4-FUNG-0216 / BGC0001541
M4-FUNG-0217,BGC0001542,MIBiG,,NCBITAXON:348901,Cercospora zeina,,,348901,KY656140.1:1-22797,,,,Current MIBiG display KY656140.1:1-22797; completeness unknown. The defining study sequenced the CTB region and identified disruptive indels in CTB7.,,,,MIBiG product label cercosporin; native in-vitro canonical cercosporin production not detected,,"C. zeina is a maize gray-leaf-spot pathogen, but the contribution of canonical cercosporin or a proposed structural variant to native in-planta disease remains UNCERTAIN.",,,Fungal BGC Dossier — M4-FUNG-0217 / BGC0001542
M4-FUNG-0218,BGC0001544,MIBiG,,NCBITAXON:1392248,Aspergillus campestris IBT 28561,,,1392248,,,,,"Current MIBiG display spans MSFM01000001.1:556138-604954 (48,817 bp); curated locus is 576138-603864; completeness remains unknown.",,,,chlorflavonin,,Reported as a bioactive secondary metabolite; a specific ecological role in A. campestris is UNCERTAIN.,,,Fungal BGC Dossier — M4-FUNG-0218 / BGC0001544
M4-FUNG-0219,BGC0001545,MIBiG,,NCBITAXON:229533,Fusarium graminearum PH-1,,,229533,,,,,"NC_026476.1:7,266,100-7,283,610; 17,511 bp in current MIBiG; completeness unknown.",,,,chrysogine,,Chrysogine is a yellow fungal pigment; a specific F. graminearum ecological or virulence role is UNCERTAIN.,,,Fungal BGC Dossier — M4-FUNG-0219 / BGC0001545
M4-FUNG-0220,BGC0001547,MIBiG,,NCBITAXON:1549217,Aspergillus stellatus,,,1549217,,,,,"LC102187.1:1-20,796 in current MIBiG; 11-gene region; completeness unknown.",,,,citreohybridonol,,Citreohybridonol was reported as an antifeedant agent; native ecological function in the record strain is not fully resolved.,,,Fungal BGC Dossier — M4-FUNG-0220 / BGC0001547
M4-FUNG-0221,BGC0001557,MIBiG,,NCBITAXON:644132,"Canonical source: Paecilomyces divaricatus, TaxID 644132",,,644132,,,,,Retired record MF197864.1 retained only as provenance; active interpretation must defer to BGC0001436.,,,,cornexistin,,Cornexistin is a natural herbicidal maleidride; ecological function in the producing fungus is UNCERTAIN.,,,Fungal BGC Dossier — M4-FUNG-0221 / BGC0001557
M4-FUNG-0222,BGC0001563,MIBiG,,NCBITAXON:318706,"Canonical source: Cochliobolus pallescens, TaxID 318706",,,318706,,,,,"LC208781.1:1-53,000 in current MIBiG/antiSMASH; region lies at a contig edge and completeness is unknown.",,,,curvupallide-B,,Specific ecological role of curvupallide-B in the producer is UNCERTAIN.,,,Fungal BGC Dossier — M4-FUNG-0222 / BGC0001563
M4-FUNG-0223,BGC0001565,MIBiG,,NCBITAXON:37994,"Canonical source/MIBiG: Beauveria felina, TaxID 37994",,,37994,,,,,MF716954.1 current MIBiG locus; completeness unknown.,,,,cyclosporin C,,CsC inhibited Cryptococcus neoformans more strongly at 37 C in the screening assay; ecological role in the producing fungus is UNCERTAIN.,,,Fungal BGC Dossier — M4-FUNG-0223 / BGC0001565
M4-FUNG-0224,BGC0001571,MIBiG,,NCBITAXON:1897413,Nodulisporium sp.,,,1897413,,,,,"MG886384.1:1-66,332 in current MIBiG; defining functional cluster contains 19 genes vidA-vidS; database completeness remains unknown.",,,,demethoxyviridin,,Demethoxyviridin is a potent PI3K-inhibitory furanosteroid; producer-side ecological function is UNCERTAIN.,,,Fungal BGC Dossier — M4-FUNG-0224 / BGC0001571
M4-FUNG-0225,BGC0001573,MIBiG,,NCBITAXON:83212,Claviceps africana,,,83212,,,,,"KY677717.1:1-27,143 in current MIBiG; contains easC, cloA, easA, lpsB, lpsA and additional ergot-pathway genes; completeness unknown.",,,,dihydrolysergic acid,,DHLA is the precursor family for pharmacologically important dihydro-ergot alkaloids; native ecological role is UNCERTAIN.,,,Fungal BGC Dossier — M4-FUNG-0225 / BGC0001573
M4-FUNG-0226,BGC0001578,MIBiG,,NCBITAXON:441959,Talaromyces stipitatus ATCC 10500,,,441959,,,,,"Current MIBiG display EQ962653.1:750099-796895 (46,797 bp), with curated locus 753988-785137; defining study shows dux1 and dux2 as two separated gene clusters; completeness unknown.",,,,duclauxin,,Duclauxins are bioactive dimeric fungal polyketides; a specific ecological role for T. stipitatus is UNCERTAIN.,,,Fungal BGC Dossier — M4-FUNG-0226 / BGC0001578
M4-FUNG-0227,BGC0001585,MIBiG,,NCBITAXON:150374,Escovopsis weberi,,,150374,,,,,"BK010420.1:1-44,233 in current MIBiG; 11-gene record; completeness unknown.",,,,melinacidin IV,,Melinacidin IV functions as a virulence-associated chemical-warfare metabolite that inhibits protective Pseudonocardia during Escovopsis infection of leafcutter-ant fungus gardens.,,,Fungal BGC Dossier — M4-FUNG-0227 / BGC0001585
M4-FUNG-0228,BGC0001600,MIBiG,,NCBITAXON:5518,Fusarium graminearum,,,5518,,,,,"Current MIBiG display HG970332.2:10,915,313–10,974,118 (58,806 bp); canonical source evidence interval 10,931,974–10,955,572.",,,,fusarielin H,,Native ecological role remains NR; fusarielin congeners have mycoestrogenic bioactivity.,,,Fungal BGC Dossier — M4-FUNG-0228 / BGC0001600
M4-FUNG-0229,BGC0001604,MIBiG,,NCBITAXON:5127,Fusarium fujikuroi,,,5127,,,,,"Current MIBiG BGC0001604.3 displays a 30,000-bp KT216505.1 region; completeness remains unknown.",,,,"gibberellins, including gibberellic acid GA3",,Fungal gibberellins are plant-growth regulators associated with the bakanae disease phenotype of rice.,,,Fungal BGC Dossier — M4-FUNG-0229 / BGC0001604
M4-FUNG-0230,BGC0001606,MIBiG,,NCBITAXON:1279085,Fusarium fujikuroi IMI 58289,,,1279085,,,,,"Current display HF679033.1:2,048,482–2,096,919 (48,438 bp); canonical source interval 2,066,369–2,088,912.",,,,gibepyrone A,,Native ecological role remains UNCERTAIN; gibepyrone A is also detectable in headspace and has moderate antimicrobial activity.,,,Fungal BGC Dossier — M4-FUNG-0230 / BGC0001606
M4-FUNG-0231,BGC0001609,MIBiG,,NCBITAXON:413071,Trichoderma virens Gv29-8,,,413071,,,,,"Current MIBiG display ABDF02000047.1:1–30,121; defining genomic study describes a broader 22-gene gliovirin programme.",,,,gliovirin,,Gliovirin is anti-oomycete and contributes to the chemical arsenal underlying T. virens biological control.,,,Fungal BGC Dossier — M4-FUNG-0231 / BGC0001609
M4-FUNG-0232,BGC0001613,MIBiG,,NCBITAXON:1888172,Trichoderma hypoxylon,,,1888172,,,,,Historical accession MF504019.1; the record is retired and must not be treated as a current active complete BGC.,,,,harzianum B,,Native ecological role of harzianum B remains NR in the defining genetic study.,,,Fungal BGC Dossier — M4-FUNG-0232 / BGC0001613
M4-FUNG-0233,BGC0001616,MIBiG,,NCBITAXON:34381,Aspergillus japonicus,,,34381,,,,,"Current MIBiG display LC331673.1:1–14,029 (14,029 bp); antiSMASH marks the region at a contig edge, so completeness remains unknown.",,,,himeic acid A,,Native ecological role is NR; biochemical activity is selective inhibition of ubiquitin-activating enzyme E1.,,,Fungal BGC Dossier — M4-FUNG-0233 / BGC0001616
M4-FUNG-0234,BGC0001617,MIBiG,,NCBITAXON:721885,Stereum hirsutum FP-91666 SS1,,,721885,,,,,"Current MIBiG display NW_006763134.1:911,832–958,327 (46,496 bp); completeness remains unknown.",,,,hirsutene,,Native ecological role of hirsutene itself is NR in the defining biosynthetic study.,,,Fungal BGC Dossier — M4-FUNG-0234 / BGC0001617
M4-FUNG-0235,BGC0001621,MIBiG,,NCBITAXON:332952,Aspergillus flavus NRRL3357,,,332952,,,,,"Current MIBiG display NW_002477244.1:9,095–55,391 (46,297 bp); canonical source seed interval is narrower.",,,,imizoquin A; imizoquin B; imizoquin C; imizoquin D; TMC-2A; TMC-2B,,Imizoquins function in oxidative-stress protection during fungal germination and participate in chemical antagonism with Ralstonia.,,,Fungal BGC Dossier — M4-FUNG-0235 / BGC0001621
M4-FUNG-0236,BGC0001624,MIBiG,,NCBITAXON:393283,Pestalotiopsis fici,,,393283,,,,,"Current MIBiG display KU963195.1:1–43,773 (43,773 bp); completeness remains unknown.",,,,iso-A82775C,,Native ecological role of iso-A82775C remains UNCERTAIN; chemically it is a proposed precursor in chloropupukeananin/chloropestolide biosynthesis.,,,Fungal BGC Dossier — M4-FUNG-0236 / BGC0001624
M4-FUNG-0237,BGC0001626,MIBiG,,NCBITAXON:1283841,Stachybotrys chlorohalonata IBT 40285,,,1283841,,,,,"Current MIBiG display KL659535.1:5,661–49,000 (43,340 bp); canonical source seed interval is 5,661–46,200. antiSMASH marks the region on a contig edge.",,,,isoindolinone,,Native ecological role and record-strain bioactivity are NR. FGFC6/FGFC7 fibrinolytic activity belongs to S. longispora-derived congeners and is not assigned to BGC0001626.,,,Fungal BGC Dossier — M4-FUNG-0237 / BGC0001626
M4-FUNG-0238,BGC0001636,MIBiG,,NCBITAXON:95742,Curvularia clavata,,,95742,,,,,,NRPS (Type I),,,KK-1,,UNCERTAIN,,,Fungal BGC Dossier — M4-FUNG-0238 / BGC0001636
M4-FUNG-0239,BGC0001642,MIBiG,,ORG_17bac3b9f14e,Fusarium fujikuroi IMI 58289,,,,,,,,,,,,koraiol,,UNCERTAIN,,,Fungal BGC Dossier — M4-FUNG-0239 / BGC0001642
M4-FUNG-0240,BGC0001659,MIBiG,,ORG_31f88d0ac475,Fusarium equiseti,,,,,,,,,,,,mangicol A,,UNCERTAIN,,,Fungal BGC Dossier — M4-FUNG-0240 / BGC0001659
M4-FUNG-0241,BGC0001668,MIBiG,,NCBITAXON:227321,Aspergillus nidulans FGSC A4,,,227321,,,,,,NRPS (Type I); NRPS-like core enzyme,,,microperfuranone,,UNCERTAIN,,,Fungal BGC Dossier — M4-FUNG-0241 / BGC0001668
M4-FUNG-0242,BGC0001677,MIBiG,,NCBITAXON:5082,Penicillium roqueforti,,,5082,,,,,,PKS (Unknown),,,mycophenolic acid,,self-resistance supported for MpaF; ecological role of MPA in this strain context UNCERTAIN,,,Fungal BGC Dossier — M4-FUNG-0242 / BGC0001677
M4-FUNG-0243,BGC0001679,MIBiG,,NCBITAXON:227321,Aspergillus nidulans FGSC A4,,,227321,,,,,,NRPS (Type I); NRPS-like IvoA pathway,,,N-acetyltryptophan,,conidial pigmentation/developmental association supported; specific ecological protective function UNCERTAIN,,,Fungal BGC Dossier — M4-FUNG-0243 / BGC0001679
M4-FUNG-0244,BGC0001691,MIBiG,,NCBITAXON:1053259,Thelonectria discophora,,,1053259,,,,,,other (iminosugar biosynthesis),,,nectrisine,,glycosidase-inhibitory iminosugar activity established; native ecological role UNCERTAIN,,,Fungal BGC Dossier — M4-FUNG-0244 / BGC0001691
M4-FUNG-0245,BGC0001697,MIBiG,,NCBITAXON:367110,Neurospora crassa OR74A,,,367110,,,,,,PKS; pks-6 HR-PKS locus,,,historical: neurosporin A; current locus interpretation: sordarial,,2017 neurosporin-A model supported resistance to arthropod fungivory; this ecological phenotype is preserved separately from the later chemical locus reassignment,,,Fungal BGC Dossier — M4-FUNG-0245 / BGC0001697
M4-FUNG-0246,BGC0001699,MIBiG,,NCBITAXON:227321,Aspergillus nidulans FGSC A4,,,227321,,,,,,NRPS (Type I),,,nidulanin A,,UNCERTAIN,,,Fungal BGC Dossier — M4-FUNG-0246 / BGC0001699
M4-FUNG-0247,BGC0001706,MIBiG,,NCBITAXON:1243767,Hypoxylon pulicicidum,,,1243767,,,,,,terpene / indole diterpene,,,nodulisporic acid F,,nodulisporic acids are insecticidal indole diterpenes; exact ecological role of nodulisporic acid F in native fungus UNCERTAIN,,,Fungal BGC Dossier — M4-FUNG-0247 / BGC0001706
M4-FUNG-0248,BGC0001708,MIBiG,,NCBITAXON:1392255,Aspergillus novofumigatus IBT 16806,,,1392255,,,,,,PKS + terpene meroterpenoid,,,novofumigatonin,,UNCERTAIN,,,Fungal BGC Dossier — M4-FUNG-0248 / BGC0001708
M4-FUNG-0249,BGC0001712,MIBiG,,NCBITAXON:1392250,Aspergillus steynii IBT 23096,,,1392250,,,,,,other; bis-indolyl benzenoid candidate pathway,,,ochrindole A,,"anti-insectant activity has been reported for ochrindoles in historical chemistry literature, but native A. steynii ecological function is UNCERTAIN",,,Fungal BGC Dossier — M4-FUNG-0249 / BGC0001712
M4-FUNG-0250,BGC0001717,MIBiG,,NCBITAXON:69488,Penicillium simplicissimum,,,69488,,,,,,NRPS (Type I); indole alkaloid,,,okaramine B,,"okaramines selectively target insect glutamate-gated chloride channels, supporting an insecticidal ecological function",,,Fungal BGC Dossier — M4-FUNG-0250 / BGC0001717
M4-FUNG-0251,BGC0001718,MIBiG,,NCBITAXON:690307,Aspergillus aculeatus ATCC 16872,,,690307,,,,,,NRPS (Type I); indole alkaloid,,,okaramine D,,potent insecticidal activity through selective activation of invertebrate glutamate-gated chloride channels,,,Fungal BGC Dossier — M4-FUNG-0251 / BGC0001718
M4-FUNG-0252,BGC0001720,MIBiG,,NCBITAXON:655819,Beauveria bassiana ARSEF 2860,,,655819,,,,,,PKS (Unknown); dibenzoquinone polyketide,,,oosporein,,"post-mortem suppression of bacterial competitors on insect cadavers, supporting fungal nutrient capture and sporulation",,,Fungal BGC Dossier — M4-FUNG-0252 / BGC0001720
M4-FUNG-0253,BGC0001722,MIBiG,,NCBITAXON:227321,Aspergillus nidulans FGSC A4,,,227321,,,,,,PKS (Unknown); prenylated isoindolinone alkaloid,,,aspernidine A,,UNCERTAIN,,,Fungal BGC Dossier — M4-FUNG-0253 / BGC0001722
M4-FUNG-0254,BGC0001724,MIBiG,,NCBITAXON:933388,Penicillium oxalicum 114-2,,,933388,,,,,,NRPS (Type I) + PKS; collaborative HRPKS/PKS-NRPS pathway,,,oxaleimide C,,UNCERTAIN,,,Fungal BGC Dossier — M4-FUNG-0254 / BGC0001724
M4-FUNG-0255,BGC0001729,MIBiG,,NCBITAXON:104259,Penicillium brasilianum,,,104259,,,,,,PKS + terpene meroterpenoid,,,paraherquonin,,UNCERTAIN,,,Fungal BGC Dossier — M4-FUNG-0255 / BGC0001729
M4-FUNG-0256,BGC0001734,MIBiG,,ORG_a08e3831fd82,historical record: Aspergillus sp.; original isolation: Penicillium sp. CNL-338; later pathway study: Aspergillus flavipes CNL-338,,,UNCERTAIN,,,,,,NRPS (Type I),,,penilumamide A,,UNCERTAIN,,,Fungal BGC Dossier — M4-FUNG-0256 / BGC0001734
M4-FUNG-0257,BGC0001738,MIBiG,,NCBITAXON:1756125,Pyrenochaetopsis sp.,,,1756125,,,,,,PKS-NRPS hybrid,,,phomasetin; wakodecalines A; wakodecalines B,,phomasetin has reported HIV-1 integrase inhibition; native ecological role UNCERTAIN,,,Fungal BGC Dossier — M4-FUNG-0257 / BGC0001738
M4-FUNG-0258,BGC0001741,MIBiG,,NCBITAXON:1986016,Phyllosticta cirsii,,,1986016,,,,,,PKS-NRPS hybrid; tetramic acid,,,phyllostictine A; phyllostictine B,,phytotoxic activity is established; contribution to weed-pathogen ecology/biocontrol is plausible but not reduced to a single causal virulence role,,,Fungal BGC Dossier — M4-FUNG-0258 / BGC0001741
M4-FUNG-0259,BGC0001749,MIBiG,,NCBITAXON:242507,Pyricularia oryzae 70-15 (pathway paper uses Magnaporthe oryzae),,,242507,,,,,,PKS (Unknown); salicylaldehyde-family polyketide,,,MIBiG: epipyriculol; defining genetics: pyriculol/pyriculariol family,,"pyriculol induces lesion formation on rice leaves, but pathway contribution to virulence should remain distinguished from compound phytotoxicity",,,Fungal BGC Dossier — M4-FUNG-0259 / BGC0001749
M4-FUNG-0260,BGC0001768,MIBiG,,NCBITAXON:660122,current taxonomy: Fusarium vanettenii 77-13-4; historical/MIBiG: [Nectria] haematococca mpVI 77-13-4 / Fusarium solani,,,660122,,,,,,NRPS (Type I); cyclic pentadepsipeptide,,,sansalvamide,,anticancer activity is pharmacological context; native ecological role UNCERTAIN,,,Fungal BGC Dossier — M4-FUNG-0260 / BGC0001768
M4-FUNG-0261,BGC0001775,MIBiG,,NCBITAXON:1293529,Cordana terrestris,,,1293529,,,,,,terpene; indole diterpene,,,sespendole,,NR,,,Fungal BGC Dossier — M4-FUNG-0261 / BGC0001775
M4-FUNG-0262,BGC0001776,MIBiG,,NCBITAXON:5079,Penicillium janthinellum,,,5079,,,,,,terpene (Unknown); indole diterpene,,,shearinine D,,shearinines A/D/E show mammalian-cell bioactivity; native ecological role UNCERTAIN,,,Fungal BGC Dossier — M4-FUNG-0262 / BGC0001776
M4-FUNG-0263,BGC0001793,MIBiG,,NCBITAXON:1963369,Chaetothyriaceae sp.,,,1963369,,,,,,NRPS (Type I) + PKS (Unknown); SWN alkaloid pathway,,,swainsonine,,swainsonine is a toxic/cytotoxic alkaloid; ecological role varies among symbiotic and pathogenic producers,,,Fungal BGC Dossier — M4-FUNG-0263 / BGC0001793
M4-FUNG-0264,BGC0001794,MIBiG,,NCBITAXON:570715,Alternaria oxytropis,,,570715,,,,,,NRPS (Type I) + PKS (Unknown); SWN alkaloid pathway,,,swainsonine,,swainsonine toxicity underlies locoweed poisoning; the fungus is an endophyte of Oxytropis hosts,,,Fungal BGC Dossier — M4-FUNG-0264 / BGC0001794
M4-FUNG-0265,BGC0001811,MIBiG,,NCBITAXON:282267,Fusarium asiaticum,,,282267,,,,,,terpene (Unknown); trichothecene pathway,,,trichodiene-11-one,,trichothecenes are major Fusarium mycotoxins; trichodiene-11-one itself should not automatically inherit all endpoint-toxin phenotypes,,,Fungal BGC Dossier — M4-FUNG-0265 / BGC0001811
M4-FUNG-0266,BGC0001820,MIBiG,,NCBITAXON:1955101,historical MIBiG: Gliocladium sp.; defining study: Clonostachys rogersoniana (formerly Gliocladium sp. 6.102),,,1955101,,,,,,NRPS (Type I); dimeric epipolythiodioxopiperazine,,,verticillin,,verticillins have strong cytotoxic/bacteriostatic pharmacological activities; native ecological role UNCERTAIN,,,Fungal BGC Dossier — M4-FUNG-0266 / BGC0001820
M4-FUNG-0267,BGC0001821,MIBiG,,NCBITAXON:1955101,historical duplicate record: Gliocladium sp.,,,1955101,,,,,,NRPS (Type I),,,verticillins,,NA for duplicate identity; verticillin bioactivity belongs to surviving locus/compound evidence,,,Fungal BGC Dossier — M4-FUNG-0267 / BGC0001821
M4-FUNG-0268,BGC0001827,MIBiG,,NCBITAXON:2203296,Sarocladium sp. 'schorii'; defining study proposes Sarocladium schorii for former Acremonium strictum IMI 501407,,,2203296,,,,,,PKS (Unknown); fungal meroterpenoid/tropolone-terpene hybrid chemistry,,,xenovulene A,,native ecological role UNCERTAIN; potent GABAA-receptor pharmacology is established compound context,,,Fungal BGC Dossier — M4-FUNG-0268 / BGC0001827
M4-FUNG-0269,BGC0001839,MIBiG,,NCBITAXON:1662659,Aspergillus sp. Z5,,,1662659,,,,,,terpene (Hemiterpene),,,squalestatin S1,,squalestatin S1 is a squalene-synthase inhibitor with pharmacological/antifungal context; native ecological role UNCERTAIN,,,Fungal BGC Dossier — M4-FUNG-0269 / BGC0001839
M4-FUNG-0270,BGC0001854,MIBiG,,NCBITAXON:5544,Trichoderma harzianum t-22,,,5544,,,,,,PKS (Iterative type I); collaborating HRPKS/NRPKS system,,,tricholignan A,,"tricholignan A reduces Fe(III) to Fe(II) and alleviates iron-deficiency phenotypes in Arabidopsis, supporting a plausible role in plant iron acquisition",,,Fungal BGC Dossier — M4-FUNG-0270 / BGC0001854
M4-FUNG-0271,BGC0001857,MIBiG,,NCBITAXON:209559,MIBiG: Aspergillus sp. CLMG-2019a; defining paper: Aspergillus burnettii,,,209559,,,,,,NRPS (Type I) + PKS (Iterative type I) + other; PKS-NRPS-derived bolaamphiphile,,,burnettramic acid A,,antifungal antibiotic activity established in vitro; native ecological function UNCERTAIN,,,Fungal BGC Dossier — M4-FUNG-0271 / BGC0001857
M4-FUNG-0272,BGC0001858,MIBiG,,NCBITAXON:321614,Parastagonospora nodorum SN15,,,321614,,,,,,PKS; highly reducing polyketide synthase with P450 tailoring,,,alternapyrone B; alternapyrone C; alternapyrone D; alternapyrone E; alternapyrone F,,Alternapyrones E and F inhibit wheat seed germination; contribution to disease virulence in planta remains UNCERTAIN.,,,Fungal BGC Dossier — M4-FUNG-0272 / BGC0001858
M4-FUNG-0273,BGC0001865 v4,MIBiG,,NCBITAXON:321614,Parastagonospora nodorum SN15,,,321614,,,,,,iterative type-I PKS / perylenequinone,,,elsinochrome C,,Light-dependent phytotoxic perylenequinone; ΔelcA shows reduced virulence and elsinochrome C causes light-dependent necrosis.,,,Fungal BGC Dossier — M4-FUNG-0273 / BGC0001865
M4-FUNG-0274,BGC0001866 v4,MIBiG,,NCBITAXON:264951,Byssochlamys spectabilis,,,264951,,,,,,polyketide / xanthone dimer,,,viriditoxin,,Viriditoxin is a bioactive fungal xanthone dimer; pathway curation here is centered on biosynthetic mechanism rather than a validated ecological role.,,,Fungal BGC Dossier — M4-FUNG-0274 / BGC0001866
M4-FUNG-0275,BGC0001874 v4,MIBiG,,NCBITAXON:5059,Aspergillus flavus,,,5059,,,,,,hybrid PKS-NRPS plus prenylation/oxidation,,,alpha-cyclopiazonic acid,,Cyclopiazonic acid is a fungal mycotoxin; this dossier does not infer that adjacency to the aflatoxin cluster implies shared catalytic steps.,,,Fungal BGC Dossier — M4-FUNG-0275 / BGC0001874
M4-FUNG-0276,BGC0001881 v4,MIBiG,,NCBITAXON:148305,Pyricularia grisea,,,148305,,,,,,iterative PKS-NRPS cytochalasan pathway,,,pyrichalasin H,,Bioactive cytochalasan-family secondary metabolism; ecological role was not required to establish the locus-product relationship.,,,Fungal BGC Dossier — M4-FUNG-0276 / BGC0001881
M4-FUNG-0277,BGC0001882 v3,MIBiG,,NCBITAXON:500485,Penicillium rubens Wisconsin 54-1255,,,500485,,,,,,PKS-associated xanthone candidate locus,,,"chrysoxanthones A, B and C",,NF for a locus-specific ecological function.,,,Fungal BGC Dossier — M4-FUNG-0277 / BGC0001882
M4-FUNG-0278,BGC0001886 v2,MIBiG,,NCBITAXON:1111077,Claviceps purpurea 20.1,,,1111077,,,,,,polyketide / anthraquinone-ergochrome pathway,,,secalonic acids A/B/C; endocrocin; clavorubin,,Ergochrome pigments contribute to the characteristic dark/purple-black sclerotial pigmentation of C. purpurea.,,,Fungal BGC Dossier — M4-FUNG-0278 / BGC0001886
M4-FUNG-0279,BGC0001888 v2,MIBiG,,NCBITAXON:237631,Ustilago maydis 521,,,237631,,,,,,other; glycolipid biosynthesis,,,"mannosylerythritol lipids A, B and C",,Secreted biosurfactant/glycolipid metabolism; transporter genetics directly connects pathway execution to recovery/export.,,,Fungal BGC Dossier — M4-FUNG-0279 / BGC0001888
M4-FUNG-0280,BGC0001893 v3,MIBiG,,NCBITAXON:332648,Botrytis cinerea B05.10,,,332648,,,,,,sesquiterpenoid ABA biosynthesis,,,abscisic acid,,Fungal production of the phytohormone ABA is established; a specific virulence contribution is not inferred solely from biosynthesis.,,,Fungal BGC Dossier — M4-FUNG-0280 / BGC0001893
M4-FUNG-0281,BGC0001899 v3,MIBiG,,NCBITAXON:985895,Leptosphaeria maculans JN3; current MIBiG display uses Plenodomus lingam JN3,,,985895,,,,,,PKS-associated fungal ABA pathway,,,abscisic acid,,"ABA production is established during the infection-associated programme, but the tested cluster-gene mutations did not establish ABA as a required virulence factor on canola cotyledons.",,,Fungal BGC Dossier — M4-FUNG-0281 / BGC0001899
M4-FUNG-0282,BGC0001901 v3,MIBiG,,NCBITAXON:5544,Trichoderma harzianum,,,5544,,,,,,PKS-associated tricholignan pathway,,,tricholignan A,,See active successor: tricholignan A has iron-reduction/plant-phenotype context; no second independent biological role is created for BGC0001901.,,,Fungal BGC Dossier — M4-FUNG-0282 / BGC0001901
M4-FUNG-0283,BGC0001906 v2,MIBiG,,NCBITAXON:1169046,Daldinia eschscholzii IFB-TL01,,,1169046,,,,,,PKS / naphthalene polyketides,,,"2-acetyl-1,3,6,8-tetrahydroxynaphthalene; 1,3,6,8-tetrahydroxynaphthalene",,Naphthalene intermediates feed dalmanol/acetodalmanol hybrid chemistry when coupled to the chromane pathway.,,,Fungal BGC Dossier — M4-FUNG-0283 / BGC0001906
M4-FUNG-0284,BGC0001907 v2,MIBiG,,NCBITAXON:1169046,Daldinia eschscholzii IFB-TL01,,,1169046,,,,,,PKS / chromane polyketides,,,chromane,,Chromane intermediates form one polyketide half of dalmanol-class hybrid natural products.,,,Fungal BGC Dossier — M4-FUNG-0284 / BGC0001907
M4-FUNG-0285,BGC0001909 v3,MIBiG,,NCBITAXON:41251,Strobilurus tenacellus,,,41251,,,,,,highly reducing PKS / beta-methoxyacrylate,,,strobilurin A,,Strobilurin A is an antifungal mitochondrial complex-III inhibitor and progenitor of the agricultural strobilurin fungicide class.,,,Fungal BGC Dossier — M4-FUNG-0285 / BGC0001909
M4-FUNG-0286,BGC0001913 v3,MIBiG,,NCBITAXON:1729595,fungal sp. ATCC 74256,,,1729595,,,,,,HR-PKS / fungal dimeric anhydride,,,phomoidride,,Phomoidride is an antihypercholesterolemic fungal dimeric anhydride; curation centers on biosynthetic mechanism.,,,Fungal BGC Dossier — M4-FUNG-0286 / BGC0001913
M4-FUNG-0287,BGC0001915 v3,MIBiG,,NCBITAXON:1979465,Phoma betae,,,1979465,,,,,,sesterterpene,,,betaestacin I; betaestacin II,,Sesterterpenoid secondary metabolism; no locus-specific ecological role is inferred.,,,Fungal BGC Dossier — M4-FUNG-0287 / BGC0001915
M4-FUNG-0288,BGC0001923 v3,MIBiG,,NCBITAXON:749675,Acremonium egyptiacum,,,749675,,,,,,PKS-terpene meroterpenoid,,,ascochlorin,,Ascochlorin is a bioactive fungal meroterpenoid; this dossier centers on complete reaction-level pathway assignment.,,,Fungal BGC Dossier — M4-FUNG-0288 / BGC0001923
M4-FUNG-0289,BGC0001924 v3,MIBiG,,NCBITAXON:749675,Acremonium egyptiacum,,,749675,,,,,,terpene / multilocus meroterpenoid,,,ascofuranone,,Ascofuranone is a bioactive meroterpenoid and lead against African trypanosomiasis; pathway assignment is genetic/biochemical.,,,Fungal BGC Dossier — M4-FUNG-0289 / BGC0001924
M4-FUNG-0290,BGC0001926 v3,MIBiG,,NCBITAXON:198730,Talaromyces verruculosus,,,198730,,,,,,PKS-terpene meroterpenoid,,,chrodrimanin B,,Fungal meroterpenoid secondary metabolism; the reconstructed pathway provides a platform for chrodrimanin bioengineering.,,,Fungal BGC Dossier — M4-FUNG-0290 / BGC0001926
M4-FUNG-0291,BGC0001936 v3,MIBiG,,NCBITAXON:1243767,Hypoxylon pulicicidum,,,1243767,,,,,,indole diterpene / terpene,,,nodulisporic acid F,,Nodulisporic acids are potent anti-insectan indole diterpenes; NAF is a core branch-point intermediate.,,,Fungal BGC Dossier — M4-FUNG-0291 / BGC0001936
M4-FUNG-0292,BGC0001954 v2,MIBiG,,NCBITAXON:28567,Talaromyces wortmannii,,,28567,,,,,,truncated PKS-NRPS (PKS-C) / long-chain N-acyl amide,,,wortmanamide A; wortmanamide B,,Wortmanamides resemble long-chain N-acyl-amide signaling lipids; direct endogenous signaling function was not established.,,,Fungal BGC Dossier — M4-FUNG-0292 / BGC0001954
M4-FUNG-0293,BGC0001966 v3,MIBiG,,NCBITAXON:1707701,Phoma sp. F3723,,,1707701,,,,,,iterative type-I PKS + type-I NRPS,,,BII-rafflesfungin,,Broad-spectrum antifungal activity was the phenotype used to guide isolation.,,,Fungal BGC Dossier — M4-FUNG-0293 / BGC0001966
M4-FUNG-0294,BGC0001969 v3,MIBiG,,NCBITAXON:28567,Talaromyces wortmannii,,,28567,,,,,,sesterterpenoid / terpene,,,asperterpenoid A,,Bioactivity against a tuberculosis protein tyrosine phosphatase was demonstrated; ecological role NF.,,,Fungal BGC Dossier — M4-FUNG-0294 / BGC0001969
M4-FUNG-0295,BGC0001976 v3,MIBiG,,NCBITAXON:1707701,Phoma sp. CGMCC 10481,,,1707701,,,,,,bistropolone-humulene meroterpenoid,,,eupenifeldin,,Antitumor/anti-glioma bioactivity demonstrated in vitro; ecological role NF.,,,Fungal BGC Dossier — M4-FUNG-0295 / BGC0001976
M4-FUNG-0296,BGC0001977 v3,MIBiG,,NCBITAXON:1707701,Phoma sp.,,,1707701,,,,,,historical other/retired representation of eupenifeldin pathway,,,eupenifeldin,,See active BGC0001976; no duplicate biological role created.,,,Fungal BGC Dossier — M4-FUNG-0296 / BGC0001977
M4-FUNG-0297,BGC0001978 v3,MIBiG,,NCBITAXON:209559,Aspergillus sp. CLMG-2019a / Aspergillus burnettii study provenance,,,209559,,,,,,PKS-NRPS-derived burnettramic pathway,,,burnettramic acid,,Most abundant burnettramic metabolite showed potent in-vitro antifungal activity; no duplicate role created here.,,,Fungal BGC Dossier — M4-FUNG-0297 / BGC0001978
M4-FUNG-0298,BGC0001982 v3,MIBiG,,NCBITAXON:148305,Pyricularia grisea,,,148305,,,,,,PKS-NRPS cytochalasan pathway,,,pyrichalasin H,,See active BGC0001881; no duplicate role created.,,,Fungal BGC Dossier — M4-FUNG-0298 / BGC0001982
M4-FUNG-0299,BGC0001988 v3,MIBiG,,NCBITAXON:1392255,Aspergillus novofumigatus IBT 16806,,,1392255,,,,,,polyketide / xanthone heterodimer,,,neosartorin,,Ecological role NF in defining pathway study; curation centers on biosynthetic mechanism.,,,Fungal BGC Dossier — M4-FUNG-0299 / BGC0001988
M4-FUNG-0300,BGC0001989 v3,MIBiG,,NCBITAXON:28985,Kluyveromyces lactis,,,28985,,,,,,cyclodipeptide-derived iron-chelating secondary metabolite,,,pulcherrimin via secreted pulcherriminic acid and iron complexation,,Environmental iron sequestration/monopolization and reutilization; antifungal competition can arise from iron depletion.,,,Fungal BGC Dossier — M4-FUNG-0300 / BGC0001989
M4-FUNG-0301,BGC0001995 v3,MIBiG,,NCBITAXON:510516,Aspergillus oryzae RIB40,,,510516,,,,,,sesquiterpene lactone,,,heptelidic acid (koningic acid),,Heptelidic acid inhibits GAPDH and suppresses salt-tolerant lactic-acid bacteria relevant to soy-sauce fermentation.,,,Fungal BGC Dossier — M4-FUNG-0301 / BGC0001995
M4-FUNG-0302,BGC0001996 v2,MIBiG,,NCBITAXON:510516,Aspergillus oryzae RIB40,,,510516,,,,,,maleidride candidate pathway using fungal FAS + citrate synthase chemistry,,,oryzine A; oryzine B,,NF for a locus-specific ecological function.,,,Fungal BGC Dossier — M4-FUNG-0302 / BGC0001996
M4-FUNG-0303,BGC0001998 v2,MIBiG,,NCBITAXON:227321,Aspergillus nidulans FGSC A4,,,227321,,,,,,PKS-associated cryptic polyene pathway,,,aspernidgulene A1; aspernidgulene A2; aspernidgulene B1,,NF for a validated ecological function; significance here is cryptic-pathway activation.,,,Fungal BGC Dossier — M4-FUNG-0303 / BGC0001998
M4-FUNG-0304,BGC0002030 v3,MIBiG,,NCBITAXON:264951,Byssochlamys spectabilis,,,264951,,,,,,polyketide / xanthone-dimer pathway,,,viriditoxin,,See active BGC0001866; no separate biological role is created for the retired duplicate.,,,Fungal BGC Dossier — M4-FUNG-0304 / BGC0002030
M4-FUNG-0305,BGC0002035 v3,MIBiG,,NCBITAXON:1735992,Neonectria sp. DH2,,,1735992,,,,,,PKS-NRPS 2-pyridone/decalin pathway,,,ilicicolin H; ilicicolin J; 8-epi-ilicicolin H,,Ilicicolin H is a broad-spectrum antifungal inhibitor of mitochondrial cytochrome bc1 reductase; reduced in-vivo activity is reported.,,,Fungal BGC Dossier — M4-FUNG-0305 / BGC0002035
M4-FUNG-0306,BGC0002062 v2,MIBiG,,NCBITAXON:644132,Paecilomyces divaricatus,,,644132,,,,,,nonreducing PKS anthraquinone/xanthone-related pathway,,,agnestin A; agnestin B,,NF for a specific ecological role; pathway importance is mechanistic anthraquinone/xanthone biosynthesis.,,,Fungal BGC Dossier — M4-FUNG-0306 / BGC0002062
M4-FUNG-0307,BGC0002063 v3,MIBiG,,NCBITAXON:2572248,Cryptosporiopsis sp. 8999,,,2572248,,,,,,iterative PKS / dimeric xanthone pathway,,,cryptosporioptide A; cryptosporioptide B; cryptosporioptide C,,Original cryptosporioptide was reported as bioactive; this dossier centers on corrected structure and genetic biosynthesis rather than ecological function.,,,Fungal BGC Dossier — M4-FUNG-0307 / BGC0002063
M4-FUNG-0308,BGC0002065 v2,MIBiG,,NCBITAXON:41251,Strobilurus tenacellus,,,41251,,,,,,PKS-associated strobilurin pathway,,,strobilurin A,,See active successor representation; no second independent biological role is inferred.,,,Fungal BGC Dossier — M4-FUNG-0308 / BGC0002065
M4-FUNG-0309,BGC0002066 v3,MIBiG,,NCBITAXON:5544,Trichoderma harzianum,,,5544,,,,,,iterative PKS-NRPS 2-pyridone pathway,,,harzianopyridone,,Harzianopyridone is an antifungal 2-pyridone and mitochondrial complex II inhibitor.,,,Fungal BGC Dossier — M4-FUNG-0309 / BGC0002066
M4-FUNG-0310,BGC0002067 v3,MIBiG,,NCBITAXON:933388,Penicillium oxalicum 114-2,,,933388,,,,,,iterative PKS-NRPS 2-pyridone pathway,,,atpenin B,,Atpenins are potent and specific inhibitors of mitochondrial complex II (succinate-ubiquinone oxidoreductase).,,,Fungal BGC Dossier — M4-FUNG-0310 / BGC0002067
M4-FUNG-0311,BGC0002093 v2,MIBiG,,NCBITAXON:28576,Talaromyces variabilis,,,28576,,,,,,PKS-NRPS 2-pyridone/decalin pathway,,,ilicicolin H,,Ilicicolin H is an antifungal mitochondrial bc1 inhibitor; IccE-dependent stereochemical maturation is critical for the observed antifungal activity.,,,Fungal BGC Dossier — M4-FUNG-0311 / BGC0002093
M4-FUNG-0312,BGC0002113 v3,MIBiG,,NCBITAXON:2765005,Fusarium sp. 190-020-2,,,2765005,,,,,,cyclooligomer depsipeptide / NRPS-type beauvericin pathway context,,,beauvericin,,Beauvericin is a bioactive cyclodepsipeptide; a strain-specific ecological or virulence role was not established for Fusarium sp. 190-020-2.,,,Fungal BGC Dossier — M4-FUNG-0312 / BGC0002113
M4-FUNG-0313,BGC0002139 v3,MIBiG,,NCBITAXON:209559,Aspergillus burnettii FRR 5400,,,209559,,,,,,iterative type I HR-PKS polyene-decalin pathway,,,burnettiene A; preburnettiene A; preburnettiene B,,Antifungal/cytotoxic bioactivity is reported; ecological role in A. burnettii is NF.,,,Fungal BGC Dossier — M4-FUNG-0313 / BGC0002139
M4-FUNG-0314,BGC0002146 v2,MIBiG,,NCBITAXON:2040732,Cladobotryum sp. No. 11231 / Cladobotryum sp.,,,2040732,,,,,,"NRPS-centered alkaloid pathway with oxidative, reductive and phosphorylation tailoring",,,(-)-FR901483,,"FR901483 is immunosuppressive; desphosphoryl material lacks activity, implicating the phosphate ester. Purine-nucleotide-biosynthesis inhibition was proposed as a target.",,,Fungal BGC Dossier — M4-FUNG-0314 / BGC0002146
M4-FUNG-0315,BGC0002149 v2,MIBiG,,NCBITAXON:209559,Aspergillus alliaceus ATCC 20738,,,209559,,,,,,indole-diterpene pathway with monomodular NRPS-like aminoacyl tailoring,,,"14-hydroxypaspalinine; 14-(leucyloxy)paspalinine; 14-(N,N-dimethylleucyloxy)paspalinine",,NF for a demonstrated ecological role of this exact aminoacylated pathway in A. alliaceus.,,,Fungal BGC Dossier — M4-FUNG-0315 / BGC0002149
M4-FUNG-0316,BGC0002154 v2,MIBiG,,NCBITAXON:242507,Pyricularia oryzae 70-15,,,242507,,,,,,nonreducing PKS DHN-melanin pathway,,,"1,3,6,8-tetrahydroxynaphthalene and DHN-melanin pathway products",,"Melanin is required for appressorium function/virulence and contributes to conidial resistance to UV, oxidative and freezing stress; some conidiation effects are strain dependent.",,,Fungal BGC Dossier — M4-FUNG-0316 / BGC0002154
M4-FUNG-0317,BGC0002155 v3,MIBiG,,NCBITAXON:242507,Pyricularia oryzae 70-15,,,242507,,,,,,iterative type I PKS plus O-methyltransferase alpha-pyrone pathway,,,nectriapyrone; nectriapyrone C; nectriapyrone D and related analogs,,Nectriapyrones can show antibacterial activity in the broader literature; a definitive ecological/virulence role for this exact P. oryzae locus is NF.,,,Fungal BGC Dossier — M4-FUNG-0317 / BGC0002155
M4-FUNG-0318,BGC0002156 v2,MIBiG,,NCBITAXON:1156157,Fulvia fulva CBS 131901 (syn. Cladosporium fulvum),,,1156157,,,,,,nonreducing PKS DHN-melanin pathway,,,"1,3,6,8-tetrahydroxynaphthalene; DHN melanin",,"DHN melanin controls pigmentation; Δcfpks1 mutants remained virulent on tomato, arguing against a major pathogenicity requirement under tested conditions.",,,Fungal BGC Dossier — M4-FUNG-0318 / BGC0002156
M4-FUNG-0319,BGC0002157 v2,MIBiG,,NCBITAXON:5059,Aspergillus flavus,,,5059,,,,,,NRPS diketopiperazine alkaloid pathway with P450 oxidative cyclization/dimerization,,,(-)-ditryptophenaline,,Ditryptophenaline has substance-P receptor activity in the literature; ecological role of the locus in A. flavus is NF.,,,Fungal BGC Dossier — M4-FUNG-0319 / BGC0002157
M4-FUNG-0320,BGC0002158 v2,MIBiG,,NCBITAXON:242507,Pyricularia oryzae 70-15,,,242507,,,,,,unusual NRPS-PKS hybrid tetramic-acid pathway,,,tenuazonic acid,,"TAS1 deletion does not reduce virulence, but constitutive TAS1 expression suppresses infection and native TAS1 expression changes with infection stage, indicating timing rather than simple necessity.",,,Fungal BGC Dossier — M4-FUNG-0320 / BGC0002158
M4-FUNG-0321,BGC0002159 v3,MIBiG,,NCBITAXON:240176,Coprinopsis cinerea okayama7#130,,,240176,,,,,,cuparene-type sesquiterpene pathway with P450 oxidation network,,,lagopodin B; lagopodin A and oxidized pathway products,,"Lagopodin B inhibits several Gram-positive bacteria including B. subtilis but not tested Gram-negative bacteria, supporting an inducible antibacterial interaction role.",,,Fungal BGC Dossier — M4-FUNG-0321 / BGC0002159
M4-FUNG-0322,BGC0002161 v2,MIBiG,,NCBITAXON:1229662,Pestalotiopsis fici W106-1,,,1229662,,,,,,nonreducing PKS DHN-melanin pathway,,,"scytalone; 1,3,8-trihydroxynaphthalene (T3HN); DHN melanin",,"DHN melanin is required for normal multicellular conidial pigmentation, adherence/cell-wall development and structural maturation.",,,Fungal BGC Dossier — M4-FUNG-0322 / BGC0002161
M4-FUNG-0323,BGC0002162,MIBiG,3,NCBITAXON:331117,Aspergillus fischeri NRRL 181,,,331117,DS027698.1,,,,DS027698.1:2485363-2490827,terpene (Unknown),sesterterpene pathway centered on bifunctional prenyltransferase-terpene cyclase plus P450,sesterfisherol/sesterfisheric-acid sesterterpenes,"sesterfisherol; sesterfisheric acid; compounds 5, 6, 7a, 8",polycyclic sesterterpenes,NF for a demonstrated native ecological role,,,Fungal BGC Dossier — M4-FUNG-0323 / BGC0002162
M4-FUNG-0324,BGC0002163,MIBiG,3,NCBITAXON:1028729,Fusarium pseudograminearum CS3096,,,1028729,CM003200.1,,,,CM003200.1:7244202-7253668,other (other),fungal cytokinin biosynthetic cluster centered on IPT–LOG fusion and P450,Fusarium cytokinins,fusatin; fusatinic acid; 8-oxo-fusatin; 8-oxo-isopentenyladenine,purine-derived cytokinin mimics,plant-hormone mimicry; activates cytokinin signalling and reprograms host transcription,,,Fungal BGC Dossier — M4-FUNG-0324 / BGC0002163
M4-FUNG-0325,BGC0002164,MIBiG,2,NCBITAXON:35717,Epichloë festucae,,,35717,AB205145.1,,,,AB205145.1:14489-22810,NRPS (Type I),two-module peramine NRPS pathway,peramine,peramine,pyrrolopyrazine nonribosomal-peptide-derived alkaloid,insect feeding deterrent that protects the grass–endophyte symbiotum,,,Fungal BGC Dossier — M4-FUNG-0325 / BGC0002164
M4-FUNG-0326,BGC0002165,MIBiG,3,NCBITAXON:321614,Parastagonospora nodorum SN15,,,321614,CH445335.1,,,,CH445335.1:1238225-1260054,PKS (Unknown),fungal polyketide pathway with BBE-like aldolase tailoring,betaenone/stemphyloxin polyketides,betaenone C; probetaenone I; stemphyloxin II; dehydroprobetaenone I; additional recorded congeners,highly oxygenated fungal polyketides with bridged tricyclic scaffold,stemphyloxin II is phytotoxic; direct necessity of this pathway for P. nodorum virulence was not established in the defining study,,,Fungal BGC Dossier — M4-FUNG-0326 / BGC0002165
M4-FUNG-0327,BGC0002167,MIBiG,2,NCBITAXON:332952,Aspergillus flavus NRRL 3357,,,332952,CP059871.1,,,,CP059871.1:1196775-1211873,NRPS (Type I),noncanonical NRPS-like reductive amino-acid dimerization/piperazine pathway,tyrosine-derived piperazine/morpholine metabolites,"actinopolymorphol C; piperazine compounds 1/2; morpholine-containing hemiacetal; N,N-dioxide and sulfonated derivatives; 3-(p-hydroxyphenyl)-1,2-propanediol",NRPS-like amino-acid-derived piperazine/morpholine natural products,NF for a demonstrated native ecological function of the pathway,,,Fungal BGC Dossier — M4-FUNG-0327 / BGC0002167
M4-FUNG-0328,BGC0002168,MIBiG,3,NCBITAXON:1549217,Aspergillus stellatus,,,1549217,MW315913.1,,,,"MW315913.1; full submitted cluster sequence, exact coordinate subrange NA",PKS (Unknown),calbistrin polyketide pathway with single-PKS branch divergence controlled by trans-acting ER/MT,calbistrins / decumbenones,calbistrin A; calbistrin C; decumbenones A/B/C; dioic-acid moiety,bimodular-appearance fungal polyketides composed of decalin and polyene portions,"bioactivities have been reported for calbistrin/decumbenone congeners, but a native ecological role for this A. stellatus locus is NF",,,Fungal BGC Dossier — M4-FUNG-0328 / BGC0002168
M4-FUNG-0329,BGC0002169,MIBiG,3,NCBITAXON:690307,Aspergillus aculeatus ATCC 16872,,,690307,KV878980.1,,,,KV878980.1:937594-982528,NRPS (Type I); PKS (Unknown),split PKS–NRPS hybrid pathway encoded by individually translated core synthases,acurin,acurin A,mixed polyketide–nonribosomal peptide natural product,NF for a demonstrated native ecological role,,,Fungal BGC Dossier — M4-FUNG-0329 / BGC0002169
M4-FUNG-0330,BGC0002170,MIBiG,2,NCBITAXON:1549217,Aspergillus stellatus (current MIBiG mapping),,,1549217,LC492132.1,,,,LC492132.1; exact coordinate subrange NA,PKS (Unknown),highly reducing PKS with intrinsic methyltransferase and no enoylreductase; β-ketolactone-forming pathway,polyenoic β-ketolactones,4-methyl-5-dimethyltetradecahexaene-β-ketolactone; 4-methyl-5-methylheptatriene-β-ketolactone,polyenoic β-ketolactones from a highly reducing PKS,NF for native ecological role,,,Fungal BGC Dossier — M4-FUNG-0330 / BGC0002170
M4-FUNG-0331,BGC0002171,MIBiG,2,NCBITAXON:380704,Aspergillus niger ATCC 1015,,,380704,ACJE01000002.1,,,,ACJE01000002.1:1176150-1183500,NRPS (Type I); PKS (Unknown),single NRPS–NRPKS hybrid megasynthetase α-pyrone pathway,amino-acid-derived α-pyrones,pyrophen; campyrone B,phenylalanine-derived α-pyrone polyketide–peptide hybrids,NF for native ecological role,,,Fungal BGC Dossier — M4-FUNG-0331 / BGC0002171
M4-FUNG-0332,BGC0002172,MIBiG,3,NCBITAXON:229533,Fusarium graminearum PH-1,,,229533,CM000576.1,,,,CM000576.1:6023471-6078385,NRPS (Type I),two-enzyme linear nonribosomal octapeptide assembly line with local transcription-factor control,fg3_54 nonribosomal peptides,fusaoctaxin A; fusatrixin; fusapentaxin,linear nonribosomal peptide; fusaoctaxin A is an octapeptide,fusaoctaxin A is a virulence factor that facilitates cell-to-cell invasion of wheat tissue,,,Fungal BGC Dossier — M4-FUNG-0332 / BGC0002172
M4-FUNG-0333,BGC0002173,MIBiG,2,NCBITAXON:451804,Aspergillus fumigatus A1163,,,451804,DS499598.1,,,,DS499598.1:2415644-2423329 in canonical source; current MIBiG page displays a broader 2405736-2428290 region,saccharide; terpene (Unknown),hopane-type triterpenoid glycoside pathway,fumihopaside hopane-type triterpenoid glycosides,"fumihopaside A; compound 3; 21-β-H-hopane-3beta,22-diol",hopane-type pentacyclic triterpenoid glycoside,fumihopaside A contributes to protection against heat and ultraviolet stress,,,Fungal BGC Dossier — M4-FUNG-0333 / BGC0002173
M4-FUNG-0334,BGC0002174,MIBiG,,NCBITAXON:35717,Epichloe festucae,,,35717,,,,,,NRPS (Type I); ε-poly-L-lysine synthetase system,,,ε-Poly-L-lysine,,antifungal activity against multiple plant pathogens supports a plausible protective endophyte role; field-level contribution remains UNCERTAIN,,,Fungal BGC Dossier — M4-FUNG-0334 / BGC0002174
M4-FUNG-0335,BGC0002175,MIBiG,,NCBITAXON:510516,Aspergillus oryzae RIB40,,,510516,,,,,,PKS (Unknown); spore-pigment polyketide precursor,,,YWA1,,spore-pigment precursor context; direct ecological role of isolated YWA1 in A. oryzae UNCERTAIN,,,Fungal BGC Dossier — M4-FUNG-0335 / BGC0002175
M4-FUNG-0336,BGC0002176,MIBiG,,NCBITAXON:229533,Fusarium graminearum PH-1,,,229533,,,,,,terpene (Unknown); longiborneol/culmorin sesquiterpene pathway,,,culmorin; associated record also lists (+)-juniperol/longiborneol and 15-acetyldeoxynivalenol,,culmorin is a Fusarium secondary metabolite often co-occurring with trichothecenes; independent virulence/toxicity attribution in this record remains UNCERTAIN,,,Fungal BGC Dossier — M4-FUNG-0336 / BGC0002176
M4-FUNG-0337,BGC0002177,MIBiG,,NCBITAXON:1159556,Ustilaginoidea virens,,,1159556,,,,,,PKS (Unknown); bis-naphtho-γ-pyrone polyketides,,,"ustilaginoidins A, D, E, F, G, M, N and O",,mycotoxin/phytotoxic secondary-metabolite family of the rice false-smut pathogen; precise contribution of individual congeners to virulence remains context dependent,,,Fungal BGC Dossier — M4-FUNG-0337 / BGC0002177
M4-FUNG-0338,BGC0002178,MIBiG,,NCBITAXON:229533,Fusarium graminearum PH-1,,,229533,,,,,,NRPS (Type I); bicyclic lipopeptides,,,gramillin A; gramillin B,,maize-specific virulence factor; purified gramillins induce cell death in maize leaves but not wheat,,,Fungal BGC Dossier — M4-FUNG-0338 / BGC0002178
M4-FUNG-0339,BGC0002179,MIBiG,,NCBITAXON:5599,Alternaria alternata,,,5599,,,,,,NRPS (Type I); cyclic tetrapeptide,,,tentoxin,,tentoxin inhibits chloroplast F1-ATPase and causes chlorosis in sensitive plants; exact contribution to disease in this strain remains context dependent,,,Fungal BGC Dossier — M4-FUNG-0339 / BGC0002179
M4-FUNG-0340,BGC0002180,MIBiG,,NCBITAXON:227321,Aspergillus nidulans FGSC A4,,,227321,,,,,,PKS (Unknown); asperlin polyketide pathway,,,"(+)-asperlin; (2Z,4Z,6E)-octa-2,4,6-trienoic acid",,asperlin has reported antibiotic/anti-inflammatory/antitumor bioactivity context; native ecological function in A. nidulans UNCERTAIN,,,Fungal BGC Dossier — M4-FUNG-0340 / BGC0002180
M4-FUNG-0341,BGC0002181,MIBiG,,NCBITAXON:693819,Rhodocybe pseudopiperita,,,693819,,,,,,terpene (Unknown); diterpene antibiotic,,,pleuromutilin,,pleuromutilin is the scaffold of a clinically important ribosome-targeting antibiotic class; native fungal ecological role UNCERTAIN,,,Fungal BGC Dossier — M4-FUNG-0341 / BGC0002181
M4-FUNG-0342,BGC0002182,MIBiG,,NCBITAXON:29875,Trichoderma virens,,,29875,,,,,,other (other); steroidal/furanosteroid secondary-metabolite pathway,,,viridin,,viridin has antifungal and pharmacological/PI3K-inhibitory context; specific native biocontrol contribution of this retired locus remains UNCERTAIN,,,Fungal BGC Dossier — M4-FUNG-0342 / BGC0002182
M4-FUNG-0343,BGC0002183,MIBiG,,NCBITAXON:49331,Wickerhamiella pararugosa,,,49331,,,,,,MIBiG: NRPS (Type I); functionally a horizontally acquired bacterial-type enterobactin operon,,,enterobactin,,iron scavenging and microbial competition are strongly supported pathway functions; exact ecological benefit in W. pararugosa is plausible but not assigned beyond the evidence,,,Fungal BGC Dossier — M4-FUNG-0343 / BGC0002183
M4-FUNG-0344,BGC0002184,MIBiG,,NCBITAXON:344612,Aspergillus clavatus NRRL 1,,,344612,,,,,,terpene (Unknown); sesterterpene pathway,,,ophiobolin C; zizanin-A (historical MIBiG labels); directly validated core product ophiobolin F,,ophiobolins are phytotoxic/bioactive sesterterpenes; direct ecological role of this retired A. clavatus locus remains UNCERTAIN,,,Fungal BGC Dossier — M4-FUNG-0344 / BGC0002184
M4-FUNG-0345,BGC0002185,MIBiG,,NCBITAXON:5081 (canonical source genus-level taxon),Penicillium sp. sh18; canonical source lists Penicillium sp.,,,5081 (canonical source genus-level taxon),,,,,,PKS (Unknown); chain-fused fungal polyketide,,,gregatin A,,"natural-product bioactivity context exists, but native ecological role of gregatin A in Penicillium sp. sh18 is UNCERTAIN",,,Fungal BGC Dossier — M4-FUNG-0345 / BGC0002185
M4-FUNG-0346,BGC0002186,MIBiG,,NCBITAXON:229533,Fusarium graminearum PH-1,,,229533,,,,,,NRPS (Type I); PKS (Unknown); lipopeptide hybrid pathway,,,fusaristatin A,,lipopeptide secondary metabolite; specific virulence or ecological requirement in F. graminearum remains UNCERTAIN,,,Fungal BGC Dossier — M4-FUNG-0346 / BGC0002186
M4-FUNG-0347,BGC0002187,MIBiG,,NCBITAXON:1380566,Pochonia chlamydosporia 170,,,1380566,,,,,,PKS (Unknown); radicicol/resorcylic acid lactone family,,,"monorden D; monocillin II, IV, V, VI, VII; pochonin M",,"antibacterial activity supports possible biocontrol relevance, but a causal role of this candidate BGC in P. chlamydosporia ecology is UNCERTAIN",,,Fungal BGC Dossier — M4-FUNG-0347 / BGC0002187
M4-FUNG-0348,BGC0002188,MIBiG,,NCBITAXON:1028729,Fusarium pseudograminearum CS3096,,,1028729,,,,,,NRPS (Type I); PKS (Unknown); hybrid lipopeptide pathway,,,W493 A; W493 B,,nonribosomal lipopeptide secondary metabolites; specific role in cereal pathogenicity or ecology remains UNCERTAIN,,,Fungal BGC Dossier — M4-FUNG-0348 / BGC0002188
M4-FUNG-0349,BGC0002189,MIBiG,,NCBITAXON:1318459,Fusarium pseudograminearum CS5834 in canonical source; defining paper refers to C5834,,,1318459,,,,,,NRPS (Type I) in MIBiG; functionally homologous fusaristatin hybrid pathway context,,,fusaristatin A,,secondary-metabolite variation linked to recent cluster loss/retention; direct contribution to crown-rot virulence remains UNCERTAIN,,,Fungal BGC Dossier — M4-FUNG-0349 / BGC0002189
M4-FUNG-0350,BGC0002190,MIBiG,,NCBITAXON:857340,Acremonium chrysogenum ATCC 11550,,,857340,,,,,,PKS (Unknown); sorbicillinoid polyketide pathway,,,"sorbicillin-family sorbicillinoids including sorbicillin, sorbicillinol, oxosorbicillinol and dimeric derivatives",,yellow-pigment secondary-metabolite programme; specific ecological role in A. chrysogenum remains UNCERTAIN,,,Fungal BGC Dossier — M4-FUNG-0350 / BGC0002190
M4-FUNG-0351,BGC0002191,MIBiG,,NCBITAXON:229533,Fusarium graminearum PH-1,,,229533,,,,,,PKS (Unknown); stand-alone α-pyrone PKS programme,,,"prolipyrone B; gibepyrone D in MIBiG; overexpression also yields gibepyrones A, B and G",,cryptic α-pyrone secondary metabolism; ecological role remains UNCERTAIN,,,Fungal BGC Dossier — M4-FUNG-0351 / BGC0002191
M4-FUNG-0352,BGC0002192,MIBiG,,NCBITAXON:1813822,fungal sp. No.14919; species unresolved in canonical source,,,1813822,,,,,,PKS (Unknown); natural statin pathway,,,FR901512,,potent HMG-CoA-reductase-inhibiting natural statin; native ecological role in unresolved fungal strain 14919 remains UNCERTAIN,,,Fungal BGC Dossier — M4-FUNG-0352 / BGC0002192
M4-FUNG-0353,BGC0002193,MIBiG,,NCBITAXON:341663,Aspergillus terreus NIH2624,,,341663,,,,,,MIBiG other (other); NRPS-like A-T-TE enzyme pathway,,,phenguignardic acid,,phenguignardic acid has reported non-host-specific phytotoxicity; native ecological function in A. terreus NIH2624 remains UNCERTAIN,,,Fungal BGC Dossier — M4-FUNG-0353 / BGC0002193
M4-FUNG-0354,BGC0002194,MIBiG,,NCBITAXON:105696,Epicoccum nigrum,,,105696,,,,,,PKS (Unknown); glycosylated 2-pyrone polyketide,,,epipyrone A (orevactaene),,broad-spectrum antifungal pigment/exudate; causal ecological contribution of this exact BGC to competitive fitness remains UNCERTAIN,,,Fungal BGC Dossier — M4-FUNG-0354 / BGC0002194
M4-FUNG-0355,BGC0002195,MIBiG,,NCBITAXON:510516,Aspergillus oryzae RIB40,,,510516,,,,,,other (other); kojic-acid pathway,,,kojic acid,,secreted chelating secondary metabolite with industrial food/cosmetic relevance; native ecological function remains broader than the direct cluster evidence,,,Fungal BGC Dossier — M4-FUNG-0355 / BGC0002195
M4-FUNG-0356,BGC0002196,MIBiG,,NCBITAXON:36656,Penicillium crustosum,,,36656,,,,,,PKS (Unknown); aromatic polyketide building-block pathway,,,clavatol,,clavatol is a pathway building block for mixed-cluster peniphenone/penilactone chemistry; independent ecological role of clavatol is UNCERTAIN,,,Fungal BGC Dossier — M4-FUNG-0356 / BGC0002196
M4-FUNG-0357,BGC0002197,MIBiG,,NCBITAXON:36656,Penicillium crustosum,,,36656,,,,,,NRPS (Type I); PKS (Unknown); PKS-NRPS hybrid γ-butyrolactone pathway,,,terrestric acid,,terrestric acid serves as a precursor reservoir for γ-butyrolactone-containing mixed-cluster products; independent ecological role remains UNCERTAIN,,,Fungal BGC Dossier — M4-FUNG-0357 / BGC0002197
M4-FUNG-0358,BGC0002198,MIBiG,,NCBITAXON:2081996,Aspergillus terreus var. terreus,,,2081996,,,,,,NRPS (Type I); kynurenine-incorporating benzazepine/benzodiazepine alkaloid pathway,,,nanangelenin B; terreazepine,,novel secondary-metabolite scaffold; native ecological function in A. terreus remains UNCERTAIN,,,Fungal BGC Dossier — M4-FUNG-0358 / BGC0002198
M4-FUNG-0359,BGC0002199,MIBiG,,NCBITAXON:2582783,Aspergillus nanangensis,,,2582783,,,,,,other (other) in MIBiG; NRPS-centered benzazepine alkaloid pathway,,,nanangelenin A,,rare benzazepine natural-product scaffold with pharmaceutical-interest chemistry; native ecological function remains UNCERTAIN,,,Fungal BGC Dossier — M4-FUNG-0359 / BGC0002199
M4-FUNG-0360,BGC0002200,MIBiG,,NCBITAXON:240499,Calcarisporium arbuscula,,,240499,,,,,,PKS (Unknown); highly reduced polyketide α-pyrone pathway,,,"aurovertin A, D, E, J and M in MIBiG; aurovertin E mechanistically reconstructed",,aurovertins are potent ATP-synthase inhibitors; direct ecological role of the pathway in C. arbuscula remains UNCERTAIN,,,Fungal BGC Dossier — M4-FUNG-0360 / BGC0002200
M4-FUNG-0361,BGC0002201,MIBiG,,NCBITAXON:930091,Bipolaris victoriae FI3; defining paper uses historical Cochliobolus victoriae nomenclature,,,930091,,,,,,ribosomal (RiPP); highly modified cyclic hexapeptide,,,victorin,,host-selective toxin essential for pathogenicity on susceptible oat cultivars carrying crown-rust resistance-associated susceptibility,,,Fungal BGC Dossier — M4-FUNG-0361 / BGC0002201
M4-FUNG-0362,BGC0002202,MIBiG,,NCBITAXON:930091,Bipolaris victoriae FI3; historical Cochliobolus victoriae in defining literature,,,930091,,,,,,ribosomal (RiPP); multicopy/dispersed victorin programme,,,victorin,,victorin is a host-selective virulence determinant on susceptible oats; BGC0002202 itself is not assigned an independent phenotypic effect,,,Fungal BGC Dossier — M4-FUNG-0362 / BGC0002202
M4-FUNG-0363,BGC0002203,MIBiG,,NCBITAXON:655819,Beauveria bassiana ARSEF 2860,,,655819,,,,,,NRPS (Type I); PKS (Unknown); other (other); cyclodepsipeptide pathway,,,beauverolide Ba; beauverolide Ka; beauverolide Ca,,"beauveriolides may contribute to entomopathogenic virulence in a host-dependent manner, but are not universally required across insect species",,,Fungal BGC Dossier — M4-FUNG-0363 / BGC0002203
M4-FUNG-0364,BGC0002204,MIBiG,,NCBITAXON:41900,Aspergillus flavipes; defining study strain CNL-338,,,41900,,,,,,PKS (Unknown); NRPS (Type I); leucine-containing cytochalasan pathway,,,flavichalasine F; flavichalasine G; aspochalasin C; aspochalasin E; aspochalasin M; TMC-169; aspergillin PZ,,cytochalasans are cytotoxic actin-modulating metabolites; direct ecological role of this exact ffs cluster in A. flavipes remains UNCERTAIN,,,Fungal BGC Dossier — M4-FUNG-0364 / BGC0002204
M4-FUNG-0365,BGC0002205,MIBiG,,NCBITAXON:321614,Parastagonospora nodorum SN15,,,321614,,,,,,PKS (Unknown); NRPS (Type I); PKS-NRPS cytochalasan pathway,,,phomacin D; phomacin E,,phytotoxic cytochalasans contribute directly to virulence on wheat and show potentially monocot-specific antigerminative activity,,,Fungal BGC Dossier — M4-FUNG-0365 / BGC0002205
M4-FUNG-0366,BGC0002206,MIBiG,,NCBITAXON:1491466,Trichoderma guizhouense,,,1491466,,,,,,PKS (Unknown); azaphilone pathway with two cluster PKSs,,,harziphilone; t22azaphilone; isoharziphilone-1; isoharziphilone-2; compound 4; compound 1 (trigazaphilone family),,self-protective antioxidant defence that complements H2O2-mediated mycoparasitic attack; direct antifungal toxicity of the trigazaphilones was not supported,,,Fungal BGC Dossier — M4-FUNG-0366 / BGC0002206
M4-FUNG-0367,BGC0002207,MIBiG,,NCBITAXON:93625,Psilocybe cyanescens,,,93625,,,,,,other (other); tryptophan-derived indole alkaloid pathway,,,psilocybin,,the study proposed a possible ecological advantage in dung and late wood-decay niches through effects on mycophagous/wood-eating invertebrates; this remains an evolutionary ecological hypothesis rather than direct causal proof,,,Fungal BGC Dossier — M4-FUNG-0367 / BGC0002207
M4-FUNG-0368,BGC0002208,MIBiG,,NCBITAXON:40382,Aspergillus ustus,,,40382,,,,,,NRPS (Type I); anthranilate-containing oxepinamide pathway,,,oxepinamide F,,natural-product scaffold with unusual enzymology; native ecological function of oxepinamide F in A. ustus remains UNCERTAIN,,,Fungal BGC Dossier — M4-FUNG-0368 / BGC0002208
M4-FUNG-0369,BGC0002209,MIBiG,,NCBITAXON:40382,Aspergillus ustus,,,40382,,,,,,PKS (Unknown); phenethyl polyketide pathway,,,ustethylin A,,secondary-metabolite phenethyl scaffold; native ecological function of ustethylin A remains UNCERTAIN,,,Fungal BGC Dossier — M4-FUNG-0369 / BGC0002209
M4-FUNG-0370,BGC0002210,MIBiG,,NCBITAXON:657443,Aspergillus violaceofuscus CBS 115571,,,657443,,,,,,PKS (Unknown); NRPS (Type I); PKS-NRPS pyranonigrin-related pathway,,,pyranoviolin A,,new pyranonigrin-family metabolite; native ecological function remains UNCERTAIN,,,Fungal BGC Dossier — M4-FUNG-0370 / BGC0002210
M4-FUNG-0371,BGC0002211,MIBiG,,NCBITAXON:1460663,Paraphaeosphaeria sporulosa,,,1460663,,,,,,PKS (Unknown),,,HEx-pks1 polyketide,,NA/UNCERTAIN for native ecology because the defining evidence is heterologous discovery rather than a P. sporulosa phenotype,,,Fungal BGC Dossier — M4-FUNG-0371 / BGC0002211
M4-FUNG-0372,BGC0002212,MIBiG,,NCBITAXON:1381753,Moniliophthora roreri MCA 2997,,,1381753,,,,,,PKS (Unknown); orsellinic-acid polyketide pathway,,,orsellinic acid,,UNCERTAIN in M. roreri; the HEx experiment establishes biosynthetic product identity rather than pathogen phenotype or ecological role,,,Fungal BGC Dossier — M4-FUNG-0372 / BGC0002212
M4-FUNG-0373,BGC0002213,MIBiG,,NCBITAXON:741275,Punctularia strigosozonata HHB-11173 SS5,,,741275,,,,,,PKS (Unknown); basidiomycete polyketide pathway,,,"HEx-pks16 polyketide; defining study compounds 7 and 8, novel N,S-bis-acylated amino acids",,UNCERTAIN; HEx reveals biosynthetic capacity but provides no direct ecological or physiological function in P. strigosozonata,,,Fungal BGC Dossier — M4-FUNG-0373 / BGC0002213
M4-FUNG-0374,BGC0002214,MIBiG,,ORG_6e8172f57e08,,,,,,,,,,,,,,,native ecological/physiological role UNCERTAIN,,,Fungal BGC Dossier — M4-FUNG-0374 / BGC0002214
M4-FUNG-0375,BGC0002215,MIBiG,,ORG_21b49e6f1695,,,,,,,,,,,,,,,native ecological function UNCERTAIN,,,Fungal BGC Dossier — M4-FUNG-0375 / BGC0002215
M4-FUNG-0376,BGC0002216,MIBiG,,ORG_c6017f90d7b0,,,,,,,,,,,,,,,native biological role UNCERTAIN,,,Fungal BGC Dossier — M4-FUNG-0376 / BGC0002216
M4-FUNG-0377,BGC0002218,MIBiG,,ORG_b22b5ba9a6f7,,,,,,,,,,,,,,,cyathane scaffold biosynthesis direct; native ecological role UNCERTAIN,,,Fungal BGC Dossier — M4-FUNG-0377 / BGC0002218
M4-FUNG-0378,BGC0002219,MIBiG,,ORG_d85b59831717,,,,,,,,,,,,,,,establishes fungal cembrane diterpene biosynthetic capacity; native ecological role UNCERTAIN,,,Fungal BGC Dossier — M4-FUNG-0378 / BGC0002219
M4-FUNG-0379,BGC0002220,MIBiG,,ORG_72fc323b1874,,,,,,,,,,,,,,,core diterpene scaffold formation direct; ecological role UNCERTAIN,,,Fungal BGC Dossier — M4-FUNG-0379 / BGC0002220
M4-FUNG-0380,BGC0002221,MIBiG,,ORG_70768ab916c8,,,,,,,,,,,,,,,core ent-kaurane scaffold biosynthesis direct; ecological role UNCERTAIN,,,Fungal BGC Dossier — M4-FUNG-0380 / BGC0002221
M4-FUNG-0381,BGC0002222,MIBiG,,ORG_6e29ff2602e5,,,,,,,,,,,,,,,antifungal maleidride; direct ecological role in D. curvata beyond bioactivity remains UNCERTAIN,,,Fungal BGC Dossier — M4-FUNG-0381 / BGC0002222
M4-FUNG-0382,BGC0002223,MIBiG,,ORG_dccbef159ffa,,,,,,,,,,,,,,,scytalidin is an antifungal metabolite; exact native ecological role remains incompletely tested,,,Fungal BGC Dossier — M4-FUNG-0382 / BGC0002223
M4-FUNG-0383,BGC0002224,MIBiG,,ORG_a825e454814d,,,,,,,,,,,,,,,zopfiellin has antifungal activity; native ecological role remains UNCERTAIN,,,Fungal BGC Dossier — M4-FUNG-0383 / BGC0002224
M4-FUNG-0384,BGC0002225,MIBiG,,ORG_43dffc297132,,,,,,,,,,,,,,,aculenes are fungal norsesquiterpenes; native ecological function remains UNCERTAIN.,,,Fungal BGC Dossier — M4-FUNG-0384 / BGC0002225
M4-FUNG-0385,BGC0002226,MIBiG,,ORG_ddcf71f2b181,,,,,,,,,,,,,,,Natural biological/ecological role of acu-dioxomorpholines remains UNCERTAIN.,,,Fungal BGC Dossier — M4-FUNG-0385 / BGC0002226
M4-FUNG-0386,BGC0002227,MIBiG,,ORG_30de335eae3e,,,,,,,,,,,,,,,Native ecological role of AKML macrolides remains UNCERTAIN.,,,Fungal BGC Dossier — M4-FUNG-0386 / BGC0002227
M4-FUNG-0387,BGC0002228,MIBiG,,ORG_1be47c6350ca,,,,,,,,,,,,,,,Native ecological role of CIML macrolides remains UNCERTAIN.,,,Fungal BGC Dossier — M4-FUNG-0387 / BGC0002228
M4-FUNG-0388,BGC0002229,MIBiG,,ORG_d40377b519a7,,,,,,,,,,,,,,,Native ecological function of the aculin metabolites remains UNCERTAIN.,,,Fungal BGC Dossier — M4-FUNG-0388 / BGC0002229
M4-FUNG-0389,BGC0002230,MIBiG,,ORG_2c597a5aa564,,,,,,,,,,,,,,,Natural ecological role of tolypyridone C remains UNCERTAIN.,,,Fungal BGC Dossier — M4-FUNG-0389 / BGC0002230
M4-FUNG-0390,BGC0002231,MIBiG,,ORG_e3cadbe52f24,,,,,,,,,,,,,,,"Fusaric acid is a mycotoxin and phytotoxic metabolite. Functional-genomic work supports phytotoxicity of fusaric-acid-containing extracts, but loss of fusaric-acid production did not universally reduce virulence in tested Fusarium-host combinations; a simple universal virulence-factor claim is therefore not supported.",,,Fungal BGC Dossier — M4-FUNG-0390 / BGC0002231
M4-FUNG-0391,BGC0002232,MIBiG,,ORG_f21506a2afad,,,,,,,,,,,,,,,Ergotamine is a bioactive ergot alkaloid central to Claviceps chemical ecology and toxicosis; exact native fitness contribution is context dependent.,,,Fungal BGC Dossier — M4-FUNG-0391 / BGC0002232
M4-FUNG-0392,BGC0002233,MIBiG,,ORG_28b63b531c3c,,,,,,,,,,,,,,,Trichoxide and 5-deoxyaurocitrin show antifungal activity; native ecological deployment by T. virens remains less directly established.,,,Fungal BGC Dossier — M4-FUNG-0392 / BGC0002233
M4-FUNG-0393,BGC0002234,MIBiG,,ORG_50355c5f1f0c,,,,,,,,,,,,,,,Flavoglaucin is a fungal specialized metabolite; native ecological function remains UNCERTAIN in this pathway study.,,,Fungal BGC Dossier — M4-FUNG-0393 / BGC0002234
M4-FUNG-0394,BGC0002235,MIBiG,,ORG_d8b3d7b631f6,,,,,,,,,,,,,,,ACE1 functions in fungus-rice recognition: its activity is required for avirulence toward rice carrying the corresponding resistance gene. The precise native small-molecule signal remains unresolved.,,,Fungal BGC Dossier — M4-FUNG-0394 / BGC0002235
M4-FUNG-0395,BGC0002236,MIBiG,,ORG_9d5b02b4c361,,,,,,,,,,,,,,,Natural ecological function of 8-methyldiaporthin in A. oryzae remains UNCERTAIN.,,,Fungal BGC Dossier — M4-FUNG-0395 / BGC0002236
M4-FUNG-0396,BGC0002237,MIBiG,,ORG_836c3c42925e,,,,,,,,,,,,,,,Dichlorodiaporthin is cytotoxic in the defining chemistry literature; native ecological function in A. oryzae remains UNCERTAIN.,,,Fungal BGC Dossier — M4-FUNG-0396 / BGC0002237
M4-FUNG-0397,BGC0002238,MIBiG,,ORG_51f4218c8370,,,,,,,,,,,,,,,Native ecological role of the propiophenone metabolites remains UNCERTAIN.,,,Fungal BGC Dossier — M4-FUNG-0397 / BGC0002238
M4-FUNG-0398,BGC0002239,MIBiG,,ORG_e5fd63b2dfb1,,,,,,,,,,,,,,,"Pyrrocidines have reported antimicrobial activity, but the ecological role of this exact Acremonium record is not established by the biosynthetic study.",,,Fungal BGC Dossier — M4-FUNG-0398 / BGC0002239
M4-FUNG-0399,BGC0002240,MIBiG,,ORG_7f935d6e0b45,,,,,,,,,,,,,,,"BAA and BAB increased Candida albicans growth in vitro, and BAA mitigated fluconazole fungicidal activity; neither a direct insecticidal role nor a definitive native ecological function is established.",,,Fungal BGC Dossier — M4-FUNG-0399 / BGC0002240
M4-FUNG-0400,BGC0002241,MIBiG,,ORG_7474a8f36194,,,,,,,,,,,,,,,Ywa1 pigmentation contributes to UV protection in Paecilomyces variotii. No strain-specific ecological-role claim is transferred to Byssochlamys sp. IMV 00236.,,,Fungal BGC Dossier — M4-FUNG-0400 / BGC0002241
M4-FUNG-0401,BGC0002242,MIBiG,,ORG_315919354be6,,,,,,,,,,,,,,,Native ecological role of oxepinamide D remains UNCERTAIN in the pathway study.,,,Fungal BGC Dossier — M4-FUNG-0401 / BGC0002242
M4-FUNG-0402,BGC0002243,MIBiG,,ORG_199abb487d3b,,,,,,,,,,,,,,,Biruloquinone is a rare lichen phenanthraquinone pigment; its native ecological function remains UNCERTAIN.,,,Fungal BGC Dossier — M4-FUNG-0402 / BGC0002243
M4-FUNG-0403,BGC0002244,MIBiG,,ORG_e3ac70135604,,,,,,,,,,,,,,,Dibenzodioxocinones are reported CETP-inhibitory natural products; native ecological function remains UNCERTAIN.,,,Fungal BGC Dossier — M4-FUNG-0403 / BGC0002244
M4-FUNG-0404,BGC0002245,MIBiG,,ORG_3706cb65d3b9,,,,,,,,,,,,,,,Terpestacin is an antiangiogenic natural product; native ecological role in Bipolaris maydis remains UNCERTAIN.,,,Fungal BGC Dossier — M4-FUNG-0404 / BGC0002245
M4-FUNG-0405,BGC0002246,MIBiG,,ORG_115646fd0871,,,,,,,,,,,,,,,Naematolin is a biologically active caryophyllane sesquiterpene. Disc diffusion in the defining study showed limited antibacterial activity against Bacillus subtilis and Staphylococcus aureus and no activity against Pseudomonas aeruginosa or Klebsiella pneumoniae; native ecological function in Hypholoma is UNCERTAIN.,,,Fungal BGC Dossier — M4-FUNG-0405 / BGC0002246
M4-FUNG-0406,BGC0002247,MIBiG,,ORG_429e87f09b9e,,,,,,,,,,,,,,,Chaetoconvosin B has reported phytotoxic/root-growth inhibitory and cytotoxic activities; such compound-level bioactivity does not establish the ecological role of BGC0002247 in Amesia.,,,Fungal BGC Dossier — M4-FUNG-0406 / BGC0002247
M4-FUNG-0407,BGC0002248,MIBiG,,ORG_4e7245e7ef13,,,,,,,,,,,,,,,Flavunoidine is a structurally unusual fungal natural product; a native ecological function for the pathway is not established by the defining biosynthetic experiments.,,,Fungal BGC Dossier — M4-FUNG-0407 / BGC0002248
M4-FUNG-0408,BGC0002249,MIBiG,,ORG_1c29ddcb9192,,,,,,,,,,,,,,,Phaeospelide A is a fungal macrolide natural product; the native ecological role of the pathway remains UNCERTAIN.,,,Fungal BGC Dossier — M4-FUNG-0408 / BGC0002249
M4-FUNG-0409,BGC0002250,MIBiG,,ORG_00ee2506caa4,,,,,,,,,,,,,,,"Under the tested infection conditions, ttcA deletion did not cause an obvious reduction in pathogenicity, arguing against treating triticone production as an experimentally established essential virulence determinant.",,,Fungal BGC Dossier — M4-FUNG-0409 / BGC0002250
M4-FUNG-0410,BGC0002251,MIBiG,,ORG_c5eab1482fc6,,,,,,,,,,,,,,,Astins are cyclic pentapeptide natural products known from Aster-associated material; their precise ecological function in the endophyte-host system remains UNCERTAIN.,,,Fungal BGC Dossier — M4-FUNG-0410 / BGC0002251
M4-FUNG-0411,BGC0002252,MIBiG,,ORG_f0bc222d852a,,,,,,,,,,,,,,,Bovistol and related illudin/protoilludene sesquiterpenes are fungal secondary metabolites; their native ecological function in C. strossmayeri remains UNCERTAIN.,,,Fungal BGC Dossier — M4-FUNG-0411 / BGC0002252
M4-FUNG-0412,BGC0002253,MIBiG,,ORG_d53649ce9a79,,,,,,,,,,,,,,,"Waikikiamides A/C have antiproliferative activity, but the ecological function of the metabolites or locus in Aspergillus sp. FM242 remains UNCERTAIN.",,,Fungal BGC Dossier — M4-FUNG-0412 / BGC0002253
M4-FUNG-0413,BGC0002254,MIBiG,,ORG_c21198e70053,,,,,,,,,,,,,,,"Notoamides and related prenylated indole alkaloids have diverse biological activities, but the ecological function of this specific FM242 locus is UNCERTAIN.",,,Fungal BGC Dossier — M4-FUNG-0413 / BGC0002254
M4-FUNG-0414,BGC0002255,MIBiG,,ORG_6de0d6495f06,,,,,,,,,,,,,,,Lijiquinone is an azaphilone polyketide from a Taxus-associated endophyte; its native ecological function is UNCERTAIN.,,,Fungal BGC Dossier — M4-FUNG-0414 / BGC0002255
M4-FUNG-0415,BGC0002256,MIBiG,,ORG_164062b0f129,,,,,,,,,,,,,,,Fusarochromanone-family metabolites are Fusarium secondary metabolites with toxic biological effects reported historically; the precise native ecological role of the fsc locus remains UNCERTAIN.,,,Fungal BGC Dossier — M4-FUNG-0415 / BGC0002256
M4-FUNG-0416,BGC0002257,MIBiG,,ORG_f9cee5d2a5fe,,,,,,,,,,,,,,,Rufoschweinitzin is a fungal binaphthalene natural product. A specific native ecological function for BGC0002257 in X. schweinitzii is NR.,,,Fungal BGC Dossier — M4-FUNG-0416 / BGC0002257
M4-FUNG-0417,BGC0002258,MIBiG,,ORG_7148c415351b,,,,,,,,,,,,,,,Shimalactones A and B were reported as neuritogenic fungal polyketides. Their native ecological role is NR.,,,Fungal BGC Dossier — M4-FUNG-0417 / BGC0002258
M4-FUNG-0418,BGC0002259,MIBiG,,ORG_ab3afe59d4ea,,,,,,,,,,,,,,,Beauveriolides I and III are acyl-CoA:cholesterol acyltransferase inhibitors. A later comparative study found that beauveriolide production can contribute to virulence in a host-dependent manner across related entomopathogenic fungi; a universal C. militaris ecological role is therefore UNCERTAIN.,,,Fungal BGC Dossier — M4-FUNG-0418 / BGC0002259
M4-FUNG-0419,BGC0002260,MIBiG,,ORG_627acd308a22,,,,,,,,,,,,,,,The products are oxygenated brasilane sesquiterpenoids and glycosides; a specific native ecological function in A. truncatum is NR.,,,Fungal BGC Dossier — M4-FUNG-0419 / BGC0002260
M4-FUNG-0420,BGC0002261,MIBiG,,ORG_5aa9dcb6a288,,,,,,,,,,,,,,,Lucilactaene is a p53-independent G1 cell-cycle inhibitor and shows potent in-vitro antimalarial activity; demethylated analogues lose these activities. Native ecological function in Fusarium is NR.,,,Fungal BGC Dossier — M4-FUNG-0420 / BGC0002261
M4-FUNG-0421,BGC0002262,MIBiG,,ORG_a6532b04f97b,,,,,,,,,,,,,,,Sporothriolide was studied as an antifungal metabolite; in-vitro work also identified a hydrolase activity likely contributing to producer self-resistance. The broader native ecological role remains UNCERTAIN.,,,Fungal BGC Dossier — M4-FUNG-0421 / BGC0002262
M4-FUNG-0422,BGC0002263,MIBiG,,ORG_891f81deae16,,,,,,,,,,,,,,,"Spiromarmycin showed antibacterial/antifungal activity but did not inhibit the resident endobacterium B001, supporting a proposed protective role for the fungal-bacterial symbiotic pair; ecological protection remains an inference rather than a direct fitness demonstration.",,,Fungal BGC Dossier — M4-FUNG-0422 / BGC0002263
M4-FUNG-0423,BGC0002264,MIBiG,,ORG_b56560321bbc,,,,,,,,,,,,,,,Hancockiamides are unusual N-cinnamoylated piperazine natural products. A defined native ecological role or validated therapeutic activity is NR in the defining pathway study.,,,Fungal BGC Dossier — M4-FUNG-0423 / BGC0002264
M4-FUNG-0424,BGC0002265,MIBiG,,ORG_3d7bdd9a2bf8,,,,,,,,,,,,,,,Atranorin is a major cortical lichen depside in S. alpinum. The pathway study establishes its natural occurrence and biosynthesis but does not directly quantify a native ecological fitness function.,,,Fungal BGC Dossier — M4-FUNG-0424 / BGC0002265
M4-FUNG-0425,BGC0002266,MIBiG,,ORG_a863520cab69,,,,,,,,,,,,,,,Calidoustenes are members of a broader drimane-type sesquiterpene-ester family with diverse reported bioactivities; a specific native ecological role of the drt locus in A. calidoustus is NR.,,,Fungal BGC Dossier — M4-FUNG-0425 / BGC0002266
M4-FUNG-0426,BGC0002267,MIBiG,2,NCBITAXON:341663,Aspergillus terreus NIH2624,STR_f2a3994d000c,NIH2624 / FGSC A1156,341663,CH476604.1,647421.0,697593.0,50173.0,canonical locus CH476604.1:647421-697593; current MIBiG display includes surrounding context but retains this locus interval,PKS (Unknown),"collaborative two-cluster azaphilone programme with two nonreducing PKSs, one highly reducing PKS and one NRPS-like core enzyme",azasperpyranone azaphilones,azasperpyranone A,highly oxygenated azaphilone polyketides with 6/6/6/6 tetracyclic architecture,native ecological role unresolved,10.1002/anie.201915514,2020.0,Fungal BGC Dossier — M4-FUNG-0426 / BGC0002267
M4-FUNG-0427,BGC0002268,MIBiG,3,NCBITAXON:5081,Penicillium sp.,STR_af9de352e8f6,Penicillium FKI-1938 (defining-study natural producer; canonical record remains Penicillium sp.),5081,MT603584.1,1.0,26854.0,26854.0,"MT603584.1:1-26854; seven genes PfpE, PfpB, PfpD, PfpC, PfpF, PfpG and PfpA",NRPS (Type I); PKS (Unknown),hybrid PKS-NRPS phenylfuropyridone pathway with ring-expansion and oxidative P450 tailoring,citridone / phenylfuropyridone family,"CJ-16,173",hybrid polyketide-nonribosomal-peptide-derived 2-pyridone / phenylfuropyridone,UNCERTAIN,10.1002/anie.202008321,2020.0,Fungal BGC Dossier — M4-FUNG-0427 / BGC0002268
M4-FUNG-0428,BGC0002269,MIBiG,3,NCBITAXON:240499,Calcarisporium arbuscula,,NR,240499,WBSA01000009.1,1238903.0,1291223.0,52321.0,WBSA01000009.1:1238903-1291223,NRPS (Type I); PKS (Unknown),silent tetramic-acid hybrid PKS-NRPS pathway with pathway-specific zinc-finger regulator,MCA17 tetramic acid,MCA17-1,tetramic-acid hybrid PKS-NRPS product,NR,10.1021/acs.jafc.1c03639,2021.0,Fungal BGC Dossier — M4-FUNG-0428 / BGC0002269
M4-FUNG-0429,BGC0002270,MIBiG,2,NCBITAXON:655844,Metarhizium robertsii ARSEF 23,STR_46b299cf944c,ARSEF 23,655844,ADNJ02000001.1,6738325.0,6782169.0,43845.0,ADNJ02000001.1:6738325-6782169,NRPS (Type I); PKS (Unknown),"hybrid NRPS-PKS swainsonine pathway with aminotransferase, reductases, dioxygenases and transporter",swainsonine alkaloid,swainsonine,indolizidine alkaloid,toxic secondary metabolite; tested dispensable for plant colonization and insect infection in M. robertsii,10.1021/acschembio.0c00466,2020.0,Fungal BGC Dossier — M4-FUNG-0429 / BGC0002270
M4-FUNG-0430,BGC0002271,MIBiG,2,NCBITAXON:341663,Aspergillus terreus NIH2624,STR_b142bedb3ed6,NIH2624,341663,CH476594.1,1968773.0,1977735.0,8963.0,CH476594.1:1968773-1977735,NRPS (Type I),NRPS-like bisindole/asterriquinone core locus centered on atqA,asterriquinone bisindole family,asterriquinone CT5,bisindolyl quinone / NRPS-like-derived indole metabolite,NR,10.1021/ol401384v,2013.0,Fungal BGC Dossier — M4-FUNG-0430 / BGC0002271
M4-FUNG-0431,BGC0002272,MIBiG,2,NCBITAXON:341663,Aspergillus terreus NIH2624,STR_b142bedb3ed6,NIH2624,341663,CH476610.1,233763.0,254985.0,21223.0,CH476610.1:233763-254985,NRPS (Type I),two-module NRPS indole/benzodiazepinedione pathway centered on anaPS with adjacent tailoring genes,asterrelenin/aszonalenin indole alkaloids,asterrelenin,NRPS-derived indole alkaloid / benzodiazepinedione-family pathway,NR,10.1021/ol401384v,2013.0,Fungal BGC Dossier — M4-FUNG-0431 / BGC0002272
M4-FUNG-0432,BGC0002273,MIBiG,2,NCBITAXON:341663,Aspergillus terreus NIH2624,STR_b142bedb3ed6,NIH2624,341663,CH476597.1,104608.0,145729.0,41122.0,CH476597.1:104608-145729; 19 canonical genes,NRPS (Type I),NRPS-like aromatic α-keto-acid dimerization pathway centered on BtyA,butyrolactone family,butyrolactone III,aromatic butenolide / NRPS-like α-keto-acid-derived natural product,NR,10.1021/ol401384v,2013.0,Fungal BGC Dossier — M4-FUNG-0432 / BGC0002273
M4-FUNG-0433,BGC0002274,MIBiG,2,NCBITAXON:341663,Aspergillus terreus NIH2624,STR_b142bedb3ed6,NIH2624,341663,CH476596.1,327913.0,330691.0,2779.0,CH476596.1:327913-330691,NRPS (Type I),single-gene NRPS-like aromatic α-keto-acid synthetase locus,aspulvinone family,aspulvinone H,pulvinic-acid/butenolide-family aromatic α-keto-acid-derived metabolite,NR,10.1021/ol401384v,2013.0,Fungal BGC Dossier — M4-FUNG-0433 / BGC0002274
M4-FUNG-0434,BGC0002275,MIBiG,2,NCBITAXON:1450533,Aspergillus niger CBS 101883,STR_e0e48546f69a,CBS 101883,1450533,KZ821395.1,44377.0,54696.0,10320.0,KZ821395.1:44377-54696,NRPS (Type I); PKS (Unknown),two-gene NRPS–nonreducing-PKS hybrid α-pyrone pathway with O-methyltransferase,amino-acid-derived α-pyrones,pyrophen,amino-acid-derived α-pyrone,NR,10.1021/acs.jnatprod.9b00989,2020.0,Fungal BGC Dossier — M4-FUNG-0434 / BGC0002275
M4-FUNG-0435,BGC0002276,MIBiG,2,NCBITAXON:227321,Aspergillus nidulans FGSC A4,STR_6975332a6196,FGSC A4,227321,CH236925.1,718082.0,721894.0,3813.0,CH236925.1:718082-721894,NRPS (Type I),single-gene NRPS-like glycine-betaine reductase locus; primary-metabolic choline homeostasis,choline/glycine-betaine metabolism,choline,quaternary-ammonium primary metabolite,choline biosynthesis and glycine-betaine homeostasis,10.1073/pnas.1903282116,2019.0,Fungal BGC Dossier — M4-FUNG-0435 / BGC0002276
M4-FUNG-0436,BGC0002277,MIBiG,2,NCBITAXON:5382,Suillus grevillei,,NR,5382,JQ681152.1,11907.0,15051.0,3145.0,JQ681152.1:11907-15051,NRPS (Type I),single-gene NRPS-like quinone synthetase / aromatic α-keto-acid dimerization locus,atromentin/pulvinic-acid precursor chemistry,atromentin,terphenylquinone / aromatic α-keto-acid dimerization product,precursor to pulvinic-acid and cyclopentenone pigments/metabolites in basidiomycetes,10.1002/cbic.201200187,2012.0,Fungal BGC Dossier — M4-FUNG-0436 / BGC0002277
M4-FUNG-0437,BGC0002278,MIBiG,3,NCBITAXON:104259,Penicillium brasilianum,STR_0be9a7d9a3dd,WZXY-M122-9,104259,CDHK01000003.1,3030630.0,3059149.0,28520.0,CDHK01000003.1:3030630-3059149,NRPS (Type I); other (other),single-module NRPS piperazine-alkaloid pathway with oxidative tailoring enzymes,brasiliamide piperazine alkaloids,brasiliamide I,piperazine-containing alkaloid / bisphenylpropanoid amide family,native ecological role unresolved,10.1007/s00253-020-10678-w,2020.0,Fungal BGC Dossier — M4-FUNG-0437 / BGC0002278
M4-FUNG-0438,BGC0002279,MIBiG,2,NCBITAXON:1128401,Omphalotus olearius VT 653.13,STR_8957f8cb27d9,VT 653.13,1128401,JH814846.1,107497.0,120433.0,12937.0,JH814846.1:107497-120433,terpene (Unknown),protoilludane sesquiterpene cyclase locus within a paired sesquiterpene-synthase programme,protoilludane sesquiterpenes,δ-6 protoilludene,sesquiterpene hydrocarbon,precursor to bioactive illudane/protoilludane sesquiterpenoids; native ecological role of δ-6 protoilludene itself unresolved,10.1016/j.chembiol.2012.05.012,2012.0,Fungal BGC Dossier — M4-FUNG-0438 / BGC0002279
M4-FUNG-0439,BGC0002280,MIBiG,2,NCBITAXON:1128401,Omphalotus olearius VT 653.13,STR_8957f8cb27d9,VT 653.13,1128401,AHIW01001288.1,28175.0,30073.0,1899.0,AHIW01001288.1:28175-30073,terpene (Unknown),protoilludane sesquiterpene cyclase locus within a paired sesquiterpene-synthase programme,protoilludane sesquiterpenes,δ-6 protoilludene,sesquiterpene hydrocarbon,precursor to bioactive illudane/protoilludane sesquiterpenoids; native ecological role of δ-6 protoilludene itself unresolved,10.1016/j.chembiol.2012.05.012,2012.0,Fungal BGC Dossier — M4-FUNG-0439 / BGC0002280
M4-FUNG-0440,BGC0002281,MIBiG,2,NCBITAXON:249398,Fusarium commune,STR_63f11c2d2cb5,genomic-DNA donor strain NR in main text,249398,BCHB01000008.1,1971642.0,1994750.0,23109.0,BCHB01000008.1:1971642-1994750,NRPS (Type I); PKS (Unknown),"hybrid PKS-NRPS 4-hydroxy-2-pyridone pathway with trans-ER, reductase, two P450s and N-methyltransferase",sambutoxin / 4-hydroxy-2-pyridone mycotoxin family,(-)-sambutoxin,4-hydroxy-2-pyridone alkaloid,Fusarium mycotoxin; native ecological function in F. commune not experimentally resolved,10.1021/acs.orglett.1c02836,2021.0,Fungal BGC Dossier — M4-FUNG-0440 / BGC0002281
M4-FUNG-0441,BGC0002290,MIBiG,2,NCBITAXON:1896107,Biscogniauxia sp.,,NR,1896107,MT109335.1,1.0,37984.0,37984.0,MT109335.1:1-37984,other (other),"11-gene fungal meroterpenoid/prenyl-aromatic pathway with SDRs, FAD oxidase and P450 alkynylase",biscognienyne/eutypinic-acid meroterpenoid family,biscognienyne B,acetylenic meroterpenoid / prenylated aromatic natural product,native ecological role unresolved,10.1002/anie.202004364,2020.0,Fungal BGC Dossier — M4-FUNG-0441 / BGC0002290
M4-FUNG-0442,BGC0002301,MIBiG,2,NCBITAXON:370937,Aschersonia paraphysata,,NR,370937,MK449412.1,1.0,22627.0,22627.0,MK449412.1:1-22627,PKS (Type I),naphthopyrone PKS plus multicopper-oxidase/laccase atropselective dimerization locus,dimeric naphthopyrone / ustilaginoidin family,(P)-ustilaginoidin A,axially chiral dimeric γ-naphthopyrone,native ecological role unresolved,10.1002/anie.201903759,2019.0,Fungal BGC Dossier — M4-FUNG-0442 / BGC0002301
M4-FUNG-0443,BGC0002304,MIBiG,3,NCBITAXON:28576,Talaromyces variabilis,,NR,28576,MK376933.1,1.0,25713.0,25713.0,MK376933.1:1-25713,NRPS (Type I); PKS (Unknown),"hybrid PKS-NRPS decalin pathway with trans-ER, P450, N-methyltransferase and lipocalin-like Diels–Alderase",varicidin decalin tetramic-acid family,varicidin A,cis-octahydrodecalin-containing tetramic-acid natural product,antifungal specialized metabolite; native ecological role not directly tested,10.1021/jacs.8b12010,2019.0,Fungal BGC Dossier — M4-FUNG-0443 / BGC0002304
M4-FUNG-0444,BGC0002320,MIBiG,3,NCBITAXON:500485,Penicillium rubens Wisconsin 54-1255,STR_86c9bf4c1f75,Wisconsin 54-1255,500485,AM920435.1,2509978.0,2517120.0,7143.0,AM920435.1:2509978-2517120,terpene (Unknown),two-gene diterpene pathway: bifunctional GGPP synthase/terpene cyclase plus CYP58-like P450,conidiogenone diterpene family,(-)-conidiogenone,diterpene,conidiogenone is a conidiation-inducing factor in Penicillium cyclopium; equivalent native signaling role in P. rubens remains inferred rather than directly tested,10.1080/09168451.2018.1536518,2019.0,Fungal BGC Dossier — M4-FUNG-0444 / BGC0002320
M4-FUNG-0445,BGC0002321,MIBiG,3,NCBITAXON:2163413,Metschnikowia aff. pulcherrima,STR_7add5cd27c5e,APC 1.2,2163413,CP034458.1,1429481.0,1436146.0,6666.0,CP034458.1:1429481-1436146,other (other),"fungal cyclodipeptide/pulcherriminic-acid programme with PUL biosynthesis, transport and regulatory genes",pulcherriminic acid / pulcherrimin cyclodipeptide family,pulcherriminic acid,cyclodipeptide-derived hydroxamic/pyrazine N-oxide chemistry; pulcherrimin is Fe(III) chelate,"pigment formation and antifungal/biocontrol phenotype are associated with PUL pathway activity, but exclusive causality through iron sequestration was not directly demonstrated",10.1111/mmi.14272,2019.0,Fungal BGC Dossier — M4-FUNG-0445 / BGC0002321
M4-FUNG-0446,BGC0002348,MIBiG,2,NCBITAXON:341663,Aspergillus terreus NIH2624,STR_f2a3994d000c,NIH2624 / FGSC A1156,341663,CH476597.1,2146060.0,2164193.0,18134.0,CH476597.1:2146060-2164193,NRPS (Type I),NRPS-like aspulvinone synthetase plus adjacent tyrosinase; non-canonical conidial melanin precursor pathway,aspulvinone / Asp-melanin precursor pathway,aspulvinone E,pulvinone/tetronic-acid natural product; precursor to non-canonical melanin,conidial pigmentation and environmental stress protection,10.1016/j.chembiol.2016.03.014,2016.0,Fungal BGC Dossier — M4-FUNG-0446 / BGC0002348
M4-FUNG-0447,BGC0002368,MIBiG,3,NCBITAXON:5077,Penicillium citrinum,STR_59e62677c258,ATCC 9849,5077,BCKA01000016.1,210729.0,263083.0,52355.0,BCKA01000016.1:210729-263083,NRPS (Type I); other (other),"prenylated indole alkaloid NRPS/tailoring pathway with two NRPSs, prenyltransferases, methyltransferases and FAD-dependent monooxygenase/semipinacolase",citrinadin prenylated indole alkaloid family,21R-citrinadin A,prenylated indole alkaloid with 3S-spirooxindole,NR,10.1038/s41467-021-24421-0,2021.0,Fungal BGC Dossier — M4-FUNG-0447 / BGC0002368
M4-FUNG-0448,BGC0002375,MIBiG,2,NCBITAXON:2259629,Cladosporium sp. SW67,STR_333f8a8bf90f,SW67,2259629,QNVK01000015.1,103096.0,156063.0,52968.0,QNVK01000015.1:103096-156063,NRPS (Type I); PKS (Unknown); ribosomal (RiPP),putative fungal hybrid PKS–NRPS tetramic-acid locus with P450 tailoring,cladosporiumin/cladosporicin tetramic-acid hybrid polyketides,cladosporiumin I; cladosporiumin J,tetramic-acid-containing hybrid polyketides; cladosporiumins I/J are stereoisomers with lactone ring,native ecological role unresolved,10.1039/C8QO01104D,2019.0,Fungal BGC Dossier — M4-FUNG-0448 / BGC0002375
M4-FUNG-0449,BGC0002427,MIBiG,2,NCBITAXON:655844,Metarhizium robertsii ARSEF 23,STR_46b299cf944c,ARSEF 23,655844,ADNJ02000014.1,52987.0,74527.0,21541.0,ADNJ02000014.1:52987-74527,PKS (Unknown); terpene (Unknown),"decalin-containing diterpenoid-pyrone pathway combining NR-PKS, prenylation/GGPP supply, epoxidation/cyclization and BBE-domain oxidative tailoring",subglutinol decalin-containing diterpenoid pyrones,subglutinol A,decalin-containing diterpenoid α-pyrone with tetrahydrofuran-containing diterpene moiety,bioactive fungal metabolite; entomopathogenic virulence contribution is suggested by acute Drosophila paralysis but not established by native-pathway genetics,10.1038/s41467-020-15664-4,2020.0,Fungal BGC Dossier — M4-FUNG-0449 / BGC0002427
M4-FUNG-0450,BGC0002428,MIBiG,2,NCBITAXON:229533,Fusarium graminearum PH-1,STR_f2c27ca2c66c,PH-1,229533,CM000575.1,3540337.0,3541873.0,1537.0,CM000575.1:3540337-3541873,PKS (Type I); terpene (Diterpene),"ten-gene decalin-containing diterpenoid-pyrone pathway with NR-PKS, GGPPS/prenyltransferase, epoxidase/cyclase, paired SDRs, methyltransferases and P450 tailoring",Fusarium decalin-containing diterpenoid pyrones (FDDPs),FDDP-D,decalin-containing diterpenoid α-pyrone / meroterpenoid-like hybrid natural product,produced during wheat infection; pathogenicity contribution remains under investigation and is not established solely by product detection,10.1038/s41467-020-15664-4,2020.0,Fungal BGC Dossier — M4-FUNG-0450 / BGC0002428
M4-FUNG-0451,BGC0002429,MIBiG,3,NCBITAXON:759273,Colletotrichum higginsianum IMI 349063,STR_835a3320fbf3,IMI 349063,759273,CM004458.1,408595.0,480233.0,71639.0,CM004458.1:408595-480233,PKS (Type I); terpene (Diterpene),"decalin-containing diterpenoid α-pyrone pathway with NR-PKS, C20 prenyl supply/transfer, FAD epoxidase, terpene cyclase, paired SDRs and FAD oxidoreductive late tailoring",higginsianin decalin-containing diterpenoid α-pyrones,higginsianin B,decalin-containing diterpenoid α-pyrones,higginsianin B directly suppresses jasmonate-mediated plant defence signalling by preventing JAZ-protein degradation and inhibiting proteasome activities; contribution to fungal virulence in infection remains distinct from compound-treatment evidence,10.1038/s41467-020-15664-4,2020.0,Fungal BGC Dossier — M4-FUNG-0451 / BGC0002429
M4-FUNG-0452,BGC0002438,MIBiG,2,NCBITAXON:1892770,Pithomyces chartarum,,NR,1892770,MT353658.1,1.0,51164.0,51164.0,MT353658.1:1-51164,other (other),"candidate epipolythiodioxopiperazine (ETP) toxin pathway containing methyltransferases, P450, flavin halogenase, GST, transporter and additional ETP-like functions",sporidesmin epipolythiodioxopiperazine mycotoxins,sporidesmin A,chlorinated epipolythiodioxopiperazine (ETP) disulfide mycotoxin,mycotoxin causing hepatogenous photosensitisation/facial eczema in grazing ruminants after ingestion of toxic spores,10.1101/2021.04.29.441555,2021.0,Fungal BGC Dossier — M4-FUNG-0452 / BGC0002438
M4-FUNG-0453,BGC0002445,MIBiG,3,NCBITAXON:47427,Armillaria gallica,STR_c57892017019,FU02472,47427,MT277003.1,1.0,45006.0,45006.0,MT277003.1:1-45006,terpene (Unknown),protoilludene sesquiterpene cyclase locus with four CYP monooxygenases,protoilludene-type sesquiterpene aryl esters,armillyl orsellinate,protoilludane sesquiterpene aryl ester,likely chemical-competition role in wood/root niche is proposed; direct ecological role of this exact branch not demonstrated,10.1007/s00253-020-11006-y,2020.0,Fungal BGC Dossier — M4-FUNG-0453 / BGC0002445
M4-FUNG-0454,BGC0002459,MIBiG,2,NCBITAXON:45130,Bipolaris sorokiniana,STR_c6759691707e,BS11134,45130,MN642086.1,1.0,44425.0,44425.0,MN642086.1:1-44425,terpene (Unknown),bifunctional sesterterpene synthase locus with CYP/FAD/transferase tailoring machinery,5–15 trans-fused bicyclic sesterterpenoids,preterpestacin I,sesterterpene,native ecological role of preterpestacin I unresolved; compound family occurs in phytopathogenic fungi,10.1007/s00253-021-11192-3,2021.0,Fungal BGC Dossier — M4-FUNG-0454 / BGC0002459
M4-FUNG-0455,BGC0002483,MIBiG,2,NCBITAXON:180999,Cladonia uncialis subsp. uncialis,STR_374fe63bd034,lichen mycobiont isolate used for de-novo genome sequencing; exact culture identifier NR in source ledger,180999,MG777490.1,2783.0,50732.0,47950.0,MG777490.1:2783-50732,PKS (Unknown),nonreducing PKS candidate plus P450 oxidative-dimerization candidate,usnic-acid dibenzofuran polyketides,usnic acid,dibenzofuran-derived lichen polyketide,lichen secondary metabolite with ecological protective roles proposed across lichens; locus-specific fitness role not tested,10.1016/j.funbio.2015.10.009,2016.0,Fungal BGC Dossier — M4-FUNG-0455 / BGC0002483
M4-FUNG-0456,BGC0002501,MIBiG,2,NCBITAXON:303698,Penicillium steckii,STR_caa5c2786deb,YE,303698,MT489695.1,1.0,53110.0,53110.0,MT489695.1:1-53110,other (other),"epithiodiketopiperazine NRPS/tailoring cluster with sulfur-incorporation, P450, methylation and redox machinery","α,β-polysulfide epithiodiketopiperazines",penigainamide A,"epithiodiketopiperazine alkaloids with α,β-polysulfide bridges",native ecological function unresolved; major metabolite adametizine A was also detected in black-band-layer samples,10.1002/cbic.202000403,2020.0,Fungal BGC Dossier — M4-FUNG-0456 / BGC0002501
M4-FUNG-0457,BGC0002502,MIBiG,3,NCBITAXON:5127,Fusarium fujikuroi,STR_70c06cd7a5f2,Gfc0825009 (G9),5127,HQ622717.1,1.0,50387.0,50387.0,HQ622717.1:1-50387,PKS (Unknown),"16-gene fumonisin polyketide biosynthetic cluster with pathway regulator, PKS and multiple oxidative/esterification genes",fumonisin B-series mycotoxins,fumonisin B1,aminopolyol polyketide mycotoxins,mycotoxin production in crop-associated Fusarium; native ecological role in F. fujikuroi is not established by the natural-variation study,10.3390/toxins11040200,2019.0,Fungal BGC Dossier — M4-FUNG-0457 / BGC0002502
M4-FUNG-0458,BGC0002505,MIBiG,3,NCBITAXON:2480843,Xenoacremonium sinensis,STR_4715a317789f,ML-31,2480843,MT876600.1,1.0,25320.0,25320.0,MT876600.1:1-25320,NRPS (Type I); PKS (Unknown),hybrid PKS-NRPS tyrosine-decahydrofluorene pathway with trans-ER and three-enzyme ring-forming cascade,xenoacremone / tyrosine-decahydrofluorene family,xenoacremone A,hybrid polyketide-nonribosomal peptide; tyrosine-decahydrofluorene,native ecological role unresolved,10.1016/j.apsb.2021.03.034,2021.0,Fungal BGC Dossier — M4-FUNG-0458 / BGC0002505
M4-FUNG-0459,BGC0002507,MIBiG,3,NCBITAXON:108922,Chrysosporium merdarium,STR_2b4149e52636,ATCC 74009,108922,MN832834.1,1.0,18330.0,18330.0,MN832834.1:1-18330,PKS (Unknown),"six-gene fungal naphthalene/biaryl pathway with NR-PKS, O-methyltransferase and laccase–fasciclin selective coupling system",sporandol / binaphthalene family,sporandol,axially chiral/binaphthalene polyketide-derived natural product,native ecological role unresolved,10.1021/acschembio.0c00025,2020.0,Fungal BGC Dossier — M4-FUNG-0459 / BGC0002507
M4-FUNG-0460,BGC0002511,MIBiG,3,NCBITAXON:1353983,Cladonia macilenta KoLRI003786,STR_d239ae1696be,KoLRI003786,1353983,KE598559.1,574147.0,593574.0,19428.0,KE598559.1:574147-593574,PKS (Unknown),"putative six-gene NR-PKS phenanthraquinone pathway with pathway TF, two MFS transporters, O-methyltransferase and FAD-dependent monooxygenase",biruloquinone / phenanthraquinone polyketide family,biruloquinone,ortho-phenanthraquinone polyketide pigment,native ecological role unresolved; biruloquinone is produced by some axenic mycobiont cultures,10.3390/jof7050398,2021.0,Fungal BGC Dossier — M4-FUNG-0460 / BGC0002511
M4-FUNG-0461,BGC0002513,MIBiG,2,NCBITAXON:1400770,Cladonia metacorallifera KoLRI002260,STR_f7d2033ee922,KoLRI002260,1400770,KI911112.1,100436.0,126827.0,26392.0,KI911112.1:100436-126827,PKS (Unknown),putative cristazarin non-reducing PKS cluster identified by induction-responsive coexpression,cristazarin / 6-methylcristazarin,cristazarin,naphthazarin-derived polyketide pigment,native ecological role incompletely resolved,10.3390/jof7080601,2021.0,Fungal BGC Dossier — M4-FUNG-0461 / BGC0002513
M4-FUNG-0462,BGC0002515,MIBiG,2,NCBITAXON:5454,Ascochyta rabiei,STR_69b97ed9e681,AR628,5454,RYYQ01000008.1,1865569.0,1897908.0,32340.0,RYYQ01000008.1:1865569-1897908,PKS (Unknown),six-gene sol1-sol6 solanapyrone pathway with pathway-specific Zn2Cys6 regulator Sol4,solanapyrone family,solanapyrone A,polyketide-derived solanapyrones,fungal secondary metabolites; ecological role broader than virulence remains unresolved,10.1128/EC.00084-15,2015.0,Fungal BGC Dossier — M4-FUNG-0462 / BGC0002515
M4-FUNG-0463,BGC0002516,MIBiG,3,NCBITAXON:1325723,Fusarium neocosmosporiellum,,NR,1325723,SSHR01000379.1,4063.0,29207.0,25145.0,SSHR01000379.1:4063-29207,PKS (Unknown),developmentally induced PKS locus associated with red perithecial pigmentation,prephenalenone / red perithecial pigment,red perithecial pigment / prephenalenone assignment,polyketide-associated perithecial pigment pathway,sexual-development-associated pigmentation,10.3389/fmicb.2019.01247,2019.0,Fungal BGC Dossier — M4-FUNG-0463 / BGC0002516
M4-FUNG-0464,BGC0002519,MIBiG,2,NCBITAXON:746128,Aspergillus fumigatus MF071,STR_95aa8c99869a,MF071,746128,MT424560.1,1.0,23264.0,23264.0,MT424560.1:1-23264,other (other),genome-mined putative fumitremorgin-associated locus; specific new-analogue attribution not causally validated,oxotryprostatin A derivatives,"19S,20-epoxy-18-oxotryprostatin A; 20-hydroxy-18-oxotryprostatin A",indole alkaloid / fumitremorgin-related products,native ecological role NR,10.3390/md18070352,2020.0,Fungal BGC Dossier — M4-FUNG-0464 / BGC0002519
M4-FUNG-0465,BGC0002525,MIBiG,3,NCBITAXON:29916,Fusarium sp. RK97-94,STR_a4413612594e,RK97-94,29916,LC516401.1,1.0,24500.0,24500.0,LC516401.1:1-24500,PKS (Unknown),1233A biosynthetic locus embedded in a seven-gene submitted region; defining paper identifies a four-gene functional cluster including self-resistance,1233A-associated induced metabolite set,1233A,polyketide secondary-metabolite family,native ecological role NR,10.1038/s41429-020-0295-4,2020.0,Fungal BGC Dossier — M4-FUNG-0465 / BGC0002525
M4-FUNG-0466,BGC0002537,MIBiG,2,NCBITAXON:5065,Aspergillus sp. TJ23,STR_6109b6c00d76,TJ23,5065,LC537469.1,1.0,26816.0,26816.0,LC537469.1:1-26816,PKS (Unknown); terpene (Unknown),spt meroterpenoid cluster; late-stage SptF/SptN chemistry experimentally resolved,emeridone/andiconin-derived meroterpenoids,emeridone F,fungal meroterpenoid,native ecological role NR,10.1021/acs.orglett.0c01358,2020.0,Fungal BGC Dossier — M4-FUNG-0466 / BGC0002537
M4-FUNG-0467,BGC0002538,MIBiG,3,NCBITAXON:1087732,Chaetomium olivaceum SD-80A,STR_58a692a6b9bb,SD-80A,1087732,MN432487.1,1.0,17732.0,17732.0,MN432487.1:1-17732,PKS (Unknown),three-gene ChaA/ChaB/ChaC candidate PKS-NRPS pathway inferred by gene mining and biosynthetic reasoning,chaetolivacines,chaetolivacines A-C,decalin tetramic-acid/pyridone natural products,native ecological role NR,10.3389/fmicb.2019.02958,2020.0,Fungal BGC Dossier — M4-FUNG-0467 / BGC0002538
M4-FUNG-0468,BGC0002539,MIBiG,3,NCBITAXON:2502037,Discosia rubi,,NR,2502037,MT459796.1,1.0,37406.0,37406.0,MT459796.1:1-37406,other (other),putative chaetoglobosin P PKS-NRPS cluster with candidate β-methylation and adjacent twinfilin self-resistance hypothesis,chaetoglobosin family,chaetoglobosin P,cytochalasan / chaetoglobosin,native ecological role NR,10.3389/fmicb.2020.01766,2020.0,Fungal BGC Dossier — M4-FUNG-0468 / BGC0002539
M4-FUNG-0469,BGC0002543,MIBiG,3,NCBITAXON:168477,Phialomyces arenicola (studied as Penicillium arenicola NRRL 8095),STR_706839474bca,NRRL 8095,168477,MN518690.1,1.0,66625.0,66625.0,MN518690.1:1-66625,NRPS (Type I),echinocandin NRPS cluster with hybrid Aspergillus-/Leotiomycete-like biosynthetic features,acrophiarin,acrophiarin,antifungal secondary metabolite,antifungal echinocandin; producing strains show reduced echinocandin sensitivity/self-resistance,10.1111/1462-2920.15004,2020.0,Fungal BGC Dossier — M4-FUNG-0469 / BGC0002543
M4-FUNG-0470,BGC0002546,MIBiG,3,NCBITAXON:38033,Chaetomium globosum,,NR,38033,MN367318.1,1.0,37704.0,37704.0,MN367318.1:1-37704,NRPS (Type I); PKS (Unknown),genome-mined hybrid PKS-NRPS chaetoglobosin candidate locus,chaetoglobosins/cytoglobosins,cytoglobosin X,cytochalasan/chaetoglobosin,native ecological role NR,10.1007/s00253-019-10308-0,2020.0,Fungal BGC Dossier — M4-FUNG-0470 / BGC0002546
M4-FUNG-0471,BGC0002549,MIBiG,2,NCBITAXON:2828659,Parmelia sp. 050094,STR_cc0379742044,050094,2828659,JAEUBB010000008.1,261687.0,288337.0,26651.0,JAEUBB010000008.1:261687-288337,PKS (Unknown),putative lichen polyketide locus assigned to salazinic acid in retired MIBiG record,salazinic acid / depsidone provenance,salazinic acid,lichen depsidone/polyketide-derived natural product,NR for this locus,10.1128/mBio.01111-21,2021.0,Fungal BGC Dossier — M4-FUNG-0471 / BGC0002549
M4-FUNG-0472,BGC0002555,MIBiG,3,NCBITAXON:2046025,Acremonium sp.,STR_7d28de8d9e25,Acremonium tubakii W. Gams isolate in defining study,2046025,MT050462.1,1.0,64157.0,64157.0,MT050462.1:1-64157,NRPS (Type I); PKS (Unknown),peptaibol BGC centered on 16-module hybrid polyketide-NRPS synthetase EmeB,emerimicin peptaibols,emerimicins V-X,15-residue linear peptaibols,NR,10.1021/acs.jnatprod.0c01186,2021.0,Fungal BGC Dossier — M4-FUNG-0472 / BGC0002555
M4-FUNG-0473,BGC0002557,MIBiG,2,NCBITAXON:5078,Penicillium griseofulvum,STR_1c5c7a17b2f1,NRRL 35584,5078,MK692947.1,807.0,15633.0,14827.0,MK692947.1:807-15633,terpene (Unknown),"three-enzyme sesquiterpene pathway: cyclase PeniA, P450 PeniB, FMO PeniC",penifulvins,penifulvin A,oxygenated sesquiterpene with dioxafenestrane ring system,native ecological role unresolved,10.1002/anie.201813722,2019.0,Fungal BGC Dossier — M4-FUNG-0473 / BGC0002557
M4-FUNG-0474,BGC0002592,MIBiG,2,NCBITAXON:341663,Aspergillus terreus NIH2624,STR_b142bedb3ed6,NIH2624,341663,CH476605.1,1290054.0,1314979.0,24926.0,CH476605.1:1290054-1314979,PKS (Unknown),13-ORF geodin polyketide cluster heterologously reconstituted in A. nidulans,geodin pathway,geodin,chlorinated polyketide,native ecological role unresolved,10.1371/journal.pone.0072871,2013.0,Fungal BGC Dossier — M4-FUNG-0474 / BGC0002592
M4-FUNG-0475,BGC0002593,MIBiG,2,NCBITAXON:136282,Pseudevernia furfuracea,,NR,136282,NKYQ01000004.1,1336945.0,1348918.0,11974.0,NKYQ01000004.1:1336945-1348918,PKS (Unknown),lichen non-reducing PKS PFUR17_02294; lecanoric acid synthase activity in yeast,lichen depsides,lecanoric acid,depside polyketide,native ecological function unresolved,10.1016/j.mec.2021.e00172,2021.0,Fungal BGC Dossier — M4-FUNG-0475 / BGC0002593
M4-FUNG-0476,BGC0002594,MIBiG,2,NCBITAXON:229533,Fusarium graminearum PH-1,STR_f2c27ca2c66c,PH-1,229533,CM000575.1,5522657.0,5554323.0,31667.0,CM000575.1:5522657-5554323,PKS (Unknown),PKS14-centered orsellinic-acid/orcinol pathway with seven coexpressed neighboring genes,orsellinic-acid/orcinol branch,orsellinic acid; orcinol,simple aromatic polyketides,native ecological role unresolved,10.1016/j.fgb.2014.06.008,2014.0,Fungal BGC Dossier — M4-FUNG-0476 / BGC0002594
M4-FUNG-0477,BGC0002595,MIBiG,2,NCBITAXON:2696576,Taiwanofungus camphoratus,STR_66a41c4cabdd,Antrodia cinnamomea in defining study,2696576,JNBV01000031.1,64805.0,71593.0,6789.0,JNBV01000031.1:64805-71593,PKS (Unknown),PKS63787-associated orsellinic-acid precursor programme for antroquinonols,orsellinic-acid precursor / antroquinonol biosynthesis,orsellinic acid,aromatic polyketide precursor,precursor role in antroquinonol/pigment production,10.1007/s00253-017-8196-6,2017.0,Fungal BGC Dossier — M4-FUNG-0477 / BGC0002595
M4-FUNG-0478,BGC0002596,MIBiG,2,NCBITAXON:1111077,Claviceps purpurea 20.1,STR_5c09459b575e,20.1,1111077,CAGA01000059.1,98653.0,131937.0,33285.0,CAGA01000059.1:98653-131937,PKS (Unknown),PKS7 depside pathway producing lecanoric acid and ethyl lecanorate,lecanoric-acid depside pathway,lecanoric acid,depside polyketides,native ecological role unresolved,10.1016/j.fgb.2020.103481,2021.0,Fungal BGC Dossier — M4-FUNG-0478 / BGC0002596
M4-FUNG-0479,BGC0002598,MIBiG,2,NCBITAXON:357447,Aspergillus westerdijkiae,STR_3e8c252cf694,food-associated isolates; canonical strain not uniquely specified in source row,357447,MW526246.1,1.0,27735.0,27735.0,MW526246.1:1-27735,PKS (Unknown),five-gene ochratoxin A cluster: oatA/otaB/otaC/otaR/otaD,ochratoxin A,ochratoxin A,chlorinated isocoumarin mycotoxin linked to phenylalanine,food-spoilage mycotoxin; native fungal ecological role unresolved,10.1016/j.ijfoodmicro.2021.109113,2021.0,Fungal BGC Dossier — M4-FUNG-0479 / BGC0002598
M4-FUNG-0480,BGC0002599,MIBiG,2,NCBITAXON:746128,Aspergillus fumigatus,STR_1aa57d3c0795,MF071 in defining study,746128,MT424562.1,1.0,23000.0,23000.0,MT424562.1:1-23000,other (other),putative fumigaclavine fga alkaloid cluster identified by genome analysis,fumigaclavine/ergoline alkaloids,fumigaclavine,ergoline alkaloid,native ecological role unresolved,10.3390/md18070352,2020.0,Fungal BGC Dossier — M4-FUNG-0480 / BGC0002599
M4-FUNG-0481,BGC0002600,MIBiG,2,NCBITAXON:746128,Aspergillus fumigatus,STR_95aa8c99869a,MF071,746128,MT424561.1,1.0,17000.0,17000.0,MT424561.1:1-17000,other (other),putative helvolic/helvolinic-acid cluster,fusidane triterpenoid antibiotics,helvolic acid,fusidane-type triterpenoid,native ecological role NR,10.3390/md18070352,2020.0,Fungal BGC Dossier — M4-FUNG-0481 / BGC0002600
M4-FUNG-0482,BGC0002601,MIBiG,2,NCBITAXON:746128,Aspergillus fumigatus,STR_95aa8c99869a,MF071,746128,MT424563.1,1.0,58000.0,58000.0,MT424563.1:1-58000,other (other),canonical fumagillin locus; defining MF071 reference does not causally validate it,fumagillin family,fumagillin,meroterpenoid/terpenoid-polyketide natural product,native ecological role NR,10.3390/md18070352,2020.0,Fungal BGC Dossier — M4-FUNG-0482 / BGC0002601
M4-FUNG-0483,BGC0002602,MIBiG,2,NCBITAXON:5059,Aspergillus flavus,,NR,5059,MH898736.1,1.0,15136.0,15136.0,MH898736.1:1-15136,other (other),seven-gene aspergillic-acid biosynthetic cluster,aspergillic-acid hydroxamate metabolites,aspergillic acid,hydroxamic-acid secondary metabolite,iron-binding pigment chemistry associated with ferriaspergillin,10.1016/j.fgb.2018.04.009,2018.0,Fungal BGC Dossier — M4-FUNG-0483 / BGC0002602
M4-FUNG-0484,BGC0002603,MIBiG,2,NCBITAXON:46472,Aspergillus versicolor,STR_1a90e4261b7a,0312,46472,LC422695.1,817.0,17858.0,17042.0,LC422695.1:817-17858,PKS (Unknown),polyketide-diterpenoid hybrid chevalone cluster,fungal polyketide-diterpenoid hybrids,chevalone E,polyketide-diterpenoid meroterpenoid,NR,10.1039/C8QO01124A,2019.0,Fungal BGC Dossier — M4-FUNG-0484 / BGC0002603
M4-FUNG-0485,BGC0002604,MIBiG,2,NCBITAXON:1287682,Aspergillus felis,,NR,1287682,LC428283.1,1835.0,19731.0,17897.0,LC428283.1:1835-19731,PKS (Unknown),sartorypyrone polyketide-diterpenoid hybrid locus,sartorypyrones,sartorypyrone A,polyketide-diterpenoid meroterpenoid,NR,10.1039/C8QO01124A,2019.0,Fungal BGC Dossier — M4-FUNG-0485 / BGC0002604
M4-FUNG-0486,BGC0002605,MIBiG,2,NCBITAXON:40993,Aspergillus carbonarius,STR_f0876fadd8c4,OTA-producing strain(s) in comparative study,40993,MG701890.1,1.0,21508.0,21508.0,MG701890.1:1-21508,NRPS (Type I); PKS (Unknown),orthologous five-gene ochratoxin A cluster,ochratoxins,ochratoxin A,chlorinated polyketide-derived mycotoxin,mycotoxin,10.1016/j.ijfoodmicro.2017.12.028,2018.0,Fungal BGC Dossier — M4-FUNG-0486 / BGC0002605
M4-FUNG-0487,BGC0002606,MIBiG,2,NCBITAXON:5061,Aspergillus niger,STR_5453489d9855,OTA-producing strain(s) in comparative study,5061,MG701892.1,1.0,21662.0,21662.0,MG701892.1:1-21662,NRPS (Type I); PKS (Unknown),orthologous five-gene ochratoxin A cluster,ochratoxins,ochratoxin A,chlorinated polyketide-derived mycotoxin,mycotoxin,10.1016/j.ijfoodmicro.2017.12.028,2018.0,Fungal BGC Dossier — M4-FUNG-0487 / BGC0002606
M4-FUNG-0488,BGC0002607,MIBiG,2,NCBITAXON:357447,Aspergillus westerdijkiae,STR_de41a8ad7965,OTA-producing strain(s) in comparative study,357447,MG701896.1,1.0,24204.0,24204.0,MG701896.1:1-24204,NRPS (Type I); PKS (Unknown),orthologous five-gene ochratoxin A cluster,ochratoxins,ochratoxin A,chlorinated polyketide-derived mycotoxin,mycotoxin,10.1016/j.ijfoodmicro.2017.12.028,2018.0,Fungal BGC Dossier — M4-FUNG-0488 / BGC0002607
M4-FUNG-0489,BGC0002608,MIBiG,2,NCBITAXON:306088,Aspergillus steynii,STR_bddbfb4c3ac2,OTA-producing strain(s) in comparative study,306088,MG701897.1,1.0,23671.0,23671.0,MG701897.1:1-23671,NRPS (Type I); PKS (Unknown),orthologous five-gene ochratoxin A cluster,ochratoxins,ochratoxin A,chlorinated polyketide-derived mycotoxin,mycotoxin,10.1016/j.ijfoodmicro.2017.12.028,2018.0,Fungal BGC Dossier — M4-FUNG-0489 / BGC0002608
M4-FUNG-0490,BGC0002609,MIBiG,2,NCBITAXON:1341132,Aspergillus welwitschiae,STR_0f3580be7df5,multiple A. welwitschiae isolates,1341132,KX267735.1,1.0,18619.0,18619.0,KX267735.1:1-18619,NRPS (Type I); PKS (Unknown),five-gene ochratoxin A cluster defined by comparative gene content and toxin chemotype,ochratoxins,ochratoxin A,chlorinated polyketide-derived mycotoxin,mycotoxin,10.3389/fmicb.2016.01412,2016.0,Fungal BGC Dossier — M4-FUNG-0490 / BGC0002609
M4-FUNG-0491,BGC0002610,MIBiG,3,NCBITAXON:1549217,Aspergillus stellatus,,NR,1549217,LC073704.1,101.0,6568.0,6468.0,LC073704.1:101-6568,terpene (Unknown),two-enzyme sesterterpene pathway: chimeric prenyltransferase/terpene cyclase plus P450 monooxygenase,sesterterpenes,stellatic acid,sesterterpene acid,NR,10.1021/acs.orglett.5b02404,2015.0,Fungal BGC Dossier — M4-FUNG-0491 / BGC0002610
M4-FUNG-0492,BGC0002611,MIBiG,2,NCBITAXON:1810919,Aspergillus mulundensis,STR_98fe15fe44a0,Y-30462 = DSMZ 5745 = CBS 140610 = IBT 33104,1810919,KP742486.1,1.0,57000.0,57000.0,KP742486.1:1-57000,NRPS (Type I),echinocandin cyclic lipohexapeptide NRPS cluster with homotyrosine-biosynthesis and oxidative-tailoring genes,echinocandins,mulundocandin,cyclic lipohexapeptide antifungal,NR,10.1128/EC.00076-15,2015.0,Fungal BGC Dossier — M4-FUNG-0492 / BGC0002611
M4-FUNG-0493,BGC0002612,MIBiG,3,NCBITAXON:1549217,Aspergillus stellatus,,NR,1549217,AB981314.1,101.0,31032.0,30932.0,AB981314.1:101-31032,terpene (Unknown),fungal meroterpenoid pathway combining a nonreducing PKS-derived DMOA unit with farnesyl-derived terpene chemistry and oxidative rearrangements,anditomin / andilesin meroterpenoids,anditomin,highly oxygenated fungal meroterpenoid,NR,10.1021/ja508127q,2014.0,Fungal BGC Dossier — M4-FUNG-0493 / BGC0002612
M4-FUNG-0494,BGC0002614,MIBiG,2,NCBITAXON:904690,Penicillium shearii,STR_6a8d019cda9a,IFM 42152,904690,LC600199.1,1.0,33840.0,33840.0,LC600199.1:1-33840,NRPS (Type I); PKS (Unknown),decalin-containing diterpenoid-pyrone meroterpenoid pathway: NR-PKS + prenyltransferase + GGPP synthase + FMO epoxidase + terpene cyclase + oxidative tailoring,decalin-containing diterpenoid pyrones / shearones,subglutinol A; sesquicillin A; colletotrichin; metarhizin A (MIBiG engineered-product labels),fungal diterpenoid-pyrone meroterpenoids,native ecological role NR,10.1038/s41467-020-15664-4,2020.0,Fungal BGC Dossier — M4-FUNG-0494 / BGC0002614
M4-FUNG-0495,BGC0002615,MIBiG,2,NCBITAXON:374132,Penicillium terrestre,STR_c351bc48ac07,LM2,374132,MH388470.1,1.0,24396.0,24396.0,,terpene (Unknown),meroterpenoid / isoprenoid epoxycyclohexenone pathway with late membrane-bound terpene cyclization,macrophorin / isoprenoid epoxycyclohexenone meroterpenoids,4-oxomacrophorin A; macrophorin A; 5'-epimacrophorin B,meroterpenoid isoprenoid epoxycyclohexenones,NR,10.1021/acs.orglett.7b02653,2017.0,Fungal BGC Dossier — M4-FUNG-0495 / BGC0002615
M4-FUNG-0496,BGC0002616,MIBiG,2,NCBITAXON:5082,Penicillium roqueforti,STR_cde40bbbb5b4,F43-1 (high MPA producer; RNAi experiments),5082,KU234531.1,1.0,23320.0,23320.0,,PKS (Unknown),mycophenolic-acid polyketide/terpenoid hybrid pathway; seven-gene mpaA/B/C/DE/F/G/H cluster,mycophenolic acid,mycophenolic acid,polyketide-derived meroterpenoid / IMPDH inhibitor,fungal secondary metabolite; ecological role NR,10.1016/j.fm.2016.10.013,2017.0,Fungal BGC Dossier — M4-FUNG-0496 / BGC0002616
M4-FUNG-0497,BGC0002617,MIBiG,2,NCBITAXON:1813945,Penicillium sp. YT-2016,STR_a3f8aa8c6a45,YT-2016,1813945,KU695586.1,1.0,17174.0,17174.0,,NRPS (Type I),cyclic α-nitro tripeptide NRPS pathway,psychrophilins A-I,psychrophilin B,α-nitro-containing cyclic tripeptides,NR,10.1038/ja.2016.33,2016.0,Fungal BGC Dossier — M4-FUNG-0497 / BGC0002617
M4-FUNG-0498,BGC0002618,MIBiG,2,NCBITAXON:36656,Penicillium crustosum,STR_1998a3826020,native P. crustosum strain used for pen cluster deletion study,36656,KC963408.1,1.0,66022.0,66022.0,,terpene (Unknown),indole-diterpene penitrem pathway; distributed/two-cluster programme with paspaline core and oxidative/prenyl tailoring,penitrems,penitrem A,tremorgenic indole diterpenes,mycotoxin / tremorgenic natural product,10.3390/toxins7082701,2015.0,Fungal BGC Dossier — M4-FUNG-0498 / BGC0002618
M4-FUNG-0499,BGC0002619,MIBiG,2,NCBITAXON:5074,Penicillium brevicompactum,STR_83ab071ba85b,NRRL 864,5074,KM595305.1,2369.0,44516.0,42148.0,,PKS (Unknown),mycophenolic-acid polyketide/meroterpenoid pathway; mpa′ gene cluster,mycophenolic acid,mycophenolic acid,polyketide-derived meroterpenoid,fungal secondary metabolite; ecological role NR,10.1002/cbic.201402600,2015.0,Fungal BGC Dossier — M4-FUNG-0499 / BGC0002619
M4-FUNG-0500,BGC0002646,MIBiG,3,NCBITAXON:1873369,Aspergillus hancockii,STR_5a1c5e30918b,genome-sequenced A. hancockii producer used in hkn study,1873369,MBFL02000005.1,111467.0,130314.0,18848.0,,PKS (Unknown),cryptic polyketide-meroterpenoid hkn pathway with cluster-specific regulator and P450 ring-forming tailoring,hancockinone A,hancockinone A,prenylated polycyclic polyketide / meroterpenoid,NR,10.1021/acs.orglett.1c03283,2021.0,Fungal BGC Dossier — M4-FUNG-0500 / BGC0002646
M4-FUNG-0501,BGC0002651,MIBiG,2,NCBITAXON:77044,Rosellinia necatrix,STR_866532291c79,genome-derived R. necatrix locus; strain not resolved in curated primary text,77044,DF977497.1,11097.0,27954.0,16858.0,DF977497.1:11097-27954,terpene (Unknown),compact sordarin-family diterpene locus homologous to sdn: terpene cyclase + four P450s + SdnG-like protein + glycosyltransferase + methyltransferase,sordarin-family diterpenes,sordaricin B (MIBiG label; product nomenclature/provenance uncertain),norbornene-containing diterpene / sordarin-family terpene,precursor/core for antifungal sordarin-family natural products,10.26434/chemrxiv-2022-dst89,2022.0,Fungal BGC Dossier — M4-FUNG-0501 / BGC0002651
M4-FUNG-0502,BGC0002655,MIBiG,2,NCBITAXON:1859971,Paramyrothecium roridum,STR_9149e5b62e87,NRRL 2183,1859971,PXOD01000028.1,3488.0,44354.0,40867.0,PXOD01000028.1:3488-44354,NRPS (Type I),putative fungal lipopeptaibol NRPS pathway; PrHalA proposed to assemble a hexapeptide through unconventional nonlinear module use,halovirs I–K,halovir I; halovir J; halovir K,lipopeptaibols; N- and C-terminally acylated hexapeptides,antibacterial/cytotoxic natural products; ecological role in the fungus not established,10.1038/s41429-022-00517-7,2022.0,Fungal BGC Dossier — M4-FUNG-0502 / BGC0002655
M4-FUNG-0503,BGC0002658,MIBiG,2,NCBITAXON:284135,Sarocladium oryzae,STR_56d1f16922a6,genome locus from S. oryzae; FunBGC representative strain JCM 12450,284135,BCHE01000001.1,1898103.0,1933000.0,34898.0,BCHE01000001.1:1898103-1933000,NRPS (Type I); PKS (Unknown),"PKS–NRPS 4-hydroxy-2-pyridone pathway with ER, P450 and SDR tailoring; late seven-membered-ring formation is substrate-controlled/nonenzymatic",deoxyakanthomycins / akanthomycin-related 4-hydroxy-2-pyridones,M-deoxyakanthomycin; P-deoxyakanthomycin,atropisomeric 4-hydroxy-2-pyridone alkaloids,secondary metabolite; ecological role of the S. oryzae Sdx products NR,10.1021/jacs.2c02288,2022.0,Fungal BGC Dossier — M4-FUNG-0503 / BGC0002658
M4-FUNG-0504,BGC0002664,MIBiG,2,NCBITAXON:2784450,Xylaria sp. 218_066,STR_0592e285ba0c,218_066,2784450,JADKYC010000066.1,16116.0,83405.0,67290.0,JADKYC010000066.1:16116-83405,NRPS (Type I),candidate seven-module NRPS cyclic heptadepsipeptide pathway with proposed rare trans-acting N-methyltransferase,xylaroamides,xylaroamide A,cyclic heptadepsipeptide / nonribosomal peptide,fungal secondary metabolite; native ecological function NR,10.1021/acs.jnatprod.1c01108,2022.0,Fungal BGC Dossier — M4-FUNG-0504 / BGC0002664
M4-FUNG-0505,BGC0002670,MIBiG,2,NCBITAXON:426428,Fusarium oxysporum f. sp. lycopersici 4287,STR_8d0604afa7a9,4287,426428,CM000596.1,28846.0,56875.0,28030.0,CM000596.1:28846-56875,other (other),"organophosphonate biosynthetic locus centered on phosphoenolpyruvate phosphomutase/decarboxylation, FfnC aldo-keto reduction and FfnD Fe(II)/2OG oxacyclization",fosfonochlorin,fosfonochlorin,halogenated organophosphonate natural product,fungal secondary metabolite; ecological role NR,10.1002/cbic.202100352,2022.0,Fungal BGC Dossier — M4-FUNG-0505 / BGC0002670
M4-FUNG-0506,BGC0002707,MIBiG,2,NCBITAXON:741705,Coniophora puteana RWD-64-598 SS2,STR_2ebf77ba67b9,RWD-64-598 SS2,741705,JH711575.1,411485.0,432806.0,21322.0,JH711575.1:411485-432806 (canonical v2 locus); current MIBiG visualization extends to 439915,terpene (Unknown),class I sesquiterpene synthase-centered (+)-δ-cadinol record; Copu5 directly converts FPP to (+)-δ-cadinol,(+)-δ-cadinol sesquiterpene products,(+)-δ-cadinol,oxygenated cadinane-type sesquiterpene,enzymatic sesquiterpene product; native ecological role in C. puteana NR,10.1186/s12934-022-01791-8,2022.0,Fungal BGC Dossier — M4-FUNG-0506 / BGC0002707
M4-FUNG-0507,BGC0002708,MIBiG,2,NCBITAXON:741705,Coniophora puteana RWD-64-598 SS2,STR_2ebf77ba67b9,RWD-64-598 SS2,741705,JH711575.1,107662.0,109181.0,1520.0,JH711575.1:107662-109181; sole core synthase CONPUDRAFT_118913 / EIW83595.1 lies at 107719-108894 in current MIBiG annotation,terpene (Unknown),single-gene class I sesquiterpene synthase record; Copu9/CONPUDRAFT_118913 directly converts FPP to (+)-δ-cadinol,(+)-δ-cadinol sesquiterpene products,(+)-δ-cadinol,oxygenated cadinane-type sesquiterpene,enzymatic sesquiterpene product; native ecological role in C. puteana NR,10.1186/s12934-022-01791-8,2022.0,Fungal BGC Dossier — M4-FUNG-0507 / BGC0002708
M4-FUNG-0508,BGC0002709,MIBiG,2,NCBITAXON:229533,Fusarium graminearum PH-1,STR_f2c27ca2c66c,PH-1,229533,CM000574.1,7509000.0,7538000.0,29001.0,CM000574.1:7509000-7538000,PKS (Unknown),"naphthopyrone/naphthoquinone polyketide pigment pathway centered on PKS12 with regulatory, methylation, oxidation, transport and extracellular dimerization functions",aurofusarin pigment pathway,aurofusarin,dimeric naphthopyrone-derived polyketide pigment / naphthoquinone-related pigment,red/carmine mycelial pigment; broader ecological contribution beyond pigmentation is context-dependent,10.1111/j.1365-2958.2006.05295.x,2006.0,Fungal BGC Dossier — M4-FUNG-0508 / BGC0002709
M4-FUNG-0509,BGC0002710,MIBiG,2,NCBITAXON:655844,Metarhizium robertsii ARSEF 23,STR_46b299cf944c,ARSEF 23,655844,ADNJ02000002.1,3775769.0,3809100.0,33332.0,ADNJ02000002.1:3775769-3809100,NRPS (Type I),"extracellular hydroxamate siderophore pathway centered on ornithine hydroxylase MrsidA and NRPS MrsidD, yielding coprogens/metachelins and dimerumic acids",metachelins / coprogens and dimerumic-acid siderophores,metachelin C; metachelin A; metachelin A-CE; metachelin B; dimerumic acid 11-mannoside; dimerumic acid,hydroxamate siderophores / nonribosomal peptides,iron acquisition under iron limitation,10.3389/fmicb.2021.783609,2021.0,Fungal BGC Dossier — M4-FUNG-0509 / BGC0002710
M4-FUNG-0510,BGC0002726,MIBiG,2,NCBITAXON:45130,Bipolaris sorokiniana,STR_4ea310956740,11134,45130,MK523385.1,1.0,73894.0,73894.0,MK523385.1:1-73894,PKS (Unknown),candidate halogenase-associated polyketide/chromone-xanthone pathway,chlorinated chromones and xanthones,4-chloropinselin; pinselin; chloromonilinic acid B; chloromonilinic acid D; 4-hydroxyvertixanthone,chlorinated fungal xanthones/chromones and related polyketides,secondary metabolites; native ecological role in B. sorokiniana NR,10.1007/s00253-019-09821-z,2019.0,Fungal BGC Dossier — M4-FUNG-0510 / BGC0002726
M4-FUNG-0511,BGC0002727,MIBiG,2,NCBITAXON:1735992,Neonectria sp. DH2,STR_456edbde7613,DH2,1735992,RQWH01000002.1,1095184.0,1117000.0,21817.0,RQWH01000002.1:1095184-1117000,NRPS (Type I); PKS (Unknown),"hybrid HR-PKS–NRPS 2-pyridone/decalin pathway with trans-acting reductase, P450 and SAM-dependent pericyclase candidate",ilicicolins,ilicicolin H,PKS–NRPS-derived 2-pyridone with decalin motif,antifungal secondary metabolite; native ecological role in DH2 NR,10.3390/molecules24122267,2019.0,Fungal BGC Dossier — M4-FUNG-0511 / BGC0002727
M4-FUNG-0512,BGC0002728,MIBiG,3,NCBITAXON:690307,Aspergillus aculeatus ATCC 16872,STR_85e6f8e865ba,ATCC 16872 / CBS 172.66 / WB 5094,690307,NW_017962983.1,1125505.0,1144430.0,18926.0,NW_017962983.1:1125505-1144430,NRPS (Type I); terpene (Unknown),mixed terpene–NRPS norsesquiterpene pathway with three P450 oxidative-demethylation enzymes,aculenes,aculene A,C14 norsesquiterpenes with nordaucane skeleton; A/B carry L-proline-derived substituent,fungal secondary metabolites; native ecological role NR,10.1002/anie.201910200,2019.0,Fungal BGC Dossier — M4-FUNG-0512 / BGC0002728
M4-FUNG-0513,BGC0002729,MIBiG,2,NCBITAXON:367110,Neurospora crassa OR74A,STR_f06fe1362621,OR74A / FGSC 2489,367110,CM002236.1,8673829.0,8701327.0,27499.0,CM002236.1:8673829-8701327,PKS (Unknown),"HR-PKS salicylaldehyde pathway with multiple redox, epoxidase and epoxide-hydrolase tailoring enzymes",sordarial salicylaldehyde polyketides,sordarial,HR-PKS-derived salicylaldehyde with dihydroxypentenyl side chain,native role in N. crassa unresolved; phytotoxic potential inferred from related salicylaldehydes,10.1021/acs.jnatprod.8b00983,2019.0,Fungal BGC Dossier — M4-FUNG-0513 / BGC0002729
M4-FUNG-0514,BGC0002730,MIBiG,2,NCBITAXON:104259,Penicillium brasilianum HBU-136,STR_de8067f1fc95,HBU-136,104259,SSWP01000056.1,15500.0,47500.0,32001.0,SSWP01000056.1:15500-47500,NRPS (Type I),candidate indole-diketopiperazine NRPS cluster with predicted P450 and O-methyltransferase tailoring,indole-diketopiperazines / tryprostatin-related alkaloids,spirotryprostatin G,prenylated/oxidatively tailored indole diketopiperazine alkaloids,secondary metabolites; native ecological role NR,10.3390/md17090514,2019.0,Fungal BGC Dossier — M4-FUNG-0514 / BGC0002730
M4-FUNG-0515,BGC0002731,MIBiG,2,NCBITAXON:2582783,Aspergillus nanangensis,STR_0851cb8cf6c4,MST-FP2251,2582783,MN200101.1,1.0,51887.0,51887.0,MN200101.1:1-51887,PKS (Unknown),putative drimane-sesquiterpenoid/acyl-drimenol biosynthetic cluster; MIBiG class label is database provenance,nanangenines,nanangenine A,drimane sesquiterpenoids / acyl drimenols,secondary metabolites; native ecological role NR,10.3762/bjoc.15.256,2019.0,Fungal BGC Dossier — M4-FUNG-0515 / BGC0002731
M4-FUNG-0516,BGC0002734,MIBiG,2,NCBITAXON:341663,Aspergillus terreus NIH2624,STR_b142bedb3ed6,NIH2624,341663,CH476598.1,173000.0,194000.0,21001.0,CH476598.1:173000-194000,PKS (Unknown),NR-PKS + neighboring NRPS-like aryl-carboxylate reductase module,aryl-aldehyde polyketide intermediate,"2,4-dihydroxy-5,6-dimethylbenzaldehyde",aromatic polyketide acid/aldehyde pair,pathway intermediate chemistry; native ecological function NR,10.1016/j.chembiol.2013.12.005,2014.0,Fungal BGC Dossier — M4-FUNG-0516 / BGC0002734
M4-FUNG-0517,BGC0002736,MIBiG,2,NCBITAXON:341663,Aspergillus terreus NIH2624,STR_b142bedb3ed6,NIH2624,341663,CH476597.1,2170787.0,2176233.0,5447.0,CH476597.1:2170787-2176233,terpene (Unknown),sesterterpene bifunctional terpene synthase + P450 oxidative tailoring module,preaspterpenacid sesterterpenes,preaspterpenacid I,"pentacyclic C25 sesterterpene, 5–6–7–3–5 ring system",secondary-metabolite scaffold; native ecological role NR,10.1021/acs.orglett.1c01361,2021.0,Fungal BGC Dossier — M4-FUNG-0517 / BGC0002736
M4-FUNG-0518,BGC0002745,MIBiG,3,NCBITAXON:60169,Penicillium polonicum,STR_9c6219bc7ea1,X6; canonical locus derived from IBT 4502 genomic sequence,60169,MDYM01000002.1,1232478.0,1263428.0,30951.0,MDYM01000002.1:1232478-1263428,PKS (Unknown),"HR-PKS α-pyrone mycotoxin pathway with methyltransferase, two FAD monooxygenases, acyltransferase and P450 candidates",verrucosidin α-pyrone mycotoxins,verrucosidin,methylated α-pyrone polyketide with epoxytetrahydrofuran-containing side chain,mycotoxin associated with neurological toxicity; ecological role in fungus NR,10.3389/fmicb.2021.660871,2021.0,Fungal BGC Dossier — M4-FUNG-0518 / BGC0002745
M4-FUNG-0519,BGC0002746,MIBiG,3,NCBITAXON:1314807,Dendrothele bispora CBS 962.96,STR_fcba31e27ad7,CBS 962.96,1314807,ML179655.1,8358.0,47015.0,38658.0,ML179655.1:8358-47015,RiPP,"borosin RiPP cluster encoding autocatalytic precursor methyltransferase DbiMA1, prolyl oligopeptidase DbiP and predicted accessory tailoring enzymes",dendrothelins / borosin peptide macrocycles,dendrothelin A,12-residue backbone-N-methylated cyclic RiPP; nine core backbone N-methylations in omphalotin-like pattern,likely defense effector against nematodes/antagonists; native ecological role proposed rather than directly established,10.1038/s41598-021-83106-2,2021.0,Fungal BGC Dossier — M4-FUNG-0519 / BGC0002746
M4-FUNG-0520,BGC0002747,MIBiG,3,NCBITAXON:5353,Lentinula edodes,STR_644b4d69f7d8,4312 native peptide-detection strain; canonical genome locus from L. edodes assembly,5353,JABWDW010000010.1,799861.0,828214.0,28354.0,JABWDW010000010.1:799861-828214,RiPP,"borosin RiPP cluster with precursor methyltransferase LedMA, prolyl oligopeptidase LedP and accessory tailoring candidates",lentinulins / borosin macrocycles,lentinulin A,12-residue backbone-N-methylated cyclic RiPP with nine core N-methylations,likely defense effector against nematodes/antagonists; native ecological function proposed,10.1038/s41598-021-83106-2,2021.0,Fungal BGC Dossier — M4-FUNG-0520 / BGC0002747
M4-FUNG-0521,BGC0002749,MIBiG,2,NCBITAXON:41067,Aspergillus candidus CBS 102.13,STR_d6fd6b6a42ef,CBS 102.13,41067,KZ559173.1,191.0,18452.0,18262.0,KZ559173.1:191-18452,NRPS (Type VI); PKS (Type I),NRPS–PKS hybrid pyrrolobenzazepine pathway with kynurenine-pathway precursor supply,aspcandine,aspcandine,pyrrolobenzazepine alkaloid / NRPS–PKS hybrid product,secondary metabolite; native ecological role NR,10.1021/acs.orglett.2c01918,2022.0,Fungal BGC Dossier — M4-FUNG-0521 / BGC0002749
M4-FUNG-0522,BGC0002758,MIBiG,1,NCBITAXON:227321,Aspergillus nidulans FGSC A4,STR_f5fd9ed0ac1f,FGSC A4 / experimental AGB552 derivatives,227321,BN001302.1,162823.0,193481.0,30659.0,BN001302.1:162823-193481,PKS (Type I),non-reducing aromatic PKS / azaphilone-tropolone pathway with oxidative ring-expansion branch,dba/troA azaphilone-tropolone family,azanidulone; anhydrosepedonin; antibiotic C; tripyrnidone; DHMBA,aromatic polyketides including azaphilone and tropolone scaffolds,microbial competition / iron-chelation role proposed and experimentally supported for induced tropolone-containing extracts,10.3389/ffunb.2021.777474,2022.0,Fungal BGC Dossier — M4-FUNG-0522 / BGC0002758
M4-FUNG-0523,BGC0002759,MIBiG,2,NCBITAXON:293381,Penicillium bialowiezense CBS 227.28,STR_3a7b62a0d88f,CBS 227.28,293381,LC719581.1,1.0,41588.0,41588.0,LC719581.1:1-41588,terpene (sesquiterpene) + iterative type-I PKS,meroditerpenoid pathway built from a polyketide-derived pyrone and geranylgeranyl-derived terpene branch,brevione meroditerpenoids,brevione E,complex meroditerpenoid,secondary metabolite; native ecological role NR,10.1002/anie.202210938,2022.0,Fungal BGC Dossier — M4-FUNG-0523 / BGC0002759
M4-FUNG-0524,BGC0002812,MIBiG,2,NCBITAXON:759273,Colletotrichum higginsianum IMI 349063,STR_835a3320fbf3,IMI 349063,759273,LTAN01000004.1,389265.0,404974.0,15710.0,LTAN01000004.1:389265-404974,PKS (Type I); terpene (Monoterpene),four-gene ctc aromatic-polyketide/prenylation/halogenation pathway,colletochlorin/colletorin family,colletochlorin A family; reconstructed products include colletochlorins B/D and colletorins,"prenylated orsellinic-acid-derived polyketides, chlorinated and nonchlorinated",infection/context-responsive fungal secondary metabolites; specific native ecological role unresolved,10.1016/j.ymben.2023.10.002,2023.0,Fungal BGC Dossier — M4-FUNG-0524 / BGC0002812
M4-FUNG-0525,BGC0002845,MIBiG,1,NCBITAXON:330879,Aspergillus fumigatus Af293,STR_747359f7f588,Af293,330879,AAHF00000000.1,611460.0,657026.0,45567.0,AAHF00000000.1:611460-657026,PKS (Type I); terpene (Diterpene),fungal meroterpenoid pathway: NR-PKS + prenyltransferase + pathway GGPS + FMO + terpene cyclase + acetyltransferase,sartorypyrones and related meroterpenoid intermediates/shunt products,sartorypyrone A; sartorypyrone D; sartorypyrone F; sartorypyrone G,meroterpenoid / polyketide-diterpene hybrid,UNCERTAIN,10.1039/D3SC02226A,2023.0,Fungal BGC Dossier — M4-FUNG-0525 / BGC0002845
M4-FUNG-0526,BGC0002847,MIBiG,1,NCBITAXON:655844,Metarhizium robertsii ARSEF23,STR_5dd4a9c68052,ARSEF23,655844,ADNJ02000003.1,5192433.0,5216330.0,23898.0,ADNJ02000003.1:5192433-5216330,PKS (Type I),tandem HR-PKS + NR-PKS + ψACP-thioesterase resorcylic-acid module,olivetolic acid and resorcylic-acid alkyl-chain analogs,olivetolic acid,resorcylic-acid polyketides,UNCERTAIN,10.1021/acssynbio.1c00309,2021.0,Fungal BGC Dossier — M4-FUNG-0526 / BGC0002847
M4-FUNG-0527,BGC0002848,MIBiG,1,NCBITAXON:75552,Aspergillus duricaulis CBS 481.65,STR_3ab459ff438f,CBS 481.65,75552,N/A,24033.0,37871.0,13839.0,N/A:24033-37871,PKS (Type I),depside-forming fungal NR-PKS plus single-module NRPS tailoring,fungal depsides and depside-amino-acid conjugates,"CJ-20,557; duricamidepside",depside polyketide / depside-NRPS conjugate,UNCERTAIN,10.1021/jacs.2c08585,2022.0,Fungal BGC Dossier — M4-FUNG-0527 / BGC0002848
M4-FUNG-0528,BGC0002849,MIBiG,1,NCBITAXON:2715282,Aspergillus luteorubrus MST-FP2246,STR_122302fa498c,MST-FP2246,2715282,OR597289.1,1.0,24542.0,24542.0,OR597289.1:1-24542,PKS (Type II highly reducing),HR-PKS-cAT glycosylated-polyketide pathway with glycosyltransferase-like partner,luteodienosides and luteodiene polyketides,luteodienoside A; luteodiene A,glycosylated highly reducing polyketide,UNCERTAIN,10.1039/d3sc05008d,2024.0,Fungal BGC Dossier — M4-FUNG-0528 / BGC0002849
M4-FUNG-0529,BGC0002852,MIBiG,1,NCBITAXON:3077947,Pestalotiopsis sp. BRIP 39872,STR_25d3564ad430,BRIP 39872,3077947,LC780645,1.0,25427.0,25427.0,LC780645:1-25427,NRPS (Type I); PKS (Type I),PKS-NRPS hybrid PbpsA producing an α-pyrone in heterologous host,"3,6-dialkyl-α-pyrones","new 3,6-dialkyl-α-pyrone",α-pyrone polyketide,UNCERTAIN,10.1016/j.tetlet.2023.154865,2024.0,Fungal BGC Dossier — M4-FUNG-0529 / BGC0002852
M4-FUNG-0530,BGC0002855,MIBiG,1,NCBITAXON:469280,Aspergillus striatus ATCC 64988,STR_d62fc517dbcd,ATCC 64988,469280,OP493542.1,1.0,18333.0,18333.0,OP493542.1:1-18333,terpene (Diterpene),indole-diterpene EST1 core with noncanonical cyclase EstB1,indole diterpenes,emindole SA,indole diterpene,UNCERTAIN,10.1021/jacs.2c11170,2023.0,Fungal BGC Dossier — M4-FUNG-0530 / BGC0002855
M4-FUNG-0531,BGC0002864,MIBiG,1,NCBITAXON:2911399,Ovatospora sp. SCSIO SY280D,STR_a15ba1b0b529,SCSIO SY280D,2911399,OQ626729.1,6586.0,26493.0,19908.0,OQ626729.1:6586-26493,PKS (Type I),"mollicellin depsidone pathway with PKS components, bifunctional P450, decarboxylase and aromatic prenyltransferase",mollicellin depsidones,mollicellin Z; mollicellin Z1,depsidone polyketide,UNCERTAIN,10.1021/acs.jnatprod.3c00609,2023.0,Fungal BGC Dossier — M4-FUNG-0531 / BGC0002864
M4-FUNG-0532,BGC0002867,MIBiG,1,NCBITAXON:2003561,Penicillium meliponae MMSRG-058,STR_25d844d25152,MMSRG-058,2003561,ON087600.1,1.0,74487.0,74487.0,ON087600.1:1-74487,PKS (Type I),dual-PKS azaphilone/sclerotiorin-like cluster,sclerotiorin-like azaphilones,sclerotiorin; geumsanol B; chlorogeumsanol B; 7-deacetylisochromophilone VI; isochromophilone VI; ochrephilone; isorotiorin,azaphilone polyketides,UNCERTAIN,10.1007/s00203-023-03414-1,2023.0,Fungal BGC Dossier — M4-FUNG-0532 / BGC0002867
M4-FUNG-0533,BGC0002872,MIBiG,1,NCBITAXON:5503,Curvularia lunata ATCC 74067,STR_41cef9c90b4b,ATCC 74067,5503,MF806533,1.0,65714.0,65714.0,MF806533:1-65714,PKS (Type I),zaragozic/squalestatin alkylcitrate-polyketide pathway,zaragozic acids / squalestatins,zaragozic acid A; L-731.120,alkylcitrate polyketide / squalene-synthase inhibitor,squalene synthase inhibition is the established pharmacological role of zaragozic acids; native fungal ecological role remains uncertain,10.1021/acs.orglett.7b01534,2017.0,Fungal BGC Dossier — M4-FUNG-0533 / BGC0002872
M4-FUNG-0534,BGC0002874,MIBiG,1,NCBITAXON:1400770,Cladonia metacorallifera KoLRI002260,STR_f7d2033ee922,KoLRI002260,1400770,KI911112.1,100436.0,126827.0,26392.0,KI911112.1:100436-126827,PKS (Type I),candidate NR-PKS naphthazarin pigment cluster (crz1-crz9),cristazarin naphthazarin pigment,cristazarin,naphthazarin polyketide pigment,UNCERTAIN,10.1371/journal.pone.0287559,2023.0,Fungal BGC Dossier — M4-FUNG-0534 / BGC0002874
M4-FUNG-0535,BGC0002876,MIBiG,1,NCBITAXON:1810909,Aspergillus desertorum CBS 653.73,STR_0105aceb796f,CBS 653.73,1810909,BK062751,1.0,39206.0,39206.0,BK062751:1-39206,terpene (Diterpene),indole-diterpene DES core with stereodivergent cyclase DesB,indole diterpenes,emindole DA,indole diterpene,UNCERTAIN,10.1021/jacs.2c11170,2023.0,Fungal BGC Dossier — M4-FUNG-0535 / BGC0002876
M4-FUNG-0536,BGC0002877,MIBiG,1,NCBITAXON:983644,Cordyceps militaris CM01,STR_54f86898c28d,CM01,983644,JH126407.1,1.0,57835.0,57835.0,JH126407.1:1-57835,PKS (Type I),HR-PKS/trans-acting enoyl reductase/cytochrome-P450 cordypyrone module,cordypyrones,cordypyrone A,polyketide pyrone,UNCERTAIN,10.1038/s41429-021-00478-3,2021.0,Fungal BGC Dossier — M4-FUNG-0536 / BGC0002877
M4-FUNG-0537,BGC0002883,MIBiG,1,NCBITAXON:1353983,Cladonia macilenta KoLRI003786,STR_d239ae1696be,KoLRI003786,1353983,KE598559.1,574147.0,593574.0,19428.0,KE598559.1:574147-593574,PKS (Type I),nonreducing-PKS phenanthraquinone candidate cluster,biruloquinone,biruloquinone,phenanthraquinone polyketide pigment,secondary-metabolite pigment,10.3390/jof7050398,2021.0,Fungal BGC Dossier — M4-FUNG-0537 / BGC0002883
M4-FUNG-0538,BGC0002884,MIBiG,1,NCBITAXON:162425,Aspergillus nidulans FSGC A1145,STR_dcd2ffeff5c1,FSGC A1145,162425,AY223812.1,1.0,19160.0,19160.0,AY223812.1:1-19160,NRPS (Type I),nonlinear ferrichrome-family NRPS pathway centered on SidC,ferrichrome-family siderophores,ferricrocin,cyclic hydroxamate hexapeptide siderophore,intracellular iron storage/homeostasis,10.1038/s41467-023-38484-8,2023.0,Fungal BGC Dossier — M4-FUNG-0538 / BGC0002884
M4-FUNG-0539,BGC0002887,MIBiG,1,NCBITAXON:645133,Colletotrichum graminicola M1.001,STR_13fe947295fb,M1.001,645133,GG697471.1,6098.0,27811.0,21714.0,GG697471.1:6098-27811,PKS (Type I),resorcylic-acid-lactone RADS-like dual-PKS cluster,radicicol/monocillin resorcylic acid lactones,radicicol (monorden),resorcylic acid lactone polyketides,secondary metabolite; ecological antifungal activity proposed,10.1186/s12864-016-2546-0,2016.0,Fungal BGC Dossier — M4-FUNG-0539 / BGC0002887
M4-FUNG-0540,BGC0002891,MIBiG,1,NCBITAXON:1756131,Arthrinium sp. NF2194,STR_00388153e5be,NF2194,1756131,MH183007-MH183019,,,,13 deposited gene accessions,PKS (aromatic) + sesquiterpene,dual-PKS/farnesylated meroterpenoid atn cluster,arthripenoids,arthripenoid C,polyketide-sesquiterpenoid meroterpenoid,secondary metabolite,10.1002/anie.201804317,2018.0,Fungal BGC Dossier — M4-FUNG-0540 / BGC0002891
M4-FUNG-0541,BGC0002904,MIBiG,1,NCBITAXON:1341132,Aspergillus welwitschiae,STR_b598161e578c,fumonisin-producing black-aspergillus isolate represented by KJ934798.1,1341132,KJ934798.1,,,,KJ934798.1; 11-gene canonical representation,PKS (Type I),fumonisin fum cluster,fumonisins,fumonisin B2,aminopolyol polyketide mycotoxins,mycotoxin,10.1016/j.fgb.2014.09.009,2014.0,Fungal BGC Dossier — M4-FUNG-0541 / BGC0002904
M4-FUNG-0542,BGC0002905,MIBiG,1,NCBITAXON:2696576,Taiwanofungus camphoratus S27,STR_cd957befca2e,S27,2696576,GCA_000766995.1,178814.0,195619.0,16806.0,GCA_000766995.1:178814-195619,terpene (Sesquiterpene),antrocin sesquiterpene cluster with dual-functional HAD-like terpene cyclases,antrocin/cyclofarnesoid sesquiterpenes,(-)-antrocin,drimane/cyclofarnesoid sesquiterpenoids,secondary metabolite,10.1002/anie.202215566,2023.0,Fungal BGC Dossier — M4-FUNG-0542 / BGC0002905
M4-FUNG-0543,BGC0002911,MIBiG,1,NCBITAXON:1229662,Pestalotiopsis fici W106-1,STR_dfe58d0a00ae,W106-1 / CGMCC3.15140,1229662,KI912111.1,511344.0,519947.0,8604.0,KI912111.1:511344-519947,NRPS (Type I); PKS (Type I),single NRPS-PKS hybrid naringenin synthetase FnsA,flavonoids,naringenin,flavanone / chalcone,secondary metabolite / flavonoid precursor,10.1038/s41467-022-34150-7,2022.0,Fungal BGC Dossier — M4-FUNG-0543 / BGC0002911
M4-FUNG-0544,BGC0002930,MIBiG,1,NCBITAXON:1835702,Penicillium arizonense IBT 12289,STR_44263d3431da,IBT 12289,1835702,LXJU01000010.1,453251.0,490131.0,36881.0,LXJU01000010.1:453251-490131,PKS (aromatic); terpene (sesquiterpene),austalide meroterpenoid ast cluster,austalide meroterpenoids,austalide F / 6'-O-demethyl-dihydroaustalide K pathway series,phthalide-derived polyketide-sesquiterpenoid meroterpenoids,secondary metabolites,10.1098/rstb.2022.0037,2023.0,Fungal BGC Dossier — M4-FUNG-0544 / BGC0002930
M4-FUNG-0545,BGC0002933,MIBiG,1,NCBITAXON:1635095,Albophoma yamanashiensis (Tolypocladium album) FO-254,STR_c0ef58a71341,FO-254,1635095,BCKH01000011,218505.0,239133.0,20629.0,BCKH01000011:218505-239133,terpene (Diterpene),indole sesquiterpene SES cluster with functional crosstalk to indole diterpene TER cluster,indole sesquiterpenes / cross-cluster indole terpenoids,prelecanindole,indole terpenoids,secondary metabolites,10.1021/acs.orglett.3c02412,2023.0,Fungal BGC Dossier — M4-FUNG-0545 / BGC0002933
M4-FUNG-0546,BGC0002936,MIBiG,1,NCBITAXON:87276,Umbilicaria deusta,STR_c904b8327473,representative U. deusta genome/isolate in comparative Umbilicaria panel,87276,GCA_023184635.1,23607.0,30319.0,6713.0,GCA_023184635.1:23607-30319,PKS (Type I),candidate nonreducing PKS16 tridepside cluster,lichen depsides,gyrophoric acid,tridepside polyketide,lichen secondary metabolite,10.1128/spectrum.00109-22,2022.0,Fungal BGC Dossier — M4-FUNG-0546 / BGC0002936
M4-FUNG-0547,BGC0002938,MIBiG,1,NCBITAXON:5518,Fusarium graminearum F15,STR_89bc0d5999e8,F15,5518,AB060689.1,2800.0,27800.0,25001.0,AB060689.1:2800-27800,terpene (Sesquiterpene),trichothecene Tri5 biosynthetic cluster,trichothecenes,3-acetyldeoxynivalenol (3-ADON),sesquiterpenoid trichothecene mycotoxin,mycotoxin / virulence-associated secondary metabolism,10.1016/S0014-5793(03)00208-4,2003.0,Fungal BGC Dossier — M4-FUNG-0547 / BGC0002938
M4-FUNG-0548,BGC0002953,MIBiG,1,NCBITAXON:326622,Annulohypoxylon moriforme CBS 123579,STR_4759d5a13e9c,CBS 123579,326622,MU403194.1,30842.0,62160.0,31319.0,MU403194.1:30842-62160,PKS (Type I); terpene (Sesquiterpene),mfm phthalide-drimane hybrid cluster,phthalide-terpenoid hybrids,11'-O-desmethyl fendlerol,drimane-phthalide hybrid,secondary metabolite,10.1039/D3SC06001B,2024.0,Fungal BGC Dossier — M4-FUNG-0548 / BGC0002953
M4-FUNG-0549,BGC0002956,MIBiG,1,NCBITAXON:1213857,Colletotrichum orbiculare 104-T (MAFF 240422),STR_bfb87fc391f3,104-T / MAFF 240422,1213857,AMCV02000011.1,397493.0,419207.0,21715.0,AMCV02000011.1:397493-419207,terpene (Sesterterpene),betaestacin bifunctional sesterterpene synthase/P450 cluster,betaestacins,betaestacin I,polycyclic sesterterpenoids,secondary metabolites,10.1016/j.tetlet.2018.02.022,2018.0,Fungal BGC Dossier — M4-FUNG-0549 / BGC0002956
M4-FUNG-0550,BGC0002966,MIBiG,1,NCBITAXON:2715282,Aspergillus luteorubrus MST-FP2246,STR_122302fa498c,MST-FP2246,2715282,OR597289.1,1.0,24542.0,24542.0,OR597289.1:1-24542,PKS (Type I),ltb HR-PKS/carnitine O-acyltransferase cluster,luteodienosides,luteodienoside A,glycosylated highly reduced polyketide,secondary metabolite,10.1039/d3sc05008d,2024.0,Fungal BGC Dossier — M4-FUNG-0550 / BGC0002966
M4-FUNG-0551,BGC0002970,MIBiG,1,NCBITAXON:36656,Penicillium crustosum PRB-2,STR_6cebde49848b,PRB-2,36656,OM831135.1,1.0,15163.0,15163.0,OM831135.1:1-15163,PKS (Type I),xil HR-PKS/P450 xylariolide D cluster,xylariolides,xylariolide D,6-methyl-2-pyrone polyketide,secondary metabolite,10.3390/jof8050493,2022.0,Fungal BGC Dossier — M4-FUNG-0551 / BGC0002970
M4-FUNG-0552,BGC0002971,MIBiG,1,NCBITAXON:229533,Fusarium graminearum PH-1,STR_f2c27ca2c66c,PH-1,229533,HG970334.1,11300.0,27206.0,15907.0,HG970334.1:11300-27206,PKS (Type I),PKS2 fugralin polyketide cluster,fugralins,Fugralin A,methylated tetraketide polyketides,secondary metabolites,10.3389/ffunb.2023.1264366,2023.0,Fungal BGC Dossier — M4-FUNG-0552 / BGC0002971
M4-FUNG-0553,BGC0002980,MIBiG,1,NCBITAXON:451804,Aspergillus fumigatus A1163,STR_2a8a9d770390,A1163,451804,DS499596.1,142959.0,168165.0,25207.0,DS499596.1:142959-168165,PKS (Type I),sphingofungin PKS/aminomalonate cluster,sphingofungins,sphingofungin B,aminomalonate-containing polyketide sphingolipid inhibitors,secondary metabolites,10.1021/acschembio.1c00839,2022.0,Fungal BGC Dossier — M4-FUNG-0553 / BGC0002980
M4-FUNG-0554,BGC0002984,MIBiG,1,NCBITAXON:1079268,Dactylonectria alcacerensis CT-6,STR_a3d61a1d7181,CT-6,1079268,JAPMUZ000000000.1,220720.0,268510.0,47791.0,JAPMUZ000000000.1:220720-268510,PKS (Type I),candidate brefeldin-A T1PKS locus,brefeldins,Brefeldin A,macrolide polyketides,secondary metabolites,10.3390/microorganisms11040968,2023.0,Fungal BGC Dossier — M4-FUNG-0554 / BGC0002984
M4-FUNG-0555,BGC0002985,MIBiG,1,NCBITAXON:2884823,Paramyrothecium sp. XJ0827,STR_7086da169999,XJ0827,2884823,JAJFPB010000006.1,864085.0,923792.0,59708.0,JAJFPB010000006.1:864085-923792,NRPS (Type I),xylomyrocin NRPS plus D-xylonic-acid supply cluster,xylomyrocins,xylomyrocin A,sugar-acid-containing nonribosomal cyclodepsipeptides,secondary metabolites,10.1073/pnas.2123379119,2022.0,Fungal BGC Dossier — M4-FUNG-0555 / BGC0002985
M4-FUNG-0556,BGC0002987,MIBiG,1,NCBITAXON:2211609,Fusarium scirpi CGMCC 3.3656,STR_b766da03fc20,CGMCC 3.3656,2211609,OR551244.1,1.0,24656.0,24656.0,OR551244.1:1-24656,PKS (Type I),hybrid HR-PKS/type-III-PKS alkylresorcinol cluster,scirpilins,scirpilin A,multi-substituted alkylresorcinol polyketides,secondary metabolites,10.1016/j.cclet.2023.108968,2024.0,Fungal BGC Dossier — M4-FUNG-0556 / BGC0002987
M4-FUNG-0557,BGC0002993,MIBiG,1,NCBITAXON:69781,Penicillium oxalicum MEFC104,STR_368587e5cc66,MEFC104,69781,ON756038,1.0,11982.0,11982.0,ON756038:1-11982,NRPS (Type I); PKS (Type I),opd PKS–NRPS tetramic-acid cluster,oxopyrrolidines,Oxopyrrolidine A,polyketide–amino-acid hybrid tetramic acids,secondary metabolites,10.3390/md20080523,2022.0,Fungal BGC Dossier — M4-FUNG-0557 / BGC0002993
M4-FUNG-0558,BGC0002995,MIBiG,1,NCBITAXON:69789,Penicillium soppii CBS 869.70,STR_43dc36e85d69,CBS 869.70,69789,PP496886.1,1.0,21906.0,21906.0,PP496886.1:1-21906,NRPS (Type I),minimal two-gene cycloaspeptide NRPS/N-methyltransferase cluster,cycloaspeptides,cycloaspeptide A,N-methylated cyclic pentapeptides,secondary metabolites,10.1039/C8SC00717A,2018.0,Fungal BGC Dossier — M4-FUNG-0558 / BGC0002995
M4-FUNG-0559,BGC0002996,MIBiG,1,NCBITAXON:293374,Penicillium palitans NRRL 2033,STR_d7ab16f9143d,NRRL 2033,293374,OK563953,,,,OK563953,NRPS (Type I),vdo quinolinone/viridicatol cluster,viridicatin-family quinolinones,viridicatol,quinolinone alkaloids,secondary metabolites,10.1021/acs.orglett.1c03932,2022.0,Fungal BGC Dossier — M4-FUNG-0559 / BGC0002996
M4-FUNG-0560,BGC0002998,MIBiG,1,NCBITAXON:1053259,Neonectria discophora SNB-CN63,STR_1bee3208b726,SNB-CN63,1053259,CAJVRK010000025.1,3669610.0,3694100.0,24491.0,CAJVRK010000025.1:3669610-3694100,PKS (Type I),candidate ilicicolin-like polyketide/halogenase BGC,ilicicolins,ilicicolinal,halogenated polyketides,secondary metabolites,10.1038/s41598-022-22256-3,2022.0,Fungal BGC Dossier — M4-FUNG-0560 / BGC0002998
M4-FUNG-0561,BGC0002999,MIBiG,1,NCBITAXON:1365484,Penicillium roqueforti FM164,STR_9fa368f16f65,FM164,1365484,HG792017.1,2702010.0,2728043.0,26034.0,HG792017.1:2702010-2728043,PKS (Type I),annullatin polyketide/prenylation/BBE-like cluster,annullatins,"(2S,9S)-annullatin D",alkylated aromatic polyketides,secondary metabolites,10.1021/acs.orglett.2c02438,2022.0,Fungal BGC Dossier — M4-FUNG-0561 / BGC0002999
M4-FUNG-0562,BGC0003006,MIBiG,1,NCBITAXON:2041049,Cephalotrichum gorgonifer NG_p51,STR_6036046c39ae,NG_p51,2041049,ONZQ02000003.1,1534342.0,1567618.0,33277.0,ONZQ02000003.1:1534342-1567618,PKS (Type I),Rsf1-centered rasfonin PKS cluster,rasfonin,Rasfonin,polyketide,bioactive secondary metabolite,10.1186/s40694-023-00158-x,2023.0,Fungal BGC Dossier — M4-FUNG-0562 / BGC0003006
M4-FUNG-0563,BGC0003011,MIBiG,1,NCBITAXON:3047880,Phaeosphaeriaceae sp. CF-150626,STR_1c8c2cd9da0c,CF-150626,3047880,OP957445,,,,OP957445,PKS (Type I); terpene (Sesquiterpene),eup2 tropolone-sesquiterpenoid cluster,tropolone sesquiterpenoids,Eupenifeldin,tropolone–humulene meroterpenoids,bioactive secondary metabolites,10.1002/anie.202009914,2020.0,Fungal BGC Dossier — M4-FUNG-0563 / BGC0003011
M4-FUNG-0564,BGC0003013,MIBiG,1,NCBITAXON:5065,Aspergillus sp. SCSIO SX7S7,STR_815013a3d5ee,SCSIO SX7S7,5065,OP889148.1,1.0,51350.0,51350.0,OP889148.1:1-51350,PKS (Type I),dep dual-PKS depside/depsidone cluster with remote halogenase,depsides/depsidones,nornidulin,halogenated fungal depsidones/depsides,bioactive secondary metabolites,10.1016/j.apsb.2023.05.036,2023.0,Fungal BGC Dossier — M4-FUNG-0564 / BGC0003013
M4-FUNG-0565,BGC0003017,MIBiG,1,NCBITAXON:1126212,Macrophomina phaseolina MS6,STR_53e3c8d91be0,MS6,1126212,AHHD01000324,84148.0,99139.0,14992.0,AHHD01000324:84148-99139,NRPS (Type I); PKS (Type I),mac PKS-NRPS tetramic-acid cluster,macrollins,Macrollin A,polyketide-amino-acid hybrid tetramic acids,secondary metabolites,10.1021/acs.jafc.1c05304,2021.0,Fungal BGC Dossier — M4-FUNG-0565 / BGC0003017
M4-FUNG-0566,BGC0003018,MIBiG,1,NCBITAXON:69788,Penicillium sclerotiorum SNB-CN111,STR_a54bae7a2670,SNB-CN111,69788,CAJVRJ010000005.1,1315000.0,1363000.0,48001.0,CAJVRJ010000005.1:1315000-1363000,PKS (Type I),candidate azaphilone/sclerotiorin BGC,azaphilones,sclerotiorin,halogenated azaphilone polyketides,secondary metabolites,10.1038/s41598-022-22256-3,2022.0,Fungal BGC Dossier — M4-FUNG-0566 / BGC0003018
M4-FUNG-0567,BGC0003024,MIBiG,1,NCBITAXON:330879,Aspergillus fumigatus Af293,STR_747359f7f588,Af293,330879,NC_007196.1,3610653.0,3612376.0,1724.0,NC_007196.1:3610653-3612376,NRPS (other),isocyanide-synthase/NRPS-like CrmA locus,CrmA-derived isocyanide metabolites,fumicicolin A,isocyanide-derived acylated sugar alcohol / alkaloid adduct chemistry,antimicrobial competitive-metabolism candidate,10.1038/s41467-022-32394-x,2022.0,Fungal BGC Dossier — M4-FUNG-0567 / BGC0003024
M4-FUNG-0568,BGC0003028,MIBiG,1,NCBITAXON:36652,Penicillium crustosum PRB-2,STR_77cf5ae66ff7,PRB-2,36652,MK360919,,,,MK360919,NRPS (Type I); PKS (Type II highly reducing),fungal acyltetronate terrestric-acid pathway,fungal acyltetronates,terrestric acid,acyltetronate polyketide-derived metabolite,NR,10.1021/acs.orglett.9b04002,2019.0,Fungal BGC Dossier — M4-FUNG-0568 / BGC0003028
M4-FUNG-0569,BGC0003032,MIBiG,1,NCBITAXON:69789,Penicillium soppii Okera-1 / IBT 18220,STR_2d966b565af7,Okera-1 / IBT 18220,69789,JAQKAI010000002.1,1218726.0,1268856.0,50131.0,JAQKAI010000002.1:1218726-1268856,PKS (Type I),cryptic HR-PKS/type III PKS/P450 alkylresorcinol pathway,soppiline alkylresorcinols,soppiline A,"alkylresorcinol with Z,E,Z-triene side chain",NR,10.1039/C9OB00807A,2019.0,Fungal BGC Dossier — M4-FUNG-0569 / BGC0003032
M4-FUNG-0570,BGC0003034,MIBiG,1,NCBITAXON:40382,Aspergillus ustus 3.3904,STR_25fb91052ab7,3.3904,40382,OP095378,1.0,2757.0,2757.0,OP095378:1-2757,terpene (Sesquiterpene),single-gene fungal sesquiterpene cyclase gdlS,sesquiterpene alcohol,germacradienol,sesquiterpene alcohol,possible geosmin-precursor function,10.1039/D2RA05033A,2022.0,Fungal BGC Dossier — M4-FUNG-0570 / BGC0003034
M4-FUNG-0571,BGC0003041,MIBiG,1,NCBITAXON:665912,Bipolaris sorokiniana ND90Pr,STR_26db863526af,ND90Pr,665912,KB445637,257853.0,282242.0,24390.0,KB445637:257853-282242,terpene (Sesquiterpene),three-enzyme sativene/prehelminthosporol pathway,sativene-derived sesquiterpenoids,prehelminthosporol,sesquiterpene / oxidized sativene derivative,NR,10.1021/acs.orglett.3c04005,2024.0,Fungal BGC Dossier — M4-FUNG-0571 / BGC0003041
M4-FUNG-0572,BGC0003047,MIBiG,1,NCBITAXON:1279085,Fusarium fujikuroi isolate IMI58289,STR_96b7bfe68017,IMI58289,1279085,HF679031.1,2661442.0,2683453.0,22012.0,HF679031.1:2661442-2683453,NRPS (Type I),beauvericin NRPS cluster with epigenetic and transporter control,beauvericin cyclodepsipeptide,beauvericin,cyclic hexadepsipeptide,secondary metabolite / mycotoxin-associated compound,10.1111/1462-2920.13576,2016.0,Fungal BGC Dossier — M4-FUNG-0572 / BGC0003047
M4-FUNG-0573,BGC0003053,MIBiG,1,NCBITAXON:685557,Mortierella alpina ATCC 32222,STR_7fa3f6e772b5,ATCC 32222,685557,MT800759,1.0,17499.0,17499.0,MT800759:1-17499,NRPS (Type I),bacterial-like pentamodular NRPS malpibaldin pathway,malpibaldin cyclic pentapeptides,malpibaldin A,cyclic pentapeptide,NR,10.1128/AEM.02051-20,2021.0,Fungal BGC Dossier — M4-FUNG-0573 / BGC0003053
M4-FUNG-0574,BGC0003054,MIBiG,1,NCBITAXON:41900,Aspergillus flavipes CNL-338,STR_8c27d27070e4,CNL-338,41900,MW248390,1.0,20599.0,20599.0,MW248390:1-20599,terpene (Diterpene),tnd diterpene pathway with bifunctional type I diterpene synthase TndC,talaronoid diterpenoids,talaronoid C,polycyclic diterpene,NR,10.1021/acs.orglett.2c02904,2022.0,Fungal BGC Dossier — M4-FUNG-0574 / BGC0003054
M4-FUNG-0575,BGC0003058,MIBiG,1,NCBITAXON:685557,Mortierella alpina ATCC 32222,STR_7fa3f6e772b5,ATCC 32222,685557,MT800760,1.0,17564.0,17564.0,MT800760:1-17564,NRPS (Type I),bacterial-like pentamodular NRPS malpicyclin pathway,malpicyclin cyclic pentapeptides,malpicyclin A,cyclic pentapeptides,possible competitive antibacterial secondary metabolite,10.1128/AEM.02051-20,2021.0,Fungal BGC Dossier — M4-FUNG-0575 / BGC0003058
M4-FUNG-0576,BGC0003072,MIBiG,1,NCBITAXON:229533,Fusarium graminearum PH-1,STR_f2c27ca2c66c,PH-1,229533,CM000574,7468564.0,7502171.0,33608.0,CM000574:7468564-7502171,NRPS (Type I),NRPS4 cyclic hexapeptide fusahexin pathway,fusahexin cyclic hexapeptide,fusahexin,cyclic hexapeptide with oxazine ether bridge,NR,10.1021/acs.jnatprod.0c00947,2021.0,Fungal BGC Dossier — M4-FUNG-0576 / BGC0003072
M4-FUNG-0577,BGC0003076,MIBiG,1,NCBITAXON:1388766,Aspergillus ruber QEN-0407-G2 / genome reference CBS 135680,STR_95d7e5802ce5,QEN-0407-G2 for enzyme cDNA; CBS 135680 for reference genome locus,1388766,KK088413.1,1198799.0,1215239.0,16441.0,KK088413.1:1198799-1215239,NRPS (Type I),four-gene indole diketopiperazine echinulin pathway: EchPS NRPS + EchPT1/EchPT2 prenyltransferases + EchP450,echinulin-family prenylated indole diketopiperazine alkaloids,echinulin,prenylated indole diketopiperazine,NR,10.1021/acschembio.0c00874,2021.0,Fungal BGC Dossier — M4-FUNG-0577 / BGC0003076
M4-FUNG-0578,BGC0003077,MIBiG,1,NCBITAXON:40382,Aspergillus ustus,STR_25fb91052ab7,3.3904,40382,JOMC01000221,126152.0,146621.0,20470.0,JOMC01000221:126152-146621,NRPS (Type III),"NRPS-like atromentin/p-terphenyl pathway with reductive dehydration, O-methylation, hydroxylation, prenylation and spontaneous dibenzofuran formation",uscandidusin/usterphenyllin p-terphenyl and dibenzofuran family,uscandidusin A,prenylated p-terphenyl / dibenzofuran natural product,NR,10.1021/acs.orglett.3c02234,2023.0,Fungal BGC Dossier — M4-FUNG-0578 / BGC0003077
M4-FUNG-0579,BGC0003085,MIBiG,1,NCBITAXON:40382,Aspergillus ustus,STR_25fb91052ab7,3.3904,40382,JOMC01000033.1,419894.0,432203.0,12310.0,MIBiG total region JOMC01000033.1:405821-452210; experimentally supported locus 419894-432203; final annotated CDS extends to 432210,NRPS (Type I),"four-gene protubonine diketopiperazine pathway: bimodular NRPS, flavin-dependent oxygenase, two acetyltransferases",protubonine cyclo-L-Trp-L-Leu alkaloids,(-)-protubonine B,"hydroxylated, diacetylated tryptophan-leucine diketopiperazine-derived alkaloid",NR,10.1021/acs.jnatprod.3c00274,2023.0,Fungal BGC Dossier — M4-FUNG-0579 / BGC0003085
M4-FUNG-0580,BGC0003088,MIBiG,1,NCBITAXON:201291,Penicillium brocae,STR_ec5462b79552,MA-231,201291,LC747004.1,1.0,20646.0,20646.0,LC747004.1:1-20646,Terpene (Hemiterpene),"prenylated indole alkaloid / γ-lactam pathway with PLP decarboxylation, indole prenylation, glutamate condensation and P450 oxidative indole cleavage",penindolene A-D enantiomeric indole terpenoid alkaloids,(±)-penindolenes A-D,prenylated indole terpenoid alkaloids with γ-lactam skeleton,NR,10.1002/anie.202403963,2024.0,Fungal BGC Dossier — M4-FUNG-0580 / BGC0003088
M4-FUNG-0581,BGC0003093,MIBiG,1,NCBITAXON:2604179,Diaporthe sp. SYSU-MS4722,STR_2e1841736366,SYSU-MS4722,2604179,PP544674.1,1.0,34520.0,34520.0,historical MIBiG interval PP544674.1:1-34520; current entry retired for validation failure,PKS (Type I),anthraquinone-to-tetrahydroxanthone polyketide pathway with P450-mediated oxidative dimerization,phomoxanthone/tetrahydroxanthone family,phomoxanthone A,dimeric tetrahydroxanthone polyketide,NR,10.1021/acs.orglett.2c01050,2022.0,Fungal BGC Dossier — M4-FUNG-0581 / BGC0003093
M4-FUNG-0582,BGC0003094,MIBiG,1,NCBITAXON:2633043,Phaeosphaeria sp. TTI001159,STR_239f30df24e8,TTI001159,2633043,OR063823.1,1.0,27529.0,27529.0,OR063823.1:1-27529,PKS (Type I),"nonreducing PKS depside/depsidone pathway with oxidative cyclization, decarboxylation, hydroxylation/reduction, methylation and CDK-resistance determinant",roseopurpurin depside/depsidone family,roseopurpurin C,fungal depside/depsidone polyketides,putative self-resistance-linked production of CDK inhibitors; native ecological role not directly demonstrated,10.1073/pnas.2310522120,2023.0,Fungal BGC Dossier — M4-FUNG-0582 / BGC0003094
M4-FUNG-0583,BGC0003099,MIBiG,1,NCBITAXON:192010,Fusarium mangiferae,STR_c35af955c192,MRC7560,192010,FCQH01000014.1,53237.0,74256.0,21020.0,MIBiG total region FCQH01000014.1:37472-85084; experimentally supported locus 53237-74256,PKS (Type I),"reducing PKS8 dihydroisocoumarin pathway with trans-ER, alpha/beta-hydrolase-like protein and Zn(II)2Cys6 transcription factor",fusamarin / dihydroisocoumarin family,fusamarin-related dihydroisocoumarins (compounds 1-9),dihydroisocoumarin polyketides,NR,10.1002/cbic.202200342,2023.0,Fungal BGC Dossier — M4-FUNG-0583 / BGC0003099
M4-FUNG-0584,BGC0003108,MIBiG,1,NCBITAXON:2011797,Leptobacillium sp. CF-236968,STR_868089c3d176,CF-236968,2011797,OQ053324.1,1.0,34270.0,34270.0,OQ053324.1:1-34270,PKS (Type I); terpene (Sesquiterpene),"tropolone-sesquiterpenoid meroterpenoid pathway: PKS-derived tropolone + humulene, oxidative tailoring and hetero-Diels-Alder coupling",tropolone sesquiterpenoids,pycnidione,fungal meroterpenoid; bistropolone-humulene scaffold,NR,10.1002/anie.202009914,2020.0,Fungal BGC Dossier — M4-FUNG-0584 / BGC0003108
M4-FUNG-0585,BGC0003109,MIBiG,1,NCBITAXON:1718872,Stachybotrys sp. g12,STR_284c00e5c09c,g12,1718872,LC754785.1,,,,LC754785.1; four-gene complete cluster in MIBiG,PKS (Type I),alkyl-salicylaldehyde polyketide pathway with unusual KR-domain-mediated reductive chain release and cupin-assisted aromatization,stachysalicyloid / alkyl salicylaldehyde derivatives,stachysalicyloid C,alkyl salicylaldehyde polyketide,NR,10.1021/jacs.3c02011,2023.0,Fungal BGC Dossier — M4-FUNG-0585 / BGC0003109
M4-FUNG-0586,BGC0003113,MIBiG,1,NCBITAXON:1955268,Jackrogersella multiformis,STR_4f42da501c3a,CBS 119016,1955268,GCA_902806575.1,,,,historical assembly-level MIBiG association; current record retired,PKS (Type I),"group-B azaphilone pathway candidate with paired nrPKS/hrPKS plus FAD monooxygenase, acyltransferase and FAD oxidoreductase core",multiformin azaphilones,multiformin A,azaphilone polyketides,stromatal pigment/secondary metabolite role proposed at family level; precise ecological function unresolved,10.1016/j.simyco.2021.100118,2021.0,Fungal BGC Dossier — M4-FUNG-0586 / BGC0003113
M4-FUNG-0587,BGC0003115,MIBiG,1,NCBITAXON:36656,Penicillium crustosum,STR_6cebde49848b,PRB-2,36656,OL773684.1,1.0,7685.0,7685.0,OL773684.1:1-7685,PKS (Type I),single-gene bifunctional nonreducing PKS pathway; OesA synthesizes orsellinic acid and transfers it to 3-hydroxypropanoic acid,orsellinoxypropanoic acid / orsellinoylpropanoic acid polyketide,3-orsellinoxypropanoic acid (orsellinoylpropanoic acid),depside-like esterified aromatic polyketide,NR,10.1021/acs.orglett.1c04189,2022.0,Fungal BGC Dossier — M4-FUNG-0587 / BGC0003115
M4-FUNG-0588,BGC0003118,MIBiG,1,NCBITAXON:2487000,Hypomontagnella monticulosa,STR_aca2e2878907,MUCL 54604,2487000,GCA_902806465.1,,,,historical assembly-level BGC0003118 association; current MIBiG record retired,PKS (Type I),"tetraketide pyrone pathway with two HR-PKSs, O-acyltransferase, P450 oxidations, O-methylation, FAD oxidation and SDR tailoring",multiforisin tetraketide pyrones,multiforisin H,tetraketide pyrone polyketide,NR,10.1039/d3cc04758j,2023.0,Fungal BGC Dossier — M4-FUNG-0588 / BGC0003118
M4-FUNG-0589,BGC0003119,MIBiG,1,NCBITAXON:690307,Aspergillus aculeatus,STR_57f221070c5b,ATCC 16872,690307,NW_017962986.1,780579.0,792411.0,11833.0,NW_017962986.1:780579-792411,terpene (Sesterterpene),two-enzyme sesterterpene pathway: bifunctional prenyltransferase/cyclase VrcA plus multifunctional P450 VrcB,variecolin sesterterpenoids,variecolin,sesterterpenoid,NR,10.1016/j.apsb.2023.08.025,2024.0,Fungal BGC Dossier — M4-FUNG-0589 / BGC0003119
M4-FUNG-0590,BGC0003120,MIBiG,1,NCBITAXON:1955266,Jackrogersella minutella,STR_6a8191e6e62c,CBS 135445,1955266,GCA_022578535.1,,,,historical assembly-level BGC0003120 association; current MIBiG record retired,PKS (Type I),azaphilone-like polyketide pathway candidate inferred through Hypoxylaceae comparative genomics,minutellin/hinnulin azaphilone family,minutellin A,azaphilone polyketides,NR,10.1016/j.phytochem.2017.02.014,2017.0,Fungal BGC Dossier — M4-FUNG-0590 / BGC0003120
M4-FUNG-0591,BGC0003126,MIBiG,1,NCBITAXON:425011,Aspergillus niger,STR_6eb18234b8d8,CBS 513.88,425011,AM270096.1,1.0,17000.0,17000.0,AM270096.1:1-17000,PKS (Type II aromatic),"coumarin-derived dimer pathway: NR-PKS KtnS, O-methyltransferase KtnB and P450 KtnC perform precursor formation, methylation and regio/stereoselective oxidative phenol coupling",kotanin/desmethylkotanin coumarin dimers,kotanin,bis-coumarin polyketide,NR,10.1002/anie.201203603,2012.0,Fungal BGC Dossier — M4-FUNG-0591 / BGC0003126
M4-FUNG-0592,BGC0003130,MIBiG,1,NCBITAXON:756982,Arthrobotrys oligospora,STR_60112692accb,ATCC 24927,756982,JH119214.1,1352459.0,1403343.0,50885.0,JH119214.1:1352459-1403343,NRPS (Type I),ferrichrome-type siderophore pathway centered on NRPS Ao415 with L-ornithine oxygenase Ao414 supplying hydroxylated ornithine precursor,ferrichrome-type siderophores,desferriferrichrome,cyclic hydroxamate siderophore,iron-homeostasis signal/metabolite linked to regulation of nematode-trap formation and predatory behavior,10.1021/acs.jafc.3c08354,2024.0,Fungal BGC Dossier — M4-FUNG-0592 / BGC0003130
M4-FUNG-0593,BGC0003140,MIBiG,1,NCBITAXON:27334,Penicillium expansum,STR_f04f01ba5208,MD-8,27334,JQFZ01000261,7881.0,9308.0,1428.0,JQFZ01000261:7881-9308,terpene (Sesquiterpene),single terpene-synthase functional unit: PeTS1 (+)-aristolochene synthase,aristolochene sesquiterpene,(+)-aristolochene,sesquiterpene hydrocarbon,NR,10.1021/acs.jafc.2c01885,2022.0,Fungal BGC Dossier — M4-FUNG-0593 / BGC0003140
M4-FUNG-0594,BGC0003142,MIBiG,1,NCBITAXON:229533,Fusarium graminearum,STR_f2c27ca2c66c,PH-1,229533,HG970333.1,8491420.0,8515560.0,24141.0,historical MIBiG interval HG970333.1:8491420-8515560; current record retired,PKS (Type I); terpene (Diterpene),decalin-containing diterpenoid pyrone meroterpenoid pathway combining NR-PKS-derived pyrone and GGPP-derived diterpene modules with oxidative tailoring,fungal decalin-containing diterpenoid pyrones (FDDPs),FDDP D; FDDP E,decalin-containing diterpenoid pyrone meroterpenoids,candidate virulence-associated secondary metabolites in cereal infection; exact mechanism in F. graminearum remains unresolved,10.1038/s41467-020-15664-4,2020.0,Fungal BGC Dossier — M4-FUNG-0594 / BGC0003142
M4-FUNG-0595,BGC0003144,MIBiG,1,ORG_3705c8ce96de,Pseudevernia furfuracea,STR_2fb3f8c2f87e,physodic-acid chemotype,NR,XXX,,,,canonical boundary unavailable (XXX); literature candidate is cluster 4 / PF33-1_006185 within physodic-acid chemotype genome JAIUPS000000000,polyketide / depsidone,candidate NR-PKS16-centered depside/depsidone cluster with cytochrome P450 and monooxygenase,lichen depsides/depsidones,physodic acid,depsidone,lichen secondary metabolite; precise ecological function NR,10.3390/biom11101445,2021.0,Fungal BGC Dossier — M4-FUNG-0595 / BGC0003144
M4-FUNG-0596,BGC0003145,MIBiG,1,NCBITAXON:1126212,Macrophomina phaseolina,STR_53e3c8d91be0,MS6,1126212,AHHD01000324.1,100574.0,134917.0,34344.0,AHHD01000324.1:100574-134917,NRPS (Type I); PKS (Type II highly reducing),"PKS-NRPS 3-decalinoyltetramic-acid pathway with trans-ER, LLDAse and P450 tailoring",3-decalinoyltetramic acids,macrophasetin A; macrophasetin B; macrophasetin C,decalin-containing tetramic-acid polyketide-peptide hybrids,secondary metabolites of a plant-pathogenic fungus; native ecological role unresolved,10.3389/fmicb.2022.1056392,2022.0,Fungal BGC Dossier — M4-FUNG-0596 / BGC0003145
M4-FUNG-0597,BGC0003147,MIBiG,1,NCBITAXON:124418,Tolypocladium album,STR_ac84b191b8d2,RK99-F33,124418,GCA_024341135.1,,,,GCA_024341135.1 whole-assembly reference; no canonical locus coordinates,NRPS (Type I); PKS (Type I),single fungal TAS1-family NRPS-PKS hybrid γ-lactam synthase,fungal γ-lactams / taslactams,Taslactam C,γ-lactam natural product,NR,10.1021/acschembio.2c00830,2023.0,Fungal BGC Dossier — M4-FUNG-0597 / BGC0003147
M4-FUNG-0598,BGC0003148,MIBiG,1,NCBITAXON:319629,Aspergillus brasiliensis,,NR,319629,GCA_001889945.1,374134.0,389601.0,15468.0,GCA_001889945.1:374134-389601,NRPS (Type I),iterative nonribosomal peptide synthetase malformin pathway centered on mlfA,malformins,Malformin C; Malformin A2,cyclic pentapeptide with disulfide linkage,secondary metabolite; native ecological function unresolved,10.1038/s41598-018-36561-3,2018.0,Fungal BGC Dossier — M4-FUNG-0598 / BGC0003148
M4-FUNG-0599,BGC0003149,MIBiG,1,NCBITAXON:660028,Fusarium oxysporum,STR_883448399d90,MN25,660028,AGBH00000000.1,,,,AGBH00000000.1 whole-assembly reference; no canonical locus coordinates,NRPS (Type I); PKS (Type I),single fungal TAS1-family NRPS-PKS hybrid γ-lactam synthase,fungal γ-lactams / taslactams,Taslactam D,γ-lactam natural product,NR,10.1021/acschembio.2c00830,2023.0,Fungal BGC Dossier — M4-FUNG-0599 / BGC0003149
M4-FUNG-0600,BGC0003150,MIBiG,1,NCBITAXON:487627,Ascochyta viciae-villosae,STR_54bb13be2b73,ONG-16-641 (AV22),487627,PP738965.1,16200.0,48492.0,32293.0,PP738965.1:16200-48492,PKS (Type I),ascochitine polyketide pathway centered on pksAC within conserved 11-gene orf1-orf11 cluster,ascochitine-family polyketides,Ascochitine,polyketide,secondary metabolite with antimicrobial/phytotoxic properties; not essential for A. fabae pathogenicity,10.1128/msphere.00622-19,2019.0,Fungal BGC Dossier — M4-FUNG-0600 / BGC0003150
M4-FUNG-0601,BGC0003151,MIBiG,1,NCBITAXON:1365484,Penicillium roqueforti,STR_9fa368f16f65,FM164,1365484,HG792017.1,2700147.0,2728545.0,28399.0,HG792017.1:2700147-2728545,PKS (Type I),"11-gene anuA-anuK aromatic polyketide pathway with P450 hydroxylation, prenylation and BBE-like oxidative lactonization",annullatins,Annullatin D,alkylated aromatic polyketide with dihydrobenzofuran lactone,NR,10.1021/acs.orglett.2c02438,2022.0,Fungal BGC Dossier — M4-FUNG-0601 / BGC0003151
M4-FUNG-0602,BGC0003153,MIBiG,1,NCBITAXON:948311,Fusarium proliferatum,STR_498add9eee32,NRRL 62905,948311,FCQG01000003.1,310441.0,327117.0,16677.0,FCQG01000003.1:310441-327117,terpene (Sesterterpene),"five-gene fusaproliferin sesterterpene pathway: FUP1 terpene synthase, two P450s, FAD oxidase, acetyltransferase",fusaproliferin/terpestacin sesterterpenoids,Fusaproliferin; Terpestacin,sesterterpenoid mycotoxin pathway,emerging mycotoxin; precise native ecological role unresolved,10.3390/toxins13070468,2021.0,Fungal BGC Dossier — M4-FUNG-0602 / BGC0003153
M4-FUNG-0603,BGC0003154,MIBiG,1,NCBITAXON:5059,Aspergillus flavus,STR_4b32b40f17fc,NRRL 3357,5059,CP044620.1,5104900.0,5128400.0,23501.0,CP044620.1:5104900-5128400,NRPS (Type I); PKS (Type I),"three-enzyme indole-tetramic-acid pathway: CpaA/CpaS hybrid PKS-NRPS, CpaD prenyltransferase, CpaO FAD-dependent oxidocyclase",cyclopiazonic-acid indole tetramic acids,cyclopiazonic acid (α-CPA),indole-tetramic-acid mycotoxin,mycotoxin; broader ecological/pathogenic roles are context-dependent,10.1016/j.fgb.2008.11.002,2009.0,Fungal BGC Dossier — M4-FUNG-0603 / BGC0003154
M4-FUNG-0604,BGC0003157,MIBiG,1,NCBITAXON:198730,Talaromyces verruculosus,STR_af3cd4e8a531,TS63-9,198730,LHCL01000043.1,29059.0,31568.0,2510.0,LHCL01000043.1:29059-31568,terpene (Triterpene),single chimeric class-I triterpene synthase with prenyltransferase and terpene-cyclase domains; non-squalene HexPP pathway,non-squalene triterpenes,Talaropentaene,triterpene hydrocarbon,NR,10.1038/s41586-022-04773-3,2022.0,Fungal BGC Dossier — M4-FUNG-0604 / BGC0003157
M4-FUNG-0605,BGC0003158,MIBiG,1,NCBITAXON:1126212,Macrophomina phaseolina,STR_53e3c8d91be0,MS6,1126212,AHHD01000085.1,17514.0,20132.0,2619.0,AHHD01000085.1:17514-20132,terpene (Triterpene),single chimeric class-I triterpene synthase with prenyltransferase and terpene-cyclase domains; non-squalene HexPP pathway,non-squalene triterpenes,Macrophomene,triterpene hydrocarbon,NR,10.1038/s41586-022-04773-3,2022.0,Fungal BGC Dossier — M4-FUNG-0605 / BGC0003158
M4-FUNG-0606,BGC0003159,MIBiG,1,NCBITAXON:474922,Colletotrichum gloeosporioides,STR_52fe377fa514,canonical physical record strain NR,474922,WVTB01000012.1,108833.0,111553.0,2721.0,WVTB01000012.1:108833-111553,terpene (Triterpene),single chimeric class-I triterpene synthase with prenyltransferase and terpene-cyclase domains; non-squalene HexPP route,fungal non-squalene triterpenes,colleterpenol,triterpene,NR,10.1038/s41586-022-04773-3,2022.0,Fungal BGC Dossier — M4-FUNG-0606 / BGC0003159
M4-FUNG-0607,BGC0003161,MIBiG,1,NCBITAXON:1037530,Periglandula ipomoeae,STR_a3c1cef15705,IasaF13 (primary-literature spelling); canonical source shows lasaF13,1037530,JN182229.1,,,,JN182229.1; canonical coordinates NR,NRPS (Type III),"ergot-alkaloid EAS locus combining early clavine genes, lysergic-acid tailoring and late lysergyl-peptide synthetase genes",ergot alkaloids,chanoclavine I; agroclavine; ergonovine; lysergic acid amide; lysergic acid alpha-hydroxyethylamide; ergobalansine,"ergot alkaloids: clavines, lysergic-acid amides and ergopeptine",host-associated fungal secondary metabolites; exact ecological function of each congener NR,10.1371/journal.pgen.1003323,2013.0,Fungal BGC Dossier — M4-FUNG-0607 / BGC0003161
M4-FUNG-0608,BGC0003162,MIBiG,1,NCBITAXON:35717,Epichloë festucae,STR_61a5b5c2cb31,Fl1,35717,CP031385.1,7787800.0,7865900.0,78101.0,CP031385.1:7787800-7865900,NRPS (other),ergot-alkaloid/ergovaline EAS locus with early clavine genes and lysergyl peptide synthetases LpsA/LpsB,ergot alkaloids / ergopeptines,ergovaline,ergopeptine ergot alkaloid,host-associated bioactive alkaloid; ecological contribution is broader than the direct biosynthetic experiments,10.1128/AEM.00257-07,2007.0,Fungal BGC Dossier — M4-FUNG-0608 / BGC0003162
M4-FUNG-0609,BGC0003163,MIBiG,1,NCBITAXON:1037530,Periglandula ipomoeae,STR_e3c544548fbb,IasaF13,1037530,JN587270.1,5500.0,25800.0,20301.0,JN587270.1:5500-25800,terpene (Diterpene),indole-diterpene (IDT) biosynthetic locus with conserved core scaffold genes and peripheral tailoring genes,indole diterpenes,paspaline; paspaline B; paxilline; terpendole E; terpendole I; terpendole J; terpendole C; terpendole K; terpendole M; terpendole N; terpendole A,indole-diterpene alkaloids,host-associated fungal secondary metabolites; exact ecological role of the P. ipomoeae congener mixture NR,10.1371/journal.pgen.1003323,2013.0,Fungal BGC Dossier — M4-FUNG-0609 / BGC0003163
