compact_fact_id,dossier_id,section,source_row,fact_type,label_raw,statement_raw,source_ids,extra_raw_json,normalization_status
CF_414e821cc2d7,M4-FUNG-0078,ORGANISM_AND_SEQUENCE,21,organism_context_fact,organism_name,Aspergillus terreus NIH2624,S001; S002,,unreviewed
CF_654d3f5636eb,M4-FUNG-0078,ORGANISM_AND_SEQUENCE,22,organism_context_fact,ncbi_taxon_id,341663,S002,,unreviewed
CF_dae42e91df43,M4-FUNG-0078,ORGANISM_AND_SEQUENCE,23,organism_context_fact,reported_bgc_boundary,"CH476609.1:364,196–391,519",S001,,unreviewed
CF_9be63d782d8b,M4-FUNG-0078,ORGANISM_AND_SEQUENCE,24,organism_context_fact,refined_bgc_class,DMOA-derived fungal meroterpenoid pathway; mechanistically polyketide + farnesyl-derived terpene chemistry despite legacy terpene class,S003; S004,,unreviewed
CF_83546bf22caa,M4-FUNG-0078,PRODUCT_ACTIVATION_EVIDENCE,26,product_fact,primary_product,terretonin,S001; S003,,unreviewed
CF_a3c1feb2a009,M4-FUNG-0078,PRODUCT_ACTIVATION_EVIDENCE,27,product_fact,activation_intervention_required,native producer pathway was resolved primarily by targeted gene deletions and intermediate/shunt-product profiling; no special cryptic-cluster switch required,S003; S004,,unreviewed
CF_fc3e43e750c3,M4-FUNG-0078,PRODUCT_ACTIVATION_EVIDENCE,28,product_fact,complete_pathway_reconstruction,"substantial: DMOA formation, prenylation, cyclization, oxidative tailoring, ring expansion and terminal oxidations have direct genetic/biochemical support",S003; S004,,unreviewed
CF_5395987ca137,M4-FUNG-0078,PRODUCT_ACTIVATION_EVIDENCE,29,product_fact,major_unresolved_question,native regulatory/ecological role and quantitative flux control across the highly tailored late pathway remain incompletely resolved,S003; S004,,unreviewed
CF_a6d95ee55420,M4-FUNG-0078,EXPERIMENTS_AND_CLAIMS,37,experiment_fact,E001,A. terreus gene-targeting mutant panel,established terretonin BGC and pathway order,"{""E"": ""S003""}",unreviewed
CF_a18e592426bc,M4-FUNG-0078,EXPERIMENTS_AND_CLAIMS,38,experiment_fact,C001,"Terretonin is a DMOA-derived meroterpenoid assembled by genetically validated polyketide, prenylation and extensive oxidative/cyclization steps.",S003; S004,,unreviewed
CF_64dfc46e6076,M4-FUNG-0079,ORGANISM_AND_SEQUENCE,19,organism_context_fact,organism_name,Aspergillus nidulans FGSC A4,S001; S002,,unreviewed
CF_baa9849abb8c,M4-FUNG-0079,ORGANISM_AND_SEQUENCE,20,organism_context_fact,ncbi_taxon_id,227321,S002,,unreviewed
CF_288c962fbf14,M4-FUNG-0079,ORGANISM_AND_SEQUENCE,21,organism_context_fact,reported_bgc_boundary,"BN001301.1:1,533,932–1,555,677",S001,,unreviewed
CF_f37516bc7048,M4-FUNG-0079,PRODUCT_ACTIVATION_EVIDENCE,23,product_fact,primary_product,asperthecin,S001; S003,,unreviewed
CF_1f1b643a4bc1,M4-FUNG-0079,PRODUCT_ACTIVATION_EVIDENCE,24,product_fact,activation_intervention_required,sumO deletion strongly increases asperthecin production and enabled pathway discovery; this is a global regulatory perturbation rather than a pathway-specific transcription-factor switch,S003,,unreviewed
CF_f48787b8b209,M4-FUNG-0079,PRODUCT_ACTIVATION_EVIDENCE,25,product_fact,pathway_identity_confidence,very_high; three required genes were established by targeted deletion,S003,,unreviewed
CF_df60cd475acc,M4-FUNG-0079,EXPERIMENTS_AND_CLAIMS,31,experiment_fact,E001,sumOΔ activation + surrounding-gene deletion series,defined minimal aptA-aptB-aptC cluster,"{""E"": ""S003""}",unreviewed
CF_e326de9624ac,M4-FUNG-0079,EXPERIMENTS_AND_CLAIMS,32,experiment_fact,C001,Asperthecin illustrates discovery of a cryptic/low-output PKS pathway through a global SUMO perturbation followed by gene-by-gene causal testing.,S003,,unreviewed
CF_886a72182db6,M4-FUNG-0080,ORGANISM_AND_SEQUENCE,19,organism_context_fact,organism_name,Alternaria brassicicola ATCC 96836,S001; S002,,unreviewed
CF_6c706a9e2b58,M4-FUNG-0080,ORGANISM_AND_SEQUENCE,20,organism_context_fact,ncbi_taxon_id,622360,S002,,unreviewed
CF_5780e4839059,M4-FUNG-0080,ORGANISM_AND_SEQUENCE,21,organism_context_fact,reported_bgc_boundary,"ACIW01000469.1; current generated MIBiG region 28,921 bp on contig edge",S001,,unreviewed
CF_5bcdce8366a2,M4-FUNG-0080,PRODUCT_ACTIVATION_EVIDENCE,23,product_fact,primary_product,brassicicene C,S001; S003,,unreviewed
CF_d47f9efc7e3a,M4-FUNG-0080,PRODUCT_ACTIVATION_EVIDENCE,24,product_fact,refined_bgc_class,"fusicoccane-type diterpenoid cluster with terpene cyclase, P450s, dioxygenase, methyltransferase and redox tailoring",S003; S004; S005,,unreviewed
CF_51e045e65488,M4-FUNG-0080,PRODUCT_ACTIVATION_EVIDENCE,25,product_fact,activation_intervention_required,no artificial cluster activation is required in the defining biochemical studies; pathway order was resolved by cloned enzymes and heterologous assays,S003; S004; S005,,unreviewed
CF_06a567b8231c,M4-FUNG-0080,EXPERIMENTS_AND_CLAIMS,32,experiment_fact,E001,cloned cluster enzymes + heterologous biochemical assays,resolved scaffold formation and early oxidative tailoring,"{""E"": ""S003; S004; S005""}",unreviewed
CF_edec052d923c,M4-FUNG-0080,EXPERIMENTS_AND_CLAIMS,33,experiment_fact,C001,Closely related fungal diterpene pathways diverge through regioselective dioxygenase chemistry; Bsc9 directs the C-3-hydroxylated brassicicene-type aglycon.,S005,,unreviewed
CF_e50b9612839d,M4-FUNG-0081,ORGANISM_AND_SEQUENCE,19,organism_context_fact,organism_name,Aspergillus fumigatus Af293,S001; S002,,unreviewed
CF_f73346980ef3,M4-FUNG-0081,ORGANISM_AND_SEQUENCE,20,organism_context_fact,ncbi_taxon_id,330879,S002,,unreviewed
CF_11e097f43934,M4-FUNG-0081,ORGANISM_AND_SEQUENCE,21,organism_context_fact,reported_bgc_boundary,"CM000172.1:3,892,066–3,908,342",S001,,unreviewed
CF_d557e483f42d,M4-FUNG-0081,PRODUCT_ACTIVATION_EVIDENCE,23,product_fact,primary_product,helvolic acid,S001; S003,,unreviewed
CF_8662608b51fb,M4-FUNG-0081,PRODUCT_ACTIVATION_EVIDENCE,24,product_fact,refined_bgc_class,fusidane/steroidal antibiotic triterpenoid pathway initiated by oxidosqualene cyclization and extensive P450/SDR/acyltransferase tailoring,S003,,unreviewed
CF_bfd81bbb6a21,M4-FUNG-0081,PRODUCT_ACTIVATION_EVIDENCE,25,product_fact,complete_pathway_reconstruction,high for early core formation and multiple tailoring steps; later work further resolves order and enzyme specificity,S003; S004,,unreviewed
CF_85fc35d0dba0,M4-FUNG-0081,EXPERIMENTS_AND_CLAIMS,31,experiment_fact,E001,yeast heterologous coexpression of AfuOSC3 with individual tailoring enzymes,established protostadienol core and specific early oxidative transformations,"{""E"": ""S003""}",unreviewed
CF_064f8807cdea,M4-FUNG-0081,EXPERIMENTS_AND_CLAIMS,32,experiment_fact,C001,Helvolic acid biosynthesis is a triterpenoid pathway whose core oxidosqualene cyclase and early oxidative tailoring were demonstrated by heterologous reconstitution.,S003,,unreviewed
CF_c083aca26475,M4-FUNG-0082,ORGANISM_AND_SEQUENCE,19,organism_context_fact,organism_name,Diaporthe amygdali (historical paper: Phomopsis amygdali),S001; S002; S003,,unreviewed
CF_de3f2e0c2670,M4-FUNG-0082,ORGANISM_AND_SEQUENCE,20,organism_context_fact,ncbi_taxon_id,1214568,S002,,unreviewed
CF_baeb914e2fac,M4-FUNG-0082,ORGANISM_AND_SEQUENCE,21,organism_context_fact,reported_bgc_boundary,"AB254158.1; current MIBiG generated region 25,841 bp",S001,,unreviewed
CF_f6515d6ac11b,M4-FUNG-0082,PRODUCT_ACTIVATION_EVIDENCE,23,product_fact,primary_product,phyllocladan-16α-ol,S001; S003,,unreviewed
CF_eb648c403f0c,M4-FUNG-0082,PRODUCT_ACTIVATION_EVIDENCE,24,product_fact,known_congeners,"trace labdane-related hydrocarbons and phyllocladan-11α,16α,18-triol isolated as a plausible downstream metabolite",S003,,unreviewed
CF_2c1828f80f00,M4-FUNG-0082,PRODUCT_ACTIVATION_EVIDENCE,25,product_fact,activation_intervention_required,genome walking from GGDP-synthase genes plus recombinant cyclase assays exposed the pathway; no native transcriptional activation gate was established,S003,,unreviewed
CF_ed0dd9a97fbf,M4-FUNG-0082,EXPERIMENTS_AND_CLAIMS,30,experiment_fact,E001,recombinant PaDC1 enzyme assay,directly demonstrated phyllocladan-16α-ol synthase activity,"{""E"": ""S003""}",unreviewed
CF_960347205933,M4-FUNG-0082,EXPERIMENTS_AND_CLAIMS,31,experiment_fact,C001,PaDC1 is a bifunctional fungal diterpene cyclase that converts GGDP through (+)-CPP to phyllocladan-16α-ol.,S003,,unreviewed
CF_e55d9847752d,M4-FUNG-0083,ORGANISM_AND_SEQUENCE,20,organism_context_fact,organism_name,Diaporthe amygdali (historical paper: Phomopsis amygdali),S001; S002; S003,,unreviewed
CF_3417fd864ba8,M4-FUNG-0083,ORGANISM_AND_SEQUENCE,21,organism_context_fact,ncbi_taxon_id,1214568,S002,,unreviewed
CF_6a56fb5301af,M4-FUNG-0083,ORGANISM_AND_SEQUENCE,22,organism_context_fact,reported_bgc_boundary,"AB254160.1; current MIBiG generated region 13,785 bp",S001,,unreviewed
CF_d96f01950eae,M4-FUNG-0083,PRODUCT_AND_EVIDENCE,24,product_fact,primary_product,(+)-copalyl diphosphate,S001; S003,,unreviewed
CF_d67e0187ed8b,M4-FUNG-0083,PRODUCT_AND_EVIDENCE,25,product_fact,functional_programme_boundary,PaGGS4 supplies GGDP and PaDC2 converts it to (+)-CPP; downstream utilization of this precursor is not established as part of this MIBiG locus,S003,,unreviewed
CF_b8968a24e358,M4-FUNG-0083,PRODUCT_AND_EVIDENCE,26,product_fact,complete_pathway_reconstruction,"complete for the encoded precursor-forming reaction, incomplete as a full secondary-metabolite end-product pathway",S003,,unreviewed
CF_07b412fea558,M4-FUNG-0083,EXPERIMENTS_AND_CLAIMS,31,experiment_fact,E001,recombinant PaDC2 assay,demonstrated (+)-CPP formation,"{""E"": ""S003""}",unreviewed
CF_9fac6d427c33,M4-FUNG-0083,EXPERIMENTS_AND_CLAIMS,32,experiment_fact,C001,BGC0000688 is best interpreted as a validated precursor-generating diterpene module rather than proof of a complete terminal metabolite pathway.,S001; S003,,unreviewed
CF_76282ff9a86d,M4-FUNG-0084,ORGANISM_AND_PRODUCT,20,product_fact,organism_name,Aspergillus fumigatus Af293,S001; S002,,unreviewed
CF_b696f5e15348,M4-FUNG-0084,ORGANISM_AND_PRODUCT,21,product_fact,ncbi_taxon_id,330879,S002,,unreviewed
CF_23855323ae42,M4-FUNG-0084,ORGANISM_AND_PRODUCT,22,product_fact,primary_product,fumigaclavine C,S001; S003; S004,,unreviewed
CF_f0d844917765,M4-FUNG-0084,ORGANISM_AND_PRODUCT,23,product_fact,refined_bgc_class,"fungal ergot-alkaloid pathway initiated by dimethylallyltryptophan synthesis and completed by late oxidation, acetylation and reverse prenylation",S003; S004,,unreviewed
CF_2c3b3bf69877,M4-FUNG-0084,MEASUREMENTS_AND_CLAIMS,33,measurement_fact,Q001,FgaPT1 Km(app) fumigaclavine A,µM,"{""E"": ""S004""}",unreviewed
CF_8ebe9cddf7f3,M4-FUNG-0084,MEASUREMENTS_AND_CLAIMS,34,measurement_fact,Q002,FgaPT1 Km(app) DMAPP,µM,"{""E"": ""S004""}",unreviewed
CF_86f8fb14c439,M4-FUNG-0084,MEASUREMENTS_AND_CLAIMS,35,measurement_fact,Q003,FgaPT1 turnover,s^-1,"{""E"": ""S004""}",unreviewed
CF_d2dab82c5f38,M4-FUNG-0084,MEASUREMENTS_AND_CLAIMS,36,measurement_fact,C001,"FgaPT1 is a directly characterized, soluble reverse prenyltransferase that completes fumigaclavine C formation from fumigaclavine A.",S004,,unreviewed
CF_66ed1ab217d0,M4-FUNG-0085,ORGANISM_AND_PRODUCT,20,product_fact,organism_name,Shiraia sp. Slf14,S001; S002,,unreviewed
CF_67a99dd58c56,M4-FUNG-0085,ORGANISM_AND_PRODUCT,21,product_fact,ncbi_taxon_id,665115,S002,,unreviewed
CF_66b79cc76023,M4-FUNG-0085,ORGANISM_AND_PRODUCT,22,product_fact,primary_product,huperzine A,S003,,unreviewed
CF_6c0474fb742c,M4-FUNG-0085,ORGANISM_AND_PRODUCT,23,product_fact,product_formation_evidence,"very high at strain level: TLC, HPLC, LC-MS, 1H-NMR and AChE inhibition matched authentic huperzine A",S003,,unreviewed
CF_6d52c92b6467,M4-FUNG-0085,ORGANISM_AND_PRODUCT,24,product_fact,bgc_product_attribution,"low/uncertain: the MIBiG defining reference is a genome announcement and does not establish this locus by deletion, heterologous reconstruction or cluster-specific expression evidence",S001; S004,,unreviewed
CF_1717987474d9,M4-FUNG-0085,ORGANISM_AND_PRODUCT,25,product_fact,candidate_bgc_credibility,UNCERTAIN,S001; S004,,unreviewed
CF_c8c91d5456d2,M4-FUNG-0085,MEASUREMENTS_AND_PATHWAY_CANDIDATES,27,measurement_fact,Q001,huperzine A titer in Slf14 culture,µg/L,"{""E"": ""S003""}",unreviewed
CF_ace87eb0a8b1,M4-FUNG-0085,MEASUREMENTS_AND_PATHWAY_CANDIDATES,28,measurement_fact,CAO candidate,copper amine oxidase,high for enzyme function / low for BGC attribution,"{""E"": ""S005""}",unreviewed
CF_495c9c723403,M4-FUNG-0085,CLAIMS_AND_CONFLICTS,30,claim_fact,C001,Shiraia sp. Slf14 genuinely produces huperzine A.,S003,,unreviewed
CF_22ff519054fc,M4-FUNG-0085,CLAIMS_AND_CONFLICTS,31,claim_fact,C002,The current evidence does not justify treating BGC0000812 as a causally validated huperzine A BGC.,S001; S004,,unreviewed
CF_19dbc1a49f0b,M4-FUNG-0085,CLAIMS_AND_CONFLICTS,32,claim_fact,U001,database attribution,open,"{""E"": ""S001; S004""}",unreviewed
CF_b264380091d7,M4-FUNG-0086,ORGANISM_PRODUCT_CONTEXT,20,product_fact,organism_name,Epichloë uncinata (historical literature: Neotyphodium uncinatum),S001; S002; S003,,unreviewed
CF_a129974f69e9,M4-FUNG-0086,ORGANISM_PRODUCT_CONTEXT,21,product_fact,ncbi_taxon_id,5050,S002,,unreviewed
CF_eed0a92da9c5,M4-FUNG-0086,ORGANISM_PRODUCT_CONTEXT,22,product_fact,primary_product,loline; N-acetylnorloline; N-formylloline,S001; S003,,unreviewed
CF_0539825edb34,M4-FUNG-0086,ORGANISM_PRODUCT_CONTEXT,23,product_fact,biological_role,anti-insect chemical defense supplied by grass endophyte to host plant,S003; S004,,unreviewed
CF_4cb68408e94a,M4-FUNG-0086,ORGANISM_PRODUCT_CONTEXT,24,product_fact,functional_programme_boundary,"LOL1 contains nine genes in order lolF-lolC-lolD-lolO-lolA-lolU-lolP-lolT-lolE; a second homologous cluster LOL2 is also present, with a large deletion affecting lolP2",S003; S004,,unreviewed
CF_a92b7e868110,M4-FUNG-0086,MEASUREMENTS_AND_TEMPORAL_CONTEXT,30,measurement_fact,Q001,lolC RNAi effect,P < 0.001,"{""E"": ""S003""}",unreviewed
CF_3f62b58b69e2,M4-FUNG-0086,MEASUREMENTS_AND_TEMPORAL_CONTEXT,31,measurement_fact,temporal_window,"all nine LOL genes rise before detectable loline accumulation, peak near maximal accumulation rate, then decline as metabolite levels plateau",S006,,unreviewed
CF_1f1ef93af05c,M4-FUNG-0086,CLAIMS_AND_CONFLICTS,33,claim_fact,C001,The LOL cluster is causally linked to loline biosynthesis through expression correlation plus gene-specific RNAi/knockout phenotypes.,S003; S004; S005,,unreviewed
CF_d924bdc958ee,M4-FUNG-0086,CLAIMS_AND_CONFLICTS,34,claim_fact,U001,copy-number boundary,open-provenance,"{""E"": ""S003; S004""}",unreviewed
CF_df037ec99634,M4-FUNG-0087,GENES_AND_MECHANISM,23,gene_or_mechanism_fact,malA,flavin-dependent halogenase; iterative late-stage chlorination of premalbrancheamide,S003,,unreviewed
CF_8639055047b7,M4-FUNG-0087,GENES_AND_MECHANISM,24,gene_or_mechanism_fact,malB / malE,prenyltransferases assigned in comparative pathway reconstruction,S002,,unreviewed
CF_d576ad80a443,M4-FUNG-0087,GENES_AND_MECHANISM,25,gene_or_mechanism_fact,malG,NRPS/condensation-domain-containing core biosynthetic enzyme in the mapped cluster,S001,,unreviewed
CF_4334eafe9b11,M4-FUNG-0087,GENES_AND_MECHANISM,26,gene_or_mechanism_fact,C001,"The genomic locus is strongly associated with malbrancheamide biosynthesis, but the 2012 pathway map contains prediction-led assignments that should not all be treated as experimentally proven.",S002,,unreviewed
CF_60c184006ae2,M4-FUNG-0087,GENES_AND_MECHANISM,27,gene_or_mechanism_fact,C002,MalA directly catalyzes iterative late-stage halogenation of premalbrancheamide.,S003,,unreviewed
CF_762cbe03af8e,M4-FUNG-0088,GENES_AND_MECHANISM,22,gene_or_mechanism_fact,notE,bimodular NRPS; predicted Pro-Trp cyclodipeptide assembly,S001; S002,,unreviewed
CF_b53eeb7c4f96,M4-FUNG-0088,GENES_AND_MECHANISM,23,gene_or_mechanism_fact,notB,FAD monooxygenase; homologous notoamide-system enzyme has direct in-vitro support for oxidative tailoring,S002,,unreviewed
CF_2ebe606671a0,M4-FUNG-0088,GENES_AND_MECHANISM,24,gene_or_mechanism_fact,notC,prenyltransferase in mapped cluster,S001,,unreviewed
CF_c215ef53c9c7,M4-FUNG-0088,GENES_AND_MECHANISM,25,gene_or_mechanism_fact,C001,"notA–J-like architecture strongly supports pathway assignment, but antipodal notoamide stereochemistry cannot be inferred from gene content alone.",S002,,unreviewed
CF_876c18975670,M4-FUNG-0088,GENES_AND_MECHANISM,26,gene_or_mechanism_fact,U001,Several original enzyme-to-step assignments were proposed by comparative annotation and require individual biochemical validation.,S002,,unreviewed
CF_f3e72db5f31e,M4-FUNG-0089,GENES_AND_MECHANISM,22,gene_or_mechanism_fact,phqB,bimodular NRPS with terminal reductase domain; proposed assembly of Trp/β-methylproline precursor,S002,,unreviewed
CF_c17a7ac0c631,M4-FUNG-0089,GENES_AND_MECHANISM,23,gene_or_mechanism_fact,phqK,flavin monooxygenase catalyzing spiro-oxindole formation in paraherquamide pathway,S003,,unreviewed
CF_217890c317ae,M4-FUNG-0089,GENES_AND_MECHANISM,24,gene_or_mechanism_fact,C001,The phq locus contains fifteen candidate biosynthetic genes and is structurally consistent with the greater tailoring complexity of paraherquamides.,S002,,unreviewed
CF_4efe5366a45c,M4-FUNG-0089,GENES_AND_MECHANISM,25,gene_or_mechanism_fact,C002,"Direct PhqK deletion/enzymology supports a late spirocyclization gate, but those experiments were performed in a homologous paraherquamide producer and are not treated as strain-identical evidence.",S003,,unreviewed
CF_1ccc62a3834f,M4-FUNG-0090,GENES_AND_MECHANISM,22,gene_or_mechanism_fact,pksCT,iterative PKS responsible for citrinin polyketide backbone; disruption abolishes/reduces citrinin depending on Monascus strain,S003; S004,,unreviewed
CF_34e21fb124fd,M4-FUNG-0090,GENES_AND_MECHANISM,23,gene_or_mechanism_fact,ctnA,Zn(II)2Cys6 transcriptional activator controlling pksCT and transporter expression in M. purpureus,S005,,unreviewed
CF_c8d84abc316d,M4-FUNG-0090,GENES_AND_MECHANISM,24,gene_or_mechanism_fact,ctnB,oxidoreductase adjacent to pksCT/ctnA; disruption lowers citrinin in M. aurantiacus,S006,,unreviewed
CF_cbd60b0f3fb8,M4-FUNG-0090,GENES_AND_MECHANISM,25,gene_or_mechanism_fact,U001,MIBiG explicitly marks this locus partial; complete pathway boundaries should not be inferred from EU309474.1 alone.,S001,,unreviewed
CF_9e0810a95dbf,M4-FUNG-0091,CLAIMS_AND_UNCERTAINTY,22,claim_fact,C001,The record contains two annotated ORFs but no MIBiG biosynthesis narrative or gene-level experimental evidence sufficient to establish a complete ferrichrome pathway.,S001,,unreviewed
CF_7f2de462834d,M4-FUNG-0091,CLAIMS_AND_UNCERTAINTY,23,claim_fact,U001,Do not transfer SidC/SidL/SreA/HapX mechanistic assignments from other Aspergillus species into this locus without strain-specific evidence.,S001,,unreviewed
CF_7e19d65c97d2,M4-FUNG-0091,CLAIMS_AND_UNCERTAINTY,24,claim_fact,U002,Primary support in the source atlas is patent JP2003125779A; mechanistic confidence therefore remains limited.,S002,,unreviewed
CF_8d3a4e981003,M4-FUNG-0092,PHYSIOLOGY_AND_REGULATION,22,unresolved_compact_fact,ferrichrome production,HPLC identified ferrichrome as a major secreted siderophore and the dominant intracellular siderophore in A. niger,S003,,unreviewed
CF_5da306365ea1,M4-FUNG-0092,PHYSIOLOGY_AND_REGULATION,23,unresolved_compact_fact,sreA deletion,increases iron uptake and cellular ferrichrome accumulation,S003,,unreviewed
CF_9c2dc85153d0,M4-FUNG-0092,PHYSIOLOGY_AND_REGULATION,24,unresolved_compact_fact,C001,"A. niger ferrichrome biology is experimentally validated, but the exact 23.1-kb MIBiG region is not demonstrated to be a self-sufficient complete pathway.",S001; S003,,unreviewed
CF_fa348db24a82,M4-FUNG-0093,GENES_AND_MECHANISM,22,gene_or_mechanism_fact,Tri13,"C-4 oxygenation determinant; deletion in NIV strain switches production toward DON, transfer to DON strain enables NIV",S003,,unreviewed
CF_4f63742e0a20,M4-FUNG-0093,GENES_AND_MECHANISM,23,gene_or_mechanism_fact,Tri7,C-4 acetyltransferase required with Tri13 for 4-acetylnivalenol formation,S003,,unreviewed
CF_0c36416d9917,M4-FUNG-0093,GENES_AND_MECHANISM,24,gene_or_mechanism_fact,C001,Tri13/Tri7 state is a causal chemotype gate separating DON and NIV/4-ANIV outputs.,S003,,unreviewed
CF_8bec178ad242,M4-FUNG-0093,GENES_AND_MECHANISM,25,gene_or_mechanism_fact,C002,Recent 2026 genetic work independently confirms TRI13 deletion converts NIV chemotypes toward DON and links chemotype to host preference.,S004,,unreviewed
CF_caaf74f0a049,M4-FUNG-0094,CLAIMS_AND_CONFLICTS,22,claim_fact,C001,The record is retired and therefore excluded from active-cluster counting; it remains useful for tracing early Fusarium trichothecene sequence submissions.,S001,,unreviewed
CF_fcc7a540ae07,M4-FUNG-0094,CLAIMS_AND_CONFLICTS,23,claim_fact,C002,"Mechanistic interpretation should be taken from active trichothecene/nivalenol records and primary TRI-gene experiments, especially Tri13/Tri7 chemotype work.",S002,,unreviewed
CF_1ad498cf39b1,M4-FUNG-0094,CLAIMS_AND_CONFLICTS,24,claim_fact,U001,Do not infer a distinct second complete pathway from AF336366.2 solely because it survives in the historical source list.,S001,,unreviewed
CF_a81edc858068,M4-FUNG-0095,GENES_AND_MECHANISM,22,gene_or_mechanism_fact,ApdA,iterative PKS-NRPS hybrid megasynthetase; reconstituted in vitro and in engineered Saccharomyces cerevisiae,S003,,unreviewed
CF_65cd677d3603,M4-FUNG-0095,GENES_AND_MECHANISM,23,gene_or_mechanism_fact,ApdC,trans-acting enoylreductase partner required with ApdA for preaspyridone production,S003,,unreviewed
CF_89479b971182,M4-FUNG-0095,GENES_AND_MECHANISM,24,gene_or_mechanism_fact,ApdR,cluster-associated transcriptional activator used in genomics-driven pathway activation,S004,,unreviewed
CF_5a87d6279750,M4-FUNG-0095,GENES_AND_MECHANISM,25,gene_or_mechanism_fact,C001,Aspyridone is a strong example in which transcriptional activation exposed a silent cluster and biochemical reconstitution then localized scaffold formation to ApdA plus ApdC.,S003; S004,,unreviewed
CF_684198c46d15,M4-FUNG-0096,GENES_AND_MECHANISM,22,gene_or_mechanism_fact,cheA,hybrid iterative type I PKS-NRPS; RNA silencing reduces chaetoglobosin production and establishes scaffold involvement,S003,,unreviewed
CF_572d7de2ca4b,M4-FUNG-0096,GENES_AND_MECHANISM,23,gene_or_mechanism_fact,cheB,putative enoyl reductase / alcohol dehydrogenase tailoring partner,S001,,unreviewed
CF_66ee83909113,M4-FUNG-0096,GENES_AND_MECHANISM,24,gene_or_mechanism_fact,cheD / cheE / cheG,cluster monooxygenase/P450 tailoring enzymes,S001,,unreviewed
CF_0d7f14a22c03,M4-FUNG-0096,GENES_AND_MECHANISM,25,gene_or_mechanism_fact,C001,CheA provides direct genetic causality for the mixed polyketide-amino-acid cytochalasan scaffold.,S003,,unreviewed
CF_778040872801,M4-FUNG-0096,GENES_AND_MECHANISM,26,gene_or_mechanism_fact,U001,"The source atlas includes PMID 3611317, which is unrelated to chaetoglobosin biosynthesis; it is excluded from mechanistic support.",S002,,unreviewed
CF_d3bd8bb374cf,M4-FUNG-0097,GENES_AND_MECHANISM,11,gene_or_mechanism_fact,cpaH,A. oryzae-specific detoxification enzyme; targeted inactivation demonstrates conversion of CPA to less-toxic 2-oxo-CPA,S003,,unreviewed
CF_52ffe199d4e3,M4-FUNG-0097,GENES_AND_MECHANISM,12,gene_or_mechanism_fact,C001,The A. oryzae CPA programme retains biosynthetic capacity but includes a genetic detoxification safeguard through cpaH.,S003,,unreviewed
CF_74f1f0ca1cc4,M4-FUNG-0098,GENES_AND_MECHANISM,10,gene_or_mechanism_fact,ccsA,hybrid PKS-NRPS; deletion abolishes cytochalasin E/K,S002,,unreviewed
CF_32a538378a8b,M4-FUNG-0098,GENES_AND_MECHANISM,11,gene_or_mechanism_fact,ccsR,pathway-specific regulator; overexpression raises cytochalasin E from 25 to 175 mg/L,S002,,unreviewed
CF_7f57220a5e4e,M4-FUNG-0098,GENES_AND_MECHANISM,12,gene_or_mechanism_fact,Q001,ccsR overexpression,7-fold,"{""E"": ""S002""}",unreviewed
CF_acb58dcdad9f,M4-FUNG-0107,GENES_AND_MECHANISM,21,gene_or_mechanism_fact,fma-PKS / Afu8g00370,iterative PKS required for the polyketide-derived dioic-acid branch,S002,,unreviewed
CF_3825fcacda0d,M4-FUNG-0107,GENES_AND_MECHANISM,22,gene_or_mechanism_fact,fma-AT / Afu8g00380,acyltransferase acting with Fma-PKS in dioic-acid branch,S002,,unreviewed
CF_38af6aced910,M4-FUNG-0107,GENES_AND_MECHANISM,23,gene_or_mechanism_fact,Fma-TC,membrane-bound terpene cyclase converting FPP to β-trans-bergamotene,S002,,unreviewed
CF_1aa5b3fed916,M4-FUNG-0107,GENES_AND_MECHANISM,24,gene_or_mechanism_fact,fumR/fapR,cluster regulator linking fumagillin and intertwined pseurotin transcriptional control,S003,,unreviewed
CF_a60e59cc7d3c,M4-FUNG-0107,GENES_AND_MECHANISM,25,gene_or_mechanism_fact,C001,Fumagillin assembly requires convergence of polyketide-derived and sesquiterpene-derived branches.,S002; S003,,unreviewed
CF_3991ac426cc0,M4-FUNG-0107,GENES_AND_MECHANISM,26,gene_or_mechanism_fact,U001,MIBiG display boundary is broader than the evidence locus; both are retained separately.,S001,,unreviewed
CF_6f5e8fda90c7,M4-FUNG-0108,FUNCTIONAL_PROGRAMME,20,unresolved_compact_fact,LTM_locus,at least 10 genes distributed across linked subclusters at a subtelomeric locus; strongly induced in planta,S002; S003,,unreviewed
CF_88053eb57a44,M4-FUNG-0108,FUNCTIONAL_PROGRAMME,21,unresolved_compact_fact,ltmM,FAD-dependent monooxygenase; deletion abolishes detectable lolitrems and complementation restores pathway competence,S002,,unreviewed
CF_f2a49611bdcf,M4-FUNG-0108,FUNCTIONAL_PROGRAMME,22,unresolved_compact_fact,ltmC,functional orthologue of Penicillium paxilli paxC in indole-diterpene biosynthesis,S003,,unreviewed
CF_0512ecab3872,M4-FUNG-0108,FUNCTIONAL_PROGRAMME,23,unresolved_compact_fact,C001,"The broader LTM programme is genetically validated, but BGC0001081 itself is a retired historical representation and is excluded from active-cluster counting.",S001; S002; S003,,unreviewed
CF_d014c20f7606,M4-FUNG-0109,GENES_AND_MECHANISM,20,gene_or_mechanism_fact,paxG/paxM/paxB/paxC,"four-gene core sufficient for paspaline formation; GGPP supply, FAD monooxygenation, cyclization and indole prenylation",S001; S002,,unreviewed
CF_d1b46e1aac26,M4-FUNG-0109,GENES_AND_MECHANISM,21,gene_or_mechanism_fact,paxP/paxQ,P450 oxidative tailoring from paspaline toward paxilline,S001; S003,,unreviewed
CF_377ae97b7503,M4-FUNG-0109,GENES_AND_MECHANISM,22,gene_or_mechanism_fact,paxD,"prenyltransferase responsible for 21,22-diprenylated paxilline branch",S001; S004,,unreviewed
CF_67976d723637,M4-FUNG-0109,GENES_AND_MECHANISM,23,gene_or_mechanism_fact,C001,Heterologous reconstruction in A. oryzae provides direct pathway sufficiency evidence for paxilline biosynthetic machinery.,S003,,unreviewed
CF_0ed294e05c6d,M4-FUNG-0110,GENES_AND_MECHANISM,21,gene_or_mechanism_fact,notE,bimodular NRPS coupling L-proline and L-tryptophan to brevianamide F,S002,,unreviewed
CF_5e92fd2cc6fb,M4-FUNG-0110,GENES_AND_MECHANISM,22,gene_or_mechanism_fact,notF,reverse prenyltransferase converting brevianamide F to deoxybrevianamide E,S002,,unreviewed
CF_ce662c5c1856,M4-FUNG-0110,GENES_AND_MECHANISM,23,gene_or_mechanism_fact,notB,FAD-dependent notoamide E oxidase; protein-level evidence supports oxidative late-stage chemistry,S003,,unreviewed
CF_bae33bf4a06a,M4-FUNG-0110,GENES_AND_MECHANISM,24,gene_or_mechanism_fact,C001,"Cluster identity is strong, but original 2010 pathway mapping mixed expression correlation, homology and structure-based inference; evidence grades remain enzyme-specific.",S001; S002,,unreviewed
CF_e2e2d0326860,M4-FUNG-0111,GENES_AND_REGULATION,20,gene_or_mechanism_fact,encA / AFUA_4G00210,iterative nonreducing PKS required for endocrocin production,S001; S002,,unreviewed
CF_ccf9e73de878,M4-FUNG-0111,GENES_AND_REGULATION,21,gene_or_mechanism_fact,encB / AFUA_4G00220,discrete metallo-β-lactamase-type thioesterase required for scaffold biosynthesis,S001; S002,,unreviewed
CF_89185143d529,M4-FUNG-0111,GENES_AND_REGULATION,22,gene_or_mechanism_fact,encC / AFUA_4G00225,monooxygenase required for pathway output,S001; S002,,unreviewed
CF_a812d5befc15,M4-FUNG-0111,GENES_AND_REGULATION,23,gene_or_mechanism_fact,encD / AFUA_4G00230,"2OG-Fe(II) oxidoreductase with negative effect on endocrocin accumulation: deletion increases, overexpression eliminates product",S002,,unreviewed
CF_32d62a044932,M4-FUNG-0111,GENES_AND_REGULATION,24,gene_or_mechanism_fact,LaeA,global secondary-metabolism regulator controlling enc biosynthetic-gene expression,S002,,unreviewed
CF_41297edb2775,M4-FUNG-0112,GENES_AND_ACTIVATION,20,gene_or_mechanism_fact,orsA / AN7909,nonreducing PKS; targeted deletions show the PKS alone is required for orsellinic acid biosynthesis,S002,,unreviewed
CF_3b17dd726522,M4-FUNG-0112,GENES_AND_ACTIVATION,21,gene_or_mechanism_fact,F9775_extension,"two additional cluster genes are required for F9775A/B, while deletion phenotypes also expose gerfelin and diorcinol branch products",S002,,unreviewed
CF_05f2dedb8db0,M4-FUNG-0112,GENES_AND_ACTIVATION,22,gene_or_mechanism_fact,ecological_induction,physical interaction with Streptomyces rapamycinicus activates the silent ors programme,S003,,unreviewed
CF_2d3f57b88c2b,M4-FUNG-0112,GENES_AND_ACTIVATION,23,gene_or_mechanism_fact,chromatin_gate,Saga/Ada histone acetyltransferase components GcnE and AdaB are required for bacterial induction,S003,,unreviewed
CF_05e0b5520bc9,M4-FUNG-0112,GENES_AND_ACTIVATION,24,gene_or_mechanism_fact,C001,Retired MIBiG status does not invalidate the underlying genetic and ecological activation evidence; it changes how the database representation is counted.,S001; S002; S003,,unreviewed
CF_0a8f91fe3555,M4-FUNG-0113,ACTIVATION_AND_MECHANISM,20,unresolved_compact_fact,ATEG_00325.1,hybrid PKS-NRPS responsible for core scaffold biosynthesis,S002,,unreviewed
CF_60ede2f5d66d,M4-FUNG-0113,ACTIVATION_AND_MECHANISM,21,unresolved_compact_fact,pathway_activator,adjacent transcriptional activator overexpression is insufficient by itself to activate the silent pathway,S002,,unreviewed
CF_d5337205433a,M4-FUNG-0113,ACTIVATION_AND_MECHANISM,22,unresolved_compact_fact,physiology_gate,"production requires permissive physiological conditions: selected amino acids, alkaline pH, and absence of dominant glucose repression",S002,,unreviewed
CF_810d1293b51b,M4-FUNG-0113,ACTIVATION_AND_MECHANISM,23,unresolved_compact_fact,CreA,global carbon catabolite repression overrides positive pathway-specific activation,S002,,unreviewed
CF_b18c48730a18,M4-FUNG-0113,ACTIVATION_AND_MECHANISM,24,unresolved_compact_fact,C001,This record directly demonstrates that transcription-factor engagement is not sufficient when metabolic/physiological gates remain closed.,S002,,unreviewed
CF_68d06d63c6ba,M4-FUNG-0114,GENES_AND_MECHANISM,21,gene_or_mechanism_fact,aclP,NRPS forming the diketopiperazine core from two phenylalanine residues,S002; S003,,unreviewed
CF_4749864226de,M4-FUNG-0114,GENES_AND_MECHANISM,22,gene_or_mechanism_fact,aclH,flavin-dependent halogenase participating in conversion of one phenylalanine-derived unit toward chlorotyrosine chemistry,S003,,unreviewed
CF_5a3570e17151,M4-FUNG-0114,GENES_AND_MECHANISM,23,gene_or_mechanism_fact,aclT,thioredoxin-reductase component of sulfur/redox maturation system,S002; S004,,unreviewed
CF_c79605de5200,M4-FUNG-0114,GENES_AND_MECHANISM,24,gene_or_mechanism_fact,C001,"The pathway includes extensive post-NRPS oxidative rearrangement, halogenation and sulfur chemistry; gene-level evidence is retained separately from inferred intermediate order.",S002; S003,,unreviewed
CF_0f60195fad90,M4-FUNG-0115,ACTIVATION_AND_MECHANISM,20,unresolved_compact_fact,pynR,dedicated transcriptional activator; forced expression activates the dormant cluster and yields pyranonigrin E,S002,,unreviewed
CF_a9d12c1c4bd6,M4-FUNG-0115,ACTIVATION_AND_MECHANISM,21,unresolved_compact_fact,pynA,hybrid PKS-NRPS core synthetase,S002; S003,,unreviewed
CF_145553af8667,M4-FUNG-0115,ACTIVATION_AND_MECHANISM,22,unresolved_compact_fact,redox_pair,two redox enzymes are required for characteristic fused γ-pyrone formation,S003,,unreviewed
CF_2ece8ef6e6ed,M4-FUNG-0115,ACTIVATION_AND_MECHANISM,23,unresolved_compact_fact,protease_homologue,performs exo-methylene formation in the resolved pathway,S003,,unreviewed
CF_5c1ed9357542,M4-FUNG-0115,ACTIVATION_AND_MECHANISM,24,unresolved_compact_fact,U001,Later pathway elucidation improves mechanistic confidence but does not justify silently changing the MIBiG completeness flag from unknown to complete.,S001; S003,,unreviewed
CF_582bcfddc44e,M4-FUNG-0116,PROGRAMMING_AND_RECONSTRUCTION,20,unresolved_compact_fact,PKS-NRPS_core,hybrid fungal synthase architecture generates the 2-pyridone precursor framework,S002,,unreviewed
CF_2d99b245f8d7,M4-FUNG-0116,PROGRAMMING_AND_RECONSTRUCTION,21,unresolved_compact_fact,HR-PKS_programming,rational domain swaps between tenellin and desmethylbassianin PKSs map methylation pattern and chain length to specific synthase programming features,S002,,unreviewed
CF_3edf817ca37e,M4-FUNG-0116,PROGRAMMING_AND_RECONSTRUCTION,22,unresolved_compact_fact,P450_tailoring,coexpression of two tenellin-cluster P450s with engineered synthases restores bassianin-type oxidative tailoring,S002,,unreviewed
CF_12c1eebd3a6d,M4-FUNG-0116,PROGRAMMING_AND_RECONSTRUCTION,23,unresolved_compact_fact,C001,This record offers direct causal evidence that fungal iterative PKS programming can be experimentally reassigned through domain architecture rather than inferred only from final metabolite structure.,S002,,unreviewed
CF_0cf7c3060d96,M4-FUNG-0117,GENES_AND_MECHANISM,15,gene_or_mechanism_fact,HRPKS_AIA58899.1,iterative highly reducing PKS forming brefeldin polyketide precursor,S001; S002,,unreviewed
CF_5cd755b14fcd,M4-FUNG-0117,GENES_AND_MECHANISM,16,gene_or_mechanism_fact,thiohydrolase_AIA58903.1,partnering thiohydrolase controls PKS product chain length; experimentally tested,S002,,unreviewed
CF_0f7831acda5c,M4-FUNG-0117,GENES_AND_MECHANISM,17,gene_or_mechanism_fact,tailoring_context,four cluster P450 candidates are present; individual pathway assignments should not be upgraded beyond reported evidence,S001,,unreviewed
CF_fd8c12f852fc,M4-FUNG-0117,GENES_AND_MECHANISM,18,gene_or_mechanism_fact,C001,This record directly demonstrates trans-acting chain-length control of a fungal HRPKS by a partnering thiohydrolase.,S002,,unreviewed
CF_3ab451b4ace0,M4-FUNG-0118,GENES_AND_MECHANISM,15,gene_or_mechanism_fact,NRPS_ADY16697.1,"multi-module NRPS with inferred anthranilate, tryptophan and alanine substrate specificities",S001; S002,,unreviewed
CF_1cf0eee0e92f,M4-FUNG-0118,GENES_AND_MECHANISM,16,gene_or_mechanism_fact,pathway_evidence,defining study combined genetic and biochemical investigation; ATP-PPi exchange and structure-based inference support substrate assignments,S002,,unreviewed
CF_37a9bb89e357,M4-FUNG-0118,GENES_AND_MECHANISM,17,gene_or_mechanism_fact,U001,Do not label the pathway complete: current MIBiG completeness is unknown despite extensive pathway work.,S001,,unreviewed
CF_26f815c93142,M4-FUNG-0119,GENES_AND_MECHANISM,15,gene_or_mechanism_fact,core_architecture,"iterative type-I PKS region with oxidoreductase, P450, dehydratase and ligase-like tailoring candidates",S001; S003,,unreviewed
CF_6e06d25b213b,M4-FUNG-0119,GENES_AND_MECHANISM,16,gene_or_mechanism_fact,U001,Many individual gene-to-reaction assignments remain prediction-heavy; retain as hypotheses rather than direct causality.,S001; S003,,unreviewed
CF_fa678cb9e783,M4-FUNG-0120,GENES_AND_MECHANISM,15,gene_or_mechanism_fact,TESG_06702,polyketide synthase; core scaffold enzyme,S001; S002,,unreviewed
CF_84b9754138e9,M4-FUNG-0120,GENES_AND_MECHANISM,16,gene_or_mechanism_fact,TESG_06703,DMATS-family prenyltransferase in the five-gene evidence locus,S001; S002,,unreviewed
CF_544d6c09843c,M4-FUNG-0120,GENES_AND_MECHANISM,17,activation_context_fact,activation_context,cryptic dermatophyte pathway accessed by heterologous expression in Aspergillus nidulans,S002; S003,,unreviewed
CF_e2a1fb936be5,M4-FUNG-0121,EVIDENCE_AND_PROVENANCE,15,unresolved_compact_fact,experimental_basis,gene-expression correlation and heterologous expression were reported in the defining study,S001; S002,,unreviewed
CF_d8490fe49ad1,M4-FUNG-0121,EVIDENCE_AND_PROVENANCE,16,unresolved_compact_fact,U001,Retired status governs active-cluster counting even though historical biosynthetic evidence remains informative.,S001,,unreviewed
CF_facd6ee99871,M4-FUNG-0122,GENES_AND_BOUNDARY,15,gene_or_mechanism_fact,HTS1_AGQ43600.1,HC-toxin synthetase; backbone NRPS represented in MIBiG,S001; S002,,unreviewed
CF_a9283ae8f6c1,M4-FUNG-0122,GENES_AND_BOUNDARY,16,gene_or_mechanism_fact,boundary_warning,"MIBiG contains one gene, but the HC-toxin TOX2 locus is a much larger duplicated/multigene system; do not equate this entry with the complete pathway.",S003,,unreviewed
CF_a49d0806f258,M4-FUNG-0123,GENES_AND_MECHANISM,15,gene_or_mechanism_fact,glpks3_AKL78824.1,iterative type-I PKS; principal represented core enzyme,S001; S002,,unreviewed
CF_68b9ef6037ca,M4-FUNG-0123,GENES_AND_MECHANISM,16,gene_or_mechanism_fact,boundary_warning,Partial record at a contig edge; absence of additional genes from the displayed interval is not evidence that they are unnecessary.,S001,,unreviewed
CF_704e9b232ca0,M4-FUNG-0124,EVIDENCE_AND_MECHANISM,15,unresolved_compact_fact,functional_cluster,defining comparative/functional genomics study identified a 12-gene fusaric-acid biosynthetic cluster in Fusarium species,S002,,unreviewed
CF_8fb29ef97c70,M4-FUNG-0124,EVIDENCE_AND_MECHANISM,16,unresolved_compact_fact,U001,Current display contains additional surrounding genes; do not assign all displayed genes to biosynthesis without direct support.,S001; S002,,unreviewed
CF_98fa7b3584d3,M4-FUNG-0125,GENES_AND_MECHANISM,15,gene_or_mechanism_fact,pathway_architecture,concise biosynthetic route to communesin indole alkaloids experimentally elucidated,S002,,unreviewed
CF_59742baa48d6,M4-FUNG-0125,GENES_AND_MECHANISM,16,gene_or_mechanism_fact,P450_coupling,P450-mediated coupling of indole fragments forges communesin core and can generate unnatural isomers,S003,,unreviewed
CF_593cc0dbad88,M4-FUNG-0126,GENES_AND_MECHANISM,16,gene_or_mechanism_fact,fumoS_AKC54422.1,fumosorinone biosynthesis polyketide synthase,S001; S002,,unreviewed
CF_df5026784822,M4-FUNG-0126,GENES_AND_MECHANISM,17,gene_or_mechanism_fact,accessory_enzymes,trans-enoyl reductase plus two cytochrome P450 monooxygenases and C6 zinc-finger regulator encoded in displayed region,S001,,unreviewed
CF_55f0d417af98,M4-FUNG-0126,GENES_AND_MECHANISM,18,gene_or_mechanism_fact,bioactivity,fumosorinone reported as a protein tyrosine phosphatase 1B inhibitor,S002,,unreviewed
CF_4a2ae223cac5,M4-FUNG-0127,GENES_AND_PATHWAY,22,gene_or_mechanism_fact,CgsA,polyketide synthase generating the aromatic pathway precursor,S003,,unreviewed
CF_fa934fbc9a0d,M4-FUNG-0127,GENES_AND_PATHWAY,23,gene_or_mechanism_fact,CgsB,cytochrome P450 hydroxylating the C5 methyl group of the CgsA-derived aromatic product,S003,,unreviewed
CF_9213a8d54fb0,M4-FUNG-0127,GENES_AND_PATHWAY,24,gene_or_mechanism_fact,CgsF,flavin-containing monooxygenase promoting decarboxylation to the quinone shanorellin,S003,,unreviewed
CF_5d73ead2d3f9,M4-FUNG-0127,GENES_AND_PATHWAY,25,gene_or_mechanism_fact,CgsG,pathway transcription factor; regulatable overexpression activates the otherwise trace/silent cluster,S003,,unreviewed
CF_747a9b29fbb7,M4-FUNG-0127,ACTIVATION_AND_EXPERIMENTS,28,experiment_fact,activation_context,regulatable promoter-driven CgsG overexpression in the native fungus,S003,,unreviewed
CF_1f0aac80e448,M4-FUNG-0127,ACTIVATION_AND_EXPERIMENTS,29,experiment_fact,evidence_architecture,transcription-factor activation + targeted gene knockout + in-vitro biochemical analysis,S003,,unreviewed
CF_07f1ac7b34c7,M4-FUNG-0127,ACTIVATION_AND_EXPERIMENTS,30,experiment_fact,baseline_expression,trace-level production under conventional culture conditions,S003,,unreviewed
CF_f128ff2bf1bd,M4-FUNG-0128,PATHWAY_AND_GENES,22,gene_or_mechanism_fact,cluster_size,15 genes in current MIBiG representation,S001,,unreviewed
CF_1612f7847f7f,M4-FUNG-0128,PATHWAY_AND_GENES,23,gene_or_mechanism_fact,EcdG/EcdH/EcdK,iron/2-oxoglutarate oxygenases for hydroxylated amino-acid building blocks of the echinocandin scaffold,S003,,unreviewed
CF_afda72329749,M4-FUNG-0128,PATHWAY_AND_GENES,24,gene_or_mechanism_fact,proline_hydroxylase,fungal proline hydroxylase activity characterized in echinocandin biosynthesis; retained only as homolog-system context for aculeacin,S004,,unreviewed
CF_c32344e8c5b7,M4-FUNG-0128,PATHWAY_AND_GENES,25,gene_or_mechanism_fact,NRPS_core,type-I NRPS scaffold assembly inferred from cluster architecture and echinocandin chemistry,S001; S005,,unreviewed
CF_4129e5b4ebfc,M4-FUNG-0128,EXPERIMENTS_AND_CONTEXT,28,experiment_fact,evidence_architecture,in-vitro enzyme assays + knockout studies + structure/homology inference across echinocandin systems,S003; S004; S005,,unreviewed
CF_ee615c0ded35,M4-FUNG-0128,EXPERIMENTS_AND_CONTEXT,29,experiment_fact,biological_role,antifungal echinocandin-family metabolite; native ecological role in A. japonicus NR,S005,,unreviewed
CF_e850c4b9697b,M4-FUNG-0129,PATHWAY_AND_RELATIONSHIPS,22,unresolved_compact_fact,lnaA / lnbA,homologous noncanonical A-PCP-R NRPS-like amino-acid reductases lacking condensation domains,S003,,unreviewed
CF_12fd886c8e7d,M4-FUNG-0129,PATHWAY_AND_RELATIONSHIPS,23,unresolved_compact_fact,pathway_relationship,lna and lnb clusters produce overlapping metabolite sets and are partially redundant,S003,,unreviewed
CF_3ff392e6d5c2,M4-FUNG-0129,PATHWAY_AND_RELATIONSHIPS,24,unresolved_compact_fact,developmental_context,combined lnaA deletion/lnbA knockdown strongly suppresses sclerotial formation,S003,,unreviewed
CF_d5b44591adf4,M4-FUNG-0130,GENES_AND_FUNCTION,22,gene_or_mechanism_fact,biF,8-amino-7-oxononanoate synthase,S003,,unreviewed
CF_97c076faf468,M4-FUNG-0130,GENES_AND_FUNCTION,23,gene_or_mechanism_fact,bioDA,bifunctional enzyme supplying two consecutive late precursor-to-biotin steps; functional complementation supports the fused fungal architecture,S003,,unreviewed
CF_13f7a885a68f,M4-FUNG-0130,GENES_AND_FUNCTION,24,gene_or_mechanism_fact,biB,biotin synthase,S003,,unreviewed
CF_c5b50063853c,M4-FUNG-0130,EXPERIMENTS_AND_CONTEXT,27,experiment_fact,functional_validation,homology identification + E. coli auxotroph complementation + A. nidulans mutant complementation,S003,,unreviewed
CF_a1eb564c9000,M4-FUNG-0130,EXPERIMENTS_AND_CONTEXT,28,experiment_fact,engineering_use,bioDA complementation produces biotin-prototrophic transformants and was demonstrated as a selectable transformation marker,S003,,unreviewed
CF_5bfde5f401ce,M4-FUNG-0131,GENES_AND_FUNCTION,22,gene_or_mechanism_fact,biF / ACR44942.1,8-amino-7-oxononanoate synthase,S001; S003,,unreviewed
CF_38d9959f0790,M4-FUNG-0131,GENES_AND_FUNCTION,23,gene_or_mechanism_fact,biDA / ACR44943.1,bifunctional fusion participating in two consecutive biotin-pathway steps,S001; S003,,unreviewed
CF_f9e1ec72fd65,M4-FUNG-0131,GENES_AND_FUNCTION,24,gene_or_mechanism_fact,biB / ACR44944.1,biotin synthase,S001; S003,,unreviewed
CF_4d37e13ff2c9,M4-FUNG-0131,EXPERIMENTS_AND_CONTEXT,27,experiment_fact,functional_validation,homology searches and complementation of bacterial/fungal biotin-auxotrophic mutants,S003,,unreviewed
CF_85e9ac02e347,M4-FUNG-0131,EXPERIMENTS_AND_CONTEXT,28,experiment_fact,pathway_type,clustered primary-metabolic vitamin biosynthesis rather than specialized-metabolite chemistry,S003,,unreviewed
CF_5987ba3693cb,M4-FUNG-0132,GENES_AND_EXPERIMENTS,22,gene_or_mechanism_fact,MaNPS1 / NPS1,nonribosomal peptide synthetase required for serinocyclin production,S003,,unreviewed
CF_61e25c6ad7b5,M4-FUNG-0132,GENES_AND_EXPERIMENTS,23,gene_or_mechanism_fact,knockout_phenotype,serinocyclins detectable in wild-type conidia but undetectable in ΔMaNPS1 conidia,S003,,unreviewed
CF_936843775413,M4-FUNG-0132,GENES_AND_EXPERIMENTS,24,gene_or_mechanism_fact,pathway_specificity_control,destruxin production unaffected by MaNPS1 disruption,S003,,unreviewed
CF_2eb3104f0def,M4-FUNG-0132,DEVELOPMENTAL_AND_MEASUREMENT_CONTEXT,27,measurement_fact,developmental_window,serinocyclins associated with conidia and not detected in the other examined developmental stages,S003,,unreviewed
CF_68b6d1a59ed7,M4-FUNG-0132,DEVELOPMENTAL_AND_MEASUREMENT_CONTEXT,28,measurement_fact,mass_spectral_signature_A,"reported ions include m/z 673 [M+H]+, 695 [M+Na]+, and 711 [M+K]+ for serinocyclin A",S003,,unreviewed
CF_83adbe9ed920,M4-FUNG-0132,DEVELOPMENTAL_AND_MEASUREMENT_CONTEXT,29,measurement_fact,biological_role,proposed conidial/spore-associated factor; direct virulence requirement not established by the defining study,S003,,unreviewed
CF_6cf4238d9a32,M4-FUNG-0133,CORE_FUNCTIONAL_ARCHITECTURE,22,unresolved_compact_fact,dimethylallyltryptophan_synthase,entry enzyme for prenylated tryptophan formation in the ergot alkaloid pathway,S001; S003,,unreviewed
CF_c5619a134ad5,M4-FUNG-0133,CORE_FUNCTIONAL_ARCHITECTURE,23,unresolved_compact_fact,N_methyltransferase,methyltransferase in early ergoline-skeleton biosynthesis,S001; S003,,unreviewed
CF_41e72bd2fa1c,M4-FUNG-0133,CORE_FUNCTIONAL_ARCHITECTURE,24,unresolved_compact_fact,chanoclavine_I_dehydrogenase,oxidoreductase in the conserved ergoline-skeleton sequence,S001; S003,,unreviewed
CF_61a961e6d921,M4-FUNG-0133,CORE_FUNCTIONAL_ARCHITECTURE,25,unresolved_compact_fact,agroclavine_dehydrogenase,late ergoline-skeleton oxidation toward lysergic-acid chemistry,S001; S003,,unreviewed
CF_5a9ed568ebbf,M4-FUNG-0133,CORE_FUNCTIONAL_ARCHITECTURE,26,unresolved_compact_fact,lysergyl_peptide_synthetase_subunits,NRPS machinery assembling peptide substituents of ergopeptines,S001; S003,,unreviewed
CF_458710a013d5,M4-FUNG-0133,EVIDENCE_AND_CONTEXT,29,unresolved_compact_fact,chemical_evidence,mass-spectrometric detection/assignment of ergotamine and ergocryptine in the curated record,S001,,unreviewed
CF_fb80f8d67aa1,M4-FUNG-0133,EVIDENCE_AND_CONTEXT,30,unresolved_compact_fact,comparative_context,ergot-alkaloid loci vary substantially among clavicipitaceous fungi while retaining a conserved ergoline core,S003,,unreviewed
CF_58d5bb5fd325,M4-FUNG-0134,GENES_AND_PATHWAY,22,gene_or_mechanism_fact,fsr1,nonreducing polyketide synthase required for fusarubin-family scaffold biosynthesis,S003,,unreviewed
CF_75d2c06ef514,M4-FUNG-0134,GENES_AND_PATHWAY,23,gene_or_mechanism_fact,fsr2,methyltransferase in pathway tailoring,S003,,unreviewed
CF_df66c27e7a66,M4-FUNG-0134,GENES_AND_PATHWAY,24,gene_or_mechanism_fact,fsr3,FAD-dependent monooxygenase in oxidative tailoring,S003,,unreviewed
CF_c738e914cb0e,M4-FUNG-0134,GENES_AND_PATHWAY,25,gene_or_mechanism_fact,fsr4_fsr5,"alcohol dehydrogenase and short-chain dehydrogenase/reductase; encoded in locus, exact pathway roles incompletely resolved",S003,,unreviewed
CF_9391894d8d26,M4-FUNG-0134,GENES_AND_PATHWAY,26,gene_or_mechanism_fact,fsr6,Zn(II)2Cys6 pathway transcription factor; overexpression activates fsr genes/pigment production,S003,,unreviewed
CF_b8038390e5f9,M4-FUNG-0134,ACTIVATION_AND_TEMPORAL_CONTEXT,29,unresolved_compact_fact,nutrient_pH_gate,low nitrogen and alkaline pH favor fusarubin-pathway expression,S003,,unreviewed
CF_0a7e241768d7,M4-FUNG-0134,ACTIVATION_AND_TEMPORAL_CONTEXT,30,unresolved_compact_fact,temporal_expression,"expression rises around day 3, peaks near day 4, and is near-undetectable by day 6 during sexual development",S003,,unreviewed
CF_0feb316956f1,M4-FUNG-0134,ACTIVATION_AND_TEMPORAL_CONTEXT,31,unresolved_compact_fact,biological_role,perithecial pigmentation during sexual development,S003,,unreviewed
CF_15398f62efbb,M4-FUNG-0135,MODERN_FUNCTIONAL_INTERPRETATION,22,unresolved_compact_fact,BcBOA6_BcPKS6,one of two PKSs required for botcinic-acid biosynthesis,S003,,unreviewed
CF_6d7bbf2ff63b,M4-FUNG-0135,MODERN_FUNCTIONAL_INTERPRETATION,23,unresolved_compact_fact,BcBOA9_BcPKS9,second PKS required for botcinic-acid biosynthesis; located at a distinct genomic locus,S003,,unreviewed
CF_3e6f96f837be,M4-FUNG-0135,MODERN_FUNCTIONAL_INTERPRETATION,24,unresolved_compact_fact,botcinic_acid_neighborhoods,BcBOA genes distributed around the two PKS-containing regions; modern pathway is multilocus rather than one simple contiguous historical cluster,S003,,unreviewed
CF_ac4c38138d70,M4-FUNG-0135,MODERN_FUNCTIONAL_INTERPRETATION,25,unresolved_compact_fact,BCG1_regulation,botcinic-acid and botrydial toxin programmes are co-regulated through the BCG1 signalling pathway in vitro and in planta,S003,,unreviewed
CF_64a77ad7de5b,M4-FUNG-0135,BIOLOGICAL_ROLE_AND_CONFLICTS,28,unresolved_compact_fact,virulence_relationship,botcinic acid and botrydial have redundant contributions to virulence; double-pathway disruption shows stronger attenuation than either alone,S003,,unreviewed
CF_18e6992e41e6,M4-FUNG-0135,BIOLOGICAL_ROLE_AND_CONFLICTS,29,unresolved_compact_fact,U001,Historical BGC0001243 product scope mixes metabolites from distinct modern biosynthetic programmes and should not be interpreted as one self-contained active BGC.,S001; S003,,unreviewed
CF_100903295e59,M4-FUNG-0135,BIOLOGICAL_ROLE_AND_CONFLICTS,30,unresolved_compact_fact,U002,Record is retired and excluded from active-cluster counting.,S001,,unreviewed
CF_0f4b0093d310,M4-FUNG-0136,GENE_AND_CAUSALITY,22,gene_or_mechanism_fact,SNOG_00477 / SN477 / mlnS,polyketide synthase required for mellein biosynthesis,S003,,unreviewed
CF_4827015020c6,M4-FUNG-0136,GENE_AND_CAUSALITY,23,gene_or_mechanism_fact,native_knockout,loss of SN477 abolishes detectable (R)-mellein and (R)-O-methylmellein,S003,,unreviewed
CF_7596acc18d46,M4-FUNG-0136,GENE_AND_CAUSALITY,24,gene_or_mechanism_fact,heterologous_expression,SN477 expression in Saccharomyces cerevisiae is sufficient for production of (R)-mellein,S003,,unreviewed
CF_f1bfad1bb799,M4-FUNG-0136,EXPRESSION_MEASUREMENTS_AND_ROLE,27,measurement_fact,infection_expression,SN477 is highly upregulated during wheat infection,S003,,unreviewed
CF_bb8521b03cf0,M4-FUNG-0136,EXPRESSION_MEASUREMENTS_AND_ROLE,28,measurement_fact,virulence_knockout,SN477 knockout showed no significant virulence difference from wild type under the tested infection assay,S003,,unreviewed
CF_e3258b1922a5,M4-FUNG-0136,EXPRESSION_MEASUREMENTS_AND_ROLE,29,measurement_fact,phytotoxicity_assay,200 μg/mL (R)-mellein inhibited seed germination of wheat and Medicago in the reported assay,S003,,unreviewed
CF_1dcf93a6e786,M4-FUNG-0137,GENES_AND_MECHANISM,22,gene_or_mechanism_fact,lasS1 + lasS2,collaborating iterative PKSs; coexpression in S. cerevisiae produces desmethyl-lasiodiplodin scaffold,S002,,unreviewed
CF_19e8643e108b,M4-FUNG-0137,GENES_AND_MECHANISM,23,gene_or_mechanism_fact,lasM,cluster O-methyltransferase; addition to PKS pair reconstitutes lasiodiplodin,S002,,unreviewed
CF_371affe49779,M4-FUNG-0137,GENES_AND_MECHANISM,24,gene_or_mechanism_fact,lasG,glutathione-S-transferase; not required for heterologous lasiodiplodin production,S002,,unreviewed
CF_a1a0b148e9a7,M4-FUNG-0137,GENES_AND_MECHANISM,25,gene_or_mechanism_fact,lasR / other mapped genes,present in MIBiG locus; pathway-specific causal functions not established in defining reconstitution,S001; S002,,unreviewed
CF_bf7f8e426618,M4-FUNG-0137,CLAIMS_RELATIONSHIPS_CONFLICTS,28,claim_fact,C001,Lasiodiplodin scaffold formation is directly supported by heterologous coexpression of the collaborating PKS pair; O-methylation by LasM completes lasiodiplodin production.,S002,,unreviewed
CF_134aa968a43e,M4-FUNG-0137,CLAIMS_RELATIONSHIPS_CONFLICTS,29,claim_fact,C002,"The same reconstitution generated 14-membered RAL homologues, providing direct evidence of iterative-PKS stuttering as a source of product diversity.",S002,,unreviewed
CF_422bc05611b1,M4-FUNG-0137,CLAIMS_RELATIONSHIPS_CONFLICTS,30,claim_fact,R001,BGC0001245 and BGC0001246 are mechanistically comparable RAL12 systems with homologous collaborating iPKS architecture but distinct products.,S002,,unreviewed
CF_cefbd3efd5bc,M4-FUNG-0137,CLAIMS_RELATIONSHIPS_CONFLICTS,31,claim_fact,U001,MIBiG completeness remains unknown; accessory mapped genes should not be assumed essential.,S001,,unreviewed
CF_acd75c4c7eca,M4-FUNG-0138,GENES_AND_MECHANISM,22,gene_or_mechanism_fact,resS1 + resS2,collaborating iterative PKSs; heterologous coexpression in S. cerevisiae provides trans-resorcylide scaffold,S002,,unreviewed
CF_8da72503d093,M4-FUNG-0138,GENES_AND_MECHANISM,23,gene_or_mechanism_fact,resR1 / resR2 / resE,mapped in locus; individual pathway roles not established by the defining PKS-pair reconstitution,S001; S002,,unreviewed
CF_ef483d6171ad,M4-FUNG-0138,CLAIMS_RELATIONSHIPS_CONFLICTS,26,claim_fact,C001,The collaborating iPKS pair is sufficient for heterologous access to the trans-resorcylide RAL12 scaffold.,S002,,unreviewed
CF_7450e4614d4b,M4-FUNG-0138,CLAIMS_RELATIONSHIPS_CONFLICTS,27,claim_fact,C002,Product diversity includes biosynthetic irregularities and chemical interconversions; not every detected congener requires a dedicated tailoring enzyme.,S002,,unreviewed
CF_35fe68aa0eb6,M4-FUNG-0138,CLAIMS_RELATIONSHIPS_CONFLICTS,28,claim_fact,R001,Mechanistically paired with BGC0001245 as a homologous RAL12 iPKS system.,S002,,unreviewed
CF_2dbd6741ef46,M4-FUNG-0138,CLAIMS_RELATIONSHIPS_CONFLICTS,29,claim_fact,U001,Completeness is unknown and the submitted region lies at a contig edge.,S001,,unreviewed
CF_d6e86935d665,M4-FUNG-0139,GENES_AND_MECHANISM,22,gene_or_mechanism_fact,CTB1,polyketide synthase; targeted disruption abolishes cercosporin and complementation restores production and lesion formation,S002,,unreviewed
CF_0018f837075b,M4-FUNG-0139,GENES_AND_MECHANISM,23,gene_or_mechanism_fact,CTB2-CTB7,historical core includes O-methyltransferase/monooxygenase/transporter/oxidoreductase functions; sequence-based assignments and pathway genetics vary by gene,S003,,unreviewed
CF_c1da4cebfe25,M4-FUNG-0139,GENES_AND_MECHANISM,24,gene_or_mechanism_fact,CTB8,Zn(II)2Cys6 regulator; disruption eliminates or strongly reduces expression of core CTB genes,S003,,unreviewed
CF_afb5eb36be48,M4-FUNG-0139,CLAIMS_RELATIONSHIPS_CONFLICTS,27,claim_fact,C001,"Cercosporin is a direct virulence determinant in C. nicotianae: CTB1 loss reduces toxin and tobacco lesion formation, rescued by complementation.",S002,,unreviewed
CF_f35406b6d890,M4-FUNG-0139,CLAIMS_RELATIONSHIPS_CONFLICTS,28,claim_fact,C002,The historical eight-gene CTB core is incomplete as a modern pathway model; later work identified adjacent genes including final methylenedioxy-bridge functions and autoresistance/export components.,S004,,unreviewed
CF_3ad8ce553f30,M4-FUNG-0139,CLAIMS_RELATIONSHIPS_CONFLICTS,29,claim_fact,U001,Retired MIBiG accession must not be counted as an active independent complete cluster.,S001,,unreviewed
CF_a5f5b7aa6c2e,M4-FUNG-0140,GENES_AND_MECHANISM,22,gene_or_mechanism_fact,erg1,"squalene epoxidase shared with sterol metabolism; silencing lowers clavaric acid, overexpression raises production 32-97%",S002,,unreviewed
CF_62f1cb92dd5e,M4-FUNG-0140,GENES_AND_MECHANISM,23,gene_or_mechanism_fact,occ,secondary-metabolism oxidosqualene cyclase; gene replacement abolishes clavaric acid without sterol auxotrophy,S003,,unreviewed
CF_1b4419fe10e3,M4-FUNG-0140,GENES_AND_MECHANISM,24,gene_or_mechanism_fact,Q001,occ amplification increases clavaric acid yield by 35-67%,S003,,unreviewed
CF_82240bdca446,M4-FUNG-0140,CLAIMS_RELATIONSHIPS_CONFLICTS,27,claim_fact,C001,Oxidosqualene is a branch point between primary sterol metabolism and clavaric-acid secondary metabolism.,S002; S003,,unreviewed
CF_0ff963301a6f,M4-FUNG-0140,CLAIMS_RELATIONSHIPS_CONFLICTS,28,claim_fact,U001,The MIBiG record contains only occ and is completeness-unknown; erg1 is functionally required but belongs to shared primary/secondary precursor supply and lies outside this one-gene record.,S001; S002,,unreviewed
CF_fc9ca190b8f5,M4-FUNG-0141,GENES_ACTIVATION_CONTEXT,22,gene_or_mechanism_fact,AaNPS6,NRPS required for extracellular siderophore production; disruption gives little/no detectable siderophore and complementation restores phenotype,S002,,unreviewed
CF_cd885bf0e158,M4-FUNG-0141,GENES_ACTIVATION_CONTEXT,23,activation_context_fact,activation_context,NPS6 is highly up-regulated under low iron and is influenced by YAP1/redox state,S002,,unreviewed
CF_0d4b4c1791e5,M4-FUNG-0141,GENES_ACTIVATION_CONTEXT,24,gene_or_mechanism_fact,Q001,0.2 mM FeCl3 relieves elevated H2O2 sensitivity of Δnps6 mutants in reported assays,S002,,unreviewed
CF_f19af4b7f052,M4-FUNG-0141,CLAIMS_RELATIONSHIPS_CONFLICTS,27,claim_fact,C001,"NPS6-dependent siderophore production supports iron acquisition, ROS resistance and full citrus virulence rather than acting as a direct phytotoxin.",S002,,unreviewed
CF_f78d1c6ed4ac,M4-FUNG-0141,CLAIMS_RELATIONSHIPS_CONFLICTS,28,claim_fact,C002,Purified siderophores did not induce phytotoxicity on citrus leaves in the defining study.,S002,,unreviewed
CF_fc0c1cc6ba33,M4-FUNG-0141,CLAIMS_RELATIONSHIPS_CONFLICTS,29,claim_fact,U001,"Single-NRPS MIBiG boundary should not be assumed to contain every precursor-supply, transport or regulatory requirement for siderophore physiology.",S001; S002,,unreviewed
CF_4b713defeb1a,M4-FUNG-0142,GENES_ACTIVATION_CONTEXT,22,gene_or_mechanism_fact,sidN,NRPS siderophore synthetase; targeted deletion eliminates epichloënin A in vitro and in planta; complementation restores production,S002,,unreviewed
CF_d5682dd9dba4,M4-FUNG-0142,GENES_ACTIVATION_CONTEXT,23,gene_or_mechanism_fact,substrate_programming,"SidN assembles an octapeptide containing four Gly, one Gln and three trans-AMHO moieties; A3 experimentally supports AMHO activation while A1/A2 assignments are less direct",S002; S003,,unreviewed
CF_5bc2a481c61a,M4-FUNG-0142,GENES_ACTIVATION_CONTEXT,24,activation_context_fact,activation_context,epichloënin A is characterized under iron-depleted conditions; extracellular desferri-form and relatively intracellular ferri-form support an iron-shuttle role,S002; S003,,unreviewed
CF_e22de5951bbb,M4-FUNG-0142,GENES_ACTIVATION_CONTEXT,25,gene_or_mechanism_fact,Q001,iron-depletion assays included 100 µM BPS and rescue conditions with 20 µM Fe2+ or Fe3+,S002,,unreviewed
CF_8aea56773d8f,M4-FUNG-0142,CLAIMS_RELATIONSHIPS_CONFLICTS,28,claim_fact,C001,Loss of sidN converts the normally regulated endophyte-grass interaction toward an antagonistic phenotype with abnormal hyphal growth and plant stunting.,S002,,unreviewed
CF_b87328c27bf4,M4-FUNG-0142,CLAIMS_RELATIONSHIPS_CONFLICTS,29,claim_fact,R001,BGC0001250 and BGC0001251 represent highly similar sidN/epichloënin A records from the same species; biological independence is not inferred from separate accessions.,S001; S004,,unreviewed
CF_192c25fd5e8e,M4-FUNG-0142,CLAIMS_RELATIONSHIPS_CONFLICTS,30,claim_fact,U001,Completeness unknown and region lies on a contig edge.,S001,,unreviewed
CF_672f3f6baf94,M4-FUNG-0143,GENES_AND_MECHANISM,22,gene_or_mechanism_fact,sidN,epichloënin A synthetase; deletion eliminates extracellular siderophore production and disrupts iron-homeostasis-dependent mutualism,S002,,unreviewed
CF_7861ced48916,M4-FUNG-0143,CLAIMS_RELATIONSHIPS_CONFLICTS,25,claim_fact,C001,"The sidN genotype-to-phenotype link is supported by targeted deletion, complementation, LC-MS and in-planta phenotypes.",S002,,unreviewed
CF_3e416db24e6e,M4-FUNG-0143,CLAIMS_RELATIONSHIPS_CONFLICTS,26,claim_fact,R001,Paired with BGC0001250; accessions differ in submitted GenBank sequence but point to the same experimentally defined epichloënin A pathway.,S001; S003,,unreviewed
CF_f1ef0a6e6e92,M4-FUNG-0143,CLAIMS_RELATIONSHIPS_CONFLICTS,27,claim_fact,U001,Do not infer two independent epichloënin biosynthetic systems from the existence of BGC0001250 and BGC0001251.,S001; S003,,unreviewed
CF_6c832a7fd235,M4-FUNG-0144,GENES_AND_MECHANISM,22,gene_or_mechanism_fact,ACRTS2,highly reducing type-I PKS; disruption/RNA silencing abolishes ACR-toxin production and pathogenicity,S002,,unreviewed
CF_8cb3bb170792,M4-FUNG-0144,GENES_AND_MECHANISM,23,gene_or_mechanism_fact,pathway_context,ACRTS2 is located on a ~1.5-Mb conditionally dispensable/accessory chromosome; ACRTS1 and ACRTS3 have additional proposed roles outside this one-gene record,S002; S003,,unreviewed
CF_39cf8754678e,M4-FUNG-0144,GENES_AND_MECHANISM,24,gene_or_mechanism_fact,heterologous_reconstruction,A. oryzae expression of ACRTS2 produces host-selective ACR toxin and related adducts,S003,,unreviewed
CF_6b9f689956e9,M4-FUNG-0144,CLAIMS_RELATIONSHIPS_CONFLICTS,27,claim_fact,C001,ACRTS2 is the core causal PKS for rough-lemon ACR-toxin biosynthesis and pathogenicity.,S002; S003,,unreviewed
CF_09fdfaec937c,M4-FUNG-0144,CLAIMS_RELATIONSHIPS_CONFLICTS,28,claim_fact,U001,"The 7,958-nt MIBiG single-gene record is not a complete representation of all toxin-pathway functions.",S001; S002,,unreviewed
CF_e3b167262d08,M4-FUNG-0144,CLAIMS_RELATIONSHIPS_CONFLICTS,29,claim_fact,X001,Current MIBiG compound label is a chemical identifier rather than the primary-paper biological name ACR-toxin; both are preserved.,S001; S002,,unreviewed
CF_e40381d09d5a,M4-FUNG-0145,PATHWAY_CONTEXT,21,unresolved_compact_fact,ACTTS3,PKS shown in the tangerine pathotype to be essential for ACT-toxin production and pathogenicity; active counterpart represented by BGC0001254,S002; S003,,unreviewed
CF_697cd47eabe3,M4-FUNG-0145,PATHWAY_CONTEXT,22,unresolved_compact_fact,ACTT5 / ACTT6,acyl-CoA synthetase and enoyl-CoA hydratase; multiple-copy disruption reduces or abolishes ACT-toxin production and virulence,S004,,unreviewed
CF_32bbba18e887,M4-FUNG-0145,PATHWAY_CONTEXT,23,unresolved_compact_fact,broader_cluster,later tangerine-pathotype genome analysis places ACT genes in a ~91.2-kb region with about 25 genes,S005,,unreviewed
CF_b89e6d4b2f06,M4-FUNG-0145,CLAIMS_RELATIONSHIPS_CONFLICTS,26,claim_fact,R001,BGC0001253 is retired historical provenance paired with active BGC0001254; it should not be counted as a separate active ACT pathway.,S001; S003,,unreviewed
CF_80a59d2538c0,M4-FUNG-0145,CLAIMS_RELATIONSHIPS_CONFLICTS,27,claim_fact,U001,Historical product partition into ACT-toxin I versus II accessions does not represent the full accessory-chromosome biosynthetic programme.,S001; S005,,unreviewed
CF_20719e7c5f14,M4-FUNG-0146,GENES_AND_MECHANISM,22,gene_or_mechanism_fact,ACTTS3,polyketide synthase; targeted genetic analysis establishes requirement for ACT-toxin production and pathogenicity,S002,,unreviewed
CF_1c7e831f4f65,M4-FUNG-0146,GENES_AND_MECHANISM,23,gene_or_mechanism_fact,ACTT5,acyl-CoA synthetase; disruption of two copies significantly reduces ACT-toxin production and virulence,S003,,unreviewed
CF_140e9cba8bd8,M4-FUNG-0146,GENES_AND_MECHANISM,24,gene_or_mechanism_fact,ACTT6,enoyl-CoA hydratase; disruption of two copies abolishes ACT-toxin and pathogenicity and accumulates a putative decatrienoic-acid intermediate,S003,,unreviewed
CF_b883c6a14a5b,M4-FUNG-0146,GENES_AND_MECHANISM,25,gene_or_mechanism_fact,regulatory_context,"SLT2 MAPK signalling contributes to ACT-toxin production, morphogenesis and virulence but is not a pathway-specific biosynthetic enzyme",S004,,unreviewed
CF_d60787c6b5a0,M4-FUNG-0146,CLAIMS_RELATIONSHIPS_CONFLICTS,28,claim_fact,C001,ACT toxin is a host-selective virulence determinant whose biosynthesis requires multiple accessory-chromosome genes beyond the single ACTTS3 locus shown in MIBiG.,S002; S003; S005,,unreviewed
CF_1f7dba8a998d,M4-FUNG-0146,CLAIMS_RELATIONSHIPS_CONFLICTS,29,claim_fact,R001,"Active BGC0001254 supersedes the retired BGC0001253 single-gene provenance for current counting, while both preserve historical ACT-toxin annotations.",S001; S006,,unreviewed
CF_4e634e13928f,M4-FUNG-0146,CLAIMS_RELATIONSHIPS_CONFLICTS,30,claim_fact,U001,Completeness unknown: later genomic analysis describes a ~91.2-kb ACT region with about 25 genes.,S001; S005,,unreviewed
CF_ed83a02f37e1,M4-FUNG-0147,GENES_AND_MECHANISM,24,gene_or_mechanism_fact,eqxS,hybrid PKS-NRPS synthetase; PKS module builds the polyketide unit and NRPS module incorporates L-serine; reductive/Dieckmann-release architecture supports tetramic-acid formation,S004; S005,,unreviewed
CF_e340ca0efe38,M4-FUNG-0147,GENES_AND_MECHANISM,25,gene_or_mechanism_fact,eqxC,trans-acting enoyl reductase partnering with EqxS during polyketide assembly,S004; S005,,unreviewed
CF_6e4017027447,M4-FUNG-0147,GENES_AND_MECHANISM,26,gene_or_mechanism_fact,eqx3,cluster-associated Diels-Alderase annotation for decalin stereocontrol; direct stereochemical assays are not treated here as strain-specific unless performed in F. heterosporum,S004; S005,,unreviewed
CF_95c1584f1e74,M4-FUNG-0147,GENES_AND_MECHANISM,27,gene_or_mechanism_fact,eqxH,cluster cytochrome P450; exact strain-specific tailoring step not established in the defining sources reviewed,S001,,unreviewed
CF_c4eae5d1eae0,M4-FUNG-0147,GENES_AND_MECHANISM,28,activation_context_fact,native_activation_context,NR,S003; S004,,unreviewed
CF_0c98cbac31b1,M4-FUNG-0148,GENES_AND_MECHANISM,22,gene_or_mechanism_fact,atrA,tridomain atromentin synthetase; adenylates and dimerizes 4-hydroxyphenylpyruvic acid to atromentin,S003,,unreviewed
CF_78c8348aafdb,M4-FUNG-0148,GENES_AND_MECHANISM,23,gene_or_mechanism_fact,atrD,L-tyrosine:2-oxoglutarate aminotransferase supplying 4-hydroxyphenylpyruvate precursor,S003,,unreviewed
CF_ddd5b53a9d12,M4-FUNG-0148,GENES_AND_MECHANISM,24,biological_role_fact,biological_role,atromentin is a central terphenylquinone precursor; downstream ecological roles are product-family dependent and not assigned as direct T. panuoides phenotypes here,S003,,unreviewed
CF_5157ad7556d3,M4-FUNG-0149,GENES_AND_MECHANISM,22,gene_or_mechanism_fact,pks1,melanin polyketide synthase; disruption replacing KS/AT coding region yields melanin-deficient phenotype,S003,,unreviewed
CF_ee8171fa1521,M4-FUNG-0149,GENES_AND_MECHANISM,23,gene_or_mechanism_fact,protein_architecture,"predicted 2,159-aa fungal PKS with strong homology to Colletotrichum lagenarium pks1",S003,,unreviewed
CF_3c89b97e9501,M4-FUNG-0149,GENES_AND_MECHANISM,24,biological_role_fact,biological_role,melanin pigmentation; specific ecological or virulence function in this strain NR,S003,,unreviewed
CF_e8cf0e073d51,M4-FUNG-0150,GENES_AND_MECHANISM,23,gene_or_mechanism_fact,pks1,"2,124-aa fungal PKS with KS, AT, two ACP sites and thioesterase/Claisen-cyclase module; gene replacement produces albino mutants",S003,,unreviewed
CF_a86e46fae3c8,M4-FUNG-0150,GENES_AND_MECHANISM,24,gene_or_mechanism_fact,dsg,"downstream 1,215-bp ORF encoding a putative Zn(II)2Cys6 transcription factor; functional role not directly tested in defining paper",S003,,unreviewed
CF_4b2c01d00b04,M4-FUNG-0150,GENES_AND_MECHANISM,25,gene_or_mechanism_fact,quantitative_genetics,loss of pigmentation occurred in more than half of transformants; six non-pigmented transformants examined carried replacement of the functional pks1 copy,S003,,unreviewed
CF_6ffb58a7b54c,M4-FUNG-0151,GENES_AND_MECHANISM,23,gene_or_mechanism_fact,EfPKS1,"nonreducing type-I PKS required for elsinochrome production; knockout abolishes toxin, drastically reduces conidiation and significantly reduces lesions; complementation restores phenotypes",S003,,unreviewed
CF_e7fc3d0bc6b8,M4-FUNG-0151,GENES_AND_MECHANISM,24,gene_or_mechanism_fact,TSF1,"cluster-associated transcriptional activator; disruption abolishes elsinochrome and strongly reduces expression of RDT1, EfPKS1, PRF1 and EfHP1",S004,,unreviewed
CF_301a2a2682a6,M4-FUNG-0151,GENES_AND_MECHANISM,25,gene_or_mechanism_fact,RDT1 / PRF1 / ECT1,neighboring candidate biosynthetic/transport genes; expression evidence exists but individual catalytic roles are not all resolved,S004,,unreviewed
CF_58c5bea7fea5,M4-FUNG-0151,GENES_AND_MECHANISM,26,activation_context_fact,activation_context,"light, alkaline pH, high glucose and nitrogen limitation favor EfPKS1/elsinochrome accumulation; ammonium nitrogen suppresses production",S003; S005,,unreviewed
CF_1aa1ef82106e,M4-FUNG-0152,GENES_AND_MECHANISM,22,gene_or_mechanism_fact,terB,indole-diterpene cyclase in the paspaline-forming core,S003,,unreviewed
CF_4fdff7027708,M4-FUNG-0152,GENES_AND_MECHANISM,23,gene_or_mechanism_fact,terC / terF,prenyltransferase-family core enzymes required upstream in indole-diterpene scaffold construction,S003,,unreviewed
CF_4105dc6ed1b9,M4-FUNG-0152,GENES_AND_MECHANISM,24,gene_or_mechanism_fact,terQ,cytochrome P450 converting paspaline toward terpendole E; disruption/feeding establishes its upstream oxidative role,S003,,unreviewed
CF_46ed70b36642,M4-FUNG-0152,GENES_AND_MECHANISM,25,gene_or_mechanism_fact,terP,cytochrome P450 acting downstream of terpendole E; terP disruption causes terpendole E overproduction/accumulation,S003,,unreviewed
CF_3bf05aeab5b1,M4-FUNG-0152,GENES_AND_MECHANISM,26,gene_or_mechanism_fact,terK / terM,additional P450 and FAD-dependent monooxygenase tailoring components; exact individual steps are retained only where supported by feeding/genetic evidence,S003,,unreviewed
CF_c3c9ffc99f18,M4-FUNG-0153,GENES_AND_MECHANISM,23,gene_or_mechanism_fact,AMT,large nonribosomal peptide synthetase responsible for AM-toxin cyclic depsipeptide assembly; targeted disruption yields toxin-deficient mutants,S003,,unreviewed
CF_b5090b17b76b,M4-FUNG-0153,GENES_AND_MECHANISM,24,gene_or_mechanism_fact,pathogenicity_phenotype,"AMT-disrupted toxin-minus mutants lose pathogenicity on susceptible apple, establishing AM-toxin as a primary host-selective determinant",S003,,unreviewed
CF_912181356fd8,M4-FUNG-0153,GENES_AND_MECHANISM,25,activation_context_fact,activation_context,NR,S003,,unreviewed
CF_ea00e1bc77d4,M4-FUNG-0154,GENES_AND_MECHANISM,23,gene_or_mechanism_fact,AKT1,carboxyl-activating enzyme identified in toxin-biosynthetic mutagenesis; disruption is linked to AK-toxin deficiency and pathogenicity loss,S003,,unreviewed
CF_440e6b02f546,M4-FUNG-0154,GENES_AND_MECHANISM,24,gene_or_mechanism_fact,AKT2,toxin-pathway gene of unresolved biochemical function; genetic disruption supports pathway membership,S003,,unreviewed
CF_f117edc8709d,M4-FUNG-0154,GENES_AND_MECHANISM,25,gene_or_mechanism_fact,AKTR-1 / AKT3-1 family,additional toxin-biosynthetic/pathotype-associated genes identified in clustered homologous copies; individual biochemical functions remain incompletely resolved,S003,,unreviewed
CF_0a4451918cc6,M4-FUNG-0154,GENES_AND_MECHANISM,26,gene_or_mechanism_fact,AKT7,"cytochrome P450 acting as a negative modulator of AK-toxin accumulation: reduced functional dosage increases toxin/electrolyte leakage, whereas overexpression suppresses toxin-associated virulence phenotypes",S004,,unreviewed
CF_678c24919341,M4-FUNG-0154,GENES_AND_MECHANISM,27,gene_or_mechanism_fact,copy_number_context,"AKT7 occurs in multiple copies and includes nonfunctional/misspliced copies, complicating simple single-locus interpretation",S004,,unreviewed
CF_8e0a9a56a6ec,M4-FUNG-0155,GENES_AND_MECHANISM,23,gene_or_mechanism_fact,LPS2,lysergyl peptide synthetase subunit that activates lysergic acid and forms a covalent intermediate for peptide assembly,S003,,unreviewed
CF_fd493d56b095,M4-FUNG-0155,GENES_AND_MECHANISM,24,gene_or_mechanism_fact,LPS3,partner NRPS subunit; with LPS2 incorporates alanine and uses NADPH-dependent release chemistry to form ergometrine,S003,,unreviewed
CF_a79c1928994d,M4-FUNG-0155,GENES_AND_MECHANISM,25,gene_or_mechanism_fact,LPS1_relationship,distinct NRPS partner involved in ergopeptine assembly; demonstrates combinatorial use of shared lysergyl-activating machinery,S003,,unreviewed
CF_874c5572c5b2,M4-FUNG-0155,GENES_AND_MECHANISM,26,biological_role_fact,biological_role,NR,S003,,unreviewed
CF_fa320544f2b4,M4-FUNG-0156,GENES_AND_MECHANISM,23,gene_or_mechanism_fact,HR-PKS BAQ25466.1,core betaenone polyketide synthase; unusual programming includes an embedded reductase architecture and requires partner reductive chemistry for correct polyene precursor formation,S003,,unreviewed
CF_e72bc68d4316,M4-FUNG-0156,GENES_AND_MECHANISM,24,gene_or_mechanism_fact,trans_enoyl_reductase,trans-acting ER function demonstrated in heterologous/reconstitution experiments as a required partner in highly reduced polyketide assembly,S003,,unreviewed
CF_ac8c48100f58,M4-FUNG-0156,GENES_AND_MECHANISM,25,gene_or_mechanism_fact,P450 BAQ25465.1,cluster-associated cytochrome P450; retained as a candidate tailoring enzyme unless a specific betaenone conversion was directly demonstrated in the reviewed defining work,S001; S003,,unreviewed
CF_6c5eb78d04ba,M4-FUNG-0156,GENES_AND_MECHANISM,26,activation_context_fact,activation_context,heterologous expression/reconstitution provides pathway access; a defined native environmental switch NR,S003,,unreviewed
CF_b55fbe7148e1,M4-FUNG-0157,GENES_AND_MECHANISM,23,gene_or_mechanism_fact,PKS1,2155-aa polyketide synthase required for melanin biosynthesis; targeted disruption gives a melanin-deficient phenotype.,S003,,unreviewed
CF_794b32f523c9,M4-FUNG-0157,GENES_AND_MECHANISM,24,gene_or_mechanism_fact,THR1 / SCD1,established downstream DHN-melanin genes whose temporal transcription parallels PKS1 under near-UV induction; retained as pathway context rather than assumed to define the retired MIBiG boundary.,S003,,unreviewed
CF_0b662f92f9b6,M4-FUNG-0157,GENES_AND_MECHANISM,25,activation_context_fact,activation_context,near-UV radiation at 300–400 nm specifically enhances PKS1 transcripts; pigment-pathway expression is photoregulated.,S003,,unreviewed
CF_17c5e64b0748,M4-FUNG-0157,GENES_AND_MECHANISM,26,experiment_or_measurement_fact,experiment_and_measurement,targeted PKS1 disruption and independent RNA-mediated PKS1 silencing both produce albino/melanin-deficient phenotypes; exact metabolite titer NR.,S003; S004,,unreviewed
CF_52b296636205,M4-FUNG-0158,GENES_AND_MECHANISM,23,gene_or_mechanism_fact,CgrPKS16 / PKS16,nonreducing PKS candidate whose expression most closely matches grayanic-acid induction; domain architecture and phylogeny support orcinol depside synthesis.,S003,,unreviewed
CF_5eb84b3443d4,M4-FUNG-0158,GENES_AND_MECHANISM,24,gene_or_mechanism_fact,P450,cluster-adjacent cytochrome P450 proposed to catalyze oxidative depside-to-depsidone conversion.,S001; S003,,unreviewed
CF_cd93536300a0,M4-FUNG-0158,GENES_AND_MECHANISM,25,gene_or_mechanism_fact,O-methyltransferase,cluster-adjacent methyltransferase consistent with the three-compound proposed grayanic-acid pathway.,S001; S003,,unreviewed
CF_ccb3443a72db,M4-FUNG-0158,GENES_AND_MECHANISM,26,activation_context_fact,activation_context,mycobiont culture conditions produced coordinated induction of CgrPKS16 transcript and grayanic acid; exact universal trigger is not established.,S003,,unreviewed
CF_0de07286bd31,M4-FUNG-0158,GENES_AND_MECHANISM,27,experiment_or_measurement_fact,experiment_and_measurement,"candidate-PKS expression comparison, domain analysis, phylogeny and cluster/pathway correspondence; direct gene knockout or heterologous reconstruction NF in the defining study; quantitative titer NR.",S003,,unreviewed
CF_0cfe65183566,M4-FUNG-0159,GENES_AND_MECHANISM,23,gene_or_mechanism_fact,dmaW and conserved early EAS genes,cluster homologues support the committed dimethylallyltryptophan and subsequent clavine steps; species-specific enzymatic assignments are retained as homology-supported unless directly tested.,S003,,unreviewed
CF_e24ad18bd093,M4-FUNG-0159,GENES_AND_MECHANISM,24,gene_or_mechanism_fact,lpsB,"late-pathway lysergyl peptide synthetase homologue is truncated in C. fusiformis, consistent with loss of ergopeptine production.",S003,,unreviewed
CF_cada111690a8,M4-FUNG-0159,GENES_AND_MECHANISM,25,gene_or_mechanism_fact,cloA,homologue is present despite C. fusiformis stopping at elymoclavine; presence alone is not interpreted as a functional lysergic-acid step.,S003,,unreviewed
CF_6183b4cad19c,M4-FUNG-0159,GENES_AND_MECHANISM,26,activation_context_fact,activation_context,ergot alkaloids are produced in planta and in submerged culture; a single defined activation switch NR.,S003,,unreviewed
CF_5cc19123aa90,M4-FUNG-0159,GENES_AND_MECHANISM,27,experiment_or_measurement_fact,experiment_and_measurement,comparative cluster sequencing plus alkaloid profiling established the restricted clavine chemotype; knockout-level proof for each cluster gene NF in the defining comparison; quantitative titer NR.,S003,,unreviewed
CF_b0a01599558e,M4-FUNG-0160,GENES_AND_MECHANISM,23,gene_or_mechanism_fact,fusA / fus1,hybrid PKS/NRPS core synthase; targeted mutagenesis abolishes fusarin production.,S003,,unreviewed
CF_b70c02296447,M4-FUNG-0160,GENES_AND_MECHANISM,24,gene_or_mechanism_fact,fus2,required for 2-pyrrolidone ring closure in the reconstructed pathway.,S004,,unreviewed
CF_407622641f5e,M4-FUNG-0160,GENES_AND_MECHANISM,25,gene_or_mechanism_fact,fus8 / fus9,Fus8 catalyzes C-20 oxidation and Fus9 catalyzes C-20 methylation; together with Fus1 and Fus2 these four genes are sufficient for biosynthesis.,S004,,unreviewed
CF_4e69a03c0d61,M4-FUNG-0160,GENES_AND_MECHANISM,26,activation_context_fact,activation_context,fus1–fus9 are coexpressed under high-nitrogen and acidic-pH conditions with enrichment of activating H3K9 acetylation; illumination lowers fusarin content.,S003; S004,,unreviewed
CF_7151987922d6,M4-FUNG-0160,GENES_AND_MECHANISM,27,experiment_or_measurement_fact,experiment_and_measurement,"gene deletions, ChIP, NMR and MS resolve pathway order; source cultures were followed across 14-day incubations, but a single transferable production titer is NR.",S003; S004,,unreviewed
CF_8e1e5baab392,M4-FUNG-0161,GENES_AND_MECHANISM,23,gene_or_mechanism_fact,CPS/KS,bifunctional ent-copalyl diphosphate/ent-kaurene synthase; function tested by gene replacement.,S003,,unreviewed
CF_1f931fd7caef,M4-FUNG-0161,GENES_AND_MECHANISM,24,gene_or_mechanism_fact,GGS2,pathway-specific geranylgeranyl diphosphate synthase supplying diterpene precursor.,S003,,unreviewed
CF_1ea6382d321b,M4-FUNG-0161,GENES_AND_MECHANISM,25,gene_or_mechanism_fact,three P450 monooxygenases,cluster P450 functions were tested by replacement or complementation of corresponding F. fujikuroi mutants; DES and P450-3 border genes found in Fusarium are absent.,S003,,unreviewed
CF_cb8112c6f112,M4-FUNG-0161,GENES_AND_MECHANISM,26,activation_context_fact,activation_context,cassava-pathogen gibberellin secretion is biologically associated with host internode hyperelongation; a defined molecular activation switch NR.,S003,,unreviewed
CF_97763f6afcd9,M4-FUNG-0161,GENES_AND_MECHANISM,27,experiment_or_measurement_fact,experiment_and_measurement,gene replacement and cross-species complementation establish all five cluster genes; exact transferable fermentation titer NR.,S003,,unreviewed
CF_2c75719ddf0b,M4-FUNG-0162,GENES_AND_MECHANISM,23,gene_or_mechanism_fact,GGS2 and CPS/KS,pathway-specific GGDP supply followed by bifunctional ent-copalyl diphosphate/ent-kaurene cyclization; direct pathway genetics established these early steps.,S003,,unreviewed
CF_755f3a3e3f81,M4-FUNG-0162,GENES_AND_MECHANISM,24,gene_or_mechanism_fact,P450-1 / P450-2 / P450-3 / P450-4,cluster cytochrome P450s execute sequential oxidative steps in fungal GA biosynthesis; functions were dissected by mutant and feeding/complementation studies across the primary literature.,S003,,unreviewed
CF_4e1a03e33ecf,M4-FUNG-0162,GENES_AND_MECHANISM,25,gene_or_mechanism_fact,DES,GA4 desaturase contributes late conversion toward GA7/GA3 chemotypes.,S003,,unreviewed
CF_b956c39ba4f7,M4-FUNG-0162,GENES_AND_MECHANISM,26,activation_context_fact,activation_context,nitrogen status is a major regulator of fungal GA biosynthesis; detailed pathway regulation is broader than this retired locus entry.,S003,,unreviewed
CF_0df4ea35d6e6,M4-FUNG-0162,GENES_AND_MECHANISM,27,experiment_or_measurement_fact,experiment_and_measurement,"gene disruption, precursor feeding and complementation across defining studies map the fungal GA pathway; single standardized titer NR.",S003,,unreviewed
CF_13ba6c818813,M4-FUNG-0163,GENES_AND_MECHANISM,23,gene_or_mechanism_fact,mdpG,"cluster PKS required for emodin, monodictyphenone and downstream prenyl-xanthone production.",S003,,unreviewed
CF_6b30e01ae0de,M4-FUNG-0163,GENES_AND_MECHANISM,24,gene_or_mechanism_fact,mdp cluster,targeted deletion analysis identifies a 10-gene cluster required for the precursor and xanthone pathway.,S003,,unreviewed
CF_2b56cd1544b6,M4-FUNG-0163,GENES_AND_MECHANISM,25,gene_or_mechanism_fact,extracluster prenylation,no genes accounting for the required prenylations were found inside the mdp cluster; terminal prenylation competence is therefore extracluster.,S003,,unreviewed
CF_9729783ae572,M4-FUNG-0163,GENES_AND_MECHANISM,26,activation_context_fact,activation_context,native ecological/physiological activation trigger NR in the defining deletion study.,S003,,unreviewed
CF_b1937dcb1f81,M4-FUNG-0163,GENES_AND_MECHANISM,27,experiment_or_measurement_fact,experiment_and_measurement,systematic targeted deletions plus isolation of pathway intermediates resolved biosynthetic order; standardized production titer NR.,S003,,unreviewed
CF_16b9d07ac91b,M4-FUNG-0164,GENES_AND_MECHANISM,23,gene_or_mechanism_fact,EfPKS1,"historically assigned as elsinochrome PKS; knockout abolished the measured pigment/toxin phenotype in early work, but modern reannotation places EfPKS1 as the melanin-cluster anchor.",S003; S005,,unreviewed
CF_60cf3caadf6c,M4-FUNG-0164,GENES_AND_MECHANISM,24,gene_or_mechanism_fact,TSF1,historical transcriptional activator whose disruption abolished elsinochrome-associated production and reduced expression of adjacent genes in the original model.,S004,,unreviewed
CF_3dc5242a5323,M4-FUNG-0164,GENES_AND_MECHANISM,25,gene_or_mechanism_fact,EfETB1,"modern reannotation identifies EfETB1, not EfPKS1, as the type-I PKS anchor associated with the elsinochrome cluster.",S005,,unreviewed
CF_54addb45b1e6,M4-FUNG-0164,GENES_AND_MECHANISM,26,activation_context_fact,activation_context,"light, nutrient state and pH correlate with historical elsinochrome accumulation/expression phenotypes; these regulatory observations are retained without assuming the old locus annotation is correct.",S003; S004,,unreviewed
CF_dbd37ef226d3,M4-FUNG-0164,GENES_AND_MECHANISM,27,experiment_or_measurement_fact,experiment_and_measurement,"targeted gene disruptions, complementation, transcript analyses and plant lesion assays established strong phenotypes; modern genome comparison subsequently corrected the PKS-locus identity.",S003; S004; S005,,unreviewed
CF_448d8c9f75af,M4-FUNG-0165,GENES_AND_MECHANISM,23,gene_or_mechanism_fact,aomsas / MSAS,"5,298-bp methylsalicylic acid synthase; knockout eliminates 6-MSA, asperlactone and isoasperlactone and genetic complementation restores them.",S003,,unreviewed
CF_7dbf948e0e6b,M4-FUNG-0165,GENES_AND_MECHANISM,24,gene_or_mechanism_fact,6-methylsalicylic acid,chemical complementation of the knockout supports 6-MSA as an upstream intermediate.,S003,,unreviewed
CF_92a6314517ee,M4-FUNG-0165,GENES_AND_MECHANISM,25,gene_or_mechanism_fact,aspyrone / diepoxide intermediates,chemical feeding to the knockout supports intermediate roles downstream of 6-MSA in asperlactone/isoasperlactone formation.,S003,,unreviewed
CF_b541f09e22fc,M4-FUNG-0165,GENES_AND_MECHANISM,26,activation_context_fact,activation_context,specific native induction trigger NR in the defining pathway study.,S003,,unreviewed
CF_76df2bed461b,M4-FUNG-0165,GENES_AND_MECHANISM,27,experiment_or_measurement_fact,experiment_and_measurement,"gene knockout, genetic complementation, RT-PCR/production kinetics and chemical complementation establish pathway causality; transferable production titer NR.",S003,,unreviewed
CF_6951af32c2d7,M4-FUNG-0166,GENES_AND_MECHANISM,23,gene_or_mechanism_fact,CYP52-family P450,terminal/subterminal fatty-acid hydroxylation is the first committed step; knockout completely abolishes sophorolipid production and hydroxylated-fatty-acid feeding rescues production.,S003,,unreviewed
CF_6cc2026f74b9,M4-FUNG-0166,GENES_AND_MECHANISM,24,gene_or_mechanism_fact,two glucosyltransferases + acetyltransferase,cluster enzymes construct the sophorose headgroup and acetylate sophorolipid products.,S003,,unreviewed
CF_a41efd7e02b5,M4-FUNG-0166,GENES_AND_MECHANISM,25,gene_or_mechanism_fact,transporter,"cluster transporter contributes strongly to export; knockout retains secretion at approximately 10% of wild-type level, indicating alternative export routes.",S003,,unreviewed
CF_967d9054e00b,M4-FUNG-0166,GENES_AND_MECHANISM,26,activation_context_fact,activation_context,"production is substrate- and fermentation-state responsive, but the defining cluster study was aimed at pathway genetics rather than a single activation switch.",S003,,unreviewed
CF_9a8ab4d46d73,M4-FUNG-0166,GENES_AND_MECHANISM,27,experiment_or_measurement_fact,experiment_and_measurement,gene knockouts and chemical complementation establish core steps; transporter mutant secretes ~10% of wild type; pathway disruption did not reduce growth or viability under laboratory conditions.,S003,,unreviewed
CF_66fa0a5ce3dd,M4-FUNG-0167,GENES_AND_MECHANISM,23,gene_or_mechanism_fact,pks2,"1791-aa PKS with KS, AT, DH, KR and ACP regions; heterologous expression produces 6-MSA.",S003,,unreviewed
CF_4cb7cd6b9420,M4-FUNG-0167,GENES_AND_MECHANISM,24,gene_or_mechanism_fact,adjacent_efflux_gene,putative drug-resistance efflux pump flanking pks2; function in 6-MSA export was not directly established.,S003,,unreviewed
CF_39e9cb4a8aee,M4-FUNG-0167,GENES_AND_MECHANISM,25,gene_or_mechanism_fact,pathway_boundary,pks2 alone is sufficient for 6-MSA formation in the heterologous host; broader native downstream fate is not established by the defining study.,S003,,unreviewed
CF_3f57834dbd55,M4-FUNG-0167,GENES_AND_MECHANISM,26,activation_context_fact,activation_context,heterologous promoter-driven expression in A. nidulans activates 6-MSA production; no native activation switch was established.,S003,,unreviewed
CF_678b280ea76a,M4-FUNG-0167,GENES_AND_MECHANISM,27,experiment_or_measurement_fact,experiment_and_measurement,pks2 disruption had no effect on vegetative growth or pneumocandin production; heterologous product identity was confirmed by NMR and MS; exact titer NR.,S003,,unreviewed
CF_dcd4099bc025,M4-FUNG-0167,GENES_AND_MECHANISM,28,biological_role_fact,biological_role,native ecological role of 6-MSA in G. lozoyensis is NR; pks2 is not required for pneumocandin production.,S003,,unreviewed
CF_dd7fdab2f8e5,M4-FUNG-0168,GENES_AND_MECHANISM,23,gene_or_mechanism_fact,atX,"5.5-kb ORF encoding an approximately 1800-aa, 190-kDa MSAS polypeptide; heterologous expression directly yields 6-MSA.",S003,,unreviewed
CF_898007bff577,M4-FUNG-0168,GENES_AND_MECHANISM,24,gene_or_mechanism_fact,domain_evidence,ATX shows strong whole-sequence homology to established fungal MSAS proteins together with direct product-forming function.,S003,,unreviewed
CF_666a8844969e,M4-FUNG-0168,GENES_AND_MECHANISM,25,gene_or_mechanism_fact,pathway_boundary,atX alone establishes 6-MSA synthesis; downstream conversion in the native geodin-producing strain is not resolved by this record.,S003,,unreviewed
CF_6ffaab6b69dc,M4-FUNG-0168,GENES_AND_MECHANISM,26,activation_context_fact,activation_context,native atX transcription was not detected throughout the tested culture period; amyB-promoter expression in A. nidulans bypassed this access barrier.,S003,,unreviewed
CF_72c9cb4dd78a,M4-FUNG-0168,GENES_AND_MECHANISM,27,experiment_or_measurement_fact,experiment_and_measurement,"7,588 bp including atX and flanks were sequenced; heterologous transformants produced 6-MSA identified by physicochemical analysis; exact titer NR.",S003,,unreviewed
CF_39e1827360f9,M4-FUNG-0168,GENES_AND_MECHANISM,28,biological_role_fact,biological_role,native ecological role is NR; the source strain was characterized as a (+)-geodin producer.,S003,,unreviewed
CF_456f3ddf7352,M4-FUNG-0169,GENES_AND_MECHANISM,20,gene_or_mechanism_fact,Tri5,trichodiene synthase initiating the trichothecene scaffold from FPP.,S001; S004,,unreviewed
CF_057f422776eb,M4-FUNG-0169,GENES_AND_MECHANISM,21,gene_or_mechanism_fact,Tri8,"trichothecene esterase; disruption prevents normal 15-ADON formation and accumulates 3,15-diADON and earlier intermediates.",S003,,unreviewed
CF_36dca22e0324,M4-FUNG-0169,GENES_AND_MECHANISM,22,gene_or_mechanism_fact,Tri6,pathway transcription factor; regulatory manipulation strongly elevates trichothecene output.,S004,,unreviewed
CF_0566cb93ee0d,M4-FUNG-0169,GENES_AND_MECHANISM,23,activation_context_fact,activation_context,TRI promoter/regulator state is a major access gate.,S004,,unreviewed
CF_d00fb04e4630,M4-FUNG-0169,GENES_AND_MECHANISM,24,experiment_or_measurement_fact,experiment_and_measurement,"TRI5-promoter transformants produced 45–200 mg/L 15-ADON after 7 d; introduction of F. sporotrichioides TRI6 increased production up to 1,200 mg/L.",S004,,unreviewed
CF_4decfaf6ec57,M4-FUNG-0169,GENES_AND_MECHANISM,25,biological_role_fact,biological_role,trichothecene mycotoxin and virulence-associated chemistry; this dossier remains chemotype/pathway focused.,S003; S004,,unreviewed
CF_7a75172cc60e,M4-FUNG-0170,GENES_AND_MECHANISM,20,gene_or_mechanism_fact,Tri6,"C2H2 transcription factor; disruption abolishes trichothecenes, leaves low trichodiene, and reduces Tri4/Tri5 transcription.",S003,,unreviewed
CF_973893b6c7e0,M4-FUNG-0170,GENES_AND_MECHANISM,21,gene_or_mechanism_fact,Tri10,upstream regulator; disruption abolishes T-2 and decreases multiple TRI transcripts.,S004,,unreviewed
CF_e3000adf718b,M4-FUNG-0170,GENES_AND_MECHANISM,22,gene_or_mechanism_fact,Tri1_and_Tri16,separate-locus C-8 hydroxylase and C-8 acyltransferase required for mature T-2-type substitution.,S004,,unreviewed
CF_90c26c8ae4be,M4-FUNG-0170,GENES_AND_MECHANISM,23,activation_context_fact,activation_context,Tri10→Tri6 regulatory hierarchy coordinates core pathway transcription and associated precursor supply.,S003; S004,,unreviewed
CF_4ed0829c2a40,M4-FUNG-0170,GENES_AND_MECHANISM,24,experiment_or_measurement_fact,experiment_and_measurement,Tri6/Tri10 knockout phenotypes plus Tri1/Tri16 functional studies establish distributed pathway control; defining T-2 titer NR.,S003; S004,,unreviewed
CF_e129f94f4f9f,M4-FUNG-0170,GENES_AND_MECHANISM,25,biological_role_fact,biological_role,T-2 is a toxic food/feed mycotoxin.,S003; S004,,unreviewed
CF_9831e07dbe09,M4-FUNG-0171,GENES_AND_MECHANISM,20,gene_or_mechanism_fact,MRTRI5,trichodiene-synthase homolog assigned to the first pathway step; strong conservation evidence.,S003,,unreviewed
CF_db340d9ec14c,M4-FUNG-0171,GENES_AND_MECHANISM,21,gene_or_mechanism_fact,MRTRI6,C2H2 transcription factor required for pathway-gene expression.,S003,,unreviewed
CF_4f1771e735b5,M4-FUNG-0171,GENES_AND_MECHANISM,22,gene_or_mechanism_fact,MRTRI4,"P450 for early oxygenation; complements an F. sporotrichioides TRI4 mutant, with a nonidentical rescued metabolite profile.",S003,,unreviewed
CF_e7b02ace9ef0,M4-FUNG-0171,GENES_AND_MECHANISM,23,activation_context_fact,activation_context,MRTRI6 provides pathway-specific transcriptional control; native environmental trigger NR.,S003,,unreviewed
CF_391d69b2c9cd,M4-FUNG-0171,GENES_AND_MECHANISM,24,experiment_or_measurement_fact,experiment_and_measurement,"gene mapping, sequence comparison and MRTRI4 complementation establish conserved core function; native toxin titer NR.",S003,,unreviewed
CF_2a72bac52893,M4-FUNG-0171,GENES_AND_MECHANISM,25,biological_role_fact,biological_role,macrocyclic trichothecenes are toxic metabolites; modern species-level pathogenicity evidence is kept separate from this retired accession.,S004,,unreviewed
CF_02c82d16e1da,M4-FUNG-0172,GENES_AND_MECHANISM,20,gene_or_mechanism_fact,HR-PKS,highly reducing PKS containing a reductase domain; heterologous expression establishes betaenone decalin-core formation.,S003,,unreviewed
CF_fde12e5d0bbf,M4-FUNG-0172,GENES_AND_MECHANISM,21,gene_or_mechanism_fact,trans_ER,trans-acting enoyl reductase required with the HR-PKS for reconstructed core biosynthetic machinery.,S003,,unreviewed
CF_ab4f4a6b2d2a,M4-FUNG-0172,GENES_AND_MECHANISM,22,gene_or_mechanism_fact,pathway_boundary,direct evidence resolves decalin-scaffold formation; late oxidation and terminal betaenone A/C completion are not assigned beyond available evidence.,S003,,unreviewed
CF_fc44e2b370f4,M4-FUNG-0172,GENES_AND_MECHANISM,23,activation_context_fact,activation_context,heterologous reconstruction bypassed native expression context; native activation switch NR.,S003,,unreviewed
CF_16d8f1407113,M4-FUNG-0172,GENES_AND_MECHANISM,24,experiment_or_measurement_fact,experiment_and_measurement,heterologous expression and biochemical characterization reconstituted core betaenone machinery; exact native titer NR.,S003,,unreviewed
CF_2dfbc659f21a,M4-FUNG-0172,GENES_AND_MECHANISM,25,biological_role_fact,biological_role,NR for the historical producer in the defining mechanistic study.,S003,,unreviewed
CF_16b8a390a48c,M4-FUNG-0173,GENES_AND_MECHANISM,20,gene_or_mechanism_fact,Rua1,cluster-encoded C2H2 zinc-finger transcription factor; required for expression of UA-cluster genes and UA formation.,S003,,unreviewed
CF_77636f2452fe,M4-FUNG-0173,GENES_AND_MECHANISM,21,gene_or_mechanism_fact,Cyp1_and_Cyp2,P450 fatty-acid hydroxylation functions; Cyp1 terminal hydroxylation is supported by chemical rescue with 16-hydroxypalmitate.,S003; S004,,unreviewed
CF_c4f3415e6cc1,M4-FUNG-0173,GENES_AND_MECHANISM,22,gene_or_mechanism_fact,cluster_architecture,"large chromosome-23 programme encoding fatty-acid, glycosylation, acylation and export functions; literature boundary exceeds a minimal compact BGC concept.",S003; S004,,unreviewed
CF_e4e663b2ed7f,M4-FUNG-0173,GENES_AND_MECHANISM,23,activation_context_fact,activation_context,nitrogen starvation strongly activates UA production; Rua1 is the pathway-specific transcriptional gate.,S003,,unreviewed
CF_e959822d2c74,M4-FUNG-0173,GENES_AND_MECHANISM,24,experiment_or_measurement_fact,experiment_and_measurement,Rua1 deletion abolishes UA production; cluster transcription is nitrogen responsive. Exact titer in the defining regulatory experiment NR here.,S003,,unreviewed
CF_f1964e3a7dcb,M4-FUNG-0173,GENES_AND_MECHANISM,25,biological_role_fact,biological_role,secreted biosurfactant with antibacterial/antifungal activity and reported biocontrol function.,S003; S004,,unreviewed
CF_885a2389dae8,M4-FUNG-0174,GENES_AND_MECHANISM,20,gene_or_mechanism_fact,KC990457_context,the defining 2013 comparative study identifies KC990457/KC990458/KC990459 as parts of the LOL loline alkaloid cluster in E. coenophiala.,S003,,unreviewed
CF_0356c5d67f6f,M4-FUNG-0174,GENES_AND_MECHANISM,21,gene_or_mechanism_fact,lolitriol_context,lolitriol is a natural indole-diterpene of endophyte-infected ryegrass and is consistent with a precursor relationship to lolitrems.,S004,,unreviewed
CF_d3ed251405cc,M4-FUNG-0174,GENES_AND_MECHANISM,22,gene_or_mechanism_fact,ltm_pathway,lolitrem biosynthesis is genetically associated with ltm/IDT genes; deletion and heterologous studies establish this separate indole-diterpene programme.,S004,,unreviewed
CF_382fcb508bdc,M4-FUNG-0174,GENES_AND_MECHANISM,23,activation_context_fact,activation_context,ltm genes are strongly expressed in planta in grass symbiosis; no valid activation claim is assigned to KC990457 for lolitriol.,S004,,unreviewed
CF_9dbc9781107b,M4-FUNG-0174,GENES_AND_MECHANISM,24,experiment_or_measurement_fact,experiment_and_measurement,comparative-genomics accession mapping and independent indole-diterpene genetics reveal the mismatch; a KC990457→lolitriol experiment is NF.,S003; S004,,unreviewed
CF_2b6da8dcbc63,M4-FUNG-0174,GENES_AND_MECHANISM,25,biological_role_fact,biological_role,lolitrem-family indole diterpenes mediate vertebrate tremorgenicity; loline alkaloids from the LOL locus have distinct insect-focused ecology.,S003; S004,,unreviewed
CF_81c50de4147a,M4-FUNG-0175,GENES_AND_MECHANISM,20,gene_or_mechanism_fact,SnPKS19_SNOG_15829,nonreducing PKS; deletion abolishes alternariol and heterologous expression alone produces AOH.,S003,,unreviewed
CF_fca6b00006e9,M4-FUNG-0175,GENES_AND_MECHANISM,21,gene_or_mechanism_fact,pathway_boundary,SnPKS19 alone is sufficient for the reported AOH scaffold; a larger essential cluster is not required for this endpoint in the heterologous assay.,S003,,unreviewed
CF_d45fbb11dc2f,M4-FUNG-0175,GENES_AND_MECHANISM,22,activation_context_fact,activation_context,SnPKS19 expression correlates with AOH production in vitro; both expression/product are absent in planta in the tested infection context.,S003,,unreviewed
CF_f4dd8cc3fc01,M4-FUNG-0175,GENES_AND_MECHANISM,23,experiment_or_measurement_fact,experiment_and_measurement,reverse-genetic knockout plus A. nidulans heterologous production; product compared with AOH standard; exact production titer NR.,S003,,unreviewed
CF_5538d3112579,M4-FUNG-0175,GENES_AND_MECHANISM,24,biological_role_fact,biological_role,ΔSnPKS19 mutants show no detected defect in virulence or oxidative-stress tolerance under tested conditions.,S003,,unreviewed
CF_fe3f34f47e23,M4-FUNG-0176,GENES_AND_MECHANISM,20,gene_or_mechanism_fact,Adi1,aconitate-Δ-isomerase converting cis-aconitate to trans-aconitate; direct purified-enzyme evidence.,S003,,unreviewed
CF_7005ca746c85,M4-FUNG-0176,GENES_AND_MECHANISM,21,gene_or_mechanism_fact,Tad1,trans-aconitate decarboxylase converting trans-aconitate to itaconate; deletion and purified-enzyme assays are causal.,S003,,unreviewed
CF_16dfba8ec0d7,M4-FUNG-0176,GENES_AND_MECHANISM,22,gene_or_mechanism_fact,Mtt1_Itp1_Ria1,"mitochondrial tricarboxylate transport, extracellular itaconate export, and pathway-specific transcriptional activation, respectively.",S003,,unreviewed
CF_ef05708bd9bd,M4-FUNG-0176,GENES_AND_MECHANISM,23,activation_context_fact,activation_context,Ria1 overexpression activates the production cluster; nitrogen-linked production context is used in biotechnology studies.,S003,,unreviewed
CF_c84188e5d4ee,M4-FUNG-0176,GENES_AND_MECHANISM,24,experiment_or_measurement_fact,experiment_and_measurement,"HPLC deletion analysis after 96 h, purified-enzyme assays, and S. cerevisiae Adi1+Tad1 reconstruction; Ria1 or Mtt1 overexpression gives approximately twofold higher itaconate yield.",S003,,unreviewed
CF_4ad92525d24d,M4-FUNG-0176,GENES_AND_MECHANISM,25,biological_role_fact,biological_role,industrial organic-acid product; native ecological function in U. maydis remains NR in the defining pathway study.,S003,,unreviewed
CF_add3e48ecaf6,M4-FUNG-0177,GENES_AND_MECHANISM,21,gene_or_mechanism_fact,EasA_AN2545,Five-module NRPS; deletion abolishes emericellamides and establishes core peptide-assembly causality.,S003,,unreviewed
CF_739371db1945,M4-FUNG-0177,GENES_AND_MECHANISM,22,gene_or_mechanism_fact,EasB_EasC_EasD,EasB is HR-PKS; EasD acyl-CoA ligase and EasC acyltransferase mediate transfer of the polyketide side chain to EasA; targeted deletions support all three.,S003,,unreviewed
CF_39a5587578b3,M4-FUNG-0177,GENES_AND_MECHANISM,23,activation_context_fact,activation_context,A. nidulans produces emericellamides in monoculture; no pathway-specific activation intervention was required in the defining genetic study.,S003,,unreviewed
CF_014e4e8f336a,M4-FUNG-0177,GENES_AND_MECHANISM,24,experiment_or_measurement_fact,experiments_and_measurements,"Gene-targeted mutants were profiled by LC-DAD-MS; wild type yielded emericellamide A plus newly identified C–F, whereas eas-pathway deletions lost the corresponding peaks.",S003,,unreviewed
CF_22df87ecaf2a,M4-FUNG-0177,GENES_AND_MECHANISM,25,biological_role_fact,biological_role,Emericellamide A has reported antibacterial activity; native ecological function in A. nidulans is NR in the defining pathway work.,S003,,unreviewed
CF_a94ce7a8de5a,M4-FUNG-0178,GENES_AND_MECHANISM,21,gene_or_mechanism_fact,AFLA_108550,Putative polyketide synthase and central scaffold candidate in cluster 39; locus-to-product association is strong but enzyme chemistry was not directly reconstituted.,S001; S003,,unreviewed
CF_5cb1241c2daa,M4-FUNG-0178,GENES_AND_MECHANISM,22,gene_or_mechanism_fact,AFLA_108560_AFLA_108580,Putative O-methyltransferase and cytochrome P450 provide plausible tailoring functions; assignments remain annotation-level.,S001,,unreviewed
CF_8b6c572dcc62,M4-FUNG-0178,GENES_AND_MECHANISM,23,activation_context_fact,activation_context,veA is required for normal cluster-39 expression; transcripts are enriched in sclerotia and are strongly reduced in ΔveA.,S003,,unreviewed
CF_5b38ddbb8100,M4-FUNG-0178,GENES_AND_MECHANISM,24,experiment_or_measurement_fact,experiments_and_measurements,RNA-seq/RT-qPCR comparison of wild type and ΔveA plus chemical analysis of sclerotial extracts linked cluster 39 to aflavarin; no purified-enzyme kinetic values reported.,S003,,unreviewed
CF_89d5d8a1b3bf,M4-FUNG-0178,GENES_AND_MECHANISM,25,biological_role_fact,biological_role,Sclerotial-associated metabolite; specific ecological/virulence function for aflavarin was not established in the defining study.,S003,,unreviewed
CF_67e7a1e3607a,M4-FUNG-0179,GENES_AND_MECHANISM,21,gene_or_mechanism_fact,PKS19_CCT72377.1,Iterative fungal PKS associated with fujikurin scaffold production; products of the PKS19 cluster were isolated and structurally characterized.,S001; S003,,unreviewed
CF_e4bcbf054b42,M4-FUNG-0179,GENES_AND_MECHANISM,22,gene_or_mechanism_fact,neighboring_genes,"MIBiG lists additional locus genes including a toxD-like protein, but direct gene-by-gene chemical roles are not established in the defining product-isolation study.",S001; S003,,unreviewed
CF_154a46f0f4a5,M4-FUNG-0179,GENES_AND_MECHANISM,23,activation_context_fact,activation_context,The cluster was described as cryptic; the reviewed defining study establishes product access but does not provide a transferable universal activation trigger.,S003,,unreviewed
CF_c70f381578f0,M4-FUNG-0179,GENES_AND_MECHANISM,24,experiment_or_measurement_fact,experiments_and_measurements,Fujikurins A–D were isolated and assigned by NMR and high-resolution mass spectrometry; no robust pathway-wide quantitative yield series is reported in the source abstract.,S003,,unreviewed
CF_5c3965f5ad3d,M4-FUNG-0179,GENES_AND_MECHANISM,25,biological_role_fact,biological_role,Native ecological or pathogenic role of fujikurins is NR in the defining structural/pathway report.,S003,,unreviewed
CF_2e09c4bfeab7,M4-FUNG-0180,GENES_AND_MECHANISM,21,gene_or_mechanism_fact,precursor_plus_ustY_family,Genome-mining logic pairs a ribosomal precursor candidate with nearby ustY-family homologs; experimental reconstruction verified production of asperipin-2a.,S003,,unreviewed
CF_3d8a48807d22,M4-FUNG-0180,GENES_AND_MECHANISM,22,gene_or_mechanism_fact,MIBiG_seed_genes,"AFLA_041370–041400 include reductase-family, MFS and hypothetical proteins; their individual biochemical roles are not assigned by MIBiG.",S001,,unreviewed
CF_a1fb8757e693,M4-FUNG-0180,GENES_AND_MECHANISM,23,activation_context_fact,activation_context,No general physiological activation gate is established; the key intervention was computational prediction followed by experimental verification of the candidate gene set.,S003,,unreviewed
CF_78d2615c6f2b,M4-FUNG-0180,GENES_AND_MECHANISM,24,experiment_or_measurement_fact,experiments_and_measurements,Candidate precursor/cyclization genes were tested experimentally and shown to synthesize the cyclic peptide; quantitative production kinetics were NR in the reviewed abstract.,S003,,unreviewed
CF_6a58b54cc651,M4-FUNG-0180,GENES_AND_MECHANISM,25,biological_role_fact,biological_role,Specific native ecological or virulence role of asperipin-2a is NR in the defining study.,S003,,unreviewed
CF_dfe47f289c62,M4-FUNG-0181,GENES_AND_MECHANISM,21,gene_or_mechanism_fact,MPAS,"Nonreducing PKS with C-methyltransferase and terminal Claisen-cyclase domains, proposed to synthesize methylphloracetophenone precursor.",S003,,unreviewed
CF_5e7e70f0204c,M4-FUNG-0181,GENES_AND_MECHANISM,22,gene_or_mechanism_fact,MPAO,Adjacent cytochrome P450 proposed to oxidatively dimerize methylphloracetophenone toward usnic acid.,S003,,unreviewed
CF_11e14e113f0a,M4-FUNG-0181,GENES_AND_MECHANISM,23,activation_context_fact,activation_context,Both mpas and mpao transcripts were detected by RT-PCR in a lichen sample that produced usnic acid by HPLC; no artificial activation intervention was tested.,S003,,unreviewed
CF_0dc105f27b90,M4-FUNG-0181,GENES_AND_MECHANISM,24,experiment_or_measurement_fact,experiments_and_measurements,"De novo genome sequencing, in-silico PKS filtering, RT-PCR and HPLC production correlation; knockout, heterologous reconstruction and purified-enzyme validation were NF in the defining study.",S003,,unreviewed
CF_ab7ea10f7302,M4-FUNG-0181,GENES_AND_MECHANISM,25,biological_role_fact,biological_role,"Usnic acid is a characteristic lichen secondary metabolite, but this record does not establish a specific ecological function causally linked to MPAS/MPAO.",S003,,unreviewed
CF_18825c81e0d9,M4-FUNG-0182,GENES_AND_MECHANISM,21,gene_or_mechanism_fact,CitS_CitA,CitS nrPKS builds a trimethylated unreduced pentaketide and reductively releases a keto-aldehyde; CitA serine hydrolase supports conversion of the released intermediate.,S003,,unreviewed
CF_96cd574ba509,M4-FUNG-0182,GENES_AND_MECHANISM,22,gene_or_mechanism_fact,CitB_CitC_CitD,"Sequential oxidative tailoring converts methyl→alcohol (CitB), alcohol→aldehyde (CitC) and aldehyde→carboxylic acid (CitD) on the route to citrinin.",S003,,unreviewed
CF_ddc46fdb26d2,M4-FUNG-0182,GENES_AND_MECHANISM,23,activation_context_fact,activation_context,Defining work used native genetics plus heterologous A. oryzae reconstruction; no single universal environmental trigger is required to establish pathway chemistry.,S003,,unreviewed
CF_d3e5e8726643,M4-FUNG-0182,GENES_AND_MECHANISM,24,experiment_or_measurement_fact,experiments_and_measurements,"Targeted knockouts, heterologous expression, NMR and MS established pathway intermediates and enzyme order; quantitative kinetic constants are NR in the reviewed record.",S001; S003,,unreviewed
CF_596edbb5fb4d,M4-FUNG-0182,GENES_AND_MECHANISM,25,biological_role_fact,biological_role,Citrinin is a toxic fungal polyketide/mycotoxin; native adaptive role is not resolved by the pathway reconstruction.,S003,,unreviewed
CF_6172dd9373dd,M4-FUNG-0183,GENES_AND_MECHANISM,21,gene_or_mechanism_fact,mfpks1_mfpks2,Tetraketide and hexaketide synthases generate the two polyketide-derived portions of the squalestatin framework; PKS disruption abolishes SQS1 production.,S001; S003,,unreviewed
CF_15db775235bf,M4-FUNG-0183,GENES_AND_MECHANISM,22,gene_or_mechanism_fact,MfM4_acyltransferase,Acyltransferase expressed in E. coli loads acyl-CoA side chains onto the squalestatin core; broad substrate tolerance was demonstrated.,S003,,unreviewed
CF_3caa75c1a620,M4-FUNG-0183,GENES_AND_MECHANISM,23,activation_context_fact,activation_context,Producing versus non-producing culture states strongly gate the locus; genes mfpks1 through mfR6 show coordinated induction.,S003,,unreviewed
CF_7d5d218b6479,M4-FUNG-0183,GENES_AND_MECHANISM,24,experiment_or_measurement_fact,experiments_and_measurements,qRT-PCR showed roughly 10^2–10^5-fold higher expression across the active interval under producing conditions; heterologous/enzymatic tests resolve late acylation.,S003,,unreviewed
CF_a5a360d6ec44,M4-FUNG-0183,GENES_AND_MECHANISM,25,biological_role_fact,biological_role,Squalestatin S1 is a potent squalene-synthase inhibitor of pharmacological interest; native ecological role is NR in the defining cluster study.,S003,,unreviewed
CF_0ade275613d5,M4-FUNG-0184,GENES_AND_MECHANISM,21,gene_or_mechanism_fact,bfpks1_bfL1_bfL2_bfL3,"HR-PKS, hydrolase, citrate-synthase-like enzyme and methylcitrate dehydratase form the monomer-generating core; bfpks1 knockout abolishes byssochlamic acid and agnestadride A.",S001; S004,,unreviewed
CF_5b43717b35fb,M4-FUNG-0184,GENES_AND_MECHANISM,22,gene_or_mechanism_fact,bfL6_bfL10_PEBPs,Two ketosteroid-isomerase-like proteins are necessary for cyclization; PEBP-like proteins bfL5/bfL9 strongly enhance cyclized-product formation.,S001; S004,,unreviewed
CF_d0d66fca7256,M4-FUNG-0184,GENES_AND_MECHANISM,23,activation_context_fact,activation_context,Transcriptomics distinguishes producing versus non-producing B. fulva conditions; heterologous A. oryzae expression provides a direct bypass of native regulation.,S004,,unreviewed
CF_2f4e480661b3,M4-FUNG-0184,GENES_AND_MECHANISM,24,experiment_or_measurement_fact,experiments_and_measurements,Gene disruption and heterologous reconstruction established pathway sufficiency; adding both KI-like and PEBP-like proteins raised byssochlamic-acid production >20-fold to ~44 mg/L.,S004,,unreviewed
CF_c4bf5ec1b111,M4-FUNG-0184,GENES_AND_MECHANISM,25,biological_role_fact,biological_role,Maleidride natural-product family; specific native ecological role for byssochlamic acid is NR in the defining biosynthetic studies.,S003; S004,,unreviewed
CF_86d6d27021c3,M4-FUNG-0185,GENES_AND_MECHANISM,21,gene_or_mechanism_fact,LcsA,Ten-module NRPS identified as the core leucinostatin synthetase; domain organization is consistent with the nonapeptide/peptaibol-like scaffold.,S003,,unreviewed
CF_8be85e3f0369,M4-FUNG-0185,GENES_AND_MECHANISM,22,gene_or_mechanism_fact,specialized_precursor_supply,Cluster-associated PKS/auxiliary enzymes are implicated in supplying unusual residues/side-chain building blocks; individual monomer assignments in MIBiG include structure- and sequence-based inference.,S001; S003,,unreviewed
CF_dd050565c2c4,M4-FUNG-0185,GENES_AND_MECHANISM,23,activation_context_fact,activation_context,Leucinostatin production was characterized in the native biocontrol fungus; no universal pathway-specific transcriptional switch is established in the defining study.,S003,,unreviewed
CF_b284c5b90fcc,M4-FUNG-0185,GENES_AND_MECHANISM,24,experiment_or_measurement_fact,experiments_and_measurements,"Genome sequencing/mining, metabolite analysis and functional pathway work linked the locus to leucinostatins and to inhibition of Phytophthora; transferable yield kinetics are NR here.",S003,,unreviewed
CF_d43120c3efd3,M4-FUNG-0185,GENES_AND_MECHANISM,25,biological_role_fact,biological_role,Leucinostatins contribute antifungal/oomycete antagonism against Phytophthora and are relevant to the organism's biocontrol phenotype.,S003,,unreviewed
CF_8491d0dd3f7f,M4-FUNG-0186,GENES_AND_MECHANISM,21,gene_or_mechanism_fact,mpaA_mpaB_mpaC_mpaDE_mpaG_mpaH,Six biosynthetic genes plus mpaF form the functional native cluster; silencing each gene causes a dramatic reduction in MPA production.,S003,,unreviewed
CF_e77366c9f490,M4-FUNG-0186,GENES_AND_MECHANISM,22,gene_or_mechanism_fact,mpaF,Inosine-5'-monophosphate dehydrogenase homolog with dual pathway/self-resistance role; native evidence supports protection against MPA as well as contribution to cluster function.,S003,,unreviewed
CF_24f2ee34accb,M4-FUNG-0186,GENES_AND_MECHANISM,23,activation_context_fact,activation_context,Native cheese-ripening strain produces MPA without an artificial activation switch; gene-silencing experiments diagnose pathway dependence rather than activation.,S003,,unreviewed
CF_638a4c477450,M4-FUNG-0186,GENES_AND_MECHANISM,24,experiment_or_measurement_fact,experiments_and_measurements,RNA silencing of each of seven genes caused dramatic reductions in MPA; exact fold changes vary by construct and are not transcribed here without figure-level extraction.,S003,,unreviewed
CF_f7e7fa3c6516,M4-FUNG-0186,GENES_AND_MECHANISM,25,biological_role_fact,biological_role,MPA is an immunosuppressive secondary metabolite and a relevant contaminant of blue-veined cheeses; mpaF provides fungal self-resistance.,S003,,unreviewed
CF_60804a79b819,M4-FUNG-0187,GENES_AND_MECHANISM,21,gene_or_mechanism_fact,tcpZ,Pathway transcription factor; overexpression activates the ETP-like locus.,S003,,unreviewed
CF_31c3147a3eec,M4-FUNG-0187,GENES_AND_MECHANISM,22,gene_or_mechanism_fact,tcp_P450_defect,Native P450 dysfunction blocks backbone hydroxylation required for canonical ETP progression.,S003,,unreviewed
CF_483c2afd18e4,M4-FUNG-0187,GENES_AND_MECHANISM,23,gene_or_mechanism_fact,sirC_rescue,A functional Leptosphaeria maculans SirC homolog restores the missing oxidation step in engineered strains and enables downstream clapurine characterization.,S003,,unreviewed
CF_a6150727e4fb,M4-FUNG-0187,GENES_AND_MECHANISM,24,activation_context_fact,activation_context,Artificial tcpZ overexpression is the access intervention; engineered rescue is tracked separately from wild-type chemistry.,S003,,unreviewed
CF_49b8858df325,M4-FUNG-0187,GENES_AND_MECHANISM,25,experiment_or_measurement_fact,experiments_and_measurements,"TF overexpression, intermediate isolation, heterologous P450 rescue and HRMS/MS; quantitative titers NR.",S003,,unreviewed
CF_9f5ae4709a27,M4-FUNG-0187,GENES_AND_MECHANISM,26,biological_role_fact,biological_role,Potential toxicological relevance of intact ETP-like chemistry in other strains is proposed; direct ecological or virulence function is UNCERTAIN.,S003,,unreviewed
CF_b9fa9b771299,M4-FUNG-0188,GENES_AND_MECHANISM,20,gene_or_mechanism_fact,cluster_architecture,Coherent echinocandin B cluster encoding the NRPS core plus homotyrosine- and lipid-tail-associated functions; exact gene-by-gene roles not all experimentally isolated in this strain.,S003,,unreviewed
CF_d8e1b8e707b6,M4-FUNG-0188,GENES_AND_MECHANISM,21,activation_context_fact,activation_context,Native production is growth-condition dependent; no single pathway-specific activation switch is established in the defining cluster paper.,S003,,unreviewed
CF_b4ba6e46da66,M4-FUNG-0188,GENES_AND_MECHANISM,22,experiment_or_measurement_fact,experiments_and_measurements,"Comparative genomics, sequence reassembly, PCR validation and historical radiolabelling/structure studies; pathway-study titers NR.",S003,,unreviewed
CF_67dce57c7788,M4-FUNG-0188,GENES_AND_MECHANISM,23,biological_role_fact,biological_role,Echinocandin B is an antifungal lipopeptide scaffold and industrial precursor to semisynthetic echinocandin drugs.,S003,,unreviewed
CF_448e145997de,M4-FUNG-0189,GENES_AND_MECHANISM,20,gene_or_mechanism_fact,PenI,Aromatic prenyltransferase catalyzing the first dimethylallylation of the quinolone scaffold.,S003,,unreviewed
CF_2ec420ae4b15,M4-FUNG-0189,GENES_AND_MECHANISM,21,gene_or_mechanism_fact,flavin_monooxygenase_step,Dehydrogenates the initial prenyl side chain to an aryl diene required for the second prenylation step.,S003,,unreviewed
CF_c8d97afeccc1,M4-FUNG-0189,GENES_AND_MECHANISM,22,gene_or_mechanism_fact,PenG,"Second aromatic prenyltransferase; uses the oxidized diene substrate to install another dimethylallyl unit, generating the unusual elongated isoprenoid architecture.",S003,,unreviewed
CF_c6efce641e1f,M4-FUNG-0189,GENES_AND_MECHANISM,23,activation_context_fact,activation_context,Native cluster was identified and interrogated by targeted gene disruption and enzyme assays; a distinct pathway-specific activation switch was NR.,S003,,unreviewed
CF_fdf01aa8110c,M4-FUNG-0189,GENES_AND_MECHANISM,24,experiment_or_measurement_fact,experiments_and_measurements,"Native mutants, purified-enzyme assays and LC-MS pathway mapping; exact production titers NR.",S003,,unreviewed
CF_b42b9f65cee2,M4-FUNG-0189,GENES_AND_MECHANISM,25,biological_role_fact,biological_role,Penigequinolones are reported insecticidal alkaloids; the direct ecological function of penigequinolone A in P. thymicola is UNCERTAIN.,S003,,unreviewed
CF_19e48a9bd87c,M4-FUNG-0190,GENES_AND_MECHANISM,21,gene_or_mechanism_fact,SdnA,"Diterpene cyclase converting geranylgeranyl diphosphate to cycloaraneosene, the 5/8/5 pathway intermediate.",S003,,unreviewed
CF_09fd517d5796,M4-FUNG-0190,GENES_AND_MECHANISM,22,gene_or_mechanism_fact,SdnJ,Glycosyltransferase converting sordaricin with GDP-6-deoxy-D-altrose to 4'-O-demethylsordarin.,S003,,unreviewed
CF_7d545522b588,M4-FUNG-0190,GENES_AND_MECHANISM,23,gene_or_mechanism_fact,SdnG,Diels–Alderase catalyzing the intramolecular cycloaddition that forges the rearranged sordarin core.,S004,,unreviewed
CF_ef5633c45a78,M4-FUNG-0190,GENES_AND_MECHANISM,24,activation_context_fact,activation_context,"Pathway was resolved through genome mining, enzyme assays and heterologous reconstruction rather than a discrete native activation switch.",S003; S004,,unreviewed
CF_296bcc200b84,M4-FUNG-0190,GENES_AND_MECHANISM,25,experiment_or_measurement_fact,experiments_and_measurements,"In-vitro enzyme assays, intermediate isolation and heterologous expression; exact native titers in the defining cluster studies NR.",S003; S004,,unreviewed
CF_b462ef46ff3b,M4-FUNG-0190,GENES_AND_MECHANISM,26,biological_role_fact,biological_role,Sordarin is an antifungal diterpene glycoside that inhibits fungal translation through elongation factor 2.,S004,,unreviewed
CF_03be734a0905,M4-FUNG-0191,GENES_AND_MECHANISM,21,gene_or_mechanism_fact,PtmE,Catalyzes the prenylation-initiated cationic cyclization that installs the bicyclo[3.2.0]heptane feature of the penitrem scaffold.,S003,,unreviewed
CF_ef432d9135da,M4-FUNG-0191,GENES_AND_MECHANISM,22,gene_or_mechanism_fact,PtmK_PtmU,P450 enzymes mediating key oxidative steps that build the characteristic tricyclic penitrem skeleton.,S003,,unreviewed
CF_76ad7bc5e710,M4-FUNG-0191,GENES_AND_MECHANISM,23,gene_or_mechanism_fact,PtmKULNJ,Sequential oxidative tailoring ensemble responsible for five later transformations in the reconstructed pathway.,S003,,unreviewed
CF_935e86c26187,M4-FUNG-0191,GENES_AND_MECHANISM,24,activation_context_fact,activation_context,Pathway was decoded by heterologous reconstitution rather than by a single native transcriptional activator; physiological activation conditions are NR.,S003,,unreviewed
CF_6dd4127d2ac6,M4-FUNG-0191,GENES_AND_MECHANISM,25,experiment_or_measurement_fact,experiments_and_measurements,A. oryzae heterologous reconstruction resolved 13 of 17 transformations; exact native production titers NR.,S003,,unreviewed
CF_af19ab9dea1f,M4-FUNG-0191,GENES_AND_MECHANISM,26,biological_role_fact,biological_role,Penitrem A is a tremorgenic indole-diterpene mycotoxin; direct ecological function of the complete penitrem family in this strain is UNCERTAIN.,S003,,unreviewed
CF_d85d483ae5d8,M4-FUNG-0192,GENES_AND_MECHANISM,20,gene_or_mechanism_fact,HR_PKS_hydrolase,Iterative highly reducing PKS with a supporting hydrolase forms the polyketide precursor feeding maleidride assembly.,S003,,unreviewed
CF_7f122dee3c27,M4-FUNG-0192,GENES_AND_MECHANISM,21,gene_or_mechanism_fact,citrate_processing,Two citrate-processing enzymes generate the maleic-anhydride-bearing precursor architecture.,S003,,unreviewed
CF_0b58794f04ff,M4-FUNG-0192,GENES_AND_MECHANISM,22,gene_or_mechanism_fact,KI_like_PEBP,"Two ketosteroid-isomerase-like proteins catalyze ring formation, assisted by PEBP-like proteins.",S003,,unreviewed
CF_346a89fea490,M4-FUNG-0192,GENES_AND_MECHANISM,23,activation_context_fact,activation_context,Producing versus nonproducing transcriptional states were used for cluster discovery; pathway causality was then tested genetically and heterologously.,S003,,unreviewed
CF_de0369d70718,M4-FUNG-0192,GENES_AND_MECHANISM,24,experiment_or_measurement_fact,experiments_and_measurements,"Native pks disruption and A. oryzae reconstruction of core, KI-like and PEBP components; quantitative titers NR in this dossier.",S003,,unreviewed
CF_e8c8c24fda7d,M4-FUNG-0192,GENES_AND_MECHANISM,25,biological_role_fact,biological_role,Maleidrides are bioactive fungal polyketides; specific ecological role of byssochlamic acid/agnestadride production in B. fulva is UNCERTAIN.,S003,,unreviewed
CF_e145d487e19a,M4-FUNG-0193,GENES_AND_MECHANISM,20,gene_or_mechanism_fact,PKS_component,Builds the aromatic polyketide-derived precursor used for downstream prenylation and reduction.,S003,,unreviewed
CF_8279f0680645,M4-FUNG-0193,GENES_AND_MECHANISM,21,gene_or_mechanism_fact,prenyltransferase,Installs the farnesyl substituent required before the terminal NRPS-like reduction step.,S003,,unreviewed
CF_d70d7b33390a,M4-FUNG-0193,GENES_AND_MECHANISM,22,gene_or_mechanism_fact,NRPS_like_reductase,Adenylation-domain-containing NRPS-like enzyme selectively accepts the farnesylated substrate and reduces the carboxylate to the aldehyde of LL-Z1272β.,S003,,unreviewed
CF_67e9ef919f78,M4-FUNG-0193,GENES_AND_MECHANISM,23,activation_context_fact,activation_context,Cluster was identified and reconstructed mechanistically; a distinct native pathway-specific activation switch is NR.,S003,,unreviewed
CF_20f65ff77955,M4-FUNG-0193,GENES_AND_MECHANISM,24,experiment_or_measurement_fact,experiments_and_measurements,Gene-cluster identification and biochemical pathway elucidation; exact native titers NR.,S003,,unreviewed
CF_69561c5b9b5f,M4-FUNG-0193,GENES_AND_MECHANISM,25,biological_role_fact,biological_role,LL-Z1272β is a pathway intermediate/precursor to diverse fungal meroterpenoids; a direct ecological role for the isolated metabolite in S. bisbyi is UNCERTAIN.,S003,,unreviewed
CF_6e31fc3f671f,M4-FUNG-0194,GENES_AND_MECHANISM,20,gene_or_mechanism_fact,ribosomal_precursor,Phomopsin belongs to a fungal cyclic RiPP/dikaritin pathway rather than an NRPS assembly line.,S003,,unreviewed
CF_dcf8601e994f,M4-FUNG-0194,GENES_AND_MECHANISM,21,gene_or_mechanism_fact,phomYc_phomYd_phomYe,Three UstYa-family proteins required for desaturation of amino-acid moieties; knockout of each establishes essential pathway function.,S004,,unreviewed
CF_0713a254fc9a,M4-FUNG-0194,GENES_AND_MECHANISM,22,gene_or_mechanism_fact,PhomM,"SAM-dependent alpha-N-methyltransferase converting phomopsin A to the N,N-dimethylated congener phomopsin E.",S003,,unreviewed
CF_0ac0eb4113cd,M4-FUNG-0194,GENES_AND_MECHANISM,23,activation_context_fact,activation_context,"Historical species-level culture work found strong dependence on static culture, medium composition, pH and temperature; these measurements are not transferred as locus-strain-specific evidence.",S005,,unreviewed
CF_3f881b85a072,M4-FUNG-0194,GENES_AND_MECHANISM,24,experiment_or_measurement_fact,experiments_and_measurements,Gene knockouts establish UstYa-family necessity. Historical P. leptostromiformis WA1515 stationary cultures produced about 75–150 mg/L phomopsin A with approximate optima pH 6 and 25 °C; no production was detected in shaken cultures. These values are retained as non-record-strain context.,S004; S005,,unreviewed
CF_71ed81983f70,M4-FUNG-0194,GENES_AND_MECHANISM,25,biological_role_fact,biological_role,Phomopsins are antimitotic mycotoxins associated with lupinosis and microtubule disruption.,S003; S004,,unreviewed
CF_ed3caaeb017a,M4-FUNG-0195,GENES_AND_MECHANISM,20,gene_or_mechanism_fact,inp_cluster,Cryptic NRPS-associated locus activated by serial replacement of native promoters with a regulatable promoter; activation yields fellutamide B.,S003,,unreviewed
CF_7009e7365f67,M4-FUNG-0195,GENES_AND_MECHANISM,21,gene_or_mechanism_fact,inpE,Cluster-encoded proteasome-subunit homolog; deletion during pathway activation demonstrates a self-resistance function against internally produced fellutamide B.,S003,,unreviewed
CF_61c34fd7dbcc,M4-FUNG-0195,GENES_AND_MECHANISM,22,activation_context_fact,activation_context,Native cluster resisted earlier expression attempts; serial promoter exchange was required to force access and reveal the pathway product.,S003,,unreviewed
CF_a04192d3683c,M4-FUNG-0195,GENES_AND_MECHANISM,23,experiment_or_measurement_fact,experiments_and_measurements,"Serial promoter replacements, metabolite detection/structure assignment, inpE deletion and pathway activation; exact production titer NR.",S003,,unreviewed
CF_8ab04bfa5631,M4-FUNG-0195,GENES_AND_MECHANISM,24,biological_role_fact,biological_role,Fellutamide B is a proteasome inhibitor; inpE provides pathway-linked producer self-resistance.,S003,,unreviewed
CF_b06c9b37e028,M4-FUNG-0196,GENES_AND_MECHANISM,21,gene_or_mechanism_fact,HR_PKS_core,Highly reducing fungal PKS generates the reduced polyketide precursor that feeds alpha-pyrone polyene assembly.,S003,,unreviewed
CF_f04ca28c22f5,M4-FUNG-0196,GENES_AND_MECHANISM,22,gene_or_mechanism_fact,tailoring_ensemble,Cluster enzymes convert the PKS-derived precursor through successive tailoring steps; two intermediates isolated during heterologous reconstruction constrain pathway order.,S003,,unreviewed
CF_5a810887440d,M4-FUNG-0196,GENES_AND_MECHANISM,23,activation_context_fact,activation_context,Cluster genes were expressed heterologously under controlled promoters in A. nidulans; a native pathway-specific activation switch in the source strain is NR.,S003,,unreviewed
CF_51c3717a3d5d,M4-FUNG-0196,GENES_AND_MECHANISM,24,experiment_or_measurement_fact,experiments_and_measurements,"Stepwise heterologous expression in A. nidulans, metabolite profiling and isolation of two pathway intermediates; exact native titers NR.",S003,,unreviewed
CF_f9ba93733170,M4-FUNG-0196,GENES_AND_MECHANISM,25,biological_role_fact,biological_role,Citreoviridin is a mycotoxin and F1-ATPase beta-subunit inhibitor that disrupts mitochondrial oxidative phosphorylation.,S003,,unreviewed
CF_42de9b618ef2,M4-FUNG-0197,GENES_AND_MECHANISM,22,gene_or_mechanism_fact,core_biosynthesis,Pro1 forms the protoilludene sesquiterpene scaffold from FPP; ArmB supplies the orsellinic-acid-derived polyketide component used in melleolide assembly.,S003,,unreviewed
CF_9c49fb84aa26,M4-FUNG-0197,GENES_AND_MECHANISM,23,gene_or_mechanism_fact,tailoring_and_regulation,The core neighbourhood encodes multiple oxidative tailoring enzymes. ArmH1–ArmH5 are actively transcribed extracluster FAD-dependent halogenases with overlapping ability to monochlorinate free melleolide substrates.,S003,,unreviewed
CF_235fd282ea75,M4-FUNG-0197,GENES_AND_MECHANISM,24,activation_context_fact,activation_context,A dedicated native pathway-specific activation switch was NR in the defining study; expression analysis demonstrated active transcription of multiple halogenase paralogs.,S003,,unreviewed
CF_dc0ee47603d7,M4-FUNG-0197,GENES_AND_MECHANISM,25,experiment_or_measurement_fact,experiments_and_measurements,"Cluster analysis, expression profiling and functional/biochemical testing of ArmH halogenases support pathway assignment; a record-strain production titer was NR.",S003,,unreviewed
CF_970432663020,M4-FUNG-0197,GENES_AND_MECHANISM,26,biological_role_fact,biological_role,Melleolides are bioactive Armillaria natural products; the native ecological role of the BGC and the specific contribution of halogenation in situ remain NR.,S003,,unreviewed
CF_9a63c219e58f,M4-FUNG-0197,GENES_AND_MECHANISM,27,gene_or_mechanism_fact,uncertainty_notes,Do not interpret chlorinated/brominated product labels as evidence that halogenase genes reside inside BGC0001401; the experimentally characterized ArmH enzymes are extracluster.,S001; S003,,unreviewed
CF_4d1f13ca14a3,M4-FUNG-0198,GENES_AND_MECHANISM,22,gene_or_mechanism_fact,core_biosynthesis,TpcC is the non-reducing PKS/atrochrysone-carboxylic-acid synthase; TpcB releases the PKS product. Deleting tpc-cluster core genes eliminates trypacidin.,S003; S004,,unreviewed
CF_08913e882eff,M4-FUNG-0198,GENES_AND_MECHANISM,23,gene_or_mechanism_fact,tailoring_and_regulation,TpcK/TpcL and methyltransferase/oxidoreductase steps elaborate the scaffold. Incomplete TpcK catalysis generates endocrocin as a shunt; ΔtpcK raises endocrocin nearly tenfold.,S003,,unreviewed
CF_8138b256b483,M4-FUNG-0198,GENES_AND_MECHANISM,24,activation_context_fact,activation_context,"Production is conidial/developmental and LaeA/BrlA-sensitive. A single-nucleotide insertion in the pathway PKS explains loss of trypacidin in a nonproducer, and CRISPR repair restores production.",S003; S005,,unreviewed
CF_b49b42a106c5,M4-FUNG-0198,GENES_AND_MECHANISM,25,experiment_or_measurement_fact,experiments_and_measurements,"Targeted deletions, HPLC metabolite profiling and CRISPR/Cas9 repair establish causality; ΔtpcK gives an approximately 10-fold endocrocin increase.",S003; S005,,unreviewed
CF_042f0f1e53af,M4-FUNG-0198,GENES_AND_MECHANISM,26,biological_role_fact,biological_role,Trypacidin is conidia-associated and antiphagocytic; it is also toxic to pulmonary/bronchial epithelial cells. These host-interaction effects are distinct from the endocrocin shunt phenotype.,S004,,unreviewed
CF_30018c6944dc,M4-FUNG-0198,GENES_AND_MECHANISM,27,gene_or_mechanism_fact,uncertainty_notes,"The tpc and enc clusters both make endocrocin, but only the tpc pathway is required for trypacidin; shared endocrocin output must not be interpreted as duplicate trypacidin causality.",S003,,unreviewed
CF_6029b9b76827,M4-FUNG-0199,GENES_AND_MECHANISM,22,gene_or_mechanism_fact,core_biosynthesis,SorA/Pks13 is a highly reducing PKS and SorB a non-reducing PKS; both are required to generate sorbicillin/dihydrosorbicillin pathway intermediates.,S003; S004,,unreviewed
CF_ba0aceac9c22,M4-FUNG-0199,GENES_AND_MECHANISM,23,gene_or_mechanism_fact,tailoring_and_regulation,"SorC is a FAD-dependent monooxygenase producing (dihydro)sorbicillinol; SorD is an oxidoreductase leading to oxosorbicillinol. SorR1 activates transcription, while SorR2 controls sorR1; SorT is an MFS transporter.",S004,,unreviewed
CF_471c5561ded0,M4-FUNG-0199,GENES_AND_MECHANISM,24,activation_context_fact,activation_context,"Classical strain improvement mutated/silenced pks13; repairing the mutation restored production. Sorbicillinoids themselves stimulate pathway transcription, providing metabolite autoinduction.",S003; S004,,unreviewed
CF_a87a6fab4fee,M4-FUNG-0199,GENES_AND_MECHANISM,25,experiment_or_measurement_fact,experiments_and_measurements,"pks13 repair, targeted gene deletions, regulator overexpression and metabolite profiling establish the pathway; exact atlas-normalized native titer is NR.",S003; S004,,unreviewed
CF_b4c9e040b32b,M4-FUNG-0199,GENES_AND_MECHANISM,26,biological_role_fact,biological_role,"Sorbicillinoids have reported antiviral, anti-inflammatory and antimicrobial activities; their native ecological function in Wisconsin 54-1255 is NR.",S003,,unreviewed
CF_55c5bd3b52b0,M4-FUNG-0199,GENES_AND_MECHANISM,27,gene_or_mechanism_fact,uncertainty_notes,"Penicillium chrysogenum in the defining papers is the historical name used for the Wisconsin lineage now represented in the canonical source as P. rubens; this is nomenclatural provenance, not evidence from another strain.",S002; S003,,unreviewed
CF_148fd9ac3b99,M4-FUNG-0200,GENES_AND_MECHANISM,22,gene_or_mechanism_fact,core_biosynthesis,CazM is the non-reducing PKS and CazF the highly reducing PKS; CazF acts both sequentially and convergently with CazM-derived intermediates to build the azaphilone scaffold.,S003,,unreviewed
CF_cf5784044f44,M4-FUNG-0200,GENES_AND_MECHANISM,23,gene_or_mechanism_fact,tailoring_and_regulation,CazE acyltransferase partners with CazF in reconstitution. Post-PKS redox enzymes including CazL and CazP show substrate promiscuity and expand chlorinated/nonchlorinated chaetoviridin diversity.,S003; S004,,unreviewed
CF_cf5c911c611f,M4-FUNG-0200,GENES_AND_MECHANISM,24,activation_context_fact,activation_context,A dedicated native pathway-specific transcriptional activation switch was NR in the defining mechanistic work; pathway access was resolved primarily by gene inactivation and biochemical reconstitution.,S003,,unreviewed
CF_2fb3a1d4cefa,M4-FUNG-0200,GENES_AND_MECHANISM,25,experiment_or_measurement_fact,experiments_and_measurements,"Targeted caz-gene deletions, LC-MS and in-vitro reconstitution establish pathway order; ΔcazF and ΔcazM abolish the principal azaphilone products. Native titers were NR in atlas-compatible units.",S003,,unreviewed
CF_26daee852590,M4-FUNG-0200,GENES_AND_MECHANISM,26,biological_role_fact,biological_role,Chaetoviridins/chaetomugilins are bioactive azaphilones; a specific native ecological function for this C. globosum locus is NR.,S003,,unreviewed
CF_620a61fc964e,M4-FUNG-0200,GENES_AND_MECHANISM,27,gene_or_mechanism_fact,uncertainty_notes,"MIBiG names selected products, whereas the caz cluster produces a broader family; product-family chemistry should not be collapsed to a single terminal metabolite.",S001; S003; S004,,unreviewed
CF_ebccf4ee88ea,M4-FUNG-0201,GENES_AND_MECHANISM,22,gene_or_mechanism_fact,core_biosynthesis,"The cluster contains hybrid PKS-NRPS AFLA_066840 as the principal scaffold-forming megasynthase. Cluster-level causality is strong, while not every enzyme-to-step assignment was directly purified and reconstructed in the defining study.",S003,,unreviewed
CF_d882ff6affd9,M4-FUNG-0201,GENES_AND_MECHANISM,23,gene_or_mechanism_fact,tailoring_and_regulation,"AFLA_066900/LepE is a Zn(II)2Cys6 transcription factor: lepE inactivation down-regulates nine predicted cluster genes and overexpression up-regulates eight, functionally delineating the pathway.",S003,,unreviewed
CF_c803f3c399cd,M4-FUNG-0201,GENES_AND_MECHANISM,24,activation_context_fact,activation_context,"LepE overexpression activates the otherwise weakly accessed cluster, yielding orange-red hyphae and detectable leporin B plus the dehydroxy precursor leporin C.",S003,,unreviewed
CF_8943f57a05ca,M4-FUNG-0201,GENES_AND_MECHANISM,25,experiment_or_measurement_fact,experiments_and_measurements,"Transcription-factor inactivation/overexpression, high-resolution MS and structural analysis support pathway access; OE::lepE reduces conidia and sclerotia. A standardized production titer was NR.",S003,,unreviewed
CF_b0e0c555d4ad,M4-FUNG-0201,GENES_AND_MECHANISM,26,biological_role_fact,biological_role,Leporin B forms a distinctive trimeric iron complex with antiinsectan/antifeedant properties; forced production also disrupts normal developmental output.,S003,,unreviewed
CF_56a6674575a1,M4-FUNG-0201,GENES_AND_MECHANISM,27,gene_or_mechanism_fact,uncertainty_notes,Cluster activation and product assignment are direct; individual tailoring reactions should not be promoted to direct biochemical evidence unless separately tested.,S003,,unreviewed
CF_7d3d53183ca9,M4-FUNG-0202,GENES_AND_MECHANISM,22,gene_or_mechanism_fact,core_biosynthesis,Pks27/AFLA_082150 is required for asparasone A and related sclerotial anthraquinones; Δpks27 produces greyish-yellow rather than dark brown sclerotia.,S003; S004,,unreviewed
CF_bd742d945fd4,M4-FUNG-0202,GENES_AND_MECHANISM,23,gene_or_mechanism_fact,tailoring_and_regulation,VeA acts upstream as a developmental/global regulator: veA mutation strongly down-regulates pks27. Exact downstream enzyme-to-anthraquinone tailoring assignments remain incompletely resolved in the defining work.,S003,,unreviewed
CF_47aece66c960,M4-FUNG-0202,GENES_AND_MECHANISM,24,activation_context_fact,activation_context,"The pathway is sclerotium-specific and VeA-dependent; conidial pigmentation is unaffected by pks27 loss, separating this programme from canonical conidial melanization.",S003,,unreviewed
CF_9818b98a8871,M4-FUNG-0202,GENES_AND_MECHANISM,25,experiment_or_measurement_fact,experiments_and_measurements,"pks27 inactivation, TLC/MS and comparative metabolomics identify four wild-type-specific anthraquinones including asparasone A; mutant sclerotia are significantly less resistant to insects, UV and heat. Exact normalized effect sizes are NR here.",S003; S004,,unreviewed
CF_deec49a42a07,M4-FUNG-0202,GENES_AND_MECHANISM,26,biological_role_fact,biological_role,Asparasone-family pigments protect A. flavus sclerotia from biotic predation and abiotic UV/heat stress.,S003,,unreviewed
CF_2b2d6711a320,M4-FUNG-0202,GENES_AND_MECHANISM,27,gene_or_mechanism_fact,uncertainty_notes,"The protective phenotype is directly associated with pks27-derived anthraquinone pigmentation, but the contribution of each individual congener is not separately resolved.",S003; S004,,unreviewed
CF_e36691d155dd,M4-FUNG-0203,GENES_AND_MECHANISM,22,gene_or_mechanism_fact,core_biosynthesis,"UcsA is the PKS-NRPS assembly line and UcsL its trans-enoyl reductase partner; the NRPS module incorporates (2S,3S)-3-methylproline derived from L-isoleucine.",S003,,unreviewed
CF_7629b1494a3b,M4-FUNG-0203,GENES_AND_MECHANISM,23,gene_or_mechanism_fact,tailoring_and_regulation,"UcsH functions in trans-decalin-forming cyclization; UcsG supports methylproline supply, while UcsK/UcsF and other redox enzymes drive oxidation and furopyrrolizidine maturation.",S003,,unreviewed
CF_83302ee47a7a,M4-FUNG-0203,GENES_AND_MECHANISM,24,activation_context_fact,activation_context,Constitutive overexpression of the cluster regulator UcsR activated the silent/low-access pathway in the thermophilic host and yielded UCS1025A at approximately 200 mg/L.,S003,,unreviewed
CF_2ec153d2fc03,M4-FUNG-0203,GENES_AND_MECHANISM,25,experiment_or_measurement_fact,experiments_and_measurements,"UcsR activation, ΔucsA loss-of-production, isotope/feeding logic and biochemical genetics resolve the pathway; activated strain MT18 produced ~200 mg/L UCS1025A.",S003,,unreviewed
CF_580944a14d4d,M4-FUNG-0203,GENES_AND_MECHANISM,26,biological_role_fact,biological_role,UCS1025A is a strong telomerase-inhibitory natural product; the native ecological function of this pathway in T. thermophilus is NR.,S003,,unreviewed
CF_0999ccd7102c,M4-FUNG-0203,GENES_AND_MECHANISM,27,gene_or_mechanism_fact,uncertainty_notes,"The original UCS1025A-producing strain Acremonium sp. KY4917 aided pathway discovery, but the functional activation/engineering evidence encoded here comes from the thermophilic host; these organism contexts are kept separate.",S003,,unreviewed
CF_ec97c4100ec7,M4-FUNG-0204,GENES_AND_MECHANISM,22,gene_or_mechanism_fact,core_biosynthesis,Mac-cluster genetics identify MacA-dependent pathway chemistry; macR overexpression was used to increase access and ΔmacA abolishes the relevant product profile.,S003,,unreviewed
CF_6fe4879b4973,M4-FUNG-0204,GENES_AND_MECHANISM,23,gene_or_mechanism_fact,tailoring_and_regulation,MacJ is a membrane-bound type-II terpene cyclase that protonates the terminal olefin of acyclic meroterpenoid substrates and triggers late-stage cyclization; it shows useful substrate promiscuity.,S003,,unreviewed
CF_fb072dbb42dd,M4-FUNG-0204,GENES_AND_MECHANISM,24,activation_context_fact,activation_context,Experimental macR overexpression was used to activate/enhance the pathway for genetic analysis; this is an engineered access condition rather than a demonstrated native ecological switch.,S003,,unreviewed
CF_b2281db54a3b,M4-FUNG-0204,GENES_AND_MECHANISM,25,experiment_or_measurement_fact,experiments_and_measurements,"HPLC of wild type, macR-overexpression, ΔmacA and ΔmacJ strains plus yeast-microsome/in-vitro MacJ assays establish late cyclization. Standardized native titer was NR.",S003,,unreviewed
CF_2be949163ea0,M4-FUNG-0204,GENES_AND_MECHANISM,26,biological_role_fact,biological_role,Macrophorins are bioactive isoprenoid epoxycyclohexenones; a specific native ecological function of the retired record is NR.,S003,,unreviewed
CF_32b465f23f1c,M4-FUNG-0204,GENES_AND_MECHANISM,27,gene_or_mechanism_fact,uncertainty_notes,Do not merge retired BGC0001450 automatically with later active macrophorin records; the later mechanistic paper is used to interpret pathway architecture while retaining accession-level provenance.,S001; S003; S004,,unreviewed
CF_5751fe39b6e3,M4-FUNG-0205,GENES_AND_MECHANISM,22,gene_or_mechanism_fact,core_biosynthesis,The pathway’s unusual megasynthase is an iterative PKS linked to a noncanonical condensation-domain module; the PKS builds a reduced long-chain polyketide that is handed to the C-domain chemistry.,S003,,unreviewed
CF_5df8bbc13b3b,M4-FUNG-0205,GENES_AND_MECHANISM,23,gene_or_mechanism_fact,tailoring_and_regulation,The truncated C domain is a bona fide condensation catalyst rather than a vestigial remnant: it recognizes 5-aminopentanoic acid and catalyzes amidation/release to generate wortmanamide-family products.,S003,,unreviewed
CF_f8359c944947,M4-FUNG-0205,GENES_AND_MECHANISM,24,activation_context_fact,activation_context,The pathway was accessed through genome-mining-guided experimental characterization; a dedicated native pathway-specific transcriptional switch was NR in the defining study.,S003,,unreviewed
CF_1e1f6a60b1a7,M4-FUNG-0205,GENES_AND_MECHANISM,25,experiment_or_measurement_fact,experiments_and_measurements,"Genome mining, structural characterization and direct functional analysis of the unusual C domain establish substrate selection and condensation chemistry. A record-strain production titer was NR.",S003,,unreviewed
CF_ef33b8f3adfb,M4-FUNG-0205,GENES_AND_MECHANISM,26,biological_role_fact,biological_role,"Wortmanamides resemble long-chain N-acyl-amide signaling lipids structurally, but a native receptor-mediated signaling role in T. wortmannii has not been demonstrated; ecological function is NR.",S003,,unreviewed
CF_48edea889bb4,M4-FUNG-0205,GENES_AND_MECHANISM,27,gene_or_mechanism_fact,uncertainty_notes,"The primary paper discusses a wortmanamide family, whereas the historical MIBiG record names wortmanamide singular. Family-level chemistry is preserved without inflating the retired record to products not explicitly assigned there.",S001; S003,,unreviewed
CF_baa5102c1e2e,M4-FUNG-0206,GENES_AND_MECHANISM,22,gene_or_mechanism_fact,core_biosynthesis,AstA is the pathway terpene cyclase. AstB and AstC are cytochrome P450 monooxygenases that sequentially oxidize the AstA-derived scaffold to aspterric acid.,S003,,unreviewed
CF_2969fdec5da3,M4-FUNG-0206,GENES_AND_MECHANISM,23,gene_or_mechanism_fact,tailoring_and_regulation,"AstD is not a tailoring enzyme: it is a pathway-linked, aspterric-acid-resistant dihydroxy-acid dehydratase that supplies self-resistance to the metabolite’s molecular target.",S003,,unreviewed
CF_b574bfa6e108,M4-FUNG-0206,GENES_AND_MECHANISM,24,activation_context_fact,activation_context,The pathway was reconstructed under engineered expression in Saccharomyces cerevisiae; a native pathway-specific activation switch in A. terreus was NR in the defining study.,S003,,unreviewed
CF_8721c47956a8,M4-FUNG-0206,GENES_AND_MECHANISM,25,experiment_or_measurement_fact,experiments_and_measurements,"AstA+AstB produce an oxidized intermediate, and AstA–AstC reconstitution in yeast yields aspterric acid at about 20 mg/L. Target assays show sub-micromolar inhibition of sensitive plant DHAD, while AstD confers resistance.",S003,,unreviewed
CF_d088f497ac15,M4-FUNG-0206,GENES_AND_MECHANISM,26,biological_role_fact,biological_role,Aspterric acid is a herbicidal natural product targeting dihydroxy-acid dehydratase in branched-chain amino-acid biosynthesis; AstD protects the producing pathway from that same target mechanism.,S003,,unreviewed
CF_d1f38dbc96aa,M4-FUNG-0206,GENES_AND_MECHANISM,27,gene_or_mechanism_fact,uncertainty_notes,"The functional four-gene programme is strongly resolved, but the database display, canonical seed and ~17-kb experimentally described neighbourhood do not coincide exactly; completeness is therefore not inferred beyond MIBiG’s unknown designation.",S001; S003,,unreviewed
CF_cdc7556ed65e,M4-FUNG-0207,GENES_AND_MECHANISM,21,gene_or_mechanism_fact,core_biosynthesis,FFUJ_10353 is the evidence gene associated with alpha-acorenol; knockout and engineered production were used to identify sesquiterpene-synthase products.,S001; S003,,unreviewed
CF_0c23b4ac8e3f,M4-FUNG-0207,GENES_AND_MECHANISM,22,gene_or_mechanism_fact,tailoring_and_regulation,NR,S003,,unreviewed
CF_cf999e13829f,M4-FUNG-0207,GENES_AND_MECHANISM,23,activation_context_fact,activation_context,Engineered production optimization was used; native pathway-specific activation was NR.,S003,,unreviewed
CF_1cc5d5bf6fa4,M4-FUNG-0207,GENES_AND_MECHANISM,24,experiment_or_measurement_fact,experiments_and_measurements,"Gene knockout, genetic engineering, isolation and spectroscopic structure elucidation; alpha-acorenol titer NR in accessible defining abstract.",S003,,unreviewed
CF_052e575e5df7,M4-FUNG-0207,GENES_AND_MECHANISM,25,biological_role_fact,biological_role,NR,S003,,unreviewed
CF_b4dc1522e7d2,M4-FUNG-0207,GENES_AND_MECHANISM,26,gene_or_mechanism_fact,uncertainty_notes,The broader current display is not treated as a demonstrated multi-gene pathway; completeness remains unknown.,S001; S003,,unreviewed
CF_43e135f92d9b,M4-FUNG-0208,GENES_AND_MECHANISM,21,gene_or_mechanism_fact,core_biosynthesis,"cu-pks-4 is a transcribed iterative type I nonreducing PKS with SAT, KS, AT, PT, tandem ACP and TE architecture; pathway chemistry was inferred rather than functionally reconstituted.",S003,,unreviewed
CF_33bf8ac9ccd9,M4-FUNG-0208,GENES_AND_MECHANISM,22,gene_or_mechanism_fact,tailoring_and_regulation,"Predicted neighboring FAD-binding monooxygenase, PKS-like KR-DH protein, halogenase and O-methyltransferase form a proposed isocoumarin-tailoring set based mainly on homology.",S003,,unreviewed
CF_09319579e99a,M4-FUNG-0208,GENES_AND_MECHANISM,23,activation_context_fact,activation_context,cu-pks-4 transcription was detected in lichen material; no pathway-specific activation switch was demonstrated.,S003,,unreviewed
CF_571832d3d2a5,M4-FUNG-0208,GENES_AND_MECHANISM,24,experiment_or_measurement_fact,experiments_and_measurements,"Degenerate-PCR discovery, cDNA transcription test, genome annotation and homology analysis. No matching pathway metabolite was detected; defining authors stated functional expression was needed for final confirmation.",S003,,unreviewed
CF_dfef140d4c8b,M4-FUNG-0208,GENES_AND_MECHANISM,25,biological_role_fact,biological_role,NR,S003,,unreviewed
CF_75e4e20778b2,M4-FUNG-0208,GENES_AND_MECHANISM,26,gene_or_mechanism_fact,uncertainty_notes,"MIBiG labels 6-hydroxymellein, but the defining study did not experimentally demonstrate production by this locus; causal product attribution remains UNCERTAIN.",S001; S003,,unreviewed
CF_a605c5e774d7,M4-FUNG-0209,GENES_AND_MECHANISM,21,gene_or_mechanism_fact,core_biosynthesis,"Ten functional genes adrA and adrC-adrK were individually silenced; each silencing construct significantly reduced andrastin A, supporting cluster-wide pathway membership. adrB is a residual pseudogene relative to the homologous Penicillium pathway.",S003,,unreviewed
CF_053c8221c9b8,M4-FUNG-0209,GENES_AND_MECHANISM,22,gene_or_mechanism_fact,tailoring_and_regulation,"AdrC is an MFS transporter required for normal production, but silencing did not support a simple secretion-only role; remaining Adr proteins constitute biosynthetic and tailoring functions.",S003,,unreviewed
CF_413f98ee1e68,M4-FUNG-0209,GENES_AND_MECHANISM,23,activation_context_fact,activation_context,Native pathway-specific activator NR in the defining study; the native producing strain was interrogated by targeted RNA silencing.,S003,,unreviewed
CF_b5155b3147cb,M4-FUNG-0209,GENES_AND_MECHANISM,24,experiment_or_measurement_fact,experiments_and_measurements,"RNA-mediated silencing of all ten functional adr genes, metabolite and transcript analyses; andrastin-A reductions were significant at P<0.05 in replicated experiments.",S003,,unreviewed
CF_86f6048e17e6,M4-FUNG-0209,GENES_AND_MECHANISM,25,biological_role_fact,biological_role,NR,S003,,unreviewed
CF_4feeb39f4a8b,M4-FUNG-0209,GENES_AND_MECHANISM,26,gene_or_mechanism_fact,uncertainty_notes,Completeness remains unknown and not every Adr enzyme-to-step assignment has direct biochemical reconstitution; genetic pathway membership and enzyme chemistry are graded separately.,S001; S003,,unreviewed
CF_c6fa333875a0,M4-FUNG-0210,GENES_AND_MECHANISM,21,gene_or_mechanism_fact,core_biosynthesis,atnA encodes a six-module NRPS with terminal reductase; ΔatnA abolishes aspercryptins. atnF/atnM encode dedicated FAS components; ΔatnF abolishes production and is chemically rescued by octanoic plus dodecanoic acids.,S003,,unreviewed
CF_def8b9894ac9,M4-FUNG-0210,GENES_AND_MECHANISM,22,gene_or_mechanism_fact,tailoring_and_regulation,"atnN is a cluster transcription factor; overexpression approximately doubled aspercryptin A1. The 14-gene program also encodes aminotransferases, P450/oxidoreductase and transport/resistance functions.",S003,,unreviewed
CF_c71a3f768744,M4-FUNG-0210,GENES_AND_MECHANISM,23,activation_context_fact,activation_context,Partial knockdown of histone deacetylase RpdA activated the locus and increased a family of 15 aspercryptins by up to approximately 100-fold.,S003,,unreviewed
CF_110c6ad6db8c,M4-FUNG-0210,GENES_AND_MECHANISM,24,experiment_or_measurement_fact,experiments_and_measurements,"Chromatin perturbation, gene deletion, transcription-factor overexpression, precursor feeding/rescue and LC-MS/NMR. Key quantitative anchors: up to ~100-fold RpdA-dependent induction; ~2-fold aspercryptin A1 increase with atnN overexpression.",S003,,unreviewed
CF_2dcb1355c8b3,M4-FUNG-0210,GENES_AND_MECHANISM,25,biological_role_fact,biological_role,NR,S003,,unreviewed
CF_987cbdce37be,M4-FUNG-0210,GENES_AND_MECHANISM,26,gene_or_mechanism_fact,uncertainty_notes,Current MIBiG display is broader than the seed evidence interval and completeness is unknown; untested tailoring assignments remain annotation-level.,S001; S003,,unreviewed
CF_63cc6f6791be,M4-FUNG-0211,GENES_AND_MECHANISM,21,gene_or_mechanism_fact,core_biosynthesis,"asaC encodes the NRPS-like core biosynthetic enzyme; ΔasaC eliminates aspergillic acid and its pathway precursors, directly anchoring scaffold formation.",S003,,unreviewed
CF_6ebf01adff15,M4-FUNG-0211,GENES_AND_MECHANISM,22,gene_or_mechanism_fact,tailoring_and_regulation,"Targeted oxidative-enzyme knockouts resolve later steps: a P450-deficient mutant accumulates deoxyaspergillic acid, while disruption of desaturase/hydroxylase functions blocks hydroxyaspergillic-acid formation. Hydroxamate chemistry supports ferriaspergillin formation by iron binding.",S003,,unreviewed
CF_65a959ae05bf,M4-FUNG-0211,GENES_AND_MECHANISM,23,activation_context_fact,activation_context,A dedicated native pathway activation switch was NR in the defining study; the native producing strain was interrogated through targeted gene deletion.,S003,,unreviewed
CF_b679dd6f11b9,M4-FUNG-0211,GENES_AND_MECHANISM,24,experiment_or_measurement_fact,experiments_and_measurements,Seven predicted pathway genes were knocked out and analyzed by metabolite profiling; pathway mutants also showed impaired growth and reduced aflatoxin B1/cyclopiazonic-acid accumulation during maize-associated assays.,S003,,unreviewed
CF_38c90d87cca8,M4-FUNG-0211,GENES_AND_MECHANISM,25,biological_role_fact,biological_role,Iron-chelating hydroxamate chemistry is directly supported; the native ecological contribution beyond iron complexation is UNCERTAIN.,S003,,unreviewed
CF_13324ad98013,M4-FUNG-0211,GENES_AND_MECHANISM,26,gene_or_mechanism_fact,uncertainty_notes,Lower aflatoxin B1 and cyclopiazonic acid in pathway mutants coincided with reduced growth; these changes are not encoded as direct asa-cluster cross-regulation. MIBiG completeness remains unknown.,S001; S003,,unreviewed
CF_089753086265,M4-FUNG-0212,GENES_AND_MECHANISM,21,gene_or_mechanism_fact,core_biosynthesis,"Direct pathway genetics were obtained in Penicillium brevicompactum: deletion of either ApmA or ApmB abolished asperphenamate, and coexpression of both genes in A. nidulans was sufficient for production. A. terreus carries homologous NRPS genes, but these experiments are not strain-specific evidence for BGC0001517.",S003,,unreviewed
CF_eba54de6bff3,M4-FUNG-0212,GENES_AND_MECHANISM,22,gene_or_mechanism_fact,tailoring_and_regulation,ApmA is a reductase-terminating NRPS that generates a dipeptidyl alcohol; ApmB accepts the linear precursor and catalyzes intermolecular ester formation to assemble asperphenamate. These functions are experimentally supported in the P. brevicompactum system.,S003,,unreviewed
CF_d50b195dd848,M4-FUNG-0212,GENES_AND_MECHANISM,23,activation_context_fact,activation_context,A pathway-specific activation mechanism for the exact A. terreus NIH2624 record is NR; heterologous A. nidulans coexpression demonstrates pathway sufficiency for the homologous ApmA/ApmB pair.,S003,,unreviewed
CF_527e1f0aac87,M4-FUNG-0212,GENES_AND_MECHANISM,24,experiment_or_measurement_fact,experiments_and_measurements,"P. brevicompactum gene disruption, precursor feeding, stable-isotope labeling, metabolite structure analysis and A. nidulans heterologous reconstruction resolve the two-NRPS pathway.",S003,,unreviewed
CF_1523e717672a,M4-FUNG-0212,GENES_AND_MECHANISM,25,biological_role_fact,biological_role,NR,S003,,unreviewed
CF_73f2478d7a99,M4-FUNG-0212,GENES_AND_MECHANISM,26,gene_or_mechanism_fact,uncertainty_notes,"The exact MIBiG organism is A. terreus NIH2624, whereas direct ApmA/ApmB causality is from P. brevicompactum. Homologous-pathway evidence is retained as relationship evidence only; direct A. terreus locus causality remains UNCERTAIN.",S001; S002; S003,,unreviewed
CF_404304644fe1,M4-FUNG-0213,GENES_AND_MECHANISM,21,gene_or_mechanism_fact,core_biosynthesis,"AstC cyclizes FPP to drimanyl diphosphate; AstI and AstK successively dephosphorylate it to drim-8-ene-11-ol. AstA, an NRPS-like enzyme, esterifies the drimane alcohol with aryl-acid building blocks.",S003,,unreviewed
CF_fcb08b60f7ad,M4-FUNG-0213,GENES_AND_MECHANISM,22,gene_or_mechanism_fact,tailoring_and_regulation,A 12-gene disruption series in an activated background maps additional pathway functions; purified-enzyme assays directly support the core terpene and esterification steps while other tailoring assignments retain gene-phenotype rather than complete enzyme-level resolution.,S003,,unreviewed
CF_1f8e5b4e8565,M4-FUNG-0213,GENES_AND_MECHANISM,23,activation_context_fact,activation_context,"Disruption of cclA or sppA, components affecting H3K4 methylation state, derepresses astellolide production. This is a chromatin-access intervention rather than a dedicated native pathway-specific switch.",S003,,unreviewed
CF_f4e6ecd46576,M4-FUNG-0213,GENES_AND_MECHANISM,24,experiment_or_measurement_fact,experiments_and_measurements,"Chromatin regulator disruption, qRT-PCR/metabolomics, 12 targeted pathway-gene disruptions, purified-enzyme assays, HPLC and GC-MS/NMR were combined to map the pathway.",S003,,unreviewed
CF_4fb7664ddc97,M4-FUNG-0213,GENES_AND_MECHANISM,25,biological_role_fact,biological_role,NR,S003,,unreviewed
CF_83d1669c52de,M4-FUNG-0213,GENES_AND_MECHANISM,26,gene_or_mechanism_fact,uncertainty_notes,MIBiG completeness remains unknown and the current display exceeds the seed interval; cclA/sppA are global chromatin regulators and are not encoded as dedicated astellolide genes.,S001; S003,,unreviewed
CF_f1a3273ea18f,M4-FUNG-0214,GENES_AND_MECHANISM,21,gene_or_mechanism_fact,core_biosynthesis,The defining study identifies a highly conserved Basidiomycota nonribosomal peptide synthetase associated with biosynthesis of the trimeric hydroxamate siderophore basidioferrin.,S003,,unreviewed
CF_824f80dc7cf5,M4-FUNG-0214,GENES_AND_MECHANISM,22,gene_or_mechanism_fact,tailoring_and_regulation,Additional enzyme-to-step assignments beyond the experimentally characterized siderophore system are NR/UNCERTAIN and are not inferred from orthologs alone.,S003,,unreviewed
CF_76e2aded42bd,M4-FUNG-0214,GENES_AND_MECHANISM,23,activation_context_fact,activation_context,Iron availability is the relevant physiological context for siderophore function; a dedicated pathway-specific activation switch in this exact record was NR.,S003,,unreviewed
CF_2aa5365e5bff,M4-FUNG-0214,GENES_AND_MECHANISM,24,experiment_or_measurement_fact,experiments_and_measurements,The defining study combined comparative genomics with experimental characterization of the conserved siderophore system and basidioferrin product; no unsupported quantitative yield is inferred here.,S003,,unreviewed
CF_f75c9feb15e9,M4-FUNG-0214,GENES_AND_MECHANISM,25,biological_role_fact,biological_role,Iron acquisition via hydroxamate siderophore chemistry.,S003,,unreviewed
CF_0b03f008dff4,M4-FUNG-0214,GENES_AND_MECHANISM,26,gene_or_mechanism_fact,uncertainty_notes,"MIBiG completeness is unknown. Conservation across Basidiomycota is retained as comparative context, not as direct strain-specific evidence for every orthologous gene function.",S001; S003,,unreviewed
CF_dc40b324b5d1,M4-FUNG-0215,GENES_AND_MECHANISM,21,gene_or_mechanism_fact,core_biosynthesis,BtcA is a bifunctional sesterterpene synthase: its C-terminal prenyltransferase generates geranylfarnesyl diphosphate and its N-terminal terpene cyclase forms the betaestacin-I scaffold.,S003,,unreviewed
CF_201515e6210b,M4-FUNG-0215,GENES_AND_MECHANISM,22,gene_or_mechanism_fact,tailoring_and_regulation,"BtcB, a cytochrome P450, catalyzes extensive oxidative conversion toward betaestacin II. BtcC (P450) and BtcD (2-oxoglutarate-dependent dioxygenase) belong to the four-gene locus, but their exact product-forming roles are less completely resolved and remain UNCERTAIN here.",S003,,unreviewed
CF_f5c1632a3991,M4-FUNG-0215,GENES_AND_MECHANISM,23,activation_context_fact,activation_context,The cryptic pathway was functionally accessed by heterologous expression in Aspergillus oryzae; a dedicated native pathway activation switch in the source fungus was NR.,S003,,unreviewed
CF_1d0388164f07,M4-FUNG-0215,GENES_AND_MECHANISM,24,experiment_or_measurement_fact,experiments_and_measurements,"Genome mining, heterologous expression of scaffold and oxidation genes, product isolation, MS/NMR and comparison with a homologous Colletotrichum orbiculare sesterterpene cluster resolved scaffold formation and oxidative diversification.",S003,,unreviewed
CF_dcf3cf5722d8,M4-FUNG-0215,GENES_AND_MECHANISM,25,biological_role_fact,biological_role,NR,S003,,unreviewed
CF_f137af0bb965,M4-FUNG-0215,GENES_AND_MECHANISM,26,gene_or_mechanism_fact,uncertainty_notes,"Historical genus naming differs from current Neocamarosporium nomenclature. Completeness remains unknown, and BtcC/BtcD functions are not promoted beyond the experimental resolution of the defining studies.",S001; S002; S003,,unreviewed
CF_8e104fb62ad2,M4-FUNG-0216,GENES_AND_MECHANISM,21,gene_or_mechanism_fact,core_biosynthesis,CbCTB1 is the nonreducing PKS that anchors cercosporin perylenequinone assembly. The historical CTB1-CTB8 model captures the core locus but is insufficient to represent all experimentally required biosynthetic functions.,S003,,unreviewed
CF_baff4bd0706f,M4-FUNG-0216,GENES_AND_MECHANISM,22,gene_or_mechanism_fact,tailoring_and_regulation,"Functional expansion identified four additional required genes and a cercosporin facilitator/self-protection factor; late enzymes complete methylenedioxy-bridge formation. CTB2 O-methyltransferase disruption abolishes cercosporin, while CTB8 is a pathway-associated transcription factor.",S003,,unreviewed
CF_56e8a849187e,M4-FUNG-0216,GENES_AND_MECHANISM,23,activation_context_fact,activation_context,Cercosporin production is light responsive and condition dependent; CTB8 contributes pathway transcriptional control. Environmental regulation is retained separately from gene-to-step biosynthetic causality.,S003,,unreviewed
CF_4b86872acb41,M4-FUNG-0216,GENES_AND_MECHANISM,24,experiment_or_measurement_fact,experiments_and_measurements,"Genome analysis, reverse genetics, targeted knockouts, metabolite profiling, plant-infection assays and phylogenomics. Δctb2 eliminates detectable cercosporin and strongly impairs disease development on sugar beet.",S003,,unreviewed
CF_d52ea8bf4b2c,M4-FUNG-0216,GENES_AND_MECHANISM,25,biological_role_fact,biological_role,Photoactivated cercosporin generates reactive oxygen species and functions as a phytotoxic virulence factor; loss of pathway function reduces pathogenicity.,S003,,unreviewed
CF_aa697692b359,M4-FUNG-0216,GENES_AND_MECHANISM,26,gene_or_mechanism_fact,uncertainty_notes,"The historical eight-gene CTB model is incomplete as a functional description. Current MIBiG completeness nevertheless remains unknown, so the broader display boundary is not treated as a fully proven self-contained pathway.",S001; S003,,unreviewed
CF_cbc16c4c1f43,M4-FUNG-0217,GENES_AND_MECHANISM,21,gene_or_mechanism_fact,core_biosynthesis,The native C. zeina CTB cluster retains the broader cercosporin biosynthetic machinery but contains a defective CTB7 allele with indels; native cultures did not produce canonical cercosporin under the tested in-vitro conditions.,S003,,unreviewed
CF_161a1d865f8d,M4-FUNG-0217,GENES_AND_MECHANISM,22,gene_or_mechanism_fact,tailoring_and_regulation,"Introduction of a full-length functional CTB7 allele from C. zeae-maydis restored a red pigment chemically confirmed as cercosporin, showing that the remaining C. zeina pathway machinery is functional enough to complete the pathway when CTB7 activity is supplied.",S003,,unreviewed
CF_54da4734009d,M4-FUNG-0217,GENES_AND_MECHANISM,23,activation_context_fact,activation_context,Complemented strains produced cercosporin under nitrogen-limited medium and light. These conditions establish assay context but do not prove a native activation switch sufficient to overcome the defective CTB7 allele.,S003,,unreviewed
CF_925028c36352,M4-FUNG-0217,GENES_AND_MECHANISM,24,experiment_or_measurement_fact,experiments_and_measurements,"CTB-locus sequencing, identification of CTB7 indels, Agrobacterium-mediated complementation with donor CTB7, pigment assays, KOH/TLC and UPLC-QTOF confirmation of cercosporin.",S003,,unreviewed
CF_c8c12f92ed72,M4-FUNG-0217,GENES_AND_MECHANISM,25,biological_role_fact,biological_role,"C. zeina is a maize gray-leaf-spot pathogen, but the contribution of canonical cercosporin or a proposed structural variant to native in-planta disease remains UNCERTAIN.",S003,,unreviewed
CF_e464c6d2015d,M4-FUNG-0217,GENES_AND_MECHANISM,26,gene_or_mechanism_fact,uncertainty_notes,"MIBiG labels cercosporin, whereas the native strain did not produce canonical cercosporin in vitro. Donor CTB7 rescue demonstrates pathway competence, not that the native CTB7 allele is functional. A possible in-planta structural variant remains a hypothesis.",S001; S003,,unreviewed
CF_25f7560d47a3,M4-FUNG-0218,GENES_AND_MECHANISM,21,gene_or_mechanism_fact,core_biosynthesis,Candidate cluster contains polyketide-biosynthetic capacity consistent with the flavonoid-like scaffold; gene-to-step assignments are primarily comparative/predictive rather than native causal genetics.,S003,,unreviewed
CF_4180e45300a1,M4-FUNG-0218,GENES_AND_MECHANISM,22,gene_or_mechanism_fact,tailoring_and_regulation,"Hydroxylation, O-methylation and chlorination functions were proposed from cluster content and chlorflavonin structure; direct strain-specific enzyme validation is UNCERTAIN.",S003,,unreviewed
CF_8ad520107451,M4-FUNG-0218,GENES_AND_MECHANISM,23,activation_context_fact,activation_context,NR; no pathway-specific native activation switch was demonstrated in the defining comparative-genomics study.,S003,,unreviewed
CF_55de7ddb58ad,M4-FUNG-0218,GENES_AND_MECHANISM,24,experiment_or_measurement_fact,experiments_and_measurements,"PacBio genome sequencing, comparative genomics, metabolite knowledge and predictive cluster analysis; no native single-gene deletion series reported for chlorflavonin.",S003,,unreviewed
CF_134d8da7ae97,M4-FUNG-0218,GENES_AND_MECHANISM,25,biological_role_fact,biological_role,Reported as a bioactive secondary metabolite; a specific ecological role in A. campestris is UNCERTAIN.,S003,,unreviewed
CF_a91062157a5c,M4-FUNG-0218,GENES_AND_MECHANISM,26,gene_or_mechanism_fact,uncertainty_notes,Do not upgrade chemistry-aware cluster assignment to gene-level causality. Current display boundary is broader than the curated evidence locus.,S001; S003,,unreviewed
CF_d4ed0bf94f08,M4-FUNG-0219,GENES_AND_MECHANISM,21,gene_or_mechanism_fact,core_biosynthesis,"chry1/NRPS14 is a two-module NRPS; deletion abolished chrysogine, while overexpression enhanced production, establishing direct scaffold-pathway causality and a likely flux bottleneck.",S003,,unreviewed
CF_e47bd5cd5598,M4-FUNG-0219,GENES_AND_MECHANISM,22,gene_or_mechanism_fact,tailoring_and_regulation,F. graminearum candidate cluster includes chry2-chry6. Detailed individual-gene pathway assignments from P. chrysogenum are orthologous follow-up and are not treated as direct F. graminearum evidence.,S003; S004,,unreviewed
CF_a4ccbc565aaf,M4-FUNG-0219,GENES_AND_MECHANISM,23,activation_context_fact,activation_context,Anthranilic acid and pyruvic acid are reported precursor inputs; chry1 overexpression increases production. No dedicated environmental switch was established.,S003,,unreviewed
CF_4413ffc7629d,M4-FUNG-0219,GENES_AND_MECHANISM,24,experiment_or_measurement_fact,experiments_and_measurements,"Comparative NRPS analysis, chry1 deletion, overexpression and metabolite profiling; P. chrysogenum follow-up used systematic cluster-gene deletions and feeding experiments.",S003; S004,,unreviewed
CF_63e48d111483,M4-FUNG-0219,GENES_AND_MECHANISM,25,biological_role_fact,biological_role,Chrysogine is a yellow fungal pigment; a specific F. graminearum ecological or virulence role is UNCERTAIN.,S003,,unreviewed
CF_e8fb7eadb6de,M4-FUNG-0219,GENES_AND_MECHANISM,26,gene_or_mechanism_fact,uncertainty_notes,Do not transfer the complete P. chrysogenum gene-to-step map onto PH-1 as direct strain-specific evidence.,S004,,unreviewed
CF_be53420b0bca,M4-FUNG-0220,GENES_AND_MECHANISM,21,gene_or_mechanism_fact,core_biosynthesis,The cluster is closely related to the andrastin pathway and supplies the meroterpenoid scaffold used for citreohybridonol diversification.,S003,,unreviewed
CF_f7fe405b1ff4,M4-FUNG-0220,GENES_AND_MECHANISM,22,gene_or_mechanism_fact,tailoring_and_regulation,"Ctr-P450 is the directly demonstrated citreohybridonol synthase: coexpression with andrastin A biosynthetic genes yields citreohybridonol plus four new andrastin derivatives, showing multifunctional oxidative tailoring.",S003,,unreviewed
CF_a3f8f88eb314,M4-FUNG-0220,GENES_AND_MECHANISM,23,activation_context_fact,activation_context,Heterologous/coexpression context demonstrates enzyme sufficiency for oxidative diversification; native environmental regulation is NR.,S003,,unreviewed
CF_e183ac996dfe,M4-FUNG-0220,GENES_AND_MECHANISM,24,experiment_or_measurement_fact,experiments_and_measurements,"Cluster comparison, coexpression with andrastin biosynthetic genes, metabolite isolation and structural characterization of citreohybridonol and four derivatives.",S003,,unreviewed
CF_fb6f82d27601,M4-FUNG-0220,GENES_AND_MECHANISM,25,biological_role_fact,biological_role,Citreohybridonol was reported as an antifeedant agent; native ecological function in the record strain is not fully resolved.,S003,,unreviewed
CF_9bf1dcdafa86,M4-FUNG-0220,GENES_AND_MECHANISM,26,gene_or_mechanism_fact,uncertainty_notes,Historical Emericella variecolor naming and current Aspergillus stellatus record naming are preserved; direct Ctr-P450 evidence is stronger than evidence for every neighboring gene.,S001; S003,,unreviewed
CF_ebabdaaf3df3,M4-FUNG-0221,GENES_AND_MECHANISM,21,gene_or_mechanism_fact,core_biosynthesis,Defining work used genome sequencing and knockout of key cluster genes to establish the cornexistin maleidride pathway; early stages resemble byssochlamic-acid/nonadride biosynthesis.,S003,,unreviewed
CF_d8cf5ad3e140,M4-FUNG-0221,GENES_AND_MECHANISM,22,gene_or_mechanism_fact,tailoring_and_regulation,Cornexistin differs from related nonadrides by requiring fewer enzymes in the dimerization step and by removal of one maleic-anhydride moiety.,S003,,unreviewed
CF_571c711c2ce4,M4-FUNG-0221,GENES_AND_MECHANISM,23,activation_context_fact,activation_context,NR; study focused on pathway genetics and intermediates rather than a native activation switch.,S003,,unreviewed
CF_5f6c69bc7002,M4-FUNG-0221,GENES_AND_MECHANISM,24,experiment_or_measurement_fact,experiments_and_measurements,"Whole-genome sequencing, targeted gene knockouts, isolation and structural identification of pathway intermediates.",S003,,unreviewed
CF_d0ed4d0ce49b,M4-FUNG-0221,GENES_AND_MECHANISM,25,biological_role_fact,biological_role,Cornexistin is a natural herbicidal maleidride; ecological function in the producing fungus is UNCERTAIN.,S003,,unreviewed
CF_bbdac6cd0b38,M4-FUNG-0221,GENES_AND_MECHANISM,26,gene_or_mechanism_fact,uncertainty_notes,Do not count BGC0001557 as an independent active cluster. Organism naming/provenance differs between source row and defining paper.,S001; S002; S003,,unreviewed
CF_2bbf39b886bd,M4-FUNG-0222,GENES_AND_MECHANISM,21,gene_or_mechanism_fact,core_biosynthesis,The pathway combines iterative PKS and NRPS chemistry for a polyketide-peptide hybrid scaffold; heterologous reconstruction confirmed the associated cluster and proposed biosynthetic logic.,S003,,unreviewed
CF_ec06a2aea1f5,M4-FUNG-0222,GENES_AND_MECHANISM,22,gene_or_mechanism_fact,tailoring_and_regulation,"Cluster annotations include cpaN1 MFS transporter, cpaN2 transcription factor, cpaO FAD-dependent monooxygenase and additional oxidative enzymes; gene-specific native functions are not all equally validated.",S001; S003,,unreviewed
CF_d63235fbfdea,M4-FUNG-0222,GENES_AND_MECHANISM,23,activation_context_fact,activation_context,Heterologous expression provided experimental access to the pathway; a native environmental activation switch is NR.,S003,,unreviewed
CF_37b1f4c81978,M4-FUNG-0222,GENES_AND_MECHANISM,24,experiment_or_measurement_fact,experiments_and_measurements,"Chemical screening, bioinformatic cluster identification and heterologous expression used to confirm curvupallide/spirostaphylotrichin pathway assignment.",S003,,unreviewed
CF_76c84a6a2fce,M4-FUNG-0222,GENES_AND_MECHANISM,25,biological_role_fact,biological_role,Specific ecological role of curvupallide-B in the producer is UNCERTAIN.,S003,,unreviewed
CF_4346df97de74,M4-FUNG-0222,GENES_AND_MECHANISM,26,gene_or_mechanism_fact,uncertainty_notes,Contig-edge location prevents treating the 53-kb record as demonstrably complete; individual annotation-level genes are not automatically causal.,S001; S003,,unreviewed
CF_5c3104329121,M4-FUNG-0223,GENES_AND_MECHANISM,21,gene_or_mechanism_fact,core_biosynthesis,cycC encodes the giant cyclosporin C synthetase; its 11-module architecture matches the cyclic undecapeptide core.,S001; S003,,unreviewed
CF_d62ecf32b71c,M4-FUNG-0223,GENES_AND_MECHANISM,22,gene_or_mechanism_fact,tailoring_and_regulation,"The sixth adenylation-domain sequence differs from the cyclosporin A enzyme and was proposed to account for incorporation of L-threonine rather than L-alpha-aminobutyric acid; nearby genes include alanine racemase, cyclophilin, ABC transporter and regulatory candidates.",S003,,unreviewed
CF_49ee4fc44f03,M4-FUNG-0223,GENES_AND_MECHANISM,23,activation_context_fact,activation_context,CsC was detected from fungal extracts under screening culture conditions; no dedicated pathway-specific environmental switch was established.,S003,,unreviewed
CF_d50273b5fbba,M4-FUNG-0223,GENES_AND_MECHANISM,24,experiment_or_measurement_fact,experiments_and_measurements,"Differential-temperature antifungal assay, bioassay-guided fractionation, LC-MS, NMR, commercial-standard comparison, genome sequencing and cluster-synteny analysis.",S003,,unreviewed
CF_0568fc946084,M4-FUNG-0223,GENES_AND_MECHANISM,25,biological_role_fact,biological_role,CsC inhibited Cryptococcus neoformans more strongly at 37 C in the screening assay; ecological role in the producing fungus is UNCERTAIN.,S003,,unreviewed
CF_94c6b9b4d8e4,M4-FUNG-0223,GENES_AND_MECHANISM,26,gene_or_mechanism_fact,uncertainty_notes,"A-domain specificity is a strong mechanistic hypothesis, not a direct module-swap proof. Beauveria/Amphichorda naming is preserved as taxonomy provenance.",S001; S003,,unreviewed
CF_6d00190382aa,M4-FUNG-0224,GENES_AND_MECHANISM,21,gene_or_mechanism_fact,core_biosynthesis,"The vidA-vidS cluster contains 19 genes, including six cytochrome P450 genes; deletion of 15 biosynthetic genes produced a dense intermediate map for furanosteroid assembly.",S003,,unreviewed
CF_3c01f4e2459b,M4-FUNG-0224,GENES_AND_MECHANISM,22,gene_or_mechanism_fact,tailoring_and_regulation,"Pregnane side-chain cleavage requires a flavin-dependent Baeyer-Villiger monooxygenase, an esterase and a dehydrogenase, rather than a single P450 step.",S003,,unreviewed
CF_d64ec1eb70c4,M4-FUNG-0224,GENES_AND_MECHANISM,23,activation_context_fact,activation_context,NR; pathway was interrogated through genetics and metabolite-intermediate analysis rather than a defined native activation switch.,S003,,unreviewed
CF_d587a83f54a0,M4-FUNG-0224,GENES_AND_MECHANISM,24,experiment_or_measurement_fact,experiments_and_measurements,"Fifteen biosynthetic-gene deletions, isolation of 14 biosynthetic intermediates, structural analysis and activity testing against PI3K.",S003,,unreviewed
CF_f62f94d95277,M4-FUNG-0224,GENES_AND_MECHANISM,25,biological_role_fact,biological_role,Demethoxyviridin is a potent PI3K-inhibitory furanosteroid; producer-side ecological function is UNCERTAIN.,S003,,unreviewed
CF_9c3ae89aeb94,M4-FUNG-0224,GENES_AND_MECHANISM,26,gene_or_mechanism_fact,uncertainty_notes,"Functional pathway resolution is high, but current MIBiG still labels completeness unknown; flanking genes in the displayed 66.3-kb region should not automatically be assigned biosynthetic roles.",S001; S003,,unreviewed
CF_51d74fa2c4c0,M4-FUNG-0225,GENES_AND_MECHANISM,21,gene_or_mechanism_fact,core_biosynthesis,cloA encodes the decisive clavine oxidase branch enzyme. The C. africana allele accepts festuclavine and supports DHLA formation; the comparison LA-pathway CloA did not.,S003,,unreviewed
CF_a957a9923a4e,M4-FUNG-0225,GENES_AND_MECHANISM,22,gene_or_mechanism_fact,tailoring_and_regulation,"C. africana CloA can also oxidize agroclavine to lysergic acid in substrate-feeding assays, demonstrating broader substrate acceptance than the comparison enzyme.",S003,,unreviewed
CF_93b310bdef96,M4-FUNG-0225,GENES_AND_MECHANISM,23,activation_context_fact,activation_context,Synthetic intron-free cloA expression in a festuclavine-accumulating N. fumigata mutant was required for clean heterologous testing because the genomic C. africana clone was mis-spliced.,S003,,unreviewed
CF_1eb574240c49,M4-FUNG-0225,GENES_AND_MECHANISM,24,experiment_or_measurement_fact,experiments_and_measurements,"Heterologous expression, substrate feeding, fluorescence HPLC and LC-MS; DHLA identified from an m/z 271.2 parent-ion signal matching standard behavior.",S003,,unreviewed
CF_39e46234b03a,M4-FUNG-0225,GENES_AND_MECHANISM,25,biological_role_fact,biological_role,DHLA is the precursor family for pharmacologically important dihydro-ergot alkaloids; native ecological role is UNCERTAIN.,S003,,unreviewed
CF_2292063bbf4b,M4-FUNG-0225,GENES_AND_MECHANISM,26,gene_or_mechanism_fact,uncertainty_notes,"Direct biochemical evidence is strongest for cloA, not for every gene in the 27-kb record. Engineered N. fumigata production demonstrates allele function rather than native C. africana flux.",S001; S003,,unreviewed
CF_5facf9a61377,M4-FUNG-0226,GENES_AND_MECHANISM,21,gene_or_mechanism_fact,core_biosynthesis,"A phenalenone aromatic polyketide is converted into oxaphenalenone building blocks; DuxM, a cupin-family dioxygenase, initiates oxidative cleavage to a transient hemiketal-oxaphenalenone.",S003,,unreviewed
CF_11b9ebdc404f,M4-FUNG-0226,GENES_AND_MECHANISM,22,gene_or_mechanism_fact,tailoring_and_regulation,Additional redox enzymes form anhydride or dihydrocoumarin monomers. A P450 catalyzes the initial inter-monomer C-C bond; the enzyme for the second C-C bond was not identified.,S003,,unreviewed
CF_acb3ce30b2c6,M4-FUNG-0226,GENES_AND_MECHANISM,23,activation_context_fact,activation_context,Saccharomyces cerevisiae reconstruction was used to resolve pathway steps; native environmental induction is NR.,S003,,unreviewed
CF_d077a53c85d3,M4-FUNG-0226,GENES_AND_MECHANISM,24,experiment_or_measurement_fact,experiments_and_measurements,"T. stipitatus gene deletions including ΔduxI/ΔduxD, LC-MS metabolite profiling, S. cerevisiae reconstruction and mechanistic redox analysis.",S003,,unreviewed
CF_3646ea26e6f8,M4-FUNG-0226,GENES_AND_MECHANISM,25,biological_role_fact,biological_role,Duclauxins are bioactive dimeric fungal polyketides; a specific ecological role for T. stipitatus is UNCERTAIN.,S003,,unreviewed
CF_a256180652f4,M4-FUNG-0226,GENES_AND_MECHANISM,26,gene_or_mechanism_fact,uncertainty_notes,"The pathway spans two separated gene clusters in the defining study, so a single MIBiG display region should not be treated as the whole functional programme; the second C-C-forming enzyme remains NF.",S001; S003,,unreviewed
CF_538588fab4d5,M4-FUNG-0227,GENES_AND_MECHANISM,21,gene_or_mechanism_fact,core_biosynthesis,"The record is an epipolythiodioxopiperazine-like pathway related to chaetocin/verticillin families; MIBiG annotations include sulfur-handling and transport functions, but the 2018 ecological study did not systematically delete every cluster gene.",S001; S003,,unreviewed
CF_3596c0fa8c82,M4-FUNG-0227,GENES_AND_MECHANISM,22,gene_or_mechanism_fact,tailoring_and_regulation,Cluster annotations include a PLP-dependent carbon-sulfur-bond lyase and an ABC transporter; individual roles are not upgraded beyond database annotation without direct E. weberi genetics.,S001,,unreviewed
CF_c2d9f3da1911,M4-FUNG-0227,GENES_AND_MECHANISM,23,activation_context_fact,activation_context,Infection of Leucoagaricus gongylophorus by E. weberi upregulated melinacidin IV and shearinine D relative to axenic culture.,S003,,unreviewed
CF_0929f0f67eb3,M4-FUNG-0227,GENES_AND_MECHANISM,24,experiment_or_measurement_fact,experiments_and_measurements,"Infection-versus-axenic HPLC profiling, metabolite isolation/identification and bioactivity assays against Pseudonocardia; ant-behavior/toxicity effects were strongest for shearinine D.",S003,,unreviewed
CF_eba2f9a2dba7,M4-FUNG-0227,GENES_AND_MECHANISM,25,biological_role_fact,biological_role,Melinacidin IV functions as a virulence-associated chemical-warfare metabolite that inhibits protective Pseudonocardia during Escovopsis infection of leafcutter-ant fungus gardens.,S003,,unreviewed
CF_15b12236c671,M4-FUNG-0227,GENES_AND_MECHANISM,26,gene_or_mechanism_fact,uncertainty_notes,Ecological product-role evidence is stronger than gene-by-gene pathway causality. Shearinine D is co-induced but belongs to a separate biosynthetic programme and is not merged into BGC0001585.,S001; S003,,unreviewed
CF_101874361203,M4-FUNG-0228,GENES_AND_MECHANISM,21,gene_or_mechanism_fact,core_biosynthesis,"Fsl1 is the reducing PKS; Fsl5 supplies trans-enoyl-reductase activity, with Fsl2 implicated in product release and Fsl3 in isomerization.",S003; S004,,unreviewed
CF_b3be34571070,M4-FUNG-0228,GENES_AND_MECHANISM,22,gene_or_mechanism_fact,tailoring_and_regulation,Fsl4 is a P450 implicated in oxygenation/epoxidation; the terminal carboxyl-reduction step to fusarielin H remains unresolved.,S004,,unreviewed
CF_09c17cb02091,M4-FUNG-0228,GENES_AND_MECHANISM,23,activation_context_fact,activation_context,Native pathway expression/production demonstrated in F. graminearum; a specific ecological induction switch was NF in the defining mechanistic sources.,S003,,unreviewed
CF_a2e5e2179633,M4-FUNG-0228,GENES_AND_MECHANISM,24,experiment_or_measurement_fact,experiments_and_measurements,Gene-function analysis plus metabolite profiling resolved the FSL pathway; fusarielins F/G/H have reported estrogenic growth effects in MCF-7 assays.,S003; S004,,unreviewed
CF_f0da5104581d,M4-FUNG-0228,GENES_AND_MECHANISM,25,biological_role_fact,biological_role,Native ecological role remains NR; fusarielin congeners have mycoestrogenic bioactivity.,S004,,unreviewed
CF_32fa30968f66,M4-FUNG-0228,GENES_AND_MECHANISM,26,gene_or_mechanism_fact,uncertainty_notes,Do not infer that the broad current MIBiG display defines every required pathway gene; terminal reduction remains unresolved.,S001; S004,,unreviewed
CF_44393ae4f19d,M4-FUNG-0229,GENES_AND_MECHANISM,21,gene_or_mechanism_fact,core_biosynthesis,"A seven-enzyme cluster includes GGPP supply, bifunctional ent-copalyl-diphosphate/ent-kaurene synthase (CPS/KS), and four P450 monooxygenases.",S003; S004,,unreviewed
CF_17a25c5143a9,M4-FUNG-0229,GENES_AND_MECHANISM,22,gene_or_mechanism_fact,tailoring_and_regulation,P450-4 catalyzes three oxidations from ent-kaurene to ent-kaurenoic acid; GA4 desaturase is a 2-oxoglutarate-dependent dioxygenase.,S004,,unreviewed
CF_45eeb74da8b6,M4-FUNG-0229,GENES_AND_MECHANISM,23,activation_context_fact,activation_context,GA-cluster genes are coordinately expressed in productive F. fujikuroi states; presence of homologous clusters in related Fusarium species does not guarantee expression or GA production.,S003; S004,,unreviewed
CF_a1c9dd6acf6a,M4-FUNG-0229,GENES_AND_MECHANISM,24,experiment_or_measurement_fact,experiments_and_measurements,cps/ks or whole-cluster deletion abolishes diterpene production; P450-4 deletion accumulates diterpene hydrocarbons.,S004,,unreviewed
CF_c8d4c0073f13,M4-FUNG-0229,GENES_AND_MECHANISM,25,biological_role_fact,biological_role,Fungal gibberellins are plant-growth regulators associated with the bakanae disease phenotype of rice.,S003; S004,,unreviewed
CF_38a1f9a900d8,M4-FUNG-0229,GENES_AND_MECHANISM,26,gene_or_mechanism_fact,uncertainty_notes,"The current database marks completeness unknown; classic seven-gene pathway knowledge is retained as functional programme evidence, not used to overwrite database completeness.",S001; S004,,unreviewed
CF_fa9edca9d7ea,M4-FUNG-0230,GENES_AND_MECHANISM,21,gene_or_mechanism_fact,core_biosynthesis,Gpy1/PKS13 (FFUJ_12020) is the HR-PKS; deletion abolishes gibepyrone A and complementation restores it. Its embedded C-methyltransferase installs both SAM-derived methyl groups.,S003,,unreviewed
CF_40bb14a41981,M4-FUNG-0230,GENES_AND_MECHANISM,22,gene_or_mechanism_fact,tailoring_and_regulation,Gpy2/FFUJ_12021 is an ABC transporter with minor efflux effect but represses GPY1 expression. Gibepyrones B/D arise via cluster-independent CPR-dependent P450 activity; E/F form nonenzymatically.,S003,,unreviewed
CF_e18f73304689,M4-FUNG-0230,GENES_AND_MECHANISM,23,activation_context_fact,activation_context,"Vel1, Vel2 and Lae1 repress GPY expression/product formation; Sge1 positively regulates the pathway.",S003,,unreviewed
CF_f443deb2afcf,M4-FUNG-0230,GENES_AND_MECHANISM,24,experiment_or_measurement_fact,experiments_and_measurements,Stable-isotope feeding supports four acetate units plus two SAM methyls; Δgpy1 loses product; Δgpy2 increases GPY1 expression and extra-/intracellular product. Gibepyrones A/B show reported MICs of 100–200 µg/mL against tested Gram-positive bacteria/yeasts.,S003,,unreviewed
CF_e6ee488eb89e,M4-FUNG-0230,GENES_AND_MECHANISM,25,biological_role_fact,biological_role,Native ecological role remains UNCERTAIN; gibepyrone A is also detectable in headspace and has moderate antimicrobial activity.,S003,,unreviewed
CF_58d0c5e72110,M4-FUNG-0230,GENES_AND_MECHANISM,26,gene_or_mechanism_fact,uncertainty_notes,Oxidized congeners B/D require enzymes outside the mapped small cluster; therefore product-family execution is broader than the core BGC.,S003,,unreviewed
CF_b5a3717aeba3,M4-FUNG-0231,GENES_AND_MECHANISM,21,gene_or_mechanism_fact,core_biosynthesis,The mapped NRPS GliP/TRIVIDRAFT_78708 is the core synthetase; targeted disruption eliminates gliovirin production.,S001; S003,,unreviewed
CF_dae084e618c6,M4-FUNG-0231,GENES_AND_MECHANISM,22,gene_or_mechanism_fact,tailoring_and_regulation,"The defining study identified a 22-gene cluster with multiple predicted tailoring, transport and regulatory functions; gene-by-gene causality is less complete than NRPS causality.",S003,,unreviewed
CF_28d36babeb64,M4-FUNG-0231,GENES_AND_MECHANISM,23,activation_context_fact,activation_context,Gliovirin production is part of T. virens secondary metabolism associated with biocontrol; a single pathway-specific environmental switch was NR in the defining source.,S003,,unreviewed
CF_04810d4659ae,M4-FUNG-0231,GENES_AND_MECHANISM,24,experiment_or_measurement_fact,experiments_and_measurements,Genome mining plus targeted NRPS disruption: loss of the core NRPS abolished detectable gliovirin.,S003,,unreviewed
CF_fbfe578cfcd0,M4-FUNG-0231,GENES_AND_MECHANISM,25,biological_role_fact,biological_role,Gliovirin is anti-oomycete and contributes to the chemical arsenal underlying T. virens biological control.,S003,,unreviewed
CF_60e3ac496380,M4-FUNG-0231,GENES_AND_MECHANISM,26,gene_or_mechanism_fact,uncertainty_notes,Do not equate the 30-kb current display with the entire experimentally discussed 22-gene programme.,S001; S003,,unreviewed
CF_c4405382bca7,M4-FUNG-0232,GENES_AND_MECHANISM,21,gene_or_mechanism_fact,core_biosynthesis,thtri5 encodes the trichodiene synthase entry step of the TRI programme; targeted deletion was used to identify the harzianum-B cluster.,S003,,unreviewed
CF_e2e22a7a23df,M4-FUNG-0232,GENES_AND_MECHANISM,22,gene_or_mechanism_fact,tailoring_and_regulation,"Cluster organization resembles related Trichoderma trichothecene programmes, but product-specific tailoring differences are preserved rather than transferred from orthologs.",S003,,unreviewed
CF_3341dc62e04b,M4-FUNG-0232,GENES_AND_MECHANISM,23,activation_context_fact,activation_context,Native harzianum-B production was observed in T. hypoxylon cultures; a dedicated environmental activation trigger was NR.,S003; S004,,unreviewed
CF_282fd0064c08,M4-FUNG-0232,GENES_AND_MECHANISM,24,experiment_or_measurement_fact,experiments_and_measurements,"Markerless gene targeting reached 89% homologous-recombination frequency in a thlig4 background; thtri5 deletion identified the TRI cluster. A separate chemistry study recovered ~50 mg harzianum B from a 1-L, 14-day culture.",S003; S004,,unreviewed
CF_8ebf22cab605,M4-FUNG-0232,GENES_AND_MECHANISM,25,biological_role_fact,biological_role,Native ecological role of harzianum B remains NR in the defining genetic study.,S003,,unreviewed
CF_6ec175bba81f,M4-FUNG-0232,GENES_AND_MECHANISM,26,gene_or_mechanism_fact,uncertainty_notes,Reason for MIBiG retirement was NF in the authoritative materials examined; retirement status itself is preserved without inventing a rationale.,S001; S002,,unreviewed
CF_5e29d0cfe5c9,M4-FUNG-0233,GENES_AND_MECHANISM,21,gene_or_mechanism_fact,core_biosynthesis,HimA is the candidate PKS-NRPS; disruption abolishes normal himeic-acid biosynthesis. Labeled-precursor feeding shows the long fatty-acyl side chain is polyketide-derived and the amide substituent derives from leucine.,S003,,unreviewed
CF_846c68bbfd5a,M4-FUNG-0233,GENES_AND_MECHANISM,22,gene_or_mechanism_fact,tailoring_and_regulation,HimH is annotated as a dehydrogenase/trans-acting reductase partner and HimG as a dioxygenase; detailed step assignments beyond HimA are not all directly validated in the defining study.,S001; S003,,unreviewed
CF_6b457f0e5cbc,M4-FUNG-0233,GENES_AND_MECHANISM,23,activation_context_fact,activation_context,Himeic acid A was isolated from marine-derived Aspergillus cultures; a pathway-specific induction switch was NR in the defining genetics study.,S003; S004,,unreviewed
CF_ba6b41edf370,M4-FUNG-0233,GENES_AND_MECHANISM,24,experiment_or_measurement_fact,experiments_and_measurements,"Genome sequencing, labeled-precursor feeding and HimA disruption establish the pathway. Himeic acid A inhibited E1–ubiquitin intermediate formation by 65% at 50 µM; himeic acids B/C showed little inhibition even at 100 µM.",S003; S004,,unreviewed
CF_2773c8858e90,M4-FUNG-0233,GENES_AND_MECHANISM,25,biological_role_fact,biological_role,Native ecological role is NR; biochemical activity is selective inhibition of ubiquitin-activating enzyme E1.,S004,,unreviewed
CF_8467eceddde7,M4-FUNG-0233,GENES_AND_MECHANISM,26,gene_or_mechanism_fact,uncertainty_notes,The contig-edge record and incomplete gene-by-gene tailoring validation preclude treating the 14-kb display as a proven self-sufficient complete pathway.,S001; S003,,unreviewed
CF_3366c1eca1b5,M4-FUNG-0234,GENES_AND_MECHANISM,21,gene_or_mechanism_fact,core_biosynthesis,"The defining fusion protein contains a sesquiterpene synthase (STS) domain and HMG-CoA synthase (HMGS) domain. Full-length and truncated STS constructs produce hirsutene via 1,11 cyclization.",S003,,unreviewed
CF_6574f344d373,M4-FUNG-0234,GENES_AND_MECHANISM,22,gene_or_mechanism_fact,tailoring_and_regulation,"Neighboring P450/oxidase genes provide plausible tailoring capacity, but their individual contributions to hirsutene-derived products are not treated as directly established by the defining hirsutene study.",S001; S003,,unreviewed
CF_1bfa48003f99,M4-FUNG-0234,GENES_AND_MECHANISM,23,activation_context_fact,activation_context,Native expression context was studied in S. hirsutum cultures; a specific environmental activation trigger for the locus was NR.,S003,,unreviewed
CF_1a75ea35ae61,M4-FUNG-0234,GENES_AND_MECHANISM,24,experiment_or_measurement_fact,experiments_and_measurements,Recombinant full-length and truncated STS constructs demonstrated hirsutene formation; the HMGS domain was independently shown functional in vivo by yeast complementation.,S003,,unreviewed
CF_70e3b3b789cf,M4-FUNG-0234,GENES_AND_MECHANISM,25,biological_role_fact,biological_role,Native ecological role of hirsutene itself is NR in the defining biosynthetic study.,S003,,unreviewed
CF_ab6d8bfdc946,M4-FUNG-0234,GENES_AND_MECHANISM,26,gene_or_mechanism_fact,uncertainty_notes,Do not transfer later hirsutene-tailoring assignments from other fungal species as direct S. hirsutum evidence.,S003,,unreviewed
CF_064a5fdcce24,M4-FUNG-0235,GENES_AND_MECHANISM,21,gene_or_mechanism_fact,core_biosynthesis,ImqK is a cluster regulator used to activate the cryptic programme; imq-dependent chemistry yields tripeptide-derived imizoquin alkaloids assembled from an NRPS pathway.,S003,,unreviewed
CF_a3c952947075,M4-FUNG-0235,GENES_AND_MECHANISM,22,gene_or_mechanism_fact,tailoring_and_regulation,Gene-by-gene enzyme assignments for all six products in the current MIBiG product list are not equally resolved; TMC-2A/B are retained as database-associated products without inventing step-specific causality.,S001; S003,,unreviewed
CF_6042da69d62a,M4-FUNG-0235,GENES_AND_MECHANISM,23,activation_context_fact,activation_context,Ralstonia solanacearum ralstonins suppress A. flavus germination and downregulate the imq cluster; forced ImqK activation exposes imizoquin production.,S003,,unreviewed
CF_7f8703859102,M4-FUNG-0235,GENES_AND_MECHANISM,24,experiment_or_measurement_fact,experiments_and_measurements,"Regulator manipulation, metabolomics and supplementation experiments show that purified imizoquins rescue germination defects and protect against reactive oxygen stress; imizoquins also inhibit Ralstonia growth.",S003,,unreviewed
CF_d6bd953e75b0,M4-FUNG-0235,GENES_AND_MECHANISM,25,biological_role_fact,biological_role,Imizoquins function in oxidative-stress protection during fungal germination and participate in chemical antagonism with Ralstonia.,S003,,unreviewed
CF_eb1b4902c12f,M4-FUNG-0235,GENES_AND_MECHANISM,26,gene_or_mechanism_fact,uncertainty_notes,Do not equate every compound listed in MIBiG with equally deep mechanistic resolution; the primary study most strongly resolves the imizoquin arm of the programme.,S001; S003,,unreviewed
CF_f827805c6278,M4-FUNG-0236,GENES_AND_MECHANISM,21,gene_or_mechanism_fact,core_biosynthesis,"IacE is a prenyltransferase: ΔiacE abolishes iso-A82775C, accumulates prenyl-lacking siccayne, and redirects chemistry to new chloropestolides.",S003,,unreviewed
CF_a11c54b9e8f1,M4-FUNG-0236,GENES_AND_MECHANISM,22,gene_or_mechanism_fact,tailoring_and_regulation,"Later genetic/transcriptomic work identifies iacC, iacE, iacF, iacG, iacH and iacI as essential for iso-A82775C synthesis and places the cluster under CsdA/RsdA transcriptional control.",S004,,unreviewed
CF_c5c8d8404c53,M4-FUNG-0236,GENES_AND_MECHANISM,23,activation_context_fact,activation_context,"PfZipA affects iso-A82775C under oxidative-stress treatments, but this is encoded as global stress regulation rather than a pathway-specific switch. CsdA/RsdA provide stronger direct cluster-regulatory evidence.",S004; S005,,unreviewed
CF_5f57c7cf5014,M4-FUNG-0236,GENES_AND_MECHANISM,24,experiment_or_measurement_fact,experiments_and_measurements,"ΔiacE genetics and metabolite profiling establish prenylation causality. New chloropestolides 5/6 showed antibacterial activity against S. aureus and B. subtilis; compound 5 was cytotoxic to HeLa, MCF-7 and SW480 cells.",S003,,unreviewed
CF_1850f652e142,M4-FUNG-0236,GENES_AND_MECHANISM,25,biological_role_fact,biological_role,Native ecological role of iso-A82775C remains UNCERTAIN; chemically it is a proposed precursor in chloropupukeananin/chloropestolide biosynthesis.,S003; S006,,unreviewed
CF_095ec13997ca,M4-FUNG-0236,GENES_AND_MECHANISM,26,gene_or_mechanism_fact,uncertainty_notes,"Global stress regulators are not equated with pathway-specific activation, and current MIBiG completeness remains unknown despite expanded iac-gene causality.",S001; S004; S005,,unreviewed
CF_8582d72d19e1,M4-FUNG-0237,GENES_AND_MECHANISM,21,gene_or_mechanism_fact,core_biosynthesis,Current MIBiG genes in the S. chlorohalonata record are largely hypothetical; antiSMASH detects NRPS-like and type-I PKS signatures. Direct product-gene causality in the record strain was NF in the examined defining literature.,S001; S003,,unreviewed
CF_6ad4f9d505c3,M4-FUNG-0237,GENES_AND_MECHANISM,22,gene_or_mechanism_fact,tailoring_and_regulation,"A proposed Stachybotrys isoindolinone model invokes a phthalic-dialdehyde precursor reacting spontaneously with ammonium or amino compounds, but this was studied in S. longispora FG216 and is not transferred as direct S. chlorohalonata evidence.",S003,,unreviewed
CF_de0b284f8b7c,M4-FUNG-0237,GENES_AND_MECHANISM,23,activation_context_fact,activation_context,"In S. longispora FG216, feeding amino compounds generated new isoindolinone derivatives. For S. chlorohalonata IBT 40285 specifically, an experimentally validated activation condition is NF.",S003,,unreviewed
CF_c50635445efc,M4-FUNG-0237,GENES_AND_MECHANISM,24,experiment_or_measurement_fact,experiments_and_measurements,"Record-strain knockout, heterologous-expression or direct feeding validation was NF. The comparative S. longispora study fed amino compounds and isolated four new derivatives FGFC4–FGFC7.",S003,,unreviewed
CF_db2388945b1e,M4-FUNG-0237,GENES_AND_MECHANISM,25,biological_role_fact,biological_role,Native ecological role and record-strain bioactivity are NR. FGFC6/FGFC7 fibrinolytic activity belongs to S. longispora-derived congeners and is not assigned to BGC0001626.,S003,,unreviewed
CF_429c8faf590b,M4-FUNG-0237,GENES_AND_MECHANISM,26,gene_or_mechanism_fact,uncertainty_notes,"Species/strain mismatch is material: the defining feeding study is S. longispora FG216, whereas BGC0001626 is S. chlorohalonata IBT 40285. The database association is retained without upgrading comparative evidence to direct causality.",S001; S003,,unreviewed
