gene_key,dossier_id,gene_id,gene_name,protein_accession,start_bp,end_bp,strand,predicted_function_raw,demonstrated_function_raw,perturbation_raw,phenotype_raw,source_ids,note,source_row
M4-FUNG-0001:G001,M4-FUNG-0001,G001,AFT9-1,BAD97694.1,12402.0,21474.0,-,polyketide synthase,NR,NR,NR,S001; S002,Sequence-predicted PKS; transcript detected in pcAFT-2 study; direct AFT9-1 necessity was not established.,104
M4-FUNG-0001:G002,M4-FUNG-0001,G002,AFT10-1,BAD97695.1,22504.0,24346.0,+,acyl-CoA dehydrogenase,AFT10-1 targeting reduced AF-toxin production and host-lesion formation,targeted disruption of single- and double-copy AFT10-1,reduced toxin production and strongly reduced lesion numbers,S001; S002,Strongest gene-specific causal evidence within this MIBiG segment.,105
M4-FUNG-0001:G003,M4-FUNG-0001,G003,AFT11-1,BAD97696.1,24799.0,26544.0,-,cytochrome P450 monooxygenase,NR,NR,NR,S001; S002,P450 annotation and transcript detection; direct necessity not established in cited study.,106
M4-FUNG-0001:G004,M4-FUNG-0001,G004,AFT12-1,BAD97697.1,27162.0,28055.0,+,oxidoreductase,NR,NR,NR,S001; S002,Oxidoreductase annotation and transcript detection; direct necessity not established in cited study.,107
M4-FUNG-0001:G005,M4-FUNG-0001,G005,AFTR-2,BAD97698.1,32092.0,33426.0,+,Zn(II)2Cys6/GAL4-type regulator candidate,NR,NR,NR,S001; S002,AFT homolog/regulator candidate on pcAFT-2; specific regulatory function not directly demonstrated.,108
M4-FUNG-0001:G006,M4-FUNG-0001,G006,AFT3-2,BAD97699.1,35716.0,36790.0,+,AFT3 homolog / enoyl-CoA-hydratase-family protein,NR,NR,NR,S001; S002,AFT3 homolog on pcAFT-2; direct gene-specific necessity not established by the cited pcAFT-2 study.,109
M4-FUNG-0002:G001,M4-FUNG-0002,G001,aflT,BAE71313.1,15203.0,17096.0,+,transporter; annotation differs between sources,,,,S001; S002,MIBiG: putative ABC transporter; Tominaga: major-facilitator-superfamily transporter. RIB40 has a 257-bp C-terminal deletion.,104
M4-FUNG-0002:G002,M4-FUNG-0002,G002,pksA,BAE71314.1,18437.0,25060.0,-,polyketide synthase,Core aflatoxin pathway PKS by homology,,,S001; S002,,105
M4-FUNG-0002:G003,M4-FUNG-0002,G003,nor-1,BAE71315.1,26749.0,27738.0,+,norsolorinic acid reductase,,,,S001,,106
M4-FUNG-0002:G004,M4-FUNG-0002,G004,fas-2,BAE71316.1,29053.0,34197.0,-,fatty acid synthase alpha subunit,,,,S001,,107
M4-FUNG-0002:G005,M4-FUNG-0002,G005,fas-1,BAE71317.1,34887.0,40733.0,+,fatty acid synthase beta subunit,,,,S001,,108
M4-FUNG-0002:G006,M4-FUNG-0002,G006,aflR,BAE71318.1,42012.0,43346.0,-,pathway-specific transcriptional regulator,Weakly transcribed in RIB40; AflR amino-acid substitutions were not sufficient to explain regulatory failure in forced-expression tests,forced expression / allele comparison,A. oryzae AflR retained regulatory competence in the Kiyota test,S001; S002; S003,RIB40 aflR transcript ~11.6% of A. parasiticus control after 2 d YES at 30°C.,109
M4-FUNG-0002:G007,M4-FUNG-0002,G007,aflJ / aflS,BAE71319.1,44086.0,45536.0,+,pathway co-regulator / transcriptional modulator,A. oryzae AflJ/AflS carries loss-of-function amino-acid substitutions,forced expression / allele swap,A. oryzae aflJ allele failed to support downstream AF-gene expression; A. flavus allele restored regulatory activity in assay,S001; S003,Critical mechanistic lesion; retain aflJ and aflS aliases.,110
M4-FUNG-0002:G008,M4-FUNG-0002,G008,adhA,BAE71320.1,46098.0,46934.0,+,short-chain alcohol dehydrogenase,,,,S001,,111
M4-FUNG-0002:G009,M4-FUNG-0002,G009,estA,BAE71321.1,47855.0,48856.0,+,esterase,,,,S001,,112
M4-FUNG-0002:G010,M4-FUNG-0002,G010,norA,BAE71322.1,49147.0,50151.0,+,reductase/dehydrogenase,RIB40 allele has frameshift/premature stop and is predicted to be 73 aa shorter,,,S001; S002,Authors argued this lesion alone was unlikely to explain total aflatoxin nonproduction.,113
M4-FUNG-0002:G011,M4-FUNG-0002,G011,ver-1,BAE71323.1,51245.0,52144.0,+,reductase/dehydrogenase,,,,S001,,114
M4-FUNG-0002:G012,M4-FUNG-0002,G012,verA,BAE71324.1,53176.0,54711.0,+,monooxygenase,Sequence-divergent RIB40 homolog; no frameshift/deletion/nonsense identified,,,S001; S002,~30 of 453 aa differ from A. flavus comparator in Tominaga analysis.,115
M4-FUNG-0002:G013,M4-FUNG-0002,G013,avnA,BAE71325.1,55763.0,57354.0,-,cytochrome P450 monooxygenase,Transcript not detected in RIB40 under primary test condition,,no detectable transcript,S001; S002,"2 d YES, 30°C.",116
M4-FUNG-0002:G014,M4-FUNG-0002,G014,verB,BAE71326.1,57722.0,59278.0,-,desaturase,Transcript not detected in RIB40 under primary test condition,,no detectable transcript,S001; S002,"2 d YES, 30°C.",117
M4-FUNG-0002:G015,M4-FUNG-0002,G015,avfA,BAE71327.1,60315.0,61163.0,-,cytochrome P450 monooxygenase,,,,S001,,118
M4-FUNG-0002:G016,M4-FUNG-0002,G016,omtB,BAE71328.1,61341.0,62675.0,-,O-methyltransferase B,,,,S001,,119
M4-FUNG-0002:G017,M4-FUNG-0002,G017,omtA,BAE71329.1,63941.0,65427.0,-,O-methyltransferase A,Transcript not detected in RIB40 under primary test condition,,no detectable transcript,S001; S002,"2 d YES, 30°C.",120
M4-FUNG-0002:G018,M4-FUNG-0002,G018,ordA,BAE71330.1,66673.0,68623.0,+,oxidoreductase A / cytochrome P450 monooxygenase,,,,S001,,121
M4-FUNG-0002:G019,M4-FUNG-0002,G019,vbs,BAE71331.1,69138.0,71124.0,+,versicolorin B synthase,Transcript not detected in RIB40 under primary test condition,,no detectable transcript,S001; S002,"2 d YES, 30°C.",122
M4-FUNG-0002:G020,M4-FUNG-0002,G020,cypX,BAE71332.1,71668.0,73316.0,-,cytochrome P450 monooxygenase,,,,S001,,123
M4-FUNG-0002:G021,M4-FUNG-0002,G021,moxY,BAE71333.1,73931.0,75394.0,+,putative monooxygenase,,,,S001,,124
M4-FUNG-0002:G022,M4-FUNG-0002,G022,ordB,BAE71334.1,75945.0,76745.0,-,oxidoreductase B / cytochrome P450 monooxygenase,,,,S001,,125
M4-FUNG-0002:G023,M4-FUNG-0002,G023,hypA,BAE71335.1,77147.0,78697.0,-,hypothetical protein,,,,S001,,126
M4-FUNG-0003:G001,M4-FUNG-0003,G001,aflF / norB,AAS66007.1,1683.0,2831.0,-,dehydrogenase,contributes to late G-aflatoxin formation; norB disruption alters the late G1 intermediate profile,gene disruption,accumulation of a presumptive 362-Da alcohol intermediate; supports a NorB oxidation step,S016,Later functional evidence supersedes the 2004 review-era statement that norB function was unconfirmed.,104
M4-FUNG-0003:G002,M4-FUNG-0003,G002,aflU / cypA,AAS66021.1,3110.0,4871.0,+,cytochrome P450 monooxygenase,required for G-aflatoxin formation,insertional disruption,loss of G aflatoxins while B aflatoxins retained,S002; S009,Branch-specific functional evidence.,105
M4-FUNG-0003:G003,M4-FUNG-0003,G003,aflT,AAS66020.1,5573.0,7469.0,+,putative toxin transporter,,,,S002; S004,Core pathway annotation; transporter role less causally resolved than core enzymes.,106
M4-FUNG-0003:G004,M4-FUNG-0003,G004,aflC / pksA / pksL1,AAS66004.1,9137.0,15762.0,-,polyketide synthase,required for aflatoxin polyketide-backbone biosynthesis,gene disruption,loss of aflatoxin/early precursor synthesis,S002; S005,Core PKS.,107
M4-FUNG-0003:G005,M4-FUNG-0003,G005,aflD / nor-1,AAS66005.1,17448.0,18437.0,+,norsolorinic acid reductase,early pathway reductase; strongly used as pathway-expression reporter,native-locus versus ectopic reporter,position-dependent transcription; native locus active under inducing conditions,S002; S008,NOR→AVN.,108
M4-FUNG-0003:G006,M4-FUNG-0003,G006,aflA / fas-2 / hexA,AAS66002.1,19724.0,24844.0,-,fatty acid synthase alpha subunit,starter-unit formation for aflatoxin biosynthesis,,,S002; S004,Core pathway.,109
M4-FUNG-0003:G007,M4-FUNG-0003,G007,aflB / fas-1 / hexB / uvm8 / fas-1A,AAS66003.1,25546.0,31391.0,+,fatty acid synthase beta subunit,starter-unit formation for aflatoxin biosynthesis,,,S002; S004,Core pathway.,110
M4-FUNG-0003:G008,M4-FUNG-0003,G008,aflR / apa-2 / afl-2,AAS66018.1,32836.0,34170.0,-,Zn(II)2Cys6 pathway-specific transcriptional activator,controls multiple aflatoxin-pathway genes; increased expression can overcome nitrate inhibition,overexpression; disruption,overexpression increases pathway transcription under nitrate; disruption abolishes precursor production and downstream transcription,S002; S006; S007,Canonical pathway-specific regulator.,111
M4-FUNG-0003:G009,M4-FUNG-0003,G009,aflS (historical alias aflJ),AAS66019.1,34909.0,36355.0,+,pathway co-regulator / transcriptional enhancer,interacts functionally with AflR in pathway regulation,,,S002; S010,Do not confuse standardized aflS with standardized aflJ/estA; historical nomenclature collision.,112
M4-FUNG-0003:G010,M4-FUNG-0003,G010,aflH / adhA,AAS66009.1,36939.0,37775.0,+,alcohol dehydrogenase,associated with conversion of 5'-hydroxyaverantin toward averufin/averufanin,,,S002; S004,Core pathway.,113
M4-FUNG-0003:G011,M4-FUNG-0003,G011,aflJ / estA,AAS66011.1,38695.0,39694.0,+,esterase,associated with versiconal-hemiacetal-acetate processing,,,S002; S004,Standardized aflJ is the old estA locus; distinct from old aflJ alias now standardized aflS.,114
M4-FUNG-0003:G012,M4-FUNG-0003,G012,aflE / norA / aad,AAS66006.1,39983.0,41208.0,+,reductase/dehydrogenase,early pathway reductase,,,S002; S004,Core pathway.,115
M4-FUNG-0003:G013,M4-FUNG-0003,G013,aflM / ver-1,AAS66014.1,42020.0,42919.0,+,dehydrogenase / ketoreductase,required in middle pathway; versicolorin A toward demethylsterigmatocystin,transcriptional monitoring in aflR experiments,downstream transcript depends on AflR,S002; S006; S007,Core pathway.,116
M4-FUNG-0003:G014,M4-FUNG-0003,G014,aflN / verA,AAS66015.1,43951.0,45478.0,+,monooxygenase,middle-pathway enzyme,,,S002; S004,Core pathway.,117
M4-FUNG-0003:G015,M4-FUNG-0003,G015,aflG / avnA,AAS66008.1,46528.0,48128.0,-,cytochrome P450 monooxygenase,averantin oxidation in early pathway,,,S002; S004,Core pathway.,118
M4-FUNG-0003:G016,M4-FUNG-0003,G016,aflL / verB,AAS66013.1,48496.0,50052.0,-,desaturase,versicolorin B to versicolorin A branch chemistry,,,S002; S004,Core pathway.,119
M4-FUNG-0003:G017,M4-FUNG-0003,G017,aflI / avfA,AAS66010.1,51052.0,51909.0,-,oxidase,averufin-to-versiconal-hemiacetal-acetate region,,,S002; S004,Core pathway.,120
M4-FUNG-0003:G018,M4-FUNG-0003,G018,aflO / omtB / dmtA,AAS66016.1,52083.0,53418.0,-,O-methyltransferase B,methylation in late aflatoxin pathway,,,S002; S004,Core pathway.,121
M4-FUNG-0003:G019,M4-FUNG-0003,G019,aflP / omtA / omt-1,AAS66017.1,54736.0,56222.0,-,O-methyltransferase A,late-pathway methyltransferase; transcript depends on AflR,aflR overexpression/disruption assays,increased with aflR overexpression; absent after aflR disruption,S002; S006; S007,Core pathway.,122
M4-FUNG-0003:G020,M4-FUNG-0003,G020,aflQ / ordA / ord-1,AAS66031.1,57543.0,59488.0,+,cytochrome P450 monooxygenase,"late P450 monooxygenase; complementation restores conversion of OMST/DHOMST toward aflatoxins B1, G1, B2 and G2",complementation; heterologous yeast expression; site-directed mutagenesis,functional ordA restores late aflatoxin production; catalytic mutations impair activity,S017,Direct A. parasiticus biochemical/genetic evidence.,123
M4-FUNG-0003:G021,M4-FUNG-0003,G021,aflK / vbs,AAS66012.1,60000.0,61984.0,+,versicolorin B synthase,versiconal to versicolorin B,,,S002; S004,Core pathway.,124
M4-FUNG-0003:G022,M4-FUNG-0003,G022,aflV / cypX,AAS66022.1,62552.0,64200.0,-,cytochrome P450 monooxygenase,AVR monooxygenase catalyzing averufin to hydroxyversicolorone,gene deletion + metabolite feeding,loss of aflatoxin productivity; AVR accumulation; downstream intermediates rescue production,S012,Directly resolved in A. parasiticus NRRL 2999 in 2005.,125
M4-FUNG-0003:G023,M4-FUNG-0003,G023,aflW / moxY,AAS66023.1,64821.0,66266.0,+,monooxygenase,HVN monooxygenase catalyzing Baeyer-Villiger conversion of HVN to VHA and VONE to VOAc,gene deletion + metabolite feeding,loss of aflatoxin productivity with HVN/VONE accumulation; downstream substrates rescue,S012,Directly resolved in A. parasiticus NRRL 2999 in 2005.,126
M4-FUNG-0003:G024,M4-FUNG-0003,G024,aflX / ordB,AAS66024.1,66830.0,67630.0,-,monooxygenase / oxidase,required for versicolorin A to demethylsterigmatocystin conversion; exact reductive ring-opening chemistry remains mechanistically inferred,gene disruption + precursor feeding,A. flavus aflX disruptants accumulate more versicolorin A and less aflatoxin; ST/OMST feeding bypasses the block,S014,Direct functional study used A. flavus; apply to the conserved A. parasiticus ortholog with species-context caveat.,127
M4-FUNG-0003:G025,M4-FUNG-0003,G025,aflY / hypA,AAS66025.1,67990.0,69582.0,-,hypothetical pathway protein,required for versicolorin A to sterigmatocystin/demethylsterigmatocystin transition; predicted Baeyer-Villiger oxidase in xanthone-ring formation,gene disruption + metabolite feeding,A. parasiticus aflY/hypA disruptants accumulate versicolorin A and lose aflatoxin production,S013,Direct A. parasiticus functional assignment.,128
M4-FUNG-0003:G026,M4-FUNG-0003,G026,nadA,AAS66029.1,70448.0,71843.0,+,OYE-family FMN-binding NAD(P)H-dependent reductase,required for late G-aflatoxin formation; catalyzes reduction of a late AFG1 precursor/NADA intermediate,gene disruption + RT-PCR + cell-free enzymology,"nadA mutants accumulate NADA and produce about half the wild-type G-group aflatoxin under tested conditions, with little effect on B-group output",S015; S016,Historically listed with the four-gene adjacent sugar-utilization block; later direct evidence places nadA in the functional aflatoxin programme.,129
M4-FUNG-0003:G027,M4-FUNG-0003,G027,hxtA,AAS66028.1,72213.0,73913.0,-,hexose transporter,,,,S002; S003,Adjacent sugar-utilization region.,130
M4-FUNG-0003:G028,M4-FUNG-0003,G028,glcA,AAS66027.1,74555.0,76444.0,+,glucosidase,,,,S002; S003,Adjacent sugar-utilization region.,131
M4-FUNG-0003:G029,M4-FUNG-0003,G029,sugR,AAS66030.1,76682.0,78203.0,-,sugar-utilization regulator,,,,S002; S003,Adjacent sugar-utilization region.,132
M4-FUNG-0004:G001,M4-FUNG-0004,G001,aflT,AAS90092.1,13470.0,15450.0,+,cluster-associated transporter,NR,,,S001,MIBiG gene annotation; transporter function not treated here as AF13-specific causal evidence.,104
M4-FUNG-0004:G002,M4-FUNG-0004,G002,aflC / pksA,AAS90093.1,17109.0,23732.0,-,iterative polyketide synthase,core polyketide-backbone enzyme by established aflatoxin pathway genetics,,,S001; S009,MIBiG alias pksA; standardized name aflC.,105
M4-FUNG-0004:G003,M4-FUNG-0004,G003,aflD / nor-1,AAS90110.1,25422.0,26411.0,+,norsolorinic-acid reductase,early aflatoxin-pathway reductase,,,S001; S009,,106
M4-FUNG-0004:G004,M4-FUNG-0004,G004,aflA / fas-2 / hexA,AAS90111.1,27719.0,32839.0,-,fatty-acid synthase alpha subunit,starter-unit formation in aflatoxin biosynthesis,,,S001; S009,,107
M4-FUNG-0004:G005,M4-FUNG-0004,G005,aflB / fas-1 / hexB,AAS90095.1,33553.0,39399.0,+,fatty-acid synthase beta subunit,starter-unit formation in aflatoxin biosynthesis,,,S001; S009,MIBiG displays product Fas-1/HexB without a gene alias.,108
M4-FUNG-0004:G006,M4-FUNG-0004,G006,aflR,AAS90091.1,40669.0,42003.0,-,Zn(II)2Cys6 pathway-specific transcriptional regulator,canonical aflatoxin-cluster transcriptional activator,,,S001; S009,,109
M4-FUNG-0004:G007,M4-FUNG-0004,G007,aflS (historical aflJ),AAS90096.1,42743.0,44195.0,+,aflatoxin-pathway co-regulator,cluster regulatory cofactor by broader aflatoxin literature,,,S001; S009,MIBiG uses historical alias aflJ; standardized nomenclature commonly calls this aflS.,110
M4-FUNG-0004:G008,M4-FUNG-0004,G008,aflH / adhA,AAS90097.1,44759.0,45595.0,+,alcohol dehydrogenase,aflatoxin-pathway enzyme,,,S001; S009,,111
M4-FUNG-0004:G009,M4-FUNG-0004,G009,aflJ / estA,AAS90098.1,46515.0,47516.0,+,esterase,aflatoxin-pathway esterase,,,S001; S009,Standardized aflJ corresponds to historical estA; do not merge with historical aflJ = aflS.,112
M4-FUNG-0004:G010,M4-FUNG-0004,G010,aflE / norA,AAS90094.1,47807.0,49091.0,+,reductase/dehydrogenase,early aflatoxin-pathway reductase,,,S001; S009,,113
M4-FUNG-0004:G011,M4-FUNG-0004,G011,aflM / ver-1,AAS90099.1,49906.0,50805.0,+,ketoreductase/dehydrogenase,middle aflatoxin-pathway enzyme,,,S001; S009,,114
M4-FUNG-0004:G012,M4-FUNG-0004,G012,aflN / verA,AAS90100.1,51838.0,53373.0,+,monooxygenase,middle aflatoxin-pathway enzyme,,,S001; S009,,115
M4-FUNG-0004:G013,M4-FUNG-0004,G013,aflG / avnA,AAS90101.1,54428.0,56019.0,-,cytochrome P450 monooxygenase,early aflatoxin-pathway oxidation step,,,S001; S009,,116
M4-FUNG-0004:G014,M4-FUNG-0004,G014,aflL / verB,AAS90102.1,56387.0,57943.0,-,desaturase,aflatoxin-pathway desaturation step,,,S001; S009,,117
M4-FUNG-0004:G015,M4-FUNG-0004,G015,aflI / avfA,AAS90112.1,58979.0,59827.0,-,oxidase / monooxygenase,aflatoxin-pathway enzyme,,,S001; S009,,118
M4-FUNG-0004:G016,M4-FUNG-0004,G016,aflO / omtB,AAS90103.1,60007.0,61341.0,-,O-methyltransferase B,late aflatoxin-pathway methylation step,,,S001; S009,,119
M4-FUNG-0004:G017,M4-FUNG-0004,G017,aflP / omtA,AAS90104.1,62598.0,64084.0,-,O-methyltransferase A,late aflatoxin-pathway methyltransferase,,,S001; S009,,120
M4-FUNG-0004:G018,M4-FUNG-0004,G018,aflQ / ordA,AAS90105.1,65334.0,67284.0,+,cytochrome P450 monooxygenase / O-methylsterigmatocystin oxidoreductase,late conversion of OMST/DHOMST toward final B aflatoxins; direct ortholog evidence also supports G-product formation in B/G producers,complementation + heterologous yeast expression + site-directed mutagenesis in A. parasiticus,functional ordA restores late aflatoxin production; catalytic mutations impair activity,S001; S015,Direct biochemical/genetic experiment is in A. parasiticus; AF13 contains the conserved intact ordA ortholog.,121
M4-FUNG-0004:G019,M4-FUNG-0004,G019,aflK / vbs,AAS90106.1,67799.0,69785.0,+,versicolorin B synthase,versiconal-to-versicolorin B step,,,S001; S009,,122
M4-FUNG-0004:G020,M4-FUNG-0004,G020,aflV / cypX,AAS90107.1,70355.0,72003.0,-,cytochrome P450 monooxygenase,AVR monooxygenase catalyzing averufin to hydroxyversicolorone,gene deletion + metabolite feeding in A. parasiticus,"cypX deletion abolishes aflatoxin productivity, accumulates AVR, and is bypassed by downstream intermediates",S001; S012,Direct functional study is A. parasiticus; function transferred to the conserved AF13 ortholog with species-context caveat.,123
M4-FUNG-0004:G021,M4-FUNG-0004,G021,aflW / moxY,AAS90108.1,72616.0,74361.0,+,monooxygenase,HVN monooxygenase catalyzing Baeyer-Villiger conversion of HVN to VHA and VONE to VOAc,gene deletion + metabolite feeding in A. parasiticus,moxY deletion abolishes aflatoxin productivity with HVN/VONE accumulation; downstream intermediates rescue,S001; S012,Direct functional study is A. parasiticus; function transferred to the conserved AF13 ortholog with species-context caveat.,124
M4-FUNG-0004:G022,M4-FUNG-0004,G022,aflX / ordB,AAS90109.1,74628.0,75428.0,-,oxidoreductase / oxidase,required for versicolorin A to demethylsterigmatocystin conversion,gene disruption + precursor feeding in A. flavus,aflX disruptants accumulate more versicolorin A and less aflatoxin; ST/OMST feeding bypasses the block,S001; S014,"Direct A. flavus functional evidence, although not specifically AF13.",125
M4-FUNG-0004:G023,M4-FUNG-0004,G023,aflY / hypA,AAS90113.1,75783.0,77383.0,-,cluster oxidase / pathway protein,required for the versicolorin A to sterigmatocystin/demethylsterigmatocystin transition; predicted Baeyer-Villiger oxidase,gene disruption + metabolite feeding in A. parasiticus,hypA/aflY disruptants accumulate versicolorin A and lose aflatoxin production,S001; S013,Direct functional study is A. parasiticus; function transferred to the conserved AF13 ortholog with species-context caveat.,126
M4-FUNG-0005:G001,M4-FUNG-0005,G001,aflF / norB,AAS89996.1,12296.0,13444.0,-,dehydrogenase / aryl-alcohol-dehydrogenase-family protein,late G-aflatoxin pathway component; NorB oxidation contributes to AFG1 formation,gene disruption in A. parasiticus comparator,norB disruption accumulates a presumptive 362-Da alcohol intermediate in the G1 branch,S001; S015,Direct mechanistic evidence is from A. parasiticus; BN008R retains the intact ortholog and produces G1.,104
M4-FUNG-0005:G002,M4-FUNG-0005,G002,aflU / cypA,AAS89997.1,13721.0,15482.0,+,cytochrome P450 monooxygenase,required for G-aflatoxin formation by mechanistic disruption in A. parasiticus,cypA disruption in comparator,G1 lost while B aflatoxins retained,S001; S004,BN008R itself retains intact cypA.,105
M4-FUNG-0005:G003,M4-FUNG-0005,G003,aflT,AAS89998.1,16161.0,18141.0,+,cluster-associated transporter,NR,,,S001,,106
M4-FUNG-0005:G004,M4-FUNG-0005,G004,aflC / pksA,AAS89999.1,19824.0,26450.0,-,iterative polyketide synthase,core aflatoxin polyketide-backbone enzyme,,,S001; S006,,107
M4-FUNG-0005:G005,M4-FUNG-0005,G005,aflD / nor-1,AAS90000.1,28182.0,29171.0,+,norsolorinic-acid reductase,early pathway reductase,,,S001; S006,,108
M4-FUNG-0005:G006,M4-FUNG-0005,G006,aflA / hexA,AAS90001.1,30474.0,35594.0,-,fatty-acid synthase alpha subunit,starter-unit formation,,,S001; S006,,109
M4-FUNG-0005:G007,M4-FUNG-0005,G007,aflB / hexB,AAS90002.1,36315.0,42159.0,+,fatty-acid synthase beta subunit,starter-unit formation,,,S001; S006,,110
M4-FUNG-0005:G008,M4-FUNG-0005,G008,aflR,AAS90003.1,43624.0,44928.0,-,Zn(II)2Cys6 pathway-specific transcription factor,regulatory transcript measured across nitrogen/pH conditions,,condition-responsive pathway regulation,S001; S003; S005,Product output is not tightly predicted by aflR alone in BN008R pH experiments.,111
M4-FUNG-0005:G009,M4-FUNG-0005,G009,aflS (historical aflJ),AAS90004.1,45676.0,47142.0,+,aflatoxin-pathway co-regulator,S_BG isolates show lower aflJ/aflS expression on nitrate versus ammonium,,,S001; S003,Use modern aflS name while preserving historical aflJ alias.,112
M4-FUNG-0005:G010,M4-FUNG-0005,G010,aflH / adhA,AAS90005.1,47693.0,48523.0,+,alcohol dehydrogenase,pathway enzyme,,,S001; S006,,113
M4-FUNG-0005:G011,M4-FUNG-0005,G011,aflJ / estA,AAS90006.1,49450.0,50449.0,+,esterase,pathway enzyme,,,S001; S006,Distinct locus from historical aflJ=aflS.,114
M4-FUNG-0005:G012,M4-FUNG-0005,G012,aflE / norA,AAS90007.1,50685.0,51969.0,+,reductase/dehydrogenase,early pathway enzyme,,,S001; S006,,115
M4-FUNG-0005:G013,M4-FUNG-0005,G013,aflM / ver-1,AAS90008.1,52798.0,53697.0,+,versicolorin reductase / ketoreductase,middle pathway enzyme,,,S001; S006,,116
M4-FUNG-0005:G014,M4-FUNG-0005,G014,aflN / verA,AAS90009.1,54731.0,56267.0,+,monooxygenase,middle pathway enzyme,,,S001; S006,,117
M4-FUNG-0005:G015,M4-FUNG-0005,G015,aflG / avnA,AAS90010.1,57320.0,58918.0,-,cytochrome P450 monooxygenase,early pathway oxidation step,,,S001; S006,,118
M4-FUNG-0005:G016,M4-FUNG-0005,G016,aflL / verB,AAS90011.1,59316.0,60861.0,-,desaturase,pathway desaturation step,,,S001; S006,,119
M4-FUNG-0005:G017,M4-FUNG-0005,G017,aflI / avfA,AAS90017.1,61871.0,62728.0,-,oxidase,pathway enzyme,,,S001; S006,,120
M4-FUNG-0005:G018,M4-FUNG-0005,G018,aflO / omtB,AAS90012.1,62901.0,64235.0,-,O-methyltransferase B,late pathway methylation,,,S001; S006,,121
M4-FUNG-0005:G019,M4-FUNG-0005,G019,aflP / omtA,AAS90018.1,65519.0,67004.0,-,O-methyltransferase A,late pathway methyltransferase,,,S001; S006,,122
M4-FUNG-0005:G020,M4-FUNG-0005,G020,aflQ / ordA,AAS90013.1,68327.0,70271.0,+,cytochrome P450 monooxygenase / O-methylsterigmatocystin oxidoreductase,late conversion of OMST/DHOMST toward final B/G aflatoxins,complementation + heterologous yeast expression + site-directed mutagenesis in A. parasiticus,functional ordA restores late aflatoxin production; catalytic mutations impair monooxygenase activity,S001; S005; S014,Direct mechanistic study is in A. parasiticus; BN008R carries the conserved intact ordA ortholog and its transcript was quantified in the pH experiment.,123
M4-FUNG-0005:G021,M4-FUNG-0005,G021,aflK / vbs,AAS90019.1,70785.0,72769.0,+,versicolorin B synthase,pathway enzyme,,,S001; S006,,124
M4-FUNG-0005:G022,M4-FUNG-0005,G022,aflV / cypX,AAS90014.1,73347.0,74994.0,-,cytochrome P450 monooxygenase,AVR monooxygenase catalyzing averufin to hydroxyversicolorone,gene deletion + metabolite feeding in A. parasiticus,"cypX deletion abolishes aflatoxin productivity, accumulates AVR, and is bypassed by downstream intermediates",S001; S011,Direct mechanistic study is in A. parasiticus; apply to BN008R ortholog with species-context caveat.,125
M4-FUNG-0005:G023,M4-FUNG-0005,G023,aflW / moxY,AAS90015.1,75610.0,77076.0,+,monooxygenase,HVN monooxygenase catalyzing Baeyer-Villiger conversion of HVN to VHA and VONE to VOAc,gene deletion + metabolite feeding in A. parasiticus,moxY deletion abolishes aflatoxin productivity with HVN/VONE accumulation; downstream intermediates rescue,S001; S011,Direct mechanistic study is in A. parasiticus; apply to BN008R ortholog with species-context caveat.,126
M4-FUNG-0005:G024,M4-FUNG-0005,G024,aflX / ordB,AAS90016.1,77627.0,78427.0,-,oxidoreductase / monooxygenase,required for versicolorin A to demethylsterigmatocystin conversion,gene disruption + precursor feeding in A. flavus,aflX disruptants accumulate more versicolorin A and less aflatoxin; ST/OMST feeding bypasses the block,S001; S013,"Direct A. flavus evidence, not BN008R-specific; ortholog transfer is explicitly qualified.",127
M4-FUNG-0005:G025,M4-FUNG-0005,G025,aflY / hypA,AAS90020.1,78787.0,80379.0,-,cluster-associated oxidase/hypothetical protein,required for versicolorin A to sterigmatocystin/demethylsterigmatocystin transition; predicted Baeyer-Villiger oxidase,gene disruption + metabolite feeding in A. parasiticus,aflY/hypA disruptants accumulate versicolorin A and lose aflatoxin production,S001; S012,Direct mechanistic study is in A. parasiticus; apply to BN008R ortholog with species-context caveat.,128
M4-FUNG-0006:G001,M4-FUNG-0006,G001,aflT,AAS90021.1,5135.0,7115.0,+,cluster-associated transporter,NR,,,S001,,104
M4-FUNG-0006:G002,M4-FUNG-0006,G002,aflC / pksA,AAS90022.1,8712.0,15335.0,-,iterative polyketide synthase,core aflatoxin polyketide-backbone enzyme,,,S001; S004,,105
M4-FUNG-0006:G003,M4-FUNG-0006,G003,aflD / nor-1,AAS90023.1,17023.0,18012.0,+,norsolorinic-acid reductase,early-pathway reductase,,,S001; S004,,106
M4-FUNG-0006:G004,M4-FUNG-0006,G004,aflA / hexA,AAS90024.1,19319.0,24439.0,-,fatty-acid synthase alpha subunit,starter-unit formation,,,S001; S004,,107
M4-FUNG-0006:G005,M4-FUNG-0006,G005,aflB / hexB,AAS90025.1,25153.0,30999.0,+,fatty-acid synthase beta subunit,starter-unit formation,,,S001; S004,,108
M4-FUNG-0006:G006,M4-FUNG-0006,G006,aflR,AAS90026.1,32264.0,33598.0,-,Zn(II)2Cys6 pathway-specific transcriptional activator,canonical pathway regulator; expression responds to broader developmental state,,,S001; S008; S009,,109
M4-FUNG-0006:G007,M4-FUNG-0006,G007,aflS (historical aflJ),AAS90027.1,34339.0,35800.0,+,aflatoxin-pathway co-regulator,co-regulatory pathway function,,,S001; S004,Historical nomenclature preserved.,110
M4-FUNG-0006:G008,M4-FUNG-0006,G008,aflH / adhA,AAS90028.1,36372.0,37208.0,+,alcohol dehydrogenase,pathway enzyme,,,S001; S004,,111
M4-FUNG-0006:G009,M4-FUNG-0006,G009,aflJ / estA,AAS90029.1,38128.0,39129.0,+,esterase,pathway enzyme,,,S001; S004,Distinct from historical aflJ=aflS.,112
M4-FUNG-0006:G010,M4-FUNG-0006,G010,aflE / norA,AAS90040.1,39420.0,40704.0,+,reductase/dehydrogenase,early-pathway enzyme,,,S001; S004,,113
M4-FUNG-0006:G011,M4-FUNG-0006,G011,aflM / ver-1,AAS90030.1,41518.0,42418.0,+,ketoreductase/dehydrogenase,middle-pathway enzyme,,,S001; S004,,114
M4-FUNG-0006:G012,M4-FUNG-0006,G012,aflN / verA,AAS90031.1,43450.0,44980.0,+,monooxygenase,middle-pathway enzyme,,,S001; S004,,115
M4-FUNG-0006:G013,M4-FUNG-0006,G013,aflG / avnA,AAS90032.1,46035.0,47626.0,-,cytochrome P450 monooxygenase,early-pathway oxidation,,,S001; S004,,116
M4-FUNG-0006:G014,M4-FUNG-0006,G014,aflL / verB,AAS90033.1,47994.0,49550.0,-,desaturase,pathway desaturation,,,S001; S004,,117
M4-FUNG-0006:G015,M4-FUNG-0006,G015,aflI / avfA,AAS90043.1,50586.0,51434.0,-,oxidase/monooxygenase,pathway enzyme,,,S001; S004,,118
M4-FUNG-0006:G016,M4-FUNG-0006,G016,aflO / omtB,AAS90034.1,51611.0,52945.0,-,O-methyltransferase B,late-pathway methylation,,,S001; S004,,119
M4-FUNG-0006:G017,M4-FUNG-0006,G017,aflP / omtA,AAS90041.1,54202.0,55688.0,-,O-methyltransferase A,late-pathway methylation,,,S001; S004,,120
M4-FUNG-0006:G018,M4-FUNG-0006,G018,aflQ / ordA,AAS90035.1,56934.0,58884.0,+,cytochrome P450 oxidoreductase,late-pathway conversion toward B aflatoxins,,,S001; S004; S007,ordA transcript quantified in AF70 pH study.,121
M4-FUNG-0006:G019,M4-FUNG-0006,G019,aflK / vbs,AAS90042.1,59398.0,61384.0,+,versicolorin B synthase,pathway enzyme,,,S001; S004,,122
M4-FUNG-0006:G020,M4-FUNG-0006,G020,aflV / cypX,AAS90036.1,61954.0,63602.0,-,cytochrome P450 monooxygenase,pathway enzyme,,,S001; S004,,123
M4-FUNG-0006:G021,M4-FUNG-0006,G021,aflW / moxY,AAS90037.1,64217.0,65680.0,+,monooxygenase,pathway enzyme,,,S001; S004,,124
M4-FUNG-0006:G022,M4-FUNG-0006,G022,aflX / ordB,AAS90038.1,66231.0,67031.0,-,oxidase/monooxygenase,pathway enzyme,,,S001; S004,,125
M4-FUNG-0006:G023,M4-FUNG-0006,G023,aflY / hypA,AAS90039.1,67384.0,68984.0,-,cluster-associated pathway protein,pathway-associated enzyme,,,S001; S004,,126
M4-FUNG-0007:G001,M4-FUNG-0007,G001,aflF / norB,AAS90044.1,6862.0,8010.0,-,dehydrogenase / aryl-alcohol-dehydrogenase-family protein,proximal G-aflatoxin module component,,,S001; S004,Intact in NRRL 13137.,104
M4-FUNG-0007:G002,M4-FUNG-0007,G002,aflU / cypA,AAS90045.1,8295.0,10054.0,+,cytochrome P450 monooxygenase,required for G-aflatoxin formation,cypA insertional disruption in A. parasiticus comparator,G aflatoxins lost while B aflatoxins retained,S001; S004,Mechanistic knockout performed in A. parasiticus; NRRL 13137 retains intact cypA.,105
M4-FUNG-0007:G003,M4-FUNG-0007,G003,aflT,AAS90046.1,10719.0,12694.0,+,cluster-associated transporter,NR,,,S001,,106
M4-FUNG-0007:G004,M4-FUNG-0007,G004,aflC / pksA,AAS90047.1,14463.0,21070.0,-,iterative NR-PKS,core aflatoxin polyketide-backbone enzyme,,,S001; S004; S012,,107
M4-FUNG-0007:G005,M4-FUNG-0007,G005,aflD / nor-1,AAS90048.1,22839.0,23807.0,+,norsolorinic-acid reductase,early pathway reductase,,,S001; S004,,108
M4-FUNG-0007:G006,M4-FUNG-0007,G006,aflA / hexA,AAS90049.1,24978.0,30104.0,-,fatty-acid synthase alpha subunit,starter-unit formation,,,S001; S004,,109
M4-FUNG-0007:G007,M4-FUNG-0007,G007,aflB / hexB,AAS90050.1,30822.0,36672.0,+,fatty-acid synthase beta subunit,starter-unit formation,,,S001; S004,,110
M4-FUNG-0007:G008,M4-FUNG-0007,G008,aflR,AAS90051.1,38077.0,39405.0,-,Zn(II)2Cys6 pathway-specific transcriptional activator,canonical aflatoxin-cluster regulator,,,S001; S004; S006,Density-regulated pathway context is conserved across tested producers.,111
M4-FUNG-0007:G009,M4-FUNG-0007,G009,aflS (historical aflJ),AAS90052.1,40123.0,41569.0,+,aflatoxin-pathway co-regulator,canonical cluster co-regulator,,,S001; S004; S006,Historical MIBiG name AflJ retained as alias.,112
M4-FUNG-0007:G010,M4-FUNG-0007,G010,aflH / adhA,AAS90053.1,42121.0,42930.0,+,alcohol dehydrogenase,pathway enzyme,,,S001; S004,,113
M4-FUNG-0007:G011,M4-FUNG-0007,G011,aflJ / estA,AAS90054.1,43889.0,44888.0,+,esterase,pathway enzyme,,,S001; S004,Distinct locus from historical aflJ=aflS.,114
M4-FUNG-0007:G012,M4-FUNG-0007,G012,aflE / norA,AAS90055.1,45179.0,46463.0,+,reductase/dehydrogenase,early pathway enzyme,,,S001; S004,,115
M4-FUNG-0007:G013,M4-FUNG-0007,G013,aflM / ver-1,AAS90056.1,47285.0,48187.0,+,ketoreductase/dehydrogenase,middle-pathway enzyme,,,S001; S004,,116
M4-FUNG-0007:G014,M4-FUNG-0007,G014,aflN / verA,AAS90057.1,49221.0,50767.0,+,monooxygenase,middle-pathway enzyme,,,S001; S004,,117
M4-FUNG-0007:G015,M4-FUNG-0007,G015,aflG / avnA,AAS90058.1,51845.0,53456.0,-,cytochrome P450 monooxygenase,early pathway oxidation,,,S001; S004,,118
M4-FUNG-0007:G016,M4-FUNG-0007,G016,aflL / verB,AAS90059.1,53898.0,55473.0,-,desaturase,pathway desaturation,,,S001; S004,,119
M4-FUNG-0007:G017,M4-FUNG-0007,G017,aflI / avfA,AAS90067.1,56496.0,57344.0,-,oxidase / monooxygenase,pathway enzyme,,,S001; S004,,120
M4-FUNG-0007:G018,M4-FUNG-0007,G018,aflO / omtB,AAS90060.1,57517.0,58853.0,-,O-methyltransferase B,late pathway methylation,,,S001; S004,,121
M4-FUNG-0007:G019,M4-FUNG-0007,G019,aflP / omtA,AAS90065.1,60565.0,62060.0,-,O-methyltransferase A,late pathway methylation,,,S001; S004,,122
M4-FUNG-0007:G020,M4-FUNG-0007,G020,aflQ / ordA,AAS90061.1,63157.0,65104.0,+,cytochrome P450 oxidoreductase,late conversion toward B/G final products,,,S001; S004,,123
M4-FUNG-0007:G021,M4-FUNG-0007,G021,aflK / vbs,AAS90066.1,65617.0,67606.0,+,versicolorin B synthase,pathway enzyme,,,S001; S004,,124
M4-FUNG-0007:G022,M4-FUNG-0007,G022,aflV / cypX,AAS90062.1,68188.0,69834.0,-,cytochrome P450 monooxygenase,pathway enzyme,,,S001; S004,,125
M4-FUNG-0007:G023,M4-FUNG-0007,G023,aflW / moxY,AAS90063.1,70380.0,72194.0,+,monooxygenase,pathway enzyme,,,S001; S004,,126
M4-FUNG-0007:G024,M4-FUNG-0007,G024,aflX / ordB,AAS90064.1,72461.0,73267.0,-,oxidoreductase / monooxygenase,pathway enzyme,,,S001; S004,,127
M4-FUNG-0007:G025,M4-FUNG-0007,G025,aflY / hypA,AAS90068.1,73631.0,75223.0,-,cluster-associated pathway protein,pathway-associated enzyme,,,S001; S004,,128
M4-FUNG-0008:G001,M4-FUNG-0008,G001,aflT,AAS90069.1,4802.0,6782.0,+,cluster-associated transporter,NR,,,S001,,104
M4-FUNG-0008:G002,M4-FUNG-0008,G002,aflC / pksA pseudogene,NR,,,-,iterative polyketide synthase pseudogene,G→A SNP at coding nucleotide 591 creates premature stop codon; sufficient to explain atoxigenicity,sequence comparison,no functional PKS; no aflatoxin accumulation,S003,Sequence is present in AY510455 but is not represented by MIBiG as a functional CDS/protein accession.,105
M4-FUNG-0008:G003,M4-FUNG-0008,G003,aflD / nor-1,AAS90070.1,16690.0,17679.0,+,norsolorinic-acid reductase,downstream early-pathway enzyme; intact CDS,,,S001,,106
M4-FUNG-0008:G004,M4-FUNG-0008,G004,aflA / hexA,AAS90071.1,18988.0,24108.0,-,fatty-acid synthase alpha subunit,starter-unit enzyme; sequence polymorphisms considered unlikely to account for atoxigenicity,,,S001; S003,,107
M4-FUNG-0008:G005,M4-FUNG-0008,G005,aflB / hexB,AAS90085.1,24822.0,30668.0,+,fatty-acid synthase beta subunit,starter-unit enzyme; nonconservative variants considered insufficient to explain atoxigenicity,,,S001; S003,,108
M4-FUNG-0008:G006,M4-FUNG-0008,G006,aflR,AAS90086.1,31932.0,33266.0,-,Zn(II)2Cys6 pathway-specific transcriptional activator,cluster regulator remains encoded,,,S001,,109
M4-FUNG-0008:G007,M4-FUNG-0008,G007,aflS (historical aflJ),AAS90072.1,34006.0,35456.0,+,aflatoxin-pathway co-regulator,cluster co-regulator remains encoded,,,S001,Historical MIBiG product AflJ; modern standardized alias often aflS.,110
M4-FUNG-0008:G008,M4-FUNG-0008,G008,aflH / adhA,AAS90073.1,36024.0,36860.0,+,alcohol dehydrogenase,pathway enzyme,,,S001,,111
M4-FUNG-0008:G009,M4-FUNG-0008,G009,aflJ / estA,AAS90075.1,37780.0,38781.0,+,esterase,pathway enzyme,,,S001,Distinct locus from historical aflJ=aflS.,112
M4-FUNG-0008:G010,M4-FUNG-0008,G010,aflE / norA,AAS90074.1,39072.0,40356.0,+,reductase/dehydrogenase,early-pathway enzyme,,,S001,,113
M4-FUNG-0008:G011,M4-FUNG-0008,G011,aflM / ver-1,AAS90076.1,41171.0,42070.0,+,ketoreductase/dehydrogenase,middle-pathway enzyme,,,S001,,114
M4-FUNG-0008:G012,M4-FUNG-0008,G012,aflN / verA,AAS90077.1,43103.0,44633.0,+,monooxygenase,middle-pathway enzyme,,,S001,,115
M4-FUNG-0008:G013,M4-FUNG-0008,G013,aflG / avnA,AAS90078.1,45688.0,47279.0,-,cytochrome P450 monooxygenase,early-pathway oxidation enzyme,,,S001,,116
M4-FUNG-0008:G014,M4-FUNG-0008,G014,aflL / verB,AAS90079.1,47647.0,49203.0,-,desaturase,pathway enzyme,,,S001,,117
M4-FUNG-0008:G015,M4-FUNG-0008,G015,aflI / avfA,AAS90090.1,50239.0,51087.0,-,oxidase / monooxygenase,pathway enzyme,,,S001,,118
M4-FUNG-0008:G016,M4-FUNG-0008,G016,aflO / omtB,AAS90080.1,51258.0,52592.0,-,O-methyltransferase B,late-pathway enzyme,,,S001,,119
M4-FUNG-0008:G017,M4-FUNG-0008,G017,aflP / omtA,AAS90087.1,53850.0,55336.0,-,O-methyltransferase A,late-pathway enzyme,,,S001,,120
M4-FUNG-0008:G018,M4-FUNG-0008,G018,aflQ / ordA,AAS90081.1,56583.0,58533.0,+,cytochrome P450 oxidoreductase,late-pathway enzyme,,,S001,,121
M4-FUNG-0008:G019,M4-FUNG-0008,G019,aflK / vbs,AAS90088.1,59048.0,61034.0,+,versicolorin B synthase,pathway enzyme,,,S001,,122
M4-FUNG-0008:G020,M4-FUNG-0008,G020,aflV / cypX,AAS90082.1,61576.0,63224.0,-,cytochrome P450 monooxygenase,pathway enzyme,,,S001,,123
M4-FUNG-0008:G021,M4-FUNG-0008,G021,aflW / moxY,AAS90083.1,63837.0,65582.0,+,monooxygenase,pathway enzyme,,,S001,,124
M4-FUNG-0008:G022,M4-FUNG-0008,G022,aflX / ordB,AAS90084.1,65849.0,66649.0,-,oxidase/monooxygenase,pathway enzyme,,,S001,,125
M4-FUNG-0008:G023,M4-FUNG-0008,G023,aflY / hypA,AAS90089.1,67004.0,68604.0,-,cluster-associated pathway protein,pathway-associated enzyme,,,S001,,126
M4-FUNG-0009:G001,M4-FUNG-0009,G001,aflW,ACI31320.1,1804.0,3870.0,-,monooxygenase / aflatoxin-pathway enzyme,cluster-associated biosynthetic enzyme,,,S001; S004,Distal end of rearranged aflN→aflW block.,104
M4-FUNG-0009:G002,M4-FUNG-0009,G002,aflE,ACI31321.1,4298.0,5591.0,+,reductase/dehydrogenase,early-pathway enzyme,,,S001; S004,,105
M4-FUNG-0009:G003,M4-FUNG-0009,G003,aflM,ACI31322.1,5874.0,6804.0,+,ketoreductase/dehydrogenase,middle-pathway enzyme,,,S001; S004,,106
M4-FUNG-0009:G004,M4-FUNG-0009,G004,stcT,ACI31323.1,7027.0,7839.0,-,ST-cluster-associated enzyme,pathway-associated,,,S001; S004,A. nidulans-like nomenclature retained.,107
M4-FUNG-0009:G005,M4-FUNG-0009,G005,hypE,ACH72914.1,8002.0,8397.0,-,hypothetical cluster protein,NR,,,S001,,108
M4-FUNG-0009:G006,M4-FUNG-0009,G006,aflN,ACH72913.2,9134.0,10671.0,+,monooxygenase,middle-pathway enzyme,,,S001; S004,Part of rearranged upstream block.,109
M4-FUNG-0009:G007,M4-FUNG-0009,G007,aflC / pksA,ACH72912.1,11224.0,17970.0,-,iterative NR-PKS,core polyketide-backbone enzyme,,,S001; S004,,110
M4-FUNG-0009:G008,M4-FUNG-0009,G008,aflV / cypX,ACH72911.1,18386.0,19979.0,+,cytochrome P450 monooxygenase,pathway enzyme,,,S001; S004,,111
M4-FUNG-0009:G009,M4-FUNG-0009,G009,stcC,ACH72910.1,20559.0,21425.0,-,ST-cluster-associated enzyme,pathway-associated,,,S001; S004,,112
M4-FUNG-0009:G010,M4-FUNG-0009,G010,stcD,ACH72909.1,22800.0,23195.0,+,ST-cluster-associated enzyme,pathway-associated,,,S001; S004,,113
M4-FUNG-0009:G011,M4-FUNG-0009,G011,aflD / nor-1,ACH72908.1,23512.0,24523.0,+,norsolorinic-acid reductase,early-pathway reductase,,,S001; S004,,114
M4-FUNG-0009:G012,M4-FUNG-0009,G012,aflR,ACH72907.1,25216.0,26841.0,-,Zn(II)2Cys6 pathway-specific transcriptional activator,A. ochraceoroseus AflR restored ST production in an A. nidulans aflR mutant,heterologous complementation,restored sterigmatocystin production,S001; S004,Direct functional regulator evidence.,115
M4-FUNG-0009:G013,M4-FUNG-0009,G013,aflS,ACH72906.1,27547.0,28891.0,+,aflatoxin/ST pathway co-regulator,cluster co-regulator,,,S001; S004,,116
M4-FUNG-0009:G014,M4-FUNG-0009,G014,aflG / avnA,ACH72905.1,29656.0,31385.0,-,cytochrome P450 monooxygenase,early-pathway oxidation,,,S001; S004,,117
M4-FUNG-0009:G015,M4-FUNG-0009,G015,aflH / adhA,ACH72904.1,31646.0,32608.0,+,alcohol dehydrogenase,pathway enzyme,,,S001; S004,,118
M4-FUNG-0009:G016,M4-FUNG-0009,G016,stcH,ACH72903.1,32719.0,32997.0,-,ST-cluster-associated protein,pathway-associated,,,S001; S004,,119
M4-FUNG-0009:G017,M4-FUNG-0009,G017,aflJ / estA,ACH72902.1,33335.0,34326.0,+,esterase,pathway enzyme,,,S001; S004,,120
M4-FUNG-0009:G018,M4-FUNG-0009,G018,aflA / fas-2,ACH72901.1,35053.0,39910.0,-,fatty-acid synthase alpha subunit,starter-unit formation,,,S001; S004,,121
M4-FUNG-0009:G019,M4-FUNG-0009,G019,aflB / fas-1,ACH72900.1,40441.0,46417.0,+,fatty-acid synthase beta subunit,starter-unit formation,,,S001; S004,,122
M4-FUNG-0009:G020,M4-FUNG-0009,G020,aflL / verB,AAM18769.1,46781.0,48332.0,-,desaturase,pathway desaturation,,,S001; S004,,123
M4-FUNG-0009:G021,M4-FUNG-0009,G021,hypB2,ACH72899.1,48768.0,49199.0,-,hypothetical cluster protein,NR,,,S001,,124
M4-FUNG-0009:G022,M4-FUNG-0009,G022,aflK / vbs,ACH72898.1,49564.0,51597.0,+,versicolorin B synthase,pathway enzyme,,,S001; S004,,125
M4-FUNG-0009:G023,M4-FUNG-0009,G023,aflI / avfA,ACH72897.1,51698.0,52555.0,-,oxidase / monooxygenase,pathway enzyme,,,S001; S004,,126
M4-FUNG-0009:G024,M4-FUNG-0009,G024,aflO / omtB,ACH72896.1,52815.0,54111.0,-,O-methyltransferase B,late pathway methylation,,,S001; S004,,127
M4-FUNG-0009:G025,M4-FUNG-0009,G025,aflX / ordB,ACH72895.1,54327.0,55136.0,-,oxidase/monooxygenase,pathway enzyme,,,S001; S004,,128
M4-FUNG-0009:G026,M4-FUNG-0009,G026,aflY / hypA,ACH72894.1,55424.0,56973.0,+,cluster-associated pathway protein,pathway-associated enzyme,,,S001; S004,Proximal end of cluster per 2009 organization model.,129
M4-FUNG-0009:G027,M4-FUNG-0009,G027,aflQ / ordA (extra-cluster),NR,,,NR,late oxidoreductase required for ST→AF conversion,57% aa identity to A. flavus AflQ; complements A. parasiticus aflQ mutant,heterologous complementation,restored aflatoxin production,S006,Critical extra-cluster gene; exact genomic coordinates/accession not extracted in this pass.,130
M4-FUNG-0010:G001,M4-FUNG-0010,G001,alt1,BAD83680.1,1893.0,3696.0,-,cytochrome P450 monooxygenase,predicted tailoring enzyme by homology; exact A. solani reaction unresolved,,,S001; S003,No direct product-level assignment in defining paper.,104
M4-FUNG-0010:G002,M4-FUNG-0010,G002,alt2,BAD83681.1,4088.0,5701.0,-,cytochrome P450 monooxygenase,predicted tailoring enzyme; homologous Alt2′ later oxidizes alternapyrone-family side chain in a different fungus,,,S001; S003; S008,Comparative homolog function must not be silently transferred to A. solani Alt2.,105
M4-FUNG-0010:G003,M4-FUNG-0010,G003,alt3,BAD83682.1,6091.0,7740.0,-,cytochrome P450 monooxygenase,predicted tailoring enzyme; homologous Alt3′ later performs successive oxidative tailoring in a different fungus,,,S001; S003; S008,Comparative homolog function only.,106
M4-FUNG-0010:G004,M4-FUNG-0010,G004,alt4,BAD83683.1,8580.0,10221.0,+,FAD/FMN-dependent oxygenase/oxidase,predicted tailoring enzyme; exact A. solani reaction unresolved,,,S001; S003,,107
M4-FUNG-0010:G005,M4-FUNG-0010,G005,alt5 / pksN / PKSN,BAD83684.1,11261.0,19092.0,+,highly reducing iterative type I PKS with C-methyltransferase; KS–AT–DH–CMeT–ER–KR–ACP,direct synthesis of alternapyrone,heterologous expression in A. oryzae under α-amylase promoter,alternapyrone produced and structurally identified,S001; S003; S005,Core-enzyme product is established independently of Alt1–Alt4.,108
M4-FUNG-0011:G001,M4-FUNG-0011,G001,pkgA / ANIA_07071,CBF79143.1,1119810.0,1125772.0,-,non-reducing iterative type I PKS; heptaketide synthase lacking a built-in releasing domain,direct alternariol/isocoumarin core synthesis,alcA promoter replacement,PkgA induction alone yields several products at low abundance; dual induction with PkgB gives high yield,S001; S003,SAT motif is unusual GXSXG; product-release limitation is central.,104
M4-FUNG-0011:G002,M4-FUNG-0011,G002,pkgB / ANIA_07070,CBF79145.1,1126368.0,1127658.0,-,metallo-β-lactamase-type thioesterase / trans-acting product-release enzyme,efficient release of PkgA polyketide product,alcA promoter replacement together with pkgA,dramatic increase in product yield; enabled isolation of alternariol and co-products,S001; S003,MIBiG calls it a conserved hypothetical protein; functional study identifies β-lactamase-type TE role.,105
M4-FUNG-0012:G001,M4-FUNG-0012,G001,AN1027,EAA65595.1,111993.0,113186.0,+,hypothetical flanking protein,not required for asperfuranone under deletion assay,gene deletion,asperfuranone retained,S001; S003,Outside functionally supported border.,104
M4-FUNG-0012:G002,M4-FUNG-0012,G002,AN1028,EAA65596.1,114677.0,116987.0,-,hypothetical flanking protein,not required for asperfuranone under deletion assay,gene deletion,asperfuranone retained,S001; S003,Outside functionally supported border.,105
M4-FUNG-0012:G003,M4-FUNG-0012,G003,afoA / AN1029,EAA65597.1,117847.0,120200.0,-,pathway-specific fungal transcription factor,activates asperfuranone cluster; required for ScpR-mediated cross-cluster activation,alcA promoter replacement; deletion in scpR-OE strain,promoter bypass activates product; deletion abolishes ScpR-driven product,S001; S003; S004,Central regulatory gate.,106
M4-FUNG-0012:G004,M4-FUNG-0012,G004,AN1030,EAA65598.1,121571.0,122788.0,+,predicted dehydrogenase / crotonyl-CoA reductase-like protein,dispensable for asperfuranone yield in original deletion study; transcription induced by ScpR,gene deletion; ScpR overexpression,deletion retains product; transcript increases with cluster activation,S001; S003; S004,Key co-expression ≠ necessity case.,107
M4-FUNG-0012:G005,M4-FUNG-0012,G005,afoB / AN1031,EAA65599.1,123380.0,125412.0,-,efflux pump / transporter,supports efficient asperfuranone accumulation/export,gene deletion,asperfuranone strongly reduced but not eliminated,S001; S003,Product protection/export/recovery layer.,108
M4-FUNG-0012:G006,M4-FUNG-0012,G006,afoC / AN1032,EAA65600.1,125797.0,126690.0,-,probable esterase; originally assigned oxidoreductase-like tailoring role,supports efficient final-product formation; endogenous enzymes may partially compensate,gene deletion,asperfuranone strongly reduced but not eliminated,S001; S003; S007,Exact catalytic role remains less secure than phenotype.,109
M4-FUNG-0012:G007,M4-FUNG-0012,G007,afoD / AN1033,EAA65601.1,127296.0,128747.0,+,FAD-dependent monooxygenase / hydroxylase,required oxidative tailoring; deletion accumulates preasperfuranone,gene deletion,asperfuranone abolished; preasperfuranone accumulates,S001; S003,Provides an intermediate-localization phenotype.,110
M4-FUNG-0012:G008,M4-FUNG-0012,G008,afoE / AN1034,EAA65602.1,129597.0,138527.0,+,non-reducing iterative PKS with starter-unit acyl transfer and reductive release,"accepts AfoG-derived starter, extends with four malonyl-CoA and one SAM, builds aromatic portion",gene deletion,asperfuranone abolished,S001; S003,One of two core PKSs.,111
M4-FUNG-0012:G009,M4-FUNG-0012,G009,afoF / AN1035,EAA65603.1,139055.0,140647.0,+,FAD-linked oxidase/oxygenase,required late oxidative tailoring; exact reaction order remains partly unresolved,gene deletion,asperfuranone abolished,S001; S003,No diagnostic intermediate isolated in original deletion.,112
M4-FUNG-0012:G010,M4-FUNG-0012,G010,afoG / AN1036,EAA65604.1,142416.0,150464.0,-,highly reducing iterative PKS,"produces 3,5-dimethyloctadienone starter from acetyl-CoA, three malonyl-CoA and two SAM",gene deletion,asperfuranone abolished,S001; S003; S007,Starter-unit PKS.,113
M4-FUNG-0012:G011,M4-FUNG-0012,G011,AN1037,EAA65605.1,151952.0,153232.0,-,hypothetical flanking protein,not required for asperfuranone under deletion assay,gene deletion,asperfuranone retained,S001; S003,Outside functionally supported border.,114
M4-FUNG-0013:G001,M4-FUNG-0013,G001,2360,AGN71602.1,10302.0,11051.0,+,D-tyrosyl-tRNA(Tyr) deacylase,no demonstrated pigment role,,,S001; S002,Likely flanking/passenger relative to core pigment programme.,104
M4-FUNG-0013:G002,M4-FUNG-0013,G002,2361,AGN71603.1,11861.0,12769.0,+,peptidyl-prolyl cis-trans isomerase,no demonstrated pigment role,,,S001; S002,Likely flanking/passenger.,105
M4-FUNG-0013:G003,M4-FUNG-0013,G003,MpPKS5 / 2362,AGN71604.1,13913.0,22056.0,-,nonreducing iterative fungal PKS with reductive release; SAT/KS/AT/PT/ACP/MT/R domains,essential azaphilone-pigment backbone synthesis,targeted inactivation in M. purpureus,albino mutant; pigment biosynthesis abolished,S001; S002; S003,Direct functional test is in M. purpureus ortholog.,106
M4-FUNG-0013:G004,M4-FUNG-0013,G004,mppR1 / 2363R1,AGN71605.1,24605.0,26315.0,+,pathway transcriptional regulator,regulatory access to pigment pathway,T-DNA insertion upstream in M. purpureus W13,mppR1 and MpPKS5 transcription strongly repressed; albino phenotype,S001; S003,Primary discovery locus.,107
M4-FUNG-0013:G005,M4-FUNG-0013,G005,2364A / putative mppA-family reductase,AGN71606.1,26467.0,27524.0,-,ketoreductase / oxidoreductase,common-pathway reductive modification inferred; exact M. pilosus reaction not directly tested here,,,S001; S006,Do not over-map later M. purpureus nomenclature without direct locus confirmation.,108
M4-FUNG-0013:G006,M4-FUNG-0013,G006,2365B,AGN71607.1,28132.0,29499.0,+,acyltransferase,predicted tailoring/acyl transfer,,,S001,,109
M4-FUNG-0013:G007,M4-FUNG-0013,G007,2366C / mppC-family reductase,AGN71608.1,29639.0,30667.0,-,dehydrogenase / reductase,common-pathway reductive/cyclization-associated function inferred from Monascus pathway studies,,,S001; S006,Exact nomenclature mapping retained cautiously.,110
M4-FUNG-0013:G008,M4-FUNG-0013,G008,2367B,AGN71609.1,31179.0,33685.0,+,amino oxidase/esterase,predicted tailoring enzyme,,,S001,,111
M4-FUNG-0013:G009,M4-FUNG-0013,G009,2368E / mppE,AGN71610.1,33796.0,34905.0,-,quinone-oxidoreductase-like reductase,controls reductive yellow-pigment branch,targeted inactivation and overexpression in M. purpureus,deletion increases orange/red; overexpression promotes yellow ankaflavin/monascin; culture-method dependent,S001; S005,Mapping based on MIBiG E locus and mppE functional literature.,112
M4-FUNG-0013:G010,M4-FUNG-0013,G010,2369,AGN71611.1,35220.0,36191.0,+,hypothetical protein,NR,,,S001,,113
M4-FUNG-0013:G011,M4-FUNG-0013,G011,mppR2 / 2370R2,AGN71612.1,36321.0,37776.0,+,putative transcriptional regulatory protein,regulatory role proposed; direct evidence weaker than MppR1,,,S001; S003,,114
M4-FUNG-0013:G012,M4-FUNG-0013,G012,MpFasA2 / 2371,AGN71613.1,38028.0,43796.0,-,dedicated fatty-acid-synthase alpha subunit,short-chain C8/C10 acyl supply for azaphilone decoration,,,S001; S004,Functional targeted deletion was of fasB2 partner in M. purpureus.,115
M4-FUNG-0013:G013,M4-FUNG-0013,G013,MpFasB2 / 2372,AGN71614.1,44432.0,50700.0,+,dedicated fatty-acid-synthase beta subunit,required short-chain fatty-acyl decoration,targeted inactivation in M. purpureus,white/yellow phenotype; normal MAz pigments lost; monascusone A accumulates,S001; S004,"Cellular C16/C18 fatty-acid pool largely unchanged, supporting dedicated secondary-metabolic role.",116
M4-FUNG-0013:G014,M4-FUNG-0013,G014,2373,AGN71615.1,51201.0,51665.0,-,hypothetical protein,NR,,,S001,,117
M4-FUNG-0013:G015,M4-FUNG-0013,G015,2374,AGN71616.1,52222.0,52860.0,-,RhoA-like GTP-binding protein,no demonstrated pigment role,,,S001,Likely outside minimal biosynthetic core.,118
M4-FUNG-0013:G016,M4-FUNG-0013,G016,2375,AGN71617.1,54214.0,55245.0,+,hypothetical protein,NR,,,S001,,119
M4-FUNG-0013:G017,M4-FUNG-0013,G017,2376,AGN71618.1,55785.0,56848.0,+,myrosinase-binding-protein-like protein,NR,,,S001,,120
M4-FUNG-0013:G018,M4-FUNG-0013,G018,2377,AGN71619.1,57499.0,59399.0,+,solute-carrier-family membrane protein,possible transport/context role; direct pigment function not established,,,S001,,121
M4-FUNG-0013:G019,M4-FUNG-0013,G019,2378,AGN71620.1,59767.0,59958.0,-,hypothetical protein,NR,,,S001,,122
M4-FUNG-0013:G020,M4-FUNG-0013,G020,2379,AGN71621.1,63782.0,65008.0,-,hypothetical protein,NR,,,S001,,123
M4-FUNG-0013:G021,M4-FUNG-0013,G021,2380 / candidate mppG-region oxidase-related gene,AGN71622.1,66477.0,67841.0,-,dehydratase,exact relation to functionally defined M. purpureus mppG not resolved,,,S001; S006,Do not equate this locus automatically with mppG.,124
M4-FUNG-0013:G022,M4-FUNG-0013,G022,2381F,AGN71623.1,68579.0,69950.0,-,hydroxylase / monooxygenase,proposed pyrone-ring-forming oxidative tailoring enzyme,pathway proposal,predicted downstream ring-formation role,S001; S003,Primary paper highlights a distant azaH/tropB-homolog monooxygenase; exact function not knockout-validated there.,125
M4-FUNG-0013:G023,M4-FUNG-0013,G023,2382,AGN71624.1,70854.0,72233.0,-,hypothetical protein,NR,,,S001,,126
M4-FUNG-0013:G024,M4-FUNG-0013,G024,2383,AGN71625.1,73916.0,76156.0,-,putative HC-toxin efflux carrier TOXA-like transporter,possible pigment export/protection function; unvalidated,,,S001,,127
M4-FUNG-0014:G001,M4-FUNG-0014,G001,FFUJ_14916,CCT69238.1,100853.0,101936.0,-,uncharacterized / alpha-beta-hydrolase-domain protein by antiSMASH,no demonstrated bikaverin function,,,S001,Included in MIBiG locus feature but upstream of the characterized bik1–bik6 core.,104
M4-FUNG-0014:G002,M4-FUNG-0014,G002,bik1 / pks4 / FFUJ_06742,CCT67991.1,102202.0,108472.0,-,nonreducing iterative type I polyketide synthase,essential synthesis of pre-bikaverin polyketide scaffold,targeted deletion/disruption,bikaverin abolished; unpigmented phenotype,S001; S003; S004,Original PKS4 renamed Bik1.,105
M4-FUNG-0014:G003,M4-FUNG-0014,G003,bik2 / FFUJ_06743,CCT67992.1,109205.0,110782.0,-,FAD-dependent monooxygenase,alternating oxidative tailoring of pre-bikaverin intermediates,targeted deletion; later overexpression/intermediate analysis,bikaverin abolished; pathway intermediates accumulate,S001; S003; S005,Two oxidation steps in later mechanistic pathway.,106
M4-FUNG-0014:G004,M4-FUNG-0014,G004,bik3 / FFUJ_06744,CCT67993.1,111184.0,112647.0,+,O-methyltransferase,alternating O-methylation of bikaverin intermediates,targeted deletion; later overexpression/intermediate analysis,bikaverin abolished; intermediates accumulate,S001; S003; S005,Two methylation steps in later mechanistic pathway.,107
M4-FUNG-0014:G005,M4-FUNG-0014,G005,bik4 / FFUJ_06745,CCT67994.1,113419.0,114399.0,+,NmrA-like regulatory/coregulatory protein,positive regulation of bik gene expression,targeted deletion,bikaverin strongly reduced; bik1/2/3 transcript levels drastically reduced,S001; S003,MIBiG product wording: transcription-factor enhancer.,108
M4-FUNG-0014:G006,M4-FUNG-0014,G006,bik5 / FFUJ_06746,CCT67995.1,114589.0,116952.0,-,Zn(II)2Cys6 cluster-specific transcription factor,"major positive pathway regulator, especially bik1 and associated regulatory/transport genes",targeted deletion,bikaverin strongly reduced; bik1/bik4/bik6 transcripts reduced,S001; S003,bik2/bik3 transcript effects differ from bik4 deletion.,109
M4-FUNG-0014:G007,M4-FUNG-0014,G007,bik6 / FFUJ_06747,CCT67996.1,117462.0,119287.0,+,major facilitator superfamily transporter / efflux pump,supports bikaverin export and normal accumulation,targeted deletion,bikaverin significantly reduced but not abolished; extracellular product still detectable,S001; S003,Transport is supportive rather than absolutely required.,110
M4-FUNG-0015:G001,M4-FUNG-0015,G001,cicH / AN6449 / current ANIA_06449,C8V0D4 (UniProt); MIBiG protein accession NR,132653.0,134483.0,+,cytochrome P450 monooxygenase,required for cichorine; proposed late oxidative/ring-closing role by homology,targeted deletion,cichorine abolished,S003; S009,Absolute coordinates derived from current MIBiG region/GenBank relative coordinates.,104
M4-FUNG-0015:G002,M4-FUNG-0015,G002,cicF / pkbA / AN6448 / ANIA_06448,CBF69451.1,139085.0,146905.0,-,nonreducing iterative type I PKS with C-methylation capability,produces 3-methylorsellinic-acid scaffold / essential first pathway step,targeted deletion; PKS overexpression,deletion abolishes cichorine; overexpression yields 3-methylorsellinic acid,S001; S003; S004,This is the only production gene exposed directly by MIBiG's compact locus feature.,105
M4-FUNG-0015:G003,M4-FUNG-0015,G003,cicE / AN6447 / ANIA_06447,A0A1U8QH20 (UniProt); MIBiG protein accession NR,147470.0,149765.0,+,O-methyltransferase,required for cichorine; methylation role strongly plausible,targeted deletion,cichorine abolished,S003; S009,,106
M4-FUNG-0015:G004,M4-FUNG-0015,G004,cicG / historical AN11922; current regional annotation ANIA_11509,NR,150122.0,150595.0,-,conserved hypothetical protein,not required for cichorine under deletion assay,targeted deletion,cichorine retained,S003; S010,Historical publication identifier conflicts with current regional reannotation; preserve both.,107
M4-FUNG-0015:G005,M4-FUNG-0015,G005,cicD / AN6446 / ANIA_06446,A0A1U8QIH0 (UniProt); MIBiG protein accession NR,150920.0,151771.0,+,pathway-specific fungal transcriptional activator,positive regulatory control; overexpression activates cichorine and derivative production,targeted deletion; overexpression,deletion abolishes cichorine; overexpression yields expanded derivative profile,S003; S007; S009,Strong regulatory-access evidence.,108
M4-FUNG-0015:G006,M4-FUNG-0015,G006,cicC / AN6445 / ANIA_06445,A0A1U8QYA8 (UniProt); MIBiG protein accession NR,152599.0,154597.0,-,oxidoreductase,required tailoring step; deletion accumulates nidulol,targeted deletion,cichorine abolished; nidulol accumulates after acidified extraction,S003; S009,Intermediate-trapping phenotype.,109
M4-FUNG-0015:G007,M4-FUNG-0015,G007,cicB / AN6444 / ANIA_06444,NR,155233.0,158463.0,+,conserved hypothetical / later NRPS-like-reductase annotation proposed,required early tailoring after PKS product,targeted deletion,cichorine abolished; 3-methylorsellinic acid accumulates after acidified extraction,S003; S008,Intermediate equals product of CicF upregulation.,110
M4-FUNG-0015:G008,M4-FUNG-0015,G008,cicA / AN6443 / ANIA_06443,NR,159216.0,163453.0,+,ABC transporter,required for normal cichorine production/recovery under deletion assay,targeted deletion,cichorine abolished,S003,"Mechanism could include export, protection, localization or pathway-state effects; endpoint alone does not distinguish.",111
M4-FUNG-0016:G001,M4-FUNG-0016,G001,mlcH,BAC20561.1,463.0,1939.0,+,transesterase,couples MlcB-derived diketide side chain to ML-236A → compactin,cluster/pathway genetics,final-product formation depends on side-chain transfer,S001; S005,,104
M4-FUNG-0016:G002,M4-FUNG-0016,G002,mlcG,BAC20562.1,2405.0,3666.0,-,trans-acting enoyl reductase,partners MlcA during reduced nonaketide assembly toward ML-236A,pathway assignment,required reductive programming,S001; S005,,105
M4-FUNG-0016:G003,M4-FUNG-0016,G003,mlcF,BAC20563.1,4120.0,4875.0,+,oxidoreductase,function unresolved,cluster membership/expression,no substrate-level role established,S001; S005,Do not force a catalytic assignment.,106
M4-FUNG-0016:G004,M4-FUNG-0016,G004,mlcA,BAC20564.1,5506.0,15186.0,-,iterative PKS,nonaketide/decalin-core assembly,cluster cloning/pathway analysis,core compactin scaffold formation,S001; S003; S005,,107
M4-FUNG-0016:G005,M4-FUNG-0016,G005,mlcC,BAC20565.1,15823.0,17508.0,+,cytochrome P450 monooxygenase,oxidative tailoring of MlcA product toward ML-236A,pathway analysis,required core oxidation,S001; S005,,108
M4-FUNG-0016:G006,M4-FUNG-0016,G006,mlcB,BAC20566.1,18389.0,26483.0,-,iterative PKS,diketide side-chain synthesis,pathway analysis,provides compactin side chain,S001; S005,,109
M4-FUNG-0016:G007,M4-FUNG-0016,G007,mlcD,BAC20567.1,28348.0,31919.0,+,HMG-CoA reductase,self-resistance/target protection,mutant sensitivity assay,mlcD disruption increases compactin sensitivity,S001; S004,"Resistance gene, not biosynthetic catalyst.",110
M4-FUNG-0016:G008,M4-FUNG-0016,G008,mlcE,BAC20568.1,32499.0,34686.0,-,efflux pump,predicted compactin export/self-resistance,cluster annotation,direct substrate-specific transport assay NF,S001; S005,Keep efflux substrate inference cautious.,111
M4-FUNG-0016:G009,M4-FUNG-0016,G009,mlcR,BAC20569.1,36315.0,37832.0,-,GAL4-type Zn2Cys6 transcription factor,positive regulator of compactin biosynthetic genes,functional regulatory genetics/binding studies,MlcR controls mlc-gene transcription; extra copies increase production,S001; S005; S006,,112
M4-FUNG-0017:G001,M4-FUNG-0017,G001,orf1,AGC95328.1,641.0,2916.0,-,putative phosphorylase,no apparent dehydrocurvularin function; used as one proposed cluster boundary,,,S001; S003,Flanking delimiter rather than demonstrated pathway gene.,104
M4-FUNG-0017:G002,M4-FUNG-0017,G002,curS2 / AtcurS2,AGC95321.1,4218.0,10702.0,-,nonreducing iterative type I PKS; SAT–KS–AT–PT–ACP–TE,"accepts AtCURS1 tetraketide starter, performs four extensions, C8–C3 aromatic cyclization and macrolactone release",heterologous expression with curS1; curS2-only starter feeding,dual expression yields dehydrocurvularin; starter feeding yields dehydrocurvularin/analogues,S001; S003,Direct product-forming enzyme.,105
M4-FUNG-0017:G003,M4-FUNG-0017,G003,curR / AtcurR,AGC95322.1,13114.0,15364.0,+,GAL4-like Zn2Cys6 fungal transcription factor,predicted cluster-specific regulator; direct native regulatory perturbation not reported in defining study,,,S001; S003,"Plausible native activation gate, not required for yeast reconstruction.",106
M4-FUNG-0017:G004,M4-FUNG-0017,G004,curE / AtcurE,AGC95323.1,15611.0,17534.0,-,major facilitator superfamily exporter,predicted dehydrocurvularin exporter; heterologous yeast recovers product without CurE,,extracellular product still recovered in yeast,S001; S003,Shows transport function can be host-substitutable.,107
M4-FUNG-0017:G005,M4-FUNG-0017,G005,curS1 / AtcurS1,AGC95324.1,18391.0,25858.0,+,highly reducing iterative type I PKS; KS–AT–DH–KR–ER–ACP,builds reduced tetraketide starter 7(S)-hydroxyoct-2(E)-enoate for CurS2,heterologous co-expression with curS2,required for efficient native-product reconstitution,S001; S003,Direct collaborating starter-unit synthase.,108
M4-FUNG-0017:G006,M4-FUNG-0017,G006,orf2,AGC95325.1,26407.0,27078.0,+,putative metal-dependent phosphohydrolase,no apparent dehydrocurvularin function; proposed boundary gene,,,S001; S003,,109
M4-FUNG-0017:G007,M4-FUNG-0017,G007,orf3,AGC95326.1,27478.0,28101.0,+,hypothetical protein,no apparent dehydrocurvularin function; proposed boundary gene,,,S001; S003,,110
M4-FUNG-0017:G008,M4-FUNG-0017,G008,orf4,AGC95327.1,28731.0,30911.0,+,putative glycosyl hydrolase family 3 protein,no apparent dehydrocurvularin function; proposed boundary gene,,,S001; S003,,111
M4-FUNG-0018:G001,M4-FUNG-0018,G001,DEP1,ACZ57550.1,1268.0,2377.0,-,protein of unknown function,cluster-coregulated by DEP6; exact biochemical role unresolved,NR,NR,S001; S003,"Included in six-gene core by transcriptional boundary evidence, not direct knockout.",104
M4-FUNG-0018:G002,M4-FUNG-0018,G002,DEP2,ACZ57545.1,2841.0,4622.0,+,FAD-dependent monooxygenase,required oxidative tailoring in depudecin biosynthesis,targeted gene disruption,depudecin lost; epoxide-containing metabolite(s) accumulate,S001; S003; S006,Candidate intermediate/shunt phenotype localizes post-PKS oxidation.,105
M4-FUNG-0018:G003,M4-FUNG-0018,G003,DEP3,ACZ57546.1,5198.0,7358.0,-,major facilitator superfamily transporter,predicted transport/export function; exact A. brassicicola requirement unresolved,NR,NR,S001; S003; S006,Evolutionary study suggests transporter can be retained independently and may have network functions beyond depudecin.,106
M4-FUNG-0018:G004,M4-FUNG-0018,G004,DEP4,ACZ57547.1,7885.0,9848.0,-,FAD-dependent monooxygenase,required oxidative tailoring in depudecin biosynthesis,targeted gene disruption,depudecin lost; epoxide-containing metabolite(s) accumulate,S001; S003; S006,Likely chemically distinct oxidation role from DEP2.,107
M4-FUNG-0018:G005,M4-FUNG-0018,G005,DEP5 / AbPKS9,ACZ57548.1,11125.0,18528.0,+,reducing iterative type I polyketide synthase,essential carbon-backbone synthesis,targeted gene disruption,depudecin abolished; no obvious intermediate/shunt product,S001; S003; S006,Central scaffold enzyme.,108
M4-FUNG-0018:G006,M4-FUNG-0018,G006,DEP6,ACZ57549.1,19449.0,21753.0,-,Zn2Cys6 DNA-binding transcription factor,activates DEP1–DEP5 and defines coregulated DEP cluster,targeted gene disruption,DEP1–DEP5 expression lost/reduced; depudecin abolished; immediate flanking genes unaffected,S001; S003,Direct regulatory-boundary evidence.,109
M4-FUNG-0019:G001,M4-FUNG-0019,G001,DS34,ABS57479.1,1.0,2729.0,+,hypothetical protein,NR,,,S001,MIBiG flank; not demonstrated dothistromin gene.,104
M4-FUNG-0019:G002,M4-FUNG-0019,G002,DS33,ABS57480.1,4337.0,5713.0,-,hypothetical protein,NR,,,S001,MIBiG flank.,105
M4-FUNG-0019:G003,M4-FUNG-0019,G003,DS32,ABS57481.1,6933.0,8574.0,-,putative methionine permease,NR,,,S001,MIBiG flank.,106
M4-FUNG-0019:G004,M4-FUNG-0019,G004,DS31,ABS57482.1,12030.0,12776.0,-,putative translation elongation factor,NR,,,S001,MIBiG flank.,107
M4-FUNG-0019:G005,M4-FUNG-0019,G005,DS30,ABS57483.1,13412.0,14500.0,-,hypothetical protein,NR,,,S001,MIBiG flank.,108
M4-FUNG-0019:G006,M4-FUNG-0019,G006,DS29,ABS57484.1,15609.0,16869.0,-,hypothetical protein,NR,,,S001,MIBiG flank.,109
M4-FUNG-0019:G007,M4-FUNG-0019,G007,DS28,ABS57485.1,17598.0,19231.0,-,putative MFS multidrug transporter,NR,,,S001,Separate from functionally studied DotC transporter in another locus.,110
M4-FUNG-0019:G008,M4-FUNG-0019,G008,DS27,ABS57486.1,20032.0,20622.0,-,hypothetical protein,NR,,,S001,,111
M4-FUNG-0019:G009,M4-FUNG-0019,G009,DS26,ABS57487.1,21183.0,22220.0,+,hypothetical protein,NR,,,S001,,112
M4-FUNG-0019:G010,M4-FUNG-0019,G010,DS25,ABS57488.1,23648.0,25550.0,-,putative amino-acid permease,NR,,,S001,,113
M4-FUNG-0019:G011,M4-FUNG-0019,G011,moxA / legacy pksA-region monooxygenase,AAZ95013.1,27329.0,29491.0,-,putative flavin-binding monooxygenase,pathway-associated oxidative tailoring by homology,NR,NR,S001; S002,Legacy DQ149246 nomenclature must not be silently equated with genome-level MoxY without annotation reconciliation.,114
M4-FUNG-0019:G012,M4-FUNG-0019,G012,epoA,AAZ95015.1,30021.0,31335.0,+,epoxide hydrolase,pathway-associated candidate; no direct aflatoxin-cluster homolog,NR,NR,S001; S002,Unique feature of the dothistromin pksA mini-cluster.,115
M4-FUNG-0019:G013,M4-FUNG-0019,G013,avfA,AAZ95014.1,31512.0,32481.0,-,averufin oxidase / aflatoxin-pathway homolog,pathway-associated oxidative enzyme,NR,NR,S001; S002,,116
M4-FUNG-0019:G014,M4-FUNG-0019,G014,cypA / legacy pksA-region P450,AAZ95016.1,33426.0,35065.0,-,cytochrome P450 monooxygenase,pathway-associated oxidative tailoring by homology,NR,NR,S001; S002,Legacy nomenclature differs from later genome-level CypX usage.,117
M4-FUNG-0019:G015,M4-FUNG-0019,G015,pksA,AAZ95017.1,35725.0,43028.0,+,nonreducing iterative type I polyketide synthase,essential first committed dothistromin scaffold synthesis,targeted inactivation,dothistromin absent; mutant retains ability to convert exogenous aflatoxin precursors into dothistromin,S001; S002,Direct causal core-enzyme evidence.,118
M4-FUNG-0019:G016,M4-FUNG-0019,G016,DS19,ABS57489.1,44647.0,45717.0,+,hypothetical protein,NR,,,S001,MIBiG flank.,119
M4-FUNG-0019:G017,M4-FUNG-0019,G017,DS18,ABS57490.1,46255.0,47873.0,-,hypothetical protein,NR,,,S001,MIBiG flank.,120
M4-FUNG-0019:G018,M4-FUNG-0019,G018,DS17,ABS57491.1,48643.0,49797.0,+,hypothetical protein,NR,,,S001,MIBiG flank.,121
M4-FUNG-0019:G019,M4-FUNG-0019,G019,DS16,ABS57492.1,50234.0,51859.0,+,hypothetical protein,NR,,,S001,MIBiG flank.,122
M4-FUNG-0019:G020,M4-FUNG-0019,G020,DS15,ABS57493.1,52092.0,52825.0,-,hypothetical protein,NR,,,S001,MIBiG flank / partial at record end.,123
M4-FUNG-0019:G021,M4-FUNG-0019,G021,Ver1 / dotA,outside BGC0000048,,,NR,ketoreductase homologous to aflatoxin ver-1/stcU,required for efficient dothistromin biosynthesis,targeted replacement,dothistromin severely impaired; versicolorin A accumulates,S003; S006,Located in separate chromosome-12 mini-cluster; historical dotA name.,124
M4-FUNG-0019:G022,M4-FUNG-0019,G022,DotC,outside BGC0000048,,,NR,MFS transporter,exact role in dothistromin efflux not conclusively demonstrated,deletion/overexpression/GFP localization,no conclusive evidence for obligatory toxin efflux,S003; S011,Useful caution against transporter annotation = proven export.,125
M4-FUNG-0019:G023,M4-FUNG-0019,G023,Est1,outside BGC0000048,,,NR,esterase / pathway-associated candidate,pathway-associated by dispersed-locus mapping,NR,NR,S006,Sixth-locus component in fragmented programme models.,126
M4-FUNG-0019:G024,M4-FUNG-0019,G024,DsAflR,outside BGC0000048,,,NR,Zn2Cys6 pathway transcription factor,coordinates expression of dispersed dothistromin genes,targeted deletion / CRISPR disruption,dothistromin drastically reduced but residual product may remain; multiple dispersed genes downregulated,S007; S014,Central regulator of physically separated loci.,127
M4-FUNG-0019:G025,M4-FUNG-0019,G025,DsAflJ,outside BGC0000048,,,NR,AflJ/AflS-like pathway co-regulator,regulates dothistromin biosynthesis,targeted functional study,pathway output altered,S006,Keep distinct from AflR.,128
M4-FUNG-0019:G026,M4-FUNG-0019,G026,OrdB,outside BGC0000048,,,NR,aflatoxin-pathway oxidoreductase homolog,predicted/known dothistromin-pathway component,NR,NR,S006,VbsA mini-cluster.,129
M4-FUNG-0019:G027,M4-FUNG-0019,G027,AvnA,outside BGC0000048,,,NR,cytochrome P450 monooxygenase homolog,predicted/known dothistromin-pathway component,NR,NR,S006,VbsA mini-cluster.,130
M4-FUNG-0019:G028,M4-FUNG-0019,G028,HexB,outside BGC0000048,,,NR,fatty-acid-synthase subunit homolog,starter-unit biosynthesis component,targeted pathway/virulence mutant context,dothistromin deficiency in pathway mutant context,S006; S008,VbsA mini-cluster.,131
M4-FUNG-0019:G029,M4-FUNG-0019,G029,HexA,outside BGC0000048,,,NR,fatty-acid-synthase subunit homolog,starter-unit biosynthesis component,targeted mutant used in virulence study,dothistromin-deficient phenotype; reduced full virulence,S006; S008,VbsA mini-cluster.,132
M4-FUNG-0019:G030,M4-FUNG-0019,G030,HypC,outside BGC0000048,,,NR,hypothetical pathway-associated protein,predicted/known dispersed pathway member,NR,NR,S006,VbsA mini-cluster.,133
M4-FUNG-0019:G031,M4-FUNG-0019,G031,VbsA,outside BGC0000048,,,NR,versicolorin B synthase,required dothistromin pathway enzyme,targeted deletion,dothistromin-deficient mutant; used in pine virulence studies,S004; S008,Separate chromosome-12 mini-cluster.,134
M4-FUNG-0019:G032,M4-FUNG-0019,G032,Nor1,outside BGC0000048,,,NR,norsolorinic-acid reductase homolog,predicted/known dothistromin pathway enzyme,NR,NR,S006,Telomere-proximal Nor1 mini-cluster.,135
M4-FUNG-0019:G033,M4-FUNG-0019,G033,AdhA,outside BGC0000048,,,NR,alcohol dehydrogenase,pathway-associated,NR,NR,S006,Nor1 mini-cluster.,136
M4-FUNG-0019:G034,M4-FUNG-0019,G034,VerB,outside BGC0000048,,,NR,desaturase / aflatoxin-pathway homolog,pathway-associated,NR,NR,S006,Nor1 mini-cluster.,137
M4-FUNG-0019:G035,M4-FUNG-0019,G035,NorB,chromosome 11 / outside BGC0000048,,,NR,aflatoxin-pathway reductase homolog,AflR-responsive candidate dothistromin-pathway component,ΔDsAflR transcript comparison,~24-fold lower expression in ΔDsAflR,S007,Important evidence that functional programme may extend beyond chromosome 12.,138
M4-FUNG-0020:G001,M4-FUNG-0020,G001,AN7907.2,EAA59561.1,122623.0,123174.0,-,hypothetical protein,not required for orsellinic acid/F9775 under local deletion analysis,targeted deletion,OA/F9775 retained,S001; S003,MIBiG locus member but not functionally necessary for target products.,104
M4-FUNG-0020:G002,M4-FUNG-0020,G002,AN7908.2,EAA59562.1,126507.0,127484.0,-,hypothetical protein,not required for orsellinic acid/F9775 under local deletion analysis,targeted deletion,OA/F9775 retained,S001; S003,,105
M4-FUNG-0020:G003,M4-FUNG-0020,G003,orsA / AN7909 (older AN7909.4),EAA59563.1,128096.0,134597.0,-,nonreducing iterative type I PKS; SAT–KS–AT–PT–ACP–ACP–TE/CYC,necessary and evidently sufficient for orsellinic-acid synthesis; essential for F9775 pathway,targeted deletion; bacterial-coculture knockout; chromatin-activated knockout,"orsellinic acid, F9775A/B and lecanoric acid lost when orsA absent",S001; S003; S004; S005,Central scaffold gene.,106
M4-FUNG-0020:G004,M4-FUNG-0020,G004,AN7910.2,EAA59564.1,135422.0,136114.0,+,NTF2-like superfamily protein,not required for target products in local deletion analysis,targeted deletion,OA/F9775 retained,S001; S003,,107
M4-FUNG-0020:G005,M4-FUNG-0020,G005,orsB / AN7911,EAA59565.1,136228.0,137290.0,-,decarboxylase/aminohydrolase-like protein,required for F9775A/B but not orsellinic acid,targeted deletion,F9775A/B lost; orsellinic acid retained; gerfelin and C10-deoxygerfelin accumulate,S001; S003,Biochemical branch localized downstream of OrsA.,108
M4-FUNG-0020:G006,M4-FUNG-0020,G006,orsC / AN7912,EAA59566.1,137660.0,138834.0,+,tyrosinase/monooxygenase-like protein,required for F9775A/B but not orsellinic acid,targeted deletion,F9775A/B lost; orsellinic acid retained; diorcinol accumulates,S001; S003,,109
M4-FUNG-0020:G007,M4-FUNG-0020,G007,orsD / AN7913,EAA59567.1,139355.0,140860.0,-,conserved hypothetical protein,co-induced under activation but dispensable for OA/F9775A/B in deletion assay,targeted deletion; transcript induction,target compounds retained,S001; S003; S007,Direct co-expression ≠ necessity case.,110
M4-FUNG-0020:G008,M4-FUNG-0020,G008,orsE / AN7914,EAA59568.1,141414.0,142516.0,+,putative alcohol dehydrogenase,co-induced under activation but dispensable for OA/F9775A/B in deletion assay,targeted deletion; transcript induction,target compounds retained,S001; S003; S007,,111
M4-FUNG-0020:G009,M4-FUNG-0020,G009,AN7915.2,EAA59569.1,142746.0,146016.0,-,putative glucosidase,upregulated in cclAΔ but not required for OA/F9775A/B,targeted deletion; chromatin-induced transcript,target compounds retained,S001; S003; S005,,112
M4-FUNG-0020:G010,M4-FUNG-0020,G010,AN7916.2,EAA59570.1,147256.0,149174.0,-,hypothetical protein,no demonstrated requirement for target products,targeted neighborhood analysis,target compounds retained / no required phenotype,S001; S003,MIBiG locus edge.,113
M4-FUNG-0020:G011,M4-FUNG-0020,G011,cclA (extra-cluster),NR,,,NR,COMPASS-complex H3K4 methylation component,loss derepresses ors locus and F9775 production,cclA deletion,cryptic-cluster transcription/product activation,S005; S009,Global chromatin regulator; not a BGC gene.,114
M4-FUNG-0020:G012,M4-FUNG-0020,G012,gcnE (extra-cluster),NR,,,NR,SAGA/ADA H3 acetyltransferase,required for bacteria-induced ors activation and for ΔveA ors activation,gene deletion,ors transcription/product induction lost in relevant activation contexts,S006; S007,,115
M4-FUNG-0020:G013,M4-FUNG-0020,G013,adaB (extra-cluster),NR,,,NR,SAGA/ADA complex component,required for S. rapamycinicus induction of ors programme,gene deletion,bacteria-induced OA/lecanoric-acid production strongly impaired/lost,S006,,116
M4-FUNG-0020:G014,M4-FUNG-0020,G014,veA (extra-cluster),NR,,,NR,Velvet-family global regulator,negative regulator of ors programme in tested background,gene deletion,strong increase in OA/F9775 and ors transcription,S007,,117
M4-FUNG-0020:G015,M4-FUNG-0020,G015,mvlA (extra-cluster),NR,,,NR,modulator of VeA loss / negative ors regulator,overexpression suppresses ΔveA and ΔcclA pathway activation,overexpression/deletion,F9775 reduced in activated backgrounds,S007,,118
M4-FUNG-0021:G001,M4-FUNG-0021,G001,FUM21,ABQ95367.1,18839.0,21433.0,+,GAL4-like Zn(II)2Cys6 pathway-specific transcription factor,major positive activator of FUM transcription,targeted deletion + complementation,fumonisins undetectable in deletion mutants; FUM1/FUM8 transcripts greatly reduced; complementation restores product,S001; S005,,104
M4-FUNG-0021:G002,M4-FUNG-0021,G002,FUM1 / historical FUM5,AAD43562.2,22097.0,30259.0,+,highly reducing iterative type I PKS,assembles linear polyketide precursor/backbone,targeted disruption,fumonisin production abolished; field pathogenicity retained,S001; S003; S004; S006,Historical gene was first named FUM5/FUM1 mapping locus; retain synonym.,105
M4-FUNG-0021:G003,M4-FUNG-0021,G003,FUM6,AAG27132.1,30698.0,34290.0,-,cytochrome P450 monooxygenase,early oxidation after Fum8-dependent amination,targeted disruption + intermediate analysis,no normal fumonisins; early hydroxylated aminopolyol intermediates accumulate,S001; S006; S017,,106
M4-FUNG-0021:G004,M4-FUNG-0021,G004,FUM7,AAG27129.1,34828.0,36102.0,+,dehydrogenase/reductase involved in tricarballylic-acid arm synthesis,required for normal tricarballylic-ester chemistry,targeted deletion,novel fumonisin homologue with unsaturation in tricarballylic moieties,S001; S007,,107
M4-FUNG-0021:G005,M4-FUNG-0021,G005,FUM8,AAG27130.3,36298.0,39233.0,-,alpha-oxoamine synthase,condenses polyketide precursor with L-alanine to introduce the amino group,targeted disruption + mutant coculture,fumonisins abolished; early-pathway ordering places Fum8 after Fum1 and before Fum6,S001; S006; S019,,108
M4-FUNG-0021:G006,M4-FUNG-0021,G006,FUM3 / historical genetic Fum3 locus; earlier cloned-gene literature used FUM9,AAG27131.1,40012.0,40914.0,-,2-ketoglutarate-dependent dioxygenase,final C5 hydroxylation controlling B1/B2 versus B3/B4 pattern,targeted gene disruption/complementation,C5-hydroxylated congeners lost; historical Fum3 locus complemented,S001; S020,Current MIBiG uses FUM3.,109
M4-FUNG-0021:G007,M4-FUNG-0021,G007,FUM10,AAN74813.2,41389.0,43174.0,+,acyl-CoA ligase-related enzyme,required for tricarballylic-acid ester arm formation,targeted deletion,hydrolyzed fumonisin-like products lacking tricarballylic esters,S001; S007,,110
M4-FUNG-0021:G008,M4-FUNG-0021,G008,FUM11,AAN74814.2,43573.0,44736.0,-,mitochondrial/tricarboxylate transporter,supplies tricarboxylate precursor needed for ester-arm formation,targeted deletion,fumonisins with incomplete tricarballylic esterification,S001; S007; S008,,111
M4-FUNG-0021:G009,M4-FUNG-0021,G009,FUM2,AAN74815.2,45264.0,46998.0,+,cytochrome P450 monooxygenase,C10 hydroxylation; major determinant of B- versus C-series/congener chemistry,natural variation and ortholog-comparison evidence,altered hydroxylation/congener profile when function differs,S001; S012; S019,,112
M4-FUNG-0021:G010,M4-FUNG-0021,G010,FUM13,AAN74816.1,47834.0,48943.0,+,short-chain dehydrogenase/reductase,reduces C3 carbonyl to hydroxyl,targeted deletion,~10% WT B-series remains; C3-keto fumonisin analogues accumulate,S001; S018,Residual activity implies partial redundancy outside FUM13.,113
M4-FUNG-0021:G011,M4-FUNG-0021,G011,FUM14,AAN74817.2,49320.0,51269.0,-,bidomain NRPS-like condensation/PCP protein,attaches two tricarballylic-acid esters to hydrolyzed fumonisin backbone,targeted deletion + purified-enzyme assay,hydrolyzed fumonisins accumulate; enzyme directly esterifies precursors in vitro,S001; S007; S021,Unusual C-O bond formation by NRPS condensation domain.,114
M4-FUNG-0021:G012,M4-FUNG-0021,G012,FUM15,AAN74818.2,51847.0,53702.0,+,cytochrome P450 monooxygenase,modern evidence supports self-protection/detoxification-related function rather than obligatory canonical biosynthesis,deletion/overexpression in Fusarium and yeast,extracellular FB1 levels and survival/ceramide-related phenotypes altered,S001; S009,,115
M4-FUNG-0021:G013,M4-FUNG-0021,G013,FUM16,AAN74819.2,53848.0,56070.0,-,palmitoyl-CoA ligase,supports sphingolipid synthesis/self-protection together with Fum18,old biosynthetic deletion + modern enzyme/localization study,older deletion had no apparent fumonisin-production phenotype; modern work demonstrates palmitoyl-CoA ligase activity and self-protection role,S001; S007; S009,,116
M4-FUNG-0021:G014,M4-FUNG-0021,G014,FUM17,AAN74820.1,56453.0,57688.0,+,ceramide-synthase homolog,potentially contributes to ceramide biosynthesis/self-protection via partner interaction,single/double deletion + yeast complementation,not required for FB1 biosynthesis; partial ceramide-synthase functionality with Cer3 partner,S001; S008,,117
M4-FUNG-0021:G015,M4-FUNG-0021,G015,FUM18,AAN74821.1,57801.0,59324.0,-,functional ceramide synthase,supplements ceramide biosynthesis and confers self-protection against FB1,gene deletion + yeast complementation + cell-viability assays,"FB1 production remains, but resistance/self-protection decreases; fully complements yeast CerS deficiency",S001; S008,,118
M4-FUNG-0021:G016,M4-FUNG-0021,G016,FUM19,AAN74822.1,59620.0,64425.0,+,ATP-binding cassette transporter,negative regulator/feedback controller of FUM cluster; obligatory export function not demonstrated,"deletion, overexpression and ATP-binding point mutations",deletion raises FUM expression and intra/extracellular FB1; overexpression reduces product; ATP-domain mutants fail to complement,S001; S008,Do not annotate simply as exporter.,119
M4-FUNG-0022:G001,M4-FUNG-0022,G001,fum21,ACB12566.1,2798.0,5386.0,+,Zn2Cys6 pathway transcription factor,positive FUM-cluster regulator by conserved Fusarium function,orthology/conserved cluster context,direct O-1890 knockout NR,S001; S004,,104
M4-FUNG-0022:G002,M4-FUNG-0022,G002,fum1,ACB12550.1,7418.0,15569.0,+,highly reducing iterative PKS,fumonisin polyketide-backbone synthesis,conserved Fusarium genetics/biochemistry,direct O-1890 knockout NR,S001; S004,,105
M4-FUNG-0022:G003,M4-FUNG-0022,G003,fum6,ACB12553.1,15974.0,19590.0,-,cytochrome P450 monooxygenase,early backbone oxidation,conserved Fusarium functional evidence,direct O-1890 knockout NR,S001; S004,,106
M4-FUNG-0022:G004,M4-FUNG-0022,G004,fum7,ACB12554.1,20143.0,21402.0,+,dehydrogenase/reductase,tricarballylic-ester-arm biosynthesis,conserved Fusarium functional evidence,direct O-1890 knockout NR,S001; S004,,107
M4-FUNG-0022:G005,M4-FUNG-0022,G005,fum8,ACB12555.1,21605.0,24459.0,-,alpha-oxoamine synthase,condenses Fum1 polyketide with glycine in FC biosynthesis; determines B-versus-C series specificity,cross-species complementation + site-directed mutagenesis,wild-type FoFUM8 drives FC production; V580A switches output predominantly toward FBs,S001; S003; S004,Valine 580 is the key FC-associated residue.,108
M4-FUNG-0022:G006,M4-FUNG-0022,G006,fum3,ACB12552.1,25435.0,26337.0,-,2-ketoglutarate-dependent dioxygenase,fumonisin-backbone hydroxylation,conserved Fusarium functional evidence,direct O-1890 knockout NR,S001; S004,,109
M4-FUNG-0022:G007,M4-FUNG-0022,G007,fum10,ACB12556.1,26806.0,28668.0,+,acyl-CoA ligase-related enzyme,tricarballylic-ester-arm biosynthesis,conserved Fusarium functional evidence,direct O-1890 knockout NR,S001; S004,,110
M4-FUNG-0022:G008,M4-FUNG-0022,G008,fum11,ACB12557.1,29064.0,30234.0,-,mitochondrial TCA/tricarboxylate transporter,supplies tricarboxylate precursor for fumonisin esterification,conserved Fusarium function,direct O-1890 knockout NR,S001; S004,,111
M4-FUNG-0022:G009,M4-FUNG-0022,G009,fum2,ACB12551.1,30746.0,32439.0,+,cytochrome P450 monooxygenase,9/10-hydroxylation controlling FC/FB congener patterns,conserved Fusarium function,direct O-1890 knockout NR,S001; S004,Presence is consistent with hydroxylated FC1/FC3 formation.,112
M4-FUNG-0022:G010,M4-FUNG-0022,G010,fum13,ACB12558.1,33317.0,34420.0,+,short-chain dehydrogenase/reductase,C3 carbonyl reduction,conserved Fusarium function,direct O-1890 knockout NR,S001; S004,,113
M4-FUNG-0022:G011,M4-FUNG-0022,G011,fum14,ACB12559.1,34791.0,36744.0,-,bidomain NRPS-like condensation/PCP enzyme,attaches tricarballylic esters,conserved Fusarium biochemical evidence,direct O-1890 knockout NR,S001; S004,,114
M4-FUNG-0022:G012,M4-FUNG-0022,G012,fum15,ACB12560.1,37203.0,39063.0,+,cytochrome P450 monooxygenase,not required for hydroxy-FC1 hydroxylation,targeted O-1890 deletion in 2026,hydroxy-FC1 still produced after fum15 deletion,S001; S004,Important exclusion experiment.,115
M4-FUNG-0022:G013,M4-FUNG-0022,G013,fum16,ACB12561.1,39224.0,41447.0,-,palmitoyl-CoA-ligase-family protein,probable self-protection/sphingolipid-support role by Fusarium homolog function,orthology,direct O-1890 test NR,S001; S004,,116
M4-FUNG-0022:G014,M4-FUNG-0022,G014,fum17,ACB12562.1,41916.0,43137.0,+,ceramide-synthase homolog,putative/partial self-protection role; weaker than Fum18 in F. verticillioides,orthology,direct O-1890 test NR,S001; S004,,117
M4-FUNG-0022:G015,M4-FUNG-0022,G015,fum18,ACB12563.1,43248.0,44737.0,-,ceramide synthase,producer self-protection from fumonisin target mechanism by conserved Fusarium function,orthology,direct O-1890 test NR,S001; S004,,118
M4-FUNG-0022:G016,M4-FUNG-0022,G016,fum19,ACB12564.1,45063.0,49854.0,+,ABC transporter,cluster-associated transport/regulatory protein; direct O-1890 role unresolved,orthology,direct O-1890 test NR,S001; S004,Avoid assuming obligatory export.,119
M4-FUNG-0022:G017,M4-FUNG-0022,G017,cpm1,ACB12565.1,50651.0,52611.0,-,cytochrome P450 monooxygenase,cluster-adjacent function unresolved; candidate tailoring enzyme only,evolutionary association/annotation,no direct causal test curated,S001; S006,Do not assign hydroxy-FC1 formation without evidence.,120
M4-FUNG-0023:G001,M4-FUNG-0023,G001,fusA / FUS1,AAT28740.1,1.0,11857.0,+,iterative type I PKS–NRPS hybrid megasynthase,forms the fusarin polyketide-amino-acid scaffold; disruption abolishes fusarin production,targeted disruption in F. moniliforme and F. venenatum,fusarin-deficient strains,S001; S002,MIBiG's only encoded CDS.,104
M4-FUNG-0023:G002,M4-FUNG-0023,G002,FUS1 / FVEG_11086,NR,,,NR,F. verticillioides homolog of FusA; PKS–NRPS,required fusarin scaffold synthesis,genome-level knockout assignment,fusarin production lost,S007,Same core function as AY604568 fusA; separate genomic record/provenance.,105
M4-FUNG-0023:G003,M4-FUNG-0023,G003,FUS2 / FVEG_11085,NR,,,NR,alpha/beta-hydrolase-like multifunctional enzyme,"2-pyrrolidone ring formation, C15 oxidation and C13–C14 epoxidation in homologous F. fujikuroi pathway",single deletion / reconstitution logic,20-hydroxy-prefusarin accumulates; final fusarins lost,S003; S005,,106
M4-FUNG-0023:G004,M4-FUNG-0023,G004,FUS3 / FVEG_11084,NR,,,NR,elongation-factor-like protein,coexpressed but dispensable for canonical fusarin formation in F. fujikuroi,single deletion,fusarin production retained,S003; S005,,107
M4-FUNG-0023:G005,M4-FUNG-0023,G005,FUS4 / FVEG_11083,NR,,,NR,peptidase A1-like protein,coexpressed but dispensable for canonical fusarin formation,single deletion,fusarin production retained,S003; S005,,108
M4-FUNG-0023:G006,M4-FUNG-0023,G006,FUS5 / FVEG_11082,NR,,,NR,serine-hydrolase-family protein,coexpressed but dispensable for canonical fusarin formation,single deletion,fusarin production retained,S003; S005,,109
M4-FUNG-0023:G007,M4-FUNG-0023,G007,FUS6 / FVEG_11081,NR,,,NR,major facilitator superfamily transporter,not required for canonical fusarin formation in F. fujikuroi deletion assay,single deletion,fusarin production retained,S003; S005,Transport annotation does not establish obligatory export.,110
M4-FUNG-0023:G008,M4-FUNG-0023,G008,FUS7 / FVEG_11080,NR,,,NR,aldehyde dehydrogenase,coexpressed but dispensable for canonical fusarin formation,single deletion,fusarin production retained,S003; S005,,111
M4-FUNG-0023:G009,M4-FUNG-0023,G009,FUS8 / FVEG_11079,NR,,,NR,cytochrome P450 monooxygenase,performs two C20 oxidations in fusarin pathway,single deletion / overexpression / cocultivation,decarboxy-fusarin-type intermediate accumulates; required for final product,S003; S005,,112
M4-FUNG-0023:G010,M4-FUNG-0023,G010,FUS9 / FVEG_11078,NR,,,NR,methyltransferase,terminal methylation of carboxy-fusarin C to fusarin C,single deletion,carboxy-fusarin C accumulates,S003; S005,,113
M4-FUNG-0023:G011,M4-FUNG-0023,G011,FvSTUA (extra-cluster),NR,,,NR,APSES developmental transcription factor,positive regulator of FUS-cluster transcription in F. verticillioides,gene deletion + RNA-seq,all/most FUS genes strongly downregulated,S015,Pleiotropic developmental defects are a major confounder.,114
M4-FUNG-0024:G001,M4-FUNG-0024,G001,upstream ORF / ADI24961.1,ADI24961.1,326.0,1571.0,+,unknown,no demonstrated griseofulvin role,,,S001,Flanking CDS outside the 13-gene gsf set.,104
M4-FUNG-0024:G002,M4-FUNG-0024,G002,upstream ORF / ADI24962.1,ADI24962.1,1937.0,3246.0,-,unknown,no demonstrated griseofulvin role,,,S001,,105
M4-FUNG-0024:G003,M4-FUNG-0024,G003,upstream ORF / ADI24963.1,ADI24963.1,3547.0,4311.0,-,unknown,no demonstrated griseofulvin role,,,S001,,106
M4-FUNG-0024:G004,M4-FUNG-0024,G004,upstream ORF / ADI24964.1,ADI24964.1,6360.0,8546.0,+,unknown,no demonstrated griseofulvin role,,,S001,,107
M4-FUNG-0024:G005,M4-FUNG-0024,G005,gsfR2,ADI24952.1,9820.0,11067.0,-,GAL4-like Zn2Cys6 transcription factor,putative pathway regulator; P. aethiopicum-specific regulatory function unresolved,,,S001; S003,Comparative griseofulvin producers often lack cluster-local gsfR2.,108
M4-FUNG-0024:G006,M4-FUNG-0024,G006,gsfK,ADI24951.1,11558.0,12585.0,+,short-chain dehydrogenase/ketoreductase,dispensable for griseofulvin formation under tested conditions,targeted deletion,griseofulvin and dechlorogriseofulvin retained,S001; S004,,109
M4-FUNG-0024:G007,M4-FUNG-0024,G007,gsfR1,ADI24950.1,13037.0,15154.0,-,fungal-specific Zn2Cys6 transcription factor,putative pathway regulator; direct P. aethiopicum causal role unresolved,,,S001; S003,,110
M4-FUNG-0024:G008,M4-FUNG-0024,G008,gsfJ,ADI24949.1,16116.0,18146.0,+,MFS/EmrB-QacA-family transporter,putative export/resistance role; direct requirement unresolved,,,S001; S003,Do not assume obligatory export.,111
M4-FUNG-0024:G009,M4-FUNG-0024,G009,gsfI,ADI24948.1,18939.0,20914.0,+,flavin-dependent halogenase/chlorinase,regiospecific chlorination of griseophenone C to griseophenone B,targeted deletion + purified-enzyme assay,griseofulvin abolished; dechlorogriseofulvin retained/accumulates,S001; S003; S004,,112
M4-FUNG-0024:G010,M4-FUNG-0024,G010,gsfA,ADI24953.1,21525.0,27196.0,+,"nonreducing iterative type I PKS, SAT-KS-AT-PT-ACP",forms heptaketide benzophenone precursor from acetyl-CoA + six malonyl-CoA,targeted deletion + heterologous/purified enzyme,griseofulvin and dechlorogriseofulvin abolished; enzyme makes benzophenone precursor,S001; S003; S004,,113
M4-FUNG-0024:G011,M4-FUNG-0024,G011,gsfB,ADI24954.1,27654.0,29095.0,-,O-methyltransferase,3-OH methylation; helps suppress xanthone shunt formation,targeted deletion + coupled in-vitro assay,griseophenone E/F and desmethyl products accumulate,S001; S004,,114
M4-FUNG-0024:G012,M4-FUNG-0024,G012,gsfC,ADI24955.1,29983.0,31173.0,-,O-methyltransferase,9-OH methylation; critical for maintaining benzophenone on-pathway,targeted deletion + coupled in-vitro assay,griseophenone D/H and griseoxanthone C accumulate,S001; S004,,115
M4-FUNG-0024:G013,M4-FUNG-0024,G013,gsfD,ADI24956.1,31596.0,32896.0,+,O-methyltransferase,5-OH methylation of late grisan intermediate,targeted deletion + enzyme assay,desmethyl-dehydrogriseofulvin/desmethyl-griseofulvin products accumulate,S001; S004,,116
M4-FUNG-0024:G014,M4-FUNG-0024,G014,gsfE,ADI24957.1,33259.0,34392.0,-,short-chain dehydrogenase/reductase,stereospecific terminal enone reduction to griseofulvin/dechlorogriseofulvin,targeted deletion + NADPH-dependent enzyme assay,dehydrogriseofulvin/dechloro-dehydrogriseofulvin accumulate,S001; S004,,117
M4-FUNG-0024:G015,M4-FUNG-0024,G015,gsfF,ADI24958.2,35027.0,36729.0,+,cytochrome P450 monooxygenase,oxidative phenolic coupling forming the grisan/oxa-spiro scaffold,targeted deletion + purified enzyme / mechanistic assay,griseophenone-type precursors accumulate; spirocycle formation lost,S001; S004; S008,,118
M4-FUNG-0024:G016,M4-FUNG-0024,G016,gsfG,ADI24959.1,36846.0,37878.0,-,ankyrin-repeat protein,function unresolved; not part of seven-enzyme chemical core,,,S001; S003; S005,,119
M4-FUNG-0024:G017,M4-FUNG-0024,G017,gsfH,ADI24960.1,40829.0,41717.0,+,YcaC-related amidohydrolase / putative isochorismatase-like protein,dispensable for griseofulvin formation under tested conditions,targeted deletion,griseofulvin/dechlorogriseofulvin retained,S003; S004,,120
M4-FUNG-0024:G018,M4-FUNG-0024,G018,downstream ORF / ADI24965.1,ADI24965.1,42603.0,44954.0,-,unknown,no demonstrated griseofulvin role,,,S001,,121
M4-FUNG-0024:G019,M4-FUNG-0024,G019,downstream ORF / ADI24966.1,ADI24966.1,48793.0,49599.0,-,unknown,no demonstrated griseofulvin role,,,S001,,122
M4-FUNG-0024:G020,M4-FUNG-0024,G020,downstream ORF / ADI24967.1,ADI24967.1,50369.0,51714.0,+,unknown,no demonstrated griseofulvin role,,,S001,,123
M4-FUNG-0024:G021,M4-FUNG-0024,G021,downstream ORF / ADI24968.1,ADI24968.1,52308.0,54575.0,+,unknown,no demonstrated griseofulvin role,,,S001,,124
M4-FUNG-0025:G001,M4-FUNG-0025,G001,hpm1,ACD39751.1,149.0,1980.0,-,cytochrome P450 monooxygenase,hydroxylates DHZ-derived RAL intermediate in heterologous yeast; exact hydroxyl position only partly assigned,heterologous coexpression with Hpm3/Hpm8,DHZ-derived +16 Da hydroxylated product,S001; S003,Likely one of the late side-chain hydroxylations; exact full native role not completely resolved.,104
M4-FUNG-0025:G002,M4-FUNG-0025,G002,hpm2,ACD39752.1,3004.0,3793.0,+,glutathione S-transferase,"catalyzes 7′,8′ olefin cis/trans isomerization through glutathione-dependent chemistry",purified-enzyme assay,"equilibrates trans/cis RAL olefin, strongly favoring trans at equilibrium",S001; S003,Cannot alone explain why cis hypothemycin is the dominant native product.,105
M4-FUNG-0025:G003,M4-FUNG-0025,G003,hpm3,ACD39753.1,4283.0,10793.0,-,nonreducing iterative type I PKS,"accepts reduced starter from Hpm8, performs three extensions/aromatization and macrolactone release to DHZ",heterologous coexpression with hpm8,Hpm3+Hpm8 produce DHZ; either PKS alone produces none,S001; S003,,106
M4-FUNG-0025:G004,M4-FUNG-0025,G004,hpm4,ACD39754.1,11933.0,13537.0,+,hypothetical protein,unknown,NR,NR,S001; S003,No convincing functional assignment in defining work.,107
M4-FUNG-0025:G005,M4-FUNG-0025,G005,hpm5,ACD39755.1,15238.0,16789.0,+,O-methyltransferase,4-O-methylation of hypothemycin/RAL intermediates,native disruption in DSM11932 + purified enzyme + heterologous expression,disruption shifts product toward 4-O-desmethylhypothemycin; purified enzyme methylates multiple unmethylated RALs,S001; S003,"Direct native genetics is from DSM11932/BGC0000077, not DSM11931.",108
M4-FUNG-0025:G006,M4-FUNG-0025,G006,hpm6,ACD39756.1,17948.0,19711.0,+,major facilitator superfamily transporter,putative export/selectivity role,NR,NR,S001; S003,Selective export of cis hypothemycin was proposed to pull the Hpm2 equilibrium but not experimentally demonstrated.,109
M4-FUNG-0025:G007,M4-FUNG-0025,G007,hpm7,ACD39757.1,22079.0,24035.0,+,flavin-dependent monooxygenase,"1′,2′ epoxidation of RAL substrates",purified-enzyme assay + heterologous expression,desepoxyhypothemycin/DHZ-derived substrates converted to epoxide products,S001; S003,Broad substrate tolerance.,110
M4-FUNG-0025:G008,M4-FUNG-0025,G008,hpm8,ACD39758.1,25697.0,33204.0,+,reducing iterative type I PKS,builds reduced C2′–C11′ starter through five iterations and transfers it to Hpm3,heterologous coexpression with hpm3,Hpm3+Hpm8 produce ~20 mg/L DHZ in most tested yeast clones,S001; S003,,111
M4-FUNG-0025:G009,M4-FUNG-0025,G009,hpm9,ACD39759.1,34182.0,36147.0,+,alcohol oxidase,proposed oxidation of late side-chain alcohol to enone-forming ketone,homology/pathway inference,NR,S001; S003,Direct catalytic proof was absent in the defining study.,112
M4-FUNG-0026:G001,M4-FUNG-0026,G001,Hpm1,ACD39760.1,2017.0,3848.0,-,cytochrome P450 monooxygenase,hydroxylates DHZ-derived RAL intermediate in heterologous yeast; exact hydroxyl position only partly assigned,heterologous coexpression with Hpm3/Hpm8,DHZ-derived +16 Da hydroxylated product,S001; S003,Likely one of the late side-chain hydroxylations; exact full native role not completely resolved.,104
M4-FUNG-0026:G002,M4-FUNG-0026,G002,hpm2,ACD39761.1,4872.0,5661.0,+,glutathione S-transferase,"catalyzes 7′,8′ olefin cis/trans isomerization through glutathione-dependent chemistry",purified-enzyme assay,"equilibrates trans/cis RAL olefin, strongly favoring trans at equilibrium",S001; S003,Cannot alone explain why cis hypothemycin is the dominant native product.,105
M4-FUNG-0026:G003,M4-FUNG-0026,G003,hpm3,ACD39762.1,6151.0,12661.0,-,nonreducing iterative type I PKS,"accepts reduced starter from Hpm8, performs three extensions/aromatization and macrolactone release to DHZ",heterologous coexpression with hpm8,Hpm3+Hpm8 produce DHZ; either PKS alone produces none,S001; S003,,106
M4-FUNG-0026:G004,M4-FUNG-0026,G004,hpm4,ACD39763.1,13801.0,15405.0,+,hypothetical protein,unknown,NR,NR,S001; S003,No convincing functional assignment in defining work.,107
M4-FUNG-0026:G005,M4-FUNG-0026,G005,hpm5,ACD39764.1,17106.0,18657.0,+,O-methyltransferase,4-O-methylation of hypothemycin/RAL intermediates,native disruption in DSM11932 + purified enzyme + heterologous expression,disruption shifts product toward 4-O-desmethylhypothemycin; purified enzyme methylates multiple unmethylated RALs,S001; S003,Direct native genetics belongs to this BGC0000077 source strain.,108
M4-FUNG-0026:G006,M4-FUNG-0026,G006,hpm6,ACD39765.1,19816.0,21579.0,+,major facilitator superfamily transporter,putative export/selectivity role,NR,NR,S001; S003,Selective export of cis hypothemycin was proposed but not experimentally demonstrated.,109
M4-FUNG-0026:G007,M4-FUNG-0026,G007,hpm7,ACD39766.1,23947.0,25903.0,+,flavin-dependent monooxygenase,"1′,2′ epoxidation of RAL substrates",purified-enzyme assay + heterologous expression,desepoxyhypothemycin/DHZ-derived substrates converted to epoxide products,S001; S003,Broad substrate tolerance.,110
M4-FUNG-0026:G008,M4-FUNG-0026,G008,hpm8,ACD39767.1,27565.0,35072.0,+,reducing iterative type I PKS,builds reduced C2′–C11′ starter through five iterations and transfers it to Hpm3,heterologous coexpression with hpm3,Hpm3+Hpm8 produce ~20 mg/L DHZ in most tested yeast clones,S001; S003,,111
M4-FUNG-0026:G009,M4-FUNG-0026,G009,hpm9,ACD39768.1,36050.0,38015.0,+,alcohol oxidase,proposed oxidation of late side-chain alcohol to enone-forming ketone,homology/pathway inference,NR,S001; S003,Direct catalytic proof was absent in the defining study.,112
M4-FUNG-0026:G010,M4-FUNG-0026,G010,orf10,ACD39769.1,38330.0,39256.0,-,oxidoreductase,no demonstrated hypothemycin-pathway role,NR,NR,S001; S002,Downstream CDS present in EU520418/BGC0000077 but outside the canonical hpm1–hpm9 functional programme.,113
M4-FUNG-0027:G001,M4-FUNG-0027,G001,AAD34550.1 / cluster esterase,AAD34550.1,1813.0,6865.0,-,esterase/hydrolase,exact lovastatin-pathway role unresolved,NR,NR,S001; S002,Do not conflate with LovG; reviewed protein mapping indicates LovG is distinct.,104
M4-FUNG-0027:G002,M4-FUNG-0027,G002,AAD34551.1,AAD34551.1,7616.0,8602.0,+,unknown / later transporter prediction in comparative annotation,direct pathway necessity unresolved,NR,NR,S001; S014,,105
M4-FUNG-0027:G003,M4-FUNG-0027,G003,lovA,AAD34552.1,9980.0,11712.0,-,cytochrome P450 monooxygenase,performs sequential oxidation of dihydromonacolin L acid to monacolin L acid and then monacolin J acid,heterologous expression + in vivo feeding + in vitro assay,both oxidative steps reproduced by LovA,S001; S006,,106
M4-FUNG-0027:G004,M4-FUNG-0027,G004,AAD34553.1,AAD34553.1,13090.0,13860.0,-,unknown,direct pathway necessity unresolved,NR,NR,S001,,107
M4-FUNG-0027:G005,M4-FUNG-0027,G005,lovC,AAD34554.1,14258.0,15510.0,+,trans-acting enoyl reductase,provides iteration-selective enoyl reduction to LovB and gates correct nonaketide programming,LovB/LovC reconstitution and partner-swap assays,absence/incompatibility causes shunt pyrones and incorrect products,S001; S003; S005,LovB's internal ER-like domain lacks normal catalytic activity.,108
M4-FUNG-0027:G006,M4-FUNG-0027,G006,lovD,AAD34555.1,15910.0,17303.0,-,acyltransferase/transesterase,transfers LovF-bound 2-methylbutyryl group to monacolin J to form lovastatin,biochemical/structural assays,lovastatin-forming acyl transfer demonstrated,S001; S008,,109
M4-FUNG-0027:G007,M4-FUNG-0027,G007,lvrA-like HMG-CoA reductase,AAD34556.1,17659.0,21162.0,-,HMG-CoA reductase homolog,cluster-associated resistance/self-protection candidate rather than core scaffold enzyme,comparative/functional resistance literature,supports tolerance to statin pathway/product,S001; S014,Sequence annotation has historical gene-model caveats.,110
M4-FUNG-0027:G008,M4-FUNG-0027,G008,lovE,AAD34557.1,22460.0,23971.0,+,Zn2Cys6-like pathway regulatory protein,positive regulation of lovastatin biosynthetic genes supported by overexpression/expression studies,regulatory perturbation/expression analysis,increased lovastatin output with elevated regulatory activity in tested strains,S001; S013,Direct quantitative source-strain genetics less complete than core-enzyme evidence.,111
M4-FUNG-0027:G009,M4-FUNG-0027,G009,AAD34558.1 / transporter-like support gene,AAD34558.1,25500.0,27660.0,+,predicted membrane transporter,potential transport/resistance role,comparative/patent-supported annotation,direct native requirement unresolved,S001; S014,Keep transporter function separate from demonstrated export.,112
M4-FUNG-0027:G010,M4-FUNG-0027,G010,lovF,AAD34559.1,28530.0,36564.0,+,highly reducing iterative type I PKS / diketide synthase,synthesizes the 2-methylbutyryl side-chain precursor retained on its ACP for LovD transfer,blocked-mutant/genetic/biochemical studies,lovF loss causes monacolin J accumulation and loss of normal lovastatin acylation,S001; S003; S008,Second polyketide synthase of the pathway.,113
M4-FUNG-0027:G011,M4-FUNG-0027,G011,AAD34560.1,AAD34560.1,36809.0,37696.0,-,unknown,direct pathway necessity unresolved,NR,NR,S001,,114
M4-FUNG-0027:G012,M4-FUNG-0027,G012,LovH-like regulatory protein,AAD34561.1,38231.0,40708.0,-,cluster-local regulatory protein,putative secondary regulator; direct role less resolved than LovE,annotation/comparative evidence,NR,S001; S014,,115
M4-FUNG-0027:G013,M4-FUNG-0027,G013,AAD34562.1,AAD34562.1,42441.0,43742.0,-,predicted mitochondrial carrier/support protein,direct lovastatin necessity unresolved,NR,NR,S001; S014,,116
M4-FUNG-0027:G014,M4-FUNG-0027,G014,AAD34563.1,AAD34563.1,44432.0,45960.0,+,predicted dehydratase/support enzyme,direct lovastatin necessity unresolved,NR,NR,S001; S014,,117
M4-FUNG-0027:G015,M4-FUNG-0027,G015,AAD34564.1,AAD34564.1,46918.0,48621.0,-,predicted MFS transporter,possible transport/resistance role,annotation/comparative evidence,direct native requirement unresolved,S001; S014,,118
M4-FUNG-0027:G016,M4-FUNG-0027,G016,AAD34565.1,AAD34565.1,50937.0,52625.0,-,cytochrome P450 monooxygenase,cluster-associated P450; canonical LovA-dependent core chemistry does not establish an obligatory role for this second P450,NR,NR,S001,,119
M4-FUNG-0027:G017,M4-FUNG-0027,G017,AAD34566.1,AAD34566.1,53926.0,55428.0,+,partial/unknown; later glycosyl-hydrolase-like prediction,direct pathway necessity unresolved,NR,NR,S001; S014,Partial at AH007774 boundary.,120
M4-FUNG-0027:G018,M4-FUNG-0027,G018,lovB,Q9Y8A5 / AF151722,,,NR,lovastatin nonaketide synthase; highly reducing iterative PKS,assembles dihydromonacolin L nonaketide/decalin scaffold with trans-acting LovC,targeted/heterologous/in-vitro reconstitution,essential scaffold biosynthesis; incorrect/shunt products when partner/cofactors absent,S003; S005; S011,Essential gene omitted from BGC0000088 sequence boundary.,121
M4-FUNG-0027:G019,M4-FUNG-0027,G019,lovG,Q9Y7C9,,,NR,thioesterase,releases dihydromonacolin L from LovB and promotes iterative PKS turnover,gene deletion/biochemical reconstitution,loss impairs product release; LovG restores efficient DML release,S007,Cryptic thioesterase recognized after original cluster annotation; exact legacy AAD coordinate not forced here.,122
M4-FUNG-0029:G001,M4-FUNG-0029,G001,mokB / mkB,ABA02240.1,1535.0,9615.0,-,highly reducing iterative type I PKS / side-chain diketide synthase,synthesizes the diketide side-chain moiety required to acylate monacolin J,targeted disruption in M. pilosus NBRC4480,monacolin K abolished; monacolin J accumulates,S001; S004,Direct function from a different M. pilosus strain than BCRC38072.,104
M4-FUNG-0029:G002,M4-FUNG-0029,G002,mokI / mkI,ABA02247.1,12163.0,14310.0,-,efflux-pump/transporter protein,overexpression increases monacolin K output and induces transport/metabolic remodeling; direct monacolin-K transport remains not fully demonstrated,overexpression in M. pilosus,MK increased by 41.39% in 2024 study,S001; S008,"Treat as recovery-associated, not proven obligatory exporter.",105
M4-FUNG-0029:G003,M4-FUNG-0029,G003,mokH / mkH,ABA02246.1,16040.0,17503.0,-,Zn2Cys6 binuclear-cluster transcription factor,positive pathway regulator,gpd-promoter overexpression,cluster transcription increases; T-mokH1 produces 1.7-fold more monacolin K than WT,S001; S005,Direct positive-regulator evidence.,106
M4-FUNG-0029:G004,M4-FUNG-0029,G004,mokG / mkG,ABA02245.1,18464.0,21819.0,+,HMG-CoA reductase homolog,likely producer resistance/self-protection and mevalonate-pathway support,cluster homology/expression,direct source-strain necessity NR,S001; S003,Do not classify as core scaffold enzyme.,107
M4-FUNG-0029:G005,M4-FUNG-0029,G005,mokF / mkF,ABA02244.1,22575.0,23999.0,+,transesterase/acyltransferase,"predicted transfer of MokB-derived diketide side chain to monacolin J, homologous to LovD",pathway homology/engineering evidence,direct BCRC38072 knockout NR,S001; S003; S011,,108
M4-FUNG-0029:G006,M4-FUNG-0029,G006,mokE / mkE,ABA02243.1,24255.0,25482.0,-,trans-acting enoyl reductase; older annotation 'dehydrogenase',essential partner for MokA iterative PKS execution,"deletion, complementation and overexpression in M. pilosus MS-1",ΔmokE produces no MK; complementation restores MK; overexpression raises MK 32.1%,S001; S009,Modern direct function refines the legacy annotation.,109
M4-FUNG-0029:G007,M4-FUNG-0029,G007,mokD / mkD,ABA02242.1,25934.0,26725.0,+,oxidoreductase,exact native pathway step unresolved; implicated by cluster homology/expression and engineering,overexpression/cluster-expression studies in comparative Monascus strains,"productivity can increase when expression is enhanced, but exact chemistry remains unresolved",S001; S006; S012,Do not assign a specific reaction without direct biochemical localization.,110
M4-FUNG-0029:G008,M4-FUNG-0029,G008,mokA / mkA,ABA02239.1,31419.0,41121.0,-,nonaketide-synthase-like highly reducing iterative type I PKS,builds the core statin polyketide scaffold; requires MokE for correct execution,targeted disruption in M. pilosus BCRC38072; modern MokE partner genetics,mokA disruptant produces no monacolin K,S001; S003; S009,Direct source-strain causal core gene.,111
M4-FUNG-0029:G009,M4-FUNG-0029,G009,mokC / mkC,ABA02241.1,41447.0,43163.0,+,cytochrome P450 monooxygenase,"predicted sequential oxidative tailoring of statin core, homologous to LovA",cluster homology/engineering evidence,direct source-strain biochemical step NR,S001; S003; S012,"Strong pathway-homology assignment, weaker direct BCRC38072 chemistry.",112
M4-FUNG-0030:G001,M4-FUNG-0030,G001,pks3,ADH01663.1,1.0,8104.0,+,"nonreducing iterative type I PKS with KS, AT, 2×ACP, MT and thioester-reductase domains","essential for red pigment, ankaflavin and citrinin branches; generates compound-1/polyketide branch",systematic RNA-silencing knockdown,"<1% transcript; loss of red/yellow products, monascorubrin, ankaflavin and citrinin; 3-oxo-decanoic acid accumulates",S001; S003,Only PKS among 25 screened whose knockdown eliminates red pigment.,104
M4-FUNG-0030:G002,M4-FUNG-0030,G002,rp1,NR,,,NR,putative transcriptional activator,strongly inferred positive regulator of pks3/pathway,RNA-silencing knockdown,15% residual transcript; metabolomic/pigment phenotype closely matches pks3 knockdown,S003,Regulatory function inferred from TF homology plus near-identical phenotype; direct binding not shown.,105
M4-FUNG-0030:G003,M4-FUNG-0030,G003,rp2,NR,,,NR,fatty-acid synthase beta subunit,required for 3-oxo-decanoic-acid branch supporting monascorubrin/ankaflavin,RNA-silencing knockdown,"23% residual transcript; red pigment/monascorubrin/ankaflavin lost, citrinin retained, compound 1 accumulates",S003,Exact enzymatic step inferred from homology and shared branch phenotype.,106
M4-FUNG-0030:G004,M4-FUNG-0030,G004,rp3,NR,,,NR,3-oxoacyl-ACP synthase / fatty-acid-synthase alpha-component-like protein,required for 3-oxo-decanoic-acid branch,RNA-silencing knockdown,33% residual transcript; same branch phenotype as rp2; compound 1 accumulates,S003,Exact enzymatic step inferred.,107
M4-FUNG-0030:G005,M4-FUNG-0030,G005,rp4,NR,,,NR,oxidoreductase,required with RP2/RP3 for fatty-acid branch leading to monascorubrin/ankaflavin,RNA-silencing knockdown,29% residual transcript; same branch phenotype as rp2/rp3; compound 1 accumulates,S003,Direct substrate/reaction unresolved.,108
M4-FUNG-0031:G001,M4-FUNG-0031,G001,mdpL / AN10023,CBF90088.1,4379755.0,4381095.0,-,Baeyer–Villiger/ring-cleaving oxygenase-like enzyme,required for monodictyphenone formation; implicated in emodin-to-benzophenone remodeling,targeted deletion in cclAΔ background,emodin derivatives remain but monodictyphenone lost,S001; S003; S006,Exact reaction sequence has been revised in later emodin-family literature.,104
M4-FUNG-0031:G002,M4-FUNG-0031,G002,mdpK / AN10044,CBF90090.1,4381456.0,4382253.0,-,oxidoreductase,required for monodictyphenone branch; likely anthraquinone reductive remodeling,targeted deletion,emodin derivatives remain but monodictyphenone lost,S001; S003; S006,,105
M4-FUNG-0031:G003,M4-FUNG-0031,G003,mdpJ / AN10038,CBF90092.1,4382618.0,4383416.0,+,glutathione-S-transferase-like protein,required for monodictyphenone/arugosin branch under tested conditions,targeted deletion,emodin derivatives remain but monodictyphenone lost,S001; S003,Individual chemistry less resolved.,106
M4-FUNG-0031:G004,M4-FUNG-0031,G004,mdpI / AN10035,CBF90094.1,4383562.0,4385418.0,-,conserved hypothetical protein,not required for the defining monodictyphenone/emodin phenotype,targeted deletion / expression analysis,no decisive pathway-loss phenotype,S001; S003,Physical cluster member with negative functional evidence.,107
M4-FUNG-0031:G005,M4-FUNG-0031,G005,mdpH region / AN10022,CBF90095.1,4385793.0,4387378.0,-,historically one ORF; later resolved into MdpH1 decarboxylase + MdpH2 anthrone oxidase activities,directs atrochrysone-carboxylate intermediates efficiently toward emodin rather than endocrocin,targeted deletion + later reannotation/comparative enzyme evidence,endocrocin accumulates and monodictyphenone decreases when region is disrupted,S001; S003; S006,Do not treat historical mdpH as one simple enzyme.,108
M4-FUNG-0031:G006,M4-FUNG-0031,G006,mdpG / AN0150,CBF90097.1,4387684.0,4393245.0,-,nonreducing iterative type I PKS,"forms octaketide atrochrysone thioester, initiating emodin-family biosynthesis",targeted deletion + biochemical pathway assignment,loss abolishes mdp-derived metabolites,S001; S003; S006,UniProt Q5BH30.,109
M4-FUNG-0031:G007,M4-FUNG-0031,G007,mdpF / AN0149,CBF90099.1,4393714.0,4394731.0,+,metallo-beta-lactamase-like ACP thioesterase,releases atrochrysone carboxylic acid from MdpG-bound thioester,targeted deletion + conserved biochemical assignment,required for efficient pathway initiation,S001; S003; S006,UniProt Q5BH31.,110
M4-FUNG-0031:G008,M4-FUNG-0031,G008,mdpE / AN0148,CBF90101.1,4396210.0,4397517.0,+,Zn2Cys6 pathway transcription factor,principal pathway activator/coregulator,deletion and alcA-promoter induction,activation/deletion changes monodictyphenone/emodin output; acts with MdpA,S001; S003,UniProt Q5BH32.,111
M4-FUNG-0031:G009,M4-FUNG-0031,G009,mdpD / AN0147,CBF90103.1,4398044.0,4399687.0,+,FAD-dependent monooxygenase,dispensable for monodictyphenone generation but required for later prenyl-xanthone pathway,targeted deletion,monodictyphenone retained while xanthone products lost/altered,S001; S004,A clean branch-specific necessity example.,112
M4-FUNG-0031:G010,M4-FUNG-0031,G010,mdpC / AN0146,CBF90105.1,4400318.0,4401170.0,+,short-chain dehydrogenase/reductase,reductive step in emodin-to-monodictyphenone remodeling; converts reduced emodin intermediate in biochemical studies,targeted deletion + enzyme study,emodin derivatives remain; monodictyphenone lost,S001; S003; S007,UniProt Q5BH34.,113
M4-FUNG-0031:G011,M4-FUNG-0031,G011,mdpB / AN10049,CBF90107.1,4401466.0,4402157.0,+,dehydratase-like protein,required for monodictyphenone branch after emodin,targeted deletion,emodin derivatives retained but monodictyphenone lost,S001; S003,,114
M4-FUNG-0031:G012,M4-FUNG-0031,G012,mdpA / AN10021,CBF90109.1,4402496.0,4404005.0,+,AflJ-like transcriptional coactivator,coactivates mdp cluster with MdpE,deletion + alcA-promoter induction,confirmed coactivator; combined regulatory activation increases pathway output,S001; S003,,115
M4-FUNG-0031:G013,M4-FUNG-0031,G013,xptA / AN6784,Q5AY46,,,NR,aromatic prenyltransferase,required for conversion of monodictyphenone-derived intermediates toward prenyl xanthones,targeted deletion,shamixanthone/epishamixanthone pathway disrupted,S004,Physically separate xpt locus.,116
M4-FUNG-0031:G014,M4-FUNG-0031,G014,xptB / AN12402,P0DP82,,,NR,xanthone prenyltransferase,regiospecific O-prenylation of xanthone substrates; required for mature prenyl-xanthone formation,targeted deletion + purified recombinant enzyme assay,xanthone product pattern altered; purified enzyme prenylates xanthones,S004; S008,Distal gene; direct biochemistry available.,117
M4-FUNG-0031:G015,M4-FUNG-0031,G015,xptC / AN7998,Q5AUN2,,,NR,GMC oxidoreductase/dehydrogenase,late oxidation/cyclization producing shamixanthone and epishamixanthone,targeted deletion,prenylated precursors accumulate while final shamixanthone/epishamixanthone are lost,S004,Distal chromosome-II locus.,118
M4-FUNG-0031:G016,M4-FUNG-0031,G016,AN7999,NR,,,NR,short-chain dehydrogenase/reductase,no obvious requirement for prenyl-xanthone biosynthesis under tested conditions,targeted deletion,no obvious xanthone phenotype,S004,Useful negative candidate evidence.,119
M4-FUNG-0032:G001,M4-FUNG-0032,G001,mpaA,ADY00128.1,7000.0,8136.0,-,membrane polyprenyl/farnesyl transferase,farnesylates DHMP to FDHMP; Golgi-associated homolog directly characterized in later P. brevicompactum pathway work,heterologous pathway reconstruction / localization,loss or omission blocks prenylated MPA intermediates,S001; S006,Direct full mechanistic work used homologous NRRL864 MpaA'.,104
M4-FUNG-0032:G002,M4-FUNG-0032,G002,mpaB,ADY00129.1,9643.0,11119.0,+,ER-bound oxygenase,oxidatively cleaves C19=C20 of FDHMP side chain to FDHMP-3C via aldehyde chemistry,heterologous pathway reconstruction,omission blocks side-chain cleavage,S001; S006,Original 2011 function unknown; later resolved in NRRL864 homolog.,105
M4-FUNG-0032:G003,M4-FUNG-0032,G003,mpaC,ADY00130.1,11535.0,19279.0,-,nonreducing iterative type I PKS,synthesizes 5-methylorsellinic acid,source-strain deletion + heterologous expression,clean mpaC knockout abolishes MPA and multiple related metabolites,S001; S003,Direct IBT23078 causality.,106
M4-FUNG-0032:G004,M4-FUNG-0032,G004,mpaD component of mpaDE,ADY00131.1,22778.0,24179.0,+,cytochrome P450 domain of natural MpaDE fusion,hydroxylates 5-MOA to DHMB,cDNA fusion validation + heterologous expression of mpaD with mpaC,DHMB accumulates when MpaD acts without full fusion context,S001; S004,Database split CDS is a gene-model artifact.,107
M4-FUNG-0032:G005,M4-FUNG-0032,G005,mpaE component of mpaDE,ADY00132.1,24739.0,25524.0,+,metallo-β-lactamase-like hydrolase/lactone-synthase domain of natural fusion,aids ring closure from DHMB to DHMP,cDNA fusion validation + mpaC/mpaDE coexpression,DHMP produced efficiently when full MpaDE fusion is expressed,S001; S004,"Function best represented as C-terminal domain of MpaDE, not independent native gene.",108
M4-FUNG-0032:G006,M4-FUNG-0032,G006,mpaF / IMPDH-B,ADY00133.1,25957.0,27656.0,-,MPA-resistant inosine monophosphate dehydrogenase paralog,producer self-resistance to MPA,heterologous/biochemical resistance analysis,confers greater tolerance to MPA than ordinary fungal IMPDH,S001; S005,"Resistance gene, not core chemical assembly enzyme.",109
M4-FUNG-0032:G007,M4-FUNG-0032,G007,mpaG,ADY00134.1,28274.0,29522.0,-,SAM-dependent O-methyltransferase,5-O-methylates DMMPA and can also methylate FDHMP and FDHMP-3C,comparative pathway genetics + purified structural biochemistry,methylation can occur at multiple pathway stages,S001; S008; S009,Substrate flexibility creates non-rigid pathway order.,110
M4-FUNG-0032:G008,M4-FUNG-0032,G008,mpaH,ADY00135.1,31005.0,32485.0,-,peroxisomal type-I acyl-CoA thioesterase,hydrolyzes MPA-CoA to release final MPA,comparative full-pathway reconstruction + structural biochemistry,terminal product release requires MpaH in peroxisomal pathway context,S001; S006; S007,MpaH is highly selective for MPA-CoA.,111
M4-FUNG-0032:G009,M4-FUNG-0032,G009,ACL891 (extra-cluster),NR,,,NR,peroxisomal acyl-CoA ligase / primary-metabolism component,activates late MPA intermediate for peroxisomal β-oxidation,heterologous pathway reconstruction,enables sequestration and chain-shortening in peroxisome,S006,Not a BGC gene; encoded to preserve functional-programme dependence on primary metabolism.,112
M4-FUNG-0033:G001,M4-FUNG-0033,G001,wA / ANIA_08209,CBF74114.1 / Q03149,1136199.0,1142873.0,-,nonreducing iterative type I polyketide synthase,"synthesizes the heptaketide naphthopyrone YWA1, backbone precursor of conidial pigment",classical mutants; full-length heterologous expression,wA loss gives white conidia; full-length WA yields YWA1,S001; S003; S004,MIBiG's sole CDS.,104
M4-FUNG-0033:G002,M4-FUNG-0033,G002,yA,NR,,,NR,developmentally regulated p-diphenol oxidase/laccase I,oxidatively converts yellow precursor chemistry toward mature green conidial pigment,"yA mutants, temperature-sensitive allele, laccase biochemistry",yA loss gives yellow conidia; yA31 laccase is temperature sensitive,S005; S006,Dispersed locus on chromosome I.,105
M4-FUNG-0033:G003,M4-FUNG-0033,G003,chaA / AN10028,NR,,,NR,cytochrome P450 monooxygenase,required for normal green pigment and genetically placed downstream of an FwA-derived pigment branch,clean deletion + trans complementation + epistasis,deletion gives chartreuse conidia; complementation restores green; fwA is epistatic to chaA,S008,Exact chemical substrate/product unresolved.,106
M4-FUNG-0033:G004,M4-FUNG-0033,G004,fwA / AN1088,NR,,,NR,EthD-domain protein,required for normal green pigment; likely chemically modifies YWA1 independently of YA,clean deletion + promoter repair + epistasis,deletion gives fawn conidia; repair restores green; fwA alters yA and chaA double-mutant phenotypes,S008,Exact enzymatic chemistry unresolved.,107
M4-FUNG-0033:G005,M4-FUNG-0033,G005,abaA,NR,,,NR,TEA/ATTS-domain developmental transcription factor,direct activator of yA during conidiophore development,promoter-binding/transcriptional analysis,loss/alteration disrupts yA developmental expression,S006,"Global developmental regulator, not a biosynthetic enzyme.",108
M4-FUNG-0034:G001,M4-FUNG-0034,G001,patH,AIG62144.1,195.0,2035.0,-,m-cresol hydroxylase / P450,m-cresol → m-hydroxybenzyl alcohol,heterologous expression + source-strain localization,ER-localized step; loss/localization defect blocks pathway,S001; S005; S006,,104
M4-FUNG-0034:G002,M4-FUNG-0034,G002,patG,AIG62133.1,2810.0,3834.0,-,6-methylsalicylic-acid decarboxylase,6-MSA → m-cresol,heterologous expression,direct decarboxylation established,S001; S005,,105
M4-FUNG-0034:G003,M4-FUNG-0034,G003,patF,AIG62137.1,4350.0,4949.0,-,SnoaL-like/hypothetical enzyme,phyllostine → neopatulin,systematic deletion + feeding,loss blocks late-middle pathway,S006; S008,Function refined after original annotation.,106
M4-FUNG-0034:G004,M4-FUNG-0034,G004,patE,AIG62134.1,5362.0,7362.0,+,GMC oxidoreductase / patulin synthase,E-ascladiol → patulin,knockout + signal-peptide/localization rescue,ΔpatE accumulates E-ascladiol; secretion/cell-wall localization required,S001; S006; S009,Final conversion is spatially extracellular/cell-wall associated.,107
M4-FUNG-0034:G005,M4-FUNG-0034,G005,patD,AIG62135.1,7640.0,9147.0,-,alcohol dehydrogenase,neopatulin → E-ascladiol,knockout + feeding,loss blocks late step,S001; S006; S008,,108
M4-FUNG-0034:G006,M4-FUNG-0034,G006,patC,AIG62136.1,9636.0,11387.0,-,MFS transporter,transport/recovery contribution,systematic deletion/localization,plasma-membrane localization; loss reduces/abolishes output,S001; S006,Exact substrate unresolved.,109
M4-FUNG-0034:G007,M4-FUNG-0034,G007,patB,AIG62138.1,12080.0,14006.0,+,carboxylesterase-family protein,pathway contribution unresolved at substrate level,systematic deletion,loss affects patulin formation,S001; S006,Cytosolic.,110
M4-FUNG-0034:G008,M4-FUNG-0034,G008,patA,AIG62139.1,14650.0,15690.0,-,acetate transporter,transport/precursor or membrane-associated pathway support,systematic deletion/localization,ER-localized; loss affects patulin,S001; S006,Exact transported species unresolved.,111
M4-FUNG-0034:G009,M4-FUNG-0034,G009,patM,AIG62140.1,16342.0,20894.0,-,ABC transporter,transport/recovery contribution,systematic deletion/localization,plasma-membrane localization; loss affects patulin,S001; S006,Exact substrate unresolved.,112
M4-FUNG-0034:G010,M4-FUNG-0034,G010,patN,AIG62141.1,21354.0,22249.0,+,isoepoxydon dehydrogenase,isoepoxydon → phyllostine,systematic deletion + substrate feeding,intermediate trapping localizes reaction,S001; S006,,113
M4-FUNG-0034:G011,M4-FUNG-0034,G011,patO,AIG62142.1,22914.0,24873.0,+,isoamyl-alcohol-oxidase-like oxidase,acts with PatJ in gentisyl-alcohol-to-isoepoxydon segment,systematic deletion/localization,vacuolar localization; loss blocks pathway,S001; S006; S008,Exact individual chemistry remains uncertain.,114
M4-FUNG-0034:G012,M4-FUNG-0034,G012,patL,AIG62143.1,26056.0,28511.0,-,C6 Zn2Cys6 transcription activator,pathway-specific activation of pat genes,knockout/complementation,ΔpatL eliminates patulin and strongly decreases cluster expression,S001; S004,Also alters cultivar-dependent aggressiveness.,115
M4-FUNG-0034:G013,M4-FUNG-0034,G013,patI,AIG62145.1,30147.0,32032.0,-,m-hydroxybenzyl alcohol hydroxylase / P450,m-hydroxybenzyl alcohol → gentisyl alcohol,heterologous expression + localization,ER-localized oxygenation step,S001; S005; S006,,116
M4-FUNG-0034:G014,M4-FUNG-0034,G014,patJ,AIG62147.1,32661.0,33776.0,-,cupin/hypothetical oxidoreductase-like protein,acts with PatO in gentisyl-alcohol-to-isoepoxydon segment,systematic deletion/localization,vesicle/vacuole-associated; loss blocks pathway,S001; S006; S008,Exact reaction unresolved.,117
M4-FUNG-0034:G015,M4-FUNG-0034,G015,patK,AIG62146.1,34613.0,40016.0,+,6-methylsalicylic-acid synthase / iterative type-I PKS,acetyl-CoA + malonyl-CoA-derived units → 6-MSA,source-strain deletion/established enzymology,loss abolishes patulin,S001; S006,Pathway-entry PKS.,118
M4-FUNG-0035:G001,M4-FUNG-0035,G001,ptaA,AGO59040.1,4104.0,9717.0,-,nonreducing iterative type I PKS,initiates emodin-family polyketide backbone; essential for pestheic-acid production,targeted disruption,pestheic-acid production abolished,S001; S003,Group-V NR-PKS lacking its own conventional TE/CLC release domain.,104
M4-FUNG-0035:G002,M4-FUNG-0035,G002,ptaB,AGO59041.1,10280.0,11286.0,+,metallo-β-lactamase-like thioesterase,probable release/Claisen-cyclization partner for PtaA-derived polyketide,comparative emodin-family enzymology / pathway model,direct source-strain reaction not purified,S001; S005,Homologous to MβL-TE proteins in geodin/monodictyphenone pathways.,105
M4-FUNG-0035:G003,M4-FUNG-0035,G003,ptaC,AGO59043.1,12137.0,12562.0,-,anthrone oxygenase,probable anthrone oxidation in early emodin-family scaffold formation,comparative pathway assignment,source-strain purified-enzyme proof NR,S001; S005,,106
M4-FUNG-0035:G004,M4-FUNG-0035,G004,ptaD,AGO59044.1,13172.0,13784.0,+,EthD-containing decarboxylase,probable decarboxylation of atrochrysone-carboxylate-family intermediate,comparative pathway assignment,source-strain purified-enzyme proof NR,S001; S005,,107
M4-FUNG-0035:G005,M4-FUNG-0035,G005,ptaE,AGO59042.1,14350.0,16637.0,+,dihydrogeodin oxidase-like multicopper oxidoreductase,oxidative phenol coupling that forms diphenyl-ether skeleton from chlorinated or nonchlorinated benzophenone substrates,targeted disruption + intermediate analysis,loss of pestheic acid and nonchlorinated diphenyl-ether product; precursor benzophenones accumulate,S001; S003; S006,Responsible for oxidative coupling of isosulochrin/chloroisosulochrin-type substrates.,108
M4-FUNG-0035:G006,M4-FUNG-0035,G006,ptaF,AGO59035.1,16795.0,17580.0,-,NADH-dependent oxidoreductase / anthraquinone reductase-like protein,likely reductive remodeling in emodin-family route before benzophenone formation,comparative pathway assignment,exact source-strain substrate unresolved,S001; S005,,109
M4-FUNG-0035:G007,M4-FUNG-0035,G007,ptaG,AGO59045.1,18017.0,18510.0,-,hypothetical protein,no definitive pathway reaction resolved,NR,NR,S001,Physical cluster membership only.,110
M4-FUNG-0035:G008,M4-FUNG-0035,G008,ptaH,AGO59036.1,19405.0,20322.0,-,O-/carboxyl methyltransferase,candidate methylation of emodin-family intermediate; transcript correlates with pestheic-acid production,expression correlation + pathway homology,exact native methylation assignment unresolved,S001; S003; S014,One of two cluster methyltransferases.,111
M4-FUNG-0035:G009,M4-FUNG-0035,G009,ptaR1,AGO59050.1,21598.0,23130.0,+,cluster transcriptional regulator / AflS-like coactivator candidate,putative pathway regulation,cluster location + homology,direct causal regulator assay NR,S003; S015,MIBiG labels hypothetical.,112
M4-FUNG-0035:G010,M4-FUNG-0035,G010,ptaR2,AGO59037.1,24072.0,25406.0,+,cluster transcriptional regulator / Zn2Cys6-like pathway regulator candidate,putative pathway regulation,cluster location + homology,direct causal regulator assay NR,S003; S015,MIBiG labels hypothetical.,113
M4-FUNG-0035:G011,M4-FUNG-0035,G011,ptaI,AGO59038.1,25574.0,26593.0,-,O-methyltransferase,candidate O-methylation of emodin to physcion or related aromatic intermediate,pathway homology + later methyltransferase comparisons,exact source-strain native substrate unresolved,S001; S005; S016,Distinct from PtaH; assignment remains partly unresolved.,114
M4-FUNG-0035:G012,M4-FUNG-0035,G012,ptaJ,AGO59039.1,27157.0,28491.0,+,Baeyer–Villiger/ring-cleaving oxidase,oxidative ring cleavage of methylated anthraquinone/physcion-like intermediate to benzophenone state,pathway-model/intermediate evidence + strong enzyme-family homology,direct purified PtaJ assay NR,S001; S005,Strong structural homology to questin/hydroquinone ring-cleaving dioxygenases.,115
M4-FUNG-0035:G013,M4-FUNG-0035,G013,ptaK,AGO59052.1,29238.0,31621.0,-,dihydrogeodin-oxidase-like multicopper oxidoreductase,cluster-local paralog; precise necessity relative to PtaE unresolved,NR,NR,S001; S005,Do not duplicate PtaE function without direct evidence.,116
M4-FUNG-0035:G014,M4-FUNG-0035,G014,ptaL,AGO59047.1,34514.0,35758.0,+,oxidoreductase/pyridine-nucleotide-disulfide-oxidoreductase-like protein,support role unresolved,NR,NR,S001; S017,MIBiG calls hypothetical; antiSMASH predicts oxidoreductase.,117
M4-FUNG-0035:G015,M4-FUNG-0035,G015,ptaR3,AGO59048.1,35962.0,37624.0,-,pestheic-acid-cluster transcriptional regulator 3,putative pathway regulation,reviewed protein annotation + cluster location,direct perturbation evidence NR,S002; S018,Functional class less resolved than R1/R2.,118
M4-FUNG-0035:G016,M4-FUNG-0035,G016,ptaM,AGO59046.1,38557.0,40345.0,-,flavin-dependent halogenase,chlorinates isosulochrin-like substrate and can also chlorinate RES-1214-1 to pestheic acid,targeted disruption + substrate/intermediate analysis,chloroisosulochrin/pestheic acid lost; nonchlorinated isosulochrin/RES-1214-1 states accumulate,S001; S003; S006; S008,Reviewed UniProt; can also accept bromide in biochemical context.,119
M4-FUNG-0036:G001,M4-FUNG-0036,G001,pyr1 / AFUA_6G13920,EAL89229.1,3549063.0,3550864.0,-,nicotinate-CoA ligase,nicotinic acid → nicotinyl-CoA,heterologous reconstruction,supports HPPO synthesis,S001; S003,,104
M4-FUNG-0036:G002,M4-FUNG-0036,G002,pyr2 / AFUA_6G13930,EAL89230.2,3551104.0,3558495.0,-,NR-PKS,nicotinyl-CoA + 2 malonyl-CoA → HPPO,heterologous + native deletions,Δpyr2 eliminates detectable pyripyropene,S001; S003; S008,,105
M4-FUNG-0036:G003,M4-FUNG-0036,G003,pyr3 / AFUA_6G13940,EBA27371.1,3558989.0,3560881.0,+,P450,C11 hydroxylation,P. coprobium homolog bioconversion,late hydroxylation,S004,,106
M4-FUNG-0036:G004,M4-FUNG-0036,G004,pyr9 / AFUA_6G13945,EBA27372.1,3561710.0,3563486.0,+,P450,C7/C13 hydroxylation,P. coprobium homolog bioconversion,late hydroxylation,S004,,107
M4-FUNG-0036:G005,M4-FUNG-0036,G005,pyr4 / AFUA_6G13950,EAL89232.1,3563964.0,3564751.0,+,membrane terpene cyclase,cyclizes epoxyfarnesyl-HPPO,heterologous reconstruction,deacetyl-pyripyropene E formation,S003,,108
M4-FUNG-0036:G006,M4-FUNG-0036,G006,pyr5 / AFUA_6G13970,EAL89233.1,3565117.0,3566752.0,+,FAD monooxygenase,farnesyl-chain epoxidation,heterologous reconstruction,creates cyclization substrate,S003,,109
M4-FUNG-0036:G007,M4-FUNG-0036,G007,pyr6 / AFUA_6G13980,EAL89234.2,3567107.0,3568190.0,+,UbiA-like farnesyltransferase,HPPO farnesylation,heterologous reconstruction,prenylated intermediate,S003,,110
M4-FUNG-0036:G008,M4-FUNG-0036,G008,pyr7 / AFUA_6G13990,EAL89235.1,3568486.0,3570018.0,-,acetyltransferase,C1 acetylation,P. coprobium homolog bioconversion,pyripyropene E formation,S005,,111
M4-FUNG-0036:G009,M4-FUNG-0036,G009,pyr8 / AFUA_6G14000,EAL89236.1,3570769.0,3572141.0,+,acetyltransferase,C11 then final C7 acetylation,P. coprobium homolog bioconversion,acts twice late in pathway,S005,Legacy Tri7-like annotation refined.,112
M4-FUNG-0037:G001,M4-FUNG-0037,G001,rdc1,ACD39770.1,1392.0,7664.0,-,nonreducing iterative type-I PKS,"accepts Rdc5 pentaketide, performs four extensions, aromatic cyclization and TE-dependent macrolactonization to (R)-monocillin II",in-vitro + S. cerevisiae reconstitution; TE mutation/deletion,Rdc1+Rdc5 required; TE perturbation blocks normal macrolactonization,S001; S004,,104
M4-FUNG-0037:G002,M4-FUNG-0037,G002,rdc2,ACD39771.1,8912.0,10848.0,+,fungal flavin-dependent/non-heme halogenase,chlorinates monocillin/RAL substrates en route to radicicol,purified/E. coli reconstitution; bromide perturbation,direct chlorination; bromide suppresses rdc2 transcription in producer,S001; S005; S006,Broad halogenase substrate tolerance.,105
M4-FUNG-0037:G003,M4-FUNG-0037,G003,rdc3,ACD39772.1,12358.0,14159.0,+,MFS transporter,putative transport/self-protection role,NR,no direct substrate-transport assay found,S001; S003,,106
M4-FUNG-0037:G004,M4-FUNG-0037,G004,rdc4,ACD39773.1,19331.0,20929.0,-,cytochrome P450 monooxygenase,associated with epoxidative late tailoring; direct source-species reaction remains less resolved,cluster assignment + comparative ortholog genetics,ortholog knockout in C. chiversii yields deepoxy analog; source rdc4 unaffected by bromide,S001; S006; S007,Do not overstate as fully purified source-enzyme proof.,107
M4-FUNG-0037:G005,M4-FUNG-0037,G005,rdc5,ACD39774.1,23042.0,30251.0,+,highly reducing iterative type-I PKS,builds reduced pentaketide starter transferred to Rdc1,in-vitro + S. cerevisiae reconstitution,Rdc5/Rdc1 collaborative system makes (R)-monocillin II,S001; S004,ER timing determines reduced scaffold pattern.,108
M4-FUNG-0038:G001,M4-FUNG-0038,G001,sol6,BAJ09784.1,755.0,2411.0,-,cytochrome P450 monooxygenase,hydroxylates prosolanapyrone I to prosolanapyrone II,heterologous reconstitution; corrected intron model,correct full-length sol6 suppresses host side chemistry and yields prosolanapyrone II,S001; S006; S007,Original intron prediction used in early heterologous work was wrong; reannotation restored function.,104
M4-FUNG-0038:G002,M4-FUNG-0038,G002,sol5,BAJ09785.1,3092.0,4841.0,+,FAD-dependent bifunctional prosolanapyrone-II oxidase / [4+2] cyclase,oxidizes prosolanapyrone II and catalyzes stereoselective Diels–Alder cyclization to solanapyrones A/D,purified recombinant protein + native Δsol5 in ALS1/ALS2,purified Sol5 forms (-)-solanapyrone A; Δsol5 abolishes solanapyrones and accumulates prosolanapyrone II-diol,S001; S003; S004; S007,One of the canonical natural Diels-Alderase examples.,105
M4-FUNG-0038:G003,M4-FUNG-0038,G003,sol4,BAJ09786.1,6070.0,7810.0,+,Zn2Cys6-type pathway-specific transcription factor,positive regulator of the sol cluster; direct necessary/sufficient regulator evidence strongest in A. rabiei ortholog,comparative deletion/overexpression,A. rabiei Δsol4 loses solanapyrones; overexpression induces cluster genes,S001; S005,"A. solani sequence homolog is near-identical, but direct A. solani sol4 perturbation is not encoded here.",106
M4-FUNG-0038:G004,M4-FUNG-0038,G004,sol3,BAJ09787.1,8294.0,9202.0,+,dehydrogenase,reduces aldehyde solanapyrones A/D to the corresponding alcohol congeners B/E,pathway assignment + heterologous/biochemical synthesis,congener interconversion supported,S001; S003; S007,"Role described as tentative in some 2015 literature, but curated protein/pathway sources support B/E formation.",107
M4-FUNG-0038:G005,M4-FUNG-0038,G005,sol2,BAJ09788.1,9732.0,11221.0,-,O-methyltransferase,O-methylates desmethylprosolanapyrone I to prosolanapyrone I,stepwise A. oryzae reconstitution,AO-sol1/2 produces prosolanapyrone I; host also forms oxidized side products when downstream Sol6 is absent,S001; S006; S007,Strong host-context illustration.,108
M4-FUNG-0038:G006,M4-FUNG-0038,G006,sol1,BAJ09789.1,12520.0,20637.0,+,highly reducing iterative type I polyketide synthase / prosolanapyrone synthase,"assembles octaketide desmethylprosolanapyrone I from acetyl-CoA, seven malonyl-CoA units and internal methylation",A. oryzae heterologous expression,desmethylprosolanapyrone I isolated as the Sol1 product,S001; S003; S006; S007,Sol1 itself does not catalyze the final Diels–Alder cyclization despite homology to other decalin-forming PKSs.,109
M4-FUNG-0039:G001,M4-FUNG-0039,G001,stcA,AAC49191.1,1910.0,8582.0,-,type-I PKS / norsolorinic-acid synthase,pathway-entry aromatic PKS,gene disruption,loss of sterigmatocystin synthesis,S001; S005,Current UniProt cautions that legacy U34740 protein model is erroneous.,104
M4-FUNG-0039:G002,M4-FUNG-0039,G002,stcB,AAC49192.1,9005.0,10570.0,+,P450 monooxygenase,required after averufin; mutants accumulate averufin,gene disruption,ST absent; averufin accumulates,S001; S010,,105
M4-FUNG-0039:G003,M4-FUNG-0039,G003,stcC,AAC49193.1,11399.0,12334.0,-,putative peroxidase,pathway contribution,cluster coexpression/genetic context,specific substrate assignment incomplete,S001; S003,,106
M4-FUNG-0039:G004,M4-FUNG-0039,G004,stcD,NR,,,NR,historically coregulated stc gene,function unresolved,coexpression / primary cluster definition,NR,S003; S007,Absent from current MIBiG feature table.,107
M4-FUNG-0039:G005,M4-FUNG-0039,G005,stcE,AAC49194.1,14173.0,15144.0,+,ketoreductase / nor-1 homolog,early reduction in norsolorinic-acid pathway,genetic/comparative evidence,required for normal ST pathway,S001; S007,,108
M4-FUNG-0039:G006,M4-FUNG-0039,G006,aflR,AAC49195.1,15474.0,16775.0,-,C6 Zn2Cys6 pathway-specific transcription factor,directly activates stc cluster promoters,knockout/promoter-binding/mutant screens,loss of stc expression and ST; binding to TCG(N5)CGA motifs required,S001; S006; S014,,109
M4-FUNG-0039:G007,M4-FUNG-0039,G007,stcF,AAC49196.1,19510.0,21112.0,-,P450 monooxygenase / avnA homolog,averantin-related oxidation step,gene disruption,blocks ST pathway,S001; S010,,110
M4-FUNG-0039:G008,M4-FUNG-0039,G008,stcG,NR,,,NR,hydroxyaverufin dehydrogenase-like enzyme,pathway tailoring,comparative/cluster annotation,direct source-strain substrate detail limited,S007,Absent from current MIBiG feature table.,111
M4-FUNG-0039:G009,M4-FUNG-0039,G009,stcH,NR,,,NR,historically coregulated stc gene,function unresolved/adh-like annotation in comparative cluster literature,coexpression,NR,S003; S007,Absent from current MIBiG feature table.,112
M4-FUNG-0039:G010,M4-FUNG-0039,G010,stcI,AAC49197.1,23127.0,23987.0,+,lipase/esterase,pathway tailoring,cluster genetics/comparative homology,specific step incompletely resolved,S001; S007,,113
M4-FUNG-0039:G011,M4-FUNG-0039,G011,stcJ,AAC49198.1,25134.0,29861.0,-,dedicated fatty-acid synthase alpha subunit,hexanoyl starter-unit formation for StcA,gene disruption/biochemical genetics,required for ST but not primary fatty-acid synthesis,S001; S015,,114
M4-FUNG-0039:G012,M4-FUNG-0039,G012,stcK,AAC49199.1,30356.0,36275.0,+,dedicated fatty-acid synthase beta subunit,hexanoyl starter-unit formation for StcA,gene disruption/biochemical genetics,required for ST but not primary fatty-acid synthesis,S001; S015,,115
M4-FUNG-0039:G013,M4-FUNG-0039,G013,stcL,AAC49200.1,36416.0,37984.0,-,P450 monooxygenase,bisfuran desaturation step,gene disruption,blocks normal ST conversion in bisfuran segment,S001; S016,,116
M4-FUNG-0039:G014,M4-FUNG-0039,G014,stcM,NR,,,NR,P450 monooxygenase candidate,oxidative tailoring,comparative/cluster annotation,exact source-strain reaction uncertain,S007,Absent from current MIBiG feature table.,117
M4-FUNG-0039:G015,M4-FUNG-0039,G015,stcN,NR,,,NR,versicolorin-B synthase-like enzyme,versicolorin branch chemistry,comparative/source cluster literature,pathway contribution supported,S007,Absent from current MIBiG feature table.,118
M4-FUNG-0039:G016,M4-FUNG-0039,G016,stcO,AAC49201.1,40950.0,41843.0,-,oxidase/late pathway enzyme,ST-pathway tailoring,cluster genetics/comparative evidence,exact current MIBiG product field blank,S001; S007,,119
M4-FUNG-0039:G017,M4-FUNG-0039,G017,stcP,NR,,,NR,O-methyltransferase,demethylsterigmatocystin → sterigmatocystin,gene disruption,ΔstcP accumulates demethylsterigmatocystin,S008,Absent from current MIBiG feature table despite direct classic evidence.,120
M4-FUNG-0039:G018,M4-FUNG-0039,G018,stcQ,AAC49202.1,43440.0,44264.0,-,monooxygenase/oxidase candidate,late oxidative pathway tailoring,cluster/comparative evidence,exact step unresolved,S001; S007,,121
M4-FUNG-0039:G019,M4-FUNG-0039,G019,stcR,NR,,,NR,Baeyer-Villiger oxidase-like enzyme,oxidative rearrangement in ST/AF pathway,comparative annotation,direct A. nidulans step not fully resolved here,S007,Absent from current MIBiG feature table.,122
M4-FUNG-0039:G020,M4-FUNG-0039,G020,stcS,AAC49203.1,46251.0,47768.0,-,P450 monooxygenase,required for conversion of versicolorin A toward sterigmatocystin,gene disruption/precursor feeding,ΔstcS accumulates versicolorin A and fails ST,S001; S004,,123
M4-FUNG-0039:G021,M4-FUNG-0039,G021,stcT,AAC49204.1,48578.0,49291.0,+,translation-elongation-factor-gamma-like protein,cluster contribution uncertain,coexpression/cluster location,specific pathway reaction unresolved,S001; S003,,124
M4-FUNG-0039:G022,M4-FUNG-0039,G022,stcU,AAC49205.1,49490.0,50384.0,-,ketoreductase / verA-formerly,required with StcS in versicolorin-A-to-ST segment,gene disruption,versicolorin A accumulates; ST greatly reduced/absent,S001; S004; S017,,125
M4-FUNG-0039:G023,M4-FUNG-0039,G023,stcV,AAC49206.1,50499.0,51759.0,-,dehydrogenase,pathway tailoring,cluster genetics/comparative evidence,specific step incompletely resolved,S001; S007,,126
M4-FUNG-0039:G024,M4-FUNG-0039,G024,stcW,AAC49207.1,52065.0,53697.0,+,FAD-containing monooxygenase,required after averufin; mutants accumulate averufin,gene disruption,ST absent; averufin accumulates,S001; S010,,127
M4-FUNG-0039:G025,M4-FUNG-0039,G025,stcX,NR,,,NR,historically coregulated stc gene,2026 direct deletion/transcription analysis indicates the putative stcX region is dispensable for sterigmatocystin biosynthesis under the tested conditions,targeted deletion of the putative stcX-region ORFs,"no significant effect on sterigmatocystin production, growth, or expression of other cluster genes",S003; S007; S019,Historical cluster association retained as provenance; current direct evidence excludes stcX from the experimentally supported functional boundary.,128
M4-FUNG-0040:G001,M4-FUNG-0040,G001,tropJ / TSTA_117720,EED17997.1,1805891.0,1806943.0,-,decarboxylase,final decarboxylation in stipitatic-acid formation,targeted knockout / late-pathway assay,loss blocks final-product formation,S001; S004; S006,Final late-pathway enzyme.,104
M4-FUNG-0040:G002,M4-FUNG-0040,G002,tropD / TSTA_117730,EED17998.1,1808583.0,1810480.0,-,cytochrome P450 monooxygenase,"hydroxylates stipitaldehyde methyl substituent, enabling stipitacetal formation",targeted knockout,places TropD directly after tropolone-nucleus formation,S001; S003; S004,Alternative duplicate EED17999.1 model also exists in MIBiG.,105
M4-FUNG-0040:G003,M4-FUNG-0040,G003,tropB / TSTA_117740,EED18000.1 / B8M9J8,1811404.0,1812826.0,-,FAD-dependent monooxygenase,NADPH-dependent oxidative dearomatization of 3-methylorcinaldehyde,targeted knockout + purified enzyme,ΔtropB accumulates 3-methylorcinaldehyde; purified TropB yields dearomatized dienone,S001; S003; S005,,106
M4-FUNG-0040:G004,M4-FUNG-0040,G004,tropA / TSTA_117750,EED18001.1,1813486.0,1821545.0,+,nonreducing iterative type I PKS,assembles and reductively releases 3-methylorcinaldehyde,targeted knockout + A. oryzae expression,loss abolishes tropolones; intronless construct produces expected aldehyde,S001; S003,Genomic intron-containing construct failed heterologously.,107
M4-FUNG-0040:G005,M4-FUNG-0040,G005,tropI / TSTA_117760,EED18002.1 / B8M9K0,1821999.0,1822878.0,-,dienelactone-hydrolase-like hydrolase,interconverts late dicarboxylate/maleic-anhydride states,targeted knockout + late-pathway assay,late anhydride chemistry disrupted,S001; S004; S006,Alternative duplicate EED18003.1 model also exists.,108
M4-FUNG-0040:G006,M4-FUNG-0040,G006,TSTA_117770,EED18004.1,1823515.0,1825170.0,+,conserved hypothetical protein,direct pathway contribution unresolved,NR,NR,S001,Physical-neighborhood membership only.,109
M4-FUNG-0040:G007,M4-FUNG-0040,G007,tropF / TSTA_117780,EED18005.1 / B8M9K3,1825779.0,1826758.0,-,esterase/hydrolase,opens stipitalide/lactone toward a late open-chain intermediate,late-pathway knockout/assignment,loss perturbs downstream maleic-anhydride formation,S001; S004; S006,,110
M4-FUNG-0040:G008,M4-FUNG-0040,G008,tropH / TSTA_117790,EED18006.1,1827468.0,1829056.0,+,aldehyde dehydrogenase,oxidizes late aldehyde to corresponding dicarboxylic acid,targeted knockout + multi-enzyme assay,required for late oxidative sequence,S001; S004; S006,MIBiG legacy label 'NAD oxidase' is less specific.,111
M4-FUNG-0040:G009,M4-FUNG-0040,G009,tropC / TSTA_117800,EED18007.1 / B8M9K5,1829681.0,1830851.0,-,Fe(II)/2-oxoglutarate-dependent dioxygenase,oxidative six-to-seven-membered ring expansion to tropolone nucleus,targeted knockout + purified enzyme,ΔtropC traps ring-unexpanded shunts; purified TropC creates tropolone,S001; S003; S007,2025 detailed radical mechanism mainly from closely related SpoC.,112
M4-FUNG-0040:G010,M4-FUNG-0040,G010,tropK / TSTA_117810,EED18009.1 / B8M9K6,1831612.0,1833588.0,-,tropolone-cluster transcription-factor candidate,putative pathway regulation,reviewed annotation / cluster location,direct knockout/OE evidence NF in curated core literature,S001; S006,Alternative duplicate EED18008.1 model also exists.,113
M4-FUNG-0040:G011,M4-FUNG-0040,G011,tropE / TSTA_117820,EED18010.1 / B8M9K8,1836019.0,1836925.0,+,short-chain dehydrogenase/reductase,converts stipitacetal toward stipitalide,targeted knockout / later-pathway analysis,late intermediate profile altered,S001; S004; S006,,114
M4-FUNG-0040:G012,M4-FUNG-0040,G012,TSTA_117830,EED18011.1,1837508.0,1838053.0,-,conserved hypothetical protein,direct role unresolved,NR,NR,S001,Boundary-proximal neighborhood gene.,115
M4-FUNG-0040:G013,M4-FUNG-0040,G013,tropG / TSTA_117860,K2RU68,1847386.0,1848446.0,-,short-chain dehydrogenase/reductase,late oxidation/reduction step before TropH,later-pathway assignment,required in later-defined stipitatic-acid programme,S004; S006,Outside current MIBiG display; major completeness conflict.,116
M4-FUNG-0041:G001,M4-FUNG-0041,G001,OXI1,NR,1670814.0,1671783.0,NR,putative short-chain dehydrogenase/oxidoreductase,required for full T-toxin production; exact step unresolved,targeted deletion,reduced toxin/high-virulence phenotype,S006; S010,"Tox1A, C4 scaffold_4 / chr12;6.",104
M4-FUNG-0041:G002,M4-FUNG-0041,G002,TOX9,NR,1672185.0,1673044.0,NR,Tox1 protein without clear conserved domain,required for full T-toxin production,targeted deletion,reduced toxin/high-virulence phenotype,S006; S010,Tox1A.,105
M4-FUNG-0041:G003,M4-FUNG-0041,G003,PKS1,NR,1898206.0,1906118.0,NR,fully reducing iterative type-I PKS,essential T-toxin backbone synthesis,targeted disruption,T-toxin and high virulence eliminated,S003; S010,Tox1A.,106
M4-FUNG-0041:G004,M4-FUNG-0041,G004,TOX10,NR,1912643.0,1913983.0,NR,Tox1 pathway protein,pathway membership supported; exact chemistry unresolved,comparative/evolutionary analysis,pathway association,S008; S009; S010,Tox1A; identified after original nine-gene set.,107
M4-FUNG-0041:G005,M4-FUNG-0041,G005,PKS2,NR,2066502.0,2073138.0,NR,fully reducing iterative type-I PKS,essential second PKS for T-toxin/high virulence,targeted disruption,loss/reduction of toxin and high virulence,S005; S010,Tox1A.,108
M4-FUNG-0041:G006,M4-FUNG-0041,G006,LAM1,NR,2075480.0,2076960.0,NR,putative 3-hydroxyacyl-CoA dehydrogenase,required for full toxin production; exact step unresolved,targeted deletion,reduced toxin/high-virulence phenotype,S006; S010,Tox1A.,109
M4-FUNG-0041:G007,M4-FUNG-0041,G007,RED3,NR,1645251.0,1645841.0,NR,reductase,required for full toxin production,targeted deletion,reduced toxin/high-virulence phenotype,S006; S010,"Tox1B, C4 scaffold_8 / chr6;12.",110
M4-FUNG-0041:G008,M4-FUNG-0041,G008,RED2,NR,1650037.0,1650878.0,NR,reductase,required for full toxin production,targeted deletion,reduced toxin/high-virulence phenotype,S006; S010,Tox1B.,111
M4-FUNG-0041:G009,M4-FUNG-0041,G009,RED1,NR,1652795.0,1654097.0,NR,NAD-dependent oxidoreductase/reductase,supports T-toxin biosynthesis,targeted disruption,toxin/virulence reduced,S004; S006; S010,Tox1B.,112
M4-FUNG-0041:G010,M4-FUNG-0041,G010,DEC1,NR,1655385.0,1656445.0,NR,acetoacetate-decarboxylase-like enzyme,required for high-level active T-toxin production,targeted disruption,toxin and T-cms virulence drastically reduced,S004; S010,Tox1B.,113
M4-FUNG-0042:G001,M4-FUNG-0042,G001,adaR,AEN83885.1,501.0,3004.0,+,Zn2Cys6-type pathway-specific transcriptional regulator,activates ada-pathway transcription and TAN-1612/BMS pigment production,native overexpression / CRISPR replacement,cluster induction; orange/yellow colony phenotype,S001; S003; S006,Regulatory entry point; not a biosynthetic enzyme.,104
M4-FUNG-0042:G002,M4-FUNG-0042,G002,adaD,AEN83886.1,3412.0,4161.0,-,O-methyltransferase,C9 O-methylation completing TAN-1612 from desmethyl scaffold,heterologous pathway omission/deletion and later A. niger engineering,loss produces desmethyl/non-C9-methylated TAN/BMS profile,S001; S003,Methyl donor is SAM.,105
M4-FUNG-0042:G003,M4-FUNG-0042,G003,adaC,AEN83887.1,4637.0,5881.0,+,FAD-dependent monooxygenase,"C2 α-hydroxylation of ACP-bound decaketide, enabling fourth-ring Claisen-like closure",heterologous combination + purified FMO,"without AdaC, AdaA/AdaB produce hydrolytically released tricyclic product instead of tetracyclic scaffold",S001; S003,Hydroxylation functions as a nucleophile/off-loading switch.,106
M4-FUNG-0042:G004,M4-FUNG-0042,G004,adaB,AEN83888.1,6256.0,7260.0,-,metallo-β-lactamase-like thioesterase / Claisen cyclase,promotes C18–C1 fourth-ring cyclization after AdaC hydroxylation; hydrolyzes unhydroxylated substrate,heterologous reconstruction + comparative biochemical assays,dramatically increases tetracyclic cyclization efficiency; switches to hydrolysis without C2-OH,S001; S003,Direct metal characterization was strongest for homolog AptB; AdaB mechanism inferred from homologous chemistry plus direct heterologous function.,107
M4-FUNG-0042:G005,M4-FUNG-0042,G005,adaA,AEN83889.1,7894.0,13275.0,+,nonreducing iterative type I PKS,assembles the decaketide naphthacenedione precursor on ACP,heterologous expression/reconstitution,AdaA-containing combinations generate defined decaketide-derived intermediates and TAN-1612,S001; S003,Lacks terminal intrinsic off-loading domain.,108
M4-FUNG-0042:G006,M4-FUNG-0042,G006,adaE / adjacent MFS transporter,NRRL3_09550 / An11g07300,,,NR,major facilitator superfamily transporter / putative TAN-1612 efflux pump,improves heterologous host tolerance and extracellular/supernatant TAN-1612 recovery,community reconstruction + engineered-yeast coexpression,reduced TAN-1612 toxicity and increased supernatant titers,S007; S008,"Adjacent functional gene, not one of the five MIBiG CDSs; exact native transported substrate still inferred.",109
M4-FUNG-0043:G001,M4-FUNG-0043,G001,atA / ATEG_06272,EAU32816.1,89034.0,90438.0,-,salicylate 1-monooxygenase,6-MSA → 3-methylcatechol,native deletion + heterologous expression,loss of TA; direct product formation,S001; S003; S004,2018 cDNA corrected legacy model.,104
M4-FUNG-0043:G002,M4-FUNG-0043,G002,atB / ATEG_06273,EAU32817.1,91206.0,93266.0,+,MFS transporter,required for normal native TA production/recovery; putative efflux,native deletion,TA impaired,S001; S003,Direct substrate/direction unresolved.,105
M4-FUNG-0043:G003,M4-FUNG-0043,G003,atC / ATEG_06274,EAU32818.1,94235.0,96511.0,+,GMC oxidoreductase,terremutin → terreic acid,native deletion + heterologous reconstruction,atCΔ accumulates terremutin; AtC yields TA,S001; S003; S004,,106
M4-FUNG-0043:G004,M4-FUNG-0043,G004,atX / ATEG_06275,EAU32819.1,97508.0,102981.0,-,6-MSA synthase / iterative type-I PKS,acetyl-CoA + 3 malonyl-CoA → 6-MSA,native deletion + heterologous expression,atXΔ abolishes TA; AtX yields 6-MSA,S001; S003; S004; S005,,107
M4-FUNG-0043:G005,M4-FUNG-0043,G005,atD / ATEG_06276,EAU32820.1,104169.0,105510.0,+,cyclooxygenation/epoxidation enzyme,benzenetriol → terremutin,native deletion + P. pastoris reconstruction,"AtD, not AtG, produces terremutin",S001; S003; S004,2018 corrected missing nucleotide.,108
M4-FUNG-0043:G006,M4-FUNG-0043,G006,atE / ATEG_06277,EAU32821.1,106614.0,108134.0,+,P450 monooxygenase,"3-methylcatechol → 3-methyl-1,2,4-benzenetriol",native deletion + reconstruction,direct hydroxylation,S001; S003; S004,,109
M4-FUNG-0043:G007,M4-FUNG-0043,G007,atF / ATEG_06278,EAU32822.1,108639.0,110671.0,-,pathway-specific transcription factor,positive regulation of at programme,native deletion,eliminates TA while largely sparing unrelated SMs,S001; S003,,110
M4-FUNG-0043:G008,M4-FUNG-0043,G008,ATEG_06279,EAU32823.1,112793.0,114648.0,-,type-I terpene synthase predicted by antiSMASH,no demonstrated terreic-acid role,excluded from primary eight-gene definition,not counted among at genes,S001; S003; S010,Current MIBiG physical feature only.,111
M4-FUNG-0043:G009,M4-FUNG-0043,G009,atG / ATEG_06280,EAU32824.1,115638.0,116126.0,+,small P450-like monooxygenase,enhances AtE-dependent hydroxylation; not principal hydroxylase/epoxidase,native deletion + matched heterologous add-back,boosts AtE-stage compounds; does not replace AtE/AtD,S001; S003; S004,AtE–AtG Y2H interaction negative.,112
M4-FUNG-0044:G001,M4-FUNG-0044,G001,terJ / ATEG_00135,EAU38781.1,399827.0,401540.0,-,major facilitator superfamily transporter,putative terrein secretion/self-protection role; exact substrate unresolved,deletion/promoter analysis,not in dispensable terG/H/I set; high-affinity TerR motif present,S001; S005; S011,Transport role is plausible but not directly demonstrated.,104
M4-FUNG-0044:G002,M4-FUNG-0044,G002,terI / ATEG_00136,EAU38782.1,402303.0,402958.0,-,glyoxalase/dioxygenase-like protein,accessory influence on output; exact reaction unknown,native deletion,terrein reduced but not abolished,S001; S003; S011,Dispensable for final product formation.,105
M4-FUNG-0044:G003,M4-FUNG-0044,G003,terH / ATEG_00137,EAU38783.1,403467.0,404489.0,+,NAD-binding epimerase-like protein,accessory influence on output; exact reaction unknown,native deletion,terrein reduced but not abolished,S001; S003; S011,Dispensable for final product formation.,106
M4-FUNG-0044:G004,M4-FUNG-0044,G004,terG / ATEG_00138,EAU38784.1,406533.0,408253.0,+,major facilitator superfamily transporter,putative secretion/self-resistance role,deletion/promoter analysis,dispensable for final terrein formation,S001; S005; S011,No high-affinity TerR motif reported.,107
M4-FUNG-0044:G005,M4-FUNG-0044,G005,terR / ATEG_00139,EAU38785.1,408831.0,411383.0,-,GAL4-type Zn2Cys6 pathway-specific transcription activator,direct central activator of ter BGC,native disruption + heterologous expression,ΔterR abolishes terrein; TerR expression alone is sufficient to activate the cluster in heterologous A. niger,S001; S003; S005,TerR abundance is rate-limiting for promoter activation.,108
M4-FUNG-0044:G006,M4-FUNG-0044,G006,terF / ATEG_00140,EAU38786.1,412001.0,413380.0,-,Kelch-domain oxidase-like protein,late oxidative pathway role unresolved,native genetics/expression,needed for full pathway; exact reaction NF,S001; S003; S011,,109
M4-FUNG-0044:G007,M4-FUNG-0044,G007,terE / ATEG_00141,EAU38787.1,413999.0,416058.0,+,multicopper oxidase,late oxidative pathway role unresolved,native genetics/expression,needed for full pathway; exact reaction NF,S001; S003; S011,,110
M4-FUNG-0044:G008,M4-FUNG-0044,G008,terD / ATEG_00142,EAU38788.1,416977.0,419033.0,+,FAD-dependent monooxygenase,hydroxylates the TerC-derived early oxidative intermediate,heterologous/in-vitro biochemistry,specific early oxidative transformation assigned,S001; S006; S007,2021 biochemical refinement.,111
M4-FUNG-0044:G009,M4-FUNG-0044,G009,terC / ATEG_00143,EAU38789.1,420220.0,421386.0,+,FAD-dependent monooxygenase,initial oxidative decarboxylation of 6-hydroxymellein,heterologous/in-vitro biochemistry,direct conversion demonstrated,S001; S006; S007,Key ring-contraction entry enzyme.,112
M4-FUNG-0044:G010,M4-FUNG-0044,G010,terB / ATEG_00144,EAU38790.1,422324.0,425277.0,-,PKS-like dehydratase-C-methyltransferase-ketoreductase protein,"collaborates with TerA; functional KR reduces 2,3-dehydro-6-hydroxymellein to 6-hydroxymellein; inactive DH likely mediates TerA interaction",heterologous/in-vitro domain analysis,TerA+TerB efficiently produce 6-hydroxymellein,S001; S003; S006,Unusual trans-acting PKS-like partner rather than standalone PKS.,113
M4-FUNG-0044:G011,M4-FUNG-0044,G011,terA / ATEG_00145,EAU38791.1,426061.0,432585.0,+,nonreducing iterative type I PKS,"forms variable-chain-length aromatic products and, with TerB, 6-hydroxymellein precursor",native deletion + heterologous expression + in-vitro work,"ΔterA abolishes terrein; heterologous TerA produces 4-hydroxy-6-methylpyrone, orsellinic acid and dehydro-6-hydroxymellein",S001; S003; S006,Low extension-cycle specificity.,114
M4-FUNG-0045:G001,M4-FUNG-0045,G001,vrtA,ADI24926.1,20532.0,26109.0,+,nonreducing iterative PKS,core naphthacenedione assembly,native deletion,viridicatumtoxin abolished,S003,,104
M4-FUNG-0045:G002,M4-FUNG-0045,G002,vrtB,ADI24927.1,26553.0,28864.0,-,acetoacetyl-/malonamoyl-CoA synthetase-like,starter-unit supply,pathway assignment,supports malonamoyl starter chemistry,S003,,105
M4-FUNG-0045:G003,M4-FUNG-0045,G003,vrtC,ADI24928.1,29194.0,30645.0,+,aromatic prenyltransferase,regiospecific C6 geranylation,deletion + purified enzyme,prenylated intermediate formation lost/restored,S004,,106
M4-FUNG-0045:G004,M4-FUNG-0045,G004,vrtD,ADI24929.1,31049.0,32254.0,-,trans-isoprenyl diphosphate synthase,dedicated GPP supply,deletion,lower titer and core accumulation,S003,,107
M4-FUNG-0045:G005,M4-FUNG-0045,G005,vrtE,ADI24930.1,32536.0,34433.0,-,cytochrome P450,C5 hydroxylation,heterologous/pathway biochemistry,defined hydroxylation,S005,,108
M4-FUNG-0045:G006,M4-FUNG-0045,G006,vrtF,ADI24931.1,34845.0,35561.0,-,methyltransferase,pathway methylation,cluster genetics,methylation state altered,S003,,109
M4-FUNG-0045:G007,M4-FUNG-0045,G007,vrtG,ADI24932.1,35872.0,36795.0,+,metallo-beta-lactamase-like thioesterase/cyclase,PKS off-loading/Claisen-type cyclization,comparative biochemistry,supports tetracyclic core formation,S003,,110
M4-FUNG-0045:G008,M4-FUNG-0045,G008,vrtH,ADI24934.1,36951.0,38255.0,-,FAD oxidoreductase,oxidative tailoring,cluster assignment,late product profile affected,S003,,111
M4-FUNG-0045:G009,M4-FUNG-0045,G009,vrtI,ADI24935.1,18542.0,20138.0,-,Fe(II)/2OG oxygenase,oxidative tailoring,cluster assignment,exact substrate incompletely resolved,S003,,112
M4-FUNG-0045:G010,M4-FUNG-0045,G010,vrtJ,ADI24936.1,17107.0,18355.0,+,PLP-dependent threonine-aldolase/Gly1-like,starter-unit-related metabolism,pathway assignment,exact direct role unresolved,S003,,113
M4-FUNG-0045:G011,M4-FUNG-0045,G011,vrtK,ADI24937.1,14679.0,16525.0,+,cytochrome P450,oxidative geranyl cyclization to spirobicycle,yeast biotransformation,sole enzyme sufficient for cyclization of previridicatumtoxin,S005,,114
M4-FUNG-0045:G012,M4-FUNG-0045,G012,vrtL,ADI24938.1,12194.0,13763.0,+,MFS transporter,putative recovery/self-protection,annotation,direct transported substrate NF,S003,,115
M4-FUNG-0045:G013,M4-FUNG-0045,G013,vrtR1,ADI24939.1,6236.0,8992.0,-,cluster transcription factor,putative pathway regulation,annotation,direct environmental rule unresolved,S003,,116
M4-FUNG-0045:G014,M4-FUNG-0045,G014,vrtR2,NR,,,NR,second cluster transcription factor,putative pathway regulation,annotation,direct perturbation detail unresolved,S003,,117
M4-FUNG-0046:G001,M4-FUNG-0046,G001,yanA,NR,,,NR,6-MSA PKS,6-MSA formation,deletion + feeding rescue,loss rescued by 6-MSA/m-cresol feeding,S003,,104
M4-FUNG-0046:G002,M4-FUNG-0046,G002,yanB,EHA22194.1,,,NR,decarboxylase,6-MSA → m-cresol,deletion/feeding,early pathway blocked,S003,,105
M4-FUNG-0046:G003,M4-FUNG-0046,G003,yanC,NR,,,NR,P450 monooxygenase,m-cresol → toluquinol,deletion/pathway analysis,hydroxylation blocked,S003,,106
M4-FUNG-0046:G004,M4-FUNG-0046,G004,yanD,NR,,,NR,oxidoreductase,epoxidative/oxidative tailoring,deletion,branch intermediates altered,S003,,107
M4-FUNG-0046:G005,M4-FUNG-0046,G005,yanE,NR,,,NR,oxidoreductase,oxidative tailoring,deletion,branch intermediates altered,S003,,108
M4-FUNG-0046:G006,M4-FUNG-0046,G006,yanF,NR,,,NR,oxidase,yanuthone E → yanuthone D,deletion/pathway analysis,late product conversion blocked,S003,,109
M4-FUNG-0046:G007,M4-FUNG-0046,G007,yanG,NR,,,NR,prenyltransferase,farnesylation of aromatic precursor,deletion,prenylated products lost,S003,,110
M4-FUNG-0046:G008,M4-FUNG-0046,G008,yanH,NR,,,NR,P450 monooxygenase,late oxidation toward 22-deacetylyanuthone A,deletion,late branch altered,S003,,111
M4-FUNG-0046:G009,M4-FUNG-0046,G009,yanI,NR,,,NR,O-mevalon transferase,installs O-linked mevalonate side chain,deletion/biochemistry,mevalonylated yanuthones lost,S003,first characterized O-mevalon transferase,112
M4-FUNG-0046:G010,M4-FUNG-0046,G010,yanR,NR,,,NR,cluster transcription regulator,putative local activation,cluster assignment,upstream native signal unresolved,S003,,113
M4-FUNG-0047:G001,M4-FUNG-0047,G001,ATEG_03466,EAU36740.1,1891389.0,1892367.0,-,ata-cluster enzyme,pathway contribution established by deletion screen,targeted deletion,product profile altered,S003,exact common name/function not forced,104
M4-FUNG-0047:G002,M4-FUNG-0047,G002,ATEG_03467,EAU36741.1,1892901.0,1894775.0,-,ata-cluster enzyme,pathway contribution,targeted deletion,intermediate profile altered,S003,,105
M4-FUNG-0047:G003,M4-FUNG-0047,G003,ATEG_03468,EAU36742.1,1895696.0,1896490.0,-,ata-cluster enzyme,pathway contribution,targeted deletion,intermediate profile altered,S003,,106
M4-FUNG-0047:G004,M4-FUNG-0047,G004,ataL / ATEG_03469,EAU36743.1,1897253.0,1897881.0,+,GliH-like/accessory protein,required for normal ETP product spectrum; exact chemistry unresolved,targeted deletion,restricted subset of products,S003,,107
M4-FUNG-0047:G005,M4-FUNG-0047,G005,ataP / ATEG_03470,EAU36744.1,1899920.0,1904643.0,-,NRPS,diketopiperazine scaffold assembly,targeted deletion,acetylaranotin family abolished,S003,core NRPS,108
M4-FUNG-0047:G006,M4-FUNG-0047,G006,ATEG_03471,EAU36745.1,1905334.0,1906905.0,-,ETP tailoring enzyme,sulfur/redox pathway contribution,targeted deletion,diagnostic metabolite accumulation,S003,,109
M4-FUNG-0047:G007,M4-FUNG-0047,G007,ATEG_03472,EAU36746.1,1907094.0,1911016.0,-,multifunctional ETP enzyme,multiple sulfur/oxidative transformations,targeted deletion,branch products altered,S003,,110
M4-FUNG-0047:G008,M4-FUNG-0047,G008,ATEG_03473,EAU36747.1,1912165.0,1913601.0,+,tailoring enzyme,pathway contribution,targeted deletion,product profile altered,S003,,111
M4-FUNG-0047:G009,M4-FUNG-0047,G009,ATEG_03474,EAU36748.1,1914422.0,1916926.0,+,tailoring enzyme,acetylation/oxepine-related pathway contribution,targeted deletion,product profile altered,S003,,112
M4-FUNG-0047:G010,M4-FUNG-0047,G010,ATEG_03475,EAU36749.1,1917431.0,1919011.0,+,MFS/accessory candidate,physical neighborhood; direct nine-gene membership uncertain,deletion screen,not automatically counted as required,S001; S003,current display contains one nonpathway neighbor,113
M4-FUNG-0048:G001,M4-FUNG-0048,G001,anaPS / NFIA_055290,EAW16180.1,2428387.0,2435518.0,-,bimodular NRPS,anthranilate + L-Trp → (R)-benzodiazepinedione,biochemical/domain assays,direct scaffold synthesis,S001; S003; S004,,104
M4-FUNG-0048:G002,M4-FUNG-0048,G002,anaPT / NFIA_055300,EAW16181.1,2437444.0,2438808.0,+,DMATS-family prenyltransferase,reverse C3 prenylation of benzodiazepinedione → aszonalenin,purified kinetics,direct prenylation,S001; S003,,105
M4-FUNG-0048:G003,M4-FUNG-0048,G003,anaAT / NFIA_055310,EAW16182.1,2439622.0,2441151.0,+,acetyl-CoA-dependent acetyltransferase,N1 acetylation of aszonalenin → acetylaszonalenin,purified kinetics,direct final step,S001; S003,,106
M4-FUNG-0049:G001,M4-FUNG-0049,G001,aps2,ACZ66248.1,9934.0,11129.0,+,bZIP/ankyrin transcription factor,positive cluster regulator,deletion + overexpression,Δaps2 no apicidin; OE increases production,S001; S003,,104
M4-FUNG-0049:G002,M4-FUNG-0049,G002,aps3,ACZ66249.1,11170.0,12153.0,-,pyrroline reductase,L-pipecolic-acid biosynthesis,deletion,apicidin B with Pro replaces Pip,S001; S003,,105
M4-FUNG-0049:G003,M4-FUNG-0049,G003,aps4,ACZ66250.1,12703.0,14066.0,-,aminotransferase,candidate L-Aoda precursor amination,deletion,no effect in original study,S001; S003; S004,Pathway reviews assign a plausible role but source deletion says dispensable.,106
M4-FUNG-0049:G004,M4-FUNG-0049,G004,aps5,ACZ66251.1,14493.0,19523.0,+,fatty-acid synthase alpha subunit,decanoate/Aoda precursor supply,deletion,apicidin abolished,S001; S003; S004,Beta subunit is extra-cluster.,107
M4-FUNG-0049:G005,M4-FUNG-0049,G005,aps6,ACZ66252.1,23702.0,24928.0,+,O-methyltransferase,O-methylation of N-hydroxytryptophan state,deletion,apicidin abolished,S001; S003,,108
M4-FUNG-0049:G006,M4-FUNG-0049,G006,aps7,ACZ66253.1,25175.0,26995.0,-,P450 monooxygenase,late Aoda-side-chain oxidation toward 8-oxo state,deletion,apicidin E/altered Aoda analog,S001; S003; S004,Reaction ordering varies across reviews; source mutant phenotype retained.,109
M4-FUNG-0049:G007,M4-FUNG-0049,G007,aps8,ACZ66254.1,27326.0,29141.0,+,P450/oxidase,tryptophan N-oxidation,later functional assignment,N-hydroxylation required before Aps6 methylation,S001; S004,,110
M4-FUNG-0049:G008,M4-FUNG-0049,G008,aps9,ACZ66255.1,29500.0,31442.0,+,oxidoreductase/monooxygenase,Aoda-side-chain oxidation,deletion,apicidin D2 accumulates,S001; S003,,111
M4-FUNG-0049:G009,M4-FUNG-0049,G009,aps10,ACZ66256.1,32219.0,32971.0,-,reductase candidate,no demonstrated requirement,deletion,no effect on apicidin,S001; S003,,112
M4-FUNG-0049:G010,M4-FUNG-0049,G010,aps11,ACZ66257.1,33385.0,35362.0,-,putative efflux carrier,possible export/self-protection,deletion attempts unsuccessful,causality unresolved,S001; S003,,113
M4-FUNG-0049:G011,M4-FUNG-0049,G011,aps1,ACZ66258.1,35951.0,51438.0,+,tetramodular NRPS,assembles/cyclizes apicidin tetrapeptide,targeted disruption,apicidin abolished,S001; S003,,114
M4-FUNG-0050:G001,M4-FUNG-0050,G001,aba1,ACJ04424.1,506.0,35485.0,+,aureobasidin-A NRPS/depsipeptide synthetase,complete iterative/modular assembly of cyclic aureobasidin scaffold,module-4 replacement with hygromycin cassette,aureobasidin A production ceases,S001; S003,"single intronless 34,980-bp ORF; 11,659 aa; 1,286,254 Da",104
M4-FUNG-0051:G001,M4-FUNG-0051,G001,bbBsls / BSLS,ACR78148.1,21245.0,30685.0,+,iterative NRPS/cyclooligomer depsipeptide synthetase,D-Hiv + L-Leu dipeptidol assembly and recursive tetramerization to bassianolide,targeted genomic inactivation,bassianolide abolished; beauvericin unaffected,S001; S003,Direct causal core.,104
M4-FUNG-0052:G001,M4-FUNG-0052,G001,kivr,ACI30654.1,7882.0,9270.0,-,ketoisovalerate reductase,2-ketoisovalerate → D-2-hydroxyisovalerate precursor,functional gene study,D-Hiv supply required for depsipeptide synthesis,S001; S004,,104
M4-FUNG-0052:G002,M4-FUNG-0052,G002,bbBeas / Beas,ACI30655.1,11511.0,21080.0,+,iterative NRPS/cyclodepsipeptide synthetase,"D-Hiv + L-Phe assembly, N-methylation and recursive cyclotrimerization",targeted disruption + heterologous E. coli expression,beauvericin abolished in knockout; heterologous enzyme makes product,S001; S003,3189 aa; 351.9 kDa,105
M4-FUNG-0052:G003,M4-FUNG-0052,G003,ACI30651.1,ACI30651.1,1.0,2705.0,-,neighboring protein,no direct beauvericin role,NR,NR,S001,physical neighbor only,106
M4-FUNG-0052:G004,M4-FUNG-0052,G004,ACI30652.1,ACI30652.1,3519.0,5598.0,-,cyclophilin,no direct beauvericin role,NR,NR,S001,physical neighbor only,107
M4-FUNG-0052:G005,M4-FUNG-0052,G005,ACI30653.1,ACI30653.1,6216.0,6956.0,+,hypothetical,no direct beauvericin role,NR,NR,S001,physical neighbor only,108
M4-FUNG-0053:G001,M4-FUNG-0053,G001,cefR,NR,,,NR,Fungal_trans regulator,represses cefT and modestly stimulates distant cefEF; increases precursor retention,deletion + overexpression,"ΔcefR delays cefEF, increases PenN secretion, decreases CPC; OE improves CPC",S006,cross-cluster regulator,104
M4-FUNG-0053:G002,M4-FUNG-0053,G002,cefP,NR,,,NR,peroxisomal membrane transporter,imports isopenicillin N into peroxisome,targeted knockout/localization,CPC lost; IPN secreted; peroxisomal localization,S004,11 predicted transmembrane spans,105
M4-FUNG-0053:G003,M4-FUNG-0053,G003,cefT,NR,,,NR,MFS efflux pump,nonessential export/modulatory role,knockout + amplification,knockout retains CPC; amplification can increase CPC up to ~100%,S012,redundant export systems likely,106
M4-FUNG-0053:G004,M4-FUNG-0053,G004,pcbAB,NR,,,NR,trimodular ACV synthetase NRPS,L-alpha-aminoadipate + L-Cys + L-Val → ACV,complementation/sequence,functional 3712-aa synthetase,S003,three amino-acid activation domains + TE,107
M4-FUNG-0053:G005,M4-FUNG-0053,G005,pcbC,NR,,,NR,isopenicillin N synthase,ACV → isopenicillin N,complementation/enzymology,restores beta-lactam synthesis,S003,,108
M4-FUNG-0053:G006,M4-FUNG-0053,G006,cefD1,NR,,,NR,isopenicillin-N CoA synthetase,activates IPN as CoA intermediate in epimerization,genetic/biochemical pathway,required for PenN formation,S004; S005,peroxisomal system,109
M4-FUNG-0053:G007,M4-FUNG-0053,G007,cefD2,NR,,,NR,isopenicillin-N-CoA epimerase,epimerizes side chain toward penicillin N,genetic/biochemical pathway,required for PenN formation,S004; S005,peroxisomal system,110
M4-FUNG-0053:G008,M4-FUNG-0053,G008,cefM,NR,,,NR,12-TM MFS microbody transporter,exports penicillin N from peroxisome to cytosol,targeted knockout + GFP localization,"CPC/DAOC/DAC lost, PenN accumulates; microbody localization",S005,essential transport gate,111
M4-FUNG-0054:G001,M4-FUNG-0054,G001,cefEF,NR,,,NR,bifunctional deacetoxycephalosporin C synthetase/hydroxylase,PenN → DAOC → DAC,cloning/heterologous/biochemical genetics,performs preceding two late steps,S006; S008,2OG/Fe-dependent oxygenase activities,104
M4-FUNG-0054:G002,M4-FUNG-0054,G002,cefG,NR,,,NR,acetyl-CoA:deacetylcephalosporin C O-acetyltransferase,DAC → cephalosporin C,targeted disruption + complementation,ΔcefG loses CPC and accumulates DAC,S003,two introns; adjacent/divergent to cefEF,105
M4-FUNG-0055:ctg1_orf000000,M4-FUNG-0055,ctg1_orf000000,,,1658.0,2775.0,-,cluster CDS; function not directly demonstrated,,,,S001; S004,Physical membership is direct; biochemical role remains largely inferred.,104
M4-FUNG-0055:ctg1_orf00001,M4-FUNG-0055,ctg1_orf00001,,,3136.0,4475.0,+,cluster CDS; function not directly demonstrated,,,,S001; S004,Physical membership is direct; biochemical role remains largely inferred.,105
M4-FUNG-0055:ctg1_orf0002,M4-FUNG-0055,ctg1_orf0002,,,4620.0,5947.0,-,cluster CDS; function not directly demonstrated,,,,S001; S004,Physical membership is direct; biochemical role remains largely inferred.,106
M4-FUNG-0055:ctg1_orf003,M4-FUNG-0055,ctg1_orf003,,,8948.0,10202.0,+,oxidoreductase-like candidate,,,,S001; S004,Physical membership is direct; biochemical role remains largely inferred.,107
M4-FUNG-0055:ctg1_orf04,M4-FUNG-0055,ctg1_orf04,,,12728.0,14570.0,+,cluster CDS; function not directly demonstrated,,,,S001; S004,Physical membership is direct; biochemical role remains largely inferred.,108
M4-FUNG-0055:ctg1_orf5,M4-FUNG-0055,ctg1_orf5,,,16401.0,22738.0,+,cluster CDS; function not directly demonstrated,,,,S001; S004,Physical membership is direct; biochemical role remains largely inferred.,109
M4-FUNG-0055:ctg1_orf6,M4-FUNG-0055,ctg1_orf6,,,25023.0,25887.0,+,cluster CDS; function not directly demonstrated,,,,S001; S004,Physical membership is direct; biochemical role remains largely inferred.,110
M4-FUNG-0055:ctg1_orf7,M4-FUNG-0055,ctg1_orf7,,,26143.0,26849.0,-,cluster CDS; function not directly demonstrated,,,,S001; S004,Physical membership is direct; biochemical role remains largely inferred.,111
M4-FUNG-0055:ctg1_orf8,M4-FUNG-0055,ctg1_orf8,,,27004.0,27711.0,+,cluster CDS; function not directly demonstrated,,,,S001; S004,Physical membership is direct; biochemical role remains largely inferred.,112
M4-FUNG-0055:ctg1_orf9,M4-FUNG-0055,ctg1_orf9,,,27812.0,28681.0,-,cluster CDS; function not directly demonstrated,,,,S001; S004,Physical membership is direct; biochemical role remains largely inferred.,113
M4-FUNG-0055:ctg1_orf10,M4-FUNG-0055,ctg1_orf10,,,29834.0,36908.0,-,NRPS/core ETP scaffold candidate,,,,S001; S004,Physical membership is direct; biochemical role remains largely inferred.,114
M4-FUNG-0055:ctg1_orf11,M4-FUNG-0055,ctg1_orf11,,,37337.0,39234.0,+,cluster CDS; function not directly demonstrated,,,,S001; S004,Physical membership is direct; biochemical role remains largely inferred.,115
M4-FUNG-0055:ctg1_orf12,M4-FUNG-0055,ctg1_orf12,,,39616.0,41143.0,-,cluster CDS; function not directly demonstrated,,,,S001; S004,Physical membership is direct; biochemical role remains largely inferred.,116
M4-FUNG-0055:ctg1_orf13,M4-FUNG-0055,ctg1_orf13,,,41603.0,42651.0,+,cluster CDS; function not directly demonstrated,,,,S001; S004,Physical membership is direct; biochemical role remains largely inferred.,117
M4-FUNG-0055:ctg1_orforf14,M4-FUNG-0055,ctg1_orforf14,,,43161.0,43703.0,+,cluster CDS; function not directly demonstrated,,,,S001; S004,Physical membership is direct; biochemical role remains largely inferred.,118
M4-FUNG-0056:cds_0_1525,M4-FUNG-0056,cds_0_1525,,,1270403.0,1271927.0,+,upstream CDS in MIBiG display,,,,S001,Physical inclusion is direct; specific cyclosporin function not established.,104
M4-FUNG-0056:cds_2368_3434,M4-FUNG-0056,cds_2368_3434,,,1272771.0,1273836.0,+,upstream CDS in MIBiG display,,,,S001,Physical inclusion is direct; specific cyclosporin function not established.,105
M4-FUNG-0056:cds_3806_6518,M4-FUNG-0056,cds_3806_6518,,,1274209.0,1276920.0,-,upstream CDS in MIBiG display,,,,S001,Physical inclusion is direct; specific cyclosporin function not established.,106
M4-FUNG-0056:cds_7545_9017,M4-FUNG-0056,cds_7545_9017,,,1277948.0,1279419.0,+,upstream CDS in MIBiG display,,,,S001,Physical inclusion is direct; specific cyclosporin function not established.,107
M4-FUNG-0056:cds_9169_10992,M4-FUNG-0056,cds_9169_10992,,,1279572.0,1281394.0,-,upstream CDS in MIBiG display,,,,S001,Physical inclusion is direct; specific cyclosporin function not established.,108
M4-FUNG-0056:cds_11355_12157,M4-FUNG-0056,cds_11355_12157,,,1281758.0,1282559.0,+,upstream CDS in MIBiG display,,,,S001,Physical inclusion is direct; specific cyclosporin function not established.,109
M4-FUNG-0056:cds_12312_14460,M4-FUNG-0056,cds_12312_14460,,,1282715.0,1284862.0,-,upstream CDS in MIBiG display,,,,S001,Physical inclusion is direct; specific cyclosporin function not established.,110
M4-FUNG-0056:cds_16753_18238,M4-FUNG-0056,cds_16753_18238,,,1287156.0,1288640.0,+,upstream CDS in MIBiG display,,,,S001,Physical inclusion is direct; specific cyclosporin function not established.,111
M4-FUNG-0056:simA,M4-FUNG-0056,simA,SimA,,1289514.0,1335359.0,-,11-module NRPS,core cyclosporin peptide assembly,deletion,CsA-CsC undetectable,S001; S005,,112
M4-FUNG-0056:simB,M4-FUNG-0056,simB,SimB,,1336218.0,1338014.0,+,alanine racemase,D-Ala supply,deletion,production impaired but not fully abolished,S001; S005,,113
M4-FUNG-0056:simC,M4-FUNG-0056,simC,SimC,,1340760.0,1341592.0,+,cyclophilin,self-tolerance/protection contribution,deletion,biosynthesis retained; environmental fitness altered,S001; S005,,114
M4-FUNG-0056:simD,M4-FUNG-0056,simD,SimD,,1342450.0,1346420.0,-,transporter,self-tolerance/export contribution,deletion,biosynthesis retained with altered fitness/tolerance,S001; S005,,115
M4-FUNG-0056:simE,M4-FUNG-0056,simE,SimE,,1347534.0,1348864.0,+,putative thioesterase/editing protein,role unresolved,,,S001; S005,,116
M4-FUNG-0056:simF,M4-FUNG-0056,simF,SimF,,1348989.0,1350603.0,-,hypothetical protein,role unresolved,,,S001; S005,,117
M4-FUNG-0056:simG,M4-FUNG-0056,simG,SimG,,1351282.0,1360001.0,-,PKS,Bmt precursor biosynthesis,deletion,CsA-CsC undetectable,S001; S005,,118
M4-FUNG-0056:simH,M4-FUNG-0056,simH,SimH,,1361610.0,1362714.0,+,hypothetical protein,role unresolved,,,S001; S005,,119
M4-FUNG-0056:simI,M4-FUNG-0056,simI,SimI,,1364850.0,1366103.0,+,cytochrome P450,Bmt precursor tailoring,deletion,CsA-CsC undetectable,S001; S005,,120
M4-FUNG-0056:simJ,M4-FUNG-0056,simJ,SimJ,,1367154.0,1368405.0,-,aminotransferase,Bmt precursor biosynthesis,deletion,CsA-CsC undetectable,S001; S005,,121
M4-FUNG-0056:simK,M4-FUNG-0056,simK,SimK,,1369665.0,1371787.0,-,hypothetical/accessory protein,role unresolved,,,S001; S005,,122
M4-FUNG-0056:simL,M4-FUNG-0056,simL,SimL,,1376526.0,1378084.0,+,bZIP transcription factor,positive pathway regulator,deletion / overexpression,deletion abolishes CsA-CsC; overexpression increases production,S001; S005,,123
M4-FUNG-0057:MAA_10031,M4-FUNG-0057,MAA_10031,,,1051.0,2514.0,+,displayed neighboring CDS,,selected upstream deletions tested for some genes,no destruxin effect for tested upstream candidates,S001; S004,Retained to represent physical database boundary; not assumed part of causal core.,104
M4-FUNG-0057:MAA_10032,M4-FUNG-0057,MAA_10032,,,4573.0,6316.0,-,displayed neighboring CDS,,selected upstream deletions tested for some genes,no destruxin effect for tested upstream candidates,S001; S004,Retained to represent physical database boundary; not assumed part of causal core.,105
M4-FUNG-0057:MAA_10033,M4-FUNG-0057,MAA_10033,,,7766.0,12927.0,-,displayed neighboring CDS,,selected upstream deletions tested for some genes,no destruxin effect for tested upstream candidates,S001; S004,Retained to represent physical database boundary; not assumed part of causal core.,106
M4-FUNG-0057:MAA_10034,M4-FUNG-0057,MAA_10034,,,14151.0,16040.0,+,displayed neighboring CDS,,,,S001; S004,Retained to represent physical database boundary; not assumed part of causal core.,107
M4-FUNG-0057:MAA_10035,M4-FUNG-0057,MAA_10035,,,16872.0,18679.0,+,displayed neighboring CDS,,,,S001; S004,Retained to represent physical database boundary; not assumed part of causal core.,108
M4-FUNG-0057:MAA_10036,M4-FUNG-0057,MAA_10036,,,19976.0,26899.0,+,displayed neighboring CDS,,,,S001; S004,Retained to represent physical database boundary; not assumed part of causal core.,109
M4-FUNG-0057:MAA_10037,M4-FUNG-0057,MAA_10037,,,27748.0,29731.0,+,displayed neighboring CDS,,,,S001; S004,Retained to represent physical database boundary; not assumed part of causal core.,110
M4-FUNG-0057:MAA_10038,M4-FUNG-0057,MAA_10038,,,30537.0,32991.0,+,displayed neighboring CDS,,,,S001; S004,Retained to represent physical database boundary; not assumed part of causal core.,111
M4-FUNG-0057:MAA_10039,M4-FUNG-0057,MAA_10039,,,34068.0,35224.0,-,displayed neighboring CDS,,,,S001; S004,Retained to represent physical database boundary; not assumed part of causal core.,112
M4-FUNG-0057:MAA_10040,M4-FUNG-0057,MAA_10040,,,35733.0,36524.0,-,displayed neighboring CDS,,,,S001; S004,Retained to represent physical database boundary; not assumed part of causal core.,113
M4-FUNG-0057:MAA_10041,M4-FUNG-0057,MAA_10041,,,41364.0,43043.0,-,displayed neighboring CDS,,,,S001; S004,Retained to represent physical database boundary; not assumed part of causal core.,114
M4-FUNG-0057:MAA_10042,M4-FUNG-0057,MAA_10042,,,46696.0,47655.0,+,displayed neighboring CDS,,,,S001; S004,Retained to represent physical database boundary; not assumed part of causal core.,115
M4-FUNG-0057:MAA_10043,M4-FUNG-0057,MAA_10043,DtxS1,,47923.0,71714.0,-,six-module NRPS,destruxin depsipeptide assembly,deletion,abolishes destruxins,S001; S004,,116
M4-FUNG-0057:MAA_10044,M4-FUNG-0057,MAA_10044,DtxS2,,72959.0,74873.0,-,CYP65AF P450,downstream oxidative congener conversion,deletion,accumulates DTX B/B2/desmethyl-B and loses normal downstream profile,S001; S004,,117
M4-FUNG-0057:MAA_10045,M4-FUNG-0057,MAA_10045,DtxS3,,76321.0,77803.0,+,aldo-keto reductase,hydroxyisocaproate precursor supply,deletion + precursor feeding,abolishes DTX; HIC feeding rescues,S001; S004,,118
M4-FUNG-0057:MAA_10046,M4-FUNG-0057,MAA_10046,DtxS4,,78302.0,79789.0,+,aspartate decarboxylase,beta-alanine precursor supply,deletion + precursor feeding,abolishes DTX; beta-alanine feeding rescues,S001; S004,,119
M4-FUNG-0057:MAA_10047,M4-FUNG-0057,MAA_10047,,,80445.0,81634.0,-,displayed neighboring CDS,,,,S001; S004,Retained to represent physical database boundary; not assumed part of causal core.,120
M4-FUNG-0057:MAA_10048,M4-FUNG-0057,MAA_10048,,,84098.0,88361.0,+,displayed neighboring CDS,,,,S001; S004,Retained to represent physical database boundary; not assumed part of causal core.,121
M4-FUNG-0057:MAA_10049,M4-FUNG-0057,MAA_10049,,,95996.0,96244.0,+,displayed neighboring CDS,,,,S001; S004,Retained to represent physical database boundary; not assumed part of causal core.,122
M4-FUNG-0057:MAA_10050,M4-FUNG-0057,MAA_10050,,,100674.0,102636.0,+,displayed neighboring CDS,,,,S001; S004,Retained to represent physical database boundary; not assumed part of causal core.,123
M4-FUNG-0057:MAA_10051,M4-FUNG-0057,MAA_10051,,,104003.0,104779.0,-,displayed neighboring CDS,,,,S001; S004,Retained to represent physical database boundary; not assumed part of causal core.,124
M4-FUNG-0058:ecdB,M4-FUNG-0058,ecdB,EcdB,,,,,fungal transcription factor; 545 aa,promoter binding reported; deletion not required for normal ECD-B production,ΔecdB,no significant product/transcript effect,S004; S005,,104
M4-FUNG-0058:ecdC,M4-FUNG-0058,ecdC,EcdC,,,,,MFS transporter; 556 aa,,,,S004,,105
M4-FUNG-0058:ecdD,M4-FUNG-0058,ecdD,EcdD,,,,,MFS transporter; 541 aa,,,,S004,,106
M4-FUNG-0058:ecdE,M4-FUNG-0058,ecdE,EcdE,,,,,glycosyl hydrolase; 703 aa,,,,S004,,107
M4-FUNG-0058:ecdF,M4-FUNG-0058,ecdF,EcdF,,,,,glycosidase; 508 aa,,,,S004,,108
M4-FUNG-0058:ecdA,M4-FUNG-0058,ecdA,EcdA,,,,,six-module NRPS; 7260 aa,lipohexapeptide assembly,ΔecdA,echinocandin B abolished,S004,,109
M4-FUNG-0058:ecdG,M4-FUNG-0058,ecdG,EcdG,,,,,Fe/2OG oxygenase; 338 aa,proposed tailoring hydroxylase,,,S004,,110
M4-FUNG-0058:ecdH,M4-FUNG-0058,ecdH,EcdH,,,,,cytochrome P450; 503 aa,proposed tailoring hydroxylase,,,S004,,111
M4-FUNG-0058:ecdI,M4-FUNG-0058,ecdI,EcdI,,,,,fatty-acyl AMP ligase; 559 aa,activates linoleate as linoleyl-AMP and loads EcdA T1,biochemical assay,linoleate loading ATP-dependent,S004,,112
M4-FUNG-0058:ecdJ,M4-FUNG-0058,ecdJ,EcdJ,,,,,hypothetical protein; 668 aa,,,,S004,,113
M4-FUNG-0058:ecdK,M4-FUNG-0058,ecdK,EcdK,,,,,Fe/2OG oxygenase; 332 aa,proposed tailoring hydroxylase,,,S004,,114
M4-FUNG-0058:ecdL,M4-FUNG-0058,ecdL,EcdL,,,,,ABC transporter; 1479 aa,,,,S004,,115
M4-FUNG-0059:esyn1,M4-FUNG-0059,esyn1,enniatin synthetase,CAA79245.2,1021.0,10416.0,+,multifunctional NRPS/depsipeptide synthetase,catalyses iterative assembly and N-methylation of enniatin depsipeptide,molecular cloning/biochemical characterization,9393-bp ORF encoding 3131 aa protein; first fungal N-methyl peptide synthetase gene characterized,S001; S004,Protein reported ~346.9 kDa; two homologous catalytic units with an embedded methyltransferase-like region.,104
M4-FUNG-0060:easH,M4-FUNG-0060,easH,EasH,ABM91453.1,1.0,558.0,+,oxidative tailoring candidate,pathway-associated by homology/expression,,,S001; S004,Displayed segment is only part of the complete EAS programme.,104
M4-FUNG-0060:easA,M4-FUNG-0060,easA,EasA,ABM91449.1,1019.0,2161.0,-,old-yellow-enzyme/reductase candidate,pathway-associated by homology/expression,,,S001; S004,Displayed segment is only part of the complete EAS programme.,105
M4-FUNG-0060:easG,M4-FUNG-0060,easG,EasG,ABM91452.1,3517.0,4575.0,+,reductase,Fl1 pathway-associated by expression/homology; AR5 deletion directly supports requirement for downstream ergovaline formation,AR5 easG deletion (comparative strain),ergovaline not detected in AR5 easG deletion associations,S001; S004; S005,"Direct knockout evidence is from E. festucae var. lolii AR5, not Fl1; retain strain caveat and do not upgrade Fl1 to direct deletion evidence.",106
M4-FUNG-0060:easF,M4-FUNG-0060,easF,EasF,ABM91451.1,4619.0,5721.0,-,methyltransferase,pathway-associated by homology/expression,,,S001; S004,Displayed segment is only part of the complete EAS programme.,107
M4-FUNG-0060:easE,M4-FUNG-0060,easE,EasE,ABM91450.1,6190.0,8140.0,-,oxidative/cyclization enzyme,pathway-associated by homology/expression,,,S001; S004,Displayed segment is only part of the complete EAS programme.,108
M4-FUNG-0060:lpsB,M4-FUNG-0060,lpsB,LpsB,ABM91454.1,9411.0,13540.0,+,single-module NRPS,required for ergovaline assembly,targeted replacement,ergovaline abolished; upstream lysergic/lysergyl intermediates accumulate; complementation restores,S001; S004,,109
M4-FUNG-0061:AFUA_6G12040,M4-FUNG-0061,AFUA_6G12040,,EAL89045.1,3010494.0,3012341.0,+,putative MFS transporter,no required role in FQ biosynthesis detected,deletion,no core biosynthetic defect,S001; S004; S005; S006,,104
M4-FUNG-0061:AFUA_6G12050,M4-FUNG-0061,AFUA_6G12050,FmqC,EAL89046.1,3013593.0,3017507.0,+,single-module NRPS,acylates/annulates oxidized FQF intermediate during FQA formation,biochemical/genetic,required for FQA,S001; S004; S005; S006,,105
M4-FUNG-0061:AFUA_6G12060,M4-FUNG-0061,AFUA_6G12060,FmqB,EAL89047.1,3017908.0,3019274.0,-,FAD monooxygenase,oxidizes FQF enabling FmqC tandem oxidative-acylation,biochemical/genetic,required for FQA,S001; S004; S005; S006,,106
M4-FUNG-0061:AFUA_6G12070,M4-FUNG-0061,AFUA_6G12070,FmqD,EAL89048.1,3020103.0,3021926.0,+,FAD oxidoreductase,oxidizes FQA to FQC; secreted/cell-wall localized,deletion/localization,loss of FQC and altered metabolite distribution,S001; S004; S005; S006,,107
M4-FUNG-0061:AFUA_6G12080,M4-FUNG-0061,AFUA_6G12080,FmqA,EAL89049.1,3023316.0,3035305.0,-,trimodular NRPS,builds fumiquinazoline F; contains anthranilate-activating module,biochemical/genetic,required for pathway entry,S001; S004; S005; S006,,108
M4-FUNG-0062:Pc16g04690,M4-FUNG-0062,Pc16g04690,HcpA,CAP93139.1,1080827.0,1099362.0,+,noncanonical tetra-modular NRPS (~6064 aa),produces fungisporin and a microheterogeneous cyclic/linear tetrapeptide family,complete gene deletion,all identified cyclic and linear HcpA-associated tetrapeptides disappear; colony surface becomes smoother,S001; S004,Proposed trans-acting adenylation-domain logic and broad Phe/Tyr/Trp and Val/Ile substrate tolerance.,104
M4-FUNG-0063:gliZ,M4-FUNG-0063,gliZ,GliZ,,,,,Zn2Cys6 transcription factor,positive cluster regulator,deletion / multi-copy,ΔgliZ abolishes gliotoxin and cluster expression; extra copies increase output,S006,Exact coordinates omitted because the retired MIBiG representation spans multiple contigs.,104
M4-FUNG-0063:gliP,M4-FUNG-0063,gliP,GliP,,,,,multimodular NRPS,forms diketopiperazine scaffold,deletion / biochemical study,ΔgliP abolishes gliotoxin,S005,Exact coordinates omitted because the retired MIBiG representation spans multiple contigs.,105
M4-FUNG-0063:gliC,M4-FUNG-0063,gliC,GliC,,,,,cytochrome P450,oxidative tailoring,pathway study,,S007,Exact coordinates omitted because the retired MIBiG representation spans multiple contigs.,106
M4-FUNG-0063:gliF,M4-FUNG-0063,gliF,GliF,,,,,cytochrome P450,oxidative tailoring,pathway study,,S007,Exact coordinates omitted because the retired MIBiG representation spans multiple contigs.,107
M4-FUNG-0063:gliG,M4-FUNG-0063,gliG,GliG,,,,,glutathione S-transferase,sulfur incorporation,pathway/biochemical study,,S007,Exact coordinates omitted because the retired MIBiG representation spans multiple contigs.,108
M4-FUNG-0063:gliK,M4-FUNG-0063,gliK,GliK,,,,,gamma-glutamyl processing enzyme,sulfur processing,pathway/biochemical study,,S007,Exact coordinates omitted because the retired MIBiG representation spans multiple contigs.,109
M4-FUNG-0063:gliJ,M4-FUNG-0063,gliJ,GliJ,,,,,dipeptidase/processing enzyme,sulfur/peptide processing,pathway study,,S007,Exact coordinates omitted because the retired MIBiG representation spans multiple contigs.,110
M4-FUNG-0063:gliI,M4-FUNG-0063,gliI,GliI,,,,,aminotransferase-like enzyme,sulfur-pathway processing,pathway study,,S007,Exact coordinates omitted because the retired MIBiG representation spans multiple contigs.,111
M4-FUNG-0063:gliM,M4-FUNG-0063,gliM,GliM,,,,,O-methyltransferase,methylation/tailoring,pathway study,,S007,Exact coordinates omitted because the retired MIBiG representation spans multiple contigs.,112
M4-FUNG-0063:gliN,M4-FUNG-0063,gliN,GliN,,,,,N-methyltransferase,N-methylation,pathway study,,S007,Exact coordinates omitted because the retired MIBiG representation spans multiple contigs.,113
M4-FUNG-0063:gliA,M4-FUNG-0063,gliA,GliA,,,,,MFS transporter,gliotoxin efflux/secretion,deletion,gliotoxin secretion abolished; intracellular handling/self-sensitivity altered,S008,Exact coordinates omitted because the retired MIBiG representation spans multiple contigs.,114
M4-FUNG-0063:gliT,M4-FUNG-0063,gliT,GliT,,,,,thioredoxin-like oxidoreductase,forms transannular disulfide and confers self-resistance,deletion + purified enzyme,loss causes gliotoxin sensitivity; disulfide formation demonstrated,S007,Exact coordinates omitted because the retired MIBiG representation spans multiple contigs.,115
M4-FUNG-0064:HTS1,M4-FUNG-0064,HTS1,HC-toxin synthetase,,,,,~574.6-kDa four-module NRPS,assembles cyclic tetrapeptide scaffold,double-copy disruption,HC-toxin and host-selective pathogenicity lost,S005,"Multiple physical copies may exist; row represents gene family/function, not a single coordinate.",104
M4-FUNG-0064:TOXA,M4-FUNG-0064,TOXA,putative cyclic-peptide efflux pump,,,,,MFS transporter,proposed toxin export/self-protection,single-copy disruptions; repeated double-disruption attempts unsuccessful,suggests importance in toxin-producing strains; exact transported species not directly proven,S012,"Multiple physical copies may exist; row represents gene family/function, not a single coordinate.",105
M4-FUNG-0064:TOXC,M4-FUNG-0064,TOXC,fatty acid synthase-like protein,,,,,fatty-acid-synthase-like enzyme,Aeo side-chain precursor biosynthesis,all-copy disruption,HC-toxin/pathogenicity lost; growth/sporulation normal,S006,"Multiple physical copies may exist; row represents gene family/function, not a single coordinate.",106
M4-FUNG-0064:TOXD,M4-FUNG-0064,TOXD,TOX2 biosynthetic gene,,,,,biosynthetic accessory enzyme,pathway role incompletely resolved,genetic/pathway evidence,,S004,"Multiple physical copies may exist; row represents gene family/function, not a single coordinate.",107
M4-FUNG-0064:TOXE,M4-FUNG-0064,TOXE,TOXEp regulator,,,,,bZIP-like DNA-binding + four ankyrin repeats,positive regulator of several TOX2 genes but not HTS1,targeted disruption,HC-toxin/pathogenicity abolished; growth/sporulation normal,S007,"Multiple physical copies may exist; row represents gene family/function, not a single coordinate.",108
M4-FUNG-0064:TOXF,M4-FUNG-0064,TOXF,branched-chain-amino-acid transaminase-like,,,,,aminotransferase candidate,proposed amination of Aeo precursor,all-copy disruption,HC-toxin/pathogenicity lost; growth normal,S008,"Multiple physical copies may exist; row represents gene family/function, not a single coordinate.",109
M4-FUNG-0064:TOXG,M4-FUNG-0064,TOXG,TOX2 biosynthetic gene,,,,,biosynthetic accessory enzyme,pathway role incompletely resolved,mapping/genetic evidence,,S004,"Multiple physical copies may exist; row represents gene family/function, not a single coordinate.",110
M4-FUNG-0065:AFUA_3G12890,M4-FUNG-0065,AFUA_3G12890,HasA,EAL92294.1,3423866.0,3425153.0,-,C6 transcription factor,positive pathway regulator,overexpression / knockout,OE activates seven other has genes and HAS output,S001; S003,,104
M4-FUNG-0065:AFUA_3G12900,M4-FUNG-0065,AFUA_3G12900,HasB,EAL92293.2,3426447.0,3427927.0,+,MFS transporter,pathway-associated transport function unresolved,knockout,alters HAS-pathway metabolite profile,S001; S003,,105
M4-FUNG-0065:AFUA_3G12910,M4-FUNG-0065,AFUA_3G12910,HasC,EAL92292.1,3428497.0,3429858.0,-,O-methyltransferase,methylates pathway intermediate,knockout metabolomics,blocks normal HAS maturation,S001; S003,,106
M4-FUNG-0065:AFUA_3G12920,M4-FUNG-0065,AFUA_3G12920,HasD,EAL92291.2,3430194.0,3436923.0,+,NRPS,forms L-Trp/L-Ala-derived dipeptidyl scaffold,knockout,abolishes HAS pathway scaffold,S001; S003,,107
M4-FUNG-0065:AFUA_3G12930,M4-FUNG-0065,AFUA_3G12930,HasE,EAL92290.2,3437617.0,3439088.0,+,dimethylallyl tryptophan synthase,C7-prenylates tryptophan-derived intermediate,knockout / enzyme-family evidence,blocks normal prenylated product,S001; S003; S005,,108
M4-FUNG-0065:AFUA_3G12940,M4-FUNG-0065,AFUA_3G12940,HasF,,,,,second C6 transcription factor,pathway-associated regulatory role incompletely resolved,knockout,,S003,,109
M4-FUNG-0065:AFUA_3G12950,M4-FUNG-0065,AFUA_3G12950,HasG,,,,,FAD-linked oxidase,oxidative modification of prenyl side chain toward methylbutadienyl group,knockout metabolomics,,S003,,110
M4-FUNG-0065:AFUA_3G12960,M4-FUNG-0065,AFUA_3G12960,HasH,,,,,cytochrome P450,oxidative tailoring / hydroxylation,knockout metabolomics,,S003,,111
M4-FUNG-0066:pcbAB,M4-FUNG-0066,pcbAB,ACV synthetase,,,,,trimodular NRPS,"forms ACV from alpha-aminoadipate, cysteine and valine",functional genetics/biochemistry,core penicillin scaffold step,S003; S006,,104
M4-FUNG-0066:pcbC,M4-FUNG-0066,pcbC,IPN synthase,,,,,isopenicillin N synthase,cyclizes ACV to isopenicillin N,functional genetics/biochemistry,core beta-lactam formation,S003; S006,,105
M4-FUNG-0066:penDE,M4-FUNG-0066,penDE,IPN acyltransferase,,,,,isopenicillin-N acyltransferase,side-chain exchange to hydrophobic penicillins,functional genetics/biochemistry,final penicillin diversification,S003; S006,,106
M4-FUNG-0066:ORF11,M4-FUNG-0066,ORF11,,,,,,D-amino-acid oxidase candidate,possible production-support role; not strictly indispensable,region functional analysis,no absolute requirement,S003,,107
M4-FUNG-0066:ORF12,M4-FUNG-0066,ORF12,,,,,,saccharopine-dehydrogenase-like candidate,possible alpha-aminoadipate precursor contribution; not strictly indispensable,region functional analysis,no absolute requirement,S003,,108
M4-FUNG-0066:ORF13,M4-FUNG-0066,ORF13,,,,,,C6 transcription-factor candidate,possible regulatory role; no direct essentiality established,region functional analysis,not demonstrated as master penicillin regulator,S003,,109
M4-FUNG-0067:pcbAB,M4-FUNG-0067,pcbAB,ACV synthetase,ABR12615.1,25677.0,37052.0,-,trimodular NRPS,alpha-aminoadipate + cysteine + valine → ACV,enzyme assays / functional studies,loss blocks pathway entry,S001; S003,,104
M4-FUNG-0067:pcbC,M4-FUNG-0067,pcbC,isopenicillin N synthase,ABR12616.1,38068.0,39063.0,+,Fe-dependent IPN synthase,ACV → isopenicillin N,enzyme assays / functional studies,loss blocks beta-lactam ring formation,S001; S003,,105
M4-FUNG-0067:penDE,M4-FUNG-0067,penDE,isopenicillin-N acyltransferase,ABR12617.1,40561.0,41835.0,+,acyl-CoA:isopenicillin-N acyltransferase,isopenicillin N → hydrophobic penicillins by side-chain exchange,enzyme assays / functional studies,loss blocks benzyl/phenoxymethylpenicillin formation,S001; S003,,106
M4-FUNG-0068:Pc21g15420,M4-FUNG-0068,Pc21g15420,RoqT,CAP96439.1,3638081.0,3639872.0,+,transporter,cluster-associated transport; no core catalytic step,knockout panel,no defining scaffold reaction,S001; S003,,104
M4-FUNG-0068:Pc21g15430,M4-FUNG-0068,Pc21g15430,RoqD,CAP96440.1,3640720.0,3642058.0,+,reverse prenyltransferase,"prenylates HTD or DHTD, yielding RoqD/RoqC branch intermediates",knockout metabolomics,loss changes prenylated branch products,S003; S004,,105
M4-FUNG-0068:Pc21g15440,M4-FUNG-0068,Pc21g15440,RoqN,CAP96441.1,3642415.0,3643447.0,-,methyltransferase,glandicoline B → meleagrine,knockout metabolomics,meleagrine lost; glandicoline B accumulates,S003,,106
M4-FUNG-0068:Pc21g15450,M4-FUNG-0068,Pc21g15450,RoqO,CAP96442.1,3644030.0,3645882.0,+,P450 monooxygenase,glandicoline A → glandicoline B,knockout metabolomics,glandicoline A accumulates,S003,,107
M4-FUNG-0068:Pc21g15460,M4-FUNG-0068,Pc21g15460,RoqM,CAP96443.1,3646230.0,3647739.0,-,monooxygenase,roquefortine C → glandicoline A,knockout metabolomics,RoqC accumulates,S003,,108
M4-FUNG-0068:Pc21g15470,M4-FUNG-0068,Pc21g15470,RoqR,CAP96444.1,3649100.0,3650745.0,-,P450 oxidoreductase,oxidizes HTD/RoqD branch toward DHTD/RoqC,knockout metabolomics,branch intermediates shift,S003; S004,,109
M4-FUNG-0068:Pc21g15480,M4-FUNG-0068,Pc21g15480,RoqA,CAP96445.1,3651282.0,3658739.0,+,NRPS,condenses L-Trp and L-His → HTD,knockout,all downstream roq/meleagrine products abolished,S003,,110
M4-FUNG-0069:ANIA_08513,M4-FUNG-0069,ANIA_08513,TdiA,CBF80711.1,732113.0,735025.0,-,unusual NRPS-like tridomain enzyme,couples two indolepyruvate-derived units to didemethylasterriquinone D scaffold,heterologous reconstitution/knockout,loss blocks bis-indole scaffold,S001; S003,,104
M4-FUNG-0069:ANIA_08514,M4-FUNG-0069,ANIA_08514,TdiB,CBF80712.1,735415.0,736807.0,+,prenyltransferase,performs two distinct prenyl-transfer reactions in terrequinone maturation,heterologous reconstitution,required for full diprenylated terrequinone A,S001; S003; S005,,105
M4-FUNG-0069:ANIA_08518,M4-FUNG-0069,ANIA_08518,TdiC,CBF80714.1,737458.0,738525.0,+,NADH quinone reductase,reduces quinone intermediate to hydroquinone before prenylation,heterologous reconstitution,required for normal pathway redox sequence,S001; S003,,106
M4-FUNG-0069:ANIA_08516,M4-FUNG-0069,ANIA_08516,TdiD,CBF80716.1,738742.0,740415.0,+,tryptophan aminotransferase,L-Trp → indolepyruvate,heterologous reconstitution,supplies pathway starter,S003,,107
M4-FUNG-0069:ANIA_08520,M4-FUNG-0069,ANIA_08520,TdiE,CBF80718.1,740487.0,741871.0,-,accessory pathway protein,prevents diversion to off-pathway monoprenylated product; exact catalytic role unresolved,heterologous reconstitution / knockout,required for efficient faithful terrequinone A formation,S003,,108
M4-FUNG-0070:vlmS,M4-FUNG-0070,vlmS,VlmS,,,,,seven-module NRPS,assembles/cyclizes verlamelin peptide-lipid scaffold,knockout,verlamelin abolished,S003; S004,"Epimerization domains reported in modules 2, 3 and 6.",104
M4-FUNG-0070:vlmA,M4-FUNG-0070,vlmA,VlmA,,,,,fatty-acid hydroxylase,supports formation of 5-hydroxytetradecanoate precursor,knockout + feeding,loss rescued by hydroxy-fatty-acid precursor,S003,,105
M4-FUNG-0070:vlmB,M4-FUNG-0070,vlmB,VlmB,,,,,thioesterase,supports release/supply of hydroxy-fatty-acid precursor from primary metabolism,knockout + feeding,loss rescued by hydroxy-fatty-acid precursor,S003,,106
M4-FUNG-0070:vlmC,M4-FUNG-0070,vlmC,VlmC,,,,,AMP-dependent ligase,required for normal verlamelin biosynthesis; precise substrate handoff incompletely resolved,knockout,verlamelin abolished/reduced,S003,,107
M4-FUNG-0071:AFLA_094930,M4-FUNG-0071,AFLA_094930,,EED49412.1,1600261.0,1600803.0,+,hypothetical protein,,,,S001; S004; S006,,104
M4-FUNG-0071:AFLA_094940,M4-FUNG-0071,AFLA_094940,,EED49413.1,1601129.0,1601942.0,-,conserved hypothetical protein,,,,S001; S004; S006,,105
M4-FUNG-0071:AFLA_094950,M4-FUNG-0071,AFLA_094950,,EED49414.1,1602292.0,1604103.0,+,monooxygenase candidate,,,,S001; S004; S006,,106
M4-FUNG-0071:AFLA_094960,M4-FUNG-0071,AFLA_094960,,EED49415.1,1604310.0,1606178.0,+,cytochrome P450 candidate,early knockout implicated gene in ustiloxin biosynthesis,knockout,production strongly impaired,S001; S004; S006,,107
M4-FUNG-0071:AFLA_094970,M4-FUNG-0071,AFLA_094970,,EED49416.1,1606237.0,1606756.0,-,hypothetical protein,,,,S001; S004; S006,,108
M4-FUNG-0071:AFLA_094980,M4-FUNG-0071,AFLA_094980,,EED49417.1,1606881.0,1607650.0,+,UstA ribosomal precursor protein,precursor UstA containing repeated YAIG core motifs,precursor-gene/pathway genetics,required source peptide,S001; S004; S006,,109
M4-FUNG-0071:AFLA_094990,M4-FUNG-0071,AFLA_094990,,EED49418.1,1608095.0,1609004.0,-,conserved hypothetical protein,,,,S001; S004; S006,,110
M4-FUNG-0071:AFLA_095000,M4-FUNG-0071,AFLA_095000,,EED49419.1,1609295.0,1609560.0,+,hypothetical protein,,,,S001; S004; S006,,111
M4-FUNG-0071:AFLA_095010,M4-FUNG-0071,AFLA_095010,,EED49420.1,1610162.0,1611651.0,+,conserved hypothetical protein,,,,S001; S004; S006,,112
M4-FUNG-0071:AFLA_095020,M4-FUNG-0071,AFLA_095020,,EED49421.1,1611752.0,1612296.0,-,hypothetical protein,,,,S001; S004; S006,,113
M4-FUNG-0071:AFLA_095030,M4-FUNG-0071,AFLA_095030,,EED49422.1,1613168.0,1615232.0,+,gamma-glutamyl transpeptidase candidate,,,,S001; S004; S006,,114
M4-FUNG-0071:AFLA_095040,M4-FUNG-0071,AFLA_095040,,EED49423.1,1615340.0,1616792.0,-,NRPS-like/PLP-enzyme-region annotation,early knockout implicated gene in ustiloxin biosynthesis,knockout,production strongly impaired,S001; S004; S006,,115
M4-FUNG-0071:AFLA_095050,M4-FUNG-0071,AFLA_095050,,EED49424.1,1617057.0,1618706.0,+,monooxygenase candidate,,,,S001; S004; S006,,116
M4-FUNG-0071:AFLA_095060,M4-FUNG-0071,AFLA_095060,,EED49425.1,1618921.0,1620270.0,+,UstQ tyrosinase candidate,tyrosinase UstQ participates in oxidative macrocycle maturation,pathway reconstruction/genetics,,S001; S004; S006,,117
M4-FUNG-0071:AFLA_095070,M4-FUNG-0071,AFLA_095070,,EED49426.1,1620394.0,1622184.0,-,MFS transporter candidate,,,,S001; S004; S006,,118
M4-FUNG-0071:AFLA_095080,M4-FUNG-0071,AFLA_095080,,EED49427.1,1624376.0,1625269.0,+,conserved hypothetical protein,,,,S001; S004; S006,,119
M4-FUNG-0071:AFLA_095090,M4-FUNG-0071,AFLA_095090,,EED49428.1,1625285.0,1626202.0,+,UstR C6 transcription factor,positive transcriptional activator UstR,forced expression,induces whole cluster and ustiloxin B in silent A. oryzae,S001; S004; S006,,120
M4-FUNG-0071:AFLA_095100,M4-FUNG-0071,AFLA_095100,,EED49429.1,1626509.0,1627741.0,-,conserved hypothetical protein,,,,S001; S004; S006,,121
M4-FUNG-0071:AFLA_095110,M4-FUNG-0071,AFLA_095110,,EED49430.1,1627824.0,1628555.0,+,conserved hypothetical protein,,,,S001; S004; S006,,122
M4-FUNG-0072:atmG,M4-FUNG-0072,atmG,AtmG,,,,,GGPP synthase,supplies geranylgeranyl diphosphate for indole-diterpene core,expression/comparative pathway evidence,required ATM1 component,S003; S004,,104
M4-FUNG-0072:atmC,M4-FUNG-0072,atmC,AtmC,,,,,indole-diterpene core-assembly/cyclization protein,participates in paspaline-core formation,expression/comparative pathway evidence,required ATM1 component,S003; S004,,105
M4-FUNG-0072:atmM,M4-FUNG-0072,atmM,AtmM,,,,,FAD-dependent monooxygenase/epoxidase homolog,participates in paspaline-core formation,P. paxilli complementation,functionally complements paxM,S003,,106
M4-FUNG-0072:atmP,M4-FUNG-0072,atmP,AtmP,,,,,P450 monooxygenase,paspaline → 13-desoxypaxilline-related oxidation,heterologous complementation,functional PaxP homolog,S004,,107
M4-FUNG-0072:atmQ,M4-FUNG-0072,atmQ,AtmQ,,,,,P450 monooxygenase,13-desoxypaxilline → paspalicine/paspalinine oxidation,heterologous complementation,late oxidation demonstrated,S004,,108
M4-FUNG-0072:atmD,M4-FUNG-0072,atmD,AtmD,,,,,aromatic prenyltransferase,late prenylation toward aflatrem,pathway/comparative analysis,required late step,S004,,109
M4-FUNG-0072:atmB,M4-FUNG-0072,atmB,AtmB,,,,,ATM2 accessory enzyme,exact reaction unresolved,cluster/expression evidence,,S004,,110
M4-FUNG-0072:atmA,M4-FUNG-0072,atmA,AtmA,,,,,ATM2 accessory enzyme,exact reaction unresolved,cluster/expression evidence,,S004,,111
M4-FUNG-0073:BCIN_12g06370,M4-FUNG-0073,BCIN_12g06370,Bcbot4,ATZ56105.1,2217594.0,2219693.0,-,cytochrome P450 monooxygenase,first regio-/stereospecific hydroxylation of presilphiperfolan-8β-ol at C-4,,,,,104
M4-FUNG-0073:BCIN_12g06380,M4-FUNG-0073,BCIN_12g06380,Bcbot1,ATZ56106.1,2221333.0,2223086.0,-,cytochrome P450 monooxygenase,late oxidative tailoring required for botrydial and related products,,,,,105
M4-FUNG-0073:BCIN_12g06390,M4-FUNG-0073,BCIN_12g06390,Bcbot2,ATZ56107.1,2223574.0,2225294.0,+,presilphiperfolan-8β-ol synthase,cyclizes FPP to presilphiperfolan-8β-ol; knockout abolishes botrydial,,,,,106
M4-FUNG-0073:BCIN_12g06400,M4-FUNG-0073,BCIN_12g06400,Bcbot3,ATZ56108.1,2226301.0,2228545.0,-,cytochrome P450 monooxygenase,regio-/stereospecific hydroxylation at C-10 in the botrydial route,,,,,107
M4-FUNG-0073:BCIN_12g06410,M4-FUNG-0073,BCIN_12g06410,Bcbot5,ATZ56109.1,2229580.0,2231314.0,+,acetyltransferase,acetylation step in conversion of oxidized probotryane intermediates,,,,,108
M4-FUNG-0073:BCIN_12g06420,M4-FUNG-0073,BCIN_12g06420,Bcbot6,ATZ56110.1,2241836.0,2243290.0,+,Zn(II)2Cys6 transcription factor,major positive nuclear regulator of botrydial biosynthesis,,,,,109
M4-FUNG-0073:BCIN_12g06430,M4-FUNG-0073,BCIN_12g06430,Bcbot7,ATZ56112.1,2244157.0,2245275.0,+,putative dehydrogenase,accessory role in expanded BOT region; exact pathway contribution unresolved,,,,,110
M4-FUNG-0074:PROQFM164_S02g001464,M4-FUNG-0074,PROQFM164_S02g001464,ORF1 / prx1,,,,NR,short-chain dehydrogenase/reductase,involved in late oxidation; RNAi silencing reduces PR-toxin,,,,,104
M4-FUNG-0074:PROQFM164_S02g001465,M4-FUNG-0074,PROQFM164_S02g001465,ORF2 / prx2 / ari1,,,,NR,aristolochene synthase,cyclizes FPP to aristolochene; committed sesquiterpene step,,,,,105
M4-FUNG-0074:PROQFM164_S02g001466,M4-FUNG-0074,PROQFM164_S02g001466,ORF3 / prx3,,,,NR,FAD/quinone oxidoreductase-like enzyme,proposed aristolochene oxidation toward 7-epineopetasone; silencing reduces PR-toxin,,,,,106
M4-FUNG-0074:PROQFM164_S02g001467,M4-FUNG-0074,PROQFM164_S02g001467,ORF4 / prx4,,,,NR,short-chain dehydrogenase/oxidase,late dehydrogenation proposed; silencing reduces PR-toxin,,,,,107
M4-FUNG-0074:PROQFM164_S02g001468,M4-FUNG-0074,PROQFM164_S02g001468,ORF5 / prx8,,,,NR,cytochrome P450 monooxygenase,RNAi validates involvement after eremofortin B formation,,,,,108
M4-FUNG-0074:PROQFM164_S02g001469,M4-FUNG-0074,PROQFM164_S02g001469,ORF6 / prx9,,,,NR,cytochrome P450 monooxygenase,RNAi validates involvement before/around eremofortin B formation,,,,,109
M4-FUNG-0074:PROQFM164_S02g001470,M4-FUNG-0074,PROQFM164_S02g001470,ORF7,,,,NR,DUF3237 protein,pathway role unresolved,,,,,110
M4-FUNG-0074:PROQFM164_S02g001471,M4-FUNG-0074,PROQFM164_S02g001471,ORF8 / prx11,,,,NR,acetyltransferase,RNAi validates involvement; acetylation toward eremofortin A proposed,,,,,111
M4-FUNG-0074:PROQFM164_S02g001472,M4-FUNG-0074,PROQFM164_S02g001472,ORF9,,,,NR,cytochrome P450 monooxygenase,predicted cluster enzyme; direct role unresolved,,,,,112
M4-FUNG-0074:PROQFM164_S02g001473,M4-FUNG-0074,PROQFM164_S02g001473,ORF10,,,,NR,Zn(II)2Cys6 transcription factor,candidate cluster-specific regulator; not functionally tested in cited pathway papers,,,,,113
M4-FUNG-0074:PROQFM164_S02g001474,M4-FUNG-0074,PROQFM164_S02g001474,ORF11,,,,NR,cytochrome P450 monooxygenase,predicted cluster enzyme; direct role remains incompletely resolved,,,,,114
M4-FUNG-0075:AN1592 / ANIA_01592,M4-FUNG-0075,AN1592 / ANIA_01592,PbcB,CBF85177.1,1228831.0,1230198.0,+,geranylgeranyl diphosphate synthase,supplies GGPP for cluster diterpenoids,gene deletion in modern re-exploration,loss confirms cluster-derived isopimarane production requires PbcB,S001; S003; S006,Modern pbcB nomenclature used in 2026 study.,104
M4-FUNG-0075:AN1593 / ANIA_01593,M4-FUNG-0075,AN1593 / ANIA_01593,HMG-CoA reductase-like cluster enzyme,CBF85179.1,1231956.0,1233265.0,+,HMG-CoA reductase,proposed cluster-local support of mevalonate/isoprenoid precursor flux,PbcR transcriptional activation,strongly induced; direct necessity for individual products not established,S001; S003,,105
M4-FUNG-0075:AN1594,M4-FUNG-0075,AN1594,PbcA,CBF85181.1 / XP_659198.1,,,,bifunctional class II/class I diterpene cyclase,forms the isopimarane hydrocarbon scaffold from GGPP via CPP-type cyclization chemistry,deletion/overexpression and biochemical analysis,deletion abolishes pathway products; expression is sufficient for diterpene scaffold formation,S003; S005; S006,2012 called pimaradiene synthase; modern evidence favors isopimarane scaffold.,106
M4-FUNG-0075:AN1595,M4-FUNG-0075,AN1595,cluster-associated elongation-factor-like protein,CBF85182.1,,,,translation elongation factor 1-gamma-like,cluster-associated function unresolved,PbcR transcriptional activation,strongly induced,S003,,107
M4-FUNG-0075:AN1596,M4-FUNG-0075,AN1596,short-chain dehydrogenase,CBF85184.1,,,,short-chain dehydrogenase/reductase,candidate diterpenoid tailoring enzyme,PbcR transcriptional activation,strongly induced; individual reaction unresolved,S003; S006,,108
M4-FUNG-0075:AN1597,M4-FUNG-0075,AN1597,putative methyltransferase-like protein,CBF85186.1,,,,hypothetical protein with methyltransferase similarity,candidate diterpenoid tailoring role,PbcR transcriptional activation,strongly induced; reaction unresolved,S003; S006,,109
M4-FUNG-0075:AN1598,M4-FUNG-0075,AN1598,CYP503B1-like P450,CBF85188.1,,,,cytochrome P450 monooxygenase,likely oxidative elaboration of isopimarane scaffold; exact product mapping incomplete,PbcR transcriptional activation / comparative biochemical evidence,strongly induced; predicted/partly supported tailoring role,S003; S005; S006,,110
M4-FUNG-0075:AN1599,M4-FUNG-0075,AN1599,PbcR,,,,,Zn(II)2Cys6 pathway-specific transcription factor,positive regulator of the diterpene cluster,overexpression / inducible promoter activation,coordinately induces cluster genes and enables diterpenoid production,S003; S006,,111
M4-FUNG-0076:PbGGS,M4-FUNG-0076,PbGGS,PbGGS,BAD29970.1,622.0,1653.0,-,geranylgeranyl diphosphate synthase,supplies GGPP precursor for aphidicolane biosynthesis,heterologous expression with PbACS and pathway genes,PbGGS+PbACS yields aphidicolan-16β-ol; four-gene set yields aphidicolin,S001; S004,,103
M4-FUNG-0076:ACS,M4-FUNG-0076,ACS,PbACS,BAD29971.1,3293.0,6300.0,+,aphidicolan-16β-ol synthase / bifunctional diterpene cyclase,converts GGPP through syn-CPP-type chemistry to aphidicolan-16β-ol; minor aphidicolenes also formed,activity assay and heterologous expression,establishes aphidicolane hydrocarbon/alcohol scaffold,S001; S003; S004,,104
M4-FUNG-0076:PbP450-1,M4-FUNG-0076,PbP450-1,PbP450-1,BAD29972.1,6699.0,8429.0,+,cytochrome P450 monooxygenase,oxidative tailoring step required for progression beyond aphidicolan-16β-ol; ER localization is functionally important,heterologous expression; transmembrane-domain deletion,loss of ER anchoring nearly abolishes aphidicolin production,S001; S004; S005,,105
M4-FUNG-0076:PbTP,M4-FUNG-0076,PbTP,PbTP,BAD29973.1,8957.0,10846.0,-,transporter protein,cluster-local transport role predicted; direct contribution to aphidicolin production NR,NR,NR,S001; S003,,106
M4-FUNG-0076:PbP450-2,M4-FUNG-0076,PbP450-2,PbP450-2,BAD29974.1,11482.0,13230.0,+,cytochrome P450 monooxygenase,late oxidative tailoring needed for conversion of 3-deoxyaphidicolin-related intermediate to aphidicolin,heterologous expression; localization assay,four-enzyme combination completes aphidicolin biosynthesis; protein localizes to ER,S001; S004; S005,,107
M4-FUNG-0076:PbTF,M4-FUNG-0076,PbTF,PbTF,BAD29975.1,13451.0,14838.0,-,pathway-local transcription factor,regulatory function inferred from annotation/cluster context; direct native perturbation NR,NR,NR,S001; S003,,108
M4-FUNG-0077:ausA,M4-FUNG-0077,ausA,AusA,,,,,iterative polyketide synthase,"produces 3,5-dimethylorsellinic-acid precursor module",targeted deletion,blocks downstream austinol/dehydroaustinol pathway,S003,,55
M4-FUNG-0077:ausN,M4-FUNG-0077,ausN,AusN,,,,,prenyltransferase,required prenylation step in physically separate second cluster,targeted deletion,alters/blocks meroterpenoid pathway,S003,,56
M4-FUNG-0078:trt4,M4-FUNG-0078,trt4,Trt4,,,,,,"nonreducing PKS producing 3,5-dimethylorsellinic acid",,,S003; S004,,32
M4-FUNG-0078:trt2,M4-FUNG-0078,trt2,Trt2,,,,,,prenylates DMOA with a farnesyl group,,,S003; S004,,33
M4-FUNG-0078:trt14,M4-FUNG-0078,trt14,Trt14,,,,,,late D-ring expansion/rearrangement and hydrolytic remodeling,,,S004,,34
M4-FUNG-0078:trt7,M4-FUNG-0078,trt7,Trt7,,,,,,nonheme iron dioxygenase performing final two oxidation steps,,,S004,,35
M4-FUNG-0323:G001,M4-FUNG-0323,G001,NfSS,,,,,bifunctional prenyltransferase/sesterterpene cyclase; forms sesterfisherol,,,,,,74
M4-FUNG-0323:G002,M4-FUNG-0323,G002,NfP450,,,,,cytochrome P450 monooxygenase; oxidizes sesterfisherol to sesterfisheric acid,,,,,,75
M4-FUNG-0324:G001,M4-FUNG-0324,G001,FCK1 / FPSE_06372,,,,,IPT–LOG fusion; essential for Fusarium cytokinin biosynthesis,,,,,,73
M4-FUNG-0324:G002,M4-FUNG-0324,G002,FCK2 / FPSE_20001,,,,,cytochrome P450 monooxygenase; cytokinin oxidation/hydroxylation step,,,,,,74
M4-FUNG-0324:G003,M4-FUNG-0324,G003,FCK3 / FPSE_06371; FCK4 / FPSE_20002,,,,,putative glycosyltransferase-like and alcohol-acetyltransferase-like downstream functions,,,,,,75
M4-FUNG-0325:G001,M4-FUNG-0325,G001,perA / BAE06845.2,,,,,two-module NRPS required for peramine biosynthesis,,,,,,73
M4-FUNG-0325:G002,M4-FUNG-0325,G002,neighboring cosmid genes,,,,,conserved microsyntenic genes; direct peramine function not demonstrated,,,,,,74
M4-FUNG-0326:G001,M4-FUNG-0326,G001,SthB,,,,,BBE-like aldolase; stereoselective intramolecular aldol cyclization,,,,,,73
M4-FUNG-0326:G002,M4-FUNG-0326,G002,pathway PKS/tailoring genes,,,,,construct polyketide precursor and downstream oxidized congeners; exact per-gene assignments not all retained here,,,,,,74
M4-FUNG-0327:G001,M4-FUNG-0327,G001,LnaA / LnbA historical homologues,,,,,NRPS-like A-PCP-R proteins; L-Tyr activation and reductive release,,,,,,73
M4-FUNG-0327:G002,M4-FUNG-0327,G002,LnaB / LnbB historical homologues,,,,,cyclization/reduction of imine intermediate toward piperazine/morpholine products,,,,,,74
M4-FUNG-0328:G001,M4-FUNG-0328,G001,CalA,,,,,PKS producing both decalin-branch and polyene-branch polyketides,,,,,,73
M4-FUNG-0328:G002,M4-FUNG-0328,G002,CalK / CalH / CalD,,,,,trans-ER directs decalin branch; trans-MT directs polyene branch; acyltransferase joins the two portions,,,,,,74
M4-FUNG-0328:G003,M4-FUNG-0328,G003,CalB/C/E/F/G/I/J/L/M,,,,,"transport, regulation and oxidative/reductive downstream tailoring as annotated by MIBiG",,,,,,75
M4-FUNG-0329:G001,M4-FUNG-0329,G001,acurin PKS,,,,,separately encoded polyketide synthase core enzyme,,,,,,73
M4-FUNG-0329:G002,M4-FUNG-0329,G002,acurin NRPS,,,,,separately encoded nonribosomal peptide synthetase core enzyme,,,,,,74
M4-FUNG-0329:G003,M4-FUNG-0329,G003,six additional implicated cluster genes,,,,,supporting biosynthetic/regulatory functions; per-step assignment not uniformly resolved,,,,,,75
M4-FUNG-0330:G001,M4-FUNG-0330,G001,Ev460pks,,,,,"HR-PKS with MT domain, lacking ER; directly generates two polyenoic β-ketolactones",,,,,,74
M4-FUNG-0330:G002,M4-FUNG-0330,G002,flanking annotated genes,,,,,direct necessity for listed products NF,,,,,,75
M4-FUNG-0331:G001,M4-FUNG-0331,G001,AnATPKS,,,,,NRPS–NRPKS hybrid megasynthetase generating amino-acid-derived α-pyrone scaffold,,,,,,73
M4-FUNG-0331:G002,M4-FUNG-0331,G002,AnOMT,,,,,O-methyltransferase acting on pyrophen pathway intermediates/products,,,,,,74
M4-FUNG-0332:G001,M4-FUNG-0332,G001,NRPS9 / FGSG_10990,,,,,starter A–T NRPS module; initiates fusaoctaxin A assembly,,,,,,74
M4-FUNG-0332:G002,M4-FUNG-0332,G002,NRPS5 / FGSG_13878,,,,,seven-module NRPS completing linear octapeptide assembly,,,,,,75
M4-FUNG-0332:G003,M4-FUNG-0332,G003,FGM4,,,,,bANK-family pathway transcription factor; overexpression unlocks fg3_54 in vitro,,,,,,76
M4-FUNG-0332:G004,M4-FUNG-0332,G004,fgm1/fgm2/fgm3/fgm5/fgm9,,,,,cluster accessory genes; deletion did not eliminate fusaoctaxin A under FGM4-OE conditions in defining study,,,,,,77
M4-FUNG-0333:G001,M4-FUNG-0333,G001,AfumA / AFUB_071550,,,,,squalene-hopene cyclase; forms hopane scaffold from squalene epoxide,,,,,,74
M4-FUNG-0333:G002,M4-FUNG-0333,G002,AfumB,,,,,cytochrome P450 oxidative tailoring enzyme,,,,,,75
M4-FUNG-0333:G003,M4-FUNG-0333,G003,AfumC,,,,,UDP-glycosyltransferase producing glycosylated fumihopaside,,,,,,76
M4-FUNG-0333:G004,M4-FUNG-0333,G004,AfumD,,,,,Zn(II)2Cys6 pathway-associated transcription factor,,,,,,77
M4-FUNG-0426:G001,M4-FUNG-0426,G001,ATEG_07659,EAU31921.1,654985.0,663067.0,+,highly reducing polyketide synthase (HR-PKS),core synthase in cluster B; contributes the reduced polyketide building block for preasperpyranone formation,heterologous co-expression and pathway-level gene deletion context,supports formation of the cluster-B polyketide precursor,S001; S002; S004,Local to canonical BGC0002267; current MIBiG generic product annotation is less specific than the mechanistic literature.,104
M4-FUNG-0426:G002,M4-FUNG-0426,G002,ATEG_07661,EAU31923.1,666343.0,674556.0,-,nonreducing polyketide synthase (NR-PKS),core synthase in cluster B; collaborates with ATEG_07659 in formation of the preasperpyranone branch,heterologous co-expression and pathway-level gene deletion context,supports cluster-B precursor formation,S001; S002; S004,Local to canonical BGC0002267; functional class is literature-resolved rather than supplied by current MIBiG gene annotation.,105
M4-FUNG-0426:G003,M4-FUNG-0426,G003,ATEG_07662,EAU31924.1,675164.0,676598.0,-,FAD-dependent monooxygenase,oxidative conversion in the cluster-B branch leading to preasperpyranone,mechanistic pathway reconstruction summarized from defining/follow-up literature,supports conversion of the immediate cluster-B polyketide toward preasperpyranone,S001; S004,"Direct genomic identity from MIBiG; specific catalytic assignment retained from mechanistic follow-up/review, not from MIBiG annotation.",106
M4-FUNG-0426:G004,M4-FUNG-0426,G004,ATEG_07666,EAU31928.1,683455.0,685278.0,+,pathway transcriptional regulator,cluster-B regulator participating in coordinated expression of the two-cluster programme,transcriptional-regulatory analysis,part of the three-factor crosstalk architecture,S001; S002; S004,Regulatory role is pathway-level evidence; no catalytic function assigned.,107
M4-FUNG-0426:G005,M4-FUNG-0426,G005,ATEG_07667,EAU31929.1,686124.0,688238.0,+,transcriptional regulator,cross-cluster regulator that influences cluster-specific regulators in both cooperating loci,transcriptional-regulatory analysis,coordinates expression across physically separated pathway loci,S001; S002; S004,Mechanistic regulatory interpretation follows the defining pathway study and later synthesis.,108
M4-FUNG-0427:G001,M4-FUNG-0427,G001,PfpE,QNH68018.1,1.0,1901.0,,,,,,,,104
M4-FUNG-0427:G002,M4-FUNG-0427,G002,PfpB,QNH68019.1,2451.0,4076.0,,,,,,,,105
M4-FUNG-0427:G003,M4-FUNG-0427,G003,PfpD,QNH68020.1,4499.0,6351.0,,,,,,,,106
M4-FUNG-0427:G004,M4-FUNG-0427,G004,PfpC,QNH68021.1,6672.0,7713.0,,,,,,,,107
M4-FUNG-0427:G005,M4-FUNG-0427,G005,PfpF,QNH68022.1,8464.0,9996.0,,,,,,,,108
M4-FUNG-0427:G006,M4-FUNG-0427,G006,PfpG,QNH68023.1,11607.0,13995.0,,,,,,,,109
M4-FUNG-0427:G007,M4-FUNG-0427,G007,PfpA,QNH68024.1,14698.0,26854.0,,,,,,,,110
M4-FUNG-0428:G001,M4-FUNG-0428,G001,mca17 core PKS-NRPS,NR,,,NR,hybrid PKS-NRPS core enzyme,"scaffold biosynthesis proposed, not fully reconstructed",cluster activation / structure-based inference,MCA17-1 appears after cluster activation,S003,Do not promote proposed core chemistry to complete enzyme-level proof.,104
M4-FUNG-0428:G002,M4-FUNG-0428,G002,pathway-specific zinc-finger regulator,NR,,,NR,transcriptional regulator,activation of mca17 product formation on overexpression,overexpression,induces MCA17-1 production in Δaurovertin background,S003,Direct activation evidence.,105
M4-FUNG-0429:G001,M4-FUNG-0429,G001,swnA,EXU97977,,,NR,aminotransferase,contributes to lysine→P6C/pipecolate precursor supply,deletion/overexpression + feeding,loss reduces but does not abolish SW because alternate pipecolate routes exist,S003; S005,Alternative unclustered precursor supply prevents interpreting swnA as uniquely required.,104
M4-FUNG-0429:G002,M4-FUNG-0429,G002,swnH1,EXU97978,,,NR,2OG/Fe(II)-dependent dioxygenase,required late hydroxylation toward swainsonine,gene deletion,SW abolished; hydroxylated indolizidine intermediates accumulate,S003; S005,Strong late-step causality.,105
M4-FUNG-0429:G003,M4-FUNG-0429,G003,swnT,EXU97979,,,NR,transmembrane transporter,exact role unresolved; deletion reduces rather than eliminates SW,gene deletion,partial production phenotype,S003; S005,Do not assign specific export function without direct transport assay.,106
M4-FUNG-0429:G004,M4-FUNG-0429,G004,swnN,EXU97980,,,NR,NmrA-like reductase,auxiliary reduction role; nonessential individually,gene deletion,SW reduced but retained,S003; S005,Exact step remains less resolved than SwnK/H enzymes.,107
M4-FUNG-0429:G005,M4-FUNG-0429,G005,swnR,EXU97981,,,NR,Rossmann-fold reductase,P6C→pipecolic acid precursor reduction,genetics + feeding/pathway analysis,loss reduces SW but alternate precursor routes remain,S003; S005,Clustered precursor route is not the only source of pipecolate.,108
M4-FUNG-0429:G006,M4-FUNG-0429,G006,swnK,EXU97982,,,NR,multifunctional hybrid NRPS-PKS,loads pipecolate and produces multiple indolizidine intermediates with/without domain skipping,knockout/complementation + heterologous expression,loss abolishes detectable SW; complementation restores production,S003; S005,Core pathway enzyme.,109
M4-FUNG-0429:G007,M4-FUNG-0429,G007,swnH2,EXU97983,,,NR,2OG/Fe(II)-dependent dioxygenase,essential oxidative step in SW pathway,gene deletion,SW abolished,S003; S005,Essential in M. robertsii assay.,110
M4-FUNG-0430:G001,M4-FUNG-0430,G001,atqA / ATEG_00700,EAU39346.1,1968773.0,1971661.0,-,NRPS-like core enzyme,required for asterriquinone CT5 formation,targeted deletion,asterriquinone CT5 metabolite peak lost,S002; S003,Direct core-gene attribution.,104
M4-FUNG-0430:G002,M4-FUNG-0430,G002,ATEG_00701,EAU39347.1,1972582.0,1973616.0,+,predicted protein,NR,NR,NR,S002,Canonical inclusion does not establish catalytic function.,105
M4-FUNG-0430:G003,M4-FUNG-0430,G003,ATEG_00702,EAU39348.1,1973830.0,1975238.0,-,predicted protein,NR,NR,NR,S002,Canonical inclusion only.,106
M4-FUNG-0430:G004,M4-FUNG-0430,G004,ATEG_00703,EAU39349.1,1976382.0,1977735.0,+,predicted protein,NR,NR,NR,S002,Canonical inclusion only.,107
M4-FUNG-0431:G001,M4-FUNG-0431,G001,ATEG_10302,EAU29299.1,233763.0,235526.0,+,cytochrome P450,NR,NR,NR,S002,Canonical tailoring candidate; direct pathway step not established here.,104
M4-FUNG-0431:G002,M4-FUNG-0431,G002,ATEG_10303,EAU29300.1,237511.0,238534.0,+,predicted protein,NR,NR,NR,S002,Canonical inclusion only.,105
M4-FUNG-0431:G003,M4-FUNG-0431,G003,ATEG_10304,EAU29301.1,239559.0,241085.0,+,predicted protein,NR,NR,NR,S002,Canonical inclusion only.,106
M4-FUNG-0431:G004,M4-FUNG-0431,G004,anaPS / ATEG_10305,EAU29302.1,241950.0,249017.0,-,two-module NRPS,required for asterrelenin/epi-aszonalenin A family production,targeted deletion,associated indole-alkaloid metabolites lost,S002; S003,Core causal assignment.,107
M4-FUNG-0431:G005,M4-FUNG-0431,G005,ATEG_10306,EAU29303.1,250372.0,251780.0,+,predicted protein,NR,NR,NR,S002,Canonical inclusion only.,108
M4-FUNG-0431:G006,M4-FUNG-0431,G006,ATEG_10307,EAU29304.1,253664.0,254982.0,+,predicted protein,NR,NR,NR,S002,Canonical inclusion only.,109
M4-FUNG-0432:G001,M4-FUNG-0432,G001,btyA / ATEG_02815,EAU36089.1,104608.0,107521.0,-,NRPS-like aromatic α-keto-acid synthetase,required for butyrolactone I/III family production,targeted deletion,butyrolactone-related metabolites lost,S002; S003; S005,MIBiG predicts 4-hydroxyphenylpyruvate substrate by structure-based inference.,104
M4-FUNG-0432:G002,M4-FUNG-0432,G002,ATEG_02816,EAU36090.1,107905.0,108736.0,+,predicted protein,NR,NR,NR,S002,Representative neighboring canonical gene.,105
M4-FUNG-0432:G003,M4-FUNG-0432,G003,ATEG_02817,EAU36091.1,109630.0,110498.0,-,predicted protein,NR,NR,NR,S002,Representative neighboring canonical gene.,106
M4-FUNG-0432:G004,M4-FUNG-0432,G004,ATEG_02818,EAU36092.1,112088.0,113579.0,-,predicted protein,NR,NR,NR,S002,Representative neighboring canonical gene.,107
M4-FUNG-0432:G005,M4-FUNG-0432,G005,ATEG_02819,EAU36093.1,114179.0,115624.0,-,predicted protein,NR,NR,NR,S002,No pathway step assigned.,108
M4-FUNG-0432:G006,M4-FUNG-0432,G006,ATEG_02820,EAU36094.1,116634.0,118007.0,+,predicted protein,NR,NR,NR,S002,No pathway step assigned.,109
M4-FUNG-0432:G007,M4-FUNG-0432,G007,ATEG_02821,EAU36095.1,118857.0,119654.0,+,predicted protein,NR,NR,NR,S002,GENES table is representative because the canonical interval contains 19 genes.,110
M4-FUNG-0433:G001,M4-FUNG-0433,G001,apvA / ATEG_02004,EAU36966.1,327913.0,330691.0,-,NRPS-like aromatic α-keto-acid synthetase,required for aspulvinone H/B1 family production,targeted deletion,aspulvinone-related metabolites lost,S002; S003,4-hydroxyphenylpyruvate substrate is structure-based inference.,104
M4-FUNG-0434:G001,M4-FUNG-0434,G001,AnOMT / BO96DRAFT_417028,PYH50505.1,44377.0,45129.0,-,SAM-dependent O-methyltransferase,methylates pyrophen pathway intermediates,heterologous expression + purified enzyme assay,methylated product formation,S002; S003,Direct in-vitro methyltransferase activity.,104
M4-FUNG-0434:G002,M4-FUNG-0434,G002,AnATPKS / BO96DRAFT_451379,PYH50506.1,46121.0,54696.0,+,NRPS–NRPKS hybrid megasynthetase,builds amino-acid-derived α-pyrone scaffold,heterologous expression + A-domain biochemical assay,pyrophen/campyrone pathway products and analogue series,S002; S003,A domain is promiscuous toward substituted phenylalanines.,105
M4-FUNG-0435:G001,M4-FUNG-0435,G001,ATRR / AN5318.2,EAA62478.1,718082.0,721894.0,+,NRPS-like glycine-betaine reductase with A-T-R1-R2 architecture,glycine betaine → glycine betaine aldehyde → choline by two sequential 2e reductions,purified-enzyme assays + gene knockout,Δatrr impairs betaine-to-choline conversion and betaine homeostasis,S002; S003,Structure-guided substrate specificity and genetic confirmation.,104
M4-FUNG-0436:G001,M4-FUNG-0436,G001,greA,AFB76152.1,11907.0,15051.0,-,monomodular A-T-TE NRPS-like atromentin synthetase,activates aromatic α-keto acids and forms atromentin from two 4-hydroxyphenylpyruvate units,heterologous expression + ATP-PPi exchange + purified-enzyme assays,direct atromentin formation in vitro,S002; S003,Phenylpyruvate is also accepted in substrate assays.,104
M4-FUNG-0437:G001,M4-FUNG-0437,G001,brsA,NR,,,NR,single-module NRPS,stereoselectively accepts L-phenylalanine and supports piperazine-skeleton formation,ΔbrsA in ΔPbhdaA background + purified full-length enzyme,brasiliamide profile lost/strongly altered; direct L-Phe activity in vitro,S003,Full-length BrsA reported at 113.6 kDa; exact complete piperazine-forming sequence is supported by combined genetics and reconstitution.,104
M4-FUNG-0437:G002,M4-FUNG-0437,G002,brsJ,NR,,,NR,α-ketoglutarate-dependent nonheme iron dioxygenase,catalyzes piperazine-ring cleavage during brasiliamide A biosynthesis,ΔbrsJ + purified-enzyme assay,late-pathway brasiliamide profile altered; ring-cleavage activity demonstrated in vitro,S003,Direct tailoring-enzyme assignment.,105
M4-FUNG-0437:G003,M4-FUNG-0437,G003,brsH,NR,,,NR,tailoring gene; exact enzyme class NR in sources examined,contributes to brasiliamide tailoring,ΔbrsH in ΔPbhdaA background,brasiliamide metabolite profile altered,S003,Deletion supports pathway participation; exact chemical step not promoted beyond available evidence.,106
M4-FUNG-0437:G004,M4-FUNG-0437,G004,brsD,NR,,,NR,tailoring gene; exact enzyme class NR in sources examined,contributes to brasiliamide tailoring,ΔbrsD in ΔPbhdaA background,brasiliamide metabolite profile altered,S003,Deletion supports pathway participation; exact chemical step remains conservatively unresolved.,107
M4-FUNG-0437:G005,M4-FUNG-0437,G005,PMG11_03954 / BrsA-linked NRPS feature,NR,,,NR,AMP-dependent NRPS-like core; current antiSMASH predicts Phe,database/domain support for L-Phe-selecting core,NA,Phe substrate prediction agrees with direct BrsA biochemistry,S002; S003,Database feature retained only as supporting annotation; not treated as a separate experimentally tested gene from BrsA.,108
M4-FUNG-0438:G001,M4-FUNG-0438,G001,protoilludene synthase core (historical Omp6/Omp7 label unresolved),NR,,,NR,sesquiterpene cyclase,δ-6 protoilludene formation supported at paired-locus enzyme level,recombinant expression/purified enzyme,major product δ-6 protoilludene,S003,Exact Omp6/Omp7 placement on BGC0002279 is not forced.,104
M4-FUNG-0438:G002,M4-FUNG-0438,G002,neighboring tailoring genes,NR,,,NR,P450/oxidoreductase/transferase candidates in historical protoilludene neighborhoods,coexpression with sesquiterpene synthase reported,expression correlation,coordinated transcription; individual catalytic steps unresolved,S003,Do not transfer individual functions between duplicated loci.,105
M4-FUNG-0439:G001,M4-FUNG-0439,G001,protoilludene synthase core (historical Omp6/Omp7 label unresolved),NR,,,NR,sesquiterpene cyclase,δ-6 protoilludene formation supported at paired-locus enzyme level,recombinant expression/purified enzyme,major product δ-6 protoilludene,S003,Exact Omp6/Omp7 placement on BGC0002280 is not forced.,104
M4-FUNG-0439:G002,M4-FUNG-0439,G002,neighboring tailoring genes,NR,,,NR,P450/oxidoreductase/transferase candidates in historical protoilludene neighborhoods,coexpression with sesquiterpene synthase reported,expression correlation,coordinated transcription; individual catalytic steps unresolved,S003,Do not transfer individual functions between duplicated loci.,105
M4-FUNG-0440:G001,M4-FUNG-0440,G001,smbA,NR,,,NR,hybrid PKS-NRPS,forms the core tetramic/pyridone scaffold with SmbB,heterologous coexpression,SmbA+SmbB produces compound 6 at 2 mg/L,S003,F. commune genomic DNA used directly for reconstruction.,104
M4-FUNG-0440:G002,M4-FUNG-0440,G002,smbB,NR,,,NR,trans-acting enoyl reductase,partners with SmbA during reduced polyketide assembly,heterologous coexpression,required with SmbA for compound 6 formation,S003,Direct stepwise reconstruction.,105
M4-FUNG-0440:G003,M4-FUNG-0440,G003,smbC,NR,,,NR,short-chain dehydrogenase/reductase,participates in early scaffold maturation; exact isolated reaction less resolved than SmbE/F/G,stepwise heterologous expression,advances pathway intermediate profile,S003,Avoid overassigning a purified-enzyme reaction.,106
M4-FUNG-0440:G004,M4-FUNG-0440,G004,smbE,NR,,,NR,cytochrome P450 monooxygenase,C11 hydroxylation triggers intramolecular Michael addition/tetrahydropyran formation,stepwise heterologous expression + structure analysis,produces tetrahydropyran-bearing intermediate 13; ~3.7 mg/L reported,S003,Direct origin of tetrahydropyran moiety.,107
M4-FUNG-0440:G005,M4-FUNG-0440,G005,smbF,NR,,,NR,cytochrome P450 monooxygenase,late para-hydroxylation of phenylalanine-derived phenyl side chain,stepwise heterologous expression,yields N-demethylsambutoxin; ~2 mg/L reported,S003,Shows p-hydroxyphenyl group is not installed by direct Tyr incorporation.,108
M4-FUNG-0440:G006,M4-FUNG-0440,G006,smbG,NR,,,NR,SAM-dependent N-methyltransferase,final N-methylation of N-demethylsambutoxin to sambutoxin,heterologous expression + purified-enzyme kinetics,completes sambutoxin formation,S003,KM 54.7±11.4 μM; kcat 1.70±0.13 min^-1.,109
M4-FUNG-0441:G001,M4-FUNG-0441,G001,bisA,QJQ82455.1,5129.0,6609.0,+,pathway enzyme; exact class not promoted beyond current direct evidence,participates in reconstructed bis pathway,heterologous pathway reconstruction,pathway product formation depends on bis programme,S002; S003,Canonical gene; exact isolated reaction not assigned here.,104
M4-FUNG-0441:G002,M4-FUNG-0441,G002,bisE,QJQ82459.1,14830.0,15735.0,-,short-chain dehydrogenase/reductase,redox tailoring within reconstructed pathway,heterologous pathway reconstruction,changes pathway intermediate progression,S002; S003,Exact substrate/product pair retained conservatively.,105
M4-FUNG-0441:G003,M4-FUNG-0441,G003,bisF,QJQ82460.1,16668.0,17683.0,+,short-chain dehydrogenase/reductase,redox tailoring within reconstructed pathway,heterologous pathway reconstruction,changes pathway intermediate progression,S002; S003,Exact substrate/product pair retained conservatively.,106
M4-FUNG-0441:G004,M4-FUNG-0441,G004,bisG,QJQ82461.1,18456.0,20267.0,-,FAD-linked oxidase,oxidative tailoring within reconstructed pathway,heterologous pathway reconstruction,advances oxidative pathway chemistry,S002; S003,Current domain annotation supports FAD oxidase class.,107
M4-FUNG-0441:G005,M4-FUNG-0441,G005,bisH,QJQ82462.1,21537.0,23298.0,+,pathway protein; exact enzyme class NR,participates in bis pathway reconstruction,heterologous pathway reconstruction,pathway intermediate profile altered,S002; S003,No unsupported exact reaction assigned.,108
M4-FUNG-0441:G006,M4-FUNG-0441,G006,bisI,QJQ82463.1,24446.0,26162.0,-,cytochrome P450 monooxygenase,constructs alkyne on prenyl chains; accepts C5 and C15 prenyl substrates,heterologous expression + feeding + in-vitro assay,alkyne-containing biscognienyne chemistry formed,S003,Defining unprecedented fungal P450 alkynylase.,109
M4-FUNG-0441:G007,M4-FUNG-0441,G007,bisK,QJQ82465.1,29953.0,32193.0,+,PAL-like enzyme by homology,pathway participation supported; exact reaction assignment lower confidence,heterologous reconstruction / homology,supports upstream aromatic precursor programme,S002; S003,"Function class is prediction-supported, not purified-enzyme proof.",110
M4-FUNG-0442:G001,M4-FUNG-0442,G001,ashL,QDK64758.1,,,NR,multicopper oxidase / fungal laccase,regio- and atropselective oxidative coupling of γ-naphthopyrones,recombinant/purified enzyme assay,enantioenriched dimeric naphthopyrone formation,S002; S003,Direct stereochemical enzyme evidence.,104
M4-FUNG-0442:G002,M4-FUNG-0442,G002,ashP,QDK64760.1,,,NR,nonreducing PKS with SAT domain,naphthopyrone scaffold biosynthesis linked to AshL substrate supply,pathway reconstruction / domain-supported assignment,provides monomeric naphthopyrone pathway chemistry,S002; S003,Core PKS assignment; exact complete catalytic sequence not separately purified here.,105
M4-FUNG-0442:G003,M4-FUNG-0442,G003,two additional canonical genes,NR,,,NR,canonical locus proteins,specific functions unresolved in sources examined,NR,NR,S002,Grouped to avoid unsupported gene-function assignments.,106
M4-FUNG-0443:G001,M4-FUNG-0443,G001,pvhA,AZZ09613.1,7641.0,19956.0,+,hybrid PKS-NRPS,assembles acyclic polyketide-amino-acid precursor,heterologous reconstruction,with PvhC yields reactive acyclic intermediate 3 and spontaneous trans-decalins,S002; S003,Core scaffold enzyme.,104
M4-FUNG-0443:G002,M4-FUNG-0443,G002,pvhB,AZZ09615.1,5393.0,6508.0,-,lipocalin-like Diels–Alderase,final exo-selective IMDA to cis-octahydrodecalin,purified-enzyme assay + pathway reconstruction,>95% conversion of 6 or 7 within 12 h; varicidin cis-decalin formed,S002; S003,Direct pericyclase evidence.,105
M4-FUNG-0443:G003,M4-FUNG-0443,G003,pvhC,AZZ09612.1,3887.0,4963.0,-,trans-acting enoyl reductase,partners with PvhA during reduced polyketide assembly,heterologous reconstruction,PvhA+C produce acyclic 3 / spontaneous trans-decalin side products,S002; S003,Core reductive partner.,106
M4-FUNG-0443:G004,M4-FUNG-0443,G004,pvhD,AZZ09611.1,2304.0,3444.0,-,N-methyltransferase,methylates carboxylated intermediate 6 to 7,pathway omission + purified-enzyme assay,omission yields varicidin B branch; methylation promotes varicidin A route,S002; S003,Direct methylation evidence.,107
M4-FUNG-0443:G005,M4-FUNG-0443,G005,pvhE,AZZ09610.1,82.0,1764.0,-,cytochrome P450,"oxidizes terminal methyl to carboxylate, suppressing premature nonenzymatic IMDA",stepwise heterologous reconstruction,forms less-reactive carboxylated intermediate 6,S002; S003,Carboxylative deactivation gate.,108
M4-FUNG-0443:G006,M4-FUNG-0443,G006,mfs / ORF1,AZZ09609.1,20563.0,22506.0,-,MFS transporter,NR,NR,NR,S002,Canonical flanking support gene; no transport assay.,109
M4-FUNG-0443:G007,M4-FUNG-0443,G007,TF / ORF2,AZZ09614.1,24097.0,25638.0,+,transcription factor,NR,NR,NR,S002,Canonical flanking regulatory candidate; no direct native activation assay.,110
M4-FUNG-0444:G001,M4-FUNG-0444,G001,Pc20g10860 / PCH_Pc20g10860,CAP86415.1,2509981.0,2512775.0,-,bifunctional GGPP synthase / diterpene cyclase,"constructs deoxyconidiogenol through successive 1,2-alkyl-shift cyclization",heterologous expression + 13C in-vitro/NMR analysis,deoxyconidiogenol formation,S002; S003,Direct scaffold/cyclization mechanism.,104
M4-FUNG-0444:G002,M4-FUNG-0444,G002,Pc20g10870 / PCH_Pc20g10870,CAP86416.1,2515421.0,2517108.0,+,CYP58-like cytochrome P450,two oxidation rounds convert deoxyconidiogenol to conidiogenone,heterologous expression,conidiogenone formation,S002; S003,Direct terminal tailoring enzyme.,105
M4-FUNG-0445:G001,M4-FUNG-0445,G001,PUL3 / MPUL0C04960,QBM88525.1,1429481.0,1430440.0,+,PUL-cluster protein; exact biochemical role unresolved in defining study,cluster member whose transcript is Snf2-dependent; individual enzymatic function not directly established,snf2 loss-of-function / SNF2 complementation,PUL-cluster transcription decreases in mutant and is restored with complementation,S002; S003,Canonical gene retained without unsupported catalytic assignment.,104
M4-FUNG-0445:G002,M4-FUNG-0445,G002,PUL4 / MPUL0C04970,QBM88526.1,1430448.0,1432091.0,-,PUL-cluster protein; exact biochemical role unresolved in defining study,cluster member linked to pulcherriminic-acid programme by locus context; direct individual function NR,NR,NR,S002; S003,No direct pathway-specific perturbation assigned.,105
M4-FUNG-0445:G003,M4-FUNG-0445,G003,PUL2 / MPUL0C04980,QBM88527.1,1432720.0,1434162.0,-,cytochrome P450; homologous pulcherrimin pathway oxidation enzyme,strongly Snf2-dependent transcript associated with pulcherriminic-acid production; exact catalytic step not directly reconstituted in this study,snf2 loss-of-function / SNF2 complementation,PUL2 transcript collapses in mutant alongside loss of cyclodileucine/pulcherriminic acid and is restored by complementation,S002; S003,Current antiSMASH detects this locus protein as a cytochrome P450; direct enzyme chemistry remains orthology-supported.,106
M4-FUNG-0445:G004,M4-FUNG-0445,G004,PUL1 / MPUL0C04990,QBM88528.1,1434770.0,1436146.0,+,cyclodipeptide-forming enzyme by pulcherrimin-pathway homology,strongly Snf2-dependent transcript associated with cyclo(Leu-Leu) and pulcherriminic-acid production; direct purified-enzyme assay NR,snf2 loss-of-function / SNF2 complementation,PUL1 transcript collapses in mutant while cyclo(Leu-Leu) becomes undetectable; both phenotypes recover with complementation,S002; S003,"Individual catalytic assignment is supported by pathway homology, while this study directly establishes regulation/metabolite coupling.",107
M4-FUNG-0446:G001,M4-FUNG-0446,G001,melA / ATEG_03563,EAU36837.1; curated RefSeq XP_001212741.1 / UniProt Q0CRX1,2152853.0,2155631.0,-,NRPS-like AMP-dependent synthetase/ligase,converts 4-hydroxyphenylpyruvate to aspulvinone E,native deletion plus heterologous/in-vitro biochemical reconstruction,white/pigment-deficient conidia; loss of Asp-melanin precursor formation,S002; S003; S005,MIBiG genomic protein EAU36837.1 has gene-model caveat; curated sequence resources support MelA identity.,104
M4-FUNG-0446:G002,M4-FUNG-0446,G002,tyrP / ATEG_03564,EAU36838.1,2157058.0,2157979.0,+,tyrosinase,"oxidatively hydroxylates/activates aspulvinone E, yielding highly reactive products that polymerize spontaneously into Asp-melanin",native deletion plus heterologous/in-vitro reconstitution,pigment deficiency and loss of normal Asp-melanin properties,S002; S003,Direct second enzyme of core programme.,105
M4-FUNG-0446:G003,M4-FUNG-0446,G003,ATEG_03561,EAU36835.1,2146060.0,2147237.0,-,predicted protein,NR,NR,NR,S002,Canonical interval gene; no direct pathway function promoted.,106
M4-FUNG-0446:G004,M4-FUNG-0446,G004,ATEG_03562,EAU36836.1,2147955.0,2152338.0,+,conserved hypothetical protein,NR,NR,NR,S002,No unsupported function assigned.,107
M4-FUNG-0446:G005,M4-FUNG-0446,G005,ATEG_03565,EAU36839.1,2158503.0,2162129.0,-,predicted protein,NR,NR,NR,S002,Not confused with TyrP; TyrP is ATEG_03564.,108
M4-FUNG-0446:G006,M4-FUNG-0446,G006,ATEG_03566,EAU36840.1,2162933.0,2164193.0,+,predicted protein,NR,NR,NR,S002,Canonical interval gene; direct biosynthetic role NF in sources examined.,109
M4-FUNG-0447:G001,M4-FUNG-0447,G001,ctdQ,NR,,,NR,dipeptide NRPS,required for 21R-citrinadin A biosynthesis,native gene deletion,21R-citrinadin A production completely abolished,S003,Direct BGC-product linkage.,104
M4-FUNG-0447:G002,M4-FUNG-0447,G002,ctdU,NR,,,NR,prenyltransferase,C7 normal prenylation in citrinadin pathway,native gene deletion,intermediate 2 and non-C7-prenylated spirooxindole metabolites accumulate,S003,Assignment from mutant metabolite structures.,105
M4-FUNG-0447:G003,M4-FUNG-0447,G003,ctdE,NR,,,NR,FAD-dependent monooxygenase / semipinacolase,β-face epoxidation followed by regioselective semipinacol rearrangement to 3S-spirooxindole,native deletion + purified enzyme + structures + mutagenesis,ΔctdE accumulates 2 and 3; purified enzyme forms 4/5,S003,Defining stereochemical enzyme.,106
M4-FUNG-0447:G004,M4-FUNG-0447,G004,ctdD,NR,,,NR,NRPS,pathway-associated NRPS; exact reaction not directly resolved here,NR,NR,S003,Do not promote homology/context to purified-enzyme proof.,107
M4-FUNG-0447:G005,M4-FUNG-0447,G005,ctdH / ctdS / ctdC,NR,,,NR,prenyltransferase and methyltransferases,pathway tailoring roles proposed; exact individual reactions not fully resolved in defining study,NR,NR,S003,Grouped conservatively.,108
M4-FUNG-0448:G001,M4-FUNG-0448,G001,clsI,NR,,,NR,hybrid PKS-NRPS; predicted KS-AT-X-Y-KR-C-A-PCP-TD architecture,putative tetramic-acid scaffold assembly,no pathway-specific perturbation reported,expression correlates with metabolite-production context,S003; S004,Core candidate gene; function not directly reconstituted.,104
M4-FUNG-0448:G002,M4-FUNG-0448,G002,clsK,NR,,,NR,cytochrome P450,putative oxidative tailoring in tetramic-acid pathway,no direct knockout/enzyme assay,candidate association,S004,Proposed with ClsI as relevant to tetramic-acid formation.,105
M4-FUNG-0448:G003,M4-FUNG-0448,G003,clsA,NR,,,NR,siderophore esterase-like,NR,NR,NR,S004,Role unresolved.,106
M4-FUNG-0448:G004,M4-FUNG-0448,G004,clsD,NR,,,NR,AMP-dependent synthetase/ligase-like,NR,NR,NR,S004,Role unresolved.,107
M4-FUNG-0448:G005,M4-FUNG-0448,G005,clsF,NR,,,NR,gamma-glutamyl transferase-like,NR,NR,NR,S004,Role unresolved.,108
M4-FUNG-0449:G001,M4-FUNG-0449,G001,SubA / MAA_07496,EFY96950.1,52987.0,59598.0,-,nonreducing polyketide synthase,builds the α-pyrone polyketide component of the conserved DDP core,heterologous expression within reconstructed pathway,required for DDP common-intermediate and subglutinol production,S002; S003,Primary study explicitly identifies SubA as NR-PKS; MIBiG legacy product label is BcPKS18.,104
M4-FUNG-0449:G002,M4-FUNG-0449,G002,SubB-class / MAA_07497,EFY96951.2,62931.0,63452.0,-,terpene-cyclization pathway component; MIBiG legacy annotation AtmB protein,participates with the conserved core in conversion of prenylated α-pyrone toward the common decalin intermediate,heterologous core reconstruction,core DDP intermediate formation,S002; S003,Exact isolated catalytic assignment is kept conservative.,105
M4-FUNG-0449:G003,M4-FUNG-0449,G003,MAA_11696,KHO10692.1,64740.0,65069.0,+,hypothetical protein,NR,NR,NR,S002,Canonical interval feature without demonstrated subglutinol function.,106
M4-FUNG-0449:G004,M4-FUNG-0449,G004,SubD / MAA_07498,EFY96952.1,66630.0,67820.0,-,geranylgeranyl diphosphate/polyprenyl synthase,supplies C20 geranylgeranyl precursor for prenylated α-pyrone formation,heterologous expression,supports C20 prenylation module,S002; S003,SubD GGPPS assignment is explicit in the pathway literature.,107
M4-FUNG-0449:G005,M4-FUNG-0449,G005,SubE-class / MAA_07499,EFY96953.2,69063.0,70141.0,+,FAD-dependent epoxidase/oxidative core enzyme,acts with conserved core during decalin-containing common-intermediate formation,heterologous pathway reconstruction,common DDP intermediate formation,S002; S003,Exact individual reaction is inferred from conserved dpxxABCDE architecture and kept below purified-enzyme confidence.,108
M4-FUNG-0449:G006,M4-FUNG-0449,G006,SubF / DpmaF / MAA_07500,EFY96954.1,72884.0,74527.0,+,FAD-dependent BBE-domain oxidoreductase,directs oxidative tetrahydrofuran-ring formation leading to subglutinols A and B,addition to common-intermediate-producing heterologous strain,subglutinol A 89 mg/L and subglutinol B 6 mg/L,S002; S003,Metarhizium-specific branch enzyme in the 2020 reconstruction.,109
M4-FUNG-0450:G001,M4-FUNG-0450,G001,dpfgA,I1RL11,,,NR,nonreducing polyketide synthase,builds the α-pyrone polyketide component of the DDP core,heterologous reconstruction; native C16 PKS CRISPR disruption,loss/major depletion of FDDP-D and FDDP-E in edited native strains,S003; S004; S006,Core causal gene; UniProt/structure annotation independently names dpfgA.,104
M4-FUNG-0450:G002,M4-FUNG-0450,G002,dpfgB,NR,,,NR,terpene cyclase,converts epoxidized prenylated α-pyrone intermediate toward the decalin-containing core,heterologous reconstruction; native terpene-synthase CRISPR disruption,native FDDP-D/E cluster-product attribution confirmed,S003; S004,2023 native editing complements the 2020 reconstruction.,105
M4-FUNG-0450:G003,M4-FUNG-0450,G003,dpfgC / dpfgD,I1RL16 / NR,,,NR,polyprenyl transferase / GGPP synthase,couple the α-pyrone to C20 geranylgeranyl precursor and supply GGPP,stepwise heterologous reconstruction,common prenylated DDP core formation,S003; S006,Grouped because schema has seven gene rows; functions are explicitly described in the primary/curated protein literature.,106
M4-FUNG-0450:G004,M4-FUNG-0450,G004,dpfgE,A0A098DME4,,,NR,FAD-dependent monooxygenase/epoxidase,oxidative activation of the prenyl chain before terpene cyclization,stepwise heterologous reconstruction,enables decalin-core formation,S003; S006,,107
M4-FUNG-0450:G005,M4-FUNG-0450,G005,dpfgG / dpfgH,NR / I1RL15,,,NR,paired short-chain dehydrogenase/reductases,sequential oxidation/reduction inverts C8 stereochemistry of the common intermediate,stepwise heterologous reconstruction,C8 stereochemical inversion required for Fusarium branch,S003; S006,Grouped sequential SDR pair.,108
M4-FUNG-0450:G006,M4-FUNG-0450,G006,dpfgI,I1RL18,,,NR,O-methyltransferase,methylates late FDDP intermediate before P450 oxidation,stepwise heterologous reconstruction,FDDP-B/late-intermediate progression,S003; S006,,109
M4-FUNG-0450:G007,M4-FUNG-0450,G007,dpfgJ / dpfgK,I1RL13 / NR,,,NR,cytochrome P450 / O-methyltransferase,DpfgJ performs multi-step C27 oxidation plus C26 hydroxylation; DpfgK methylates the resulting carboxylate,whole-pathway heterologous reconstruction,FDDP-D major and FDDP-E minor endpoints formed,S003; S006,Grouped terminal tailoring pair.,110
M4-FUNG-0451:G001,M4-FUNG-0451,G001,dpchA / CH63R_05473,OBR09781.1,408595.0,415269.0,-,nonreducing polyketide synthase,builds α-pyrone polyketide component of conserved DDP core,heterologous reconstruction,required for higginsianin pathway core,S002; S003; S007,,104
M4-FUNG-0451:G002,M4-FUNG-0451,G002,dpchE / dpchB,OBR09783.1 / OBR09784.1,,,+ / -,FAD-dependent epoxidase / terpene cyclase,epoxidation followed by terpene cyclization creates decalin-containing DDP core,heterologous core reconstruction,common core formation,S002; S003; S007,Grouped core oxidative/cyclization pair.,105
M4-FUNG-0451:G003,M4-FUNG-0451,G003,dpchC / dpchD,OBR09786.1 / OBR09788.1,,,+ / +,prenyltransferase / GGPP synthase,couples α-pyrone scaffold to C20 precursor and supplies GGPP,heterologous reconstruction,prenylated DDP core formation,S002; S003; S007,,106
M4-FUNG-0451:G004,M4-FUNG-0451,G004,dpchG / dpchH,OBR09785.1 / OBR09787.1,,,- / -,paired short-chain dehydrogenase/reductases,sequential oxidation/reduction inverts C8 stereochemistry of common DDP intermediate,stepwise heterologous reconstruction,C8 stereochemical inversion; higginsianin B intermediate chemistry,S002; S003; S007,,107
M4-FUNG-0451:G005,M4-FUNG-0451,G005,dpchF / CH63R_05481,OBR09789.1,449596.0,451482.0,-,FAD-dependent cyclohexanone monooxygenase/oxidoreductase,late oxidative modification completes higginsianin A branch,addition to dpchGH-containing heterologous core,higginsianin A produced at 28 mg/L,S002; S003; S007,,108
M4-FUNG-0451:G006,M4-FUNG-0451,G006,CH63R_05474,OBR09782.1,417007.0,417283.0,+,hypothetical protein,NR,NR,NR,S002,Canonical feature outside the reconstructed eight-gene core; no function assigned.,109
M4-FUNG-0451:G007,M4-FUNG-0451,G007,CH63R_05482,OBR09790.1,478812.0,480233.0,-,FAD-dependent oxidoreductase,specific higginsianin pathway role unresolved in sources examined,NR,NR,S002,Do not conflate with DpchF without direct mapping.,110
M4-FUNG-0452:G001,M4-FUNG-0452,G001,Spd1,QVK45104.1,5095.0,6073.0,+,SAM-dependent methyltransferase,predicted ETP-pathway methylation role; no P. chartarum-specific reaction demonstrated,NF,NF,S002; S003,,104
M4-FUNG-0452:G002,M4-FUNG-0452,G002,Spd2,QVK45105.1,6716.0,8353.0,-,membrane dipeptidase,predicted ETP-associated peptide processing role,NF,NF,S002; S003,,105
M4-FUNG-0452:G003,M4-FUNG-0452,G003,Spd3,QVK45106.1,8685.0,10548.0,+,cytochrome P450,predicted oxidative tailoring role,NF,NF,S002; S003,,106
M4-FUNG-0452:G004,M4-FUNG-0452,G004,Spd4,QVK45107.1,10887.0,12782.0,+,flavin-dependent halogenase,predicted chlorination role consistent with chlorinated sporidesmin scaffold,NF,NF,S002; S003,No direct Spd4 reaction assay reported.,107
M4-FUNG-0452:G005,M4-FUNG-0452,G005,Spd5,QVK45108.1,13253.0,14141.0,-,glutathione S-transferase,predicted ETP sulfur/disulfide-pathway function by homology,NF,NF,S002; S003,,108
M4-FUNG-0452:G006,M4-FUNG-0452,G006,Spd6,QVK45109.1,14793.0,17578.0,-,ABC transporter,predicted transport/self-protection role,NF,NF,S002; S003,,109
M4-FUNG-0452:G007,M4-FUNG-0452,G007,Spd7 + remaining Spd-locus features,QVK45110.1 + additional QVK451xx proteins,18132.0,19577.0,-,O-methyltransferase plus additional predicted ETP-associated enzymes/regulators,candidate pathway roles inferred by homology; no individual causal reactions demonstrated,NF,NF,S002; S003,Grouped because the canonical locus contains 21 genes and the acquisition schema has seven gene rows.,110
M4-FUNG-0453:G001,M4-FUNG-0453,G001,Pro1,NR,,,NR,sesquiterpene synthase / protoilludene synthase,cyclizes FPP to 6-protoilludene as the exclusive detected product,partial native purification plus recombinant E. coli expression,6-protoilludene formation,S005,Single-copy gene in A. gallica; exact BGC-record gene coordinates not promoted without a current feature mapping.,104
M4-FUNG-0453:G002,M4-FUNG-0453,G002,CYP-Arm3,NR,,,NR,cytochrome P450 monooxygenase,protoilludene-8α-hydroxylase; converts 6-protoilludene to 8α-hydroxy-6-protoilludene,heterologous S. cerevisiae expression with TcCPR and substrate feeding,strong conversion to the structurally verified hydroxy product,S003,Decisive direct branch-specific enzyme assignment.,105
M4-FUNG-0453:G003,M4-FUNG-0453,G003,CYP-Arm2,NR,,,NR,cytochrome P450 monooxygenase,weakly converts 6-protoilludene to a more hydrophilic product; exact product unresolved,heterologous yeast substrate-feeding assay,low-level product formation relative to CYP-Arm3,S003,Do not assign a specific downstream hydroxylation position.,106
M4-FUNG-0453:G004,M4-FUNG-0453,G004,CYP-Arm1,NR,,,NR,cytochrome P450 monooxygenase,no new product detected with 6-protoilludene in the tested assay,heterologous yeast substrate-feeding assay,negative on 6-protoilludene substrate,S003,Negative substrate test does not exclude a downstream pathway role.,107
M4-FUNG-0453:G005,M4-FUNG-0453,G005,CYP-Arm4,NR,,,NR,cytochrome P450 monooxygenase,no new product detected with 6-protoilludene in the tested assay,heterologous yeast substrate-feeding assay,negative on 6-protoilludene substrate,S003,Negative substrate test does not exclude a downstream pathway role.,108
M4-FUNG-0453:G006,M4-FUNG-0453,G006,two hypothetical proteins / neighboring oxidoreductase-regulatory features,NR,,,NR,hypothetical/GMC-oxidoreductase-associated neighborhood features,NR,NR,NR,S003,Paper reports additional neighboring genes but does not establish their pathway chemistry.,109
M4-FUNG-0454:G001,M4-FUNG-0454,G001,ssk6 / BsPS,NR,,,NR,bifunctional prenyltransferase-terpene synthase (BFTS),forms geranylfarnesyl diphosphate and cyclizes it to preterpestacin I,heterologous/in-vitro enzyme assay; native gene deletion,preterpestacin-I scaffold formation; deletion-guided loss/reduction of pathway products,S003,Direct causal scaffold enzyme.,104
M4-FUNG-0454:G002,M4-FUNG-0454,G002,ssk4,NR,,,NR,glycosyltransferase,proposed glycosylation of terpestacin-family substrate toward glucosyl-terpestacin,genomic organization + pathway inference,glycoside branch proposed,S003,Do not treat as purified-enzyme proof.,105
M4-FUNG-0454:G003,M4-FUNG-0454,G003,ssk5 / ssk9,NR,,,NR,cytochrome P450 monooxygenases,proposed oxidative tailoring from preterpestacin toward terpestacin-family metabolites,pathway inference / homologous-cluster context,oxidized congeners associated with locus,S003; S005,Exact individual native reactions are not promoted beyond evidence.,106
M4-FUNG-0454:G004,M4-FUNG-0454,G004,ssk7,NR,,,NR,FAD-dependent oxidase,proposed oxidation within terpestacin-family tailoring,pathway inference / homologous-cluster context,late oxidation proposed,S003; S005,Direct native isolated reaction NR.,107
M4-FUNG-0454:G005,M4-FUNG-0454,G005,ssk8,NR,,,NR,acetyltransferase,proposed 24-O-acylation of terpestacin toward fusaproliferin,pathway inference,acylated branch proposed,S003,"Assignment is model-supported, not direct purified-enzyme evidence.",108
M4-FUNG-0454:G006,M4-FUNG-0454,G006,ssk1,NR,,,NR,cytochrome P450 candidate,proposed epoxidation in a downstream fusaproliferin-derived branch,pathway inference,downstream branch chemistry proposed,S003,Retained as proposed function only.,109
M4-FUNG-0455:G001,M4-FUNG-0455,G001,mpas / CuPKS1,NR,,,NR,nonreducing PKS with CMeT and terminal Claisen cyclase architecture,proposed methylphloracetophenone synthase for the usnic-acid precursor,domain/phylogenetic selection + RT-PCR expression,transcript detected in an usnic-acid-producing lichen sample,S003,Function is a biosynthetic proposal; direct catalytic product reconstruction in C. uncialis was not reported.,104
M4-FUNG-0455:G002,M4-FUNG-0455,G002,mpao,A0A0R8YXT5,,,NR,cytochrome P450 monooxygenase / oxidative-dimerization candidate,proposed oxidative dimerization of methylphloracetophenone toward usnic acid,genomic adjacency + RT-PCR expression,transcript detected in an usnic-acid-producing lichen sample,S003; S006,UniProt protein annotation is literature-derived and is not treated as independent causal validation.,105
M4-FUNG-0455:G003,M4-FUNG-0455,G003,additional canonical neighboring genes,NR,,,NR,mixed neighboring functions,NR,NR,no demonstrated necessity for usnic-acid synthesis in defining study,S002; S003,Grouped to avoid promoting the whole 47.95-kb interval as an enzyme-resolved pathway.,106
M4-FUNG-0456:G001,M4-FUNG-0456,G001,PenP,QPP19367.1,13915.0,18666.0,-,NRPS; single A domain predicted to prefer L-Phe,proposed formation of cyclo-(L-Phe-L-Phe) ETP scaffold,genome mining / homology,no direct PenP catalytic assay in defining study,S002; S003,Core scaffold role is proposed from domain architecture and ETP precedent.,104
M4-FUNG-0456:G002,M4-FUNG-0456,G002,PenC,QPP19381.1,41354.0,43137.0,+,cytochrome P450 monooxygenase,proposed α/β hydroxylation enabling sulfur installation,homology to GliC-like ETP chemistry,specific α/β role not directly tested,S002; S003,One of multiple P450s; exact positional assignment remains unresolved.,105
M4-FUNG-0456:G003,M4-FUNG-0456,G003,PenI / PenJ / PenK,QPP19382.1; QPP19386.1; QPP19362.1,,,NR,C-S lyase / dipeptidase / γ-glutamyl-cyclotransferase homolog set,proposed stepwise processing of glutathione-derived sulfur intermediates,homology to gliotoxin/gliovirin pathways,no direct pen-cluster enzyme assay,S002; S003,Grouped because the defining paper uses established ETP homolog logic rather than direct biochemical tests.,106
M4-FUNG-0456:G004,M4-FUNG-0456,G004,PenT / PenT*,QPP19373.1; QPP19380.1,,,NR,flavin-dependent oxidase homologs,"proposed oxidation/closure of α,β-polysulfide bridge",homology + duplicated oxidase architecture,"α,β bridge formation model",S002; S003,"Presence of two homologs is notable, but exact division of labor is unresolved.",107
M4-FUNG-0456:G005,M4-FUNG-0456,G005,PenF,QPP19369.1,19937.0,21426.0,+,cytochrome P450 monooxygenase,"proposed N-hydroxylation contributing to 1,2-oxazadecaline formation",homology/pathway proposal,no direct catalytic assignment,S002; S003,Epoxidation partner P450 remains unresolved.,108
M4-FUNG-0456:G006,M4-FUNG-0456,G006,other Pen P450/methylation/tailoring genes,QPP19364.1-QPP19386.1 subset,,,NR,"P450, methyltransferase, redox and transport/tailoring candidates",specific late modifications unresolved,genome-mined pathway proposal,compound diversity associated with cluster,S002; S003,No unsupported one-enzyme/one-step assignments promoted.,109
M4-FUNG-0457:G001,M4-FUNG-0457,G001,FUM21,NR,,,NR,GAL4-type Zn2Cys6 transcriptional regulator,positive regulator required for downstream FUM-gene transcription; defective G1 allele contributes causally to nonproduction,G9→G1 complementation; engineered point-variant tests,restores FUM6/FUM8/FUM10 transcription but requires FUM7-region repair for fumonisin recovery,S003,p.G678* C-terminal truncation identified as one causal G1 lesion.,104
M4-FUNG-0457:G002,M4-FUNG-0457,G002,FUM7,NR,,,NR,alcohol-dehydrogenase-family fumonisin biosynthetic protein,G1 FUM7-region defect is jointly required with FUM21 defect for nonproduction phenotype,region complementation and FUM6/FUM7-discriminating frameshift constructs,FUM7-containing repair plus FUM21 complementation recovers fumonisin production,S003,Exact causal amino-acid/promoter lesion within FUM7 region remains unresolved.,105
M4-FUNG-0457:G003,M4-FUNG-0457,G003,FUM1,NR,,,NR,polyketide synthase,fumonisin carbon-backbone assembly role established in homologous Fusarium pathways,G9/G1 marker linkage and expression in this study; direct catalytic role from homologous literature,producer-associated transcript; cluster marker segregates with phenotype,S003; S006,Do not treat homologous catalytic role as a direct F. fujikuroi enzyme assay.,106
M4-FUNG-0457:G004,M4-FUNG-0457,G004,FUM6 / FUM8 / FUM10,NR,,,NR,oxidative / aminotransferase / tricarballylic-esterification pathway genes,downstream fumonisin biosynthetic roles established mainly in homologous Fusarium systems,RT-PCR response to FUM21 complementation in G1,FUM6/FUM8/FUM10 transcripts reappear after FUM21 repair,S003; S006,Expression response is direct F. fujikuroi evidence; detailed chemistry is cross-species provenance.,107
M4-FUNG-0457:G005,M4-FUNG-0457,G005,FUM16 / FUM17 / FUM18 / FUM19,NR,,,NR,cluster-associated genes; FUM17 pseudogene in both G1 and G9,not essential for fumonisin biosynthesis according to prior Fusarium disruption evidence,comparative sequence / prior genetics,retained in cluster but not required for core production,S003; S006,FUM17 pre-terminated in both parental strains.,108
M4-FUNG-0457:G006,M4-FUNG-0457,G006,remaining FUM genes,NR,,,NR,fumonisin pathway tailoring/transport machinery,functional assignments summarized from established homologous fumonisin pathways,cluster sequence comparison,pathway membership supported; direct G9 enzyme tests NR,S003; S006,Conservative grouping avoids cross-species overassignment.,109
M4-FUNG-0458:G001,M4-FUNG-0458,G001,xenA,QOJ72659.1,785.0,2062.0,-,dehydratase,dehydrates tyrosine-nonaketide skeleton to form pyrrolidinone moiety,native deletion + heterologous reconstruction,loss/alteration of downstream xenoacremone pathway products,S002; S003,Direct pathway-step evidence.,104
M4-FUNG-0458:G002,M4-FUNG-0458,G002,xenB,QOJ72660.1,4862.0,6055.0,+,pathway protein,specific role unresolved in sources examined,cluster reconstruction context,NR,S002; S003,Do not overassign.,105
M4-FUNG-0458:G003,M4-FUNG-0458,G003,xenC,QOJ72661.1,6587.0,6958.0,-,cyclophane-forming enzyme,links para-cyclophane ether on oxidized substrate,heterologous reconstruction,enables macrocyclic ether and downstream spontaneous DA product,S002; S003,Direct pathway-order evidence.,106
M4-FUNG-0458:G004,M4-FUNG-0458,G004,xenD,QOJ72662.1,7716.0,8204.0,+,oxidase,oxidizes XenF-derived cyclohexane intermediate to XenC substrate,heterologous reconstruction,supplies substrate for cyclophane ether formation,S002; S003,Part of three-enzyme cascade.,107
M4-FUNG-0458:G005,M4-FUNG-0458,G005,xenE,QOJ72663.1,8721.0,21049.0,-,hybrid PKS-NRPS,with XenG forms tyrosine-nonaketide skeleton,native deletion + heterologous expression,core scaffold formation,S002; S003,Core assembly enzyme.,108
M4-FUNG-0458:G006,M4-FUNG-0458,G006,xenF,QOJ72664.1,21789.0,23096.0,-,CrtC-like/lipocalin-fold rearrangement enzyme,catalyzes novel sigmatropic rearrangement to key cyclohexane intermediate,heterologous/biochemical pathway reconstruction,prerequisite for tricarbocyclic core formation,S002; S003,Defining mechanistic step.,109
M4-FUNG-0458:G007,M4-FUNG-0458,G007,xenG,QOJ72665.1,23478.0,24646.0,+,trans-acting enoyl reductase,partners with XenE to form reduced tyrosine-nonaketide skeleton,native deletion + heterologous expression,core scaffold formation,S002; S003,Core reductive partner.,110
M4-FUNG-0459:G001,M4-FUNG-0459,G001,spoP,QNT61260.1,372.0,5808.0,-,polyketide synthase,builds naphthalene polyketide precursor in reconstructed pathway,heterologous reconstruction,supports precursor formation,S002; S003,Core scaffold enzyme.,104
M4-FUNG-0459:G002,M4-FUNG-0459,G002,spoB,QNT61261.1,6621.0,7716.0,-,metallo-beta-lactamase-fold protein,pathway participation supported; exact isolated reaction unresolved,heterologous reconstruction,pathway progression,S002; S003,No unsupported exact chemistry assigned.,105
M4-FUNG-0459:G003,M4-FUNG-0459,G003,spoR,QNT61262.1,8899.0,10314.0,-,regulatory protein,specific native regulatory function NR,NR,NR,S002,Annotation retained without direct activation claim.,106
M4-FUNG-0459:G004,M4-FUNG-0459,G004,spoF,QNT61263.1,11226.0,12572.0,-,fasciclin-domain protein,essential partner enabling SpoL-mediated selective phenol coupling,heterologous coproduction with SpoL,functional sporandol-forming coupling only with SpoF+SpoL,S003,Defining fasciclin cofactor/partner.,107
M4-FUNG-0459:G005,M4-FUNG-0459,G005,spoL,QNT61264.1,12951.0,15287.0,+,laccase,oxidative phenol coupling of naphthalene precursor when co-produced with SpoF,heterologous expression ± SpoF,SpoL alone no coupling; SpoL+SpoF functional selective coupling,S003,Direct partner-dependence experiment.,108
M4-FUNG-0459:G006,M4-FUNG-0459,G006,spoM,QNT61265.1,16346.0,17726.0,-,O-methyltransferase,regioselective methylation of naphthalene precursor including 6-hydroxymusizin context,biochemical/heterologous evidence,methylated coupling precursor formed,S002; S006,Regioselective OMT evidence.,109
M4-FUNG-0460:G001,M4-FUNG-0460,G001,brq1 / Cma_00867,NR,,,NR,GAL4-type transcription factor,coordinately upregulated with the brq block; direct regulatory targets/function not tested,transcriptome chemotype comparison,higher expression in biruloquinone-producing chemotype,S003,Do not treat coexpression as direct regulatory causality.,104
M4-FUNG-0460:G002,M4-FUNG-0460,G002,brq2 / Cma_00868,NR,,,NR,MFS transporter,coexpression supports pathway association; biruloquinone export is hypothesized,transcriptome chemotype comparison,~256-fold higher expression in purple chemotype,S003,Transport/export function was not directly assayed.,105
M4-FUNG-0460:G003,M4-FUNG-0460,G003,brq3 / Cma_00869,NR,,,NR,O-methyltransferase,predicted methylation role in proposed biruloquinone pathway,transcriptome + annotation,co-upregulated with producer chemotype,S003,No purified-enzyme or knockout evidence.,106
M4-FUNG-0460:G004,M4-FUNG-0460,G004,brq4 / Cma_00870,NR,,,NR,FAD-dependent monooxygenase,predicted oxidative tailoring role in proposed biruloquinone pathway,transcriptome + annotation,co-upregulated with producer chemotype,S003,No direct biochemical reaction assigned.,107
M4-FUNG-0460:G005,M4-FUNG-0460,G005,brq5 / PKS21 / Cma_00871,NR,,,NR,"nonreducing polyketide synthase, group IV","strongest candidate scaffold enzyme for biruloquinone based on expression, phylogeny and locus context",RNA-seq chemotype comparison + PKS phylogeny,sole strongly induced PKS; ~195-fold higher in purple chemotype,S003,No pathway-specific knockout or direct enzyme assay; proposed octaketide role remains inferred.,108
M4-FUNG-0460:G006,M4-FUNG-0460,G006,brq6 / Cma_00872,NR,,,NR,MFS transporter,coexpression supports pathway association; exact transport function unresolved,transcriptome chemotype comparison,~3-fold higher expression in purple chemotype,S003,Weakest expression contrast among core brq genes; no transport assay.,109
M4-FUNG-0461:G001,M4-FUNG-0461,G001,crz7,NR,,,NR,non-reducing PKS,candidate scaffold PKS; transcriptionally induced,expression correlation,coexpressed with cristazarin-producing conditions,S004,"Putative, not knockout-validated.",104
M4-FUNG-0462:G001,M4-FUNG-0462,G001,sol4,NR,,,NR,Zn2Cys6 pathway-specific transcription factor,necessary and sufficient regulator of sol cluster transcription,deletion; overexpression,Δsol4 abolishes solanapyrones; overexpression induces cluster,S003,Direct native genetics.,104
M4-FUNG-0462:G002,M4-FUNG-0462,G002,sol5,NR,,,NR,Diels-Alderase,catalyzes solanapyrone cyclization,deletion / mechanistic study,loss of products with precursor accumulation,S004,Direct mechanistic support.,105
M4-FUNG-0463:G001,M4-FUNG-0463,G001,PKSN/PKS35,NR,,,NR,polyketide synthase,required for normal red perithecial pigmentation/development,deletion,altered perithecial phenotype/pigmentation,S003,Exact metabolite assignment less deeply resolved.,104
M4-FUNG-0465:G001,M4-FUNG-0465,G001,g429,BBU37364.1,1001.0,3331.0,+,hypothetical protein,NR,cluster context,part of submitted locus,S002,,104
M4-FUNG-0465:G002,M4-FUNG-0465,G002,g430,BBU37365.1,3782.0,5908.0,-,P450 monooxygenase,NR,cluster context,part of submitted locus,S002,,105
M4-FUNG-0465:G003,M4-FUNG-0465,G003,g431,BBU37366.1,6303.0,7906.0,+,HMG-CoA synthase,candidate resistance/pathway component,genetic cluster study,1233A cluster context,S003,Exact self-resistance mapping kept conservative.,106
M4-FUNG-0465:G004,M4-FUNG-0465,G004,g432,BBU37367.1,9620.0,10942.0,+,Myb-like transcription factor,NR,NR,NR,S002,,107
M4-FUNG-0465:G005,M4-FUNG-0465,G005,g433,BBU37368.1,11868.0,20199.0,+,polyketide synthase,core scaffold enzyme,cluster genetics,1233A biosynthesis,S003,,108
M4-FUNG-0465:G006,M4-FUNG-0465,G006,g434,BBU37369.1,20776.0,21848.0,-,fungal exporter,NR,NR,NR,S002,,109
M4-FUNG-0465:G007,M4-FUNG-0465,G007,g435,BBU37370.1,22643.0,23500.0,-,hypothetical protein,NR,NR,NR,S002,,110
M4-FUNG-0466:G001,M4-FUNG-0466,G001,sptF,BCD52385.1,9270.0,10127.0,+,αKG-dependent dioxygenase,oxidative rearrangement followed by epoxidation,biochemical/heterologous characterization,late-stage emeridone-F chemistry,S003,Direct catalytic assignment.,104
M4-FUNG-0466:G002,M4-FUNG-0466,G002,sptN,BCD52386.1,11220.0,12092.0,+,αKG-dependent dioxygenase,C9 hydroxylase,biochemical/heterologous characterization,C9 hydroxylation,S003,Direct catalytic assignment.,105
M4-FUNG-0466:G003,M4-FUNG-0466,G003,sptM,BCD52390.1,19218.0,26716.0,+,polyketide synthase,upstream meroterpenoid scaffold contribution,heterologous pathway context,pathway scaffold formation,S002; S003,Exact step not overassigned.,106
M4-FUNG-0466:G004,M4-FUNG-0466,G004,sptB,BCD52380.1,1720.0,2501.0,+,terpene cyclase,upstream cyclization,pathway context,meroterpenoid assembly,S002,Annotation/pathway context.,107
M4-FUNG-0467:G001,M4-FUNG-0467,G001,chaA,QJX57338.1,5318.0,17732.0,+,PKS-NRPS,proposed scaffold assembly,gene-mining inference,candidate chaetolivacine pathway,S003,"Proposed, not causally validated.",104
M4-FUNG-0467:G002,M4-FUNG-0467,G002,chaB,QJX57337.1,3105.0,4725.0,+,hypothetical protein,proposed tailoring role,biosynthetic inference,candidate pathway,S003,No direct catalytic validation.,105
M4-FUNG-0467:G003,M4-FUNG-0467,G003,chaC,QJX57336.1,1.0,2992.0,-,ChaC,proposed tailoring role,biosynthetic inference,candidate pathway,S003,No direct catalytic validation.,106
M4-FUNG-0468:G001,M4-FUNG-0468,G001,g67,QJY30853.1,1529.0,14180.0,-,PKS-NRPS hybrid,candidate chaetoglobosin scaffold synthetase,comparative genomics,cluster consistent with chaetoglobosin P,S002; S003,No producer knockout/reconstruction.,104
M4-FUNG-0468:G002,M4-FUNG-0468,G002,g68,QJY30854.1,15925.0,17163.0,+,Diels-Alderase,candidate cyclization enzyme,comparative genomics,candidate pathway,S002; S003,Function inferred by homology.,105
M4-FUNG-0468:G003,M4-FUNG-0468,G003,g76,QJY30862.1,33904.0,34926.0,-,methyltransferase,candidate β-methylation role,comparative genomics,fits methylated tryptophan feature,S002; S003,Not directly assayed.,106
M4-FUNG-0468:G004,M4-FUNG-0468,G004,g66,QJY30852.1,48.0,629.0,-,putative twinfilin-1,candidate self-resistance protein,genomic proximity + target-genetic support,self-resistance hypothesis,S003,Not a biosynthetic enzyme.,107
M4-FUNG-0469:G001,M4-FUNG-0469,G001,htyD,QIW91870.1,1594.0,4655.0,-,HtyD,hydroxy-amino-acid precursor pathway component,comparative biosynthetic inference,echinocandin precursor pathway,S002; S003,,104
M4-FUNG-0469:G002,M4-FUNG-0469,G002,htyC,QIW91871.1,5345.0,6907.0,-,HtyC,hydroxy-amino-acid precursor pathway component,comparative biosynthetic inference,echinocandin precursor pathway,S002; S003,,105
M4-FUNG-0469:G003,M4-FUNG-0469,G003,htyB,QIW91872.1,7325.0,8666.0,+,HtyB,hydroxy-amino-acid precursor pathway component,comparative biosynthetic inference,echinocandin precursor pathway,S002; S003,,106
M4-FUNG-0469:G004,M4-FUNG-0469,G004,htyA,QIW91873.1,10768.0,12787.0,+,HtyA,hydroxy-amino-acid precursor pathway component,comparative biosynthetic inference,echinocandin precursor pathway,S002; S003,,107
M4-FUNG-0469:G005,M4-FUNG-0469,G005,trt,QIW91876.1,16862.0,22151.0,-,TRT,side-chain/precursor biosynthesis candidate,comparative genomics,cluster organization,S002; S003,,108
M4-FUNG-0469:G006,M4-FUNG-0469,G006,nrps,QIW91877.1,24739.0,46578.0,+,NRPS,cyclic lipopeptide scaffold assembly,structure/synteny inference,acrophiarin core assembly,S002; S003,Central scaffold gene; causal knockout not reported.,109
M4-FUNG-0469:G007,M4-FUNG-0469,G007,oxy1,QIW91878.1,46946.0,47987.0,+,OXY1,oxidative tailoring candidate,comparative genomics,echinocandin tailoring,S002; S003,,110
M4-FUNG-0470:G001,M4-FUNG-0470,G001,PN-13,QHD43130.1,4375.0,16776.0,-,hybrid NRPS/PKS,candidate chaetoglobosin scaffold synthetase,gene-mining inference,candidate cytoglobosin X pathway,S002; S003,No pathway-specific knockout.,104
M4-FUNG-0470:G002,M4-FUNG-0470,G002,PN-14,QHD43131.1,18110.0,19291.0,-,enoyl reductase,candidate reductive tailoring,annotation/inference,candidate pathway,S002,,105
M4-FUNG-0470:G003,M4-FUNG-0470,G003,pn3-17,QHD43134.1,23983.0,25822.0,-,P450 monooxygenase,candidate oxidative tailoring,annotation/inference,candidate pathway,S002,,106
M4-FUNG-0470:G004,M4-FUNG-0470,G004,pn3-19,QHD43136.1,31420.0,33250.0,-,P450 oxygenase,candidate oxidative tailoring,annotation/inference,candidate pathway,S002,,107
M4-FUNG-0470:G005,M4-FUNG-0470,G005,pn3-12,QHD43140.1,1.0,1746.0,+,Zn2Cys6 transcription factor,candidate cluster regulator,annotation/inference,candidate pathway regulation,S002,,108
M4-FUNG-0472:G001,M4-FUNG-0472,G001,emeA,QNN94285.1,2046.0,3338.0,+,accessory eme cluster protein,candidate accessory function,genomic/bioinformatic assignment,cluster context,S002; S003,,104
M4-FUNG-0472:G002,M4-FUNG-0472,G002,emeB,QNN94286.1,3549.0,59408.0,-,16-module hybrid polyketide-NRPS synthetase,candidate/direct architecture for emerimicin peptaibol assembly,integrated genomic/chemical analysis,module sequence matches 15-residue peptaibols,S002; S003,No knockout or heterologous reconstruction.,105
M4-FUNG-0472:G003,M4-FUNG-0472,G003,emeC,QNN94287.1,,,NR,accessory eme cluster protein,candidate accessory function,genomic assignment,cluster context,S002; S003,,106
M4-FUNG-0473:G001,M4-FUNG-0473,G001,PeniA,NR,,,NR,sesquiterpene cyclase,FPP to silphinene,genetic/heterologous characterization,silphinene scaffold formation,S003,,104
M4-FUNG-0473:G002,M4-FUNG-0473,G002,PeniB,NR,,,NR,cytochrome P450,multistep oxidation/lactonization of silphinene-derived scaffold,knockout/heterologous pathway analysis,oxidized penifulvin intermediates,S003,,105
M4-FUNG-0473:G003,M4-FUNG-0473,G003,PeniC,NR,,,NR,flavin-dependent monooxygenase,oxidative/Baeyer-Villiger tailoring to penifulvin A,knockout/heterologous pathway analysis,terminal lactone/ring construction,S003,,106
M4-FUNG-0474:G001,M4-FUNG-0474,G001,gedC,ATEG_08451,,,NR,polyketide synthase,core geodin scaffold biosynthesis,deletion within heterologously transferred cluster,loss of geodin pathway output,S003,,104
M4-FUNG-0474:G002,M4-FUNG-0474,G002,gedR,ATEG_08453,,,NR,transcription factor,activates geodin cluster expression,genetic validation,required for pathway activation,S003,,105
M4-FUNG-0474:G003,M4-FUNG-0474,G003,gedL,ATEG_08460,,,NR,halogenase,converts sulochrin toward dihydrogeodin by chlorination,deletion/heterologous characterization,sulochrin accumulates / halogenated product lost,S003,,106
M4-FUNG-0475:G001,M4-FUNG-0475,G001,PFUR17_02294,NR,,,NR,non-reducing polyketide synthase,sufficient for lecanoric acid production in engineered yeast,heterologous expression,~360 mg/L lecanoric acid,S003,Native product identity is host-context sensitive.,104
M4-FUNG-0476:G001,M4-FUNG-0476,G001,PKS14,NR,,,NR,polyketide synthase,required and sufficient under promoter activation for orsellinic-acid/orcinol branch,constitutive promoter + deletion control,"products present only in overexpression background, absent from WT/deletion",S003,Direct native genetic evidence.,104
M4-FUNG-0476:G002,M4-FUNG-0476,G002,coexpressed candidate decarboxylation gene,NR,,,NR,predicted carboxylase/decarboxylase-associated enzyme,candidate orsellinic-acid-to-orcinol step,coexpression/inference,coexpressed with PKS14 pathway,S003,Exact gene/reaction not directly validated.,105
M4-FUNG-0477:G001,M4-FUNG-0477,G001,pks63787,NR,,,NR,polyketide synthase,required upstream of orsellinic-acid-dependent antroquinonol/pigment production,knockout + precursor rescue,loss of aromatic metabolites rescued by orsellinic acid,S003,Authors infer/identify OA synthase role; direct purified-enzyme chemistry not shown.,104
M4-FUNG-0478:G001,M4-FUNG-0478,G001,PKS7,NR,,,NR,polyketide synthase,drives lecanoric acid/ethyl lecanorate production when overexpressed,overexpression,strong accumulation of depside products,S003,No deletion series reported in defining abstract.,104
M4-FUNG-0479:G001,M4-FUNG-0479,G001,oatA,QTX15955.1,1766.0,9908.0,-,polyketide synthase,OTA pathway core PKS; A. westerdijkiae necessity supported by historical aoks1 disruption,historical knockout / canonical annotation,loss of OTA in aoks1 disruption study,S002; S004,Detailed first-step chemistry is homologously resolved in A. ochraceus.,104
M4-FUNG-0479:G002,M4-FUNG-0479,G002,otaB,QTX15956.1,10783.0,16483.0,-,NRPS,candidate phenylalanine ligation step in A. westerdijkiae; direct homologous role in A. ochraceus,annotation/cross-species genetics,OTA pathway,S002; S005,,105
M4-FUNG-0479:G003,M4-FUNG-0479,G003,otaC,QTX15957.1,17848.0,19127.0,-,cytochrome P450,candidate oxidative step in A. westerdijkiae; homologous oxidation direct in A. ochraceus,annotation/cross-species genetics,OTA pathway,S002; S005,,106
M4-FUNG-0479:G004,M4-FUNG-0479,G004,otaR,QTX15958.1,20285.0,21048.0,+,bZIP transcription factor,cluster-regulatory role supported by natural deletion/nonproducer chemotype,natural genotype comparison,otaR deletion tracks OTA nonproduction,S002; S003,,107
M4-FUNG-0479:G005,M4-FUNG-0479,G005,otaD,QTX15959.1,24157.0,25932.0,+,halogenase,candidate chlorination step in A. westerdijkiae; homologous direct role in A. ochraceus,annotation/cross-species genetics,OTA chlorination,S002; S005,,108
M4-FUNG-0483:G001,M4-FUNG-0483,G001,asaC,NR,,,NR,core aspergillic-acid biosynthetic enzyme,required for aspergillic acid and precursor formation,native knockout,aspergillic acid and precursors absent,S003,Direct causal genetics.,104
M4-FUNG-0483:G002,M4-FUNG-0483,G002,cluster 11 P450 oxidoreductase,NR,,,NR,cytochrome P450 oxidoreductase,oxidation after deoxyaspergillic acid,native knockout,deoxyaspergillic acid accumulates,S003,Exact gene name not promoted without source-level confirmation.,105
M4-FUNG-0483:G003,M4-FUNG-0483,G003,cluster 11 desaturase/hydroxylase,NR,,,NR,desaturase/hydroxylase,required for hydroxyaspergillic acid formation,native knockout,hydroxyaspergillic acid abolished,S003,Exact gene name not promoted without source-level confirmation.,106
M4-FUNG-0484:G001,M4-FUNG-0484,G001,Cle2,NR,,,NR,cytochrome P450,chevalone E oxidative diversification,heterologous pathway experiment,new oxidized analogues,S003,,104
M4-FUNG-0484:G002,M4-FUNG-0484,G002,Cle4,NR,,,NR,cytochrome P450,chevalone E oxidative diversification,heterologous pathway experiment,new oxidized analogues,S003,,105
M4-FUNG-0484:G003,M4-FUNG-0484,G003,Cle3,NR,,,NR,FAD-dependent monooxygenase,cluster member; exact catalytic assignment not promoted here,annotation/reconstruction context,pathway context,S002; S003,,106
M4-FUNG-0484:G004,M4-FUNG-0484,G004,Cle6,NR,,,NR,GGPP synthase,prenyl precursor supply in cluster,annotation/reconstruction context,pathway context,S002; S003,,107
M4-FUNG-0485:G001,M4-FUNG-0485,G001,Sre4,NR,,,NR,flavin-dependent monooxygenase,candidate sartorypyrone tailoring,annotation/pathway context,candidate,S002,No unsupported exact reaction assigned.,104
M4-FUNG-0485:G002,M4-FUNG-0485,G002,Sre5,NR,,,NR,acetyltransferase,candidate sartorypyrone tailoring,annotation/pathway context,candidate,S002,No unsupported exact reaction assigned.,105
M4-FUNG-0486:G001,M4-FUNG-0486,G001,ota-PKS ortholog,NR,,,NR,polyketide synthase,candidate core OTA scaffold role,comparative genomics/expression,expressed in OTA-producing conditions,S003,Not a species-specific knockout.,104
M4-FUNG-0486:G002,M4-FUNG-0486,G002,ota-NRPS ortholog,NR,,,NR,NRPS,candidate phenylalanine ligation role,comparative genomics/expression,expressed in OTA-producing conditions,S003,,105
M4-FUNG-0486:G003,M4-FUNG-0486,G003,ota-P450 ortholog,NR,,,NR,cytochrome P450,candidate oxidation role,comparative genomics/expression,expressed in OTA-producing conditions,S003,,106
M4-FUNG-0486:G004,M4-FUNG-0486,G004,ota-bZIP ortholog,NR,,,NR,bZIP transcription factor,candidate cluster regulator,comparative genomics/expression,expressed in OTA-producing conditions,S003,,107
M4-FUNG-0486:G005,M4-FUNG-0486,G005,ota-halogenase ortholog,NR,,,NR,halogenase,candidate chlorination role,comparative genomics/expression,expressed in OTA-producing conditions,S003,,108
M4-FUNG-0487:G001,M4-FUNG-0487,G001,ota-PKS ortholog,NR,,,NR,polyketide synthase,candidate core OTA scaffold role,comparative genomics/expression,expressed in OTA-producing conditions,S003,Not a species-specific knockout.,104
M4-FUNG-0487:G002,M4-FUNG-0487,G002,ota-NRPS ortholog,NR,,,NR,NRPS,candidate phenylalanine ligation role,comparative genomics/expression,expressed in OTA-producing conditions,S003,,105
M4-FUNG-0487:G003,M4-FUNG-0487,G003,ota-P450 ortholog,NR,,,NR,cytochrome P450,candidate oxidation role,comparative genomics/expression,expressed in OTA-producing conditions,S003,,106
M4-FUNG-0487:G004,M4-FUNG-0487,G004,ota-bZIP ortholog,NR,,,NR,bZIP transcription factor,candidate cluster regulator,comparative genomics/expression,expressed in OTA-producing conditions,S003,,107
M4-FUNG-0487:G005,M4-FUNG-0487,G005,ota-halogenase ortholog,NR,,,NR,halogenase,candidate chlorination role,comparative genomics/expression,expressed in OTA-producing conditions,S003,,108
M4-FUNG-0488:G001,M4-FUNG-0488,G001,ota-PKS ortholog,NR,,,NR,polyketide synthase,candidate core OTA scaffold role,comparative genomics/expression,expressed in OTA-producing conditions,S003,Not a species-specific knockout.,104
M4-FUNG-0488:G002,M4-FUNG-0488,G002,ota-NRPS ortholog,NR,,,NR,NRPS,candidate phenylalanine ligation role,comparative genomics/expression,expressed in OTA-producing conditions,S003,,105
M4-FUNG-0488:G003,M4-FUNG-0488,G003,ota-P450 ortholog,NR,,,NR,cytochrome P450,candidate oxidation role,comparative genomics/expression,expressed in OTA-producing conditions,S003,,106
M4-FUNG-0488:G004,M4-FUNG-0488,G004,ota-bZIP ortholog,NR,,,NR,bZIP transcription factor,candidate cluster regulator,comparative genomics/expression,expressed in OTA-producing conditions,S003,,107
M4-FUNG-0488:G005,M4-FUNG-0488,G005,ota-halogenase ortholog,NR,,,NR,halogenase,candidate chlorination role,comparative genomics/expression,expressed in OTA-producing conditions,S003,,108
M4-FUNG-0489:G001,M4-FUNG-0489,G001,ota-PKS ortholog,NR,,,NR,polyketide synthase,candidate core OTA scaffold role,comparative genomics/expression,expressed in OTA-producing conditions,S003,Not a species-specific knockout.,104
M4-FUNG-0489:G002,M4-FUNG-0489,G002,ota-NRPS ortholog,NR,,,NR,NRPS,candidate phenylalanine ligation role,comparative genomics/expression,expressed in OTA-producing conditions,S003,,105
M4-FUNG-0489:G003,M4-FUNG-0489,G003,ota-P450 ortholog,NR,,,NR,cytochrome P450,candidate oxidation role,comparative genomics/expression,expressed in OTA-producing conditions,S003,,106
M4-FUNG-0489:G004,M4-FUNG-0489,G004,ota-bZIP ortholog,NR,,,NR,bZIP transcription factor,candidate cluster regulator,comparative genomics/expression,expressed in OTA-producing conditions,S003,,107
M4-FUNG-0489:G005,M4-FUNG-0489,G005,ota-halogenase ortholog,NR,,,NR,halogenase,candidate chlorination role,comparative genomics/expression,expressed in OTA-producing conditions,S003,,108
M4-FUNG-0490:G001,M4-FUNG-0490,G001,ota-PKS ortholog,NR,,,NR,polyketide synthase,candidate core OTA scaffold role,comparative genomics/expression,expressed in OTA-producing conditions,S003,Not a species-specific knockout.,104
M4-FUNG-0490:G002,M4-FUNG-0490,G002,ota-NRPS ortholog,NR,,,NR,NRPS,candidate phenylalanine ligation role,comparative genomics/expression,expressed in OTA-producing conditions,S003,,105
M4-FUNG-0490:G003,M4-FUNG-0490,G003,ota-P450 ortholog,NR,,,NR,cytochrome P450,candidate oxidation role,comparative genomics/expression,expressed in OTA-producing conditions,S003,,106
M4-FUNG-0490:G004,M4-FUNG-0490,G004,ota-bZIP ortholog,NR,,,NR,bZIP transcription factor,candidate cluster regulator,comparative genomics/expression,expressed in OTA-producing conditions,S003,,107
M4-FUNG-0490:G005,M4-FUNG-0490,G005,ota-halogenase ortholog,NR,,,NR,halogenase,candidate chlorination role,comparative genomics/expression,expressed in OTA-producing conditions,S003,,108
M4-FUNG-0491:G001,M4-FUNG-0491,G001,Stl-TS,BAT32889.1,101.0,2740.0,-,chimeric prenyltransferase / terpene cyclase,"forms stellata-2,6,19-triene from DMAPP and IPP",heterologous expression/enzymatic characterization,stellatatriene production,S002; S003,Direct scaffold enzyme.,104
M4-FUNG-0491:G002,M4-FUNG-0491,G002,Stl-P450,BAT32890.1,4484.0,6568.0,+,cytochrome P450 monooxygenase,oxidizes stellatatriene to stellatic acid,coexpression/enzymatic characterization,stellatic acid formation,S002; S003,Direct terminal oxidation step.,105
M4-FUNG-0492:G001,M4-FUNG-0492,G001,htyD,AKJ70936.1,1683.0,4565.0,-,aconitase-family homotyrosine pathway enzyme,homotyrosine-pathway role assigned by conserved echinocandin orthology; not directly assayed in A. mulundensis,NR,NR,S002; S003,"Ortholog-based function, not strain-specific biochemical proof.",104
M4-FUNG-0492:G002,M4-FUNG-0492,G002,htyC,AKJ70937.1,4718.0,6132.0,-,isopropylmalate dehydrogenase-family enzyme,homotyrosine-pathway assignment by conserved echinocandin orthology,NR,NR,S002; S003,No A. mulundensis-specific perturbation reported.,105
M4-FUNG-0492:G003,M4-FUNG-0492,G003,htyB,AKJ70938.1,6269.0,7598.0,+,transaminase,homotyrosine-pathway assignment by conserved echinocandin orthology,NR,NR,S002; S003,Protein annotation supports transaminase identity.,106
M4-FUNG-0492:G004,M4-FUNG-0492,G004,htyA,AKJ70939.1,7822.0,9671.0,+,isopropylmalate synthase-family enzyme,homotyrosine-pathway assignment by conserved echinocandin orthology,NR,NR,S002; S003,Ortholog-derived pathway assignment.,107
M4-FUNG-0492:G005,M4-FUNG-0492,G005,NR,AKJ70940.1,,,NR,non-heme Fe/2-oxoglutarate-dependent dioxygenase,oxidative-tailoring role predicted from echinocandin cluster conservation; exact A. mulundensis reaction NR,NR,NR,S002; S003,Do not transfer a specific hydroxylation step without direct strain evidence.,108
M4-FUNG-0492:G006,M4-FUNG-0492,G006,NR,AKJ70942.1,,,NR,nonribosomal peptide synthetase,multimodular echinocandin lipohexapeptide assembly role assigned by NRPS domain architecture and pathway orthology,NR,NR,S002; S003,Core assembly enzyme identity is strong; no native genetic perturbation is promoted.,109
M4-FUNG-0493:G001,M4-FUNG-0493,G001,AndA,BAP81855.1,101.0,982.0,-,nonheme Fe/2-oxoglutarate-dependent dioxygenase,"creates the bicyclo[2.2.2]octane-containing andiconin skeleton by oxidative skeletal reconstruction, not a Diels-Alder reaction",functional characterization,bridged-ring formation,S002; S003,Mechanistically decisive enzyme.,104
M4-FUNG-0493:G002,M4-FUNG-0493,G002,AndB,BAP81856.1,1720.0,2501.0,+,terpene cyclase,cyclizes the epoxidized farnesyl-DMOA-derived substrate toward preandiloid A,functional characterization,meroterpenoid cyclization,S002; S003,Direct pathway assignment.,105
M4-FUNG-0493:G003,M4-FUNG-0493,G003,AndC,BAP81857.1,3007.0,3946.0,+,dehydrogenase/reductase,converts preandiloid A toward preandiloid B,functional characterization,downstream intermediate conversion,S002; S003,Direct pathway assignment.,106
M4-FUNG-0493:G004,M4-FUNG-0493,G004,AndD,BAP81858.1,4149.0,5132.0,-,prenyltransferase,installs the farnesyl-derived terpene moiety on the polyketide-derived precursor,functional characterization,prenylated intermediate formation,S002; S003,Links polyketide and terpene branches.,107
M4-FUNG-0493:G005,M4-FUNG-0493,G005,AndE,BAP81859.1,5331.0,6894.0,-,FAD-dependent monooxygenase / epoxidase,epoxidizes the farnesyl side chain before terpene cyclization,functional characterization,cyclization-competent epoxide formed,S002; S003,Direct pathway assignment.,108
M4-FUNG-0493:G006,M4-FUNG-0493,G006,AndF,BAP81860.1,9234.0,10091.0,+,nonheme Fe/2-oxoglutarate-dependent dioxygenase,late oxidative rearrangement generating anditomin,functional characterization,anditomin formation,S002; S003,Terminal structural complexification.,109
M4-FUNG-0493:G007,M4-FUNG-0493,G007,AndK,BAP81865.1,18286.0,21221.0,+,cytochrome P450 monooxygenase,oxidizes the DMOA-derived aromatic precursor on the route to the prenylation substrate,functional characterization,oxidized aromatic intermediate formed,S002; S003,Direct pathway assignment.,110
M4-FUNG-0493:G008,M4-FUNG-0493,G008,AndM,BAP81867.1,23534.0,31032.0,+,nonreducing polyketide synthase,"produces 3,5-dimethylorsellinic acid (DMOA), the polyketide origin of anditomin",functional characterization,DMOA production,S002; S003,Core polyketide scaffold enzyme.,111
M4-FUNG-0494:G001,M4-FUNG-0494,G001,esdpI,BCP96878.1,1539.0,3357.0,-,cytochrome P450 oxidase,tailoring oxidation within reconstructed DDP pathway; exact native product-specific role depends on pathway combination,heterologous reconstruction,oxidative diversification,S002; S003; S005,Do not over-assign to one native end product.,104
M4-FUNG-0494:G002,M4-FUNG-0494,G002,esdpH,BCP96879.1,4445.0,6285.0,+,cytochrome P450 oxidase,tailoring oxidation in engineered DDP pathways,heterologous reconstruction,oxidized DDP derivatives,S002; S003; S005,Product order/branch context is construct-dependent.,105
M4-FUNG-0494:G003,M4-FUNG-0494,G003,esdpE,BCP96881.1,8576.0,10217.0,-,flavin-containing monooxygenase,epoxidizes the diterpenyl moiety to create the cyclization substrate,heterologous reconstruction,epoxidized precursor formation,S002; S003; S005,Core scaffold enzyme.,106
M4-FUNG-0494:G004,M4-FUNG-0494,G004,esdpD,BCP96882.1,10990.0,12256.0,+,geranylgeranyl diphosphate synthase,supplies GGPP for diterpene-pyrone scaffold formation,heterologous reconstruction,C20 terpene precursor supply,S002; S003; S005,Core scaffold enzyme.,107
M4-FUNG-0494:G005,M4-FUNG-0494,G005,esdpA,BCP96883.1,13106.0,19744.0,-,non-reducing polyketide synthase,constructs the pyrone-bearing polyketide component of the DDP scaffold,heterologous reconstruction,polyketide-pyrone precursor formation,S002; S003; S005,Core scaffold enzyme.,108
M4-FUNG-0494:G006,M4-FUNG-0494,G006,esdpG,BCP96884.1,20110.0,21878.0,+,cytochrome P450 oxidase,oxidative tailoring in reconstructed DDP pathways,heterologous reconstruction,tailored DDP products,S002; S003; S005,Exact branch-product mapping is construct-dependent.,109
M4-FUNG-0494:G007,M4-FUNG-0494,G007,esdpC,BCP96885.1,22227.0,23316.0,-,prenyltransferase,connects the polyketide-derived pyrone precursor to the GGPP-derived diterpene moiety,heterologous reconstruction,hybrid meroterpenoid precursor formation,S002; S003; S005,Core scaffold enzyme.,110
M4-FUNG-0494:G008,M4-FUNG-0494,G008,esdpB,BCP96886.1,24303.0,25103.0,+,terpene cyclase,cyclizes the epoxidized diterpenyl chain into the decalin-containing DDP scaffold,heterologous reconstruction,polycyclic DDP scaffold formation,S002; S003; S005,Core scaffold enzyme.,111
M4-FUNG-0495:G001,M4-FUNG-0495,G001,macJ,NR,,,NR,integral membrane terpene cyclase,membrane-bound type-II terpene cyclase; protonation of terminal olefin triggers late meroterpenoid cyclization,ΔmacJ and biochemical characterization,loss of cyclized macrophorin products / accumulation of acyclic precursors,S003,Mechanistically decisive enzyme.,104
M4-FUNG-0495:G002,M4-FUNG-0495,G002,macA,NR,,,NR,core macrophorin-pathway enzyme,required for macrophorin production upstream of MacJ,ΔmacA,macrophorin pathway disrupted,S003,,105
M4-FUNG-0495:G003,M4-FUNG-0495,G003,macR,NR,,,NR,cluster-specific regulator,overexpression elevates mac pathway metabolite output,overexpression,enhanced macrophorin-pathway products,S003,,106
M4-FUNG-0496:G001,M4-FUNG-0496,G001,mpaC,NR,,,NR,polyketide synthase,required for high MPA production in P. roqueforti,RNAi silencing,reduced mpaC transcript correlates with reduced MPA,S003,A natural 174-bp deletion also marks low-producing strains.,104
M4-FUNG-0496:G002,M4-FUNG-0496,G002,mpaA/B/DE/F/G/H,NR,,,NR,MPA-pathway enzymes by synteny/homology,cluster membership strongly supported; individual P. roqueforti biochemical roles not all directly tested,comparative genomics,seven-gene cluster highly similar to P. brevicompactum MPA cluster,S003,,105
M4-FUNG-0497:G001,M4-FUNG-0497,G001,psyA,NR,,,NR,nonribosomal peptide synthetase,required for psychrophilin cyclic-tripeptide assembly,ΔpsyA,psychrophilin pathway blocked; anthranilate-containing dipeptide 10 accumulates,S003,,104
M4-FUNG-0498:G001,M4-FUNG-0498,G001,penP,NR,,,NR,indole-diterpene pathway enzyme,required for conversion beyond paspaline toward penitrems,targeted deletion,penitrems A/B/D/E/F abolished; paspaline accumulates,S003,,104
M4-FUNG-0498:G002,M4-FUNG-0498,G002,PtmE,NR,,,NR,prenyltransferase/cyclization enzyme,prenylation-initiated cationic cyclization installs bicyclo[3.2.0]heptane skeleton,heterologous reconstruction,characteristic carbocycle formed,S004,,105
M4-FUNG-0498:G003,M4-FUNG-0498,G003,PtmK/PtmU,NR,,,NR,cytochrome P450 enzymes,two-step oxidative construction of unique penitrem tricyclic skeleton,heterologous reconstruction,oxidatively elaborated penitrem scaffold,S004,,106
M4-FUNG-0499:G001,M4-FUNG-0499,G001,mpaG′,NR,,,NR,SAM-dependent O-methyltransferase,methylates demethylmycophenolic acid to mycophenolic acid; also accepts two synthetic DMMPA derivatives,recombinant in-vitro kinetic/functional assay,MPA and methylated derivatives formed,S003,Direct enzyme-level proof.,104
M4-FUNG-0500:G001,M4-FUNG-0500,G001,HknR,NR,,,NR,cluster-specific transcription factor,overexpression activates cryptic hkn metabolite production,overexpression,hancockinone A becomes detectable/isolatable,S003,,104
M4-FUNG-0500:G002,M4-FUNG-0500,G002,HknE,NR,,,NR,cytochrome P450,constructs the five-membered ring in hancockinone A from neosartoricin B,"heterologous expression, substrate feeding, in-vitro assay",five-membered-ring product formed,S003,Direct mechanistic tailoring evidence.,105
M4-FUNG-0501:G001,M4-FUNG-0501,G001,SdnG homolog,NR,,,NR,hypothetical protein / putative norbornene synthase by conserved cluster context,R. necatrix homolog not directly assayed; S. araneosa SdnG directly accelerates norbornene-forming IMDA cyclization,comparative genomics; homolog functional transfer,putative corresponding role in R. necatrix,S004,Keep donor-versus-target evidence explicit.,104
M4-FUNG-0501:G002,M4-FUNG-0501,G002,SdnA/B/E/F/H homolog set,NR,,,NR,terpene cyclase plus four P450 oxygenases,R. necatrix homologs conserved; corresponding S. araneosa enzymes completely reconstruct cycloaraneosene-to-sordaricin chemistry,comparative genomics / homolog reconstruction,supports conserved sordaricin-core programme,S004,,105
M4-FUNG-0502:G001,M4-FUNG-0502,G001,PrHalA,NR,,,NR,multimodular nonribosomal peptide synthetase / putative halovir synthetase,not directly demonstrated; module/domain organization predicts unconventional nonlinear assembly of the halovir hexapeptide,bioinformatic domain/module analysis only,NA,S003,"Treat as a predicted synthetase, not a biochemically established halovir enzyme.",104
M4-FUNG-0503:G001,M4-FUNG-0503,G001,SdxC,NR,,,NR,PKS–NRPS,"with SdxD and SdxA, supports formation of dephenylated 2-pyridone ketone 12",heterologous coexpression in A. nidulans,ketone 12 produced,S003,Individual SdxC-only sufficiency was not isolated in the reported three-gene experiment.,104
M4-FUNG-0503:G002,M4-FUNG-0503,G002,SdxD,NR,,,NR,partnering enoylreductase,"with SdxC and SdxA, supports formation of ketone 12",heterologous coexpression in A. nidulans,ketone 12 produced,S003,,105
M4-FUNG-0503:G003,M4-FUNG-0503,G003,SdxA,NR,,,NR,ring-expansion cytochrome P450,"with SdxC and SdxD, yields dephenylated 2-pyridone ketone 12",heterologous coexpression in A. nidulans,ketone 12 produced,S003,,106
M4-FUNG-0503:G004,M4-FUNG-0503,G004,SdxG,NR,,,NR,short-chain dehydrogenase/reductase,native SdxG role inferred; soluble homologs PdxG/AdxG/EpiG reduce ketone 12 and enable deoxyakanthomycin formation,in-vitro assays used SDR homologs rather than direct SdxG assay,1a/1b form after reduction and spontaneous downstream chemistry,S003,Do not mislabel homolog assays as direct SdxG enzymology.,107
M4-FUNG-0503:G005,M4-FUNG-0503,G005,SdxB,NR,,,NR,putative N-hydroxylation P450,predicted to N-hydroxylate deoxyakanthomycin toward akanthomycin,not directly tested,NA,S003,,108
M4-FUNG-0503:G006,M4-FUNG-0503,G006,SdxI,NR,,,NR,putative O-methyltransferase,NR; predicted cluster tailoring function,not directly tested,NA,S003,,109
M4-FUNG-0504:G001,M4-FUNG-0504,G001,candidate seven-module NRPS,NR,,,NR,seven-module nonribosomal peptide synthetase,not directly demonstrated; module organization is consistent with xylaroamide A residue sequence/stereochemistry,bioinformatic analysis,NA,S003,"No direct NRPS knockout, complementation, reconstruction or biochemical assay in defining paper.",104
M4-FUNG-0504:G002,M4-FUNG-0504,G002,trans-acting N-methyltransferase candidate,NR,,,NR,putative N-methyltransferase acting outside NRPS modules,proposed to install the N-methyl residue in xylaroamide A,bioinformatic analysis only,NA,S003,Defining publication calls this a rare proposed trans-acting methyltransferase.,105
M4-FUNG-0505:G001,M4-FUNG-0505,G001,FfnA,NR,,,NR,phosphoenolpyruvate phosphomutase,early C–P bond-forming pathway role supported by conserved phosphonate-cluster context; not the principal direct enzyme characterization in defining paper,comparative genomics / pathway homology,phosphonopyruvate pathway entry inferred,S003,,104
M4-FUNG-0505:G002,M4-FUNG-0505,G002,FfnB,NR,,,NR,phosphonopyruvate decarboxylase / trapping step,places phosphonopyruvate toward phosphonoacetaldehyde by conserved phosphonate-pathway logic,comparative genomics / pathway homology,phosphonoacetaldehyde precursor formation inferred,S003,,105
M4-FUNG-0505:G003,M4-FUNG-0505,G003,FfnC,NR,,,NR,aldo/keto reductase,reduces phosphonoacetaldehyde to 2-hydroxyethylphosphonic acid using NAD(P)H,recombinant enzyme assay with synthetic substrate,2-hydroxyethylphosphonic acid formed,S003,Direct enzyme-level evidence.,106
M4-FUNG-0505:G004,M4-FUNG-0505,G004,FfnD,NR,,,NR,non-heme Fe(II)/2-(oxo)glutarate-dependent oxygenase,oxidatively cyclizes 2-hydroxyethylphosphonic acid to (S)-epoxyethylphosphonic acid; hydroxylates ethylphosphonic acid to (S)-1-hydroxyethylphosphonic acid,recombinant enzyme assays + isotope labeling,substrate-dependent oxacyclization versus hydroxylation,S003,Direct mechanistic enzyme proof.,107
M4-FUNG-0506:G001,M4-FUNG-0506,G001,Copu5 / CONPUDRAFT_50941,EIW83693.1,428770.0,429915.0,-,class I sesquiterpene synthase,converts FPP predominantly to (+)-δ-cadinol with minor sesquiterpene coproducts,heterologous expression in E. coli; scale-up product confirmation,(+)-δ-cadinol produced; optimized fed-batch titer 225 mg/L,S001; S003,Direct catalytic attribution; strand stored as literal string.,104
M4-FUNG-0506:G002,M4-FUNG-0506,G002,neighboring BGC0002707 genes,EIW83690.1; EIW83691.1; EIW83692.1; EIW83694.1,,,NR,NAD(P)-binding protein; MFS transporters; aldo-keto reductase,no direct role in δ-cadinol formation demonstrated,not specifically perturbed in defining study,NA,S001; S003,Retained as database-locus context only.,105
M4-FUNG-0507:G001,M4-FUNG-0507,G001,Copu9 / CONPUDRAFT_118913,EIW83595.1,107719.0,108894.0,+,class I sesquiterpene synthase,converts FPP predominantly to (+)-δ-cadinol with minor sesquiterpene coproducts,heterologous expression; structure-guided mutagenesis; X-ray crystallography,(+)-δ-cadinol produced; optimized fed-batch titer 395 mg/L; structure PDB 7OFL,S001; S003; S004,Direct enzyme identity and catalytic attribution; strand stored as literal string.,104
M4-FUNG-0508:G001,M4-FUNG-0508,G001,PKS12 / AurPKS12,NR,,,NR,type I polyketide synthase,required for aurofusarin/rubrofusarin production; primary polyketide product is YWA1,native gene deletion; double-mutant analysis,loss of aurofusarin/rubrofusarin; pathway arrests upstream,S003; S005,2011 work corrected the earlier assumption that nor-rubrofusarin was the direct PKS12 product.,104
M4-FUNG-0508:G002,M4-FUNG-0508,G002,AurR1 / GIP2,NR,,,NR,Zn(II)2Cys6 cluster-specific transcription factor,positively regulates aurofusarin cluster expression,"deletion, complementation and overexpression",deletion abolishes/reduces pathway; overexpression increases aurofusarin and reduces mycelial growth,S003; S004,,105
M4-FUNG-0508:G003,M4-FUNG-0508,G003,AurZ,NR,,,NR,γ-pyrone dehydratase,acts immediately after PKS12/YWA1; deletion accumulates YWA1,targeted gene replacement; ΔaurZ/ΔaurJ epistasis,YWA1 accumulates,S005,,106
M4-FUNG-0508:G004,M4-FUNG-0508,G004,AurJ,NR,,,NR,O-methyltransferase,converts nor-rubrofusarin toward rubrofusarin,targeted gene replacement,nor-rubrofusarin/intermediate accumulation and loss of normal aurofusarin flow,S003; S005,,107
M4-FUNG-0508:G005,M4-FUNG-0508,G005,AurF / Gip1 / AurO / AurS late module,NR,,,NR,"monooxygenase, laccase/oxidase, oxidoreductase and fasciclin-like late-pathway proteins",native replacements support late conversion of rubrofusarin toward aurofusarin; exact extracellular complex mechanism is partly proposed,multiple targeted gene replacements,rubrofusarin accumulation / altered aurofusarin formation,S003; S005,Keep direct mutant phenotypes separate from the proposed multi-protein extracellular-complex architecture.,108
M4-FUNG-0508:G006,M4-FUNG-0508,G006,AurT,NR,,,NR,putative pigment/intermediate transporter,supports export of rubrofusarin rather than aurofusarin,targeted replacement,increased rubrofusarin-to-aurofusarin ratio,S005,,109
M4-FUNG-0509:G001,M4-FUNG-0509,G001,mrsidA,MAA_01891,,,NR,ornithine N5-oxygenase / siderophore precursor enzyme,required for all six metachelin/dimerumic-acid products measured,native targeted deletion by homologous recombination,compounds 1–6 absent; growth phenotype also affected,S003,Direct native necessity; detailed downstream branching remains proposed.,104
M4-FUNG-0509:G002,M4-FUNG-0509,G002,mrsidD,MAA_05334,,,NR,NRPS with one complete module and one module lacking an adenylation domain,required for both coprogen/metachelin and dimerumic-acid siderophore production,native targeted deletion by homologous recombination,compounds 1–6 absent,S003,Direct native necessity for both siderophore branches.,105
M4-FUNG-0509:G003,M4-FUNG-0509,G003,mrapdA,MAA_01639,,,NR,iron-deficiency-responsive candidate gene,not required for the measured metachelin/dimerumic-acid profile,native targeted deletion,no significant metabolite changes versus WT,S003,,106
M4-FUNG-0510:G001,M4-FUNG-0510,G001,candidate PKS,NR,,,NR,polyketide synthase in proposed chromone/xanthone cluster,not directly demonstrated,genome-mining association only,NA,S003,No strain-specific causal perturbation.,104
M4-FUNG-0510:G002,M4-FUNG-0510,G002,candidate halogenase,NR,,,NR,flavin-dependent halogenase candidate,proposed to install chlorine in pathway congeners,genome mining / structural inference,NA,S003,"Halogenase-first discovery is supportive, not direct enzymology.",105
M4-FUNG-0511:G001,M4-FUNG-0511,G001,iliA,NR,,,NR,hybrid HR-PKS–NRPS,core backbone assembly; required within sufficient four-gene reconstruction,heterologous gene-combination reconstruction,iliA+B+C+D yields ilicicolin H/J,S003,,104
M4-FUNG-0511:G002,M4-FUNG-0511,G002,iliB,NR,,,NR,trans-acting enoyl reductase,supports reduced PKS-NRPS backbone within sufficient reconstruction,heterologous reconstruction,required in productive pDH5 combination,S003,,105
M4-FUNG-0511:G003,M4-FUNG-0511,G003,iliC,NR,,,NR,cytochrome P450,pathway model assigns oxidation/pyridone-forming role,heterologous reconstruction,required in sufficient four-gene combination,S003,,106
M4-FUNG-0511:G004,M4-FUNG-0511,G004,iliD,NR,,,NR,SAM-dependent enzyme / pericyclase candidate,pathway model assigns decalin-forming Diels–Alderase role,heterologous reconstruction,required in sufficient four-gene combination,S003,,107
M4-FUNG-0511:G005,M4-FUNG-0511,G005,iliE,NR,,,NR,additional cluster enzyme,dispensable for ilicicolin H/J in tested reconstruction,gene-combination comparison,H/J produced without iliE,S003,,108
M4-FUNG-0512:G001,M4-FUNG-0512,G001,aneC,NR,,,NR,terpene cyclase,"cyclizes FPP to dauca-4,7-diene",native inactivation + heterologous expression,"ΔaneC abolishes aculenes; heterologous AneC yields dauca-4,7-diene",S003,Direct native and heterologous evidence.,104
M4-FUNG-0512:G002,M4-FUNG-0512,G002,aneF,NR,,,NR,cytochrome P450 monooxygenase,oxidizes C-12 methyl through carboxylate to asperaculane D,native inactivation + heterologous coexpression,loss/accumulation pattern and reconstruction establish first oxidative-demethylation step,S003,,105
M4-FUNG-0512:G003,M4-FUNG-0512,G003,aneD,NR,,,NR,cytochrome P450 monooxygenase,C-10 hydroxylation of asperaculane D to asperaculane E,native inactivation + heterologous coexpression,ΔaneD abolishes aculene A and accumulates upstream asperaculanes,S003,,106
M4-FUNG-0512:G004,M4-FUNG-0512,G004,aneG,NR,,,NR,cytochrome P450 monooxygenase,C-2 oxidation triggers C-12 decarboxylation to aculene D nordaucane skeleton,native inactivation + heterologous coexpression,loss/accumulation pattern resolves terminal oxidative-demethylation step,S003,,107
M4-FUNG-0512:G005,M4-FUNG-0512,G005,aneA,NR,,,NR,2-oxoglutarate-dependent dioxygenase,"introduces the 5,6-alkene converting D→C and B→A",native deletion,ΔaneA abolishes aculene A/C and accumulates less-unsaturated products,S003,,108
M4-FUNG-0512:G006,M4-FUNG-0512,G006,aneB,NR,,,NR,monomodular NRPS,adenylates L-proline for transfer onto aculene scaffold,native deletion + pathway assays,ΔaneB removes proline-bearing aculenes A/B and accumulates non-prolylated scaffold,S003,,109
M4-FUNG-0512:G007,M4-FUNG-0512,G007,aneE,NR,,,NR,hydrolase/thiohydrolase,"transfers AneB-activated L-proline derivative to aculene D/C, yielding B/A",native deletion + pathway assays,ΔaneE phenocopies loss of proline-bearing A/B,S003,,110
M4-FUNG-0513:G001,M4-FUNG-0513,G001,srdA / pks-6,NR,,,NR,highly reducing PKS,builds reduced hexaketide-like chain and reductively releases aldehyde precursor,combinatorial heterologous expression,required for all srd metabolites,S003,,104
M4-FUNG-0513:G002,M4-FUNG-0513,G002,srdC,NR,,,NR,short-chain dehydrogenase/reductase,required with SrdA/D/E for first isolable salicylic alcohol intermediate,combinatorial expression,part of minimal productive four-gene set,S003,,105
M4-FUNG-0513:G003,M4-FUNG-0513,G003,srdD,NR,,,NR,cupin-domain oxidoreductase,required with SrdA/C/E for salicylic scaffold formation,combinatorial expression,part of minimal productive four-gene set,S003,,106
M4-FUNG-0513:G004,M4-FUNG-0513,G004,srdE,NR,,,NR,short-chain dehydrogenase/reductase,required with SrdA/C/D for salicylic scaffold formation,combinatorial expression,part of minimal productive four-gene set,S003,,107
M4-FUNG-0513:G005,M4-FUNG-0513,G005,srdI,NR,,,NR,flavin-dependent oxidoreductase,reoxidizes salicylic alcohol intermediate 2 to aldehyde 3,add-back in heterologous combination,introduction produces aldehyde 3 alongside alcohol 2,S003,,108
M4-FUNG-0513:G006,M4-FUNG-0513,G006,srdB,NR,,,NR,oxidative enzyme / proposed epoxidase,proposed to epoxidize aldehyde 3 before final diol formation,full-cluster reconstruction context,required for final sordarial route in pathway model,S003,,109
M4-FUNG-0513:G007,M4-FUNG-0513,G007,srdG,NR,,,NR,epoxide hydrolase,proposed stereoselective epoxide hydrolysis to sordarial diol,full-cluster reconstruction context,late pathway assignment,S003,,110
M4-FUNG-0514:G001,M4-FUNG-0514,G001,candidate ctp NRPS,NR,,,NR,NRPS predicted to assemble tryptophan/proline diketopiperazine precursor,not directly demonstrated in HBU-136,genomic homology only,NA,S003,,104
M4-FUNG-0514:G002,M4-FUNG-0514,G002,ctpP450-3,NR,,,NR,P450 predicted tailoring enzyme,proposed oxidative tailoring by pathway homology,none,NA,S003,,105
M4-FUNG-0514:G003,M4-FUNG-0514,G003,ctpP450-1,NR,,,NR,P450 predicted tailoring enzyme,proposed spiro/oxidative tailoring by pathway homology,none,NA,S003,,106
M4-FUNG-0514:G004,M4-FUNG-0514,G004,ctpOMT,NR,,,NR,O-methyltransferase,proposed methylation based on homologous IDKP pathways,none,NA,S003,,107
M4-FUNG-0515:G001,M4-FUNG-0515,G001,FE257_006542,NR,,,NR,candidate bifunctional terpene synthase/phosphatase,proposed formation of drimanyl diphosphate/drim-8-ene-11-ol precursor,comparative bioinformatics only,NA,S003,,104
M4-FUNG-0515:G002,M4-FUNG-0515,G002,candidate nan tailoring genes,NR,,,NR,predicted oxidation/acylation enzymes in nan cluster,individual reactions not directly demonstrated,comparative genomics,NA,S003,,105
M4-FUNG-0515:G003,M4-FUNG-0515,G003,candidate nan PKS-class gene(s),NR,,,NR,database/cluster annotation,relationship to nanangenine core chemistry unresolved,database annotation only,NA,S001; S003,,106
M4-FUNG-0516:G001,M4-FUNG-0516,G001,ATEG_03629,NR,,,NR,nonreducing polyketide synthase,produces 5-methylorsellinic acid,heterologous expression in S. cerevisiae,aryl-acid product formed,S003,,104
M4-FUNG-0516:G002,M4-FUNG-0516,G002,ATEG_03630,NR,,,NR,NRPS-like adenylation-thiolation-reductase enzyme,"activates 5-methylorsellinic acid and reduces it to 2,4-dihydroxy-5,6-dimethylbenzaldehyde",heterologous coexpression/substrate-function assays,aryl aldehyde formed from PKS-derived acid,S003,,105
M4-FUNG-0517:G001,M4-FUNG-0517,G001,AtAS / ATEG_03568,NR,,,NR,bifunctional sesterterpene synthase (prenyltransferase + cyclase),synthesizes preaspterpenacid I,heterologous expression,preaspterpenacid I formed,S001; S003,,104
M4-FUNG-0517:G002,M4-FUNG-0517,G002,AtP450 / ATEG_03567,NR,,,NR,cytochrome P450,C22 oxidative modification of preaspterpenacid I,heterologous coexpression/enzyme characterization,C22-oxidized product formed,S001; S003,,105
M4-FUNG-0518:G001,M4-FUNG-0518,G001,verA / cl4A,NR,,,NR,highly reducing PKS,required for verrucosidin biosynthesis,CRISPR-Cas9 deletion,"verrucosidin abolished in MEB, CYB and apple assays; morphology comparable to WT",S003,,104
M4-FUNG-0518:G002,M4-FUNG-0518,G002,verB / cl4B,NR,,,NR,methyltransferase,predicted verrucosidin tailoring enzyme in X6 locus,no X6 direct perturbation in defining study,NA,S003,,105
M4-FUNG-0518:G003,M4-FUNG-0518,G003,verC1 / cl4C1,NR,,,NR,FAD-dependent monooxygenase,predicted oxidative tailoring,no X6 direct perturbation,NA,S003,,106
M4-FUNG-0518:G004,M4-FUNG-0518,G004,verC2 / cl4C2,NR,,,NR,FAD-dependent monooxygenase,predicted oxidative tailoring,no X6 direct perturbation,NA,S003,,107
M4-FUNG-0518:G005,M4-FUNG-0518,G005,verG / cl4G,NR,,,NR,acyltransferase,predicted pathway tailoring enzyme,no X6 direct perturbation,NA,S003,,108
M4-FUNG-0518:G006,M4-FUNG-0518,G006,verH / cl4H,NR,,,NR,cytochrome P450,predicted oxidative tailoring,no X6 direct perturbation,NA,S003,,109
M4-FUNG-0519:G001,M4-FUNG-0519,G001,DbiMA1,NR,,,NR,borosin precursor protein with SAM-dependent peptide α-N-methyltransferase domain,heterologous DbiMA1 protein studies establish omphalotin-like core methylation pattern,heterologous expression in prior studies,multiply N-methylated precursor produced,S003,,104
M4-FUNG-0519:G002,M4-FUNG-0519,G002,DbiP,NR,,,NR,prolyl oligopeptidase predicted to excise/cyclize core peptide,native strain-specific function not directly reconstructed; JGI model lacked N-terminus in defining study,not directly tested in Pichia,NA,S003,,105
M4-FUNG-0519:G003,M4-FUNG-0519,G003,accessory dbi tailoring genes,NR,,,NR,monooxygenase/acyltransferase-like candidates in homologous borosin cluster,specific modifications unresolved,no direct perturbation,NA,S003,,106
M4-FUNG-0520:G001,M4-FUNG-0520,G001,LedMA,NR,,,NR,borosin precursor/SAM-dependent peptide α-N-methyltransferase,heterologous LedMA studies establish multiply methylated core pattern; ledMA expressed in vegetative mycelium,heterologous expression + RT-PCR context,functional methylated precursor; vegetative expression,S003,,104
M4-FUNG-0520:G002,M4-FUNG-0520,G002,LedP,NR,,,NR,prolyl oligopeptidase/macrocyclizing protease,directly processes OphMA and Led/Dbi core-hybrid precursors in Pichia; slightly more active than OphP in tested system,Pichia heterologous expression,cyclic peptides produced,S003,,105
M4-FUNG-0520:G003,M4-FUNG-0520,G003,accessory led tailoring genes,NR,,,NR,predicted monooxygenase/acyltransferase-like proteins,specific native modifications unresolved,no direct perturbation,NA,S003,,106
M4-FUNG-0521:G001,M4-FUNG-0521,G001,AcdD / BDW47DRAFT_120076,PLB34718.1,1913.0,3666.0,-,kynurenine 3-monooxygenase,supplies 3-hydroxy-L-kynurenine precursor from L-kynurenine in aspcandine pathway,heterologous pathway characterization / precursor-supply assignment,supports AcdB substrate supply,S001; S003,,104
M4-FUNG-0521:G002,M4-FUNG-0521,G002,BDW47DRAFT_120077,PLB34719.1,4386.0,5964.0,+,MFS transporter,specific aspcandine transport/protection function unresolved,cluster association,UNCERTAIN,S001; S003,,105
M4-FUNG-0521:G003,M4-FUNG-0521,G003,AcdB / BDW47DRAFT_71441,PLB34720.1,6800.0,14296.0,+,NRPS–PKS hybrid synthetase,"incorporates 3-hydroxy-L-kynurenine, performs one malonyl-CoA extension and chain release to furnish aspcandine tricyclic scaffold",heterologous expression/domain-mechanism characterization,aspcandine formed,S001; S003,,106
M4-FUNG-0522:G001,M4-FUNG-0522,G001,TroA / ANIA_07893,CBF73471.1,162823.0,163921.0,-,non-heme Fe(II)-dependent dioxygenase,required for oxidative ring expansion toward the tropolone branch,native ΔtroA,"anhydrosepedonin and antibiotic C abolished; DHMBA, azanidulone and tripyrnidone retained",S001; S004,Genetic requirement is direct; detailed ring-expansion chemistry is pathway-supported rather than isolated-enzyme proof.,104
M4-FUNG-0522:G002,M4-FUNG-0522,G002,DbaA / ANIA_07896,CBF73479.1,170187.0,172241.0,+,Zn2Cys6 transcription factor,specific positive regulator of the dba/troA response programme,native ΔdbaA; overexpression in foundational study,ΔdbaA prevents phleomycin induction of AN7893-AN7895 and dba genes and abolishes products 1-5; overexpression activates cluster chemistry,S001; S003; S004,DbaA is distinct from broader csnE-dependent protein-stability control.,105
M4-FUNG-0522:G003,M4-FUNG-0522,G003,DbaB / ANIA_07897,CBF73480.1,172527.0,173807.0,-,FAD-dependent monooxygenase,oxidative step from anhydrosepedonin toward antibiotic C; also required for tripyrnidone branch,native ΔdbaB,anhydrosepedonin accumulates; antibiotic C and tripyrnidone are lost,S001; S004,Native metabolite phenotype strongly supports the step; isolated-enzyme turnover was not used as the principal evidence.,106
M4-FUNG-0522:G004,M4-FUNG-0522,G004,DbaD / ANIA_07899,CBF73486.1,177195.0,178031.0,+,MFS-family transporter,affects intracellular/extracellular distribution and recovery of selected dba metabolites; exact organelle/transport role unresolved,native ΔdbaD,products 2 and 4 absent from medium and product 1 strongly reduced; intracellular profiles argue against a simple export-only model,S001; S004,Do not promote inferred organelle-membrane localization to direct transport mechanism.,107
M4-FUNG-0522:G005,M4-FUNG-0522,G005,DbaH / ANIA_07902,CBF73492.1,182894.0,184346.0,-,FAD-dependent monooxygenase,required for DHMBA oxidation feeding azanidulone and tropolone-containing branches,native ΔdbaH,"azanidulone, anhydrosepedonin, antibiotic C and tripyrnidone lost; DHMBA remains",S001; S004,Subsequent spontaneous/proposed rearrangements after DbaH oxidation are kept separate from the genetic requirement.,108
M4-FUNG-0522:G006,M4-FUNG-0522,G006,DbaI / ANIA_07903,CBF73494.1,187050.0,187921.0,+,non-reducing polyketide synthase,"produces 2,4-dihydroxy-6-(2-oxopropyl)benzoic acid (DHMBA), the pathway precursor",native ΔdbaI; DbaI functional characterization,DHMBA and azanidulone/anhydrosepedonin/antibiotic C/tripyrnidone are abolished,S001; S003; S004,MIBiG coordinate is retained as database provenance in a partial entry; functional PKS→DHMBA evidence is stronger than boundary annotation.,109
M4-FUNG-0523:G001,M4-FUNG-0523,G001,BrvA,BDO47151.1,101.0,6590.0,-,iterative type-I PKS,constructs the polyketide-derived pyrone precursor used for meroditerpenoid assembly,heterologous pathway reconstruction,early brevione/setosusin-like scaffold formed,S001; S003,Direct pathway reconstruction supports role; exact isolated catalytic cycle is not the distinctive focus of the study.,104
M4-FUNG-0523:G002,M4-FUNG-0523,G002,BrvB,BDO47152.1,7688.0,8810.0,-,prenyltransferase,attaches the geranylgeranyl-derived terpene unit to the polyketide scaffold,heterologous reconstruction,prenylated pathway intermediate formed,S001; S003,,105
M4-FUNG-0523:G003,M4-FUNG-0523,G003,BrvC,BDO47153.1,10836.0,12119.0,-,geranylgeranyl diphosphate synthase,supplies the C20 prenyl donor for BrvB,heterologous reconstruction,supports prenylated meroditerpenoid scaffold,S001; S003,,106
M4-FUNG-0523:G004,M4-FUNG-0523,G004,BrvF,BDO47156.1,18285.0,19077.0,-,terpene cyclase,cyclizes the epoxidized prenyl chain to establish the polycyclic terpene scaffold,heterologous reconstruction,cyclized meroditerpenoid intermediate formed,S001; S003,,107
M4-FUNG-0523:G005,M4-FUNG-0523,G005,BrvJ,BDO47160.1,28367.0,29263.0,-,Fe(II)/2-oxoglutarate-dependent dioxygenase,catalyzes skeletal rearrangement that creates the cycloheptenone-containing brevione branch,heterologous expression + purified-enzyme assays + mutagenesis,brevione-B-derived substrates are converted through the brevione-specific rearrangement route,S001; S003,"Key branch-point enzyme; homolog SetK instead favors hydroxylation, demonstrating enzyme-specific selectivity.",108
M4-FUNG-0523:G006,M4-FUNG-0523,G006,BrvN,BDO47164.1,37330.0,38420.0,-,metallo-hydrolase,participates in late pyrone-ring processing in the reconstructed brevione-E route,heterologous gene-combination reconstruction,late pathway intermediate advances toward brevione E,S001; S003,"Step assignment is pathway-reconstruction evidence, weaker than BrvJ isolated-enzyme chemistry.",109
M4-FUNG-0523:G007,M4-FUNG-0523,G007,BrvO,BDO47165.1,40033.0,41488.0,+,SAM-dependent decarboxylase-like enzyme,required in late brevione-E maturation/decarboxylative processing,heterologous reconstruction,late brevione intermediate converted toward final product,S001; S003,Exact catalytic mechanism is less directly resolved than BrvJ.,110
M4-FUNG-0523:G008,M4-FUNG-0523,G008,BrvL,BDO47162.1,33154.0,34702.0,+,acetyltransferase,late O-acetylation step yielding brevione E in the reconstructed pathway,heterologous reconstruction,brevione E produced,S001; S003,,111
M4-FUNG-0524:G001,M4-FUNG-0524,G001,CTC2 / CH63R_05468,OBR09776.1,389265.0,391159.0,+,flavin-dependent halogenase,required for chlorinated colletochlorin products,heterologous ctc reconstruction,chlorinated and nonchlorinated product pattern links CTC2 to halogenation,S001; S003,,104
M4-FUNG-0524:G002,M4-FUNG-0524,G002,CTC1 / ChPKS10 / CH63R_05469,OBR09777.1,392572.0,399199.0,-,non-reducing polyketide synthase,"produces orsellinic acid, the first pathway intermediate",heterologous expression,initial ctc1-ctc4 construct lacking detectable CTC4 accumulates orsellinic acid,S001; S003,,105
M4-FUNG-0524:G003,M4-FUNG-0524,G003,CTC3 / ChNRPS-like04 / CH63R_05470,OBR09778.1,400054.0,403456.0,-,NRPS-like enzyme in primary study; MIBiG product label says gluconate kinase,required within the four-gene sufficient programme for colletochlorin-family production; exact catalytic step remains less resolved,heterologous reconstruction,collective pathway competence with ctc1/2/4,S001; S003,Annotation conflict retained explicitly.,106
M4-FUNG-0524:G004,M4-FUNG-0524,G004,CTC4 / CH63R_05471,OBR09779.1,403952.0,404974.0,+,aromatic polyprenyl transferase,prenylates orsellinic-acid-derived scaffold; protein abundance is required for downstream family formation,initial polycistron versus extra-copy CTC4 reconstruction,CTC4 undetectable: only OA; restored CTC4 expression: downstream colletorin/colletochlorin products,S001; S003,,107
M4-FUNG-0525:G001,M4-FUNG-0525,G001,spyA / Afu8g02350,NR,,,NR,non-reducing polyketide synthase,produces triacetic acid lactone from acetyl-CoA plus two malonyl-CoA units; core first step,targeted deletion; individual heterologous expression,deletion reduces pathway products 3/4 by >100-fold; individual expression produces TAL,S003,Trace 3/4 remain without spyA in A. nidulans; this does not negate SpyA as the normal pathway PKS.,104
M4-FUNG-0525:G002,M4-FUNG-0525,G002,spyB / Afu8g02360,NR,,,NR,acetyltransferase,acetylates sartorypyrones D and F to sartorypyrones A and G,targeted deletion; alternative start-site refactoring,acetylated products 3/4 lost; unacetylated 1/2 accumulate >100-fold; downstream start site is functional,S003,Primary study identifies a FungiDB start-site annotation problem and functionally validates the downstream start site.,105
M4-FUNG-0525:G003,M4-FUNG-0525,G003,spyC / Afu8g02380,NR,,,NR,FAD-dependent monooxygenase,terminal-olefin epoxidation of geranylgeranyl-triacetate-lactone precursor,targeted deletion,prenylated polyketides 5/6 accumulate; epoxidation/cyclization branch blocked,S003,Role assigned from metabolite-resolved deletion phenotype.,106
M4-FUNG-0525:G004,M4-FUNG-0525,G004,spyD / Afu8g02390,Q4WBI3,,,NR,terpene cyclase,promiscuous cyclization of epoxygeranylgeranyl-TAL to bicyclic sartorypyrone F and monocyclic sartorypyrone D,targeted deletion; current curated protein annotation,uncyclized intermediates 7/8 accumulate when deleted,S003; S006,All strand entries are intentionally literal strings; exact genomic coordinates are not promoted without a source-level feature table.,107
M4-FUNG-0525:G005,M4-FUNG-0525,G005,spyE / Afu8g02400,NR,,,NR,geranylgeranyl pyrophosphate synthase,provides GGPP for diterpenoid prenylation; loss shifts pathway toward FPP-derived shunt products,targeted deletion,compounds 9–11 accumulate; chemistry is consistent with FPP substitution for GGPP,S003,Metabolite-resolved genetic evidence supports GGPPS function.,108
M4-FUNG-0525:G006,M4-FUNG-0525,G006,spyF / Afu8g02410,NR,,,NR,prenyltransferase,conjugates GGPP to TAL to form geranylgeranyl-triacetate lactone; accepts FPP when GGPP supply is impaired,functional-cluster reconstruction / pathway inference,required as the pathway prenylation step in the reconstructed model; broad substrate tolerance inferred from spyE-deletion shunts,S003,Do not overstate as purified-enzyme proof; functional role is supported by the reconstructed pathway plus product logic and homology.,109
M4-FUNG-0526:G001,M4-FUNG-0526,G001,Ma_OvaA,EFY96062.1 / XP_007824743.1,,,NR,,,,,,,104
M4-FUNG-0526:G002,M4-FUNG-0526,G002,Ma_OvaB,EFY96057.2 / XP_007824738.2,,,NR,,,,,,,105
M4-FUNG-0526:G003,M4-FUNG-0526,G003,Ma_OvaC,NR,,,NR,,,,,,,106
M4-FUNG-0527:G001,M4-FUNG-0527,G001,drcA,NR,,,NR,,,,,,,104
M4-FUNG-0527:G002,M4-FUNG-0527,G002,drcB,NR,,,NR,,,,,,,105
M4-FUNG-0528:G001,M4-FUNG-0528,G001,ltbA,NR,,,NR,,,,,,,104
M4-FUNG-0528:G002,M4-FUNG-0528,G002,ltbB,NR,,,NR,,,,,,,105
M4-FUNG-0528:G003,M4-FUNG-0528,G003,ltbC,NR,,,NR,,,,,,,106
M4-FUNG-0528:G004,M4-FUNG-0528,G004,ltbD,NR,,,NR,,,,,,,107
M4-FUNG-0528:G005,M4-FUNG-0528,G005,ltbE,NR,,,NR,,,,,,,108
M4-FUNG-0529:G001,M4-FUNG-0529,G001,PbpsA,NR,,,NR,,,,,,,104
M4-FUNG-0530:G001,M4-FUNG-0530,G001,estG1,NR,,,NR,,,,,,,104
M4-FUNG-0530:G002,M4-FUNG-0530,G002,estC1,NR,,,NR,,,,,,,105
M4-FUNG-0530:G003,M4-FUNG-0530,G003,estM1,NR,,,NR,,,,,,,106
M4-FUNG-0530:G004,M4-FUNG-0530,G004,estB1,NR,,,NR,,,,,,,107
M4-FUNG-0531:G001,M4-FUNG-0531,G001,MollA,NR,,,NR,,,,,,,104
M4-FUNG-0531:G002,M4-FUNG-0531,G002,MollB,NR,,,NR,,,,,,,105
M4-FUNG-0531:G003,M4-FUNG-0531,G003,MollC,NR,,,NR,,,,,,,106
M4-FUNG-0531:G004,M4-FUNG-0531,G004,MollD,NR,,,NR,,,,,,,107
M4-FUNG-0531:G005,M4-FUNG-0531,G005,MollE,NR,,,NR,,,,,,,108
M4-FUNG-0531:G006,M4-FUNG-0531,G006,MollF,NR,,,NR,,,,,,,109
M4-FUNG-0532:G001,M4-FUNG-0532,G001,sclA,NR,,,NR,,,,,,,104
M4-FUNG-0532:G002,M4-FUNG-0532,G002,sclI,NR,,,NR,,,,,,,105
M4-FUNG-0533:G001,M4-FUNG-0533,G001,clz2,NR,,,NR,,,,,,,104
M4-FUNG-0533:G002,M4-FUNG-0533,G002,clz6,NR,,,NR,,,,,,,105
M4-FUNG-0533:G003,M4-FUNG-0533,G003,clz10,NR,,,NR,,,,,,,106
M4-FUNG-0533:G004,M4-FUNG-0533,G004,clz11,NR,,,NR,,,,,,,107
M4-FUNG-0533:G005,M4-FUNG-0533,G005,clz12,NR,,,NR,,,,,,,108
M4-FUNG-0533:G006,M4-FUNG-0533,G006,clz14,NR,,,NR,,,,,,,109
M4-FUNG-0533:G007,M4-FUNG-0533,G007,clz17,NR,,,NR,,,,,,,110
M4-FUNG-0533:G008,M4-FUNG-0533,G008,clz20,NR,,,NR,,,,,,,111
M4-FUNG-0534:G001,M4-FUNG-0534,G001,crz1,NR,,,NR,,,,,,,104
M4-FUNG-0534:G002,M4-FUNG-0534,G002,crz2,NR,,,NR,,,,,,,105
M4-FUNG-0534:G003,M4-FUNG-0534,G003,crz3,NR,,,NR,,,,,,,106
M4-FUNG-0534:G004,M4-FUNG-0534,G004,crz4,NR,,,NR,,,,,,,107
M4-FUNG-0534:G005,M4-FUNG-0534,G005,crz5,NR,,,NR,,,,,,,108
M4-FUNG-0534:G006,M4-FUNG-0534,G006,crz6,NR,,,NR,,,,,,,109
M4-FUNG-0534:G007,M4-FUNG-0534,G007,crz7 / PKS22 / Cmt_01711,NR,,,NR,,,,,,,110
M4-FUNG-0534:G008,M4-FUNG-0534,G008,crz8,NR,,,NR,,,,,,,111
M4-FUNG-0534:G009,M4-FUNG-0534,G009,crz9,NR,,,NR,,,,,,,112
M4-FUNG-0535:G001,M4-FUNG-0535,G001,desG,NR,,,NR,,,,,,,104
M4-FUNG-0535:G002,M4-FUNG-0535,G002,desC,NR,,,NR,,,,,,,105
M4-FUNG-0535:G003,M4-FUNG-0535,G003,desM,NR,,,NR,,,,,,,106
M4-FUNG-0535:G004,M4-FUNG-0535,G004,desB,NR,,,NR,,,,,,,107
M4-FUNG-0535:G005,M4-FUNG-0535,G005,DES fifth ORF (unresolved),NR,,,NR,,,,,,,108
M4-FUNG-0536:G001,M4-FUNG-0536,G001,CCM_09344 (cluster P450),EGX87722.1,26141.0,27788.0,-,,,,,,,104
M4-FUNG-0536:G002,M4-FUNG-0536,G002,MilB / CCM_09345,EGX87723.1,28429.0,29505.0,+,,,,,,,105
M4-FUNG-0536:G003,M4-FUNG-0536,G003,MilA / CCM_09346,EGX87724.1,30379.0,37835.0,+,,,,,,,106
M4-FUNG-0537:G001,M4-FUNG-0537,G001,PKS21,NR,,,NR,,,,,,,104
M4-FUNG-0538:G001,M4-FUNG-0538,G001,sidC,NR,,,NR,,,,,,,104
M4-FUNG-0538:G002,M4-FUNG-0538,G002,sidA,NR,,,NR,,,,,,,105
M4-FUNG-0538:G003,M4-FUNG-0538,G003,sidL,NR,,,NR,,,,,,,106
M4-FUNG-0539:G001,M4-FUNG-0539,G001,RADS HR-PKS homolog,NR,,,NR,,,,,,,104
M4-FUNG-0539:G002,M4-FUNG-0539,G002,RADS NR-PKS homolog,NR,,,NR,,,,,,,105
M4-FUNG-0539:G003,M4-FUNG-0539,G003,halogenase homolog,NR,,,NR,,,,,,,106
M4-FUNG-0539:G004,M4-FUNG-0539,G004,P450 epoxidase homolog,NR,,,NR,,,,,,,107
M4-FUNG-0539:G005,M4-FUNG-0539,G005,RADS regulator homolog,NR,,,NR,,,,,,,108
M4-FUNG-0540:G001,M4-FUNG-0540,G001,atnH,NR,,,NR,,,,,,,104
M4-FUNG-0540:G002,M4-FUNG-0540,G002,atnG,NR,,,NR,,,,,,,105
M4-FUNG-0540:G003,M4-FUNG-0540,G003,atnJ,NR,,,NR,,,,,,,106
M4-FUNG-0540:G004,M4-FUNG-0540,G004,atnF,NR,,,NR,,,,,,,107
M4-FUNG-0540:G005,M4-FUNG-0540,G005,atnK,NR,,,NR,,,,,,,108
M4-FUNG-0540:G006,M4-FUNG-0540,G006,atnA,NR,,,NR,,,,,,,109
M4-FUNG-0540:G007,M4-FUNG-0540,G007,atnI,NR,,,NR,,,,,,,110
M4-FUNG-0540:G008,M4-FUNG-0540,G008,atnM,NR,,,NR,,,,,,,111
M4-FUNG-0541:G001,M4-FUNG-0541,G001,fum1 / PKS homolog,NR,,,NR,,,,,,,104
M4-FUNG-0541:G002,M4-FUNG-0541,G002,fum cluster core genes,NR,,,NR,,,,,,,105
M4-FUNG-0541:G003,M4-FUNG-0541,G003,fum cluster accessory/tailoring genes,NR,,,NR,,,,,,,106
M4-FUNG-0542:G001,M4-FUNG-0542,G001,ancC,NR,,,NR,,,,,,,104
M4-FUNG-0542:G002,M4-FUNG-0542,G002,ancA,NR,,,NR,,,,,,,105
M4-FUNG-0542:G003,M4-FUNG-0542,G003,remaining anc cluster genes,NR,,,NR,,,,,,,106
M4-FUNG-0543:G001,M4-FUNG-0543,G001,fnsA,NR,,,NR,,,,,,,104
M4-FUNG-0544:G001,M4-FUNG-0544,G001,astE,NR,,,NR,,,,,,,104
M4-FUNG-0544:G002,M4-FUNG-0544,G002,astA,NR,,,NR,,,,,,,105
M4-FUNG-0544:G003,M4-FUNG-0544,G003,astG,NR,,,NR,,,,,,,106
M4-FUNG-0544:G004,M4-FUNG-0544,G004,astF,NR,,,NR,,,,,,,107
M4-FUNG-0544:G005,M4-FUNG-0544,G005,astH,NR,,,NR,,,,,,,108
M4-FUNG-0544:G006,M4-FUNG-0544,G006,astI,NR,,,NR,,,,,,,109
M4-FUNG-0544:G007,M4-FUNG-0544,G007,astB,NR,,,NR,,,,,,,110
M4-FUNG-0544:G008,M4-FUNG-0544,G008,astL,NR,,,NR,,,,,,,111
M4-FUNG-0545:G001,M4-FUNG-0545,G001,sesE,NR,,,NR,,,,,,,104
M4-FUNG-0545:G002,M4-FUNG-0545,G002,sesM,NR,,,NR,,,,,,,105
M4-FUNG-0545:G003,M4-FUNG-0545,G003,sesB,NR,,,NR,,,,,,,106
M4-FUNG-0545:G004,M4-FUNG-0545,G004,SES tailoring gene 1,NR,,,NR,,,,,,,107
M4-FUNG-0545:G005,M4-FUNG-0545,G005,SES tailoring gene 2,NR,,,NR,,,,,,,108
M4-FUNG-0546:G001,M4-FUNG-0546,G001,PKS16 candidate,NR,,,NR,,,,,,,104
M4-FUNG-0557:G001,M4-FUNG-0557,G001,OpdA / PDE_01235,NR,,,NR,,,,,,,104
M4-FUNG-0557:G002,M4-FUNG-0557,G002,OpdC,NR,,,NR,,,,,,,105
M4-FUNG-0557:G003,M4-FUNG-0557,G003,OpdJ,NR,,,NR,,,,,,,106
M4-FUNG-0558:G001,M4-FUNG-0558,G001,PscyA,NR,,,NR,,,,,,,104
M4-FUNG-0558:G002,M4-FUNG-0558,G002,PscyB,NR,,,NR,,,,,,,105
M4-FUNG-0559:G001,M4-FUNG-0559,G001,VdoD,NR,,,NR,,,,,,,104
M4-FUNG-0559:G002,M4-FUNG-0559,G002,VdoA,NR,,,NR,,,,,,,105
M4-FUNG-0560:G001,M4-FUNG-0560,G001,Ndi_Ili_D,NR,,,NR,,,,,,,104
M4-FUNG-0561:G001,M4-FUNG-0561,G001,annullatin BBE-like terminal enzyme,NR,,,NR,,,,,,,104
M4-FUNG-0562:G001,M4-FUNG-0562,G001,Rsf1 / CgPKS4,NR,,,NR,,,,,,,104
M4-FUNG-0563:G001,M4-FUNG-0563,G001,eupPKS,NR,,,NR,,,,,,,104
M4-FUNG-0563:G002,M4-FUNG-0563,G002,eupL1,NR,,,NR,,,,,,,105
M4-FUNG-0563:G003,M4-FUNG-0563,G003,eupL5,NR,,,NR,,,,,,,106
M4-FUNG-0563:G004,M4-FUNG-0563,G004,eupR3,NR,,,NR,,,,,,,107
M4-FUNG-0563:G005,M4-FUNG-0563,G005,eupR1,NR,,,NR,,,,,,,108
M4-FUNG-0563:G006,M4-FUNG-0563,G006,eupR5,NR,,,NR,,,,,,,109
M4-FUNG-0564:G001,M4-FUNG-0564,G001,DepD,NR,,,NR,,,,,,,104
M4-FUNG-0564:G002,M4-FUNG-0564,G002,DepH,NR,,,NR,,,,,,,105
M4-FUNG-0564:G003,M4-FUNG-0564,G003,DepG,NR,,,NR,,,,,,,106
M4-FUNG-0564:G004,M4-FUNG-0564,G004,DepF,NR,,,NR,,,,,,,107
M4-FUNG-0564:G005,M4-FUNG-0564,G005,A3428 (remote),NR,,,NR,,,,,,,108
M4-FUNG-0565:G001,M4-FUNG-0565,G001,MacC,NR,,,NR,,,,,,,104
M4-FUNG-0566:G001,M4-FUNG-0566,G001,Psc_Aza_H,NR,,,NR,,,,,,,104
M4-FUNG-0567:G001,M4-FUNG-0567,G001,crmA,NR,,,NR,,,,,,,104
M4-FUNG-0568:G001,M4-FUNG-0568,G001,traH,NR,,,NR,,,,,,,104
M4-FUNG-0568:G002,M4-FUNG-0568,G002,traD,NR,,,NR,,,,,,,105
M4-FUNG-0569:G001,M4-FUNG-0569,G001,HR-PKS,NR,,,NR,,,,,,,104
M4-FUNG-0569:G002,M4-FUNG-0569,G002,type III PKS,NR,,,NR,,,,,,,105
M4-FUNG-0569:G003,M4-FUNG-0569,G003,P450,NR,,,NR,,,,,,,106
M4-FUNG-0570:G001,M4-FUNG-0570,G001,gdlS,OP095378,,,NR,,,,,,,104
M4-FUNG-0571:G001,M4-FUNG-0571,G001,satA,NR,,,NR,,,,,,,104
M4-FUNG-0571:G002,M4-FUNG-0571,G002,satB,NR,,,NR,,,,,,,105
M4-FUNG-0571:G003,M4-FUNG-0571,G003,satC,NR,,,NR,,,,,,,106
M4-FUNG-0572:G001,M4-FUNG-0572,G001,BEA1,NR,,,NR,,,,,,,104
M4-FUNG-0572:G002,M4-FUNG-0572,G002,BEA2,NR,,,NR,,,,,,,105
M4-FUNG-0572:G003,M4-FUNG-0572,G003,BEA3,NR,,,NR,,,,,,,106
M4-FUNG-0572:G004,M4-FUNG-0572,G004,BEA4,NR,,,NR,,,,,,,107
M4-FUNG-0572:G005,M4-FUNG-0572,G005,HDA1,NR,,,NR,,,,,,,108
M4-FUNG-0573:G001,M4-FUNG-0573,G001,mpbA,NR,,,NR,,,,,,,104
M4-FUNG-0574:G001,M4-FUNG-0574,G001,tndC,NR,,,NR,,,,,,,104
M4-FUNG-0575:G001,M4-FUNG-0575,G001,mpcA,NR,,,NR,,,,,,,104
M4-FUNG-0576:G001,M4-FUNG-0576,G001,NRPS4,NR,,,NR,,,,,,,104
M4-FUNG-0576:G002,M4-FUNG-0576,G002,ABC transporter (cluster-associated),NR,,,NR,,,,,,,105
M4-FUNG-0577:G001,M4-FUNG-0577,G001,echPT1,EYE98742.1,,,NR,,,,,,,104
M4-FUNG-0577:G002,M4-FUNG-0577,G002,echPS,EYE98744.1 (database annotation corrected in 2017 study),,,NR,,,,,,,105
M4-FUNG-0577:G003,M4-FUNG-0577,G003,echPT2,EYE98746.1,,,NR,,,,,,,106
M4-FUNG-0577:G004,M4-FUNG-0577,G004,echP450,NR,,,NR,,,,,,,107
M4-FUNG-0578:G001,M4-FUNG-0578,G001,ucdA,NR,,,NR,,,,,,,104
M4-FUNG-0578:G002,M4-FUNG-0578,G002,ucdB,KIA75357.1,,,NR,,,,,,,105
M4-FUNG-0578:G003,M4-FUNG-0578,G003,ucdC,NR,,,NR,,,,,,,106
M4-FUNG-0578:G004,M4-FUNG-0578,G004,ucdD,NR,,,NR,,,,,,,107
M4-FUNG-0578:G005,M4-FUNG-0578,G005,ucdE,KIA75360,,,NR,,,,,,,108
M4-FUNG-0578:G006,M4-FUNG-0578,G006,ucdG,NR,,,NR,,,,,,,109
M4-FUNG-0579:G001,M4-FUNG-0579,G001,HK57_00372,KIA75845.1,419894.0,421450.0,+,,,,,,,104
M4-FUNG-0579:G002,M4-FUNG-0579,G002,HK57_00373,KIA75846.1,422017.0,423488.0,+,,,,,,,105
M4-FUNG-0579:G003,M4-FUNG-0579,G003,HK57_00374,KIA75847.1,423756.0,425207.0,+,,,,,,,106
M4-FUNG-0579:G004,M4-FUNG-0579,G004,HK57_00375,KIA75848.1,425821.0,432210.0,+,,,,,,,107
M4-FUNG-0580:G001,M4-FUNG-0580,G001,pbaA — PLP-bound enzyme,NR,,,NR,,,,,,,104
M4-FUNG-0580:G002,M4-FUNG-0580,G002,pbaB — cytochrome P450 monooxygenase,NR,,,NR,,,,,,,105
M4-FUNG-0580:G003,M4-FUNG-0580,G003,pbaC — PLP-dependent decarboxylase,NR,,,NR,,,,,,,106
M4-FUNG-0580:G004,M4-FUNG-0580,G004,pbaD — glutamine synthetase-like enzyme,NR,,,NR,,,,,,,107
M4-FUNG-0580:G005,M4-FUNG-0580,G005,pbaE — indole prenyltransferase,NR,,,NR,,,,,,,108
M4-FUNG-0580:G006,M4-FUNG-0580,G006,pbaF — hypothetical membrane protein,NR,,,NR,,,,,,,109
M4-FUNG-0580:G007,M4-FUNG-0580,G007,pbaG — putative transcription factor,NR,,,NR,,,,,,,110
M4-FUNG-0580:G008,M4-FUNG-0580,G008,pbaH — MFS transporter,NR,,,NR,,,,,,,111
M4-FUNG-0581:G001,M4-FUNG-0581,G001,phoB,NR,,,NR,,,,,,,104
M4-FUNG-0581:G002,M4-FUNG-0581,G002,phoC,NR,,,NR,,,,,,,105
M4-FUNG-0581:G003,M4-FUNG-0581,G003,phoD,NR,,,NR,,,,,,,106
M4-FUNG-0581:G004,M4-FUNG-0581,G004,phoE — polyketide synthase,NR,,,NR,,,,,,,107
M4-FUNG-0581:G005,M4-FUNG-0581,G005,phoF,NR,,,NR,,,,,,,108
M4-FUNG-0581:G006,M4-FUNG-0581,G006,phoG,NR,,,NR,,,,,,,109
M4-FUNG-0581:G007,M4-FUNG-0581,G007,phoH,NR,,,NR,,,,,,,110
M4-FUNG-0581:G008,M4-FUNG-0581,G008,phoJ,NR,,,NR,,,,,,,111
M4-FUNG-0581:G009,M4-FUNG-0581,G009,phoK,NR,,,NR,,,,,,,112
M4-FUNG-0581:G010,M4-FUNG-0581,G010,phoL,NR,,,NR,,,,,,,113
M4-FUNG-0581:G011,M4-FUNG-0581,G011,phoM,NR,,,NR,,,,,,,114
M4-FUNG-0581:G012,M4-FUNG-0581,G012,phoN,NR,,,NR,,,,,,,115
M4-FUNG-0581:G013,M4-FUNG-0581,G013,phoO — cytochrome P450 candidate phenol-coupling enzyme,NR,,,NR,,,,,,,116
M4-FUNG-0581:G014,M4-FUNG-0581,G014,phoP,NR,,,NR,,,,,,,117
M4-FUNG-0582:G001,M4-FUNG-0582,G001,prosJ,WPM83318.1,667.0,8505.0,-,,,,,,,104
M4-FUNG-0582:G002,M4-FUNG-0582,G002,prosK,WPM83319.1,8969.0,10711.0,+,,,,,,,105
M4-FUNG-0582:G003,M4-FUNG-0582,G003,prosA,WPM83320.1,11190.0,12755.0,-,,,,,,,106
M4-FUNG-0582:G004,M4-FUNG-0582,G004,prosB,WPM83321.1,13300.0,14300.0,+,,,,,,,107
M4-FUNG-0582:G005,M4-FUNG-0582,G005,prosC,WPM83322.1,14563.0,15700.0,-,,,,,,,108
M4-FUNG-0582:G006,M4-FUNG-0582,G006,prosD,WPM83323.1,16391.0,16968.0,+,,,,,,,109
M4-FUNG-0582:G007,M4-FUNG-0582,G007,prosG,WPM83324.1,17964.0,19017.0,+,,,,,,,110
M4-FUNG-0582:G008,M4-FUNG-0582,G008,prosF,WPM83325.1,19361.0,20794.0,-,,,,,,,111
M4-FUNG-0582:G009,M4-FUNG-0582,G009,prosH,WPM83326.1,22758.0,24158.0,+,,,,,,,112
M4-FUNG-0582:G010,M4-FUNG-0582,G010,prosI,WPM83327.1,25031.0,27498.0,+,,,,,,,113
M4-FUNG-0583:G001,M4-FUNG-0583,G001,FMAN_15225 — flanking/nonessential,CVL03379.1,53237.0,54439.0,+,,,,,,,104
M4-FUNG-0583:G002,M4-FUNG-0583,G002,FMAN_15224 — flanking/nonessential in fusamarin production,CVL03381.1,55205.0,56896.0,-,,,,,,,105
M4-FUNG-0583:G003,M4-FUNG-0583,G003,FMAN_15223 / FmPKS8 / FmFMN1,CVL03383.1,57472.0,65084.0,-,,,,,,,106
M4-FUNG-0583:G004,M4-FUNG-0583,G004,FMAN_15222 / FmFMN2 — trans-ER-like alcohol dehydrogenase-domain protein,CVL03384.1,65614.0,66817.0,+,,,,,,,107
M4-FUNG-0583:G005,M4-FUNG-0583,G005,FMAN_15221 / FmFMN3 — alpha/beta-hydrolase/peptidase-containing protein,CVL03385.1,67662.0,68741.0,+,,,,,,,108
M4-FUNG-0583:G006,M4-FUNG-0583,G006,FMAN_15220 / FmFMN4 — Zn(II)2Cys6 fungal transcription factor,CVL03388.1,69022.0,70261.0,-,,,,,,,109
M4-FUNG-0583:G007,M4-FUNG-0583,G007,FMAN_15219 — flanking/nonessential in fusamarin production,CVL03390.1,72349.0,74115.0,+,,,,,,,110
M4-FUNG-0583:G008,M4-FUNG-0583,G008,FMAN_15218 — flanking gene,CVL03392.1,74256.0,75077.0,-,,,,,,,111
M4-FUNG-0584:G001,M4-FUNG-0584,G001,pycL3,WHP53394.1,332.0,1471.0,-,,,,,,,104
M4-FUNG-0584:G002,M4-FUNG-0584,G002,pycL2,WHP53395.1,1893.0,2849.0,-,,,,,,,105
M4-FUNG-0584:G003,M4-FUNG-0584,G003,pycL1,WHP53396.1,3209.0,4816.0,-,,,,,,,106
M4-FUNG-0584:G004,M4-FUNG-0584,G004,pycPKS,WHP53397.1,5249.0,13497.0,+,,,,,,,107
M4-FUNG-0584:G005,M4-FUNG-0584,G005,pycR1 — hetero-Diels-Alderase,WHP53398.1,13965.0,15071.0,-,,,,,,,108
M4-FUNG-0584:G006,M4-FUNG-0584,G006,pycR2 — transcription factor,WHP53399.1,15693.0,17030.0,-,,,,,,,109
M4-FUNG-0584:G007,M4-FUNG-0584,G007,pycR5 — cytochrome P450,WHP53402.1,26155.0,28156.0,-,,,,,,,110
M4-FUNG-0584:G008,M4-FUNG-0584,G008,pycR6 — humulene synthase,WHP53403.1,28840.0,30024.0,+,,,,,,,111
M4-FUNG-0585:G001,M4-FUNG-0585,G001,strA — highly reducing PKS,NR,,,NR,,,,,,,104
M4-FUNG-0585:G002,M4-FUNG-0585,G002,strC — cupin-domain protein,NR,,,NR,,,,,,,105
M4-FUNG-0586:G001,M4-FUNG-0586,G001,jmaza nrPKS homolog,NR,,,NR,,,,,,,104
M4-FUNG-0586:G002,M4-FUNG-0586,G002,jmaza hrPKS homolog,NR,,,NR,,,,,,,105
M4-FUNG-0586:G003,M4-FUNG-0586,G003,FAD-dependent monooxygenase homolog,NR,,,NR,,,,,,,106
M4-FUNG-0586:G004,M4-FUNG-0586,G004,acyltransferase homolog,NR,,,NR,,,,,,,107
M4-FUNG-0587:G001,M4-FUNG-0587,G001,oesA — 3-orsellinoxypropanoic acid synthase,UID85533.1,,,NR,,,,,,,104
M4-FUNG-0588:G001,M4-FUNG-0588,G001,mfnPKS1 — HR-PKS,NR,,,NR,,,,,,,104
M4-FUNG-0588:G002,M4-FUNG-0588,G002,mfnPKS2 — HR-PKS,NR,,,NR,,,,,,,105
M4-FUNG-0588:G003,M4-FUNG-0588,G003,mfnL3 — O-acyltransferase,NR,,,NR,,,,,,,106
M4-FUNG-0588:G004,M4-FUNG-0588,G004,mfnL2 — cytochrome P450,NR,,,NR,,,,,,,107
M4-FUNG-0588:G005,M4-FUNG-0588,G005,mfnL1 — O-methyltransferase,NR,,,NR,,,,,,,108
M4-FUNG-0588:G006,M4-FUNG-0588,G006,mfnR3 — cytochrome P450,NR,,,NR,,,,,,,109
M4-FUNG-0588:G007,M4-FUNG-0588,G007,mfnR2 — FAD oxidoreductase,NR,,,NR,,,,,,,110
M4-FUNG-0588:G008,M4-FUNG-0588,G008,mfnR4 — SDR,NR,,,NR,,,,,,,111
M4-FUNG-0589:G001,M4-FUNG-0589,G001,vrcA — bifunctional sesterterpene synthase,NR,,,NR,,,,,,,104
M4-FUNG-0589:G002,M4-FUNG-0589,G002,vrcB — cytochrome P450 monooxygenase,NR,,,NR,,,,,,,105
M4-FUNG-0590:G001,M4-FUNG-0590,G001,candidate azaphilone nrPKS,NR,,,NR,,,,,,,104
M4-FUNG-0590:G002,M4-FUNG-0590,G002,candidate azaphilone hrPKS/tailoring module,NR,,,NR,,,,,,,105
M4-FUNG-0591:G001,M4-FUNG-0591,G001,ktnS — nonreducing polyketide synthase,NR,,,NR,,,,,,,104
M4-FUNG-0591:G002,M4-FUNG-0591,G002,ktnB — O-methyltransferase,NR,,,NR,,,,,,,105
M4-FUNG-0591:G003,M4-FUNG-0591,G003,ktnC — cytochrome P450 phenol-coupling enzyme,NR,,,NR,,,,,,,106
M4-FUNG-0592:G001,M4-FUNG-0592,G001,Ao415 — NRPS,NR,,,NR,,,,,,,104
M4-FUNG-0592:G002,M4-FUNG-0592,G002,Ao414 — L-ornithine oxygenase,NR,,,NR,,,,,,,105
M4-FUNG-0593:G001,M4-FUNG-0593,G001,PeTS1 — (+)-aristolochene synthase,NR,7881.0,9308.0,NR,,,,,,,104
M4-FUNG-0594:G001,M4-FUNG-0594,G001,dpfgA / PKS15 — nonreducing polyketide synthase,NR,,,NR,,,,,,,104
M4-FUNG-0594:G002,M4-FUNG-0594,G002,dpfgB — geranylgeranyl diphosphate synthase,NR,,,NR,,,,,,,105
M4-FUNG-0594:G003,M4-FUNG-0594,G003,dpfgC — prenyltransferase,NR,,,NR,,,,,,,106
M4-FUNG-0594:G004,M4-FUNG-0594,G004,dpfgD — FAD-dependent epoxidase,NR,,,NR,,,,,,,107
M4-FUNG-0594:G005,M4-FUNG-0594,G005,dpfgE / TS — terpene cyclase,NR,,,NR,,,,,,,108
M4-FUNG-0594:G006,M4-FUNG-0594,G006,dpfgG — SDR1,NR,,,NR,,,,,,,109
M4-FUNG-0594:G007,M4-FUNG-0594,G007,dpfgH — SDR2,NR,,,NR,,,,,,,110
M4-FUNG-0594:G008,M4-FUNG-0594,G008,dpfgI — methyltransferase MT1,NR,,,NR,,,,,,,111
M4-FUNG-0594:G009,M4-FUNG-0594,G009,dpfgJ — cytochrome P450,NR,,,NR,,,,,,,112
M4-FUNG-0594:G010,M4-FUNG-0594,G010,dpfgK — late tailoring enzyme; exact isolated function UNCERTAIN,NR,,,NR,,,,,,,113
M4-FUNG-0595:G001,M4-FUNG-0595,G001,Pfur33-1_006185 / PKS16 — nonreducing polyketide synthase,NR,,,,,,,,,,104
M4-FUNG-0595:G002,M4-FUNG-0595,G002,candidate-cluster cytochrome P450,NR,,,,,,,,,,105
M4-FUNG-0595:G003,M4-FUNG-0595,G003,candidate-cluster monooxygenase,NR,,,,,,,,,,106
M4-FUNG-0595:G004,M4-FUNG-0595,G004,unidentified candidate-cluster protein 1,NR,,,,,,,,,,107
M4-FUNG-0595:G005,M4-FUNG-0595,G005,unidentified candidate-cluster protein 2,NR,,,,,,,,,,108
M4-FUNG-0595:G006,M4-FUNG-0595,G006,unidentified candidate-cluster protein 3,NR,,,,,,,,,,109
M4-FUNG-0595:G007,M4-FUNG-0595,G007,unidentified candidate-cluster protein 4,NR,,,,,,,,,,110
M4-FUNG-0595:G008,M4-FUNG-0595,G008,unidentified candidate-cluster protein 5,NR,,,,,,,,,,111
M4-FUNG-0595:G009,M4-FUNG-0595,G009,unidentified candidate-cluster protein 6,NR,,,,,,,,,,112
M4-FUNG-0595:G010,M4-FUNG-0595,G010,unidentified candidate-cluster protein 7,NR,,,,,,,,,,113
M4-FUNG-0596:G001,M4-FUNG-0596,G001,mpsA / MPH_07623 — PKS-NRPS,NR,,,,,,,,,,104
M4-FUNG-0596:G002,M4-FUNG-0596,G002,mpsD / MPH_07627 — LLDAse / Diels–Alderase,NR,,,,,,,,,,105
M4-FUNG-0596:G003,M4-FUNG-0596,G003,mpsF / MPH_07629 — cytochrome P450,NR,,,,,,,,,,106
M4-FUNG-0596:G004,M4-FUNG-0596,G004,mpsG / MPH_07630 — trans-enoyl reductase,NR,,,,,,,,,,107
M4-FUNG-0597:G001,M4-FUNG-0597,G001,group-D TAS1 homologue — fungal NRPS-PKS γ-lactam synthase,NR,,,,,,,,,,104
M4-FUNG-0598:G001,M4-FUNG-0598,G001,mlfA / Aspbr1_34020 — malformin NRPS,NR,,,,,,,,,,104
M4-FUNG-0599:G001,M4-FUNG-0599,G001,group-D TAS1 homologue — fungal NRPS-PKS γ-lactam synthase,NR,,,,,,,,,,104
M4-FUNG-0600:G001,M4-FUNG-0600,G001,pksAC — ascochitine polyketide synthase,NR,,,,,,,,,,104
M4-FUNG-0600:G002,M4-FUNG-0600,G002,orf1-orf11 conserved accessory cluster,NR,,,,,,,,,,105
M4-FUNG-0601:G001,M4-FUNG-0601,G001,anuA — reducing polyketide synthase,NR,,,,,,,,,,104
M4-FUNG-0601:G002,M4-FUNG-0601,G002,anuE — cytochrome P450 hydroxylase,NR,,,,,,,,,,105
M4-FUNG-0601:G003,M4-FUNG-0601,G003,anuH — prenyltransferase,NR,,,,,,,,,,106
M4-FUNG-0601:G004,M4-FUNG-0601,G004,anuG — BBE-like oxidative lactonization enzyme,NR,,,,,,,,,,107
M4-FUNG-0602:G001,M4-FUNG-0602,G001,FUP1 / FPRN_05485 — terpenoid synthase,NR,,,,,,,,,,104
M4-FUNG-0602:G002,M4-FUNG-0602,G002,FUP2 / FPRN_05484 — cytochrome P450,NR,,,,,,,,,,105
M4-FUNG-0602:G003,M4-FUNG-0602,G003,FUP3 / FPRN_05488 — cytochrome P450,NR,,,,,,,,,,106
M4-FUNG-0602:G004,M4-FUNG-0602,G004,FUP4 / FPRN_05486 — FAD oxidase,NR,,,,,,,,,,107
M4-FUNG-0602:G005,M4-FUNG-0602,G005,FUP5 / FPRN_05487 — acetyltransferase,NR,,,,,,,,,,108
M4-FUNG-0603:G001,M4-FUNG-0603,G001,cpaA / cpaS — hybrid PKS-NRPS synthase,NR,,,,,,,,,,104
M4-FUNG-0603:G002,M4-FUNG-0603,G002,cpaD / dmaT — dimethylallyl transferase,NR,,,,,,,,,,105
M4-FUNG-0603:G003,M4-FUNG-0603,G003,cpaO / maoA — FAD-dependent oxidocyclase,NR,,,,,,,,,,106
M4-FUNG-0604:G001,M4-FUNG-0604,G001,TvTS / ZTR_06220 — chimeric class-I triterpene synthase,KUL85185,29059.0,31568.0,,,,,,,,104
M4-FUNG-0605:G001,M4-FUNG-0605,G001,MpMS / MPH_02178 — chimeric class-I triterpene synthase,EKG20455,17514.0,20132.0,,,,,,,,104
M4-FUNG-0606:G001,M4-FUNG-0606,G001,CgCS / Cgl13855 — chimeric class-I triterpene synthase,NR,,,,,,,,,,104
M4-FUNG-0607:G001,M4-FUNG-0607,G001,dmaW — dimethylallyltryptophan synthase,NR,,,,,,,,,,104
M4-FUNG-0607:G002,M4-FUNG-0607,G002,easF — methyltransferase,NR,,,,,,,,,,105
M4-FUNG-0607:G003,M4-FUNG-0607,G003,easE — chanoclavine-pathway oxidoreductase,NR,,,,,,,,,,106
M4-FUNG-0607:G004,M4-FUNG-0607,G004,easC — catalase-like early-pathway enzyme,NR,,,,,,,,,,107
M4-FUNG-0607:G005,M4-FUNG-0607,G005,easD — chanoclavine aldehyde dehydrogenase,NR,,,,,,,,,,108
M4-FUNG-0607:G006,M4-FUNG-0607,G006,easA — old yellow enzyme family member,NR,,,,,,,,,,109
M4-FUNG-0607:G007,M4-FUNG-0607,G007,easG — reductase,NR,,,,,,,,,,110
M4-FUNG-0607:G008,M4-FUNG-0607,G008,cloA — agroclavine/elymoclavine oxidase,NR,,,,,,,,,,111
M4-FUNG-0607:G009,M4-FUNG-0607,G009,lpsA — lysergyl peptide synthetase component,NR,,,,,,,,,,112
M4-FUNG-0607:G010,M4-FUNG-0607,G010,lpsB/lpsC and easH/easO/easP — late ergot-alkaloid modules,NR,,,,,,,,,,113
M4-FUNG-0608:G001,M4-FUNG-0608,G001,lpsB — lysergyl peptide synthetase component directly required for ergovaline,NR,,,,,,,,,,104
M4-FUNG-0608:G002,M4-FUNG-0608,G002,lpsA — lysergyl peptide synthetase component,NR,,,,,,,,,,105
M4-FUNG-0608:G003,M4-FUNG-0608,G003,dmaW — dimethylallyltryptophan synthase,NR,,,,,,,,,,106
M4-FUNG-0608:G004,M4-FUNG-0608,G004,additional EAS genes — conserved early and late ergot-pathway enzymes,NR,,,,,,,,,,107
M4-FUNG-0609:G001,M4-FUNG-0609,G001,"idtG — geranylgeranyl diphosphate synthase, comparative assignment",NR,,,,,,,,,,104
M4-FUNG-0609:G002,M4-FUNG-0609,G002,"idtM — FAD-dependent monooxygenase/epoxidase, comparative assignment",NR,,,,,,,,,,105
M4-FUNG-0609:G003,M4-FUNG-0609,G003,"idtB — conserved core indole-diterpene enzyme, comparative assignment",NR,,,,,,,,,,106
M4-FUNG-0609:G004,M4-FUNG-0609,G004,"idtC — conserved core indole-diterpene cyclization-associated enzyme, comparative assignment",NR,,,,,,,,,,107
M4-FUNG-0609:G005,M4-FUNG-0609,G005,"idtS — conserved locus gene, function unresolved",NR,,,,,,,,,,108
M4-FUNG-0609:G006,M4-FUNG-0609,G006,idtP — peripheral indole-diterpene tailoring gene,NR,,,,,,,,,,109
M4-FUNG-0609:G007,M4-FUNG-0609,G007,idtQ — peripheral indole-diterpene tailoring gene,NR,,,,,,,,,,110
M4-FUNG-0609:G008,M4-FUNG-0609,G008,idtK — peripheral indole-diterpene tailoring gene,NR,,,,,,,,,,111
M4-FUNG-0609:G009,M4-FUNG-0609,G009,idtF — peripheral indole-diterpene tailoring gene,NR,,,,,,,,,,112
