queue_id,dossier_id,section,source_row,reason,status
M4-FUNG-0010:Q010:subject,M4-FUNG-0010,MEASUREMENTS,144,measurement_subject_reference_not_experiment,unreviewed
M4-FUNG-0010:Q011:subject,M4-FUNG-0010,MEASUREMENTS,145,measurement_subject_reference_not_experiment,unreviewed
M4-FUNG-0010:Q012:subject,M4-FUNG-0010,MEASUREMENTS,146,measurement_subject_reference_not_experiment,unreviewed
M4-FUNG-0012:Q008:subject,M4-FUNG-0012,MEASUREMENTS,145,measurement_subject_reference_not_experiment,unreviewed
M4-FUNG-0012:Q009:subject,M4-FUNG-0012,MEASUREMENTS,146,measurement_subject_reference_not_experiment,unreviewed
M4-FUNG-0012:Q010:subject,M4-FUNG-0012,MEASUREMENTS,147,measurement_subject_reference_not_experiment,unreviewed
M4-FUNG-0012:Q011:subject,M4-FUNG-0012,MEASUREMENTS,148,measurement_subject_reference_not_experiment,unreviewed
M4-FUNG-0015:Q009:subject,M4-FUNG-0015,MEASUREMENTS,145,measurement_subject_reference_not_experiment,unreviewed
M4-FUNG-0015:Q010:subject,M4-FUNG-0015,MEASUREMENTS,146,measurement_subject_reference_not_experiment,unreviewed
M4-FUNG-0015:Q011:subject,M4-FUNG-0015,MEASUREMENTS,147,measurement_subject_reference_not_experiment,unreviewed
M4-FUNG-0016:Q005:subject,M4-FUNG-0016,MEASUREMENTS,138,measurement_subject_reference_not_experiment,unreviewed
M4-FUNG-0017:Q010:subject,M4-FUNG-0017,MEASUREMENTS,144,measurement_subject_reference_not_experiment,unreviewed
M4-FUNG-0017:Q011:subject,M4-FUNG-0017,MEASUREMENTS,145,measurement_subject_reference_not_experiment,unreviewed
M4-FUNG-0017:Q012:subject,M4-FUNG-0017,MEASUREMENTS,146,measurement_subject_reference_not_experiment,unreviewed
M4-FUNG-0017:Q013:subject,M4-FUNG-0017,MEASUREMENTS,147,measurement_subject_reference_not_experiment,unreviewed
M4-FUNG-0017:Q014:subject,M4-FUNG-0017,MEASUREMENTS,148,measurement_subject_reference_not_experiment,unreviewed
M4-FUNG-0018:Q010:subject,M4-FUNG-0018,MEASUREMENTS,145,measurement_subject_reference_not_experiment,unreviewed
M4-FUNG-0023:Q011:subject,M4-FUNG-0023,MEASUREMENTS,151,measurement_subject_reference_not_experiment,unreviewed
M4-FUNG-0023:Q012:subject,M4-FUNG-0023,MEASUREMENTS,152,measurement_subject_reference_not_experiment,unreviewed
M4-FUNG-0033:Q013:subject,M4-FUNG-0033,MEASUREMENTS,144,measurement_subject_reference_not_experiment,unreviewed
M4-FUNG-0034:Q007:subject,M4-FUNG-0034,MEASUREMENTS,151,measurement_subject_reference_not_experiment,unreviewed
M4-FUNG-0035:Q007:subject,M4-FUNG-0035,MEASUREMENTS,149,measurement_subject_reference_not_experiment,unreviewed
M4-FUNG-0035:Q008:subject,M4-FUNG-0035,MEASUREMENTS,150,measurement_subject_reference_not_experiment,unreviewed
M4-FUNG-0035:Q009:subject,M4-FUNG-0035,MEASUREMENTS,151,measurement_subject_reference_not_experiment,unreviewed
M4-FUNG-0035:Q010:subject,M4-FUNG-0035,MEASUREMENTS,152,measurement_subject_reference_not_experiment,unreviewed
M4-FUNG-0035:Q011:subject,M4-FUNG-0035,MEASUREMENTS,153,measurement_subject_reference_not_experiment,unreviewed
M4-FUNG-0036:Q006:subject,M4-FUNG-0036,MEASUREMENTS,139,measurement_subject_reference_not_experiment,unreviewed
M4-FUNG-0037:Q005:subject,M4-FUNG-0037,MEASUREMENTS,134,measurement_subject_reference_not_experiment,unreviewed
M4-FUNG-0038:Q012:subject,M4-FUNG-0038,MEASUREMENTS,148,measurement_subject_reference_not_experiment,unreviewed
M4-FUNG-0039:Q012:subject,M4-FUNG-0039,MEASUREMENTS,164,measurement_subject_reference_not_experiment,unreviewed
M4-FUNG-0040:Q011:subject,M4-FUNG-0040,MEASUREMENTS,157,measurement_subject_reference_not_experiment,unreviewed
M4-FUNG-0040:Q012:subject,M4-FUNG-0040,MEASUREMENTS,158,measurement_subject_reference_not_experiment,unreviewed
M4-FUNG-0040:Q013:subject,M4-FUNG-0040,MEASUREMENTS,159,measurement_subject_reference_not_experiment,unreviewed
M4-FUNG-0040:Q014:subject,M4-FUNG-0040,MEASUREMENTS,160,measurement_subject_reference_not_experiment,unreviewed
M4-FUNG-0041:Q010:subject,M4-FUNG-0041,MEASUREMENTS,145,measurement_subject_reference_not_experiment,unreviewed
M4-FUNG-0042:Q014:subject,M4-FUNG-0042,MEASUREMENTS,145,measurement_subject_reference_not_experiment,unreviewed
M4-FUNG-0042:Q015:subject,M4-FUNG-0042,MEASUREMENTS,146,measurement_subject_reference_not_experiment,unreviewed
M4-FUNG-0044:Q016:subject,M4-FUNG-0044,MEASUREMENTS,158,measurement_subject_reference_not_experiment,unreviewed
M4-FUNG-0044:Q017:subject,M4-FUNG-0044,MEASUREMENTS,159,measurement_subject_reference_not_experiment,unreviewed
M4-FUNG-0044:Q018:subject,M4-FUNG-0044,MEASUREMENTS,160,measurement_subject_reference_not_experiment,unreviewed
M4-FUNG-0045:Q004:subject,M4-FUNG-0045,MEASUREMENTS,142,measurement_subject_reference_not_experiment,unreviewed
M4-FUNG-0046:Q004:subject,M4-FUNG-0046,MEASUREMENTS,138,measurement_subject_reference_not_experiment,unreviewed
M4-FUNG-0047:Q005:subject,M4-FUNG-0047,MEASUREMENTS,139,measurement_subject_reference_not_experiment,unreviewed
M4-FUNG-0049:Q005:subject,M4-FUNG-0049,MEASUREMENTS,140,measurement_subject_reference_not_experiment,unreviewed
M4-FUNG-0049:Q006:subject,M4-FUNG-0049,MEASUREMENTS,141,measurement_subject_reference_not_experiment,unreviewed
M4-FUNG-0049:Q007:subject,M4-FUNG-0049,MEASUREMENTS,142,measurement_subject_reference_not_experiment,unreviewed
M4-FUNG-0050:Q002:subject,M4-FUNG-0050,MEASUREMENTS,132,measurement_subject_reference_not_experiment,unreviewed
M4-FUNG-0050:Q003:subject,M4-FUNG-0050,MEASUREMENTS,133,measurement_subject_reference_not_experiment,unreviewed
M4-FUNG-0050:Q004:subject,M4-FUNG-0050,MEASUREMENTS,134,measurement_subject_reference_not_experiment,unreviewed
M4-FUNG-0050:Q005:subject,M4-FUNG-0050,MEASUREMENTS,135,measurement_subject_reference_not_experiment,unreviewed
M4-FUNG-0050:Q006:subject,M4-FUNG-0050,MEASUREMENTS,136,measurement_subject_reference_not_experiment,unreviewed
M4-FUNG-0050:Q007:subject,M4-FUNG-0050,MEASUREMENTS,137,measurement_subject_reference_not_experiment,unreviewed
M4-FUNG-0051:Q003:subject,M4-FUNG-0051,MEASUREMENTS,133,measurement_subject_reference_not_experiment,unreviewed
M4-FUNG-0052:Q002:subject,M4-FUNG-0052,MEASUREMENTS,132,measurement_subject_reference_not_experiment,unreviewed
M4-FUNG-0052:Q003:subject,M4-FUNG-0052,MEASUREMENTS,133,measurement_subject_reference_not_experiment,unreviewed
M4-FUNG-0052:Q005:subject,M4-FUNG-0052,MEASUREMENTS,135,measurement_subject_reference_not_experiment,unreviewed
M4-FUNG-0054:Q003:subject,M4-FUNG-0054,MEASUREMENTS,133,measurement_subject_reference_not_experiment,unreviewed
M4-FUNG-0078:ORGANISM_AND_SEQUENCE:21,M4-FUNG-0078,ORGANISM_AND_SEQUENCE,21,nonstandard_section_requires_mapping,unreviewed
M4-FUNG-0078:ORGANISM_AND_SEQUENCE:22,M4-FUNG-0078,ORGANISM_AND_SEQUENCE,22,nonstandard_section_requires_mapping,unreviewed
M4-FUNG-0078:ORGANISM_AND_SEQUENCE:23,M4-FUNG-0078,ORGANISM_AND_SEQUENCE,23,nonstandard_section_requires_mapping,unreviewed
M4-FUNG-0078:ORGANISM_AND_SEQUENCE:24,M4-FUNG-0078,ORGANISM_AND_SEQUENCE,24,nonstandard_section_requires_mapping,unreviewed
M4-FUNG-0078:PRODUCT_ACTIVATION_EVIDENCE:26,M4-FUNG-0078,PRODUCT_ACTIVATION_EVIDENCE,26,nonstandard_section_requires_mapping,unreviewed
M4-FUNG-0078:PRODUCT_ACTIVATION_EVIDENCE:27,M4-FUNG-0078,PRODUCT_ACTIVATION_EVIDENCE,27,nonstandard_section_requires_mapping,unreviewed
M4-FUNG-0078:PRODUCT_ACTIVATION_EVIDENCE:28,M4-FUNG-0078,PRODUCT_ACTIVATION_EVIDENCE,28,nonstandard_section_requires_mapping,unreviewed
M4-FUNG-0078:PRODUCT_ACTIVATION_EVIDENCE:29,M4-FUNG-0078,PRODUCT_ACTIVATION_EVIDENCE,29,nonstandard_section_requires_mapping,unreviewed
M4-FUNG-0078:EXPERIMENTS_AND_CLAIMS:37,M4-FUNG-0078,EXPERIMENTS_AND_CLAIMS,37,nonstandard_section_requires_mapping,unreviewed
M4-FUNG-0078:EXPERIMENTS_AND_CLAIMS:38,M4-FUNG-0078,EXPERIMENTS_AND_CLAIMS,38,nonstandard_section_requires_mapping,unreviewed
M4-FUNG-0079:ORGANISM_AND_SEQUENCE:19,M4-FUNG-0079,ORGANISM_AND_SEQUENCE,19,nonstandard_section_requires_mapping,unreviewed
M4-FUNG-0079:ORGANISM_AND_SEQUENCE:20,M4-FUNG-0079,ORGANISM_AND_SEQUENCE,20,nonstandard_section_requires_mapping,unreviewed
M4-FUNG-0079:ORGANISM_AND_SEQUENCE:21,M4-FUNG-0079,ORGANISM_AND_SEQUENCE,21,nonstandard_section_requires_mapping,unreviewed
M4-FUNG-0079:PRODUCT_ACTIVATION_EVIDENCE:23,M4-FUNG-0079,PRODUCT_ACTIVATION_EVIDENCE,23,nonstandard_section_requires_mapping,unreviewed
M4-FUNG-0079:PRODUCT_ACTIVATION_EVIDENCE:24,M4-FUNG-0079,PRODUCT_ACTIVATION_EVIDENCE,24,nonstandard_section_requires_mapping,unreviewed
M4-FUNG-0079:PRODUCT_ACTIVATION_EVIDENCE:25,M4-FUNG-0079,PRODUCT_ACTIVATION_EVIDENCE,25,nonstandard_section_requires_mapping,unreviewed
M4-FUNG-0079:EXPERIMENTS_AND_CLAIMS:31,M4-FUNG-0079,EXPERIMENTS_AND_CLAIMS,31,nonstandard_section_requires_mapping,unreviewed
M4-FUNG-0079:EXPERIMENTS_AND_CLAIMS:32,M4-FUNG-0079,EXPERIMENTS_AND_CLAIMS,32,nonstandard_section_requires_mapping,unreviewed
M4-FUNG-0080:ORGANISM_AND_SEQUENCE:19,M4-FUNG-0080,ORGANISM_AND_SEQUENCE,19,nonstandard_section_requires_mapping,unreviewed
M4-FUNG-0080:ORGANISM_AND_SEQUENCE:20,M4-FUNG-0080,ORGANISM_AND_SEQUENCE,20,nonstandard_section_requires_mapping,unreviewed
M4-FUNG-0080:ORGANISM_AND_SEQUENCE:21,M4-FUNG-0080,ORGANISM_AND_SEQUENCE,21,nonstandard_section_requires_mapping,unreviewed
M4-FUNG-0080:PRODUCT_ACTIVATION_EVIDENCE:23,M4-FUNG-0080,PRODUCT_ACTIVATION_EVIDENCE,23,nonstandard_section_requires_mapping,unreviewed
M4-FUNG-0080:PRODUCT_ACTIVATION_EVIDENCE:24,M4-FUNG-0080,PRODUCT_ACTIVATION_EVIDENCE,24,nonstandard_section_requires_mapping,unreviewed
M4-FUNG-0080:PRODUCT_ACTIVATION_EVIDENCE:25,M4-FUNG-0080,PRODUCT_ACTIVATION_EVIDENCE,25,nonstandard_section_requires_mapping,unreviewed
M4-FUNG-0080:EXPERIMENTS_AND_CLAIMS:32,M4-FUNG-0080,EXPERIMENTS_AND_CLAIMS,32,nonstandard_section_requires_mapping,unreviewed
M4-FUNG-0080:EXPERIMENTS_AND_CLAIMS:33,M4-FUNG-0080,EXPERIMENTS_AND_CLAIMS,33,nonstandard_section_requires_mapping,unreviewed
M4-FUNG-0081:ORGANISM_AND_SEQUENCE:19,M4-FUNG-0081,ORGANISM_AND_SEQUENCE,19,nonstandard_section_requires_mapping,unreviewed
M4-FUNG-0081:ORGANISM_AND_SEQUENCE:20,M4-FUNG-0081,ORGANISM_AND_SEQUENCE,20,nonstandard_section_requires_mapping,unreviewed
M4-FUNG-0081:ORGANISM_AND_SEQUENCE:21,M4-FUNG-0081,ORGANISM_AND_SEQUENCE,21,nonstandard_section_requires_mapping,unreviewed
M4-FUNG-0081:PRODUCT_ACTIVATION_EVIDENCE:23,M4-FUNG-0081,PRODUCT_ACTIVATION_EVIDENCE,23,nonstandard_section_requires_mapping,unreviewed
M4-FUNG-0081:PRODUCT_ACTIVATION_EVIDENCE:24,M4-FUNG-0081,PRODUCT_ACTIVATION_EVIDENCE,24,nonstandard_section_requires_mapping,unreviewed
M4-FUNG-0081:PRODUCT_ACTIVATION_EVIDENCE:25,M4-FUNG-0081,PRODUCT_ACTIVATION_EVIDENCE,25,nonstandard_section_requires_mapping,unreviewed
M4-FUNG-0081:EXPERIMENTS_AND_CLAIMS:31,M4-FUNG-0081,EXPERIMENTS_AND_CLAIMS,31,nonstandard_section_requires_mapping,unreviewed
M4-FUNG-0081:EXPERIMENTS_AND_CLAIMS:32,M4-FUNG-0081,EXPERIMENTS_AND_CLAIMS,32,nonstandard_section_requires_mapping,unreviewed
M4-FUNG-0082:ORGANISM_AND_SEQUENCE:19,M4-FUNG-0082,ORGANISM_AND_SEQUENCE,19,nonstandard_section_requires_mapping,unreviewed
M4-FUNG-0082:ORGANISM_AND_SEQUENCE:20,M4-FUNG-0082,ORGANISM_AND_SEQUENCE,20,nonstandard_section_requires_mapping,unreviewed
M4-FUNG-0082:ORGANISM_AND_SEQUENCE:21,M4-FUNG-0082,ORGANISM_AND_SEQUENCE,21,nonstandard_section_requires_mapping,unreviewed
M4-FUNG-0082:PRODUCT_ACTIVATION_EVIDENCE:23,M4-FUNG-0082,PRODUCT_ACTIVATION_EVIDENCE,23,nonstandard_section_requires_mapping,unreviewed
M4-FUNG-0082:PRODUCT_ACTIVATION_EVIDENCE:24,M4-FUNG-0082,PRODUCT_ACTIVATION_EVIDENCE,24,nonstandard_section_requires_mapping,unreviewed
M4-FUNG-0082:PRODUCT_ACTIVATION_EVIDENCE:25,M4-FUNG-0082,PRODUCT_ACTIVATION_EVIDENCE,25,nonstandard_section_requires_mapping,unreviewed
M4-FUNG-0082:EXPERIMENTS_AND_CLAIMS:30,M4-FUNG-0082,EXPERIMENTS_AND_CLAIMS,30,nonstandard_section_requires_mapping,unreviewed
M4-FUNG-0082:EXPERIMENTS_AND_CLAIMS:31,M4-FUNG-0082,EXPERIMENTS_AND_CLAIMS,31,nonstandard_section_requires_mapping,unreviewed
M4-FUNG-0083:ORGANISM_AND_SEQUENCE:20,M4-FUNG-0083,ORGANISM_AND_SEQUENCE,20,nonstandard_section_requires_mapping,unreviewed
M4-FUNG-0083:ORGANISM_AND_SEQUENCE:21,M4-FUNG-0083,ORGANISM_AND_SEQUENCE,21,nonstandard_section_requires_mapping,unreviewed
M4-FUNG-0083:ORGANISM_AND_SEQUENCE:22,M4-FUNG-0083,ORGANISM_AND_SEQUENCE,22,nonstandard_section_requires_mapping,unreviewed
M4-FUNG-0083:PRODUCT_AND_EVIDENCE:24,M4-FUNG-0083,PRODUCT_AND_EVIDENCE,24,nonstandard_section_requires_mapping,unreviewed
M4-FUNG-0083:PRODUCT_AND_EVIDENCE:25,M4-FUNG-0083,PRODUCT_AND_EVIDENCE,25,nonstandard_section_requires_mapping,unreviewed
M4-FUNG-0083:PRODUCT_AND_EVIDENCE:26,M4-FUNG-0083,PRODUCT_AND_EVIDENCE,26,nonstandard_section_requires_mapping,unreviewed
M4-FUNG-0083:EXPERIMENTS_AND_CLAIMS:31,M4-FUNG-0083,EXPERIMENTS_AND_CLAIMS,31,nonstandard_section_requires_mapping,unreviewed
M4-FUNG-0083:EXPERIMENTS_AND_CLAIMS:32,M4-FUNG-0083,EXPERIMENTS_AND_CLAIMS,32,nonstandard_section_requires_mapping,unreviewed
M4-FUNG-0084:ORGANISM_AND_PRODUCT:20,M4-FUNG-0084,ORGANISM_AND_PRODUCT,20,nonstandard_section_requires_mapping,unreviewed
M4-FUNG-0084:ORGANISM_AND_PRODUCT:21,M4-FUNG-0084,ORGANISM_AND_PRODUCT,21,nonstandard_section_requires_mapping,unreviewed
M4-FUNG-0084:ORGANISM_AND_PRODUCT:22,M4-FUNG-0084,ORGANISM_AND_PRODUCT,22,nonstandard_section_requires_mapping,unreviewed
M4-FUNG-0084:ORGANISM_AND_PRODUCT:23,M4-FUNG-0084,ORGANISM_AND_PRODUCT,23,nonstandard_section_requires_mapping,unreviewed
M4-FUNG-0084:MEASUREMENTS_AND_CLAIMS:33,M4-FUNG-0084,MEASUREMENTS_AND_CLAIMS,33,nonstandard_section_requires_mapping,unreviewed
M4-FUNG-0084:MEASUREMENTS_AND_CLAIMS:34,M4-FUNG-0084,MEASUREMENTS_AND_CLAIMS,34,nonstandard_section_requires_mapping,unreviewed
M4-FUNG-0084:MEASUREMENTS_AND_CLAIMS:35,M4-FUNG-0084,MEASUREMENTS_AND_CLAIMS,35,nonstandard_section_requires_mapping,unreviewed
M4-FUNG-0084:MEASUREMENTS_AND_CLAIMS:36,M4-FUNG-0084,MEASUREMENTS_AND_CLAIMS,36,nonstandard_section_requires_mapping,unreviewed
M4-FUNG-0085:ORGANISM_AND_PRODUCT:20,M4-FUNG-0085,ORGANISM_AND_PRODUCT,20,nonstandard_section_requires_mapping,unreviewed
M4-FUNG-0085:ORGANISM_AND_PRODUCT:21,M4-FUNG-0085,ORGANISM_AND_PRODUCT,21,nonstandard_section_requires_mapping,unreviewed
M4-FUNG-0085:ORGANISM_AND_PRODUCT:22,M4-FUNG-0085,ORGANISM_AND_PRODUCT,22,nonstandard_section_requires_mapping,unreviewed
M4-FUNG-0085:ORGANISM_AND_PRODUCT:23,M4-FUNG-0085,ORGANISM_AND_PRODUCT,23,nonstandard_section_requires_mapping,unreviewed
M4-FUNG-0085:ORGANISM_AND_PRODUCT:24,M4-FUNG-0085,ORGANISM_AND_PRODUCT,24,nonstandard_section_requires_mapping,unreviewed
M4-FUNG-0085:ORGANISM_AND_PRODUCT:25,M4-FUNG-0085,ORGANISM_AND_PRODUCT,25,nonstandard_section_requires_mapping,unreviewed
M4-FUNG-0085:MEASUREMENTS_AND_PATHWAY_CANDIDATES:27,M4-FUNG-0085,MEASUREMENTS_AND_PATHWAY_CANDIDATES,27,nonstandard_section_requires_mapping,unreviewed
M4-FUNG-0085:MEASUREMENTS_AND_PATHWAY_CANDIDATES:28,M4-FUNG-0085,MEASUREMENTS_AND_PATHWAY_CANDIDATES,28,nonstandard_section_requires_mapping,unreviewed
M4-FUNG-0085:CLAIMS_AND_CONFLICTS:30,M4-FUNG-0085,CLAIMS_AND_CONFLICTS,30,nonstandard_section_requires_mapping,unreviewed
M4-FUNG-0085:CLAIMS_AND_CONFLICTS:31,M4-FUNG-0085,CLAIMS_AND_CONFLICTS,31,nonstandard_section_requires_mapping,unreviewed
M4-FUNG-0085:CLAIMS_AND_CONFLICTS:32,M4-FUNG-0085,CLAIMS_AND_CONFLICTS,32,nonstandard_section_requires_mapping,unreviewed
M4-FUNG-0086:ORGANISM_PRODUCT_CONTEXT:20,M4-FUNG-0086,ORGANISM_PRODUCT_CONTEXT,20,nonstandard_section_requires_mapping,unreviewed
M4-FUNG-0086:ORGANISM_PRODUCT_CONTEXT:21,M4-FUNG-0086,ORGANISM_PRODUCT_CONTEXT,21,nonstandard_section_requires_mapping,unreviewed
M4-FUNG-0086:ORGANISM_PRODUCT_CONTEXT:22,M4-FUNG-0086,ORGANISM_PRODUCT_CONTEXT,22,nonstandard_section_requires_mapping,unreviewed
M4-FUNG-0086:ORGANISM_PRODUCT_CONTEXT:23,M4-FUNG-0086,ORGANISM_PRODUCT_CONTEXT,23,nonstandard_section_requires_mapping,unreviewed
M4-FUNG-0086:ORGANISM_PRODUCT_CONTEXT:24,M4-FUNG-0086,ORGANISM_PRODUCT_CONTEXT,24,nonstandard_section_requires_mapping,unreviewed
M4-FUNG-0086:MEASUREMENTS_AND_TEMPORAL_CONTEXT:30,M4-FUNG-0086,MEASUREMENTS_AND_TEMPORAL_CONTEXT,30,nonstandard_section_requires_mapping,unreviewed
M4-FUNG-0086:MEASUREMENTS_AND_TEMPORAL_CONTEXT:31,M4-FUNG-0086,MEASUREMENTS_AND_TEMPORAL_CONTEXT,31,nonstandard_section_requires_mapping,unreviewed
M4-FUNG-0086:CLAIMS_AND_CONFLICTS:33,M4-FUNG-0086,CLAIMS_AND_CONFLICTS,33,nonstandard_section_requires_mapping,unreviewed
M4-FUNG-0086:CLAIMS_AND_CONFLICTS:34,M4-FUNG-0086,CLAIMS_AND_CONFLICTS,34,nonstandard_section_requires_mapping,unreviewed
M4-FUNG-0087:GENES_AND_MECHANISM:23,M4-FUNG-0087,GENES_AND_MECHANISM,23,nonstandard_section_requires_mapping,unreviewed
M4-FUNG-0087:GENES_AND_MECHANISM:24,M4-FUNG-0087,GENES_AND_MECHANISM,24,nonstandard_section_requires_mapping,unreviewed
M4-FUNG-0087:GENES_AND_MECHANISM:25,M4-FUNG-0087,GENES_AND_MECHANISM,25,nonstandard_section_requires_mapping,unreviewed
M4-FUNG-0087:GENES_AND_MECHANISM:26,M4-FUNG-0087,GENES_AND_MECHANISM,26,nonstandard_section_requires_mapping,unreviewed
M4-FUNG-0087:GENES_AND_MECHANISM:27,M4-FUNG-0087,GENES_AND_MECHANISM,27,nonstandard_section_requires_mapping,unreviewed
M4-FUNG-0088:GENES_AND_MECHANISM:22,M4-FUNG-0088,GENES_AND_MECHANISM,22,nonstandard_section_requires_mapping,unreviewed
M4-FUNG-0088:GENES_AND_MECHANISM:23,M4-FUNG-0088,GENES_AND_MECHANISM,23,nonstandard_section_requires_mapping,unreviewed
M4-FUNG-0088:GENES_AND_MECHANISM:24,M4-FUNG-0088,GENES_AND_MECHANISM,24,nonstandard_section_requires_mapping,unreviewed
M4-FUNG-0088:GENES_AND_MECHANISM:25,M4-FUNG-0088,GENES_AND_MECHANISM,25,nonstandard_section_requires_mapping,unreviewed
M4-FUNG-0088:GENES_AND_MECHANISM:26,M4-FUNG-0088,GENES_AND_MECHANISM,26,nonstandard_section_requires_mapping,unreviewed
M4-FUNG-0089:GENES_AND_MECHANISM:22,M4-FUNG-0089,GENES_AND_MECHANISM,22,nonstandard_section_requires_mapping,unreviewed
M4-FUNG-0089:GENES_AND_MECHANISM:23,M4-FUNG-0089,GENES_AND_MECHANISM,23,nonstandard_section_requires_mapping,unreviewed
M4-FUNG-0089:GENES_AND_MECHANISM:24,M4-FUNG-0089,GENES_AND_MECHANISM,24,nonstandard_section_requires_mapping,unreviewed
M4-FUNG-0089:GENES_AND_MECHANISM:25,M4-FUNG-0089,GENES_AND_MECHANISM,25,nonstandard_section_requires_mapping,unreviewed
M4-FUNG-0090:GENES_AND_MECHANISM:22,M4-FUNG-0090,GENES_AND_MECHANISM,22,nonstandard_section_requires_mapping,unreviewed
M4-FUNG-0090:GENES_AND_MECHANISM:23,M4-FUNG-0090,GENES_AND_MECHANISM,23,nonstandard_section_requires_mapping,unreviewed
M4-FUNG-0090:GENES_AND_MECHANISM:24,M4-FUNG-0090,GENES_AND_MECHANISM,24,nonstandard_section_requires_mapping,unreviewed
M4-FUNG-0090:GENES_AND_MECHANISM:25,M4-FUNG-0090,GENES_AND_MECHANISM,25,nonstandard_section_requires_mapping,unreviewed
M4-FUNG-0091:CLAIMS_AND_UNCERTAINTY:22,M4-FUNG-0091,CLAIMS_AND_UNCERTAINTY,22,nonstandard_section_requires_mapping,unreviewed
M4-FUNG-0091:CLAIMS_AND_UNCERTAINTY:23,M4-FUNG-0091,CLAIMS_AND_UNCERTAINTY,23,nonstandard_section_requires_mapping,unreviewed
M4-FUNG-0091:CLAIMS_AND_UNCERTAINTY:24,M4-FUNG-0091,CLAIMS_AND_UNCERTAINTY,24,nonstandard_section_requires_mapping,unreviewed
M4-FUNG-0092:PHYSIOLOGY_AND_REGULATION:22,M4-FUNG-0092,PHYSIOLOGY_AND_REGULATION,22,nonstandard_section_requires_mapping,unreviewed
M4-FUNG-0092:PHYSIOLOGY_AND_REGULATION:23,M4-FUNG-0092,PHYSIOLOGY_AND_REGULATION,23,nonstandard_section_requires_mapping,unreviewed
M4-FUNG-0092:PHYSIOLOGY_AND_REGULATION:24,M4-FUNG-0092,PHYSIOLOGY_AND_REGULATION,24,nonstandard_section_requires_mapping,unreviewed
M4-FUNG-0093:GENES_AND_MECHANISM:22,M4-FUNG-0093,GENES_AND_MECHANISM,22,nonstandard_section_requires_mapping,unreviewed
M4-FUNG-0093:GENES_AND_MECHANISM:23,M4-FUNG-0093,GENES_AND_MECHANISM,23,nonstandard_section_requires_mapping,unreviewed
M4-FUNG-0093:GENES_AND_MECHANISM:24,M4-FUNG-0093,GENES_AND_MECHANISM,24,nonstandard_section_requires_mapping,unreviewed
M4-FUNG-0093:GENES_AND_MECHANISM:25,M4-FUNG-0093,GENES_AND_MECHANISM,25,nonstandard_section_requires_mapping,unreviewed
M4-FUNG-0094:CLAIMS_AND_CONFLICTS:22,M4-FUNG-0094,CLAIMS_AND_CONFLICTS,22,nonstandard_section_requires_mapping,unreviewed
M4-FUNG-0094:CLAIMS_AND_CONFLICTS:23,M4-FUNG-0094,CLAIMS_AND_CONFLICTS,23,nonstandard_section_requires_mapping,unreviewed
M4-FUNG-0094:CLAIMS_AND_CONFLICTS:24,M4-FUNG-0094,CLAIMS_AND_CONFLICTS,24,nonstandard_section_requires_mapping,unreviewed
M4-FUNG-0095:GENES_AND_MECHANISM:22,M4-FUNG-0095,GENES_AND_MECHANISM,22,nonstandard_section_requires_mapping,unreviewed
M4-FUNG-0095:GENES_AND_MECHANISM:23,M4-FUNG-0095,GENES_AND_MECHANISM,23,nonstandard_section_requires_mapping,unreviewed
M4-FUNG-0095:GENES_AND_MECHANISM:24,M4-FUNG-0095,GENES_AND_MECHANISM,24,nonstandard_section_requires_mapping,unreviewed
M4-FUNG-0095:GENES_AND_MECHANISM:25,M4-FUNG-0095,GENES_AND_MECHANISM,25,nonstandard_section_requires_mapping,unreviewed
M4-FUNG-0096:GENES_AND_MECHANISM:22,M4-FUNG-0096,GENES_AND_MECHANISM,22,nonstandard_section_requires_mapping,unreviewed
M4-FUNG-0096:GENES_AND_MECHANISM:23,M4-FUNG-0096,GENES_AND_MECHANISM,23,nonstandard_section_requires_mapping,unreviewed
M4-FUNG-0096:GENES_AND_MECHANISM:24,M4-FUNG-0096,GENES_AND_MECHANISM,24,nonstandard_section_requires_mapping,unreviewed
M4-FUNG-0096:GENES_AND_MECHANISM:25,M4-FUNG-0096,GENES_AND_MECHANISM,25,nonstandard_section_requires_mapping,unreviewed
M4-FUNG-0096:GENES_AND_MECHANISM:26,M4-FUNG-0096,GENES_AND_MECHANISM,26,nonstandard_section_requires_mapping,unreviewed
M4-FUNG-0097:GENES_AND_MECHANISM:11,M4-FUNG-0097,GENES_AND_MECHANISM,11,nonstandard_section_requires_mapping,unreviewed
M4-FUNG-0097:GENES_AND_MECHANISM:12,M4-FUNG-0097,GENES_AND_MECHANISM,12,nonstandard_section_requires_mapping,unreviewed
M4-FUNG-0098:GENES_AND_MECHANISM:10,M4-FUNG-0098,GENES_AND_MECHANISM,10,nonstandard_section_requires_mapping,unreviewed
M4-FUNG-0098:GENES_AND_MECHANISM:11,M4-FUNG-0098,GENES_AND_MECHANISM,11,nonstandard_section_requires_mapping,unreviewed
M4-FUNG-0098:GENES_AND_MECHANISM:12,M4-FUNG-0098,GENES_AND_MECHANISM,12,nonstandard_section_requires_mapping,unreviewed
M4-FUNG-0107:GENES_AND_MECHANISM:21,M4-FUNG-0107,GENES_AND_MECHANISM,21,nonstandard_section_requires_mapping,unreviewed
M4-FUNG-0107:GENES_AND_MECHANISM:22,M4-FUNG-0107,GENES_AND_MECHANISM,22,nonstandard_section_requires_mapping,unreviewed
M4-FUNG-0107:GENES_AND_MECHANISM:23,M4-FUNG-0107,GENES_AND_MECHANISM,23,nonstandard_section_requires_mapping,unreviewed
M4-FUNG-0107:GENES_AND_MECHANISM:24,M4-FUNG-0107,GENES_AND_MECHANISM,24,nonstandard_section_requires_mapping,unreviewed
M4-FUNG-0107:GENES_AND_MECHANISM:25,M4-FUNG-0107,GENES_AND_MECHANISM,25,nonstandard_section_requires_mapping,unreviewed
M4-FUNG-0107:GENES_AND_MECHANISM:26,M4-FUNG-0107,GENES_AND_MECHANISM,26,nonstandard_section_requires_mapping,unreviewed
M4-FUNG-0108:FUNCTIONAL_PROGRAMME:20,M4-FUNG-0108,FUNCTIONAL_PROGRAMME,20,nonstandard_section_requires_mapping,unreviewed
M4-FUNG-0108:FUNCTIONAL_PROGRAMME:21,M4-FUNG-0108,FUNCTIONAL_PROGRAMME,21,nonstandard_section_requires_mapping,unreviewed
M4-FUNG-0108:FUNCTIONAL_PROGRAMME:22,M4-FUNG-0108,FUNCTIONAL_PROGRAMME,22,nonstandard_section_requires_mapping,unreviewed
M4-FUNG-0108:FUNCTIONAL_PROGRAMME:23,M4-FUNG-0108,FUNCTIONAL_PROGRAMME,23,nonstandard_section_requires_mapping,unreviewed
M4-FUNG-0109:GENES_AND_MECHANISM:20,M4-FUNG-0109,GENES_AND_MECHANISM,20,nonstandard_section_requires_mapping,unreviewed
M4-FUNG-0109:GENES_AND_MECHANISM:21,M4-FUNG-0109,GENES_AND_MECHANISM,21,nonstandard_section_requires_mapping,unreviewed
M4-FUNG-0109:GENES_AND_MECHANISM:22,M4-FUNG-0109,GENES_AND_MECHANISM,22,nonstandard_section_requires_mapping,unreviewed
M4-FUNG-0109:GENES_AND_MECHANISM:23,M4-FUNG-0109,GENES_AND_MECHANISM,23,nonstandard_section_requires_mapping,unreviewed
M4-FUNG-0110:GENES_AND_MECHANISM:21,M4-FUNG-0110,GENES_AND_MECHANISM,21,nonstandard_section_requires_mapping,unreviewed
M4-FUNG-0110:GENES_AND_MECHANISM:22,M4-FUNG-0110,GENES_AND_MECHANISM,22,nonstandard_section_requires_mapping,unreviewed
M4-FUNG-0110:GENES_AND_MECHANISM:23,M4-FUNG-0110,GENES_AND_MECHANISM,23,nonstandard_section_requires_mapping,unreviewed
M4-FUNG-0110:GENES_AND_MECHANISM:24,M4-FUNG-0110,GENES_AND_MECHANISM,24,nonstandard_section_requires_mapping,unreviewed
M4-FUNG-0111:GENES_AND_REGULATION:20,M4-FUNG-0111,GENES_AND_REGULATION,20,nonstandard_section_requires_mapping,unreviewed
M4-FUNG-0111:GENES_AND_REGULATION:21,M4-FUNG-0111,GENES_AND_REGULATION,21,nonstandard_section_requires_mapping,unreviewed
M4-FUNG-0111:GENES_AND_REGULATION:22,M4-FUNG-0111,GENES_AND_REGULATION,22,nonstandard_section_requires_mapping,unreviewed
M4-FUNG-0111:GENES_AND_REGULATION:23,M4-FUNG-0111,GENES_AND_REGULATION,23,nonstandard_section_requires_mapping,unreviewed
M4-FUNG-0111:GENES_AND_REGULATION:24,M4-FUNG-0111,GENES_AND_REGULATION,24,nonstandard_section_requires_mapping,unreviewed
M4-FUNG-0112:GENES_AND_ACTIVATION:20,M4-FUNG-0112,GENES_AND_ACTIVATION,20,nonstandard_section_requires_mapping,unreviewed
M4-FUNG-0112:GENES_AND_ACTIVATION:21,M4-FUNG-0112,GENES_AND_ACTIVATION,21,nonstandard_section_requires_mapping,unreviewed
M4-FUNG-0112:GENES_AND_ACTIVATION:22,M4-FUNG-0112,GENES_AND_ACTIVATION,22,nonstandard_section_requires_mapping,unreviewed
M4-FUNG-0112:GENES_AND_ACTIVATION:23,M4-FUNG-0112,GENES_AND_ACTIVATION,23,nonstandard_section_requires_mapping,unreviewed
M4-FUNG-0112:GENES_AND_ACTIVATION:24,M4-FUNG-0112,GENES_AND_ACTIVATION,24,nonstandard_section_requires_mapping,unreviewed
M4-FUNG-0113:ACTIVATION_AND_MECHANISM:20,M4-FUNG-0113,ACTIVATION_AND_MECHANISM,20,nonstandard_section_requires_mapping,unreviewed
M4-FUNG-0113:ACTIVATION_AND_MECHANISM:21,M4-FUNG-0113,ACTIVATION_AND_MECHANISM,21,nonstandard_section_requires_mapping,unreviewed
M4-FUNG-0113:ACTIVATION_AND_MECHANISM:22,M4-FUNG-0113,ACTIVATION_AND_MECHANISM,22,nonstandard_section_requires_mapping,unreviewed
M4-FUNG-0113:ACTIVATION_AND_MECHANISM:23,M4-FUNG-0113,ACTIVATION_AND_MECHANISM,23,nonstandard_section_requires_mapping,unreviewed
M4-FUNG-0113:ACTIVATION_AND_MECHANISM:24,M4-FUNG-0113,ACTIVATION_AND_MECHANISM,24,nonstandard_section_requires_mapping,unreviewed
M4-FUNG-0114:GENES_AND_MECHANISM:21,M4-FUNG-0114,GENES_AND_MECHANISM,21,nonstandard_section_requires_mapping,unreviewed
M4-FUNG-0114:GENES_AND_MECHANISM:22,M4-FUNG-0114,GENES_AND_MECHANISM,22,nonstandard_section_requires_mapping,unreviewed
M4-FUNG-0114:GENES_AND_MECHANISM:23,M4-FUNG-0114,GENES_AND_MECHANISM,23,nonstandard_section_requires_mapping,unreviewed
M4-FUNG-0114:GENES_AND_MECHANISM:24,M4-FUNG-0114,GENES_AND_MECHANISM,24,nonstandard_section_requires_mapping,unreviewed
M4-FUNG-0115:ACTIVATION_AND_MECHANISM:20,M4-FUNG-0115,ACTIVATION_AND_MECHANISM,20,nonstandard_section_requires_mapping,unreviewed
M4-FUNG-0115:ACTIVATION_AND_MECHANISM:21,M4-FUNG-0115,ACTIVATION_AND_MECHANISM,21,nonstandard_section_requires_mapping,unreviewed
M4-FUNG-0115:ACTIVATION_AND_MECHANISM:22,M4-FUNG-0115,ACTIVATION_AND_MECHANISM,22,nonstandard_section_requires_mapping,unreviewed
M4-FUNG-0115:ACTIVATION_AND_MECHANISM:23,M4-FUNG-0115,ACTIVATION_AND_MECHANISM,23,nonstandard_section_requires_mapping,unreviewed
M4-FUNG-0115:ACTIVATION_AND_MECHANISM:24,M4-FUNG-0115,ACTIVATION_AND_MECHANISM,24,nonstandard_section_requires_mapping,unreviewed
M4-FUNG-0116:PROGRAMMING_AND_RECONSTRUCTION:20,M4-FUNG-0116,PROGRAMMING_AND_RECONSTRUCTION,20,nonstandard_section_requires_mapping,unreviewed
M4-FUNG-0116:PROGRAMMING_AND_RECONSTRUCTION:21,M4-FUNG-0116,PROGRAMMING_AND_RECONSTRUCTION,21,nonstandard_section_requires_mapping,unreviewed
M4-FUNG-0116:PROGRAMMING_AND_RECONSTRUCTION:22,M4-FUNG-0116,PROGRAMMING_AND_RECONSTRUCTION,22,nonstandard_section_requires_mapping,unreviewed
M4-FUNG-0116:PROGRAMMING_AND_RECONSTRUCTION:23,M4-FUNG-0116,PROGRAMMING_AND_RECONSTRUCTION,23,nonstandard_section_requires_mapping,unreviewed
M4-FUNG-0117:GENES_AND_MECHANISM:15,M4-FUNG-0117,GENES_AND_MECHANISM,15,nonstandard_section_requires_mapping,unreviewed
M4-FUNG-0117:GENES_AND_MECHANISM:16,M4-FUNG-0117,GENES_AND_MECHANISM,16,nonstandard_section_requires_mapping,unreviewed
M4-FUNG-0117:GENES_AND_MECHANISM:17,M4-FUNG-0117,GENES_AND_MECHANISM,17,nonstandard_section_requires_mapping,unreviewed
M4-FUNG-0117:GENES_AND_MECHANISM:18,M4-FUNG-0117,GENES_AND_MECHANISM,18,nonstandard_section_requires_mapping,unreviewed
M4-FUNG-0118:GENES_AND_MECHANISM:15,M4-FUNG-0118,GENES_AND_MECHANISM,15,nonstandard_section_requires_mapping,unreviewed
M4-FUNG-0118:GENES_AND_MECHANISM:16,M4-FUNG-0118,GENES_AND_MECHANISM,16,nonstandard_section_requires_mapping,unreviewed
M4-FUNG-0118:GENES_AND_MECHANISM:17,M4-FUNG-0118,GENES_AND_MECHANISM,17,nonstandard_section_requires_mapping,unreviewed
M4-FUNG-0119:GENES_AND_MECHANISM:15,M4-FUNG-0119,GENES_AND_MECHANISM,15,nonstandard_section_requires_mapping,unreviewed
M4-FUNG-0119:GENES_AND_MECHANISM:16,M4-FUNG-0119,GENES_AND_MECHANISM,16,nonstandard_section_requires_mapping,unreviewed
M4-FUNG-0120:GENES_AND_MECHANISM:15,M4-FUNG-0120,GENES_AND_MECHANISM,15,nonstandard_section_requires_mapping,unreviewed
M4-FUNG-0120:GENES_AND_MECHANISM:16,M4-FUNG-0120,GENES_AND_MECHANISM,16,nonstandard_section_requires_mapping,unreviewed
M4-FUNG-0120:GENES_AND_MECHANISM:17,M4-FUNG-0120,GENES_AND_MECHANISM,17,nonstandard_section_requires_mapping,unreviewed
M4-FUNG-0121:EVIDENCE_AND_PROVENANCE:15,M4-FUNG-0121,EVIDENCE_AND_PROVENANCE,15,nonstandard_section_requires_mapping,unreviewed
M4-FUNG-0121:EVIDENCE_AND_PROVENANCE:16,M4-FUNG-0121,EVIDENCE_AND_PROVENANCE,16,nonstandard_section_requires_mapping,unreviewed
M4-FUNG-0122:GENES_AND_BOUNDARY:15,M4-FUNG-0122,GENES_AND_BOUNDARY,15,nonstandard_section_requires_mapping,unreviewed
M4-FUNG-0122:GENES_AND_BOUNDARY:16,M4-FUNG-0122,GENES_AND_BOUNDARY,16,nonstandard_section_requires_mapping,unreviewed
M4-FUNG-0123:GENES_AND_MECHANISM:15,M4-FUNG-0123,GENES_AND_MECHANISM,15,nonstandard_section_requires_mapping,unreviewed
M4-FUNG-0123:GENES_AND_MECHANISM:16,M4-FUNG-0123,GENES_AND_MECHANISM,16,nonstandard_section_requires_mapping,unreviewed
M4-FUNG-0124:EVIDENCE_AND_MECHANISM:15,M4-FUNG-0124,EVIDENCE_AND_MECHANISM,15,nonstandard_section_requires_mapping,unreviewed
M4-FUNG-0124:EVIDENCE_AND_MECHANISM:16,M4-FUNG-0124,EVIDENCE_AND_MECHANISM,16,nonstandard_section_requires_mapping,unreviewed
M4-FUNG-0125:GENES_AND_MECHANISM:15,M4-FUNG-0125,GENES_AND_MECHANISM,15,nonstandard_section_requires_mapping,unreviewed
M4-FUNG-0125:GENES_AND_MECHANISM:16,M4-FUNG-0125,GENES_AND_MECHANISM,16,nonstandard_section_requires_mapping,unreviewed
M4-FUNG-0126:GENES_AND_MECHANISM:16,M4-FUNG-0126,GENES_AND_MECHANISM,16,nonstandard_section_requires_mapping,unreviewed
M4-FUNG-0126:GENES_AND_MECHANISM:17,M4-FUNG-0126,GENES_AND_MECHANISM,17,nonstandard_section_requires_mapping,unreviewed
M4-FUNG-0126:GENES_AND_MECHANISM:18,M4-FUNG-0126,GENES_AND_MECHANISM,18,nonstandard_section_requires_mapping,unreviewed
M4-FUNG-0127:GENES_AND_PATHWAY:22,M4-FUNG-0127,GENES_AND_PATHWAY,22,nonstandard_section_requires_mapping,unreviewed
M4-FUNG-0127:GENES_AND_PATHWAY:23,M4-FUNG-0127,GENES_AND_PATHWAY,23,nonstandard_section_requires_mapping,unreviewed
M4-FUNG-0127:GENES_AND_PATHWAY:24,M4-FUNG-0127,GENES_AND_PATHWAY,24,nonstandard_section_requires_mapping,unreviewed
M4-FUNG-0127:GENES_AND_PATHWAY:25,M4-FUNG-0127,GENES_AND_PATHWAY,25,nonstandard_section_requires_mapping,unreviewed
M4-FUNG-0127:ACTIVATION_AND_EXPERIMENTS:28,M4-FUNG-0127,ACTIVATION_AND_EXPERIMENTS,28,nonstandard_section_requires_mapping,unreviewed
M4-FUNG-0127:ACTIVATION_AND_EXPERIMENTS:29,M4-FUNG-0127,ACTIVATION_AND_EXPERIMENTS,29,nonstandard_section_requires_mapping,unreviewed
M4-FUNG-0127:ACTIVATION_AND_EXPERIMENTS:30,M4-FUNG-0127,ACTIVATION_AND_EXPERIMENTS,30,nonstandard_section_requires_mapping,unreviewed
M4-FUNG-0128:PATHWAY_AND_GENES:22,M4-FUNG-0128,PATHWAY_AND_GENES,22,nonstandard_section_requires_mapping,unreviewed
M4-FUNG-0128:PATHWAY_AND_GENES:23,M4-FUNG-0128,PATHWAY_AND_GENES,23,nonstandard_section_requires_mapping,unreviewed
M4-FUNG-0128:PATHWAY_AND_GENES:24,M4-FUNG-0128,PATHWAY_AND_GENES,24,nonstandard_section_requires_mapping,unreviewed
M4-FUNG-0128:PATHWAY_AND_GENES:25,M4-FUNG-0128,PATHWAY_AND_GENES,25,nonstandard_section_requires_mapping,unreviewed
M4-FUNG-0128:EXPERIMENTS_AND_CONTEXT:28,M4-FUNG-0128,EXPERIMENTS_AND_CONTEXT,28,nonstandard_section_requires_mapping,unreviewed
M4-FUNG-0128:EXPERIMENTS_AND_CONTEXT:29,M4-FUNG-0128,EXPERIMENTS_AND_CONTEXT,29,nonstandard_section_requires_mapping,unreviewed
M4-FUNG-0129:PATHWAY_AND_RELATIONSHIPS:22,M4-FUNG-0129,PATHWAY_AND_RELATIONSHIPS,22,nonstandard_section_requires_mapping,unreviewed
M4-FUNG-0129:PATHWAY_AND_RELATIONSHIPS:23,M4-FUNG-0129,PATHWAY_AND_RELATIONSHIPS,23,nonstandard_section_requires_mapping,unreviewed
M4-FUNG-0129:PATHWAY_AND_RELATIONSHIPS:24,M4-FUNG-0129,PATHWAY_AND_RELATIONSHIPS,24,nonstandard_section_requires_mapping,unreviewed
M4-FUNG-0130:GENES_AND_FUNCTION:22,M4-FUNG-0130,GENES_AND_FUNCTION,22,nonstandard_section_requires_mapping,unreviewed
M4-FUNG-0130:GENES_AND_FUNCTION:23,M4-FUNG-0130,GENES_AND_FUNCTION,23,nonstandard_section_requires_mapping,unreviewed
M4-FUNG-0130:GENES_AND_FUNCTION:24,M4-FUNG-0130,GENES_AND_FUNCTION,24,nonstandard_section_requires_mapping,unreviewed
M4-FUNG-0130:EXPERIMENTS_AND_CONTEXT:27,M4-FUNG-0130,EXPERIMENTS_AND_CONTEXT,27,nonstandard_section_requires_mapping,unreviewed
M4-FUNG-0130:EXPERIMENTS_AND_CONTEXT:28,M4-FUNG-0130,EXPERIMENTS_AND_CONTEXT,28,nonstandard_section_requires_mapping,unreviewed
M4-FUNG-0131:GENES_AND_FUNCTION:22,M4-FUNG-0131,GENES_AND_FUNCTION,22,nonstandard_section_requires_mapping,unreviewed
M4-FUNG-0131:GENES_AND_FUNCTION:23,M4-FUNG-0131,GENES_AND_FUNCTION,23,nonstandard_section_requires_mapping,unreviewed
M4-FUNG-0131:GENES_AND_FUNCTION:24,M4-FUNG-0131,GENES_AND_FUNCTION,24,nonstandard_section_requires_mapping,unreviewed
M4-FUNG-0131:EXPERIMENTS_AND_CONTEXT:27,M4-FUNG-0131,EXPERIMENTS_AND_CONTEXT,27,nonstandard_section_requires_mapping,unreviewed
M4-FUNG-0131:EXPERIMENTS_AND_CONTEXT:28,M4-FUNG-0131,EXPERIMENTS_AND_CONTEXT,28,nonstandard_section_requires_mapping,unreviewed
M4-FUNG-0132:GENES_AND_EXPERIMENTS:22,M4-FUNG-0132,GENES_AND_EXPERIMENTS,22,nonstandard_section_requires_mapping,unreviewed
M4-FUNG-0132:GENES_AND_EXPERIMENTS:23,M4-FUNG-0132,GENES_AND_EXPERIMENTS,23,nonstandard_section_requires_mapping,unreviewed
M4-FUNG-0132:GENES_AND_EXPERIMENTS:24,M4-FUNG-0132,GENES_AND_EXPERIMENTS,24,nonstandard_section_requires_mapping,unreviewed
M4-FUNG-0132:DEVELOPMENTAL_AND_MEASUREMENT_CONTEXT:27,M4-FUNG-0132,DEVELOPMENTAL_AND_MEASUREMENT_CONTEXT,27,nonstandard_section_requires_mapping,unreviewed
M4-FUNG-0132:DEVELOPMENTAL_AND_MEASUREMENT_CONTEXT:28,M4-FUNG-0132,DEVELOPMENTAL_AND_MEASUREMENT_CONTEXT,28,nonstandard_section_requires_mapping,unreviewed
M4-FUNG-0132:DEVELOPMENTAL_AND_MEASUREMENT_CONTEXT:29,M4-FUNG-0132,DEVELOPMENTAL_AND_MEASUREMENT_CONTEXT,29,nonstandard_section_requires_mapping,unreviewed
M4-FUNG-0133:CORE_FUNCTIONAL_ARCHITECTURE:22,M4-FUNG-0133,CORE_FUNCTIONAL_ARCHITECTURE,22,nonstandard_section_requires_mapping,unreviewed
M4-FUNG-0133:CORE_FUNCTIONAL_ARCHITECTURE:23,M4-FUNG-0133,CORE_FUNCTIONAL_ARCHITECTURE,23,nonstandard_section_requires_mapping,unreviewed
M4-FUNG-0133:CORE_FUNCTIONAL_ARCHITECTURE:24,M4-FUNG-0133,CORE_FUNCTIONAL_ARCHITECTURE,24,nonstandard_section_requires_mapping,unreviewed
M4-FUNG-0133:CORE_FUNCTIONAL_ARCHITECTURE:25,M4-FUNG-0133,CORE_FUNCTIONAL_ARCHITECTURE,25,nonstandard_section_requires_mapping,unreviewed
M4-FUNG-0133:CORE_FUNCTIONAL_ARCHITECTURE:26,M4-FUNG-0133,CORE_FUNCTIONAL_ARCHITECTURE,26,nonstandard_section_requires_mapping,unreviewed
M4-FUNG-0133:EVIDENCE_AND_CONTEXT:29,M4-FUNG-0133,EVIDENCE_AND_CONTEXT,29,nonstandard_section_requires_mapping,unreviewed
M4-FUNG-0133:EVIDENCE_AND_CONTEXT:30,M4-FUNG-0133,EVIDENCE_AND_CONTEXT,30,nonstandard_section_requires_mapping,unreviewed
M4-FUNG-0134:GENES_AND_PATHWAY:22,M4-FUNG-0134,GENES_AND_PATHWAY,22,nonstandard_section_requires_mapping,unreviewed
M4-FUNG-0134:GENES_AND_PATHWAY:23,M4-FUNG-0134,GENES_AND_PATHWAY,23,nonstandard_section_requires_mapping,unreviewed
M4-FUNG-0134:GENES_AND_PATHWAY:24,M4-FUNG-0134,GENES_AND_PATHWAY,24,nonstandard_section_requires_mapping,unreviewed
M4-FUNG-0134:GENES_AND_PATHWAY:25,M4-FUNG-0134,GENES_AND_PATHWAY,25,nonstandard_section_requires_mapping,unreviewed
M4-FUNG-0134:GENES_AND_PATHWAY:26,M4-FUNG-0134,GENES_AND_PATHWAY,26,nonstandard_section_requires_mapping,unreviewed
M4-FUNG-0134:ACTIVATION_AND_TEMPORAL_CONTEXT:29,M4-FUNG-0134,ACTIVATION_AND_TEMPORAL_CONTEXT,29,nonstandard_section_requires_mapping,unreviewed
M4-FUNG-0134:ACTIVATION_AND_TEMPORAL_CONTEXT:30,M4-FUNG-0134,ACTIVATION_AND_TEMPORAL_CONTEXT,30,nonstandard_section_requires_mapping,unreviewed
M4-FUNG-0134:ACTIVATION_AND_TEMPORAL_CONTEXT:31,M4-FUNG-0134,ACTIVATION_AND_TEMPORAL_CONTEXT,31,nonstandard_section_requires_mapping,unreviewed
M4-FUNG-0135:MODERN_FUNCTIONAL_INTERPRETATION:22,M4-FUNG-0135,MODERN_FUNCTIONAL_INTERPRETATION,22,nonstandard_section_requires_mapping,unreviewed
M4-FUNG-0135:MODERN_FUNCTIONAL_INTERPRETATION:23,M4-FUNG-0135,MODERN_FUNCTIONAL_INTERPRETATION,23,nonstandard_section_requires_mapping,unreviewed
M4-FUNG-0135:MODERN_FUNCTIONAL_INTERPRETATION:24,M4-FUNG-0135,MODERN_FUNCTIONAL_INTERPRETATION,24,nonstandard_section_requires_mapping,unreviewed
M4-FUNG-0135:MODERN_FUNCTIONAL_INTERPRETATION:25,M4-FUNG-0135,MODERN_FUNCTIONAL_INTERPRETATION,25,nonstandard_section_requires_mapping,unreviewed
M4-FUNG-0135:BIOLOGICAL_ROLE_AND_CONFLICTS:28,M4-FUNG-0135,BIOLOGICAL_ROLE_AND_CONFLICTS,28,nonstandard_section_requires_mapping,unreviewed
M4-FUNG-0135:BIOLOGICAL_ROLE_AND_CONFLICTS:29,M4-FUNG-0135,BIOLOGICAL_ROLE_AND_CONFLICTS,29,nonstandard_section_requires_mapping,unreviewed
M4-FUNG-0135:BIOLOGICAL_ROLE_AND_CONFLICTS:30,M4-FUNG-0135,BIOLOGICAL_ROLE_AND_CONFLICTS,30,nonstandard_section_requires_mapping,unreviewed
M4-FUNG-0136:GENE_AND_CAUSALITY:22,M4-FUNG-0136,GENE_AND_CAUSALITY,22,nonstandard_section_requires_mapping,unreviewed
M4-FUNG-0136:GENE_AND_CAUSALITY:23,M4-FUNG-0136,GENE_AND_CAUSALITY,23,nonstandard_section_requires_mapping,unreviewed
M4-FUNG-0136:GENE_AND_CAUSALITY:24,M4-FUNG-0136,GENE_AND_CAUSALITY,24,nonstandard_section_requires_mapping,unreviewed
M4-FUNG-0136:EXPRESSION_MEASUREMENTS_AND_ROLE:27,M4-FUNG-0136,EXPRESSION_MEASUREMENTS_AND_ROLE,27,nonstandard_section_requires_mapping,unreviewed
M4-FUNG-0136:EXPRESSION_MEASUREMENTS_AND_ROLE:28,M4-FUNG-0136,EXPRESSION_MEASUREMENTS_AND_ROLE,28,nonstandard_section_requires_mapping,unreviewed
M4-FUNG-0136:EXPRESSION_MEASUREMENTS_AND_ROLE:29,M4-FUNG-0136,EXPRESSION_MEASUREMENTS_AND_ROLE,29,nonstandard_section_requires_mapping,unreviewed
M4-FUNG-0137:GENES_AND_MECHANISM:22,M4-FUNG-0137,GENES_AND_MECHANISM,22,nonstandard_section_requires_mapping,unreviewed
M4-FUNG-0137:GENES_AND_MECHANISM:23,M4-FUNG-0137,GENES_AND_MECHANISM,23,nonstandard_section_requires_mapping,unreviewed
M4-FUNG-0137:GENES_AND_MECHANISM:24,M4-FUNG-0137,GENES_AND_MECHANISM,24,nonstandard_section_requires_mapping,unreviewed
M4-FUNG-0137:GENES_AND_MECHANISM:25,M4-FUNG-0137,GENES_AND_MECHANISM,25,nonstandard_section_requires_mapping,unreviewed
M4-FUNG-0137:CLAIMS_RELATIONSHIPS_CONFLICTS:28,M4-FUNG-0137,CLAIMS_RELATIONSHIPS_CONFLICTS,28,nonstandard_section_requires_mapping,unreviewed
M4-FUNG-0137:CLAIMS_RELATIONSHIPS_CONFLICTS:29,M4-FUNG-0137,CLAIMS_RELATIONSHIPS_CONFLICTS,29,nonstandard_section_requires_mapping,unreviewed
M4-FUNG-0137:CLAIMS_RELATIONSHIPS_CONFLICTS:30,M4-FUNG-0137,CLAIMS_RELATIONSHIPS_CONFLICTS,30,nonstandard_section_requires_mapping,unreviewed
M4-FUNG-0137:CLAIMS_RELATIONSHIPS_CONFLICTS:31,M4-FUNG-0137,CLAIMS_RELATIONSHIPS_CONFLICTS,31,nonstandard_section_requires_mapping,unreviewed
M4-FUNG-0138:GENES_AND_MECHANISM:22,M4-FUNG-0138,GENES_AND_MECHANISM,22,nonstandard_section_requires_mapping,unreviewed
M4-FUNG-0138:GENES_AND_MECHANISM:23,M4-FUNG-0138,GENES_AND_MECHANISM,23,nonstandard_section_requires_mapping,unreviewed
M4-FUNG-0138:CLAIMS_RELATIONSHIPS_CONFLICTS:26,M4-FUNG-0138,CLAIMS_RELATIONSHIPS_CONFLICTS,26,nonstandard_section_requires_mapping,unreviewed
M4-FUNG-0138:CLAIMS_RELATIONSHIPS_CONFLICTS:27,M4-FUNG-0138,CLAIMS_RELATIONSHIPS_CONFLICTS,27,nonstandard_section_requires_mapping,unreviewed
M4-FUNG-0138:CLAIMS_RELATIONSHIPS_CONFLICTS:28,M4-FUNG-0138,CLAIMS_RELATIONSHIPS_CONFLICTS,28,nonstandard_section_requires_mapping,unreviewed
M4-FUNG-0138:CLAIMS_RELATIONSHIPS_CONFLICTS:29,M4-FUNG-0138,CLAIMS_RELATIONSHIPS_CONFLICTS,29,nonstandard_section_requires_mapping,unreviewed
M4-FUNG-0139:GENES_AND_MECHANISM:22,M4-FUNG-0139,GENES_AND_MECHANISM,22,nonstandard_section_requires_mapping,unreviewed
M4-FUNG-0139:GENES_AND_MECHANISM:23,M4-FUNG-0139,GENES_AND_MECHANISM,23,nonstandard_section_requires_mapping,unreviewed
M4-FUNG-0139:GENES_AND_MECHANISM:24,M4-FUNG-0139,GENES_AND_MECHANISM,24,nonstandard_section_requires_mapping,unreviewed
M4-FUNG-0139:CLAIMS_RELATIONSHIPS_CONFLICTS:27,M4-FUNG-0139,CLAIMS_RELATIONSHIPS_CONFLICTS,27,nonstandard_section_requires_mapping,unreviewed
M4-FUNG-0139:CLAIMS_RELATIONSHIPS_CONFLICTS:28,M4-FUNG-0139,CLAIMS_RELATIONSHIPS_CONFLICTS,28,nonstandard_section_requires_mapping,unreviewed
M4-FUNG-0139:CLAIMS_RELATIONSHIPS_CONFLICTS:29,M4-FUNG-0139,CLAIMS_RELATIONSHIPS_CONFLICTS,29,nonstandard_section_requires_mapping,unreviewed
M4-FUNG-0140:GENES_AND_MECHANISM:22,M4-FUNG-0140,GENES_AND_MECHANISM,22,nonstandard_section_requires_mapping,unreviewed
M4-FUNG-0140:GENES_AND_MECHANISM:23,M4-FUNG-0140,GENES_AND_MECHANISM,23,nonstandard_section_requires_mapping,unreviewed
M4-FUNG-0140:GENES_AND_MECHANISM:24,M4-FUNG-0140,GENES_AND_MECHANISM,24,nonstandard_section_requires_mapping,unreviewed
M4-FUNG-0140:CLAIMS_RELATIONSHIPS_CONFLICTS:27,M4-FUNG-0140,CLAIMS_RELATIONSHIPS_CONFLICTS,27,nonstandard_section_requires_mapping,unreviewed
M4-FUNG-0140:CLAIMS_RELATIONSHIPS_CONFLICTS:28,M4-FUNG-0140,CLAIMS_RELATIONSHIPS_CONFLICTS,28,nonstandard_section_requires_mapping,unreviewed
M4-FUNG-0141:GENES_ACTIVATION_CONTEXT:22,M4-FUNG-0141,GENES_ACTIVATION_CONTEXT,22,nonstandard_section_requires_mapping,unreviewed
M4-FUNG-0141:GENES_ACTIVATION_CONTEXT:23,M4-FUNG-0141,GENES_ACTIVATION_CONTEXT,23,nonstandard_section_requires_mapping,unreviewed
M4-FUNG-0141:GENES_ACTIVATION_CONTEXT:24,M4-FUNG-0141,GENES_ACTIVATION_CONTEXT,24,nonstandard_section_requires_mapping,unreviewed
M4-FUNG-0141:CLAIMS_RELATIONSHIPS_CONFLICTS:27,M4-FUNG-0141,CLAIMS_RELATIONSHIPS_CONFLICTS,27,nonstandard_section_requires_mapping,unreviewed
M4-FUNG-0141:CLAIMS_RELATIONSHIPS_CONFLICTS:28,M4-FUNG-0141,CLAIMS_RELATIONSHIPS_CONFLICTS,28,nonstandard_section_requires_mapping,unreviewed
M4-FUNG-0141:CLAIMS_RELATIONSHIPS_CONFLICTS:29,M4-FUNG-0141,CLAIMS_RELATIONSHIPS_CONFLICTS,29,nonstandard_section_requires_mapping,unreviewed
M4-FUNG-0142:GENES_ACTIVATION_CONTEXT:22,M4-FUNG-0142,GENES_ACTIVATION_CONTEXT,22,nonstandard_section_requires_mapping,unreviewed
M4-FUNG-0142:GENES_ACTIVATION_CONTEXT:23,M4-FUNG-0142,GENES_ACTIVATION_CONTEXT,23,nonstandard_section_requires_mapping,unreviewed
M4-FUNG-0142:GENES_ACTIVATION_CONTEXT:24,M4-FUNG-0142,GENES_ACTIVATION_CONTEXT,24,nonstandard_section_requires_mapping,unreviewed
M4-FUNG-0142:GENES_ACTIVATION_CONTEXT:25,M4-FUNG-0142,GENES_ACTIVATION_CONTEXT,25,nonstandard_section_requires_mapping,unreviewed
M4-FUNG-0142:CLAIMS_RELATIONSHIPS_CONFLICTS:28,M4-FUNG-0142,CLAIMS_RELATIONSHIPS_CONFLICTS,28,nonstandard_section_requires_mapping,unreviewed
M4-FUNG-0142:CLAIMS_RELATIONSHIPS_CONFLICTS:29,M4-FUNG-0142,CLAIMS_RELATIONSHIPS_CONFLICTS,29,nonstandard_section_requires_mapping,unreviewed
M4-FUNG-0142:CLAIMS_RELATIONSHIPS_CONFLICTS:30,M4-FUNG-0142,CLAIMS_RELATIONSHIPS_CONFLICTS,30,nonstandard_section_requires_mapping,unreviewed
M4-FUNG-0143:GENES_AND_MECHANISM:22,M4-FUNG-0143,GENES_AND_MECHANISM,22,nonstandard_section_requires_mapping,unreviewed
M4-FUNG-0143:CLAIMS_RELATIONSHIPS_CONFLICTS:25,M4-FUNG-0143,CLAIMS_RELATIONSHIPS_CONFLICTS,25,nonstandard_section_requires_mapping,unreviewed
M4-FUNG-0143:CLAIMS_RELATIONSHIPS_CONFLICTS:26,M4-FUNG-0143,CLAIMS_RELATIONSHIPS_CONFLICTS,26,nonstandard_section_requires_mapping,unreviewed
M4-FUNG-0143:CLAIMS_RELATIONSHIPS_CONFLICTS:27,M4-FUNG-0143,CLAIMS_RELATIONSHIPS_CONFLICTS,27,nonstandard_section_requires_mapping,unreviewed
M4-FUNG-0144:GENES_AND_MECHANISM:22,M4-FUNG-0144,GENES_AND_MECHANISM,22,nonstandard_section_requires_mapping,unreviewed
M4-FUNG-0144:GENES_AND_MECHANISM:23,M4-FUNG-0144,GENES_AND_MECHANISM,23,nonstandard_section_requires_mapping,unreviewed
M4-FUNG-0144:GENES_AND_MECHANISM:24,M4-FUNG-0144,GENES_AND_MECHANISM,24,nonstandard_section_requires_mapping,unreviewed
M4-FUNG-0144:CLAIMS_RELATIONSHIPS_CONFLICTS:27,M4-FUNG-0144,CLAIMS_RELATIONSHIPS_CONFLICTS,27,nonstandard_section_requires_mapping,unreviewed
M4-FUNG-0144:CLAIMS_RELATIONSHIPS_CONFLICTS:28,M4-FUNG-0144,CLAIMS_RELATIONSHIPS_CONFLICTS,28,nonstandard_section_requires_mapping,unreviewed
M4-FUNG-0144:CLAIMS_RELATIONSHIPS_CONFLICTS:29,M4-FUNG-0144,CLAIMS_RELATIONSHIPS_CONFLICTS,29,nonstandard_section_requires_mapping,unreviewed
M4-FUNG-0145:PATHWAY_CONTEXT:21,M4-FUNG-0145,PATHWAY_CONTEXT,21,nonstandard_section_requires_mapping,unreviewed
M4-FUNG-0145:PATHWAY_CONTEXT:22,M4-FUNG-0145,PATHWAY_CONTEXT,22,nonstandard_section_requires_mapping,unreviewed
M4-FUNG-0145:PATHWAY_CONTEXT:23,M4-FUNG-0145,PATHWAY_CONTEXT,23,nonstandard_section_requires_mapping,unreviewed
M4-FUNG-0145:CLAIMS_RELATIONSHIPS_CONFLICTS:26,M4-FUNG-0145,CLAIMS_RELATIONSHIPS_CONFLICTS,26,nonstandard_section_requires_mapping,unreviewed
M4-FUNG-0145:CLAIMS_RELATIONSHIPS_CONFLICTS:27,M4-FUNG-0145,CLAIMS_RELATIONSHIPS_CONFLICTS,27,nonstandard_section_requires_mapping,unreviewed
M4-FUNG-0146:GENES_AND_MECHANISM:22,M4-FUNG-0146,GENES_AND_MECHANISM,22,nonstandard_section_requires_mapping,unreviewed
M4-FUNG-0146:GENES_AND_MECHANISM:23,M4-FUNG-0146,GENES_AND_MECHANISM,23,nonstandard_section_requires_mapping,unreviewed
M4-FUNG-0146:GENES_AND_MECHANISM:24,M4-FUNG-0146,GENES_AND_MECHANISM,24,nonstandard_section_requires_mapping,unreviewed
M4-FUNG-0146:GENES_AND_MECHANISM:25,M4-FUNG-0146,GENES_AND_MECHANISM,25,nonstandard_section_requires_mapping,unreviewed
M4-FUNG-0146:CLAIMS_RELATIONSHIPS_CONFLICTS:28,M4-FUNG-0146,CLAIMS_RELATIONSHIPS_CONFLICTS,28,nonstandard_section_requires_mapping,unreviewed
M4-FUNG-0146:CLAIMS_RELATIONSHIPS_CONFLICTS:29,M4-FUNG-0146,CLAIMS_RELATIONSHIPS_CONFLICTS,29,nonstandard_section_requires_mapping,unreviewed
M4-FUNG-0146:CLAIMS_RELATIONSHIPS_CONFLICTS:30,M4-FUNG-0146,CLAIMS_RELATIONSHIPS_CONFLICTS,30,nonstandard_section_requires_mapping,unreviewed
M4-FUNG-0147:GENES_AND_MECHANISM:24,M4-FUNG-0147,GENES_AND_MECHANISM,24,nonstandard_section_requires_mapping,unreviewed
M4-FUNG-0147:GENES_AND_MECHANISM:25,M4-FUNG-0147,GENES_AND_MECHANISM,25,nonstandard_section_requires_mapping,unreviewed
M4-FUNG-0147:GENES_AND_MECHANISM:26,M4-FUNG-0147,GENES_AND_MECHANISM,26,nonstandard_section_requires_mapping,unreviewed
M4-FUNG-0147:GENES_AND_MECHANISM:27,M4-FUNG-0147,GENES_AND_MECHANISM,27,nonstandard_section_requires_mapping,unreviewed
M4-FUNG-0147:GENES_AND_MECHANISM:28,M4-FUNG-0147,GENES_AND_MECHANISM,28,nonstandard_section_requires_mapping,unreviewed
M4-FUNG-0148:GENES_AND_MECHANISM:22,M4-FUNG-0148,GENES_AND_MECHANISM,22,nonstandard_section_requires_mapping,unreviewed
M4-FUNG-0148:GENES_AND_MECHANISM:23,M4-FUNG-0148,GENES_AND_MECHANISM,23,nonstandard_section_requires_mapping,unreviewed
M4-FUNG-0148:GENES_AND_MECHANISM:24,M4-FUNG-0148,GENES_AND_MECHANISM,24,nonstandard_section_requires_mapping,unreviewed
M4-FUNG-0149:GENES_AND_MECHANISM:22,M4-FUNG-0149,GENES_AND_MECHANISM,22,nonstandard_section_requires_mapping,unreviewed
M4-FUNG-0149:GENES_AND_MECHANISM:23,M4-FUNG-0149,GENES_AND_MECHANISM,23,nonstandard_section_requires_mapping,unreviewed
M4-FUNG-0149:GENES_AND_MECHANISM:24,M4-FUNG-0149,GENES_AND_MECHANISM,24,nonstandard_section_requires_mapping,unreviewed
M4-FUNG-0150:GENES_AND_MECHANISM:23,M4-FUNG-0150,GENES_AND_MECHANISM,23,nonstandard_section_requires_mapping,unreviewed
M4-FUNG-0150:GENES_AND_MECHANISM:24,M4-FUNG-0150,GENES_AND_MECHANISM,24,nonstandard_section_requires_mapping,unreviewed
M4-FUNG-0150:GENES_AND_MECHANISM:25,M4-FUNG-0150,GENES_AND_MECHANISM,25,nonstandard_section_requires_mapping,unreviewed
M4-FUNG-0151:GENES_AND_MECHANISM:23,M4-FUNG-0151,GENES_AND_MECHANISM,23,nonstandard_section_requires_mapping,unreviewed
M4-FUNG-0151:GENES_AND_MECHANISM:24,M4-FUNG-0151,GENES_AND_MECHANISM,24,nonstandard_section_requires_mapping,unreviewed
M4-FUNG-0151:GENES_AND_MECHANISM:25,M4-FUNG-0151,GENES_AND_MECHANISM,25,nonstandard_section_requires_mapping,unreviewed
M4-FUNG-0151:GENES_AND_MECHANISM:26,M4-FUNG-0151,GENES_AND_MECHANISM,26,nonstandard_section_requires_mapping,unreviewed
M4-FUNG-0152:GENES_AND_MECHANISM:22,M4-FUNG-0152,GENES_AND_MECHANISM,22,nonstandard_section_requires_mapping,unreviewed
M4-FUNG-0152:GENES_AND_MECHANISM:23,M4-FUNG-0152,GENES_AND_MECHANISM,23,nonstandard_section_requires_mapping,unreviewed
M4-FUNG-0152:GENES_AND_MECHANISM:24,M4-FUNG-0152,GENES_AND_MECHANISM,24,nonstandard_section_requires_mapping,unreviewed
M4-FUNG-0152:GENES_AND_MECHANISM:25,M4-FUNG-0152,GENES_AND_MECHANISM,25,nonstandard_section_requires_mapping,unreviewed
M4-FUNG-0152:GENES_AND_MECHANISM:26,M4-FUNG-0152,GENES_AND_MECHANISM,26,nonstandard_section_requires_mapping,unreviewed
M4-FUNG-0153:GENES_AND_MECHANISM:23,M4-FUNG-0153,GENES_AND_MECHANISM,23,nonstandard_section_requires_mapping,unreviewed
M4-FUNG-0153:GENES_AND_MECHANISM:24,M4-FUNG-0153,GENES_AND_MECHANISM,24,nonstandard_section_requires_mapping,unreviewed
M4-FUNG-0153:GENES_AND_MECHANISM:25,M4-FUNG-0153,GENES_AND_MECHANISM,25,nonstandard_section_requires_mapping,unreviewed
M4-FUNG-0154:GENES_AND_MECHANISM:23,M4-FUNG-0154,GENES_AND_MECHANISM,23,nonstandard_section_requires_mapping,unreviewed
M4-FUNG-0154:GENES_AND_MECHANISM:24,M4-FUNG-0154,GENES_AND_MECHANISM,24,nonstandard_section_requires_mapping,unreviewed
M4-FUNG-0154:GENES_AND_MECHANISM:25,M4-FUNG-0154,GENES_AND_MECHANISM,25,nonstandard_section_requires_mapping,unreviewed
M4-FUNG-0154:GENES_AND_MECHANISM:26,M4-FUNG-0154,GENES_AND_MECHANISM,26,nonstandard_section_requires_mapping,unreviewed
M4-FUNG-0154:GENES_AND_MECHANISM:27,M4-FUNG-0154,GENES_AND_MECHANISM,27,nonstandard_section_requires_mapping,unreviewed
M4-FUNG-0155:GENES_AND_MECHANISM:23,M4-FUNG-0155,GENES_AND_MECHANISM,23,nonstandard_section_requires_mapping,unreviewed
M4-FUNG-0155:GENES_AND_MECHANISM:24,M4-FUNG-0155,GENES_AND_MECHANISM,24,nonstandard_section_requires_mapping,unreviewed
M4-FUNG-0155:GENES_AND_MECHANISM:25,M4-FUNG-0155,GENES_AND_MECHANISM,25,nonstandard_section_requires_mapping,unreviewed
M4-FUNG-0155:GENES_AND_MECHANISM:26,M4-FUNG-0155,GENES_AND_MECHANISM,26,nonstandard_section_requires_mapping,unreviewed
M4-FUNG-0156:GENES_AND_MECHANISM:23,M4-FUNG-0156,GENES_AND_MECHANISM,23,nonstandard_section_requires_mapping,unreviewed
M4-FUNG-0156:GENES_AND_MECHANISM:24,M4-FUNG-0156,GENES_AND_MECHANISM,24,nonstandard_section_requires_mapping,unreviewed
M4-FUNG-0156:GENES_AND_MECHANISM:25,M4-FUNG-0156,GENES_AND_MECHANISM,25,nonstandard_section_requires_mapping,unreviewed
M4-FUNG-0156:GENES_AND_MECHANISM:26,M4-FUNG-0156,GENES_AND_MECHANISM,26,nonstandard_section_requires_mapping,unreviewed
M4-FUNG-0157:GENES_AND_MECHANISM:23,M4-FUNG-0157,GENES_AND_MECHANISM,23,nonstandard_section_requires_mapping,unreviewed
M4-FUNG-0157:GENES_AND_MECHANISM:24,M4-FUNG-0157,GENES_AND_MECHANISM,24,nonstandard_section_requires_mapping,unreviewed
M4-FUNG-0157:GENES_AND_MECHANISM:25,M4-FUNG-0157,GENES_AND_MECHANISM,25,nonstandard_section_requires_mapping,unreviewed
M4-FUNG-0157:GENES_AND_MECHANISM:26,M4-FUNG-0157,GENES_AND_MECHANISM,26,nonstandard_section_requires_mapping,unreviewed
M4-FUNG-0158:GENES_AND_MECHANISM:23,M4-FUNG-0158,GENES_AND_MECHANISM,23,nonstandard_section_requires_mapping,unreviewed
M4-FUNG-0158:GENES_AND_MECHANISM:24,M4-FUNG-0158,GENES_AND_MECHANISM,24,nonstandard_section_requires_mapping,unreviewed
M4-FUNG-0158:GENES_AND_MECHANISM:25,M4-FUNG-0158,GENES_AND_MECHANISM,25,nonstandard_section_requires_mapping,unreviewed
M4-FUNG-0158:GENES_AND_MECHANISM:26,M4-FUNG-0158,GENES_AND_MECHANISM,26,nonstandard_section_requires_mapping,unreviewed
M4-FUNG-0158:GENES_AND_MECHANISM:27,M4-FUNG-0158,GENES_AND_MECHANISM,27,nonstandard_section_requires_mapping,unreviewed
M4-FUNG-0159:GENES_AND_MECHANISM:23,M4-FUNG-0159,GENES_AND_MECHANISM,23,nonstandard_section_requires_mapping,unreviewed
M4-FUNG-0159:GENES_AND_MECHANISM:24,M4-FUNG-0159,GENES_AND_MECHANISM,24,nonstandard_section_requires_mapping,unreviewed
M4-FUNG-0159:GENES_AND_MECHANISM:25,M4-FUNG-0159,GENES_AND_MECHANISM,25,nonstandard_section_requires_mapping,unreviewed
M4-FUNG-0159:GENES_AND_MECHANISM:26,M4-FUNG-0159,GENES_AND_MECHANISM,26,nonstandard_section_requires_mapping,unreviewed
M4-FUNG-0159:GENES_AND_MECHANISM:27,M4-FUNG-0159,GENES_AND_MECHANISM,27,nonstandard_section_requires_mapping,unreviewed
M4-FUNG-0160:GENES_AND_MECHANISM:23,M4-FUNG-0160,GENES_AND_MECHANISM,23,nonstandard_section_requires_mapping,unreviewed
M4-FUNG-0160:GENES_AND_MECHANISM:24,M4-FUNG-0160,GENES_AND_MECHANISM,24,nonstandard_section_requires_mapping,unreviewed
M4-FUNG-0160:GENES_AND_MECHANISM:25,M4-FUNG-0160,GENES_AND_MECHANISM,25,nonstandard_section_requires_mapping,unreviewed
M4-FUNG-0160:GENES_AND_MECHANISM:26,M4-FUNG-0160,GENES_AND_MECHANISM,26,nonstandard_section_requires_mapping,unreviewed
M4-FUNG-0160:GENES_AND_MECHANISM:27,M4-FUNG-0160,GENES_AND_MECHANISM,27,nonstandard_section_requires_mapping,unreviewed
M4-FUNG-0161:GENES_AND_MECHANISM:23,M4-FUNG-0161,GENES_AND_MECHANISM,23,nonstandard_section_requires_mapping,unreviewed
M4-FUNG-0161:GENES_AND_MECHANISM:24,M4-FUNG-0161,GENES_AND_MECHANISM,24,nonstandard_section_requires_mapping,unreviewed
M4-FUNG-0161:GENES_AND_MECHANISM:25,M4-FUNG-0161,GENES_AND_MECHANISM,25,nonstandard_section_requires_mapping,unreviewed
M4-FUNG-0161:GENES_AND_MECHANISM:26,M4-FUNG-0161,GENES_AND_MECHANISM,26,nonstandard_section_requires_mapping,unreviewed
M4-FUNG-0161:GENES_AND_MECHANISM:27,M4-FUNG-0161,GENES_AND_MECHANISM,27,nonstandard_section_requires_mapping,unreviewed
M4-FUNG-0162:GENES_AND_MECHANISM:23,M4-FUNG-0162,GENES_AND_MECHANISM,23,nonstandard_section_requires_mapping,unreviewed
M4-FUNG-0162:GENES_AND_MECHANISM:24,M4-FUNG-0162,GENES_AND_MECHANISM,24,nonstandard_section_requires_mapping,unreviewed
M4-FUNG-0162:GENES_AND_MECHANISM:25,M4-FUNG-0162,GENES_AND_MECHANISM,25,nonstandard_section_requires_mapping,unreviewed
M4-FUNG-0162:GENES_AND_MECHANISM:26,M4-FUNG-0162,GENES_AND_MECHANISM,26,nonstandard_section_requires_mapping,unreviewed
M4-FUNG-0162:GENES_AND_MECHANISM:27,M4-FUNG-0162,GENES_AND_MECHANISM,27,nonstandard_section_requires_mapping,unreviewed
M4-FUNG-0163:GENES_AND_MECHANISM:23,M4-FUNG-0163,GENES_AND_MECHANISM,23,nonstandard_section_requires_mapping,unreviewed
M4-FUNG-0163:GENES_AND_MECHANISM:24,M4-FUNG-0163,GENES_AND_MECHANISM,24,nonstandard_section_requires_mapping,unreviewed
M4-FUNG-0163:GENES_AND_MECHANISM:25,M4-FUNG-0163,GENES_AND_MECHANISM,25,nonstandard_section_requires_mapping,unreviewed
M4-FUNG-0163:GENES_AND_MECHANISM:26,M4-FUNG-0163,GENES_AND_MECHANISM,26,nonstandard_section_requires_mapping,unreviewed
M4-FUNG-0163:GENES_AND_MECHANISM:27,M4-FUNG-0163,GENES_AND_MECHANISM,27,nonstandard_section_requires_mapping,unreviewed
M4-FUNG-0164:GENES_AND_MECHANISM:23,M4-FUNG-0164,GENES_AND_MECHANISM,23,nonstandard_section_requires_mapping,unreviewed
M4-FUNG-0164:GENES_AND_MECHANISM:24,M4-FUNG-0164,GENES_AND_MECHANISM,24,nonstandard_section_requires_mapping,unreviewed
M4-FUNG-0164:GENES_AND_MECHANISM:25,M4-FUNG-0164,GENES_AND_MECHANISM,25,nonstandard_section_requires_mapping,unreviewed
M4-FUNG-0164:GENES_AND_MECHANISM:26,M4-FUNG-0164,GENES_AND_MECHANISM,26,nonstandard_section_requires_mapping,unreviewed
M4-FUNG-0164:GENES_AND_MECHANISM:27,M4-FUNG-0164,GENES_AND_MECHANISM,27,nonstandard_section_requires_mapping,unreviewed
M4-FUNG-0165:GENES_AND_MECHANISM:23,M4-FUNG-0165,GENES_AND_MECHANISM,23,nonstandard_section_requires_mapping,unreviewed
M4-FUNG-0165:GENES_AND_MECHANISM:24,M4-FUNG-0165,GENES_AND_MECHANISM,24,nonstandard_section_requires_mapping,unreviewed
M4-FUNG-0165:GENES_AND_MECHANISM:25,M4-FUNG-0165,GENES_AND_MECHANISM,25,nonstandard_section_requires_mapping,unreviewed
M4-FUNG-0165:GENES_AND_MECHANISM:26,M4-FUNG-0165,GENES_AND_MECHANISM,26,nonstandard_section_requires_mapping,unreviewed
M4-FUNG-0165:GENES_AND_MECHANISM:27,M4-FUNG-0165,GENES_AND_MECHANISM,27,nonstandard_section_requires_mapping,unreviewed
M4-FUNG-0166:GENES_AND_MECHANISM:23,M4-FUNG-0166,GENES_AND_MECHANISM,23,nonstandard_section_requires_mapping,unreviewed
M4-FUNG-0166:GENES_AND_MECHANISM:24,M4-FUNG-0166,GENES_AND_MECHANISM,24,nonstandard_section_requires_mapping,unreviewed
M4-FUNG-0166:GENES_AND_MECHANISM:25,M4-FUNG-0166,GENES_AND_MECHANISM,25,nonstandard_section_requires_mapping,unreviewed
M4-FUNG-0166:GENES_AND_MECHANISM:26,M4-FUNG-0166,GENES_AND_MECHANISM,26,nonstandard_section_requires_mapping,unreviewed
M4-FUNG-0166:GENES_AND_MECHANISM:27,M4-FUNG-0166,GENES_AND_MECHANISM,27,nonstandard_section_requires_mapping,unreviewed
M4-FUNG-0167:GENES_AND_MECHANISM:23,M4-FUNG-0167,GENES_AND_MECHANISM,23,nonstandard_section_requires_mapping,unreviewed
M4-FUNG-0167:GENES_AND_MECHANISM:24,M4-FUNG-0167,GENES_AND_MECHANISM,24,nonstandard_section_requires_mapping,unreviewed
M4-FUNG-0167:GENES_AND_MECHANISM:25,M4-FUNG-0167,GENES_AND_MECHANISM,25,nonstandard_section_requires_mapping,unreviewed
M4-FUNG-0167:GENES_AND_MECHANISM:26,M4-FUNG-0167,GENES_AND_MECHANISM,26,nonstandard_section_requires_mapping,unreviewed
M4-FUNG-0167:GENES_AND_MECHANISM:27,M4-FUNG-0167,GENES_AND_MECHANISM,27,nonstandard_section_requires_mapping,unreviewed
M4-FUNG-0167:GENES_AND_MECHANISM:28,M4-FUNG-0167,GENES_AND_MECHANISM,28,nonstandard_section_requires_mapping,unreviewed
M4-FUNG-0168:GENES_AND_MECHANISM:23,M4-FUNG-0168,GENES_AND_MECHANISM,23,nonstandard_section_requires_mapping,unreviewed
M4-FUNG-0168:GENES_AND_MECHANISM:24,M4-FUNG-0168,GENES_AND_MECHANISM,24,nonstandard_section_requires_mapping,unreviewed
M4-FUNG-0168:GENES_AND_MECHANISM:25,M4-FUNG-0168,GENES_AND_MECHANISM,25,nonstandard_section_requires_mapping,unreviewed
M4-FUNG-0168:GENES_AND_MECHANISM:26,M4-FUNG-0168,GENES_AND_MECHANISM,26,nonstandard_section_requires_mapping,unreviewed
M4-FUNG-0168:GENES_AND_MECHANISM:27,M4-FUNG-0168,GENES_AND_MECHANISM,27,nonstandard_section_requires_mapping,unreviewed
M4-FUNG-0168:GENES_AND_MECHANISM:28,M4-FUNG-0168,GENES_AND_MECHANISM,28,nonstandard_section_requires_mapping,unreviewed
M4-FUNG-0169:GENES_AND_MECHANISM:20,M4-FUNG-0169,GENES_AND_MECHANISM,20,nonstandard_section_requires_mapping,unreviewed
M4-FUNG-0169:GENES_AND_MECHANISM:21,M4-FUNG-0169,GENES_AND_MECHANISM,21,nonstandard_section_requires_mapping,unreviewed
M4-FUNG-0169:GENES_AND_MECHANISM:22,M4-FUNG-0169,GENES_AND_MECHANISM,22,nonstandard_section_requires_mapping,unreviewed
M4-FUNG-0169:GENES_AND_MECHANISM:23,M4-FUNG-0169,GENES_AND_MECHANISM,23,nonstandard_section_requires_mapping,unreviewed
M4-FUNG-0169:GENES_AND_MECHANISM:24,M4-FUNG-0169,GENES_AND_MECHANISM,24,nonstandard_section_requires_mapping,unreviewed
M4-FUNG-0169:GENES_AND_MECHANISM:25,M4-FUNG-0169,GENES_AND_MECHANISM,25,nonstandard_section_requires_mapping,unreviewed
M4-FUNG-0170:GENES_AND_MECHANISM:20,M4-FUNG-0170,GENES_AND_MECHANISM,20,nonstandard_section_requires_mapping,unreviewed
M4-FUNG-0170:GENES_AND_MECHANISM:21,M4-FUNG-0170,GENES_AND_MECHANISM,21,nonstandard_section_requires_mapping,unreviewed
M4-FUNG-0170:GENES_AND_MECHANISM:22,M4-FUNG-0170,GENES_AND_MECHANISM,22,nonstandard_section_requires_mapping,unreviewed
M4-FUNG-0170:GENES_AND_MECHANISM:23,M4-FUNG-0170,GENES_AND_MECHANISM,23,nonstandard_section_requires_mapping,unreviewed
M4-FUNG-0170:GENES_AND_MECHANISM:24,M4-FUNG-0170,GENES_AND_MECHANISM,24,nonstandard_section_requires_mapping,unreviewed
M4-FUNG-0170:GENES_AND_MECHANISM:25,M4-FUNG-0170,GENES_AND_MECHANISM,25,nonstandard_section_requires_mapping,unreviewed
M4-FUNG-0171:GENES_AND_MECHANISM:20,M4-FUNG-0171,GENES_AND_MECHANISM,20,nonstandard_section_requires_mapping,unreviewed
M4-FUNG-0171:GENES_AND_MECHANISM:21,M4-FUNG-0171,GENES_AND_MECHANISM,21,nonstandard_section_requires_mapping,unreviewed
M4-FUNG-0171:GENES_AND_MECHANISM:22,M4-FUNG-0171,GENES_AND_MECHANISM,22,nonstandard_section_requires_mapping,unreviewed
M4-FUNG-0171:GENES_AND_MECHANISM:23,M4-FUNG-0171,GENES_AND_MECHANISM,23,nonstandard_section_requires_mapping,unreviewed
M4-FUNG-0171:GENES_AND_MECHANISM:24,M4-FUNG-0171,GENES_AND_MECHANISM,24,nonstandard_section_requires_mapping,unreviewed
M4-FUNG-0171:GENES_AND_MECHANISM:25,M4-FUNG-0171,GENES_AND_MECHANISM,25,nonstandard_section_requires_mapping,unreviewed
M4-FUNG-0172:GENES_AND_MECHANISM:20,M4-FUNG-0172,GENES_AND_MECHANISM,20,nonstandard_section_requires_mapping,unreviewed
M4-FUNG-0172:GENES_AND_MECHANISM:21,M4-FUNG-0172,GENES_AND_MECHANISM,21,nonstandard_section_requires_mapping,unreviewed
M4-FUNG-0172:GENES_AND_MECHANISM:22,M4-FUNG-0172,GENES_AND_MECHANISM,22,nonstandard_section_requires_mapping,unreviewed
M4-FUNG-0172:GENES_AND_MECHANISM:23,M4-FUNG-0172,GENES_AND_MECHANISM,23,nonstandard_section_requires_mapping,unreviewed
M4-FUNG-0172:GENES_AND_MECHANISM:24,M4-FUNG-0172,GENES_AND_MECHANISM,24,nonstandard_section_requires_mapping,unreviewed
M4-FUNG-0172:GENES_AND_MECHANISM:25,M4-FUNG-0172,GENES_AND_MECHANISM,25,nonstandard_section_requires_mapping,unreviewed
M4-FUNG-0173:GENES_AND_MECHANISM:20,M4-FUNG-0173,GENES_AND_MECHANISM,20,nonstandard_section_requires_mapping,unreviewed
M4-FUNG-0173:GENES_AND_MECHANISM:21,M4-FUNG-0173,GENES_AND_MECHANISM,21,nonstandard_section_requires_mapping,unreviewed
M4-FUNG-0173:GENES_AND_MECHANISM:22,M4-FUNG-0173,GENES_AND_MECHANISM,22,nonstandard_section_requires_mapping,unreviewed
M4-FUNG-0173:GENES_AND_MECHANISM:23,M4-FUNG-0173,GENES_AND_MECHANISM,23,nonstandard_section_requires_mapping,unreviewed
M4-FUNG-0173:GENES_AND_MECHANISM:24,M4-FUNG-0173,GENES_AND_MECHANISM,24,nonstandard_section_requires_mapping,unreviewed
M4-FUNG-0173:GENES_AND_MECHANISM:25,M4-FUNG-0173,GENES_AND_MECHANISM,25,nonstandard_section_requires_mapping,unreviewed
M4-FUNG-0174:GENES_AND_MECHANISM:20,M4-FUNG-0174,GENES_AND_MECHANISM,20,nonstandard_section_requires_mapping,unreviewed
M4-FUNG-0174:GENES_AND_MECHANISM:21,M4-FUNG-0174,GENES_AND_MECHANISM,21,nonstandard_section_requires_mapping,unreviewed
M4-FUNG-0174:GENES_AND_MECHANISM:22,M4-FUNG-0174,GENES_AND_MECHANISM,22,nonstandard_section_requires_mapping,unreviewed
M4-FUNG-0174:GENES_AND_MECHANISM:23,M4-FUNG-0174,GENES_AND_MECHANISM,23,nonstandard_section_requires_mapping,unreviewed
M4-FUNG-0174:GENES_AND_MECHANISM:24,M4-FUNG-0174,GENES_AND_MECHANISM,24,nonstandard_section_requires_mapping,unreviewed
M4-FUNG-0174:GENES_AND_MECHANISM:25,M4-FUNG-0174,GENES_AND_MECHANISM,25,nonstandard_section_requires_mapping,unreviewed
M4-FUNG-0175:GENES_AND_MECHANISM:20,M4-FUNG-0175,GENES_AND_MECHANISM,20,nonstandard_section_requires_mapping,unreviewed
M4-FUNG-0175:GENES_AND_MECHANISM:21,M4-FUNG-0175,GENES_AND_MECHANISM,21,nonstandard_section_requires_mapping,unreviewed
M4-FUNG-0175:GENES_AND_MECHANISM:22,M4-FUNG-0175,GENES_AND_MECHANISM,22,nonstandard_section_requires_mapping,unreviewed
M4-FUNG-0175:GENES_AND_MECHANISM:23,M4-FUNG-0175,GENES_AND_MECHANISM,23,nonstandard_section_requires_mapping,unreviewed
M4-FUNG-0175:GENES_AND_MECHANISM:24,M4-FUNG-0175,GENES_AND_MECHANISM,24,nonstandard_section_requires_mapping,unreviewed
M4-FUNG-0176:GENES_AND_MECHANISM:20,M4-FUNG-0176,GENES_AND_MECHANISM,20,nonstandard_section_requires_mapping,unreviewed
M4-FUNG-0176:GENES_AND_MECHANISM:21,M4-FUNG-0176,GENES_AND_MECHANISM,21,nonstandard_section_requires_mapping,unreviewed
M4-FUNG-0176:GENES_AND_MECHANISM:22,M4-FUNG-0176,GENES_AND_MECHANISM,22,nonstandard_section_requires_mapping,unreviewed
M4-FUNG-0176:GENES_AND_MECHANISM:23,M4-FUNG-0176,GENES_AND_MECHANISM,23,nonstandard_section_requires_mapping,unreviewed
M4-FUNG-0176:GENES_AND_MECHANISM:24,M4-FUNG-0176,GENES_AND_MECHANISM,24,nonstandard_section_requires_mapping,unreviewed
M4-FUNG-0176:GENES_AND_MECHANISM:25,M4-FUNG-0176,GENES_AND_MECHANISM,25,nonstandard_section_requires_mapping,unreviewed
M4-FUNG-0177:GENES_AND_MECHANISM:21,M4-FUNG-0177,GENES_AND_MECHANISM,21,nonstandard_section_requires_mapping,unreviewed
M4-FUNG-0177:GENES_AND_MECHANISM:22,M4-FUNG-0177,GENES_AND_MECHANISM,22,nonstandard_section_requires_mapping,unreviewed
M4-FUNG-0177:GENES_AND_MECHANISM:23,M4-FUNG-0177,GENES_AND_MECHANISM,23,nonstandard_section_requires_mapping,unreviewed
M4-FUNG-0177:GENES_AND_MECHANISM:24,M4-FUNG-0177,GENES_AND_MECHANISM,24,nonstandard_section_requires_mapping,unreviewed
M4-FUNG-0177:GENES_AND_MECHANISM:25,M4-FUNG-0177,GENES_AND_MECHANISM,25,nonstandard_section_requires_mapping,unreviewed
M4-FUNG-0178:GENES_AND_MECHANISM:21,M4-FUNG-0178,GENES_AND_MECHANISM,21,nonstandard_section_requires_mapping,unreviewed
M4-FUNG-0178:GENES_AND_MECHANISM:22,M4-FUNG-0178,GENES_AND_MECHANISM,22,nonstandard_section_requires_mapping,unreviewed
M4-FUNG-0178:GENES_AND_MECHANISM:23,M4-FUNG-0178,GENES_AND_MECHANISM,23,nonstandard_section_requires_mapping,unreviewed
M4-FUNG-0178:GENES_AND_MECHANISM:24,M4-FUNG-0178,GENES_AND_MECHANISM,24,nonstandard_section_requires_mapping,unreviewed
M4-FUNG-0178:GENES_AND_MECHANISM:25,M4-FUNG-0178,GENES_AND_MECHANISM,25,nonstandard_section_requires_mapping,unreviewed
M4-FUNG-0179:GENES_AND_MECHANISM:21,M4-FUNG-0179,GENES_AND_MECHANISM,21,nonstandard_section_requires_mapping,unreviewed
M4-FUNG-0179:GENES_AND_MECHANISM:22,M4-FUNG-0179,GENES_AND_MECHANISM,22,nonstandard_section_requires_mapping,unreviewed
M4-FUNG-0179:GENES_AND_MECHANISM:23,M4-FUNG-0179,GENES_AND_MECHANISM,23,nonstandard_section_requires_mapping,unreviewed
M4-FUNG-0179:GENES_AND_MECHANISM:24,M4-FUNG-0179,GENES_AND_MECHANISM,24,nonstandard_section_requires_mapping,unreviewed
M4-FUNG-0179:GENES_AND_MECHANISM:25,M4-FUNG-0179,GENES_AND_MECHANISM,25,nonstandard_section_requires_mapping,unreviewed
M4-FUNG-0180:GENES_AND_MECHANISM:21,M4-FUNG-0180,GENES_AND_MECHANISM,21,nonstandard_section_requires_mapping,unreviewed
M4-FUNG-0180:GENES_AND_MECHANISM:22,M4-FUNG-0180,GENES_AND_MECHANISM,22,nonstandard_section_requires_mapping,unreviewed
M4-FUNG-0180:GENES_AND_MECHANISM:23,M4-FUNG-0180,GENES_AND_MECHANISM,23,nonstandard_section_requires_mapping,unreviewed
M4-FUNG-0180:GENES_AND_MECHANISM:24,M4-FUNG-0180,GENES_AND_MECHANISM,24,nonstandard_section_requires_mapping,unreviewed
M4-FUNG-0180:GENES_AND_MECHANISM:25,M4-FUNG-0180,GENES_AND_MECHANISM,25,nonstandard_section_requires_mapping,unreviewed
M4-FUNG-0181:GENES_AND_MECHANISM:21,M4-FUNG-0181,GENES_AND_MECHANISM,21,nonstandard_section_requires_mapping,unreviewed
M4-FUNG-0181:GENES_AND_MECHANISM:22,M4-FUNG-0181,GENES_AND_MECHANISM,22,nonstandard_section_requires_mapping,unreviewed
M4-FUNG-0181:GENES_AND_MECHANISM:23,M4-FUNG-0181,GENES_AND_MECHANISM,23,nonstandard_section_requires_mapping,unreviewed
M4-FUNG-0181:GENES_AND_MECHANISM:24,M4-FUNG-0181,GENES_AND_MECHANISM,24,nonstandard_section_requires_mapping,unreviewed
M4-FUNG-0181:GENES_AND_MECHANISM:25,M4-FUNG-0181,GENES_AND_MECHANISM,25,nonstandard_section_requires_mapping,unreviewed
M4-FUNG-0182:GENES_AND_MECHANISM:21,M4-FUNG-0182,GENES_AND_MECHANISM,21,nonstandard_section_requires_mapping,unreviewed
M4-FUNG-0182:GENES_AND_MECHANISM:22,M4-FUNG-0182,GENES_AND_MECHANISM,22,nonstandard_section_requires_mapping,unreviewed
M4-FUNG-0182:GENES_AND_MECHANISM:23,M4-FUNG-0182,GENES_AND_MECHANISM,23,nonstandard_section_requires_mapping,unreviewed
M4-FUNG-0182:GENES_AND_MECHANISM:24,M4-FUNG-0182,GENES_AND_MECHANISM,24,nonstandard_section_requires_mapping,unreviewed
M4-FUNG-0182:GENES_AND_MECHANISM:25,M4-FUNG-0182,GENES_AND_MECHANISM,25,nonstandard_section_requires_mapping,unreviewed
M4-FUNG-0183:GENES_AND_MECHANISM:21,M4-FUNG-0183,GENES_AND_MECHANISM,21,nonstandard_section_requires_mapping,unreviewed
M4-FUNG-0183:GENES_AND_MECHANISM:22,M4-FUNG-0183,GENES_AND_MECHANISM,22,nonstandard_section_requires_mapping,unreviewed
M4-FUNG-0183:GENES_AND_MECHANISM:23,M4-FUNG-0183,GENES_AND_MECHANISM,23,nonstandard_section_requires_mapping,unreviewed
M4-FUNG-0183:GENES_AND_MECHANISM:24,M4-FUNG-0183,GENES_AND_MECHANISM,24,nonstandard_section_requires_mapping,unreviewed
M4-FUNG-0183:GENES_AND_MECHANISM:25,M4-FUNG-0183,GENES_AND_MECHANISM,25,nonstandard_section_requires_mapping,unreviewed
M4-FUNG-0184:GENES_AND_MECHANISM:21,M4-FUNG-0184,GENES_AND_MECHANISM,21,nonstandard_section_requires_mapping,unreviewed
M4-FUNG-0184:GENES_AND_MECHANISM:22,M4-FUNG-0184,GENES_AND_MECHANISM,22,nonstandard_section_requires_mapping,unreviewed
M4-FUNG-0184:GENES_AND_MECHANISM:23,M4-FUNG-0184,GENES_AND_MECHANISM,23,nonstandard_section_requires_mapping,unreviewed
M4-FUNG-0184:GENES_AND_MECHANISM:24,M4-FUNG-0184,GENES_AND_MECHANISM,24,nonstandard_section_requires_mapping,unreviewed
M4-FUNG-0184:GENES_AND_MECHANISM:25,M4-FUNG-0184,GENES_AND_MECHANISM,25,nonstandard_section_requires_mapping,unreviewed
M4-FUNG-0185:GENES_AND_MECHANISM:21,M4-FUNG-0185,GENES_AND_MECHANISM,21,nonstandard_section_requires_mapping,unreviewed
M4-FUNG-0185:GENES_AND_MECHANISM:22,M4-FUNG-0185,GENES_AND_MECHANISM,22,nonstandard_section_requires_mapping,unreviewed
M4-FUNG-0185:GENES_AND_MECHANISM:23,M4-FUNG-0185,GENES_AND_MECHANISM,23,nonstandard_section_requires_mapping,unreviewed
M4-FUNG-0185:GENES_AND_MECHANISM:24,M4-FUNG-0185,GENES_AND_MECHANISM,24,nonstandard_section_requires_mapping,unreviewed
M4-FUNG-0185:GENES_AND_MECHANISM:25,M4-FUNG-0185,GENES_AND_MECHANISM,25,nonstandard_section_requires_mapping,unreviewed
M4-FUNG-0186:GENES_AND_MECHANISM:21,M4-FUNG-0186,GENES_AND_MECHANISM,21,nonstandard_section_requires_mapping,unreviewed
M4-FUNG-0186:GENES_AND_MECHANISM:22,M4-FUNG-0186,GENES_AND_MECHANISM,22,nonstandard_section_requires_mapping,unreviewed
M4-FUNG-0186:GENES_AND_MECHANISM:23,M4-FUNG-0186,GENES_AND_MECHANISM,23,nonstandard_section_requires_mapping,unreviewed
M4-FUNG-0186:GENES_AND_MECHANISM:24,M4-FUNG-0186,GENES_AND_MECHANISM,24,nonstandard_section_requires_mapping,unreviewed
M4-FUNG-0186:GENES_AND_MECHANISM:25,M4-FUNG-0186,GENES_AND_MECHANISM,25,nonstandard_section_requires_mapping,unreviewed
M4-FUNG-0187:GENES_AND_MECHANISM:21,M4-FUNG-0187,GENES_AND_MECHANISM,21,nonstandard_section_requires_mapping,unreviewed
M4-FUNG-0187:GENES_AND_MECHANISM:22,M4-FUNG-0187,GENES_AND_MECHANISM,22,nonstandard_section_requires_mapping,unreviewed
M4-FUNG-0187:GENES_AND_MECHANISM:23,M4-FUNG-0187,GENES_AND_MECHANISM,23,nonstandard_section_requires_mapping,unreviewed
M4-FUNG-0187:GENES_AND_MECHANISM:24,M4-FUNG-0187,GENES_AND_MECHANISM,24,nonstandard_section_requires_mapping,unreviewed
M4-FUNG-0187:GENES_AND_MECHANISM:25,M4-FUNG-0187,GENES_AND_MECHANISM,25,nonstandard_section_requires_mapping,unreviewed
M4-FUNG-0187:GENES_AND_MECHANISM:26,M4-FUNG-0187,GENES_AND_MECHANISM,26,nonstandard_section_requires_mapping,unreviewed
M4-FUNG-0188:GENES_AND_MECHANISM:20,M4-FUNG-0188,GENES_AND_MECHANISM,20,nonstandard_section_requires_mapping,unreviewed
M4-FUNG-0188:GENES_AND_MECHANISM:21,M4-FUNG-0188,GENES_AND_MECHANISM,21,nonstandard_section_requires_mapping,unreviewed
M4-FUNG-0188:GENES_AND_MECHANISM:22,M4-FUNG-0188,GENES_AND_MECHANISM,22,nonstandard_section_requires_mapping,unreviewed
M4-FUNG-0188:GENES_AND_MECHANISM:23,M4-FUNG-0188,GENES_AND_MECHANISM,23,nonstandard_section_requires_mapping,unreviewed
M4-FUNG-0189:GENES_AND_MECHANISM:20,M4-FUNG-0189,GENES_AND_MECHANISM,20,nonstandard_section_requires_mapping,unreviewed
M4-FUNG-0189:GENES_AND_MECHANISM:21,M4-FUNG-0189,GENES_AND_MECHANISM,21,nonstandard_section_requires_mapping,unreviewed
M4-FUNG-0189:GENES_AND_MECHANISM:22,M4-FUNG-0189,GENES_AND_MECHANISM,22,nonstandard_section_requires_mapping,unreviewed
M4-FUNG-0189:GENES_AND_MECHANISM:23,M4-FUNG-0189,GENES_AND_MECHANISM,23,nonstandard_section_requires_mapping,unreviewed
M4-FUNG-0189:GENES_AND_MECHANISM:24,M4-FUNG-0189,GENES_AND_MECHANISM,24,nonstandard_section_requires_mapping,unreviewed
M4-FUNG-0189:GENES_AND_MECHANISM:25,M4-FUNG-0189,GENES_AND_MECHANISM,25,nonstandard_section_requires_mapping,unreviewed
M4-FUNG-0190:GENES_AND_MECHANISM:21,M4-FUNG-0190,GENES_AND_MECHANISM,21,nonstandard_section_requires_mapping,unreviewed
M4-FUNG-0190:GENES_AND_MECHANISM:22,M4-FUNG-0190,GENES_AND_MECHANISM,22,nonstandard_section_requires_mapping,unreviewed
M4-FUNG-0190:GENES_AND_MECHANISM:23,M4-FUNG-0190,GENES_AND_MECHANISM,23,nonstandard_section_requires_mapping,unreviewed
M4-FUNG-0190:GENES_AND_MECHANISM:24,M4-FUNG-0190,GENES_AND_MECHANISM,24,nonstandard_section_requires_mapping,unreviewed
M4-FUNG-0190:GENES_AND_MECHANISM:25,M4-FUNG-0190,GENES_AND_MECHANISM,25,nonstandard_section_requires_mapping,unreviewed
M4-FUNG-0190:GENES_AND_MECHANISM:26,M4-FUNG-0190,GENES_AND_MECHANISM,26,nonstandard_section_requires_mapping,unreviewed
M4-FUNG-0191:GENES_AND_MECHANISM:21,M4-FUNG-0191,GENES_AND_MECHANISM,21,nonstandard_section_requires_mapping,unreviewed
M4-FUNG-0191:GENES_AND_MECHANISM:22,M4-FUNG-0191,GENES_AND_MECHANISM,22,nonstandard_section_requires_mapping,unreviewed
M4-FUNG-0191:GENES_AND_MECHANISM:23,M4-FUNG-0191,GENES_AND_MECHANISM,23,nonstandard_section_requires_mapping,unreviewed
M4-FUNG-0191:GENES_AND_MECHANISM:24,M4-FUNG-0191,GENES_AND_MECHANISM,24,nonstandard_section_requires_mapping,unreviewed
M4-FUNG-0191:GENES_AND_MECHANISM:25,M4-FUNG-0191,GENES_AND_MECHANISM,25,nonstandard_section_requires_mapping,unreviewed
M4-FUNG-0191:GENES_AND_MECHANISM:26,M4-FUNG-0191,GENES_AND_MECHANISM,26,nonstandard_section_requires_mapping,unreviewed
M4-FUNG-0192:GENES_AND_MECHANISM:20,M4-FUNG-0192,GENES_AND_MECHANISM,20,nonstandard_section_requires_mapping,unreviewed
M4-FUNG-0192:GENES_AND_MECHANISM:21,M4-FUNG-0192,GENES_AND_MECHANISM,21,nonstandard_section_requires_mapping,unreviewed
M4-FUNG-0192:GENES_AND_MECHANISM:22,M4-FUNG-0192,GENES_AND_MECHANISM,22,nonstandard_section_requires_mapping,unreviewed
M4-FUNG-0192:GENES_AND_MECHANISM:23,M4-FUNG-0192,GENES_AND_MECHANISM,23,nonstandard_section_requires_mapping,unreviewed
M4-FUNG-0192:GENES_AND_MECHANISM:24,M4-FUNG-0192,GENES_AND_MECHANISM,24,nonstandard_section_requires_mapping,unreviewed
M4-FUNG-0192:GENES_AND_MECHANISM:25,M4-FUNG-0192,GENES_AND_MECHANISM,25,nonstandard_section_requires_mapping,unreviewed
M4-FUNG-0193:GENES_AND_MECHANISM:20,M4-FUNG-0193,GENES_AND_MECHANISM,20,nonstandard_section_requires_mapping,unreviewed
M4-FUNG-0193:GENES_AND_MECHANISM:21,M4-FUNG-0193,GENES_AND_MECHANISM,21,nonstandard_section_requires_mapping,unreviewed
M4-FUNG-0193:GENES_AND_MECHANISM:22,M4-FUNG-0193,GENES_AND_MECHANISM,22,nonstandard_section_requires_mapping,unreviewed
M4-FUNG-0193:GENES_AND_MECHANISM:23,M4-FUNG-0193,GENES_AND_MECHANISM,23,nonstandard_section_requires_mapping,unreviewed
M4-FUNG-0193:GENES_AND_MECHANISM:24,M4-FUNG-0193,GENES_AND_MECHANISM,24,nonstandard_section_requires_mapping,unreviewed
M4-FUNG-0193:GENES_AND_MECHANISM:25,M4-FUNG-0193,GENES_AND_MECHANISM,25,nonstandard_section_requires_mapping,unreviewed
M4-FUNG-0194:GENES_AND_MECHANISM:20,M4-FUNG-0194,GENES_AND_MECHANISM,20,nonstandard_section_requires_mapping,unreviewed
M4-FUNG-0194:GENES_AND_MECHANISM:21,M4-FUNG-0194,GENES_AND_MECHANISM,21,nonstandard_section_requires_mapping,unreviewed
M4-FUNG-0194:GENES_AND_MECHANISM:22,M4-FUNG-0194,GENES_AND_MECHANISM,22,nonstandard_section_requires_mapping,unreviewed
M4-FUNG-0194:GENES_AND_MECHANISM:23,M4-FUNG-0194,GENES_AND_MECHANISM,23,nonstandard_section_requires_mapping,unreviewed
M4-FUNG-0194:GENES_AND_MECHANISM:24,M4-FUNG-0194,GENES_AND_MECHANISM,24,nonstandard_section_requires_mapping,unreviewed
M4-FUNG-0194:GENES_AND_MECHANISM:25,M4-FUNG-0194,GENES_AND_MECHANISM,25,nonstandard_section_requires_mapping,unreviewed
M4-FUNG-0195:GENES_AND_MECHANISM:20,M4-FUNG-0195,GENES_AND_MECHANISM,20,nonstandard_section_requires_mapping,unreviewed
M4-FUNG-0195:GENES_AND_MECHANISM:21,M4-FUNG-0195,GENES_AND_MECHANISM,21,nonstandard_section_requires_mapping,unreviewed
M4-FUNG-0195:GENES_AND_MECHANISM:22,M4-FUNG-0195,GENES_AND_MECHANISM,22,nonstandard_section_requires_mapping,unreviewed
M4-FUNG-0195:GENES_AND_MECHANISM:23,M4-FUNG-0195,GENES_AND_MECHANISM,23,nonstandard_section_requires_mapping,unreviewed
M4-FUNG-0195:GENES_AND_MECHANISM:24,M4-FUNG-0195,GENES_AND_MECHANISM,24,nonstandard_section_requires_mapping,unreviewed
M4-FUNG-0196:GENES_AND_MECHANISM:21,M4-FUNG-0196,GENES_AND_MECHANISM,21,nonstandard_section_requires_mapping,unreviewed
M4-FUNG-0196:GENES_AND_MECHANISM:22,M4-FUNG-0196,GENES_AND_MECHANISM,22,nonstandard_section_requires_mapping,unreviewed
M4-FUNG-0196:GENES_AND_MECHANISM:23,M4-FUNG-0196,GENES_AND_MECHANISM,23,nonstandard_section_requires_mapping,unreviewed
M4-FUNG-0196:GENES_AND_MECHANISM:24,M4-FUNG-0196,GENES_AND_MECHANISM,24,nonstandard_section_requires_mapping,unreviewed
M4-FUNG-0196:GENES_AND_MECHANISM:25,M4-FUNG-0196,GENES_AND_MECHANISM,25,nonstandard_section_requires_mapping,unreviewed
M4-FUNG-0197:GENES_AND_MECHANISM:22,M4-FUNG-0197,GENES_AND_MECHANISM,22,nonstandard_section_requires_mapping,unreviewed
M4-FUNG-0197:GENES_AND_MECHANISM:23,M4-FUNG-0197,GENES_AND_MECHANISM,23,nonstandard_section_requires_mapping,unreviewed
M4-FUNG-0197:GENES_AND_MECHANISM:24,M4-FUNG-0197,GENES_AND_MECHANISM,24,nonstandard_section_requires_mapping,unreviewed
M4-FUNG-0197:GENES_AND_MECHANISM:25,M4-FUNG-0197,GENES_AND_MECHANISM,25,nonstandard_section_requires_mapping,unreviewed
M4-FUNG-0197:GENES_AND_MECHANISM:26,M4-FUNG-0197,GENES_AND_MECHANISM,26,nonstandard_section_requires_mapping,unreviewed
M4-FUNG-0197:GENES_AND_MECHANISM:27,M4-FUNG-0197,GENES_AND_MECHANISM,27,nonstandard_section_requires_mapping,unreviewed
M4-FUNG-0198:GENES_AND_MECHANISM:22,M4-FUNG-0198,GENES_AND_MECHANISM,22,nonstandard_section_requires_mapping,unreviewed
M4-FUNG-0198:GENES_AND_MECHANISM:23,M4-FUNG-0198,GENES_AND_MECHANISM,23,nonstandard_section_requires_mapping,unreviewed
M4-FUNG-0198:GENES_AND_MECHANISM:24,M4-FUNG-0198,GENES_AND_MECHANISM,24,nonstandard_section_requires_mapping,unreviewed
M4-FUNG-0198:GENES_AND_MECHANISM:25,M4-FUNG-0198,GENES_AND_MECHANISM,25,nonstandard_section_requires_mapping,unreviewed
M4-FUNG-0198:GENES_AND_MECHANISM:26,M4-FUNG-0198,GENES_AND_MECHANISM,26,nonstandard_section_requires_mapping,unreviewed
M4-FUNG-0198:GENES_AND_MECHANISM:27,M4-FUNG-0198,GENES_AND_MECHANISM,27,nonstandard_section_requires_mapping,unreviewed
M4-FUNG-0199:GENES_AND_MECHANISM:22,M4-FUNG-0199,GENES_AND_MECHANISM,22,nonstandard_section_requires_mapping,unreviewed
M4-FUNG-0199:GENES_AND_MECHANISM:23,M4-FUNG-0199,GENES_AND_MECHANISM,23,nonstandard_section_requires_mapping,unreviewed
M4-FUNG-0199:GENES_AND_MECHANISM:24,M4-FUNG-0199,GENES_AND_MECHANISM,24,nonstandard_section_requires_mapping,unreviewed
M4-FUNG-0199:GENES_AND_MECHANISM:25,M4-FUNG-0199,GENES_AND_MECHANISM,25,nonstandard_section_requires_mapping,unreviewed
M4-FUNG-0199:GENES_AND_MECHANISM:26,M4-FUNG-0199,GENES_AND_MECHANISM,26,nonstandard_section_requires_mapping,unreviewed
M4-FUNG-0199:GENES_AND_MECHANISM:27,M4-FUNG-0199,GENES_AND_MECHANISM,27,nonstandard_section_requires_mapping,unreviewed
M4-FUNG-0200:GENES_AND_MECHANISM:22,M4-FUNG-0200,GENES_AND_MECHANISM,22,nonstandard_section_requires_mapping,unreviewed
M4-FUNG-0200:GENES_AND_MECHANISM:23,M4-FUNG-0200,GENES_AND_MECHANISM,23,nonstandard_section_requires_mapping,unreviewed
M4-FUNG-0200:GENES_AND_MECHANISM:24,M4-FUNG-0200,GENES_AND_MECHANISM,24,nonstandard_section_requires_mapping,unreviewed
M4-FUNG-0200:GENES_AND_MECHANISM:25,M4-FUNG-0200,GENES_AND_MECHANISM,25,nonstandard_section_requires_mapping,unreviewed
M4-FUNG-0200:GENES_AND_MECHANISM:26,M4-FUNG-0200,GENES_AND_MECHANISM,26,nonstandard_section_requires_mapping,unreviewed
M4-FUNG-0200:GENES_AND_MECHANISM:27,M4-FUNG-0200,GENES_AND_MECHANISM,27,nonstandard_section_requires_mapping,unreviewed
M4-FUNG-0201:GENES_AND_MECHANISM:22,M4-FUNG-0201,GENES_AND_MECHANISM,22,nonstandard_section_requires_mapping,unreviewed
M4-FUNG-0201:GENES_AND_MECHANISM:23,M4-FUNG-0201,GENES_AND_MECHANISM,23,nonstandard_section_requires_mapping,unreviewed
M4-FUNG-0201:GENES_AND_MECHANISM:24,M4-FUNG-0201,GENES_AND_MECHANISM,24,nonstandard_section_requires_mapping,unreviewed
M4-FUNG-0201:GENES_AND_MECHANISM:25,M4-FUNG-0201,GENES_AND_MECHANISM,25,nonstandard_section_requires_mapping,unreviewed
M4-FUNG-0201:GENES_AND_MECHANISM:26,M4-FUNG-0201,GENES_AND_MECHANISM,26,nonstandard_section_requires_mapping,unreviewed
M4-FUNG-0201:GENES_AND_MECHANISM:27,M4-FUNG-0201,GENES_AND_MECHANISM,27,nonstandard_section_requires_mapping,unreviewed
M4-FUNG-0202:GENES_AND_MECHANISM:22,M4-FUNG-0202,GENES_AND_MECHANISM,22,nonstandard_section_requires_mapping,unreviewed
M4-FUNG-0202:GENES_AND_MECHANISM:23,M4-FUNG-0202,GENES_AND_MECHANISM,23,nonstandard_section_requires_mapping,unreviewed
M4-FUNG-0202:GENES_AND_MECHANISM:24,M4-FUNG-0202,GENES_AND_MECHANISM,24,nonstandard_section_requires_mapping,unreviewed
M4-FUNG-0202:GENES_AND_MECHANISM:25,M4-FUNG-0202,GENES_AND_MECHANISM,25,nonstandard_section_requires_mapping,unreviewed
M4-FUNG-0202:GENES_AND_MECHANISM:26,M4-FUNG-0202,GENES_AND_MECHANISM,26,nonstandard_section_requires_mapping,unreviewed
M4-FUNG-0202:GENES_AND_MECHANISM:27,M4-FUNG-0202,GENES_AND_MECHANISM,27,nonstandard_section_requires_mapping,unreviewed
M4-FUNG-0203:GENES_AND_MECHANISM:22,M4-FUNG-0203,GENES_AND_MECHANISM,22,nonstandard_section_requires_mapping,unreviewed
M4-FUNG-0203:GENES_AND_MECHANISM:23,M4-FUNG-0203,GENES_AND_MECHANISM,23,nonstandard_section_requires_mapping,unreviewed
M4-FUNG-0203:GENES_AND_MECHANISM:24,M4-FUNG-0203,GENES_AND_MECHANISM,24,nonstandard_section_requires_mapping,unreviewed
M4-FUNG-0203:GENES_AND_MECHANISM:25,M4-FUNG-0203,GENES_AND_MECHANISM,25,nonstandard_section_requires_mapping,unreviewed
M4-FUNG-0203:GENES_AND_MECHANISM:26,M4-FUNG-0203,GENES_AND_MECHANISM,26,nonstandard_section_requires_mapping,unreviewed
M4-FUNG-0203:GENES_AND_MECHANISM:27,M4-FUNG-0203,GENES_AND_MECHANISM,27,nonstandard_section_requires_mapping,unreviewed
M4-FUNG-0204:GENES_AND_MECHANISM:22,M4-FUNG-0204,GENES_AND_MECHANISM,22,nonstandard_section_requires_mapping,unreviewed
M4-FUNG-0204:GENES_AND_MECHANISM:23,M4-FUNG-0204,GENES_AND_MECHANISM,23,nonstandard_section_requires_mapping,unreviewed
M4-FUNG-0204:GENES_AND_MECHANISM:24,M4-FUNG-0204,GENES_AND_MECHANISM,24,nonstandard_section_requires_mapping,unreviewed
M4-FUNG-0204:GENES_AND_MECHANISM:25,M4-FUNG-0204,GENES_AND_MECHANISM,25,nonstandard_section_requires_mapping,unreviewed
M4-FUNG-0204:GENES_AND_MECHANISM:26,M4-FUNG-0204,GENES_AND_MECHANISM,26,nonstandard_section_requires_mapping,unreviewed
M4-FUNG-0204:GENES_AND_MECHANISM:27,M4-FUNG-0204,GENES_AND_MECHANISM,27,nonstandard_section_requires_mapping,unreviewed
M4-FUNG-0205:GENES_AND_MECHANISM:22,M4-FUNG-0205,GENES_AND_MECHANISM,22,nonstandard_section_requires_mapping,unreviewed
M4-FUNG-0205:GENES_AND_MECHANISM:23,M4-FUNG-0205,GENES_AND_MECHANISM,23,nonstandard_section_requires_mapping,unreviewed
M4-FUNG-0205:GENES_AND_MECHANISM:24,M4-FUNG-0205,GENES_AND_MECHANISM,24,nonstandard_section_requires_mapping,unreviewed
M4-FUNG-0205:GENES_AND_MECHANISM:25,M4-FUNG-0205,GENES_AND_MECHANISM,25,nonstandard_section_requires_mapping,unreviewed
M4-FUNG-0205:GENES_AND_MECHANISM:26,M4-FUNG-0205,GENES_AND_MECHANISM,26,nonstandard_section_requires_mapping,unreviewed
M4-FUNG-0205:GENES_AND_MECHANISM:27,M4-FUNG-0205,GENES_AND_MECHANISM,27,nonstandard_section_requires_mapping,unreviewed
M4-FUNG-0206:GENES_AND_MECHANISM:22,M4-FUNG-0206,GENES_AND_MECHANISM,22,nonstandard_section_requires_mapping,unreviewed
M4-FUNG-0206:GENES_AND_MECHANISM:23,M4-FUNG-0206,GENES_AND_MECHANISM,23,nonstandard_section_requires_mapping,unreviewed
M4-FUNG-0206:GENES_AND_MECHANISM:24,M4-FUNG-0206,GENES_AND_MECHANISM,24,nonstandard_section_requires_mapping,unreviewed
M4-FUNG-0206:GENES_AND_MECHANISM:25,M4-FUNG-0206,GENES_AND_MECHANISM,25,nonstandard_section_requires_mapping,unreviewed
M4-FUNG-0206:GENES_AND_MECHANISM:26,M4-FUNG-0206,GENES_AND_MECHANISM,26,nonstandard_section_requires_mapping,unreviewed
M4-FUNG-0206:GENES_AND_MECHANISM:27,M4-FUNG-0206,GENES_AND_MECHANISM,27,nonstandard_section_requires_mapping,unreviewed
M4-FUNG-0207:GENES_AND_MECHANISM:21,M4-FUNG-0207,GENES_AND_MECHANISM,21,nonstandard_section_requires_mapping,unreviewed
M4-FUNG-0207:GENES_AND_MECHANISM:22,M4-FUNG-0207,GENES_AND_MECHANISM,22,nonstandard_section_requires_mapping,unreviewed
M4-FUNG-0207:GENES_AND_MECHANISM:23,M4-FUNG-0207,GENES_AND_MECHANISM,23,nonstandard_section_requires_mapping,unreviewed
M4-FUNG-0207:GENES_AND_MECHANISM:24,M4-FUNG-0207,GENES_AND_MECHANISM,24,nonstandard_section_requires_mapping,unreviewed
M4-FUNG-0207:GENES_AND_MECHANISM:25,M4-FUNG-0207,GENES_AND_MECHANISM,25,nonstandard_section_requires_mapping,unreviewed
M4-FUNG-0207:GENES_AND_MECHANISM:26,M4-FUNG-0207,GENES_AND_MECHANISM,26,nonstandard_section_requires_mapping,unreviewed
M4-FUNG-0208:GENES_AND_MECHANISM:21,M4-FUNG-0208,GENES_AND_MECHANISM,21,nonstandard_section_requires_mapping,unreviewed
M4-FUNG-0208:GENES_AND_MECHANISM:22,M4-FUNG-0208,GENES_AND_MECHANISM,22,nonstandard_section_requires_mapping,unreviewed
M4-FUNG-0208:GENES_AND_MECHANISM:23,M4-FUNG-0208,GENES_AND_MECHANISM,23,nonstandard_section_requires_mapping,unreviewed
M4-FUNG-0208:GENES_AND_MECHANISM:24,M4-FUNG-0208,GENES_AND_MECHANISM,24,nonstandard_section_requires_mapping,unreviewed
M4-FUNG-0208:GENES_AND_MECHANISM:25,M4-FUNG-0208,GENES_AND_MECHANISM,25,nonstandard_section_requires_mapping,unreviewed
M4-FUNG-0208:GENES_AND_MECHANISM:26,M4-FUNG-0208,GENES_AND_MECHANISM,26,nonstandard_section_requires_mapping,unreviewed
M4-FUNG-0209:GENES_AND_MECHANISM:21,M4-FUNG-0209,GENES_AND_MECHANISM,21,nonstandard_section_requires_mapping,unreviewed
M4-FUNG-0209:GENES_AND_MECHANISM:22,M4-FUNG-0209,GENES_AND_MECHANISM,22,nonstandard_section_requires_mapping,unreviewed
M4-FUNG-0209:GENES_AND_MECHANISM:23,M4-FUNG-0209,GENES_AND_MECHANISM,23,nonstandard_section_requires_mapping,unreviewed
M4-FUNG-0209:GENES_AND_MECHANISM:24,M4-FUNG-0209,GENES_AND_MECHANISM,24,nonstandard_section_requires_mapping,unreviewed
M4-FUNG-0209:GENES_AND_MECHANISM:25,M4-FUNG-0209,GENES_AND_MECHANISM,25,nonstandard_section_requires_mapping,unreviewed
M4-FUNG-0209:GENES_AND_MECHANISM:26,M4-FUNG-0209,GENES_AND_MECHANISM,26,nonstandard_section_requires_mapping,unreviewed
M4-FUNG-0210:GENES_AND_MECHANISM:21,M4-FUNG-0210,GENES_AND_MECHANISM,21,nonstandard_section_requires_mapping,unreviewed
M4-FUNG-0210:GENES_AND_MECHANISM:22,M4-FUNG-0210,GENES_AND_MECHANISM,22,nonstandard_section_requires_mapping,unreviewed
M4-FUNG-0210:GENES_AND_MECHANISM:23,M4-FUNG-0210,GENES_AND_MECHANISM,23,nonstandard_section_requires_mapping,unreviewed
M4-FUNG-0210:GENES_AND_MECHANISM:24,M4-FUNG-0210,GENES_AND_MECHANISM,24,nonstandard_section_requires_mapping,unreviewed
M4-FUNG-0210:GENES_AND_MECHANISM:25,M4-FUNG-0210,GENES_AND_MECHANISM,25,nonstandard_section_requires_mapping,unreviewed
M4-FUNG-0210:GENES_AND_MECHANISM:26,M4-FUNG-0210,GENES_AND_MECHANISM,26,nonstandard_section_requires_mapping,unreviewed
M4-FUNG-0211:GENES_AND_MECHANISM:21,M4-FUNG-0211,GENES_AND_MECHANISM,21,nonstandard_section_requires_mapping,unreviewed
M4-FUNG-0211:GENES_AND_MECHANISM:22,M4-FUNG-0211,GENES_AND_MECHANISM,22,nonstandard_section_requires_mapping,unreviewed
M4-FUNG-0211:GENES_AND_MECHANISM:23,M4-FUNG-0211,GENES_AND_MECHANISM,23,nonstandard_section_requires_mapping,unreviewed
M4-FUNG-0211:GENES_AND_MECHANISM:24,M4-FUNG-0211,GENES_AND_MECHANISM,24,nonstandard_section_requires_mapping,unreviewed
M4-FUNG-0211:GENES_AND_MECHANISM:25,M4-FUNG-0211,GENES_AND_MECHANISM,25,nonstandard_section_requires_mapping,unreviewed
M4-FUNG-0211:GENES_AND_MECHANISM:26,M4-FUNG-0211,GENES_AND_MECHANISM,26,nonstandard_section_requires_mapping,unreviewed
M4-FUNG-0212:GENES_AND_MECHANISM:21,M4-FUNG-0212,GENES_AND_MECHANISM,21,nonstandard_section_requires_mapping,unreviewed
M4-FUNG-0212:GENES_AND_MECHANISM:22,M4-FUNG-0212,GENES_AND_MECHANISM,22,nonstandard_section_requires_mapping,unreviewed
M4-FUNG-0212:GENES_AND_MECHANISM:23,M4-FUNG-0212,GENES_AND_MECHANISM,23,nonstandard_section_requires_mapping,unreviewed
M4-FUNG-0212:GENES_AND_MECHANISM:24,M4-FUNG-0212,GENES_AND_MECHANISM,24,nonstandard_section_requires_mapping,unreviewed
M4-FUNG-0212:GENES_AND_MECHANISM:25,M4-FUNG-0212,GENES_AND_MECHANISM,25,nonstandard_section_requires_mapping,unreviewed
M4-FUNG-0212:GENES_AND_MECHANISM:26,M4-FUNG-0212,GENES_AND_MECHANISM,26,nonstandard_section_requires_mapping,unreviewed
M4-FUNG-0213:GENES_AND_MECHANISM:21,M4-FUNG-0213,GENES_AND_MECHANISM,21,nonstandard_section_requires_mapping,unreviewed
M4-FUNG-0213:GENES_AND_MECHANISM:22,M4-FUNG-0213,GENES_AND_MECHANISM,22,nonstandard_section_requires_mapping,unreviewed
M4-FUNG-0213:GENES_AND_MECHANISM:23,M4-FUNG-0213,GENES_AND_MECHANISM,23,nonstandard_section_requires_mapping,unreviewed
M4-FUNG-0213:GENES_AND_MECHANISM:24,M4-FUNG-0213,GENES_AND_MECHANISM,24,nonstandard_section_requires_mapping,unreviewed
M4-FUNG-0213:GENES_AND_MECHANISM:25,M4-FUNG-0213,GENES_AND_MECHANISM,25,nonstandard_section_requires_mapping,unreviewed
M4-FUNG-0213:GENES_AND_MECHANISM:26,M4-FUNG-0213,GENES_AND_MECHANISM,26,nonstandard_section_requires_mapping,unreviewed
M4-FUNG-0214:GENES_AND_MECHANISM:21,M4-FUNG-0214,GENES_AND_MECHANISM,21,nonstandard_section_requires_mapping,unreviewed
M4-FUNG-0214:GENES_AND_MECHANISM:22,M4-FUNG-0214,GENES_AND_MECHANISM,22,nonstandard_section_requires_mapping,unreviewed
M4-FUNG-0214:GENES_AND_MECHANISM:23,M4-FUNG-0214,GENES_AND_MECHANISM,23,nonstandard_section_requires_mapping,unreviewed
M4-FUNG-0214:GENES_AND_MECHANISM:24,M4-FUNG-0214,GENES_AND_MECHANISM,24,nonstandard_section_requires_mapping,unreviewed
M4-FUNG-0214:GENES_AND_MECHANISM:25,M4-FUNG-0214,GENES_AND_MECHANISM,25,nonstandard_section_requires_mapping,unreviewed
M4-FUNG-0214:GENES_AND_MECHANISM:26,M4-FUNG-0214,GENES_AND_MECHANISM,26,nonstandard_section_requires_mapping,unreviewed
M4-FUNG-0215:GENES_AND_MECHANISM:21,M4-FUNG-0215,GENES_AND_MECHANISM,21,nonstandard_section_requires_mapping,unreviewed
M4-FUNG-0215:GENES_AND_MECHANISM:22,M4-FUNG-0215,GENES_AND_MECHANISM,22,nonstandard_section_requires_mapping,unreviewed
M4-FUNG-0215:GENES_AND_MECHANISM:23,M4-FUNG-0215,GENES_AND_MECHANISM,23,nonstandard_section_requires_mapping,unreviewed
M4-FUNG-0215:GENES_AND_MECHANISM:24,M4-FUNG-0215,GENES_AND_MECHANISM,24,nonstandard_section_requires_mapping,unreviewed
M4-FUNG-0215:GENES_AND_MECHANISM:25,M4-FUNG-0215,GENES_AND_MECHANISM,25,nonstandard_section_requires_mapping,unreviewed
M4-FUNG-0215:GENES_AND_MECHANISM:26,M4-FUNG-0215,GENES_AND_MECHANISM,26,nonstandard_section_requires_mapping,unreviewed
M4-FUNG-0216:GENES_AND_MECHANISM:21,M4-FUNG-0216,GENES_AND_MECHANISM,21,nonstandard_section_requires_mapping,unreviewed
M4-FUNG-0216:GENES_AND_MECHANISM:22,M4-FUNG-0216,GENES_AND_MECHANISM,22,nonstandard_section_requires_mapping,unreviewed
M4-FUNG-0216:GENES_AND_MECHANISM:23,M4-FUNG-0216,GENES_AND_MECHANISM,23,nonstandard_section_requires_mapping,unreviewed
M4-FUNG-0216:GENES_AND_MECHANISM:24,M4-FUNG-0216,GENES_AND_MECHANISM,24,nonstandard_section_requires_mapping,unreviewed
M4-FUNG-0216:GENES_AND_MECHANISM:25,M4-FUNG-0216,GENES_AND_MECHANISM,25,nonstandard_section_requires_mapping,unreviewed
M4-FUNG-0216:GENES_AND_MECHANISM:26,M4-FUNG-0216,GENES_AND_MECHANISM,26,nonstandard_section_requires_mapping,unreviewed
M4-FUNG-0217:GENES_AND_MECHANISM:21,M4-FUNG-0217,GENES_AND_MECHANISM,21,nonstandard_section_requires_mapping,unreviewed
M4-FUNG-0217:GENES_AND_MECHANISM:22,M4-FUNG-0217,GENES_AND_MECHANISM,22,nonstandard_section_requires_mapping,unreviewed
M4-FUNG-0217:GENES_AND_MECHANISM:23,M4-FUNG-0217,GENES_AND_MECHANISM,23,nonstandard_section_requires_mapping,unreviewed
M4-FUNG-0217:GENES_AND_MECHANISM:24,M4-FUNG-0217,GENES_AND_MECHANISM,24,nonstandard_section_requires_mapping,unreviewed
M4-FUNG-0217:GENES_AND_MECHANISM:25,M4-FUNG-0217,GENES_AND_MECHANISM,25,nonstandard_section_requires_mapping,unreviewed
M4-FUNG-0217:GENES_AND_MECHANISM:26,M4-FUNG-0217,GENES_AND_MECHANISM,26,nonstandard_section_requires_mapping,unreviewed
M4-FUNG-0218:GENES_AND_MECHANISM:21,M4-FUNG-0218,GENES_AND_MECHANISM,21,nonstandard_section_requires_mapping,unreviewed
M4-FUNG-0218:GENES_AND_MECHANISM:22,M4-FUNG-0218,GENES_AND_MECHANISM,22,nonstandard_section_requires_mapping,unreviewed
M4-FUNG-0218:GENES_AND_MECHANISM:23,M4-FUNG-0218,GENES_AND_MECHANISM,23,nonstandard_section_requires_mapping,unreviewed
M4-FUNG-0218:GENES_AND_MECHANISM:24,M4-FUNG-0218,GENES_AND_MECHANISM,24,nonstandard_section_requires_mapping,unreviewed
M4-FUNG-0218:GENES_AND_MECHANISM:25,M4-FUNG-0218,GENES_AND_MECHANISM,25,nonstandard_section_requires_mapping,unreviewed
M4-FUNG-0218:GENES_AND_MECHANISM:26,M4-FUNG-0218,GENES_AND_MECHANISM,26,nonstandard_section_requires_mapping,unreviewed
M4-FUNG-0219:GENES_AND_MECHANISM:21,M4-FUNG-0219,GENES_AND_MECHANISM,21,nonstandard_section_requires_mapping,unreviewed
M4-FUNG-0219:GENES_AND_MECHANISM:22,M4-FUNG-0219,GENES_AND_MECHANISM,22,nonstandard_section_requires_mapping,unreviewed
M4-FUNG-0219:GENES_AND_MECHANISM:23,M4-FUNG-0219,GENES_AND_MECHANISM,23,nonstandard_section_requires_mapping,unreviewed
M4-FUNG-0219:GENES_AND_MECHANISM:24,M4-FUNG-0219,GENES_AND_MECHANISM,24,nonstandard_section_requires_mapping,unreviewed
M4-FUNG-0219:GENES_AND_MECHANISM:25,M4-FUNG-0219,GENES_AND_MECHANISM,25,nonstandard_section_requires_mapping,unreviewed
M4-FUNG-0219:GENES_AND_MECHANISM:26,M4-FUNG-0219,GENES_AND_MECHANISM,26,nonstandard_section_requires_mapping,unreviewed
M4-FUNG-0220:GENES_AND_MECHANISM:21,M4-FUNG-0220,GENES_AND_MECHANISM,21,nonstandard_section_requires_mapping,unreviewed
M4-FUNG-0220:GENES_AND_MECHANISM:22,M4-FUNG-0220,GENES_AND_MECHANISM,22,nonstandard_section_requires_mapping,unreviewed
M4-FUNG-0220:GENES_AND_MECHANISM:23,M4-FUNG-0220,GENES_AND_MECHANISM,23,nonstandard_section_requires_mapping,unreviewed
M4-FUNG-0220:GENES_AND_MECHANISM:24,M4-FUNG-0220,GENES_AND_MECHANISM,24,nonstandard_section_requires_mapping,unreviewed
M4-FUNG-0220:GENES_AND_MECHANISM:25,M4-FUNG-0220,GENES_AND_MECHANISM,25,nonstandard_section_requires_mapping,unreviewed
M4-FUNG-0220:GENES_AND_MECHANISM:26,M4-FUNG-0220,GENES_AND_MECHANISM,26,nonstandard_section_requires_mapping,unreviewed
M4-FUNG-0221:GENES_AND_MECHANISM:21,M4-FUNG-0221,GENES_AND_MECHANISM,21,nonstandard_section_requires_mapping,unreviewed
M4-FUNG-0221:GENES_AND_MECHANISM:22,M4-FUNG-0221,GENES_AND_MECHANISM,22,nonstandard_section_requires_mapping,unreviewed
M4-FUNG-0221:GENES_AND_MECHANISM:23,M4-FUNG-0221,GENES_AND_MECHANISM,23,nonstandard_section_requires_mapping,unreviewed
M4-FUNG-0221:GENES_AND_MECHANISM:24,M4-FUNG-0221,GENES_AND_MECHANISM,24,nonstandard_section_requires_mapping,unreviewed
M4-FUNG-0221:GENES_AND_MECHANISM:25,M4-FUNG-0221,GENES_AND_MECHANISM,25,nonstandard_section_requires_mapping,unreviewed
M4-FUNG-0221:GENES_AND_MECHANISM:26,M4-FUNG-0221,GENES_AND_MECHANISM,26,nonstandard_section_requires_mapping,unreviewed
M4-FUNG-0222:GENES_AND_MECHANISM:21,M4-FUNG-0222,GENES_AND_MECHANISM,21,nonstandard_section_requires_mapping,unreviewed
M4-FUNG-0222:GENES_AND_MECHANISM:22,M4-FUNG-0222,GENES_AND_MECHANISM,22,nonstandard_section_requires_mapping,unreviewed
M4-FUNG-0222:GENES_AND_MECHANISM:23,M4-FUNG-0222,GENES_AND_MECHANISM,23,nonstandard_section_requires_mapping,unreviewed
M4-FUNG-0222:GENES_AND_MECHANISM:24,M4-FUNG-0222,GENES_AND_MECHANISM,24,nonstandard_section_requires_mapping,unreviewed
M4-FUNG-0222:GENES_AND_MECHANISM:25,M4-FUNG-0222,GENES_AND_MECHANISM,25,nonstandard_section_requires_mapping,unreviewed
M4-FUNG-0222:GENES_AND_MECHANISM:26,M4-FUNG-0222,GENES_AND_MECHANISM,26,nonstandard_section_requires_mapping,unreviewed
M4-FUNG-0223:GENES_AND_MECHANISM:21,M4-FUNG-0223,GENES_AND_MECHANISM,21,nonstandard_section_requires_mapping,unreviewed
M4-FUNG-0223:GENES_AND_MECHANISM:22,M4-FUNG-0223,GENES_AND_MECHANISM,22,nonstandard_section_requires_mapping,unreviewed
M4-FUNG-0223:GENES_AND_MECHANISM:23,M4-FUNG-0223,GENES_AND_MECHANISM,23,nonstandard_section_requires_mapping,unreviewed
M4-FUNG-0223:GENES_AND_MECHANISM:24,M4-FUNG-0223,GENES_AND_MECHANISM,24,nonstandard_section_requires_mapping,unreviewed
M4-FUNG-0223:GENES_AND_MECHANISM:25,M4-FUNG-0223,GENES_AND_MECHANISM,25,nonstandard_section_requires_mapping,unreviewed
M4-FUNG-0223:GENES_AND_MECHANISM:26,M4-FUNG-0223,GENES_AND_MECHANISM,26,nonstandard_section_requires_mapping,unreviewed
M4-FUNG-0224:GENES_AND_MECHANISM:21,M4-FUNG-0224,GENES_AND_MECHANISM,21,nonstandard_section_requires_mapping,unreviewed
M4-FUNG-0224:GENES_AND_MECHANISM:22,M4-FUNG-0224,GENES_AND_MECHANISM,22,nonstandard_section_requires_mapping,unreviewed
M4-FUNG-0224:GENES_AND_MECHANISM:23,M4-FUNG-0224,GENES_AND_MECHANISM,23,nonstandard_section_requires_mapping,unreviewed
M4-FUNG-0224:GENES_AND_MECHANISM:24,M4-FUNG-0224,GENES_AND_MECHANISM,24,nonstandard_section_requires_mapping,unreviewed
M4-FUNG-0224:GENES_AND_MECHANISM:25,M4-FUNG-0224,GENES_AND_MECHANISM,25,nonstandard_section_requires_mapping,unreviewed
M4-FUNG-0224:GENES_AND_MECHANISM:26,M4-FUNG-0224,GENES_AND_MECHANISM,26,nonstandard_section_requires_mapping,unreviewed
M4-FUNG-0225:GENES_AND_MECHANISM:21,M4-FUNG-0225,GENES_AND_MECHANISM,21,nonstandard_section_requires_mapping,unreviewed
M4-FUNG-0225:GENES_AND_MECHANISM:22,M4-FUNG-0225,GENES_AND_MECHANISM,22,nonstandard_section_requires_mapping,unreviewed
M4-FUNG-0225:GENES_AND_MECHANISM:23,M4-FUNG-0225,GENES_AND_MECHANISM,23,nonstandard_section_requires_mapping,unreviewed
M4-FUNG-0225:GENES_AND_MECHANISM:24,M4-FUNG-0225,GENES_AND_MECHANISM,24,nonstandard_section_requires_mapping,unreviewed
M4-FUNG-0225:GENES_AND_MECHANISM:25,M4-FUNG-0225,GENES_AND_MECHANISM,25,nonstandard_section_requires_mapping,unreviewed
M4-FUNG-0225:GENES_AND_MECHANISM:26,M4-FUNG-0225,GENES_AND_MECHANISM,26,nonstandard_section_requires_mapping,unreviewed
M4-FUNG-0226:GENES_AND_MECHANISM:21,M4-FUNG-0226,GENES_AND_MECHANISM,21,nonstandard_section_requires_mapping,unreviewed
M4-FUNG-0226:GENES_AND_MECHANISM:22,M4-FUNG-0226,GENES_AND_MECHANISM,22,nonstandard_section_requires_mapping,unreviewed
M4-FUNG-0226:GENES_AND_MECHANISM:23,M4-FUNG-0226,GENES_AND_MECHANISM,23,nonstandard_section_requires_mapping,unreviewed
M4-FUNG-0226:GENES_AND_MECHANISM:24,M4-FUNG-0226,GENES_AND_MECHANISM,24,nonstandard_section_requires_mapping,unreviewed
M4-FUNG-0226:GENES_AND_MECHANISM:25,M4-FUNG-0226,GENES_AND_MECHANISM,25,nonstandard_section_requires_mapping,unreviewed
M4-FUNG-0226:GENES_AND_MECHANISM:26,M4-FUNG-0226,GENES_AND_MECHANISM,26,nonstandard_section_requires_mapping,unreviewed
M4-FUNG-0227:GENES_AND_MECHANISM:21,M4-FUNG-0227,GENES_AND_MECHANISM,21,nonstandard_section_requires_mapping,unreviewed
M4-FUNG-0227:GENES_AND_MECHANISM:22,M4-FUNG-0227,GENES_AND_MECHANISM,22,nonstandard_section_requires_mapping,unreviewed
M4-FUNG-0227:GENES_AND_MECHANISM:23,M4-FUNG-0227,GENES_AND_MECHANISM,23,nonstandard_section_requires_mapping,unreviewed
M4-FUNG-0227:GENES_AND_MECHANISM:24,M4-FUNG-0227,GENES_AND_MECHANISM,24,nonstandard_section_requires_mapping,unreviewed
M4-FUNG-0227:GENES_AND_MECHANISM:25,M4-FUNG-0227,GENES_AND_MECHANISM,25,nonstandard_section_requires_mapping,unreviewed
M4-FUNG-0227:GENES_AND_MECHANISM:26,M4-FUNG-0227,GENES_AND_MECHANISM,26,nonstandard_section_requires_mapping,unreviewed
M4-FUNG-0228:GENES_AND_MECHANISM:21,M4-FUNG-0228,GENES_AND_MECHANISM,21,nonstandard_section_requires_mapping,unreviewed
M4-FUNG-0228:GENES_AND_MECHANISM:22,M4-FUNG-0228,GENES_AND_MECHANISM,22,nonstandard_section_requires_mapping,unreviewed
M4-FUNG-0228:GENES_AND_MECHANISM:23,M4-FUNG-0228,GENES_AND_MECHANISM,23,nonstandard_section_requires_mapping,unreviewed
M4-FUNG-0228:GENES_AND_MECHANISM:24,M4-FUNG-0228,GENES_AND_MECHANISM,24,nonstandard_section_requires_mapping,unreviewed
M4-FUNG-0228:GENES_AND_MECHANISM:25,M4-FUNG-0228,GENES_AND_MECHANISM,25,nonstandard_section_requires_mapping,unreviewed
M4-FUNG-0228:GENES_AND_MECHANISM:26,M4-FUNG-0228,GENES_AND_MECHANISM,26,nonstandard_section_requires_mapping,unreviewed
M4-FUNG-0229:GENES_AND_MECHANISM:21,M4-FUNG-0229,GENES_AND_MECHANISM,21,nonstandard_section_requires_mapping,unreviewed
M4-FUNG-0229:GENES_AND_MECHANISM:22,M4-FUNG-0229,GENES_AND_MECHANISM,22,nonstandard_section_requires_mapping,unreviewed
M4-FUNG-0229:GENES_AND_MECHANISM:23,M4-FUNG-0229,GENES_AND_MECHANISM,23,nonstandard_section_requires_mapping,unreviewed
M4-FUNG-0229:GENES_AND_MECHANISM:24,M4-FUNG-0229,GENES_AND_MECHANISM,24,nonstandard_section_requires_mapping,unreviewed
M4-FUNG-0229:GENES_AND_MECHANISM:25,M4-FUNG-0229,GENES_AND_MECHANISM,25,nonstandard_section_requires_mapping,unreviewed
M4-FUNG-0229:GENES_AND_MECHANISM:26,M4-FUNG-0229,GENES_AND_MECHANISM,26,nonstandard_section_requires_mapping,unreviewed
M4-FUNG-0230:GENES_AND_MECHANISM:21,M4-FUNG-0230,GENES_AND_MECHANISM,21,nonstandard_section_requires_mapping,unreviewed
M4-FUNG-0230:GENES_AND_MECHANISM:22,M4-FUNG-0230,GENES_AND_MECHANISM,22,nonstandard_section_requires_mapping,unreviewed
M4-FUNG-0230:GENES_AND_MECHANISM:23,M4-FUNG-0230,GENES_AND_MECHANISM,23,nonstandard_section_requires_mapping,unreviewed
M4-FUNG-0230:GENES_AND_MECHANISM:24,M4-FUNG-0230,GENES_AND_MECHANISM,24,nonstandard_section_requires_mapping,unreviewed
M4-FUNG-0230:GENES_AND_MECHANISM:25,M4-FUNG-0230,GENES_AND_MECHANISM,25,nonstandard_section_requires_mapping,unreviewed
M4-FUNG-0230:GENES_AND_MECHANISM:26,M4-FUNG-0230,GENES_AND_MECHANISM,26,nonstandard_section_requires_mapping,unreviewed
M4-FUNG-0231:GENES_AND_MECHANISM:21,M4-FUNG-0231,GENES_AND_MECHANISM,21,nonstandard_section_requires_mapping,unreviewed
M4-FUNG-0231:GENES_AND_MECHANISM:22,M4-FUNG-0231,GENES_AND_MECHANISM,22,nonstandard_section_requires_mapping,unreviewed
M4-FUNG-0231:GENES_AND_MECHANISM:23,M4-FUNG-0231,GENES_AND_MECHANISM,23,nonstandard_section_requires_mapping,unreviewed
M4-FUNG-0231:GENES_AND_MECHANISM:24,M4-FUNG-0231,GENES_AND_MECHANISM,24,nonstandard_section_requires_mapping,unreviewed
M4-FUNG-0231:GENES_AND_MECHANISM:25,M4-FUNG-0231,GENES_AND_MECHANISM,25,nonstandard_section_requires_mapping,unreviewed
M4-FUNG-0231:GENES_AND_MECHANISM:26,M4-FUNG-0231,GENES_AND_MECHANISM,26,nonstandard_section_requires_mapping,unreviewed
M4-FUNG-0232:GENES_AND_MECHANISM:21,M4-FUNG-0232,GENES_AND_MECHANISM,21,nonstandard_section_requires_mapping,unreviewed
M4-FUNG-0232:GENES_AND_MECHANISM:22,M4-FUNG-0232,GENES_AND_MECHANISM,22,nonstandard_section_requires_mapping,unreviewed
M4-FUNG-0232:GENES_AND_MECHANISM:23,M4-FUNG-0232,GENES_AND_MECHANISM,23,nonstandard_section_requires_mapping,unreviewed
M4-FUNG-0232:GENES_AND_MECHANISM:24,M4-FUNG-0232,GENES_AND_MECHANISM,24,nonstandard_section_requires_mapping,unreviewed
M4-FUNG-0232:GENES_AND_MECHANISM:25,M4-FUNG-0232,GENES_AND_MECHANISM,25,nonstandard_section_requires_mapping,unreviewed
M4-FUNG-0232:GENES_AND_MECHANISM:26,M4-FUNG-0232,GENES_AND_MECHANISM,26,nonstandard_section_requires_mapping,unreviewed
M4-FUNG-0233:GENES_AND_MECHANISM:21,M4-FUNG-0233,GENES_AND_MECHANISM,21,nonstandard_section_requires_mapping,unreviewed
M4-FUNG-0233:GENES_AND_MECHANISM:22,M4-FUNG-0233,GENES_AND_MECHANISM,22,nonstandard_section_requires_mapping,unreviewed
M4-FUNG-0233:GENES_AND_MECHANISM:23,M4-FUNG-0233,GENES_AND_MECHANISM,23,nonstandard_section_requires_mapping,unreviewed
M4-FUNG-0233:GENES_AND_MECHANISM:24,M4-FUNG-0233,GENES_AND_MECHANISM,24,nonstandard_section_requires_mapping,unreviewed
M4-FUNG-0233:GENES_AND_MECHANISM:25,M4-FUNG-0233,GENES_AND_MECHANISM,25,nonstandard_section_requires_mapping,unreviewed
M4-FUNG-0233:GENES_AND_MECHANISM:26,M4-FUNG-0233,GENES_AND_MECHANISM,26,nonstandard_section_requires_mapping,unreviewed
M4-FUNG-0234:GENES_AND_MECHANISM:21,M4-FUNG-0234,GENES_AND_MECHANISM,21,nonstandard_section_requires_mapping,unreviewed
M4-FUNG-0234:GENES_AND_MECHANISM:22,M4-FUNG-0234,GENES_AND_MECHANISM,22,nonstandard_section_requires_mapping,unreviewed
M4-FUNG-0234:GENES_AND_MECHANISM:23,M4-FUNG-0234,GENES_AND_MECHANISM,23,nonstandard_section_requires_mapping,unreviewed
M4-FUNG-0234:GENES_AND_MECHANISM:24,M4-FUNG-0234,GENES_AND_MECHANISM,24,nonstandard_section_requires_mapping,unreviewed
M4-FUNG-0234:GENES_AND_MECHANISM:25,M4-FUNG-0234,GENES_AND_MECHANISM,25,nonstandard_section_requires_mapping,unreviewed
M4-FUNG-0234:GENES_AND_MECHANISM:26,M4-FUNG-0234,GENES_AND_MECHANISM,26,nonstandard_section_requires_mapping,unreviewed
M4-FUNG-0235:GENES_AND_MECHANISM:21,M4-FUNG-0235,GENES_AND_MECHANISM,21,nonstandard_section_requires_mapping,unreviewed
M4-FUNG-0235:GENES_AND_MECHANISM:22,M4-FUNG-0235,GENES_AND_MECHANISM,22,nonstandard_section_requires_mapping,unreviewed
M4-FUNG-0235:GENES_AND_MECHANISM:23,M4-FUNG-0235,GENES_AND_MECHANISM,23,nonstandard_section_requires_mapping,unreviewed
M4-FUNG-0235:GENES_AND_MECHANISM:24,M4-FUNG-0235,GENES_AND_MECHANISM,24,nonstandard_section_requires_mapping,unreviewed
M4-FUNG-0235:GENES_AND_MECHANISM:25,M4-FUNG-0235,GENES_AND_MECHANISM,25,nonstandard_section_requires_mapping,unreviewed
M4-FUNG-0235:GENES_AND_MECHANISM:26,M4-FUNG-0235,GENES_AND_MECHANISM,26,nonstandard_section_requires_mapping,unreviewed
M4-FUNG-0236:GENES_AND_MECHANISM:21,M4-FUNG-0236,GENES_AND_MECHANISM,21,nonstandard_section_requires_mapping,unreviewed
M4-FUNG-0236:GENES_AND_MECHANISM:22,M4-FUNG-0236,GENES_AND_MECHANISM,22,nonstandard_section_requires_mapping,unreviewed
M4-FUNG-0236:GENES_AND_MECHANISM:23,M4-FUNG-0236,GENES_AND_MECHANISM,23,nonstandard_section_requires_mapping,unreviewed
M4-FUNG-0236:GENES_AND_MECHANISM:24,M4-FUNG-0236,GENES_AND_MECHANISM,24,nonstandard_section_requires_mapping,unreviewed
M4-FUNG-0236:GENES_AND_MECHANISM:25,M4-FUNG-0236,GENES_AND_MECHANISM,25,nonstandard_section_requires_mapping,unreviewed
M4-FUNG-0236:GENES_AND_MECHANISM:26,M4-FUNG-0236,GENES_AND_MECHANISM,26,nonstandard_section_requires_mapping,unreviewed
M4-FUNG-0237:GENES_AND_MECHANISM:21,M4-FUNG-0237,GENES_AND_MECHANISM,21,nonstandard_section_requires_mapping,unreviewed
M4-FUNG-0237:GENES_AND_MECHANISM:22,M4-FUNG-0237,GENES_AND_MECHANISM,22,nonstandard_section_requires_mapping,unreviewed
M4-FUNG-0237:GENES_AND_MECHANISM:23,M4-FUNG-0237,GENES_AND_MECHANISM,23,nonstandard_section_requires_mapping,unreviewed
M4-FUNG-0237:GENES_AND_MECHANISM:24,M4-FUNG-0237,GENES_AND_MECHANISM,24,nonstandard_section_requires_mapping,unreviewed
M4-FUNG-0237:GENES_AND_MECHANISM:25,M4-FUNG-0237,GENES_AND_MECHANISM,25,nonstandard_section_requires_mapping,unreviewed
M4-FUNG-0237:GENES_AND_MECHANISM:26,M4-FUNG-0237,GENES_AND_MECHANISM,26,nonstandard_section_requires_mapping,unreviewed
M4-FUNG-0594:Q005:subject,M4-FUNG-0594,MEASUREMENTS,134,measurement_subject_reference_not_experiment,unreviewed
M4-FUNG-0596:Q002:subject,M4-FUNG-0596,MEASUREMENTS,131,measurement_subject_reference_not_experiment,unreviewed
M4-FUNG-0598:Q003:subject,M4-FUNG-0598,MEASUREMENTS,132,measurement_subject_reference_not_experiment,unreviewed
M4-FUNG-0600:Q003:subject,M4-FUNG-0600,MEASUREMENTS,132,measurement_subject_reference_not_experiment,unreviewed
M4-FUNG-0601:Q002:subject,M4-FUNG-0601,MEASUREMENTS,131,measurement_subject_reference_not_experiment,unreviewed
M4-FUNG-0602:Q003:subject,M4-FUNG-0602,MEASUREMENTS,132,measurement_subject_reference_not_experiment,unreviewed
M4-FUNG-0603:Q003:subject,M4-FUNG-0603,MEASUREMENTS,132,measurement_subject_reference_not_experiment,unreviewed
M4-FUNG-0604:Q003:subject,M4-FUNG-0604,MEASUREMENTS,132,measurement_subject_reference_not_experiment,unreviewed
M4-FUNG-0605:Q003:subject,M4-FUNG-0605,MEASUREMENTS,132,measurement_subject_reference_not_experiment,unreviewed
M4-FUNG-0606:Q003:subject,M4-FUNG-0606,MEASUREMENTS,132,measurement_subject_reference_not_experiment,unreviewed
M4-FUNG-0608:Q001:subject,M4-FUNG-0608,MEASUREMENTS,130,measurement_subject_reference_not_experiment,unreviewed
M4-FUNG-0609:Q001:subject,M4-FUNG-0609,MEASUREMENTS,130,measurement_subject_reference_not_experiment,unreviewed
