observation_id,dossier_id,experiment_key,observation_type,subject_type,subject_id,value_raw,measurement_scale,timepoint_raw,source_ids,source_row,normalization_status
OBS_7dd132a01ff4,M4-FUNG-0001,M4-FUNG-0001:E001,experiment_outcome_raw,EXPERIMENT,M4-FUNG-0001:E001,AFT10 disruption reduced toxin production and pathogenicity,qualitative_or_composite,,S002,128,unreviewed
OBS_68e9d77c5438,M4-FUNG-0001,M4-FUNG-0001:E002,experiment_outcome_raw,EXPERIMENT,M4-FUNG-0001:E002,AF-toxin I accumulated during germination; other congeners differed in detectability,qualitative_or_composite,early germination time course,S004,129,unreviewed
OBS_2c3503cc7b66,M4-FUNG-0001,M4-FUNG-0001:E002,measurement,EXPERIMENT,M4-FUNG-0001:E002,0.08,quantitative,6 h,S004,141,mapped
OBS_f8143ee267e2,M4-FUNG-0002,M4-FUNG-0002:E001,experiment_outcome_raw,EXPERIMENT,M4-FUNG-0002:E001,"Weak aflR transcription; avnA, vbs, verB and omtA transcripts not detected in RIB40/group-1 strains; producer control expressed tested genes",qualitative_or_composite,2 days,S002,141,unreviewed
OBS_f908de177f79,M4-FUNG-0002,M4-FUNG-0002:E002,experiment_outcome_raw,EXPERIMENT,M4-FUNG-0002:E002,122 strains group 1 (all seven tested loci); 77 group 2; 9 group 3; 2 other. All 210 had previously been reported non-aflatoxigenic.,qualitative_or_composite,single survey,S002,142,unreviewed
OBS_d562ce676187,M4-FUNG-0002,M4-FUNG-0002:E003,experiment_outcome_raw,EXPERIMENT,M4-FUNG-0002:E003,A. oryzae AflJ/AflS allele failed to support downstream AF-gene expression; A. flavus allele was functional; AflR substitutions were not the causal defect in this assay.,qualitative_or_composite,NR,S003,143,unreviewed
OBS_1923adeecc2a,M4-FUNG-0002,M4-FUNG-0002:E004,experiment_outcome_raw,EXPERIMENT,M4-FUNG-0002:E004,"Aflatoxins were not detected in strains carrying the RIB40-type cluster genotype, supporting functional impairment of this allele set.",qualitative_or_composite,NR,S004,144,unreviewed
OBS_60ceab8f4095,M4-FUNG-0002,M4-FUNG-0002:E005,experiment_outcome_raw,EXPERIMENT,M4-FUNG-0002:E005,"Group-2 strains carried a large deletion removing more than half of the aflatoxin-homologous cluster, including aflR, associated with chromosomal breakage.",qualitative_or_composite,NR,S005,145,unreviewed
OBS_886efd9ebdb7,M4-FUNG-0002,M4-FUNG-0002:E001,measurement,EXPERIMENT,M4-FUNG-0002:E001,11.6,quantitative,2 days,S002,154,mapped
OBS_dab292e73a09,M4-FUNG-0002,M4-FUNG-0002:E002,measurement,EXPERIMENT,M4-FUNG-0002:E002,122,quantitative,survey,S002,155,mapped
OBS_f228839669e8,M4-FUNG-0002,M4-FUNG-0002:E002,measurement,EXPERIMENT,M4-FUNG-0002:E002,77,quantitative,survey,S002,156,mapped
OBS_9f6b10b86803,M4-FUNG-0002,M4-FUNG-0002:E002,measurement,EXPERIMENT,M4-FUNG-0002:E002,9,quantitative,survey,S002,157,mapped
OBS_a41de2e4e0a2,M4-FUNG-0002,M4-FUNG-0002:E002,measurement,EXPERIMENT,M4-FUNG-0002:E002,2,quantitative,survey,S002,158,mapped
OBS_0f9350ee03c1,M4-FUNG-0003,M4-FUNG-0003:E001,experiment_outcome_raw,EXPERIMENT,M4-FUNG-0003:E001,"82,081-bp region completed; ~70-kb core aflatoxin cluster contains 25 pathway genes/ORFs plus an adjacent 4-gene sugar-utilization region",qualitative_or_composite,sequence study,S002; S003; S004,147,unreviewed
OBS_0314bdc930c8,M4-FUNG-0003,M4-FUNG-0003:E002,experiment_outcome_raw,EXPERIMENT,M4-FUNG-0003:E002,"pksA disruption abolishes aflatoxin B1 biosynthesis/early pathway output, establishing the core PKS requirement",qualitative_or_composite,endpoint,S005,148,unreviewed
OBS_46e41b31c10c,M4-FUNG-0003,M4-FUNG-0003:E003,experiment_outcome_raw,EXPERIMENT,M4-FUNG-0003:E003,"Extra aflR increased aflR, nor-1, ver-1 and omt-1 transcription and relieved nitrate inhibition of aflatoxin biosynthesis",qualitative_or_composite,endpoint,S006,149,unreviewed
OBS_bb6340dbe0d2,M4-FUNG-0003,M4-FUNG-0003:E004,experiment_outcome_raw,EXPERIMENT,M4-FUNG-0003:E004,"aflR disruption eliminated OMST accumulation and abolished aflR, ver-1 and omtA transcripts",qualitative_or_composite,endpoint,S007,150,unreviewed
OBS_cb32ff8b04be,M4-FUNG-0003,M4-FUNG-0003:E005,experiment_outcome_raw,EXPERIMENT,M4-FUNG-0003:E005,"Native-locus reporter expressed under inducing conditions; ectopic integrations showed little/no expression. At 24 h nor-1 and aflatoxin were absent, while both were high at 48–72 h.",qualitative_or_composite,"24, 48, 72 h",S008,151,unreviewed
OBS_776e0a2eab87,M4-FUNG-0003,M4-FUNG-0003:E006,experiment_outcome_raw,EXPERIMENT,M4-FUNG-0003:E006,Six disruption transformants lacked aflatoxin G1 while retaining B-aflatoxin production; cypA is required for G-aflatoxin branch formation,qualitative_or_composite,3 days,S009,152,unreviewed
OBS_7b0a04504bc9,M4-FUNG-0003,M4-FUNG-0003:E007,experiment_outcome_raw,EXPERIMENT,M4-FUNG-0003:E007,Partial duplicated module aflR-aflS(old aflJ)-adhA-estA-norA-ver1-omtB identified; several duplicated structural genes are damaged. AflR2 retains transcriptional activity but cannot fully replace aflR1 in vivo.,qualitative_or_composite,endpoint,S010,153,unreviewed
OBS_08d693d86d1a,M4-FUNG-0003,M4-FUNG-0003:E001,measurement,EXPERIMENT,M4-FUNG-0003:E001,82081,quantitative,sequence,S002; S003,160,mapped
OBS_9ae8316143d9,M4-FUNG-0003,M4-FUNG-0003:E001,measurement,EXPERIMENT,M4-FUNG-0003:E001,25,quantitative,sequence,S003; S004,161,mapped
OBS_3d092934abbf,M4-FUNG-0003,M4-FUNG-0003:E001,measurement,EXPERIMENT,M4-FUNG-0003:E001,4,quantitative,sequence,S003,162,mapped
OBS_b9edd306ccaa,M4-FUNG-0003,M4-FUNG-0003:E005,measurement,EXPERIMENT,M4-FUNG-0003:E005,not detected,qualitative_or_text,24 h,S008,163,mapped
OBS_f680e6ec943c,M4-FUNG-0003,M4-FUNG-0003:E005,measurement,EXPERIMENT,M4-FUNG-0003:E005,high,qualitative_or_text,48–72 h,S008,164,mapped
OBS_5f90a92dc060,M4-FUNG-0003,M4-FUNG-0003:E006,measurement,EXPERIMENT,M4-FUNG-0003:E006,6,quantitative,3 days,S009,165,mapped
OBS_fea09c50d5cc,M4-FUNG-0003,M4-FUNG-0003:E006,measurement,EXPERIMENT,M4-FUNG-0003:E006,1,quantitative,3 days,S009,166,mapped
OBS_cf9edc23ad7b,M4-FUNG-0004,M4-FUNG-0004:E001,experiment_outcome_raw,EXPERIMENT,M4-FUNG-0004:E001,AY510451.1 established the complete AF13 aflatoxin-cluster sequence; proximal comparison revealed deletion of the ancestral norB–cypA module,qualitative_or_composite,sequence study,S002; S004,139,unreviewed
OBS_33c3ec07e9ed,M4-FUNG-0004,M4-FUNG-0004:E002,experiment_outcome_raw,EXPERIMENT,M4-FUNG-0004:E002,No norB or cypA transcript detected in A. flavus AF13/AF70; promoter and 5' coding regions are deleted,qualitative_or_composite,3 days,S004,140,unreviewed
OBS_2cb523308b6c,M4-FUNG-0004,M4-FUNG-0004:E003,experiment_outcome_raw,EXPERIMENT,M4-FUNG-0004:E003,Petroleum-ether lipid removal reduced AFB1 >800-fold; reconstitution restored output. In the time course AFB1 rose from day 1 and peaked day 5.,qualitative_or_composite,5-day endpoint; separate 0–7-day time course,S006,141,unreviewed
OBS_f8156ba5670b,M4-FUNG-0004,M4-FUNG-0004:E004,experiment_outcome_raw,EXPERIMENT,M4-FUNG-0004:E004,AF13 produced significantly more aflatoxin contamination than NRRL3357 (P=0.0447),qualitative_or_composite,endpoint,S005,142,unreviewed
OBS_b31d7016ed6c,M4-FUNG-0004,M4-FUNG-0004:E005,experiment_outcome_raw,EXPERIMENT,M4-FUNG-0004:E005,No observable/significant aflatoxin-production effect of atfC deletion under this liquid-stress assay despite altered stress tolerance,qualitative_or_composite,5 days,S005,143,unreviewed
OBS_03c450115eb5,M4-FUNG-0004,M4-FUNG-0004:E006,experiment_outcome_raw,EXPERIMENT,M4-FUNG-0004:E006,ΔatfC-1 remained near WT aflatoxin output whereas ΔatfC-2 fell to NRRL3357-like levels,qualitative_or_composite,endpoint,S005,144,unreviewed
OBS_9c49715c2a9c,M4-FUNG-0004,M4-FUNG-0004:E007,experiment_outcome_raw,EXPERIMENT,M4-FUNG-0004:E007,AF13 alone repeatedly yielded >50 µg/g aflatoxin B at maturity; co-inoculation with AF36 reduced contamination,qualitative_or_composite,maturity,S008,145,unreviewed
OBS_9f9394fd5fb2,M4-FUNG-0004,M4-FUNG-0004:E008,experiment_outcome_raw,EXPERIMENT,M4-FUNG-0004:E008,"Six cypA-disruption transformants produced B1 plus minor B2 but lacked G1, establishing cypA as required for the G branch",qualitative_or_composite,3 days,S004,146,unreviewed
OBS_51da0be49448,M4-FUNG-0004,M4-FUNG-0004:E001,measurement,EXPERIMENT,M4-FUNG-0004:E001,88318,quantitative,sequence,S001; S002,150,mapped
OBS_f5d161c320a1,M4-FUNG-0004,M4-FUNG-0004:E001,measurement,EXPERIMENT,M4-FUNG-0004:E001,854,quantitative,sequence,S004,151,mapped
OBS_9e447cbeb6c8,M4-FUNG-0004,M4-FUNG-0004:E001,measurement,EXPERIMENT,M4-FUNG-0004:E001,32,quantitative,sequence,S004,152,mapped
OBS_9acd78164945,M4-FUNG-0004,M4-FUNG-0004:E002,measurement,EXPERIMENT,M4-FUNG-0004:E002,not detected,qualitative_or_text,3 days,S004,153,mapped
OBS_cd13e2a3774b,M4-FUNG-0004,M4-FUNG-0004:E003,measurement,EXPERIMENT,M4-FUNG-0004:E003,11.6,quantitative,5 days,S006,154,mapped
OBS_dc0d5961e27c,M4-FUNG-0004,M4-FUNG-0004:E003,measurement,EXPERIMENT,M4-FUNG-0004:E003,0.014,quantitative,5 days,S006,155,mapped
OBS_4c972b04ef2b,M4-FUNG-0004,M4-FUNG-0004:E003,measurement,EXPERIMENT,M4-FUNG-0004:E003,13,quantitative,5 days,S006,156,mapped
OBS_e92bf31e6be2,M4-FUNG-0004,M4-FUNG-0004:E003,measurement,EXPERIMENT,M4-FUNG-0004:E003,107,quantitative,5 days,S006,157,mapped
OBS_4d4a01e2b726,M4-FUNG-0004,M4-FUNG-0004:E003,measurement,EXPERIMENT,M4-FUNG-0004:E003,534,quantitative,5 days,S006,158,mapped
OBS_9a86651408d2,M4-FUNG-0004,M4-FUNG-0004:E003,measurement,EXPERIMENT,M4-FUNG-0004:E003,704,quantitative,5 days,S006,159,mapped
OBS_e40bf8f074f9,M4-FUNG-0004,M4-FUNG-0004:E003,measurement,EXPERIMENT,M4-FUNG-0004:E003,7490,quantitative,5 days,S006,160,mapped
OBS_b407dc8bc299,M4-FUNG-0004,M4-FUNG-0004:E003,measurement,EXPERIMENT,M4-FUNG-0004:E003,day 5,qualitative_or_text,day 5,S006,161,mapped
OBS_da23cfc1760b,M4-FUNG-0004,M4-FUNG-0004:E004,measurement,EXPERIMENT,M4-FUNG-0004:E004,0.0447,quantitative,endpoint,S005,162,mapped
OBS_a5b35f6fdb8e,M4-FUNG-0004,M4-FUNG-0004:E007,measurement,EXPERIMENT,M4-FUNG-0004:E007,>50,qualitative_or_text,maturity,S008,163,mapped
OBS_b85b53732548,M4-FUNG-0004,M4-FUNG-0004:E008,measurement,EXPERIMENT,M4-FUNG-0004:E008,6,quantitative,3 days,S004,164,mapped
OBS_5957c18e7523,M4-FUNG-0005,M4-FUNG-0005:E001,experiment_outcome_raw,EXPERIMENT,M4-FUNG-0005:E001,Urea caused massive increases in B1 and G1 compared with ammonium; effect persisted at both 45 and 100 mM N,qualitative_or_composite,5 days,S002,141,unreviewed
OBS_80eb259194c7,M4-FUNG-0005,M4-FUNG-0005:E002,experiment_outcome_raw,EXPERIMENT,M4-FUNG-0005:E002,"S_BG aflatoxin levels were up to 20-fold lower on nitrate; aflR usually changed little, while aflJ/aflS expression was ~2-fold lower on nitrate",qualitative_or_composite,endpoint,S003,142,unreviewed
OBS_62c46c51ec4a,M4-FUNG-0005,M4-FUNG-0005:E003,experiment_outcome_raw,EXPERIMENT,M4-FUNG-0005:E003,"Unlike typical A. flavus SB strains, acidification to final pH ~2.5–2.8 strongly suppressed BN008R B1/G1 accumulation",qualitative_or_composite,4 days,S005,143,unreviewed
OBS_de1cf780a914,M4-FUNG-0005,M4-FUNG-0005:E004,experiment_outcome_raw,EXPERIMENT,M4-FUNG-0005:E004,"B1/G1 rose strongly as pH increased; G1 was particularly suppressed at low pH, while transcript changes only partially tracked product output",qualitative_or_composite,3 d RNA / 4 d toxin,S005,144,unreviewed
OBS_b9054357e3ed,M4-FUNG-0005,M4-FUNG-0005:E005,experiment_outcome_raw,EXPERIMENT,M4-FUNG-0005:E005,BN008R retains norB and cypA without the large deletions characteristic of canonical B-only A. flavus; only a small indel was reported in this region,qualitative_or_composite,sequence study,S004,145,unreviewed
OBS_9bf13082b88b,M4-FUNG-0005,M4-FUNG-0005:E006,experiment_outcome_raw,EXPERIMENT,M4-FUNG-0005:E006,cypA disruption eliminated G-aflatoxin production while retaining B1 and minor B2,qualitative_or_composite,endpoint,S004,146,unreviewed
OBS_83883aeedbc9,M4-FUNG-0005,M4-FUNG-0005:E001,measurement,EXPERIMENT,M4-FUNG-0005:E001,6,quantitative,5 d,S002,152,mapped
OBS_bb4eee6750bb,M4-FUNG-0005,M4-FUNG-0005:E001,measurement,EXPERIMENT,M4-FUNG-0005:E001,940,quantitative,5 d,S002,153,mapped
OBS_9f490824a640,M4-FUNG-0005,M4-FUNG-0005:E001,measurement,EXPERIMENT,M4-FUNG-0005:E001,0,quantitative,5 d,S002,154,mapped
OBS_cb39cd8f7207,M4-FUNG-0005,M4-FUNG-0005:E001,measurement,EXPERIMENT,M4-FUNG-0005:E001,270,quantitative,5 d,S002,155,mapped
OBS_aebbe9aa04f1,M4-FUNG-0005,M4-FUNG-0005:E001,measurement,EXPERIMENT,M4-FUNG-0005:E001,16,quantitative,5 d,S002,156,mapped
OBS_32ac4d7a7791,M4-FUNG-0005,M4-FUNG-0005:E001,measurement,EXPERIMENT,M4-FUNG-0005:E001,1400,quantitative,5 d,S002,157,mapped
OBS_1f78ba34418b,M4-FUNG-0005,M4-FUNG-0005:E001,measurement,EXPERIMENT,M4-FUNG-0005:E001,0.04,quantitative,5 d,S002,158,mapped
OBS_68bd9b216edc,M4-FUNG-0005,M4-FUNG-0005:E001,measurement,EXPERIMENT,M4-FUNG-0005:E001,1900,quantitative,5 d,S002,159,mapped
OBS_fa80b207bcaa,M4-FUNG-0005,M4-FUNG-0005:E004,measurement,EXPERIMENT,M4-FUNG-0005:E004,15,quantitative,4 d,S005,160,mapped
OBS_43c0cd285aa4,M4-FUNG-0005,M4-FUNG-0005:E004,measurement,EXPERIMENT,M4-FUNG-0005:E004,1,quantitative,4 d,S005,161,mapped
OBS_2e00e2da7d00,M4-FUNG-0005,M4-FUNG-0005:E004,measurement,EXPERIMENT,M4-FUNG-0005:E004,793,quantitative,4 d,S005,162,mapped
OBS_5e5f46054483,M4-FUNG-0005,M4-FUNG-0005:E004,measurement,EXPERIMENT,M4-FUNG-0005:E004,1820,quantitative,4 d,S005,163,mapped
OBS_0b02e186796f,M4-FUNG-0005,M4-FUNG-0005:E004,measurement,EXPERIMENT,M4-FUNG-0005:E004,3,quantitative,3 d,S005,164,mapped
OBS_48cc23f0f22a,M4-FUNG-0005,M4-FUNG-0005:E004,measurement,EXPERIMENT,M4-FUNG-0005:E004,5.5,quantitative,3 d,S005,165,mapped
OBS_074a9bef60bd,M4-FUNG-0005,M4-FUNG-0005:E004,measurement,EXPERIMENT,M4-FUNG-0005:E004,10.2,quantitative,3 d,S005,166,mapped
OBS_47755960effc,M4-FUNG-0005,M4-FUNG-0005:E004,measurement,EXPERIMENT,M4-FUNG-0005:E004,0.25,quantitative,pH series,S005,167,mapped
OBS_e6af8a9147b1,M4-FUNG-0006,M4-FUNG-0006:E001,experiment_outcome_raw,EXPERIMENT,M4-FUNG-0006:E001,AF70 formed abundant small sclerotia and produced ~4-fold more AFB1 and ~3.5-fold more AFB2 than NRRL3357,qualitative_or_composite,6 days for YGT morphology,S005,139,unreviewed
OBS_0753c85546ff,M4-FUNG-0006,M4-FUNG-0006:E002,experiment_outcome_raw,EXPERIMENT,M4-FUNG-0006:E002,AFB1 was ~455.79 ppm on corn versus 43.67 ppm in PDB; 17 of 44 AF70 corn-upregulated sequences mapped to the aflatoxin cluster,qualitative_or_composite,10 days,S006,140,unreviewed
OBS_ed751c38d32a,M4-FUNG-0006,M4-FUNG-0006:E003,experiment_outcome_raw,EXPERIMENT,M4-FUNG-0006:E003,AFB1 was ~300–380 µg/g at pH2.5–4.5 and ~1050 µg/g at pH5.5; G1 remained undetectable; transcription changed nonuniformly,qualitative_or_composite,3 d RNA / 4 d toxin,S007,141,unreviewed
OBS_5d1c51796111,M4-FUNG-0006,M4-FUNG-0006:E004,experiment_outcome_raw,EXPERIMENT,M4-FUNG-0006:E004,Δhbx1 lacked conidia and sclerotia and failed to produce detectable AFB1 or AFB2; complementation restored phenotypes,qualitative_or_composite,endpoint/time-course,S008,142,unreviewed
OBS_a25f9228b870,M4-FUNG-0006,M4-FUNG-0006:E005,experiment_outcome_raw,EXPERIMENT,M4-FUNG-0006:E005,Most aflatoxin-cluster genes were suppressed in Δhbx1; Hbx1 affected thousands of genes and many secondary-metabolite clusters,qualitative_or_composite,6 h; 24 h; 48 h,S009,143,unreviewed
OBS_2e4e6a046bc4,M4-FUNG-0006,M4-FUNG-0006:E006,experiment_outcome_raw,EXPERIMENT,M4-FUNG-0006:E006,fhpA disruption significantly increased AFB1; overexpression caused a slight non-significant increase,qualitative_or_composite,7 days,S010,144,unreviewed
OBS_401659f19ca5,M4-FUNG-0006,M4-FUNG-0006:E007,experiment_outcome_raw,EXPERIMENT,M4-FUNG-0006:E007,"1192 transitions/transversions distinguished clusters; AF70 contained 742 deleted bases in the alignment, with largest deletion concentration in aflF/aflU region",qualitative_or_composite,sequence study,S005,145,unreviewed
OBS_10208c778609,M4-FUNG-0006,M4-FUNG-0006:E001,measurement,EXPERIMENT,M4-FUNG-0006:E001,4,quantitative,endpoint,S005,150,mapped
OBS_a18cdec0cb5a,M4-FUNG-0006,M4-FUNG-0006:E001,measurement,EXPERIMENT,M4-FUNG-0006:E001,3.5,quantitative,endpoint,S005,151,mapped
OBS_d81e9a0e43c8,M4-FUNG-0006,M4-FUNG-0006:E002,measurement,EXPERIMENT,M4-FUNG-0006:E002,455.79,quantitative,10 d,S006,152,mapped
OBS_9cc4d5626220,M4-FUNG-0006,M4-FUNG-0006:E002,measurement,EXPERIMENT,M4-FUNG-0006:E002,43.67,quantitative,10 d,S006,153,mapped
OBS_448bb2c12d1a,M4-FUNG-0006,M4-FUNG-0006:E002,measurement,EXPERIMENT,M4-FUNG-0006:E002,17,quantitative,10 d,S006,154,mapped
OBS_da57d550bca4,M4-FUNG-0006,M4-FUNG-0006:E002,measurement,EXPERIMENT,M4-FUNG-0006:E002,231,quantitative,10 d,S006,155,mapped
OBS_5421abe91e8e,M4-FUNG-0006,M4-FUNG-0006:E002,measurement,EXPERIMENT,M4-FUNG-0006:E002,231,quantitative,10 d,S006,156,mapped
OBS_b333eb3f3f3b,M4-FUNG-0006,M4-FUNG-0006:E002,measurement,EXPERIMENT,M4-FUNG-0006:E002,39,quantitative,10 d,S006,157,mapped
OBS_fbdb5bb9e8b2,M4-FUNG-0006,M4-FUNG-0006:E003,measurement,EXPERIMENT,M4-FUNG-0006:E003,380,quantitative,4 d,S007,158,mapped
OBS_78a0637bbb28,M4-FUNG-0006,M4-FUNG-0006:E003,measurement,EXPERIMENT,M4-FUNG-0006:E003,370,quantitative,4 d,S007,159,mapped
OBS_36a188a2baca,M4-FUNG-0006,M4-FUNG-0006:E003,measurement,EXPERIMENT,M4-FUNG-0006:E003,300,quantitative,4 d,S007,160,mapped
OBS_2c685c20a1cc,M4-FUNG-0006,M4-FUNG-0006:E003,measurement,EXPERIMENT,M4-FUNG-0006:E003,1050,quantitative,4 d,S007,161,mapped
OBS_09a236cff38e,M4-FUNG-0006,M4-FUNG-0006:E003,measurement,EXPERIMENT,M4-FUNG-0006:E003,0,quantitative,all tested pH,S007,162,mapped
OBS_1095f631e7c9,M4-FUNG-0006,M4-FUNG-0006:E007,measurement,EXPERIMENT,M4-FUNG-0006:E007,1192,quantitative,sequence,S005,163,mapped
OBS_a424fc338dfd,M4-FUNG-0006,M4-FUNG-0006:E007,measurement,EXPERIMENT,M4-FUNG-0006:E007,742,quantitative,sequence,S005,164,mapped
OBS_afae13f603ab,M4-FUNG-0007,M4-FUNG-0007:E001,experiment_outcome_raw,EXPERIMENT,M4-FUNG-0007:E001,Ex-type strain established as a distinct aflatoxigenic species and producer of B/G aflatoxins,qualitative_or_composite,endpoint,S003,141,unreviewed
OBS_cc9e43ee1080,M4-FUNG-0007,M4-FUNG-0007:E002,experiment_outcome_raw,EXPERIMENT,M4-FUNG-0007:E002,NRRL 13137 retains intact norB and cypA; G-producing species contrast with A. flavus deletions,qualitative_or_composite,sequence / 3-day production assays in study,S004,142,unreviewed
OBS_8e58664e3769,M4-FUNG-0007,M4-FUNG-0007:E003,experiment_outcome_raw,EXPERIMENT,M4-FUNG-0007:E003,"In GMS, toxin increased with higher initial spore density; in PMS, high density—especially ≥10^5 spores/mL—suppressed aflatoxin biosynthesis",qualitative_or_composite,3 days,S006,143,unreviewed
OBS_9de40407c153,M4-FUNG-0007,M4-FUNG-0007:E004,experiment_outcome_raw,EXPERIMENT,M4-FUNG-0007:E004,Arachidin-3 substantially inhibited fungal formation and AFB1 accumulation; arachidin-1 altered conidial development but did not significantly inhibit all four aflatoxins,qualitative_or_composite,24–120 h,S007,144,unreviewed
OBS_30d3b06f8ad0,M4-FUNG-0007,M4-FUNG-0007:E005,experiment_outcome_raw,EXPERIMENT,M4-FUNG-0007:E005,"~36-Mb genome, 11,918 protein-coding genes; MAT1-1 only",qualitative_or_composite,overnight,S005,145,unreviewed
OBS_aa1fb989fefb,M4-FUNG-0007,M4-FUNG-0007:E006,experiment_outcome_raw,EXPERIMENT,M4-FUNG-0007:E006,"Growth and aflR/aflD/aflQ expression were maximal at 30°C, whereas maximum B/G aflatoxin production occurred at 25°C",qualitative_or_composite,study endpoint,S009,146,unreviewed
OBS_9d1495e0ba68,M4-FUNG-0007,M4-FUNG-0007:E007,experiment_outcome_raw,EXPERIMENT,M4-FUNG-0007:E007,Cluster expression began day 2; B1/G1 detected day 3; from day 4 all four aflatoxins detected with approximate ordering G1>B1>G2>B2,qualitative_or_composite,days 2–7,S010,147,unreviewed
OBS_4fea89571137,M4-FUNG-0007,M4-FUNG-0007:E002,measurement,EXPERIMENT,M4-FUNG-0007:E002,75352,quantitative,sequence,S001,152,mapped
OBS_72556304f39d,M4-FUNG-0007,M4-FUNG-0007:E002,measurement,EXPERIMENT,M4-FUNG-0007:E002,68362,quantitative,sequence,S001; S012,153,mapped
OBS_27daac105972,M4-FUNG-0007,M4-FUNG-0007:E005,measurement,EXPERIMENT,M4-FUNG-0007:E005,36,quantitative,genome,S005,154,mapped
OBS_5c813d725b1e,M4-FUNG-0007,M4-FUNG-0007:E005,measurement,EXPERIMENT,M4-FUNG-0007:E005,11918,quantitative,genome,S005,155,mapped
OBS_029c3d57b7ab,M4-FUNG-0007,M4-FUNG-0007:E005,measurement,EXPERIMENT,M4-FUNG-0007:E005,42,quantitative,genome,S005,156,mapped
OBS_1c20245bd83d,M4-FUNG-0007,M4-FUNG-0007:E005,measurement,EXPERIMENT,M4-FUNG-0007:E005,1,quantitative,genome,S005,157,mapped
OBS_28209944cdee,M4-FUNG-0007,M4-FUNG-0007:E003,measurement,EXPERIMENT,M4-FUNG-0007:E003,100,quantitative,3 d,S006,158,mapped
OBS_3104b4af7ca6,M4-FUNG-0007,M4-FUNG-0007:E003,measurement,EXPERIMENT,M4-FUNG-0007:E003,≥1e5,qualitative_or_text,3 d,S006,159,mapped
OBS_51e4db2c8ad9,M4-FUNG-0007,M4-FUNG-0007:E004,measurement,EXPERIMENT,M4-FUNG-0007:E004,0.3,quantitative,24–120 h,S007,160,mapped
OBS_e870b7514b76,M4-FUNG-0007,M4-FUNG-0007:E006,measurement,EXPERIMENT,M4-FUNG-0007:E006,30,quantitative,study endpoint,S009,161,mapped
OBS_f5b9b6514d97,M4-FUNG-0007,M4-FUNG-0007:E006,measurement,EXPERIMENT,M4-FUNG-0007:E006,25,quantitative,study endpoint,S009,162,mapped
OBS_7f5e64c291d1,M4-FUNG-0007,M4-FUNG-0007:E007,measurement,EXPERIMENT,M4-FUNG-0007:E007,day 2,qualitative_or_text,time course,S010,163,mapped
OBS_6ecd66d3ff9f,M4-FUNG-0007,M4-FUNG-0007:E007,measurement,EXPERIMENT,M4-FUNG-0007:E007,day 3,qualitative_or_text,time course,S010,164,mapped
OBS_7c850b7caeec,M4-FUNG-0007,M4-FUNG-0007:E007,measurement,EXPERIMENT,M4-FUNG-0007:E007,day 4,qualitative_or_text,time course,S010,165,mapped
OBS_ea86fc1a1e98,M4-FUNG-0008,M4-FUNG-0008:E001,experiment_outcome_raw,EXPERIMENT,M4-FUNG-0008:E001,"AF36 pksA contains G→A at nt591, generating premature stop codon. Other HexA/HexB polymorphisms were judged unlikely to abolish enzyme function. The pksA lesion is sufficient to explain AF36 atoxigenicity.",qualitative_or_composite,3 days,S003,139,unreviewed
OBS_56fd2aa11ce5,M4-FUNG-0008,M4-FUNG-0008:E002,experiment_outcome_raw,EXPERIMENT,M4-FUNG-0008:E002,"AF36 belonged to Group A, one of 17/35 genotypes retaining the full standard set of aflatoxin-cluster genes while remaining atoxigenic through smaller lesions/SNPs",qualitative_or_composite,sequence analysis,S005,140,unreviewed
OBS_4b93bdff8e76,M4-FUNG-0008,M4-FUNG-0008:E003,experiment_outcome_raw,EXPERIMENT,M4-FUNG-0008:E003,"59 of >3,500 isolates (1.6%) belonged to YV36; all 59 carried MAT1-2 and the same aflC atoxigenicity SNP; three had additional cluster degeneration",qualitative_or_composite,2005–2008 collections,S007,141,unreviewed
OBS_e4d3ff6770d1,M4-FUNG-0008,M4-FUNG-0008:E004,experiment_outcome_raw,EXPERIMENT,M4-FUNG-0008:E004,Repeated application increased YV36 frequency to as high as 93% of A. flavus isolates in treated soils and reduced aflatoxin-positive nut samples by 20–45% depending on year,qualitative_or_composite,2008–2011 commercial trials; earlier research 2002–2005,S009,142,unreviewed
OBS_38344842b65f,M4-FUNG-0008,M4-FUNG-0008:E005,experiment_outcome_raw,EXPERIMENT,M4-FUNG-0008:E005,Generated high-quality transcript evidence to improve AF36 genome gene annotation; confirms AF36 as a modern genomic reference biocontrol strain,qualitative_or_composite,RNA sampling across conditions,S008,143,unreviewed
OBS_defc0183d22e,M4-FUNG-0008,M4-FUNG-0008:E001,measurement,EXPERIMENT,M4-FUNG-0008:E001,591,quantitative,sequence,S003,150,mapped
OBS_695d7122f316,M4-FUNG-0008,M4-FUNG-0008:E001,measurement,EXPERIMENT,M4-FUNG-0008:E001,G→A,qualitative_or_text,sequence,S003,151,mapped
OBS_0ca7e229ee69,M4-FUNG-0008,M4-FUNG-0008:E001,measurement,EXPERIMENT,M4-FUNG-0008:E001,176,quantitative,sequence,S003,152,mapped
OBS_a69843a4cbad,M4-FUNG-0008,M4-FUNG-0008:E002,measurement,EXPERIMENT,M4-FUNG-0008:E002,17,quantitative,comparative sequencing,S005,153,mapped
OBS_4853ec85e072,M4-FUNG-0008,M4-FUNG-0008:E003,measurement,EXPERIMENT,M4-FUNG-0008:E003,59,quantitative,2005–2008,S007,154,mapped
OBS_5798e07e236a,M4-FUNG-0008,M4-FUNG-0008:E003,measurement,EXPERIMENT,M4-FUNG-0008:E003,3,quantitative,survey,S007,155,mapped
OBS_a84e001ef0fe,M4-FUNG-0008,M4-FUNG-0008:E004,measurement,EXPERIMENT,M4-FUNG-0008:E004,93,quantitative,multi-year,S009,156,mapped
OBS_b3e7374fb925,M4-FUNG-0008,M4-FUNG-0008:E004,measurement,EXPERIMENT,M4-FUNG-0008:E004,20,quantitative,year-dependent,S009,157,mapped
OBS_d304d479c998,M4-FUNG-0008,M4-FUNG-0008:E001,measurement,EXPERIMENT,M4-FUNG-0008:E001,10,quantitative,3-day culture,S003,158,mapped
OBS_713b3d96e31d,M4-FUNG-0009,M4-FUNG-0009:E001,experiment_outcome_raw,EXPERIMENT,M4-FUNG-0009:E001,A. ochraceoroseus produced both aflatoxin and sterigmatocystin; production was medium/pH responsive,qualitative_or_composite,study endpoint,S010,143,unreviewed
OBS_2f3e698a97f4,M4-FUNG-0009,M4-FUNG-0009:E002,experiment_outcome_raw,EXPERIMENT,M4-FUNG-0009:E002,Aflatoxins and ST were quantified by HPLC and identities confirmed by HPLC-MS; strain did not grow on artificial media at 37°C,qualitative_or_composite,1 week,S005,144,unreviewed
OBS_a9d1ec259ae5,M4-FUNG-0009,M4-FUNG-0009:E003,experiment_outcome_raw,EXPERIMENT,M4-FUNG-0009:E003,"59.5-kb AF/ST cluster showed A. nidulans-like organization, with aflN→aflW block upstream of aflC in reverse orientation; homologs showed 62–76% nucleotide identity to A. nidulans ST genes",qualitative_or_composite,sequence study,S004,145,unreviewed
OBS_07dd6596893a,M4-FUNG-0009,M4-FUNG-0009:E004,experiment_outcome_raw,EXPERIMENT,M4-FUNG-0009:E004,A. ochraceoroseus aflR restored sterigmatocystin production in the A. nidulans aflR mutant,qualitative_or_composite,endpoint,S004,146,unreviewed
OBS_089e7983997c,M4-FUNG-0009,M4-FUNG-0009:E005,experiment_outcome_raw,EXPERIMENT,M4-FUNG-0009:E005,Ao aflQ restored aflatoxin production in the A. parasiticus aflQ mutant,qualitative_or_composite,endpoint,S006,147,unreviewed
OBS_b2b2d214a643,M4-FUNG-0009,M4-FUNG-0009:E006,experiment_outcome_raw,EXPERIMENT,M4-FUNG-0009:E006,A. rambellii showed the same unusual AF/ST cluster organization as A. ochraceoroseus,qualitative_or_composite,sequence/genomic comparison,S004,148,unreviewed
OBS_f682a306da75,M4-FUNG-0009,M4-FUNG-0009:E003,measurement,EXPERIMENT,M4-FUNG-0009:E003,59535,quantitative,sequence,S001; S002,154,mapped
OBS_cc3976d14dcc,M4-FUNG-0009,M4-FUNG-0009:E003,measurement,EXPERIMENT,M4-FUNG-0009:E003,26,quantitative,sequence,S001,155,mapped
OBS_5d4ab133eb9b,M4-FUNG-0009,M4-FUNG-0009:E003,measurement,EXPERIMENT,M4-FUNG-0009:E003,62,quantitative,sequence comparison,S004,156,mapped
OBS_210adbacd096,M4-FUNG-0009,M4-FUNG-0009:E005,measurement,EXPERIMENT,M4-FUNG-0009:E005,57,quantitative,sequence comparison,S006,157,mapped
OBS_2b433eb2d774,M4-FUNG-0009,M4-FUNG-0009:E002,measurement,EXPERIMENT,M4-FUNG-0009:E002,7,quantitative,endpoint,S005,158,mapped
OBS_d9c2cf3921cd,M4-FUNG-0009,M4-FUNG-0009:E002,measurement,EXPERIMENT,M4-FUNG-0009:E002,not detected,qualitative_or_text,37°C,S005,159,mapped
OBS_ad6227fbb850,M4-FUNG-0010,M4-FUNG-0010:E001,experiment_outcome_raw,EXPERIMENT,M4-FUNG-0010:E001,"Five-gene cluster identified: three P450 genes, one FAD-dependent oxidoreductase and one HR-PKS (alt5/PKSN)",qualitative_or_composite,sequence study,S002; S003,124,unreviewed
OBS_99fa0bf2294d,M4-FUNG-0010,M4-FUNG-0010:E002,experiment_outcome_raw,EXPERIMENT,M4-FUNG-0010:E002,Transformant produced a new polyketide named alternapyrone,qualitative_or_composite,endpoint,S003,125,unreviewed
OBS_d25976e8c54b,M4-FUNG-0010,M4-FUNG-0010:E003,experiment_outcome_raw,EXPERIMENT,M4-FUNG-0010:E003,"Established a decaketide backbone and eight methionine-derived methylations, with methylation on every C2 unit except the third",qualitative_or_composite,endpoint,S003,126,unreviewed
OBS_bdc03a2c0d0e,M4-FUNG-0010,M4-FUNG-0010:E004,experiment_outcome_raw,EXPERIMENT,M4-FUNG-0010:E004,Alternapyrone and derivatives were linked to a homologous cluster; compound-family bioactivities included cytotoxicity and phytotoxicity,qualitative_or_composite,study endpoint,S007,127,unreviewed
OBS_28f3c78810e1,M4-FUNG-0010,M4-FUNG-0010:E005,experiment_outcome_raw,EXPERIMENT,M4-FUNG-0010:E005,Alt5′ alone produced alternapyrone; Alt2′/Alt3′ generated oxidized alternapyrone derivatives; Alt1′/Alt4′ combinations gave no new products under tested constructs,qualitative_or_composite,endpoint,S008,128,unreviewed
OBS_804ea2e5b802,M4-FUNG-0010,M4-FUNG-0010:E006,experiment_outcome_raw,EXPERIMENT,M4-FUNG-0010:E006,Alternapyrone-like PKS BGC family is conserved across multiple Dothideomycete/Pleosporalean lineages,qualitative_or_composite,genome-scale survey,S009,129,unreviewed
OBS_41eb7fb6f944,M4-FUNG-0010,M4-FUNG-0010:E001,measurement,EXPERIMENT,M4-FUNG-0010:E001,21971,quantitative,sequence,S001,135,mapped
OBS_003d419cbfc2,M4-FUNG-0010,M4-FUNG-0010:E001,measurement,EXPERIMENT,M4-FUNG-0010:E001,5,quantitative,sequence,S001; S003,136,mapped
OBS_828ba466e8cc,M4-FUNG-0010,M4-FUNG-0010:E002,measurement,EXPERIMENT,M4-FUNG-0010:E002,7832,quantitative,sequence,S001,137,mapped
OBS_1b781cc356fe,M4-FUNG-0010,M4-FUNG-0010:E003,measurement,EXPERIMENT,M4-FUNG-0010:E003,10,quantitative,biosynthetic labeling,S003,138,mapped
OBS_3d0c5ad3166e,M4-FUNG-0010,M4-FUNG-0010:E003,measurement,EXPERIMENT,M4-FUNG-0010:E003,8,quantitative,biosynthetic labeling,S003,139,mapped
OBS_1972e5b85d40,M4-FUNG-0010,M4-FUNG-0010:E003,measurement,EXPERIMENT,M4-FUNG-0010:E003,8,quantitative,biosynthetic interpretation,S003,140,mapped
OBS_6c245fc80774,M4-FUNG-0010,M4-FUNG-0010:E003,measurement,EXPERIMENT,M4-FUNG-0010:E003,7,quantitative,biosynthetic interpretation,S003,141,mapped
OBS_ea15aae3c4fb,M4-FUNG-0010,M4-FUNG-0010:E003,measurement,EXPERIMENT,M4-FUNG-0010:E003,7,quantitative,biosynthetic interpretation,S003,142,mapped
OBS_04ba955c4b15,M4-FUNG-0010,M4-FUNG-0010:E003,measurement,EXPERIMENT,M4-FUNG-0010:E003,4,quantitative,biosynthetic interpretation,S003,143,mapped
OBS_ca9d7dee7dac,M4-FUNG-0010,,measurement,UNRESOLVED_REFERENCE,M001,C28H44O3,qualitative_or_text,structure,S001; S007,144,mapped
OBS_7313bfecea1e,M4-FUNG-0010,,measurement,UNRESOLVED_REFERENCE,M001,3.1,quantitative,endpoint,S007,145,mapped
OBS_abfc748a021e,M4-FUNG-0010,,measurement,UNRESOLVED_REFERENCE,M001,25,quantitative,endpoint,S007,146,mapped
OBS_d579ae23fbe0,M4-FUNG-0011,M4-FUNG-0011:E001,experiment_outcome_raw,EXPERIMENT,M4-FUNG-0011:E001,No detectable new product from these regulator-induction configurations,qualitative_or_composite,endpoint metabolite screen,S003,124,unreviewed
OBS_c59eba7b56d4,M4-FUNG-0011,M4-FUNG-0011:E002,experiment_outcome_raw,EXPERIMENT,M4-FUNG-0011:E002,"Several new natural products detected, but all at low abundance",qualitative_or_composite,endpoint metabolite screen,S003,125,unreviewed
OBS_b55a4fd7253d,M4-FUNG-0011,M4-FUNG-0011:E003,experiment_outcome_raw,EXPERIMENT,M4-FUNG-0011:E003,"Product yield increased dramatically; alternariol, dehydrocitreoisocoumarin and four minor isocoumarins isolated",qualitative_or_composite,screen + scale-up,S003,126,unreviewed
OBS_4698bae2fe55,M4-FUNG-0011,M4-FUNG-0011:E004,experiment_outcome_raw,EXPERIMENT,M4-FUNG-0011:E004,Major endogenous sterigmatocystin production was removed to simplify discovery of induced metabolites,qualitative_or_composite,screening period,S003,127,unreviewed
OBS_0ca73dad191d,M4-FUNG-0011,M4-FUNG-0011:E005,experiment_outcome_raw,EXPERIMENT,M4-FUNG-0011:E005,SnPKS19 alone produced alternariol while endogenous A. nidulans pkgA/pkgB were not transcribed in the tested transformants,qualitative_or_composite,72 h,S005,128,unreviewed
OBS_72540dded742,M4-FUNG-0011,M4-FUNG-0011:E006,experiment_outcome_raw,EXPERIMENT,M4-FUNG-0011:E006,"A separate six-gene AOH/AME cluster in A. alternata contains pksI, omtI, moxI, sdrI, doxI and aohR; PksI alone is sufficient for AOH",qualitative_or_composite,study-specific,S006,129,unreviewed
OBS_f0b4289f55a0,M4-FUNG-0011,M4-FUNG-0011:E003,measurement,EXPERIMENT,M4-FUNG-0011:E003,45963,quantitative,sequence,S001,135,mapped
OBS_0ecc99bb88a9,M4-FUNG-0011,M4-FUNG-0011:E003,measurement,EXPERIMENT,M4-FUNG-0011:E003,7849,quantitative,sequence,S001,136,mapped
OBS_4c76744c5b52,M4-FUNG-0011,M4-FUNG-0011:E003,measurement,EXPERIMENT,M4-FUNG-0011:E003,2,quantitative,sequence/function,S001; S003,137,mapped
OBS_3c57f5d9ba97,M4-FUNG-0011,M4-FUNG-0011:E001,measurement,EXPERIMENT,M4-FUNG-0011:E001,0,quantitative,screen,S003,138,mapped
OBS_9739b29daf4f,M4-FUNG-0011,M4-FUNG-0011:E002,measurement,EXPERIMENT,M4-FUNG-0011:E002,low,qualitative_or_text,screen,S003,139,mapped
OBS_9e21a901061c,M4-FUNG-0011,M4-FUNG-0011:E003,measurement,EXPERIMENT,M4-FUNG-0011:E003,dramatic increase,qualitative_or_text,screen,S003,140,mapped
OBS_0ab38e57e3b4,M4-FUNG-0011,M4-FUNG-0011:E003,measurement,EXPERIMENT,M4-FUNG-0011:E003,2,quantitative,scale-up,S003,141,mapped
OBS_64ca70dcbe67,M4-FUNG-0011,M4-FUNG-0011:E003,measurement,EXPERIMENT,M4-FUNG-0011:E003,4,quantitative,scale-up,S003,142,mapped
OBS_a3808c7a00f9,M4-FUNG-0011,M4-FUNG-0011:E005,measurement,EXPERIMENT,M4-FUNG-0011:E005,72,quantitative,culture,S005,143,mapped
OBS_d8d2136561d4,M4-FUNG-0011,M4-FUNG-0011:E005,measurement,EXPERIMENT,M4-FUNG-0011:E005,28,quantitative,culture,S005,144,mapped
OBS_a78132c46bf4,M4-FUNG-0012,M4-FUNG-0012:E001,experiment_outcome_raw,EXPERIMENT,M4-FUNG-0012:E001,Wild-type cultures did not yield detectable pathway product under tested standard conditions; afoA induction enabled production and discovery of asperfuranone,qualitative_or_composite,endpoint metabolite comparison,S003,127,unreviewed
OBS_abdf51656ead,M4-FUNG-0012,M4-FUNG-0012:E002,experiment_outcome_raw,EXPERIMENT,M4-FUNG-0012:E002,"afoD/E/F/G deletions abolished asperfuranone; afoB/C strongly reduced it; AN1027, AN1028, AN1030 and AN1037 were dispensable",qualitative_or_composite,endpoint,S003,128,unreviewed
OBS_6fc9256a548f,M4-FUNG-0012,M4-FUNG-0012:E003,experiment_outcome_raw,EXPERIMENT,M4-FUNG-0012:E003,asperfuranone disappeared and preasperfuranone accumulated,qualitative_or_composite,endpoint,S003,129,unreviewed
OBS_59d4ce2ae5a1,M4-FUNG-0012,M4-FUNG-0012:E004,experiment_outcome_raw,EXPERIMENT,M4-FUNG-0012:E004,"scpR induction activated afoA, afoE, afoG and other afo genes and produced asperfuranone from the physically separate chromosome-VIII cluster",qualitative_or_composite,induced vs repressed,S004,130,unreviewed
OBS_0af253afad46,M4-FUNG-0012,M4-FUNG-0012:E005,experiment_outcome_raw,EXPERIMENT,M4-FUNG-0012:E005,"afo cluster remained induced despite loss of inpB, excluding the NRPS product as necessary for asperfuranone activation",qualitative_or_composite,induced vs repressed,S004,131,unreviewed
OBS_15116178d2de,M4-FUNG-0012,M4-FUNG-0012:E006,experiment_outcome_raw,EXPERIMENT,M4-FUNG-0012:E006,"scpR transcript persisted, but afo-cluster activation and asperfuranone production were abolished",qualitative_or_composite,induced,S004,132,unreviewed
OBS_a4b0bcd15a82,M4-FUNG-0012,M4-FUNG-0012:E007,experiment_outcome_raw,EXPERIMENT,M4-FUNG-0012:E007,"asperfuranone inhibited proliferation, induced G0/G1 arrest and apoptosis; IC50 15.3 µM",qualitative_or_composite,24–48 h depending assay,S005,133,unreviewed
OBS_1a21ba2a7b99,M4-FUNG-0012,M4-FUNG-0012:E001,measurement,EXPERIMENT,M4-FUNG-0012:E001,60868,quantitative,sequence,S001,138,mapped
OBS_f4cec23f5371,M4-FUNG-0012,M4-FUNG-0012:E001,measurement,EXPERIMENT,M4-FUNG-0012:E001,41240,quantitative,sequence,S001,139,mapped
OBS_4a293d2a9db3,M4-FUNG-0012,M4-FUNG-0012:E002,measurement,EXPERIMENT,M4-FUNG-0012:E002,32618,quantitative,sequence,S001; S003,140,mapped
OBS_e10f19f9dc1d,M4-FUNG-0012,M4-FUNG-0012:E002,measurement,EXPERIMENT,M4-FUNG-0012:E002,11,quantitative,sequence,S001,141,mapped
OBS_18c2773ac7b6,M4-FUNG-0012,M4-FUNG-0012:E002,measurement,EXPERIMENT,M4-FUNG-0012:E002,4,quantitative,deletion panel,S003,142,mapped
OBS_afb52d63c4c2,M4-FUNG-0012,M4-FUNG-0012:E002,measurement,EXPERIMENT,M4-FUNG-0012:E002,2,quantitative,deletion panel,S003,143,mapped
OBS_2290dead86a5,M4-FUNG-0012,M4-FUNG-0012:E002,measurement,EXPERIMENT,M4-FUNG-0012:E002,7,quantitative,pathway assignment,S003; S004,144,mapped
OBS_1961d630a77c,M4-FUNG-0012,,measurement,UNRESOLVED_REFERENCE,G010,3,quantitative,biosynthetic model,S003; S007,145,mapped
OBS_3540881d19cc,M4-FUNG-0012,,measurement,UNRESOLVED_REFERENCE,G010,2,quantitative,biosynthetic model,S003; S007,146,mapped
OBS_3ad8b4055afe,M4-FUNG-0012,,measurement,UNRESOLVED_REFERENCE,G008,4,quantitative,biosynthetic model,S003,147,mapped
OBS_a57c4e52aaa3,M4-FUNG-0012,,measurement,UNRESOLVED_REFERENCE,G008,1,quantitative,biosynthetic model,S003,148,mapped
OBS_58ed51bc9cc6,M4-FUNG-0012,M4-FUNG-0012:E007,measurement,EXPERIMENT,M4-FUNG-0012:E007,15.3,quantitative,dose response,S005,149,mapped
OBS_76fbe2b18ebe,M4-FUNG-0012,M4-FUNG-0012:E007,measurement,EXPERIMENT,M4-FUNG-0012:E007,64.5,quantitative,reported dose point,S005,150,mapped
OBS_4213c1b64713,M4-FUNG-0012,M4-FUNG-0012:E007,measurement,EXPERIMENT,M4-FUNG-0012:E007,15 and 20,qualitative_or_text,24–48 h,S005,151,mapped
OBS_f08b0387cf64,M4-FUNG-0013,M4-FUNG-0013:E001,experiment_outcome_raw,EXPERIMENT,M4-FUNG-0013:E001,W13 is albino and shows strong repression of mppR1 and nearby MpPKS5,qualitative_or_composite,endpoint + RNA,S003,140,unreviewed
OBS_e4288c5c970d,M4-FUNG-0013,M4-FUNG-0013:E002,experiment_outcome_raw,EXPERIMENT,M4-FUNG-0013:E002,"Targeted MpPKS5 inactivation generates an albino mutant, confirming core pigment-PKS requirement",qualitative_or_composite,endpoint,S003,141,unreviewed
OBS_124a5c99a703,M4-FUNG-0013,M4-FUNG-0013:E003,experiment_outcome_raw,EXPERIMENT,M4-FUNG-0013:E003,Normal MAz pigments lost; white hyphae discharge yellow color; monascusone A accumulates; C16/C18 cellular fatty acids not significantly altered,qualitative_or_composite,endpoint,S004,142,unreviewed
OBS_933720dd97ba,M4-FUNG-0013,M4-FUNG-0013:E004,experiment_outcome_raw,EXPERIMENT,M4-FUNG-0013:E004,Deletion enhances orange/red pigments; overexpression promotes yellow ankaflavin/monascin; overexpression phenotype depends on culture method,qualitative_or_composite,endpoint,S005,143,unreviewed
OBS_cc64b061368c,M4-FUNG-0013,M4-FUNG-0013:E005,experiment_outcome_raw,EXPERIMENT,M4-FUNG-0013:E005,Orange rubropunctatin/monascorubrin severely impaired while yellow pigments remain largely unchanged; feeding monascin to ΔMpPKS5 does not yield rubropunctatin,qualitative_or_composite,endpoint,S006,144,unreviewed
OBS_3ab2fe8e9729,M4-FUNG-0013,M4-FUNG-0013:E006,experiment_outcome_raw,EXPERIMENT,M4-FUNG-0013:E006,Identified 80-kb M. pilosus pigment region with 24 annotated CDSs,qualitative_or_composite,sequence study,S002; S003,145,unreviewed
OBS_8d7c6a4ddab7,M4-FUNG-0013,M4-FUNG-0013:E006,measurement,EXPERIMENT,M4-FUNG-0013:E006,80000,quantitative,sequence,S001; S002,151,mapped
OBS_e50f8689b0fa,M4-FUNG-0013,M4-FUNG-0013:E006,measurement,EXPERIMENT,M4-FUNG-0013:E006,24,quantitative,sequence,S001,152,mapped
OBS_f5084de98245,M4-FUNG-0013,M4-FUNG-0013:E001,measurement,EXPERIMENT,M4-FUNG-0013:E001,strongly repressed,qualitative_or_text,endpoint,S003,153,mapped
OBS_d80a1b710121,M4-FUNG-0013,M4-FUNG-0013:E001,measurement,EXPERIMENT,M4-FUNG-0013:E001,strongly repressed,qualitative_or_text,endpoint,S003,154,mapped
OBS_edd9e2bd6457,M4-FUNG-0013,M4-FUNG-0013:E002,measurement,EXPERIMENT,M4-FUNG-0013:E002,albino,qualitative_or_text,endpoint,S003,155,mapped
OBS_9557673aae54,M4-FUNG-0013,M4-FUNG-0013:E003,measurement,EXPERIMENT,M4-FUNG-0013:E003,no significant difference,qualitative_or_text,endpoint,S004,156,mapped
OBS_2aad85d20c9a,M4-FUNG-0013,M4-FUNG-0013:E004,measurement,EXPERIMENT,M4-FUNG-0013:E004,enhanced,qualitative_or_text,endpoint,S005,157,mapped
OBS_fed1b093142a,M4-FUNG-0013,M4-FUNG-0013:E004,measurement,EXPERIMENT,M4-FUNG-0013:E004,enhanced,qualitative_or_text,endpoint,S005,158,mapped
OBS_31fb9a08af0b,M4-FUNG-0013,M4-FUNG-0013:E005,measurement,EXPERIMENT,M4-FUNG-0013:E005,severely impaired,qualitative_or_text,endpoint,S006,159,mapped
OBS_539da9b6c91a,M4-FUNG-0013,M4-FUNG-0013:E005,measurement,EXPERIMENT,M4-FUNG-0013:E005,not observed,qualitative_or_text,endpoint,S006,160,mapped
OBS_377951fe511c,M4-FUNG-0014,M4-FUNG-0014:E001,experiment_outcome_raw,EXPERIMENT,M4-FUNG-0014:E001,Δbik1 loses bikaverin production and pigmentation,qualitative_or_composite,endpoint,S003; S004,124,unreviewed
OBS_d4281a9d9e1e,M4-FUNG-0014,M4-FUNG-0014:E002,experiment_outcome_raw,EXPERIMENT,M4-FUNG-0014:E002,Either deletion abolishes normal bikaverin pigmentation; later work resolves accumulated intermediates and alternating reaction sequence,qualitative_or_composite,endpoint,S003; S005,125,unreviewed
OBS_db51c6d37692,M4-FUNG-0014,M4-FUNG-0014:E003,experiment_outcome_raw,EXPERIMENT,M4-FUNG-0014:E003,"All three mutations significantly reduce bikaverin; bik4 and bik5 show distinct transcript-network phenotypes, while bik6 retains some extracellular pigment",qualitative_or_composite,endpoint,S003,126,unreviewed
OBS_167baeae6240,M4-FUNG-0014,M4-FUNG-0014:E004,experiment_outcome_raw,EXPERIMENT,M4-FUNG-0014:E004,"PacC mediates alkaline repression: pacC deletion partially derepresses bik genes, whereas dominant-active PacC represses them",qualitative_or_composite,time course,S003,127,unreviewed
OBS_52d66533cccb,M4-FUNG-0014,M4-FUNG-0014:E005,experiment_outcome_raw,EXPERIMENT,M4-FUNG-0014:E005,Bikaverin is mainly/only produced under acidic low nitrogen; cluster transcription changes strongly across conditions,qualitative_or_composite,study endpoint,S006,128,unreviewed
OBS_ca7b8ebfca7d,M4-FUNG-0014,M4-FUNG-0014:E006,experiment_outcome_raw,EXPERIMENT,M4-FUNG-0014:E006,Sucrose availability and sulfate/phosphate starvation stimulate bikaverin production and/or bik1 expression,qualitative_or_composite,time course,S007,129,unreviewed
OBS_b55386c4652b,M4-FUNG-0014,M4-FUNG-0014:E007,experiment_outcome_raw,EXPERIMENT,M4-FUNG-0014:E007,GMI1000 but not ΔrmyA induces localized bikaverin production and pigmented chlamydospores,qualitative_or_composite,72 h,S008,130,unreviewed
OBS_f50b9e64bf3c,M4-FUNG-0014,M4-FUNG-0014:E008,experiment_outcome_raw,EXPERIMENT,M4-FUNG-0014:E008,Ralsolamycin increases bikaverin and bik1/2/3 transcription under both N regimes; high-N induced levels approach low-N WT levels,qualitative_or_composite,endpoint,S008,131,unreviewed
OBS_96a57d53b6f6,M4-FUNG-0014,M4-FUNG-0014:E009,experiment_outcome_raw,EXPERIMENT,M4-FUNG-0014:E009,Bacterial invasion was more frequent in Δbik1 chlamydospores than WT,qualitative_or_composite,endpoint,S008,132,unreviewed
OBS_d4724d89a707,M4-FUNG-0014,M4-FUNG-0014:E001,measurement,EXPERIMENT,M4-FUNG-0014:E001,46271,quantitative,sequence,S001,136,mapped
OBS_1b41ce5b0993,M4-FUNG-0014,M4-FUNG-0014:E001,measurement,EXPERIMENT,M4-FUNG-0014:E001,18435,quantitative,sequence,S001,137,mapped
OBS_291678c0276d,M4-FUNG-0014,M4-FUNG-0014:E001,measurement,EXPERIMENT,M4-FUNG-0014:E001,17086,quantitative,sequence,S001; S003,138,mapped
OBS_ae0da80a5839,M4-FUNG-0014,M4-FUNG-0014:E003,measurement,EXPERIMENT,M4-FUNG-0014:E003,6,quantitative,cluster,S003,139,mapped
OBS_3b3cc27d65f5,M4-FUNG-0014,M4-FUNG-0014:E005,measurement,EXPERIMENT,M4-FUNG-0014:E005,6,quantitative,condition,S006,140,mapped
OBS_e2ea1ee22b2b,M4-FUNG-0014,M4-FUNG-0014:E007,measurement,EXPERIMENT,M4-FUNG-0014:E007,383,quantitative,72 h,S008,141,mapped
OBS_1f50101726ba,M4-FUNG-0014,M4-FUNG-0014:E007,measurement,EXPERIMENT,M4-FUNG-0014:E007,72,quantitative,interaction,S008,142,mapped
OBS_1eba6a5e083a,M4-FUNG-0014,M4-FUNG-0014:E009,measurement,EXPERIMENT,M4-FUNG-0014:E009,1.95,quantitative,endpoint,S008,143,mapped
OBS_c76790e502b2,M4-FUNG-0014,M4-FUNG-0014:E009,measurement,EXPERIMENT,M4-FUNG-0014:E009,6.65,quantitative,endpoint,S008,144,mapped
OBS_24365958b563,M4-FUNG-0014,M4-FUNG-0014:E009,measurement,EXPERIMENT,M4-FUNG-0014:E009,0.031,quantitative,endpoint,S008,145,mapped
OBS_b769903f1d60,M4-FUNG-0014,M4-FUNG-0014:E009,measurement,EXPERIMENT,M4-FUNG-0014:E009,0.315,quantitative,endpoint,S008,146,mapped
OBS_ae6c94d882a7,M4-FUNG-0014,M4-FUNG-0014:E008,measurement,EXPERIMENT,M4-FUNG-0014:E008,7,quantitative,endpoint,S008,147,mapped
OBS_7f10dc56c8f3,M4-FUNG-0014,M4-FUNG-0014:E008,measurement,EXPERIMENT,M4-FUNG-0014:E008,approached low-N WT,qualitative_or_text,endpoint,S008,148,mapped
OBS_7b3ad62ebf32,M4-FUNG-0015,M4-FUNG-0015:E001,experiment_outcome_raw,EXPERIMENT,M4-FUNG-0015:E001,Robust cichorine production under defined laboratory medium; establishes native pathway accessibility without direct promoter engineering,qualitative_or_composite,5 days,S003,126,unreviewed
OBS_a329e0c2259f,M4-FUNG-0015,M4-FUNG-0015:E002,experiment_outcome_raw,EXPERIMENT,M4-FUNG-0015:E002,Deleting cicA/B/C/D/E/F/H eliminates cichorine; deleting cicG/AN11922 retains cichorine; outer flanking genes also retain product,qualitative_or_composite,5 days,S003,127,unreviewed
OBS_b97afae4632c,M4-FUNG-0015,M4-FUNG-0015:E003,experiment_outcome_raw,EXPERIMENT,M4-FUNG-0015:E003,cicBΔ yields 3-methylorsellinic acid; cicCΔ yields nidulol,qualitative_or_composite,5 days,S003,128,unreviewed
OBS_b1ff41a3a323,M4-FUNG-0015,M4-FUNG-0015:E004,experiment_outcome_raw,EXPERIMENT,M4-FUNG-0015:E004,"AN6448/CicF overexpression produces 3-methylorsellinic acid, matching the cicBΔ intermediate",qualitative_or_composite,screen endpoint,S004,129,unreviewed
OBS_5745a22b2c56,M4-FUNG-0015,M4-FUNG-0015:E005,experiment_outcome_raw,EXPERIMENT,M4-FUNG-0015:E005,Cichorine-pathway dependence helped identify cichorine and several derivative metabolites including three newly characterized phytotoxins,qualitative_or_composite,endpoint,S006,130,unreviewed
OBS_b7e55caa9c5c,M4-FUNG-0015,M4-FUNG-0015:E006,experiment_outcome_raw,EXPERIMENT,M4-FUNG-0015:E006,Aspercryptin biosynthesis uses a cichorine-derived building block together with products of a physically separate NRPS cluster,qualitative_or_composite,endpoint,S005,131,unreviewed
OBS_e4fe98d1f50e,M4-FUNG-0015,M4-FUNG-0015:E007,experiment_outcome_raw,EXPERIMENT,M4-FUNG-0015:E007,"CicD overexpression activates the cic cluster and yields isoleucylcichorine, leucylcichorine and three known derivatives",qualitative_or_composite,scale-up endpoint,S007,132,unreviewed
OBS_a69ab7c9130f,M4-FUNG-0015,M4-FUNG-0015:E001,measurement,EXPERIMENT,M4-FUNG-0015:E001,47821,quantitative,sequence,S001,137,mapped
OBS_31ebf2384c86,M4-FUNG-0015,M4-FUNG-0015:E001,measurement,EXPERIMENT,M4-FUNG-0015:E001,7821,quantitative,sequence,S001,138,mapped
OBS_ee4cf1f0184e,M4-FUNG-0015,M4-FUNG-0015:E002,measurement,EXPERIMENT,M4-FUNG-0015:E002,7,quantitative,deletion panel,S003,139,mapped
OBS_87e9198ee7fa,M4-FUNG-0015,M4-FUNG-0015:E002,measurement,EXPERIMENT,M4-FUNG-0015:E002,cichorine retained,qualitative_or_text,5 days,S003,140,mapped
OBS_3c526a3c753e,M4-FUNG-0015,M4-FUNG-0015:E001,measurement,EXPERIMENT,M4-FUNG-0015:E001,37,quantitative,5 days,S003,141,mapped
OBS_25af91c17dc5,M4-FUNG-0015,M4-FUNG-0015:E001,measurement,EXPERIMENT,M4-FUNG-0015:E001,5,quantitative,endpoint,S003,142,mapped
OBS_6e4b5be2b5d3,M4-FUNG-0015,M4-FUNG-0015:E001,measurement,EXPERIMENT,M4-FUNG-0015:E001,10000000,quantitative,start,S003,143,mapped
OBS_df3abb4788ea,M4-FUNG-0015,M4-FUNG-0015:E003,measurement,EXPERIMENT,M4-FUNG-0015:E003,2,quantitative,isolation,S003,144,mapped
OBS_a7105b699d1f,M4-FUNG-0015,,measurement,UNRESOLVED_REFERENCE,M001,194.4,quantitative,LC/MS,S003,145,mapped
OBS_9dff26f39e15,M4-FUNG-0015,,measurement,UNRESOLVED_REFERENCE,M002,181.2,quantitative,LC/MS,S003,146,mapped
OBS_a080e56ece0a,M4-FUNG-0015,,measurement,UNRESOLVED_REFERENCE,M003,193.6,quantitative,LC/MS,S003,147,mapped
OBS_0ab3eeb0d997,M4-FUNG-0015,M4-FUNG-0015:E006,measurement,EXPERIMENT,M4-FUNG-0015:E006,8,quantitative,engineering,S005,148,mapped
OBS_354f4a304cdc,M4-FUNG-0015,M4-FUNG-0015:E005,measurement,EXPERIMENT,M4-FUNG-0015:E005,0.005,quantitative,endpoint,S006,149,mapped
OBS_148a877b0b7f,M4-FUNG-0016,M4-FUNG-0016:E001,experiment_outcome_raw,EXPERIMENT,M4-FUNG-0016:E001,"nine-gene region containing two PKSs, regulator and resistance functions maps to compactin production",qualitative_or_composite,endpoint,S003,125,unreviewed
OBS_f8660d93a08c,M4-FUNG-0016,M4-FUNG-0016:E002,experiment_outcome_raw,EXPERIMENT,M4-FUNG-0016:E002,additional cluster dosage increases compactin; high producers carry an additional cluster copy,qualitative_or_composite,endpoint,S004,126,unreviewed
OBS_7c5ca1995be9,M4-FUNG-0016,M4-FUNG-0016:E003,experiment_outcome_raw,EXPERIMENT,M4-FUNG-0016:E003,mlcD mutant is more sensitive to compactin,qualitative_or_composite,endpoint,S004,127,unreviewed
OBS_d6a894b5a35c,M4-FUNG-0016,M4-FUNG-0016:E004,experiment_outcome_raw,EXPERIMENT,M4-FUNG-0016:E004,MlcR positively controls the cluster; increased mlcR dosage increases compactin output,qualitative_or_composite,endpoint,S005; S006,128,unreviewed
OBS_f4f3977fa487,M4-FUNG-0016,M4-FUNG-0016:E001,measurement,EXPERIMENT,M4-FUNG-0016:E001,38231,quantitative,sequence,S001,134,mapped
OBS_5a1c6f87cd59,M4-FUNG-0016,M4-FUNG-0016:E001,measurement,EXPERIMENT,M4-FUNG-0016:E001,9,quantitative,cluster,S001,135,mapped
OBS_a41268de0631,M4-FUNG-0016,M4-FUNG-0016:E002,measurement,EXPERIMENT,M4-FUNG-0016:E002,7,quantitative,engineering construct,S004,136,mapped
OBS_0d956aad41d9,M4-FUNG-0016,M4-FUNG-0016:E004,measurement,EXPERIMENT,M4-FUNG-0016:E004,50,quantitative,engineered high-copy regulator strain,S006,137,mapped
OBS_72e02aad8a72,M4-FUNG-0016,,measurement,UNRESOLVED_REFERENCE,M001,C23H36O6,qualitative_or_text,structure,S001,138,mapped
OBS_ab7d739c8f0c,M4-FUNG-0017,M4-FUNG-0017:E001,experiment_outcome_raw,EXPERIMENT,M4-FUNG-0017:E001,AH-02-30-F7 identified as a natural producer of dehydrocurvularin,qualitative_or_composite,endpoint,S005,124,unreviewed
OBS_352ebac22a3b,M4-FUNG-0017,M4-FUNG-0017:E002,experiment_outcome_raw,EXPERIMENT,M4-FUNG-0017:E002,"31-kb JX971534 locus identified with curS2, curR, curE, curS1 plus four boundary ORFs",qualitative_or_composite,sequence study,S003,125,unreviewed
OBS_2a6a8ca8b99d,M4-FUNG-0017,M4-FUNG-0017:E003,experiment_outcome_raw,EXPERIMENT,M4-FUNG-0017:E003,Reconstituted dehydrocurvularin and 11-hydroxycurvularin; no CurR or CurE included,qualitative_or_composite,2 additional days after YP addition,S003,126,unreviewed
OBS_e2b4f4e57954,M4-FUNG-0017,M4-FUNG-0017:E004,experiment_outcome_raw,EXPERIMENT,M4-FUNG-0017:E004,"CurS2 accepts appropriate advanced starter mimics and forms DHC/analogues, confirming division of labor between the two PKSs",qualitative_or_composite,study endpoint,S003,127,unreviewed
OBS_415a03614df0,M4-FUNG-0017,M4-FUNG-0017:E005,experiment_outcome_raw,EXPERIMENT,M4-FUNG-0017:E005,No RAL/DAL-type products detected,qualitative_or_composite,same endpoint,S003,128,unreviewed
OBS_3769728b2682,M4-FUNG-0017,M4-FUNG-0017:E006,experiment_outcome_raw,EXPERIMENT,M4-FUNG-0017:E006,S003,qualitative_or_composite,genome sequence,Important strain specificity: species-level genome presence cannot substitute for source-strain evidence.,129,unreviewed
OBS_6f22ea16a260,M4-FUNG-0017,M4-FUNG-0017:E002,measurement,EXPERIMENT,M4-FUNG-0017:E002,31000,quantitative,sequence,S001; S002,135,mapped
OBS_c2fa97ef8b6e,M4-FUNG-0017,M4-FUNG-0017:E002,measurement,EXPERIMENT,M4-FUNG-0017:E002,8,quantitative,sequence,S001,136,mapped
OBS_95e960bb6be3,M4-FUNG-0017,M4-FUNG-0017:E002,measurement,EXPERIMENT,M4-FUNG-0017:E002,2,quantitative,heterologous sufficiency,S003,137,mapped
OBS_e1e34b200558,M4-FUNG-0017,M4-FUNG-0017:E003,measurement,EXPERIMENT,M4-FUNG-0017:E003,6,quantitative,2 d after YP addition,S003,138,mapped
OBS_a7983a549aee,M4-FUNG-0017,M4-FUNG-0017:E003,measurement,EXPERIMENT,M4-FUNG-0017:E003,2.5,quantitative,2 d after YP addition,S003,139,mapped
OBS_d60d199a3fe0,M4-FUNG-0017,M4-FUNG-0017:E003,measurement,EXPERIMENT,M4-FUNG-0017:E003,3:1,qualitative_or_text,product analysis,S003,140,mapped
OBS_0f3026c1a525,M4-FUNG-0017,M4-FUNG-0017:E003,measurement,EXPERIMENT,M4-FUNG-0017:E003,30,quantitative,production,S003,141,mapped
OBS_f4148319d61c,M4-FUNG-0017,M4-FUNG-0017:E003,measurement,EXPERIMENT,M4-FUNG-0017:E003,250,quantitative,production,S003,142,mapped
OBS_92b2247212e8,M4-FUNG-0017,M4-FUNG-0017:E003,measurement,EXPERIMENT,M4-FUNG-0017:E003,0.6,quantitative,culture,S003,143,mapped
OBS_af5f49d5d458,M4-FUNG-0017,,measurement,UNRESOLVED_REFERENCE,G005,3,quantitative,biosynthetic model,S003,144,mapped
OBS_a986681dfffe,M4-FUNG-0017,,measurement,UNRESOLVED_REFERENCE,G002,4,quantitative,biosynthetic model,S003,145,mapped
OBS_7aaad6fe02e0,M4-FUNG-0017,,measurement,UNRESOLVED_REFERENCE,G002,12,quantitative,biosynthesis,S003,146,mapped
OBS_07c7283804f3,M4-FUNG-0017,,measurement,UNRESOLVED_REFERENCE,G002,2083,quantitative,sequence,S003,147,mapped
OBS_25a9bb19edc9,M4-FUNG-0017,,measurement,UNRESOLVED_REFERENCE,G005,2388,quantitative,sequence,S003,148,mapped
OBS_06b044e43c27,M4-FUNG-0018,M4-FUNG-0018:E001,experiment_outcome_raw,EXPERIMENT,M4-FUNG-0018:E001,depudecin abolished; epoxide-containing candidate intermediate/shunt products accumulate,qualitative_or_composite,endpoint,S003,124,unreviewed
OBS_958e7a139d45,M4-FUNG-0018,M4-FUNG-0018:E002,experiment_outcome_raw,EXPERIMENT,M4-FUNG-0018:E002,depudecin abolished; epoxide-containing candidate intermediate/shunt products accumulate,qualitative_or_composite,endpoint,S003,125,unreviewed
OBS_cfa967bad91e,M4-FUNG-0018,M4-FUNG-0018:E003,experiment_outcome_raw,EXPERIMENT,M4-FUNG-0018:E003,depudecin abolished with no obvious intermediate or shunt product,qualitative_or_composite,endpoint,S003; S006,126,unreviewed
OBS_2df61e562676,M4-FUNG-0018,M4-FUNG-0018:E004,experiment_outcome_raw,EXPERIMENT,M4-FUNG-0018:E004,depudecin abolished; DEP1–DEP5 expression depends on DEP6 while immediate flanking genes do not,qualitative_or_composite,endpoint,S003,127,unreviewed
OBS_542e09764ec1,M4-FUNG-0018,M4-FUNG-0018:E005,experiment_outcome_raw,EXPERIMENT,M4-FUNG-0018:E005,"depudecin-minus mutants show approximately 10% reduction in virulence/lesion size, statistically significant",qualitative_or_composite,lesion endpoint,S003,128,unreviewed
OBS_1a7ce9dacfd6,M4-FUNG-0018,M4-FUNG-0018:E006,experiment_outcome_raw,EXPERIMENT,M4-FUNG-0018:E006,no significant depudecin-dependent virulence defect detected,qualitative_or_composite,lesion endpoint,S003,129,unreviewed
OBS_82d578853299,M4-FUNG-0018,M4-FUNG-0018:E007,experiment_outcome_raw,EXPERIMENT,M4-FUNG-0018:E007,raising temperature from 23 to 30°C decreases depudecin; reducing/eliminating nitrate or adding ammonium chloride increases depudecin at 23°C,qualitative_or_composite,study endpoint,S005,130,unreviewed
OBS_27cb10708062,M4-FUNG-0018,M4-FUNG-0018:E008,experiment_outcome_raw,EXPERIMENT,M4-FUNG-0018:E008,tested epigenetic modifiers did not alter the overall metabolite profiles under study conditions,qualitative_or_composite,endpoint,S005,131,unreviewed
OBS_5cee900eadfe,M4-FUNG-0018,M4-FUNG-0018:E009,experiment_outcome_raw,EXPERIMENT,M4-FUNG-0018:E009,DEP1–DEP5 expression and depudecin production confirmed in a distantly related fungus with homologous cluster,qualitative_or_composite,endpoint,S006,132,unreviewed
OBS_bbc35a688221,M4-FUNG-0018,M4-FUNG-0018:E001,measurement,EXPERIMENT,M4-FUNG-0018:E001,25000,quantitative,sequence,S001,136,mapped
OBS_d2d20230fda6,M4-FUNG-0018,M4-FUNG-0018:E001,measurement,EXPERIMENT,M4-FUNG-0018:E001,6,quantitative,sequence/transcriptional boundary,S001; S003,137,mapped
OBS_e48dfd189f9d,M4-FUNG-0018,M4-FUNG-0018:E005,measurement,EXPERIMENT,M4-FUNG-0018:E005,10,quantitative,infection endpoint,S003; S006,138,mapped
OBS_a34138e280b8,M4-FUNG-0018,M4-FUNG-0018:E006,measurement,EXPERIMENT,M4-FUNG-0018:E006,not significant,qualitative_or_text,infection endpoint,S003,139,mapped
OBS_c3d65feb4fe3,M4-FUNG-0018,M4-FUNG-0018:E007,measurement,EXPERIMENT,M4-FUNG-0018:E007,23,quantitative,endpoint,S005,140,mapped
OBS_8bb96b4a2c21,M4-FUNG-0018,M4-FUNG-0018:E007,measurement,EXPERIMENT,M4-FUNG-0018:E007,30,quantitative,endpoint,S005,141,mapped
OBS_e8985d8c22b6,M4-FUNG-0018,M4-FUNG-0018:E007,measurement,EXPERIMENT,M4-FUNG-0018:E007,increase,qualitative_or_text,endpoint,S005,142,mapped
OBS_f42061ab8889,M4-FUNG-0018,M4-FUNG-0018:E007,measurement,EXPERIMENT,M4-FUNG-0018:E007,increase,qualitative_or_text,endpoint,S005,143,mapped
OBS_ad9c555bec07,M4-FUNG-0018,M4-FUNG-0018:E008,measurement,EXPERIMENT,M4-FUNG-0018:E008,0,quantitative,endpoint,S005,144,mapped
OBS_a008cee623fc,M4-FUNG-0018,,measurement,UNRESOLVED_REFERENCE,M001,C11H16O4,qualitative_or_text,structure,S001,145,mapped
OBS_3ecf456d2de3,M4-FUNG-0018,M4-FUNG-0018:E009,measurement,EXPERIMENT,M4-FUNG-0018:E009,64.1,quantitative,sequence comparison,S006,146,mapped
OBS_9888f1856c87,M4-FUNG-0019,M4-FUNG-0019:E001,experiment_outcome_raw,EXPERIMENT,M4-FUNG-0019:E001,pksA mutants cannot make dothistromin de novo but convert supplied norsolorinic acid/other AF precursors to dothistromin,qualitative_or_composite,endpoint,S002,151,unreviewed
OBS_429792798d61,M4-FUNG-0019,M4-FUNG-0019:E002,experiment_outcome_raw,EXPERIMENT,M4-FUNG-0019:E002,dothistromin severely impaired and versicolorin A accumulates,qualitative_or_composite,endpoint,S003,152,unreviewed
OBS_fe1fd1e9bec2,M4-FUNG-0019,M4-FUNG-0019:E003,experiment_outcome_raw,EXPERIMENT,M4-FUNG-0019:E003,dothistromin genes highly expressed at onset of exponential growth; production per biomass highest around days 4–6; GFP strongest in young mycelium,qualitative_or_composite,days 2–10; key window days 4–6,S005,153,unreviewed
OBS_c605561428ab,M4-FUNG-0019,M4-FUNG-0019:E004,experiment_outcome_raw,EXPERIMENT,M4-FUNG-0019:E004,dothistromin genes occupy six separated loci across the 1.3-Mb chromosome 12; most genes show higher expression in planta than culture,qualitative_or_composite,reference-genome / in-planta-vs-culture expression comparison,S006,154,unreviewed
OBS_6ad18a680ba2,M4-FUNG-0019,M4-FUNG-0019:E005,experiment_outcome_raw,EXPERIMENT,M4-FUNG-0019:E005,dothistromin drastically reduced but still detectable; multiple genes at separate loci downregulated; chromosome-11 NorB ~24-fold lower,qualitative_or_composite,endpoint,S007,155,unreviewed
OBS_82c103203410,M4-FUNG-0019,M4-FUNG-0019:E006,experiment_outcome_raw,EXPERIMENT,M4-FUNG-0019:E006,LaeA deletion increases dothistromin and DsAflR expression; mutants also show reduced sporulation/germination/hydrophobicity and an unknown metabolite,qualitative_or_composite,endpoint,S009,156,unreviewed
OBS_db80abc21cbf,M4-FUNG-0019,M4-FUNG-0019:E007,experiment_outcome_raw,EXPERIMENT,M4-FUNG-0019:E007,productive states show higher H3K9ac and lower repressive H3K9me3/H3K27me3; H3K27me3 directly influences dispersed chromosome-12 genes,qualitative_or_composite,state comparison,S010,157,unreviewed
OBS_8d0003673ab0,M4-FUNG-0019,M4-FUNG-0019:E008,experiment_outcome_raw,EXPERIMENT,M4-FUNG-0019:E008,"mutants infect, germinate, grow epiphytically and penetrate, but show restricted mesophyll colonization, smaller lesions and far fewer fruiting bodies/spores",qualitative_or_composite,mature lesions 8–12 weeks,S008,158,unreviewed
OBS_e60dd23ccde0,M4-FUNG-0019,M4-FUNG-0019:E009,experiment_outcome_raw,EXPERIMENT,M4-FUNG-0019:E009,no conclusive evidence that DotC is the obligatory dothistromin efflux transporter,qualitative_or_composite,endpoint,S011,159,unreviewed
OBS_258fd295ceb3,M4-FUNG-0019,M4-FUNG-0019:E010,experiment_outcome_raw,EXPERIMENT,M4-FUNG-0019:E010,20 genes across six chr12 loci conserved; dothistromin output varies among isolates and some high-output isolates carry chromosome duplications,qualitative_or_composite,study endpoint,S012,160,unreviewed
OBS_3fe851484157,M4-FUNG-0019,M4-FUNG-0019:E001,measurement,EXPERIMENT,M4-FUNG-0019:E001,52829,quantitative,sequence,S001,164,mapped
OBS_2514ec2be8a5,M4-FUNG-0019,M4-FUNG-0019:E001,measurement,EXPERIMENT,M4-FUNG-0019:E001,20,quantitative,sequence,S001,165,mapped
OBS_fdc0bb8e0549,M4-FUNG-0019,M4-FUNG-0019:E004,measurement,EXPERIMENT,M4-FUNG-0019:E004,20,quantitative,genome/pathway mapping,S012,166,mapped
OBS_4f51fea6b2f1,M4-FUNG-0019,M4-FUNG-0019:E004,measurement,EXPERIMENT,M4-FUNG-0019:E004,1.3,quantitative,genome,S006; S007,167,mapped
OBS_8397d7ad07de,M4-FUNG-0019,M4-FUNG-0019:E004,measurement,EXPERIMENT,M4-FUNG-0019:E004,6,quantitative,genome,S006; S007,168,mapped
OBS_354a9126b7eb,M4-FUNG-0019,M4-FUNG-0019:E003,measurement,EXPERIMENT,M4-FUNG-0019:E003,4,quantitative,time course,S005,169,mapped
OBS_b6a660015b39,M4-FUNG-0019,M4-FUNG-0019:E003,measurement,EXPERIMENT,M4-FUNG-0019:E003,6,quantitative,time course,S005,170,mapped
OBS_3ef29740a210,M4-FUNG-0019,M4-FUNG-0019:E005,measurement,EXPERIMENT,M4-FUNG-0019:E005,24,quantitative,endpoint,S007,171,mapped
OBS_849c6ea537f3,M4-FUNG-0019,M4-FUNG-0019:E008,measurement,EXPERIMENT,M4-FUNG-0019:E008,8,quantitative,infection,S008,172,mapped
OBS_1b9582745df9,M4-FUNG-0019,M4-FUNG-0019:E008,measurement,EXPERIMENT,M4-FUNG-0019:E008,>25,qualitative_or_text,mature lesions,S008,173,mapped
OBS_b59aa2f6a44f,M4-FUNG-0019,M4-FUNG-0019:E007,measurement,EXPERIMENT,M4-FUNG-0019:E007,higher,qualitative_or_text,early productive state,S010,174,mapped
OBS_83844e79e48a,M4-FUNG-0019,M4-FUNG-0019:E007,measurement,EXPERIMENT,M4-FUNG-0019:E007,lower,qualitative_or_text,early productive state,S010,175,mapped
OBS_3dcdf8e6ce45,M4-FUNG-0019,M4-FUNG-0019:E007,measurement,EXPERIMENT,M4-FUNG-0019:E007,lower,qualitative_or_text,early productive state,S010,176,mapped
OBS_fe82c7e0cc7e,M4-FUNG-0020,M4-FUNG-0020:E001,experiment_outcome_raw,EXPERIMENT,M4-FUNG-0020:E001,stationary liquid Czapek produced high titers of orsellinic acid and F9775A/B without cclA deletion,qualitative_or_composite,condition-dependent; one tested regime included prolonged stationary cultivation,S003,132,unreviewed
OBS_615d2122856d,M4-FUNG-0020,M4-FUNG-0020:E002,experiment_outcome_raw,EXPERIMENT,M4-FUNG-0020:E002,AN7909–AN7915 transcription and F9775A/B production activated/derepressed,qualitative_or_composite,24/48/60 h in defining study,S005,133,unreviewed
OBS_bc03a5d0fc81,M4-FUNG-0020,M4-FUNG-0020:E003,experiment_outcome_raw,EXPERIMENT,M4-FUNG-0020:E003,"specific Streptomyces interaction induces ors genes and OA, lecanoric acid, F9775A/B",qualitative_or_composite,study endpoint,S004,134,unreviewed
OBS_1f42f35542a6,M4-FUNG-0020,M4-FUNG-0020:E004,experiment_outcome_raw,EXPERIMENT,M4-FUNG-0020:E004,only intimate physical interaction activates the fungal programme; separated/diffusible-signal controls fail,qualitative_or_composite,endpoint,S004,135,unreviewed
OBS_67d505921691,M4-FUNG-0020,M4-FUNG-0020:E005,experiment_outcome_raw,EXPERIMENT,M4-FUNG-0020:E005,"GcnE/AdaB required for bacteria-induced ors expression/product; contact increases H3K9/H3K14 acetylation, with H3K9 enrichment cluster-specific",qualitative_or_composite,endpoint,S006,136,unreviewed
OBS_b26fe090ddbe,M4-FUNG-0020,M4-FUNG-0020:E006,experiment_outcome_raw,EXPERIMENT,M4-FUNG-0020:E006,only AN7909/orsA deletion abolishes OA and F9775A/B among tested NR-PKSs,qualitative_or_composite,endpoint,S003,137,unreviewed
OBS_eaa5e720b8e4,M4-FUNG-0020,M4-FUNG-0020:E007,experiment_outcome_raw,EXPERIMENT,M4-FUNG-0020:E007,only AN7911/orsB and AN7912/orsC additionally abolish F9775A/B while OA remains; other neighboring deletions retain all three target compounds,qualitative_or_composite,endpoint,S003,138,unreviewed
OBS_00733346bdf2,M4-FUNG-0020,M4-FUNG-0020:E008,experiment_outcome_raw,EXPERIMENT,M4-FUNG-0020:E008,orsBΔ yields gerfelin/C10-deoxygerfelin; orsCΔ yields diorcinol; OA retained in both,qualitative_or_composite,scale-up endpoint,S003,139,unreviewed
OBS_c936727f1f7f,M4-FUNG-0020,M4-FUNG-0020:E009,experiment_outcome_raw,EXPERIMENT,M4-FUNG-0020:E009,ΔveA strongly activates ors/F9775; OE::mvlA reduces activation ~4–5-fold; gcnE deletion abolishes ΔveA-induced ors transcription/product; H3K9ac tracks productive activation,qualitative_or_composite,36–60 h; key metabolite comparison at 48 h,S007,140,unreviewed
OBS_60b879d27d40,M4-FUNG-0020,M4-FUNG-0020:E010,experiment_outcome_raw,EXPERIMENT,M4-FUNG-0020:E010,"orsellinic-acid cluster is among secondary-metabolite clusters upregulated in ΔcclA at the early/primary-metabolism stage, illustrating stage-dependent regulator effects",qualitative_or_composite,20 h and 48 h,S009,141,unreviewed
OBS_aa6ab60eec18,M4-FUNG-0020,M4-FUNG-0020:E001,measurement,EXPERIMENT,M4-FUNG-0020:E001,46502,quantitative,sequence,S001,145,mapped
OBS_aa2bd8740013,M4-FUNG-0020,M4-FUNG-0020:E001,measurement,EXPERIMENT,M4-FUNG-0020:E001,26552,quantitative,sequence,S001,146,mapped
OBS_82710aad8cee,M4-FUNG-0020,M4-FUNG-0020:E007,measurement,EXPERIMENT,M4-FUNG-0020:E007,10,quantitative,sequence,S001,147,mapped
OBS_83a23e13afb2,M4-FUNG-0020,M4-FUNG-0020:E007,measurement,EXPERIMENT,M4-FUNG-0020:E007,3,quantitative,deletion panel,S003,148,mapped
OBS_228e3e9da2bd,M4-FUNG-0020,M4-FUNG-0020:E006,measurement,EXPERIMENT,M4-FUNG-0020:E006,1,quantitative,deletion/sufficiency,S003,149,mapped
OBS_37e256f2eb7c,M4-FUNG-0020,M4-FUNG-0020:E003,measurement,EXPERIMENT,M4-FUNG-0020:E003,58,quantitative,coculture screen,S004,150,mapped
OBS_048af511fce7,M4-FUNG-0020,M4-FUNG-0020:E009,measurement,EXPERIMENT,M4-FUNG-0020:E009,4,quantitative,48 h,S007,151,mapped
OBS_7dcc97dda61c,M4-FUNG-0020,M4-FUNG-0020:E009,measurement,EXPERIMENT,M4-FUNG-0020:E009,37,quantitative,36–60 h,S007,152,mapped
OBS_a5b5ace5aa9b,M4-FUNG-0020,M4-FUNG-0020:E009,measurement,EXPERIMENT,M4-FUNG-0020:E009,250,quantitative,36–60 h,S007,153,mapped
OBS_5b81f8ad9c2c,M4-FUNG-0020,M4-FUNG-0020:E009,measurement,EXPERIMENT,M4-FUNG-0020:E009,48,quantitative,metabolite assay,S007,154,mapped
OBS_1d1811571eaa,M4-FUNG-0020,M4-FUNG-0020:E010,measurement,EXPERIMENT,M4-FUNG-0020:E010,20,quantitative,stage,S009,155,mapped
OBS_8ecb55ce9823,M4-FUNG-0020,M4-FUNG-0020:E010,measurement,EXPERIMENT,M4-FUNG-0020:E010,48,quantitative,stage,S009,156,mapped
OBS_c603883d2ac4,M4-FUNG-0020,M4-FUNG-0020:E010,measurement,EXPERIMENT,M4-FUNG-0020:E010,2971,quantitative,20 h,S009,157,mapped
OBS_a4e2bca90cd5,M4-FUNG-0021,M4-FUNG-0021:E001,experiment_outcome_raw,EXPERIMENT,M4-FUNG-0021:E001,Δfum21 abolishes detectable fumonisins and greatly reduces FUM1/FUM8 transcription; complementation restores near-WT production,qualitative_or_composite,2–6 d RNA; 21 d cracked maize toxin,S005,133,unreviewed
OBS_bf12578c40ed,M4-FUNG-0021,M4-FUNG-0021:E002,experiment_outcome_raw,EXPERIMENT,M4-FUNG-0021:E002,fum1 mutants are fumonisin-null yet comparable to producers in ear infection and ear-rot ability,qualitative_or_composite,1999–2000 field seasons,S004,134,unreviewed
OBS_b2426d97d1a1,M4-FUNG-0021,M4-FUNG-0021:E003,experiment_outcome_raw,EXPERIMENT,M4-FUNG-0021:E003,"Δfum6 supplies intermediates that Δfum1 or Δfum8 can convert; Δfum1+Δfum8 cannot complement each other, placing Fum1→Fum8→Fum6",qualitative_or_composite,7-d intermediate time course,S006,135,unreviewed
OBS_2366c6b4771a,M4-FUNG-0021,M4-FUNG-0021:E004,experiment_outcome_raw,EXPERIMENT,M4-FUNG-0021:E004,C3-keto analogues accumulate and only ~10% WT B-series production remains,qualitative_or_composite,endpoint,S018,136,unreviewed
OBS_b30f28bd7680,M4-FUNG-0021,M4-FUNG-0021:E005,experiment_outcome_raw,EXPERIMENT,M4-FUNG-0021:E005,FUM7/10/11/14 produce distinct ester-defective phenotypes; FUM16 deletion showed no apparent effect on fumonisin production in this older assay,qualitative_or_composite,endpoint,S007,137,unreviewed
OBS_036ed6329369,M4-FUNG-0021,M4-FUNG-0021:E006,experiment_outcome_raw,EXPERIMENT,M4-FUNG-0021:E006,Fum14 directly converts hydrolyzed fumonisins to esterified fumonisins,qualitative_or_composite,reaction endpoint,S021,138,unreviewed
OBS_767f32a0642f,M4-FUNG-0021,M4-FUNG-0021:E007,experiment_outcome_raw,EXPERIMENT,M4-FUNG-0021:E007,FUM19 deletion raises intra/extracellular FB1 and FUM expression; FUM18 provides ceramide-synthase-dependent self-protection without being required for toxin synthesis,qualitative_or_composite,2 d RNA; 7 d toxin,S008,139,unreviewed
OBS_c450d6ee42f8,M4-FUNG-0021,M4-FUNG-0021:E008,experiment_outcome_raw,EXPERIMENT,M4-FUNG-0021:E008,Fum16 is palmitoyl-CoA ligase; Fum15 affects extracellular FB1/detoxification-like phenotypes; both contribute to self-protection,qualitative_or_composite,endpoint,S009,140,unreviewed
OBS_1c98b3155eed,M4-FUNG-0021,M4-FUNG-0021:E009,experiment_outcome_raw,EXPERIMENT,M4-FUNG-0021:E009,histone acetylation regulates FUM1/FUM21 promoters more strongly than FUM8; TSA can derepress expression under noninducing conditions,qualitative_or_composite,7 d,S013,141,unreviewed
OBS_b35ba7d61dc1,M4-FUNG-0021,M4-FUNG-0021:E010,experiment_outcome_raw,EXPERIMENT,M4-FUNG-0021:E010,Fum8 and self-protection CerS proteins occupy ER-derived vesicles; final Fum3 step is cytoplasmic; later work also links Fum1/Fum6 to vacuolar organization,qualitative_or_composite,overnight/production state,S008; S015,142,unreviewed
OBS_bdd5d3c015c7,M4-FUNG-0021,M4-FUNG-0021:E001,measurement,EXPERIMENT,M4-FUNG-0021:E001,62742,quantitative,sequence,S001,146,mapped
OBS_76e79652d4d5,M4-FUNG-0021,M4-FUNG-0021:E001,measurement,EXPERIMENT,M4-FUNG-0021:E001,16,quantitative,cluster,S008,147,mapped
OBS_f748a4af0ebe,M4-FUNG-0021,M4-FUNG-0021:E001,measurement,EXPERIMENT,M4-FUNG-0021:E001,12,quantitative,time course,S005,148,mapped
OBS_1bae7e5b2242,M4-FUNG-0021,M4-FUNG-0021:E001,measurement,EXPERIMENT,M4-FUNG-0021:E001,48,quantitative,time course,S005,149,mapped
OBS_3f3fdbc743ec,M4-FUNG-0021,M4-FUNG-0021:E001,measurement,EXPERIMENT,M4-FUNG-0021:E001,21,quantitative,endpoint,S005,150,mapped
OBS_7ad34607ddbd,M4-FUNG-0021,M4-FUNG-0021:E007,measurement,EXPERIMENT,M4-FUNG-0021:E007,6,quantitative,culture,S008,151,mapped
OBS_9fb09a2126fb,M4-FUNG-0021,M4-FUNG-0021:E007,measurement,EXPERIMENT,M4-FUNG-0021:E007,80,quantitative,product profile,S008,152,mapped
OBS_4e3e70639ce4,M4-FUNG-0021,M4-FUNG-0021:E007,measurement,EXPERIMENT,M4-FUNG-0021:E007,7,quantitative,endpoint,S008,153,mapped
OBS_91b279502a02,M4-FUNG-0021,M4-FUNG-0021:E007,measurement,EXPERIMENT,M4-FUNG-0021:E007,2,quantitative,endpoint,S008,154,mapped
OBS_9830f1ea7382,M4-FUNG-0021,M4-FUNG-0021:E004,measurement,EXPERIMENT,M4-FUNG-0021:E004,10,quantitative,endpoint,S018,155,mapped
OBS_3017aec8208d,M4-FUNG-0021,M4-FUNG-0021:E009,measurement,EXPERIMENT,M4-FUNG-0021:E009,1,quantitative,7 days,S013,156,mapped
OBS_f00043d5d4fa,M4-FUNG-0021,M4-FUNG-0021:E009,measurement,EXPERIMENT,M4-FUNG-0021:E009,7,quantitative,endpoint,S013,157,mapped
OBS_268b45fe820d,M4-FUNG-0021,M4-FUNG-0021:E001,measurement,EXPERIMENT,M4-FUNG-0021:E001,3,quantitative,culture,S005,158,mapped
OBS_aa3f0bbe5016,M4-FUNG-0021,M4-FUNG-0021:E001,measurement,EXPERIMENT,M4-FUNG-0021:E001,28,quantitative,culture,S005,159,mapped
OBS_45442e2548cb,M4-FUNG-0022,M4-FUNG-0022:E001,experiment_outcome_raw,EXPERIMENT,M4-FUNG-0022:E001,FUM genes have the same order/orientation as other Fusarium FUM clusters; coding regions are highly similar but flanking regions are not,qualitative_or_composite,sequence endpoint,S003,133,unreviewed
OBS_8e74d0ae754b,M4-FUNG-0022,M4-FUNG-0022:E002,experiment_outcome_raw,EXPERIMENT,M4-FUNG-0022:E002,FvFUM8 restores predominantly FB production whereas O-1890 FoFUM8 produces predominantly FCs,qualitative_or_composite,endpoint,S003,134,unreviewed
OBS_25d1cf9389e4,M4-FUNG-0022,M4-FUNG-0022:E003,experiment_outcome_raw,EXPERIMENT,M4-FUNG-0022:E003,A580V in FvFUM8 switches predominantly toward FCs; V580A in FoFUM8 switches predominantly toward FBs,qualitative_or_composite,12 d modern assay / construct comparison,S004,135,unreviewed
OBS_1785a56487d0,M4-FUNG-0022,M4-FUNG-0022:E004,experiment_outcome_raw,EXPERIMENT,M4-FUNG-0022:E004,both WT and Δfum15 still produce hydroxy-FC1,qualitative_or_composite,7 d V8 + 10 d cracked maize,S004,136,unreviewed
OBS_ee21c69556f2,M4-FUNG-0022,M4-FUNG-0022:E005,experiment_outcome_raw,EXPERIMENT,M4-FUNG-0022:E005,O-1890 produces mostly FC1 with little FB1/FB2 and additional C-series analogues,qualitative_or_composite,endpoint,S005; S008,137,unreviewed
OBS_0da782b8820c,M4-FUNG-0022,M4-FUNG-0022:E006,experiment_outcome_raw,EXPERIMENT,M4-FUNG-0022:E006,O-1890 FUM locus shows evidence of complex evolutionary history; CPM1 evolves with the cluster in some lineages,qualitative_or_composite,phylogenomic endpoint,S006,138,unreviewed
OBS_b00f008342a3,M4-FUNG-0022,M4-FUNG-0022:E001,measurement,EXPERIMENT,M4-FUNG-0022:E001,53327,quantitative,sequence,S001,144,mapped
OBS_a93c78505e22,M4-FUNG-0022,M4-FUNG-0022:E001,measurement,EXPERIMENT,M4-FUNG-0022:E001,17,quantitative,sequence,S001,145,mapped
OBS_e59d3046a5f5,M4-FUNG-0022,M4-FUNG-0022:E001,measurement,EXPERIMENT,M4-FUNG-0022:E001,88,quantitative,comparative sequence,S003,146,mapped
OBS_e604d050da99,M4-FUNG-0022,M4-FUNG-0022:E001,measurement,EXPERIMENT,M4-FUNG-0022:E001,40,quantitative,comparative sequence,S003,147,mapped
OBS_aca8d1886812,M4-FUNG-0022,M4-FUNG-0022:E003,measurement,EXPERIMENT,M4-FUNG-0022:E003,580,quantitative,site-directed mutagenesis,S004,148,mapped
OBS_336430d0c93f,M4-FUNG-0022,M4-FUNG-0022:E003,measurement,EXPERIMENT,M4-FUNG-0022:E003,5,quantitative,fumonisin assay,S004,149,mapped
OBS_c5db6ebdb124,M4-FUNG-0022,M4-FUNG-0022:E003,measurement,EXPERIMENT,M4-FUNG-0022:E003,5,quantitative,fumonisin assay,S004,150,mapped
OBS_37d431613706,M4-FUNG-0022,M4-FUNG-0022:E004,measurement,EXPERIMENT,M4-FUNG-0022:E004,7,quantitative,preculture,S004,151,mapped
OBS_2793172a8be5,M4-FUNG-0022,M4-FUNG-0022:E004,measurement,EXPERIMENT,M4-FUNG-0022:E004,4,quantitative,production,S004,152,mapped
OBS_26e4b7a18ebf,M4-FUNG-0022,M4-FUNG-0022:E004,measurement,EXPERIMENT,M4-FUNG-0022:E004,10,quantitative,production,S004,153,mapped
OBS_93d72e7a2f54,M4-FUNG-0022,M4-FUNG-0022:E004,measurement,EXPERIMENT,M4-FUNG-0022:E004,3,quantitative,production,S004,154,mapped
OBS_192266c345c0,M4-FUNG-0022,M4-FUNG-0022:E004,measurement,EXPERIMENT,M4-FUNG-0022:E004,retained,qualitative_or_text,endpoint,S004,155,mapped
OBS_ff97decbe171,M4-FUNG-0023,M4-FUNG-0023:E001,experiment_outcome_raw,EXPERIMENT,M4-FUNG-0023:E001,"disruption in both fungi generates fusarin-deficient strains, proving megasynthase necessity",qualitative_or_composite,endpoint,S002,129,unreviewed
OBS_435c575d0d23,M4-FUNG-0023,M4-FUNG-0023:E002,experiment_outcome_raw,EXPERIMENT,M4-FUNG-0023:E002,fus1–fus9 are coregulated under high-N/acidic conditions; productive state enriched for H3K9ac,qualitative_or_composite,2–7 d depending assay,S003,130,unreviewed
OBS_99e898d4d5f2,M4-FUNG-0023,M4-FUNG-0023:E003,experiment_outcome_raw,EXPERIMENT,M4-FUNG-0023:E003,distinct intermediates accumulate; Fus1/2/8/9 required for canonical fusarin chemistry,qualitative_or_composite,4 d,S003,131,unreviewed
OBS_5cbb9f106838,M4-FUNG-0023,M4-FUNG-0023:E004,experiment_outcome_raw,EXPERIMENT,M4-FUNG-0023:E004,fusarin production remains despite deletion of each coexpressed gene,qualitative_or_composite,endpoint,S003,132,unreviewed
OBS_f29b4c54044b,M4-FUNG-0023,M4-FUNG-0023:E005,experiment_outcome_raw,EXPERIMENT,M4-FUNG-0023:E005,fusarin production can be restored by metabolic cross-feeding; Fus1/Fus2/Fus8 generate carboxy-fusarin C and addition of Fus9 completes fusarin C,qualitative_or_composite,4 d,S003,133,unreviewed
OBS_c81649832190,M4-FUNG-0023,M4-FUNG-0023:E006,experiment_outcome_raw,EXPERIMENT,M4-FUNG-0023:E006,fusA transcript and fusarin rise transiently around days 5–7 under high N and decline with aging; illumination lowers observed fusarin,qualitative_or_composite,5–10+ d,S004,134,unreviewed
OBS_7f070f271ebf,M4-FUNG-0023,M4-FUNG-0023:E007,experiment_outcome_raw,EXPERIMENT,M4-FUNG-0023:E007,all nine FUS genes are specifically upregulated during coculture at day 2 relative to F. verticillioides alone,qualitative_or_composite,2 and 5 d,S008,135,unreviewed
OBS_0caa0a70193c,M4-FUNG-0023,M4-FUNG-0023:E008,experiment_outcome_raw,EXPERIMENT,M4-FUNG-0023:E008,"FUS genes fall at least ~15-fold, many ~27–80-fold or more, across independent mutants",qualitative_or_composite,endpoint,S015,136,unreviewed
OBS_f9c07b135a0b,M4-FUNG-0023,M4-FUNG-0023:E009,experiment_outcome_raw,EXPERIMENT,M4-FUNG-0023:E009,fusarins detected only under high-nitrogen conditions in the tested panel; intact cluster does not guarantee production across species,qualitative_or_composite,endpoint,S006,137,unreviewed
OBS_59da477ab956,M4-FUNG-0023,M4-FUNG-0023:E001,measurement,EXPERIMENT,M4-FUNG-0023:E001,11857,quantitative,sequence,S001,141,mapped
OBS_6c41ed2425cd,M4-FUNG-0023,M4-FUNG-0023:E001,measurement,EXPERIMENT,M4-FUNG-0023:E001,1,quantitative,sequence,S001,142,mapped
OBS_4d6879b53b2c,M4-FUNG-0023,M4-FUNG-0023:E002,measurement,EXPERIMENT,M4-FUNG-0023:E002,9,quantitative,cluster,S003; S007,143,mapped
OBS_3accb75b0ec5,M4-FUNG-0023,M4-FUNG-0023:E003,measurement,EXPERIMENT,M4-FUNG-0023:E003,4,quantitative,functional sufficiency,S003,144,mapped
OBS_5ed7f02b13f2,M4-FUNG-0023,M4-FUNG-0023:E002,measurement,EXPERIMENT,M4-FUNG-0023:E002,60,quantitative,inducing culture,S003,145,mapped
OBS_beac1404ce8c,M4-FUNG-0023,M4-FUNG-0023:E002,measurement,EXPERIMENT,M4-FUNG-0023:E002,6,quantitative,comparison,S003,146,mapped
OBS_015bfc0b6920,M4-FUNG-0023,M4-FUNG-0023:E003,measurement,EXPERIMENT,M4-FUNG-0023:E003,4,quantitative,endpoint,S003,147,mapped
OBS_dfef6967a0e4,M4-FUNG-0023,M4-FUNG-0023:E006,measurement,EXPERIMENT,M4-FUNG-0023:E006,5,quantitative,time course,S004,148,mapped
OBS_d5775ef74dd8,M4-FUNG-0023,M4-FUNG-0023:E009,measurement,EXPERIMENT,M4-FUNG-0023:E009,120,quantitative,endpoint,S006,149,mapped
OBS_c0f3ee9786a4,M4-FUNG-0023,M4-FUNG-0023:E008,measurement,EXPERIMENT,M4-FUNG-0023:E008,15,quantitative,RNA-seq,S015,150,mapped
OBS_1166452cc3cd,M4-FUNG-0023,,measurement,UNRESOLVED_REFERENCE,M001,C23H29NO7,qualitative_or_text,current authoritative compound record,S009,151,mapped
OBS_58f90e3376f8,M4-FUNG-0023,,measurement,UNRESOLVED_REFERENCE,M001,0.1,quantitative,cell assay,S012,152,mapped
OBS_81e33a9398bc,M4-FUNG-0024,M4-FUNG-0024:E001,experiment_outcome_raw,EXPERIMENT,M4-FUNG-0024:E001,WT produces griseofulvin and dechlorogriseofulvin; establishes native pathway access,qualitative_or_composite,endpoint,S003,138,unreviewed
OBS_ddf233f45f3e,M4-FUNG-0024,M4-FUNG-0024:E002,experiment_outcome_raw,EXPERIMENT,M4-FUNG-0024:E002,griseofulvin and dechlorogriseofulvin abolished,qualitative_or_composite,endpoint,S003,139,unreviewed
OBS_77f9f0bb4425,M4-FUNG-0024,M4-FUNG-0024:E003,experiment_outcome_raw,EXPERIMENT,M4-FUNG-0024:E003,griseofulvin abolished while dechlorogriseofulvin remains; establishes late/regiospecific chlorination role,qualitative_or_composite,endpoint,S003,140,unreviewed
OBS_13d4c87be252,M4-FUNG-0024,M4-FUNG-0024:E004,experiment_outcome_raw,EXPERIMENT,M4-FUNG-0024:E004,"distinct regioselective unmethylated intermediates/shunts accumulate, assigning 3-OH, 9-OH and 5-OH methylation",qualitative_or_composite,endpoint,S004,141,unreviewed
OBS_786f7c4413b4,M4-FUNG-0024,M4-FUNG-0024:E005,experiment_outcome_raw,EXPERIMENT,M4-FUNG-0024:E005,"loss of grisan formation with griseophenone precursors, assigning oxidative phenolic coupling",qualitative_or_composite,endpoint,S004,142,unreviewed
OBS_bd8260b1b99e,M4-FUNG-0024,M4-FUNG-0024:E006,experiment_outcome_raw,EXPERIMENT,M4-FUNG-0024:E006,ΔgsfE traps dehydro products; ΔgsfK retains griseofulvin/dechlorogriseofulvin,qualitative_or_composite,endpoint,S004,143,unreviewed
OBS_7c7aba61861e,M4-FUNG-0024,M4-FUNG-0024:E007,experiment_outcome_raw,EXPERIMENT,M4-FUNG-0024:E007,griseofulvin/dechlorogriseofulvin retained,qualitative_or_composite,endpoint,S004,144,unreviewed
OBS_4916aac32392,M4-FUNG-0024,M4-FUNG-0024:E008,experiment_outcome_raw,EXPERIMENT,M4-FUNG-0024:E008,griseofulvin reconstructed in vitro from malonyl-CoA using the concise seven-enzyme pathway,qualitative_or_composite,reaction endpoint,S004,145,unreviewed
OBS_3480b5bffc0a,M4-FUNG-0024,M4-FUNG-0024:E009,experiment_outcome_raw,EXPERIMENT,M4-FUNG-0024:E009,supports sequential phenolic O-H abstraction/radical coupling rather than arene epoxidation,qualitative_or_composite,reaction endpoint,S008,146,unreviewed
OBS_e651d4d04840,M4-FUNG-0024,M4-FUNG-0024:E001,measurement,EXPERIMENT,M4-FUNG-0024:E001,55000,quantitative,sequence,S001,150,mapped
OBS_ef0d59009f06,M4-FUNG-0024,M4-FUNG-0024:E001,measurement,EXPERIMENT,M4-FUNG-0024:E001,21,quantitative,sequence,S001,151,mapped
OBS_d17f7376a843,M4-FUNG-0024,M4-FUNG-0024:E001,measurement,EXPERIMENT,M4-FUNG-0024:E001,13,quantitative,cluster,S003,152,mapped
OBS_d3565d7d0639,M4-FUNG-0024,M4-FUNG-0024:E008,measurement,EXPERIMENT,M4-FUNG-0024:E008,7,quantitative,cell-free total biosynthesis,S004,153,mapped
OBS_f3e90da88324,M4-FUNG-0024,M4-FUNG-0024:E001,measurement,EXPERIMENT,M4-FUNG-0024:E001,28,quantitative,production,S003,154,mapped
OBS_893b8603c346,M4-FUNG-0024,M4-FUNG-0024:E003,measurement,EXPERIMENT,M4-FUNG-0024:E003,2,quantitative,screen,S003,155,mapped
OBS_583d4f55774a,M4-FUNG-0024,M4-FUNG-0024:E003,measurement,EXPERIMENT,M4-FUNG-0024:E003,28,quantitative,isolation,S003,156,mapped
OBS_3e1bae5c8b77,M4-FUNG-0024,M4-FUNG-0024:E003,measurement,EXPERIMENT,M4-FUNG-0024:E003,2,quantitative,isolation,S003,157,mapped
OBS_464d70c8664e,M4-FUNG-0024,M4-FUNG-0024:E003,measurement,EXPERIMENT,M4-FUNG-0024:E003,50,quantitative,enzyme assay,S004,158,mapped
OBS_187cadf68354,M4-FUNG-0024,M4-FUNG-0024:E008,measurement,EXPERIMENT,M4-FUNG-0024:E008,1,quantitative,biosynthesis,S004,159,mapped
OBS_f9290ba4097c,M4-FUNG-0025,M4-FUNG-0025:E001,experiment_outcome_raw,EXPERIMENT,M4-FUNG-0025:E001,"DSM11931 and DSM11932 cluster sequences differ by only ~0.1% nucleotide substitutions, mostly silent",qualitative_or_composite,sequence endpoint,S003,125,unreviewed
OBS_c19b424aae16,M4-FUNG-0025,M4-FUNG-0025:E002,experiment_outcome_raw,EXPERIMENT,M4-FUNG-0025:E002,"DSM11931 yielded no colonies under the best procedure used, whereas DSM11932 averaged ~1 colony per transformation",qualitative_or_composite,transformation endpoint,S003,126,unreviewed
OBS_a969cf3754be,M4-FUNG-0025,M4-FUNG-0025:E003,experiment_outcome_raw,EXPERIMENT,M4-FUNG-0025:E003,four integrants show reduced hypothemycin and increased 4-O-desmethylhypothemycin; best reisolate strongly shifts product spectrum,qualitative_or_composite,endpoint,S003,127,unreviewed
OBS_54b8f3df2950,M4-FUNG-0025,M4-FUNG-0025:E004,experiment_outcome_raw,EXPERIMENT,M4-FUNG-0025:E004,seven of eight clones produce ~20 mg/L DHZ; either PKS alone gives no comparable RAL product,qualitative_or_composite,endpoint,S003,128,unreviewed
OBS_3ad28f18ce10,M4-FUNG-0025,M4-FUNG-0025:E005,experiment_outcome_raw,EXPERIMENT,M4-FUNG-0025:E005,"DHZ is converted into methylated, epoxidized or hydroxylated products, respectively",qualitative_or_composite,endpoint,S003,129,unreviewed
OBS_c34ae5bb7a04,M4-FUNG-0025,M4-FUNG-0025:E006,experiment_outcome_raw,EXPERIMENT,M4-FUNG-0025:E006,Hpm5 shows near-complete methylation of suitable unmethylated RALs; Hpm7 epoxidizes desepoxyhypothemycin and zearalenone,qualitative_or_composite,60 min,S003,130,unreviewed
OBS_362308c99396,M4-FUNG-0025,M4-FUNG-0025:E007,experiment_outcome_raw,EXPERIMENT,M4-FUNG-0025:E007,Purified Hpm2 rapidly equilibrates hypothemycin/aigialomycin A to ~85% trans / 15% cis in the 2008 defining study.,qualitative_or_composite,endpoint,S003,131,unreviewed
OBS_58df2605e333,M4-FUNG-0025,M4-FUNG-0025:E008,experiment_outcome_raw,EXPERIMENT,M4-FUNG-0025:E008,multiple hypothemycin analogues isolated from both strains; 4-O-demethylhypothemycin has selective BRAF-mutant cytotoxicity,qualitative_or_composite,endpoint,S004,132,unreviewed
OBS_424c65263258,M4-FUNG-0025,M4-FUNG-0025:E001,measurement,EXPERIMENT,M4-FUNG-0025:E001,36275,quantitative,sequence,S001; S002,136,mapped
OBS_46ee0951c8d5,M4-FUNG-0025,M4-FUNG-0025:E001,measurement,EXPERIMENT,M4-FUNG-0025:E001,9,quantitative,cluster,S001,137,mapped
OBS_a4b9bf226473,M4-FUNG-0025,M4-FUNG-0025:E001,measurement,EXPERIMENT,M4-FUNG-0025:E001,0.1,quantitative,comparison,S003,138,mapped
OBS_5950d1a12f65,M4-FUNG-0025,M4-FUNG-0025:E002,measurement,EXPERIMENT,M4-FUNG-0025:E002,0,quantitative,endpoint,S003,139,mapped
OBS_067aebbe11a0,M4-FUNG-0025,M4-FUNG-0025:E002,measurement,EXPERIMENT,M4-FUNG-0025:E002,1,quantitative,endpoint,S003,140,mapped
OBS_fcdff4ef4d9e,M4-FUNG-0025,M4-FUNG-0025:E003,measurement,EXPERIMENT,M4-FUNG-0025:E003,65,quantitative,production,S003,141,mapped
OBS_96fdb303e7b7,M4-FUNG-0025,M4-FUNG-0025:E003,measurement,EXPERIMENT,M4-FUNG-0025:E003,45,quantitative,production,S003,142,mapped
OBS_a8d2419e7a7e,M4-FUNG-0025,M4-FUNG-0025:E003,measurement,EXPERIMENT,M4-FUNG-0025:E003,<1,qualitative_or_text,production,S003,143,mapped
OBS_6299c51ffa2d,M4-FUNG-0025,M4-FUNG-0025:E003,measurement,EXPERIMENT,M4-FUNG-0025:E003,800,quantitative,production,S003,144,mapped
OBS_9a6497fa0770,M4-FUNG-0025,M4-FUNG-0025:E003,measurement,EXPERIMENT,M4-FUNG-0025:E003,180,quantitative,production,S003,145,mapped
OBS_7c78827bcc12,M4-FUNG-0025,M4-FUNG-0025:E003,measurement,EXPERIMENT,M4-FUNG-0025:E003,10,quantitative,production,S003,146,mapped
OBS_5f89814b77db,M4-FUNG-0025,M4-FUNG-0025:E004,measurement,EXPERIMENT,M4-FUNG-0025:E004,7,quantitative,screen,S003,147,mapped
OBS_c4da0224e531,M4-FUNG-0025,M4-FUNG-0025:E004,measurement,EXPERIMENT,M4-FUNG-0025:E004,20,quantitative,endpoint,S003,148,mapped
OBS_fb0e03be477d,M4-FUNG-0025,M4-FUNG-0025:E006,measurement,EXPERIMENT,M4-FUNG-0025:E006,100,quantitative,enzyme assay,S003,149,mapped
OBS_dc97fad6745e,M4-FUNG-0025,M4-FUNG-0025:E006,measurement,EXPERIMENT,M4-FUNG-0025:E006,86,quantitative,enzyme assay,S003,150,mapped
OBS_694e30faaee6,M4-FUNG-0025,M4-FUNG-0025:E007,measurement,EXPERIMENT,M4-FUNG-0025:E007,85,quantitative,enzyme assay,S003,151,mapped
OBS_9477d4245542,M4-FUNG-0025,M4-FUNG-0025:E007,measurement,EXPERIMENT,M4-FUNG-0025:E007,15,quantitative,enzyme assay,S003,152,mapped
OBS_7c6c4cc42232,M4-FUNG-0026,M4-FUNG-0026:E001,experiment_outcome_raw,EXPERIMENT,M4-FUNG-0026:E001,"DSM11931 and DSM11932 cluster sequences differ by only ~0.1% nucleotide substitutions, mostly silent",qualitative_or_composite,sequence endpoint,S003,125,unreviewed
OBS_65862a98f0cd,M4-FUNG-0026,M4-FUNG-0026:E002,experiment_outcome_raw,EXPERIMENT,M4-FUNG-0026:E002,"DSM11931 yielded no colonies under the best procedure used, whereas DSM11932 averaged ~1 colony per transformation",qualitative_or_composite,transformation endpoint,S003,126,unreviewed
OBS_d2034b75a9e9,M4-FUNG-0026,M4-FUNG-0026:E003,experiment_outcome_raw,EXPERIMENT,M4-FUNG-0026:E003,four integrants show reduced hypothemycin and increased 4-O-desmethylhypothemycin; best reisolate strongly shifts product spectrum,qualitative_or_composite,endpoint,S003,127,unreviewed
OBS_3812306c5878,M4-FUNG-0026,M4-FUNG-0026:E004,experiment_outcome_raw,EXPERIMENT,M4-FUNG-0026:E004,seven of eight clones produce ~20 mg/L DHZ; either PKS alone gives no comparable RAL product,qualitative_or_composite,endpoint,S003,128,unreviewed
OBS_f68d9df601be,M4-FUNG-0026,M4-FUNG-0026:E005,experiment_outcome_raw,EXPERIMENT,M4-FUNG-0026:E005,"DHZ is converted into methylated, epoxidized or hydroxylated products, respectively",qualitative_or_composite,endpoint,S003,129,unreviewed
OBS_45117cc7693f,M4-FUNG-0026,M4-FUNG-0026:E006,experiment_outcome_raw,EXPERIMENT,M4-FUNG-0026:E006,Hpm5 shows near-complete methylation of suitable unmethylated RALs; Hpm7 epoxidizes desepoxyhypothemycin and zearalenone,qualitative_or_composite,60 min,S003,130,unreviewed
OBS_61807451c279,M4-FUNG-0026,M4-FUNG-0026:E007,experiment_outcome_raw,EXPERIMENT,M4-FUNG-0026:E007,Purified Hpm2 rapidly equilibrates hypothemycin/aigialomycin A to ~85% trans / 15% cis in the 2008 defining study.,qualitative_or_composite,endpoint,S003,131,unreviewed
OBS_1cafafd711b3,M4-FUNG-0026,M4-FUNG-0026:E008,experiment_outcome_raw,EXPERIMENT,M4-FUNG-0026:E008,multiple hypothemycin analogues isolated from both strains; 4-O-demethylhypothemycin has selective BRAF-mutant cytotoxicity,qualitative_or_composite,endpoint,S004,132,unreviewed
OBS_ce561fd2f6d3,M4-FUNG-0026,M4-FUNG-0026:E001,measurement,EXPERIMENT,M4-FUNG-0026:E001,42765,quantitative,sequence,S001; S002,136,mapped
OBS_e5dc1d3e19d2,M4-FUNG-0026,M4-FUNG-0026:E001,measurement,EXPERIMENT,M4-FUNG-0026:E001,10,quantitative,cluster,S001; S002,137,mapped
OBS_689ec0dabc3e,M4-FUNG-0026,M4-FUNG-0026:E001,measurement,EXPERIMENT,M4-FUNG-0026:E001,0.1,quantitative,comparison,S003,138,mapped
OBS_91031fa62fe5,M4-FUNG-0026,M4-FUNG-0026:E002,measurement,EXPERIMENT,M4-FUNG-0026:E002,0,quantitative,endpoint,S003,139,mapped
OBS_3f17f2e5aa49,M4-FUNG-0026,M4-FUNG-0026:E002,measurement,EXPERIMENT,M4-FUNG-0026:E002,1,quantitative,endpoint,S003,140,mapped
OBS_dc37e19c66ef,M4-FUNG-0026,M4-FUNG-0026:E003,measurement,EXPERIMENT,M4-FUNG-0026:E003,65,quantitative,production,S003,141,mapped
OBS_7aced1762009,M4-FUNG-0026,M4-FUNG-0026:E003,measurement,EXPERIMENT,M4-FUNG-0026:E003,45,quantitative,production,S003,142,mapped
OBS_03b145568c2f,M4-FUNG-0026,M4-FUNG-0026:E003,measurement,EXPERIMENT,M4-FUNG-0026:E003,<1,qualitative_or_text,production,S003,143,mapped
OBS_aff03e321e81,M4-FUNG-0026,M4-FUNG-0026:E003,measurement,EXPERIMENT,M4-FUNG-0026:E003,800,quantitative,production,S003,144,mapped
OBS_c2440d11ef1f,M4-FUNG-0026,M4-FUNG-0026:E003,measurement,EXPERIMENT,M4-FUNG-0026:E003,180,quantitative,production,S003,145,mapped
OBS_46658be07b1f,M4-FUNG-0026,M4-FUNG-0026:E003,measurement,EXPERIMENT,M4-FUNG-0026:E003,10,quantitative,production,S003,146,mapped
OBS_e1f96f9c79f5,M4-FUNG-0026,M4-FUNG-0026:E004,measurement,EXPERIMENT,M4-FUNG-0026:E004,7,quantitative,screen,S003,147,mapped
OBS_dd11d79ec6ff,M4-FUNG-0026,M4-FUNG-0026:E004,measurement,EXPERIMENT,M4-FUNG-0026:E004,20,quantitative,endpoint,S003,148,mapped
OBS_84b273038f43,M4-FUNG-0026,M4-FUNG-0026:E006,measurement,EXPERIMENT,M4-FUNG-0026:E006,100,quantitative,enzyme assay,S003,149,mapped
OBS_7d22873db4a8,M4-FUNG-0026,M4-FUNG-0026:E006,measurement,EXPERIMENT,M4-FUNG-0026:E006,86,quantitative,enzyme assay,S003,150,mapped
OBS_1c9b1fb7581f,M4-FUNG-0026,M4-FUNG-0026:E007,measurement,EXPERIMENT,M4-FUNG-0026:E007,85,quantitative,enzyme assay,S003,151,mapped
OBS_a543c3377827,M4-FUNG-0026,M4-FUNG-0026:E007,measurement,EXPERIMENT,M4-FUNG-0026:E007,15,quantitative,enzyme assay,S003,152,mapped
OBS_613c4c35931c,M4-FUNG-0027,M4-FUNG-0027:E001,experiment_outcome_raw,EXPERIMENT,M4-FUNG-0027:E001,establishes two discrete PKSs and the requirement for accessory LovC in correct LovB programming,qualitative_or_composite,endpoint,S003,136,unreviewed
OBS_4e79003cf616,M4-FUNG-0027,M4-FUNG-0027:E002,experiment_outcome_raw,EXPERIMENT,M4-FUNG-0027:E002,blocked intermediates localize nonaketide and side-chain pathway stages and support two-polyketide architecture,qualitative_or_composite,endpoint,S004,137,unreviewed
OBS_c68a3c6d74ea,M4-FUNG-0027,M4-FUNG-0027:E003,experiment_outcome_raw,EXPERIMENT,M4-FUNG-0027:E003,LovB synthesizes correct DML scaffold only with appropriate tailoring/cofactors; absence of LovC or SAM produces shunt products; partner specificity demonstrates gatekeeping,qualitative_or_composite,reaction endpoint,S005,138,unreviewed
OBS_d2e224cf3425,M4-FUNG-0027,M4-FUNG-0027:E004,experiment_outcome_raw,EXPERIMENT,M4-FUNG-0027:E004,LovA performs DML acid→monacolin L acid and monacolin L acid→monacolin J acid,qualitative_or_composite,endpoint,S006,139,unreviewed
OBS_512492ea20fc,M4-FUNG-0027,M4-FUNG-0027:E005,experiment_outcome_raw,EXPERIMENT,M4-FUNG-0027:E005,LovG is required for efficient DML release and improves LovB turnover,qualitative_or_composite,endpoint,S007,140,unreviewed
OBS_94f2d0fb0005,M4-FUNG-0027,M4-FUNG-0027:E006,experiment_outcome_raw,EXPERIMENT,M4-FUNG-0027:E006,LovD strongly prefers the LovF-tethered acyl donor and produces lovastatin from monacolin J,qualitative_or_composite,endpoint,S008,141,unreviewed
OBS_2572450303a5,M4-FUNG-0027,M4-FUNG-0027:E007,experiment_outcome_raw,EXPERIMENT,M4-FUNG-0027:E007,glutamate/histidine support highest output; lovastatin onset occurs when carbon assimilation becomes limiting,qualitative_or_composite,time course,S010,142,unreviewed
OBS_93d493cc894b,M4-FUNG-0027,M4-FUNG-0027:E008,experiment_outcome_raw,EXPERIMENT,M4-FUNG-0027:E008,lowering ROS suppresses lovE/lovF and lovastatin; H2O2 causes precocious expression/production,qualitative_or_composite,time course,S013,143,unreviewed
OBS_4b100ad66f6e,M4-FUNG-0027,M4-FUNG-0027:E001,measurement,EXPERIMENT,M4-FUNG-0027:E001,55428,quantitative,sequence,S001,147,mapped
OBS_58aebcfe0286,M4-FUNG-0027,M4-FUNG-0027:E001,measurement,EXPERIMENT,M4-FUNG-0027:E001,17,quantitative,sequence,S001,148,mapped
OBS_fd4ed5afbcd9,M4-FUNG-0027,M4-FUNG-0027:E003,measurement,EXPERIMENT,M4-FUNG-0027:E003,335,quantitative,protein,S005,149,mapped
OBS_a30598eea51e,M4-FUNG-0027,M4-FUNG-0027:E003,measurement,EXPERIMENT,M4-FUNG-0027:E003,8,quantitative,cell-free reconstitution,S005,150,mapped
OBS_5d7b9c4a5050,M4-FUNG-0027,M4-FUNG-0027:E003,measurement,EXPERIMENT,M4-FUNG-0027:E003,35,quantitative,mechanistic estimate,S005,151,mapped
OBS_7190b8a9bccf,M4-FUNG-0027,M4-FUNG-0027:E003,measurement,EXPERIMENT,M4-FUNG-0027:E003,2,quantitative,reaction,S005,152,mapped
OBS_e4716c1e01d1,M4-FUNG-0027,M4-FUNG-0027:E003,measurement,EXPERIMENT,M4-FUNG-0027:E003,2,quantitative,reaction,S005,153,mapped
OBS_c452b263c723,M4-FUNG-0027,M4-FUNG-0027:E007,measurement,EXPERIMENT,M4-FUNG-0027:E007,40,quantitative,fermentation,S010,154,mapped
OBS_a2fe0d490f2c,M4-FUNG-0027,M4-FUNG-0027:E007,measurement,EXPERIMENT,M4-FUNG-0027:E007,9.8,quantitative,fermentation,S010,155,mapped
OBS_c14e60a6176d,M4-FUNG-0027,M4-FUNG-0027:E007,measurement,EXPERIMENT,M4-FUNG-0027:E007,400,quantitative,fermentation,S010,156,mapped
OBS_c35320749613,M4-FUNG-0027,M4-FUNG-0027:E007,measurement,EXPERIMENT,M4-FUNG-0027:E007,1,quantitative,fermentation,S010,157,mapped
OBS_a5c205d1a7ab,M4-FUNG-0027,M4-FUNG-0027:E008,measurement,EXPERIMENT,M4-FUNG-0027:E008,100,quantitative,redox perturbation,S013,158,mapped
OBS_8aa11efdd796,M4-FUNG-0027,M4-FUNG-0027:E008,measurement,EXPERIMENT,M4-FUNG-0027:E008,53,quantitative,endpoint,S013,159,mapped
OBS_60f7e17e9a85,M4-FUNG-0027,M4-FUNG-0027:E008,measurement,EXPERIMENT,M4-FUNG-0027:E008,79,quantitative,endpoint,S013,160,mapped
OBS_128e2d1e90c5,M4-FUNG-0028,M4-FUNG-0028:E001,experiment_outcome_raw,EXPERIMENT,M4-FUNG-0028:E001,AF141925.1 is obsolete/replaced by AH007774; BGC0000089 currently carries no independent gene set,qualitative_or_composite,current,S002; S004,122,unreviewed
OBS_bc465589d685,M4-FUNG-0028,M4-FUNG-0028:E002,experiment_outcome_raw,EXPERIMENT,M4-FUNG-0028:E002,"historical two-accession representation comprises 17 genes, now present together in a single modern scaffold/full record",qualitative_or_composite,endpoint,S003,123,unreviewed
OBS_021c21ac00c9,M4-FUNG-0028,M4-FUNG-0028:E001,measurement,EXPERIMENT,M4-FUNG-0028:E001,0,quantitative,database,S004,131,mapped
OBS_757c4d1ed5cb,M4-FUNG-0028,M4-FUNG-0028:E002,measurement,EXPERIMENT,M4-FUNG-0028:E002,17,quantitative,genome comparison,S003,132,mapped
OBS_e427ca92af68,M4-FUNG-0028,M4-FUNG-0028:E002,measurement,EXPERIMENT,M4-FUNG-0028:E002,14,quantitative,genome comparison,S003,133,mapped
OBS_288872642bb1,M4-FUNG-0028,M4-FUNG-0028:E002,measurement,EXPERIMENT,M4-FUNG-0028:E002,3,quantitative,genome comparison,S003,134,mapped
OBS_fb4910eedacf,M4-FUNG-0029,M4-FUNG-0029:E001,experiment_outcome_raw,EXPERIMENT,M4-FUNG-0029:E001,mokA disruptant fails to produce monacolin K; establishes core-PKS causality,qualitative_or_composite,endpoint,S003,125,unreviewed
OBS_47f8f9f8bcd0,M4-FUNG-0029,M4-FUNG-0029:E002,experiment_outcome_raw,EXPERIMENT,M4-FUNG-0029:E002,"MK lost and monacolin J accumulates, assigning MokB to side-chain diketide synthesis",qualitative_or_composite,endpoint,S004,126,unreviewed
OBS_14dffba03308,M4-FUNG-0029,M4-FUNG-0029:E003,experiment_outcome_raw,EXPERIMENT,M4-FUNG-0029:E003,T-mokH1 shows 1.7-fold higher MK and increased biosynthetic-gene transcription,qualitative_or_composite,time course,S005,127,unreviewed
OBS_ebdfed9e5ba9,M4-FUNG-0029,M4-FUNG-0029:E004,experiment_outcome_raw,EXPERIMENT,M4-FUNG-0029:E004,"glutamate raises MK, biomass, mokB–mokI transcription, changes morphology/permeability and increases extracellular recovery",qualitative_or_composite,"days 2, 5, 8, 11",S006,128,unreviewed
OBS_f9ef09f70aab,M4-FUNG-0029,M4-FUNG-0029:E005,experiment_outcome_raw,EXPERIMENT,M4-FUNG-0029:E005,shifted culture produces 34.5 µg/mL MK versus 2.11 µg/mL at constant 30°C despite lower biomass,qualitative_or_composite,21 d total,S007,129,unreviewed
OBS_0e26a5f3b551,M4-FUNG-0029,M4-FUNG-0029:E006,experiment_outcome_raw,EXPERIMENT,M4-FUNG-0029:E006,Δmpclr4 increases MK 52.6%; Δmpdot1 yields only 43.5% of WT; Δmplig4 has little MK effect,qualitative_or_composite,fermentation endpoint,S010,130,unreviewed
OBS_e9a418863655,M4-FUNG-0029,M4-FUNG-0029:E007,experiment_outcome_raw,EXPERIMENT,M4-FUNG-0029:E007,mokI overexpression increases MK 41.39% and remodels transport/metabolic networks,qualitative_or_composite,endpoint/time course,S008,131,unreviewed
OBS_5adf639a12a4,M4-FUNG-0029,M4-FUNG-0029:E008,experiment_outcome_raw,EXPERIMENT,M4-FUNG-0029:E008,ΔmokE produces no MK; complementation restores synthesis; overexpression increases MK 32.1%,qualitative_or_composite,endpoint,S009,132,unreviewed
OBS_27d089728cf9,M4-FUNG-0029,M4-FUNG-0029:E001,measurement,EXPERIMENT,M4-FUNG-0029:E001,45000,quantitative,sequence,S001,136,mapped
OBS_581285b23c14,M4-FUNG-0029,M4-FUNG-0029:E001,measurement,EXPERIMENT,M4-FUNG-0029:E001,42,quantitative,sequence region,S003,137,mapped
OBS_7dd86cc74b20,M4-FUNG-0029,M4-FUNG-0029:E001,measurement,EXPERIMENT,M4-FUNG-0029:E001,9,quantitative,cluster,S001; S003,138,mapped
OBS_19dc3714bde9,M4-FUNG-0029,M4-FUNG-0029:E003,measurement,EXPERIMENT,M4-FUNG-0029:E003,1.7,quantitative,time course,S005,139,mapped
OBS_fc3a26341efa,M4-FUNG-0029,M4-FUNG-0029:E004,measurement,EXPERIMENT,M4-FUNG-0029:E004,10,quantitative,treatment,S006,140,mapped
OBS_90a4de6714a9,M4-FUNG-0029,M4-FUNG-0029:E004,measurement,EXPERIMENT,M4-FUNG-0029:E004,215.4,quantitative,day 11,S006,141,mapped
OBS_51f76f2005ba,M4-FUNG-0029,M4-FUNG-0029:E004,measurement,EXPERIMENT,M4-FUNG-0029:E004,68.6,quantitative,day 8,S006,142,mapped
OBS_a417fd117fa6,M4-FUNG-0029,M4-FUNG-0029:E004,measurement,EXPERIMENT,M4-FUNG-0029:E004,63.5,quantitative,day 8,S006,143,mapped
OBS_c68321956a36,M4-FUNG-0029,M4-FUNG-0029:E004,measurement,EXPERIMENT,M4-FUNG-0029:E004,36.7,quantitative,day 5,S006,144,mapped
OBS_a584798ad0f0,M4-FUNG-0029,M4-FUNG-0029:E005,measurement,EXPERIMENT,M4-FUNG-0029:E005,34.5,quantitative,day 21,S007,145,mapped
OBS_1aeecf183bb5,M4-FUNG-0029,M4-FUNG-0029:E005,measurement,EXPERIMENT,M4-FUNG-0029:E005,2.11,quantitative,day 21,S007,146,mapped
OBS_6b30015c9630,M4-FUNG-0029,M4-FUNG-0029:E005,measurement,EXPERIMENT,M4-FUNG-0029:E005,16,quantitative,day 21,S007,147,mapped
OBS_e3beb52afc1b,M4-FUNG-0029,M4-FUNG-0029:E005,measurement,EXPERIMENT,M4-FUNG-0029:E005,0.477,quantitative,endpoint,S007,148,mapped
OBS_82303ef73b15,M4-FUNG-0029,M4-FUNG-0029:E005,measurement,EXPERIMENT,M4-FUNG-0029:E005,0.581,quantitative,endpoint,S007,149,mapped
OBS_ff26c759bc6f,M4-FUNG-0029,M4-FUNG-0029:E006,measurement,EXPERIMENT,M4-FUNG-0029:E006,52.6,quantitative,end of fermentation,S010,150,mapped
OBS_7037bf546567,M4-FUNG-0029,M4-FUNG-0029:E006,measurement,EXPERIMENT,M4-FUNG-0029:E006,43.5,quantitative,end of fermentation,S010,151,mapped
OBS_f28c8bca7d36,M4-FUNG-0029,M4-FUNG-0029:E007,measurement,EXPERIMENT,M4-FUNG-0029:E007,41.39,quantitative,endpoint,S008,152,mapped
OBS_9c51793fd52d,M4-FUNG-0029,M4-FUNG-0029:E008,measurement,EXPERIMENT,M4-FUNG-0029:E008,32.1,quantitative,endpoint,S009,153,mapped
OBS_82b2aa6513d4,M4-FUNG-0029,M4-FUNG-0029:E008,measurement,EXPERIMENT,M4-FUNG-0029:E008,0,quantitative,endpoint,S009,154,mapped
OBS_eb4d7d074622,M4-FUNG-0030,M4-FUNG-0030:E001,experiment_outcome_raw,EXPERIMENT,M4-FUNG-0030:E001,only pks3 knockdown completely loses the diffusible red pigment,qualitative_or_composite,7 d,S003,124,unreviewed
OBS_9863e67e8925,M4-FUNG-0030,M4-FUNG-0030:E002,experiment_outcome_raw,EXPERIMENT,M4-FUNG-0030:E002,only rp1–rp4 immediately downstream of pks3 reproduce red-pigment loss; ten other neighboring ORFs look like WT,qualitative_or_composite,7 d,S003,125,unreviewed
OBS_bcb0a722cb82,M4-FUNG-0030,M4-FUNG-0030:E003,experiment_outcome_raw,EXPERIMENT,M4-FUNG-0030:E003,monascorubrin and ankaflavin require all five genes; citrinin requires pks3/rp1 but persists after rp2–rp4 knockdown; intermediates localize pathway branches,qualitative_or_composite,100 h,S003,126,unreviewed
OBS_2e3d10a23d44,M4-FUNG-0030,M4-FUNG-0030:E004,experiment_outcome_raw,EXPERIMENT,M4-FUNG-0030:E004,culture colors track monascorubrin/rubropunctatin conjugates corresponding to supplied amino acid,qualitative_or_composite,endpoint,S003,127,unreviewed
OBS_31a42f2687ab,M4-FUNG-0030,M4-FUNG-0030:E005,experiment_outcome_raw,EXPERIMENT,M4-FUNG-0030:E005,"diffusible red pigment is a mold/below-30°C characteristic, whereas 37°C supports yeast-form growth without the same red-pigment phenotype",qualitative_or_composite,7 d mold; 10 d yeast seed,S003; S004,128,unreviewed
OBS_1a6d63bb0605,M4-FUNG-0030,M4-FUNG-0030:E001,measurement,EXPERIMENT,M4-FUNG-0030:E001,25,quantitative,systematic screen,S003,133,mapped
OBS_db7c3035f973,M4-FUNG-0030,M4-FUNG-0030:E002,measurement,EXPERIMENT,M4-FUNG-0030:E002,14,quantitative,boundary screen,S003,134,mapped
OBS_ea5dd6a942a8,M4-FUNG-0030,M4-FUNG-0030:E002,measurement,EXPERIMENT,M4-FUNG-0030:E002,5,quantitative,boundary result,S003,135,mapped
OBS_114073dbf31a,M4-FUNG-0030,M4-FUNG-0030:E002,measurement,EXPERIMENT,M4-FUNG-0030:E002,10,quantitative,boundary result,S003,136,mapped
OBS_61063700ba3b,M4-FUNG-0030,M4-FUNG-0030:E002,measurement,EXPERIMENT,M4-FUNG-0030:E002,1,quantitative,endpoint,S003,137,mapped
OBS_9c093cc0bafa,M4-FUNG-0030,M4-FUNG-0030:E002,measurement,EXPERIMENT,M4-FUNG-0030:E002,15,quantitative,endpoint,S003,138,mapped
OBS_5c6ab3ba6def,M4-FUNG-0030,M4-FUNG-0030:E002,measurement,EXPERIMENT,M4-FUNG-0030:E002,23,quantitative,endpoint,S003,139,mapped
OBS_0f057f4823ff,M4-FUNG-0030,M4-FUNG-0030:E002,measurement,EXPERIMENT,M4-FUNG-0030:E002,33,quantitative,endpoint,S003,140,mapped
OBS_b5df695f3016,M4-FUNG-0030,M4-FUNG-0030:E002,measurement,EXPERIMENT,M4-FUNG-0030:E002,29,quantitative,endpoint,S003,141,mapped
OBS_edeebdbd582f,M4-FUNG-0030,M4-FUNG-0030:E003,measurement,EXPERIMENT,M4-FUNG-0030:E003,5,quantitative,culture,S003,142,mapped
OBS_34af995f8d13,M4-FUNG-0030,M4-FUNG-0030:E003,measurement,EXPERIMENT,M4-FUNG-0030:E003,25,quantitative,culture,S003,143,mapped
OBS_c5b0da2ad126,M4-FUNG-0030,M4-FUNG-0030:E003,measurement,EXPERIMENT,M4-FUNG-0030:E003,250,quantitative,culture,S003,144,mapped
OBS_a2937b989bf0,M4-FUNG-0030,M4-FUNG-0030:E003,measurement,EXPERIMENT,M4-FUNG-0030:E003,100,quantitative,endpoint,S003,145,mapped
OBS_e6286d5176ed,M4-FUNG-0030,M4-FUNG-0030:E003,measurement,EXPERIMENT,M4-FUNG-0030:E003,373;405;499;553,qualitative_or_text,endpoint,S003,146,mapped
OBS_3f653d537104,M4-FUNG-0030,M4-FUNG-0030:E003,measurement,EXPERIMENT,M4-FUNG-0030:E003,20.6,quantitative,endpoint,S003,147,mapped
OBS_107a872d94ae,M4-FUNG-0030,M4-FUNG-0030:E003,measurement,EXPERIMENT,M4-FUNG-0030:E003,405.1672,quantitative,endpoint,S003,148,mapped
OBS_136f24fce045,M4-FUNG-0030,M4-FUNG-0030:E003,measurement,EXPERIMENT,M4-FUNG-0030:E003,383.1865,quantitative,endpoint,S003,149,mapped
OBS_0f2c5ac8b756,M4-FUNG-0030,M4-FUNG-0030:E003,measurement,EXPERIMENT,M4-FUNG-0030:E003,18.9,quantitative,endpoint,S003,150,mapped
OBS_5324950f494d,M4-FUNG-0030,M4-FUNG-0030:E003,measurement,EXPERIMENT,M4-FUNG-0030:E003,387.2166,quantitative,endpoint,S003,151,mapped
OBS_7553c2dfd5a8,M4-FUNG-0030,M4-FUNG-0030:E003,measurement,EXPERIMENT,M4-FUNG-0030:E003,12.8,quantitative,endpoint,S003,152,mapped
OBS_7e710fbd4b9d,M4-FUNG-0030,M4-FUNG-0030:E003,measurement,EXPERIMENT,M4-FUNG-0030:E003,251.0914,quantitative,endpoint,S003,153,mapped
OBS_56a2c6f0c2d1,M4-FUNG-0030,M4-FUNG-0030:E003,measurement,EXPERIMENT,M4-FUNG-0030:E003,2.8,quantitative,endpoint,S003,154,mapped
OBS_ef5c32edc103,M4-FUNG-0030,M4-FUNG-0030:E003,measurement,EXPERIMENT,M4-FUNG-0030:E003,16,quantitative,metabolomic profile,S003,155,mapped
OBS_98b9f814bace,M4-FUNG-0031,M4-FUNG-0031:E001,experiment_outcome_raw,EXPERIMENT,M4-FUNG-0031:E001,loss of CclA activates previously cryptic mdp products including monodictyphenone and emodin derivatives,qualitative_or_composite,endpoint/time course,S005,134,unreviewed
OBS_bb0809f46ca8,M4-FUNG-0031,M4-FUNG-0031:E002,experiment_outcome_raw,EXPERIMENT,M4-FUNG-0031:E002,"defines mdp cluster boundary and separates core emodin, monodictyphenone and nonessential genes",qualitative_or_composite,5 d,S003,135,unreviewed
OBS_69b1f529d4ef,M4-FUNG-0031,M4-FUNG-0031:E003,experiment_outcome_raw,EXPERIMENT,M4-FUNG-0031:E003,MdpE is pathway TF and MdpA a coactivator; combined regulation supports cluster activation,qualitative_or_composite,endpoint,S003,136,unreviewed
OBS_d4ccf3312ca7,M4-FUNG-0031,M4-FUNG-0031:E004,experiment_outcome_raw,EXPERIMENT,M4-FUNG-0031:E004,"endocrocin becomes major metabolite, localizing decarboxylation/anthrone-oxidation gate upstream of emodin",qualitative_or_composite,5 d,S003; S006,137,unreviewed
OBS_1b7e5facd3cc,M4-FUNG-0031,M4-FUNG-0031:E005,experiment_outcome_raw,EXPERIMENT,M4-FUNG-0031:E005,"mdpD, xptA, xptB and xptC minimally required to convert monodictyphenone branch to prenyl xanthones; AN7999 deletion has no obvious effect",qualitative_or_composite,5 d,S004,138,unreviewed
OBS_c8530afb6f8c,M4-FUNG-0031,M4-FUNG-0031:E006,experiment_outcome_raw,EXPERIMENT,M4-FUNG-0031:E006,XptB prenylates several xanthones regiospecifically at O-7; does not accept arugosin H in tested assay,qualitative_or_composite,endpoint,S008,139,unreviewed
OBS_bfe8adb7a865,M4-FUNG-0031,M4-FUNG-0031:E007,experiment_outcome_raw,EXPERIMENT,M4-FUNG-0031:E007,prenylated xanthones concentrate in Hülle cells and contribute antifeedant protection of sexual structures,qualitative_or_composite,developmental endpoint,S009,140,unreviewed
OBS_fe2a7a8a9ccf,M4-FUNG-0031,M4-FUNG-0031:E001,measurement,EXPERIMENT,M4-FUNG-0031:E001,45562,quantitative,sequence,S001,144,mapped
OBS_ce679b3f572b,M4-FUNG-0031,M4-FUNG-0031:E001,measurement,EXPERIMENT,M4-FUNG-0031:E001,24251,quantitative,sequence,S001,145,mapped
OBS_adafc2e02952,M4-FUNG-0031,M4-FUNG-0031:E001,measurement,EXPERIMENT,M4-FUNG-0031:E001,12,quantitative,sequence,S001,146,mapped
OBS_f0ded77f050f,M4-FUNG-0031,M4-FUNG-0031:E005,measurement,EXPERIMENT,M4-FUNG-0031:E005,3,quantitative,functional programme,S004,147,mapped
OBS_273fb536e193,M4-FUNG-0031,M4-FUNG-0031:E002,measurement,EXPERIMENT,M4-FUNG-0031:E002,5,quantitative,endpoint,S003; S004,148,mapped
OBS_86d9a18c1264,M4-FUNG-0031,M4-FUNG-0031:E002,measurement,EXPERIMENT,M4-FUNG-0031:E002,37,quantitative,culture,S004,149,mapped
OBS_ffb690822557,M4-FUNG-0031,M4-FUNG-0031:E006,measurement,EXPERIMENT,M4-FUNG-0031:E006,0.024,quantitative,enzyme kinetics,S008,150,mapped
OBS_1897844beee5,M4-FUNG-0031,M4-FUNG-0031:E006,measurement,EXPERIMENT,M4-FUNG-0031:E006,0.13,quantitative,enzyme kinetics,S008,151,mapped
OBS_54576bba87e7,M4-FUNG-0031,M4-FUNG-0031:E006,measurement,EXPERIMENT,M4-FUNG-0031:E006,0.081,quantitative,enzyme kinetics,S008,152,mapped
OBS_ae741fc2843a,M4-FUNG-0031,M4-FUNG-0031:E006,measurement,EXPERIMENT,M4-FUNG-0031:E006,0.02,quantitative,enzyme kinetics,S008,153,mapped
OBS_3eacd00c3c0b,M4-FUNG-0031,M4-FUNG-0031:E006,measurement,EXPERIMENT,M4-FUNG-0031:E006,8,quantitative,enzyme assay,S008,154,mapped
OBS_078eaf87891b,M4-FUNG-0032,M4-FUNG-0032:E001,experiment_outcome_raw,EXPERIMENT,M4-FUNG-0032:E001,"clean mpaC deletion abolishes MPA, MPA diol lactone, 4-O-mycophenolate and deacetylpebrolide",qualitative_or_composite,7 d,S003,128,unreviewed
OBS_943c9a1840b2,M4-FUNG-0032,M4-FUNG-0032:E002,experiment_outcome_raw,EXPERIMENT,M4-FUNG-0032:E002,MpaC produces 5-MOA,qualitative_or_composite,4 d for preparative isolation,S003; S004,129,unreviewed
OBS_5f7a486d10ca,M4-FUNG-0032,M4-FUNG-0032:E003,experiment_outcome_raw,EXPERIMENT,M4-FUNG-0032:E003,5-MOA is consumed and DHMP is produced,qualitative_or_composite,endpoint,S004,130,unreviewed
OBS_eb73f9fb7552,M4-FUNG-0032,M4-FUNG-0032:E004,experiment_outcome_raw,EXPERIMENT,M4-FUNG-0032:E004,"DHMB accumulates, localizing MpaD hydroxylation before lactonization",qualitative_or_composite,endpoint,S004,131,unreviewed
OBS_6ee03bf97b86,M4-FUNG-0032,M4-FUNG-0032:E005,experiment_outcome_raw,EXPERIMENT,M4-FUNG-0032:E005,cluster-local MpaF/IMPDH-B is adapted for MPA resistance,qualitative_or_composite,endpoint,S005,132,unreviewed
OBS_054da9519f64,M4-FUNG-0032,M4-FUNG-0032:E006,experiment_outcome_raw,EXPERIMENT,M4-FUNG-0032:E006,resolves MpaA/B/G/H functions and cytosol–ER–Golgi–peroxisome pathway topology,qualitative_or_composite,~5 d post-induction in key assays,S006,133,unreviewed
OBS_54625a27b636,M4-FUNG-0032,M4-FUNG-0032:E007,experiment_outcome_raw,EXPERIMENT,M4-FUNG-0032:E007,MpaH is a peroxisomal acyl-CoA hydrolase with strong substrate specificity for MPA-CoA,qualitative_or_composite,endpoint,S007,134,unreviewed
OBS_b3c48ebc8199,M4-FUNG-0032,M4-FUNG-0032:E008,experiment_outcome_raw,EXPERIMENT,M4-FUNG-0032:E008,MpaG methylates multiple pathway stages; H306-E362 catalytic dyad and Q267A broad improvement identified,qualitative_or_composite,endpoint,S008,135,unreviewed
OBS_1c8cfa749b34,M4-FUNG-0032,M4-FUNG-0032:E001,measurement,EXPERIMENT,M4-FUNG-0032:E001,33515,quantitative,sequence,S001,139,mapped
OBS_946a91b22309,M4-FUNG-0032,M4-FUNG-0032:E001,measurement,EXPERIMENT,M4-FUNG-0032:E001,25486,quantitative,sequence,S001,140,mapped
OBS_616eedb9f439,M4-FUNG-0032,M4-FUNG-0032:E001,measurement,EXPERIMENT,M4-FUNG-0032:E001,8,quantitative,sequence,S001,141,mapped
OBS_2cd3d372baf5,M4-FUNG-0032,M4-FUNG-0032:E003,measurement,EXPERIMENT,M4-FUNG-0032:E003,2562,quantitative,fusion transcript,S004,142,mapped
OBS_e1238863c492,M4-FUNG-0032,M4-FUNG-0032:E003,measurement,EXPERIMENT,M4-FUNG-0032:E003,6,quantitative,gene structure,S004,143,mapped
OBS_ce1eff63b739,M4-FUNG-0032,M4-FUNG-0032:E001,measurement,EXPERIMENT,M4-FUNG-0032:E001,25,quantitative,culture,S003,144,mapped
OBS_b480b7b72a9d,M4-FUNG-0032,M4-FUNG-0032:E001,measurement,EXPERIMENT,M4-FUNG-0032:E001,7,quantitative,endpoint,S003,145,mapped
OBS_50761c1baa40,M4-FUNG-0032,M4-FUNG-0032:E001,measurement,EXPERIMENT,M4-FUNG-0032:E001,9,quantitative,screen,S003,146,mapped
OBS_45756394ce48,M4-FUNG-0032,M4-FUNG-0032:E001,measurement,EXPERIMENT,M4-FUNG-0032:E001,198,quantitative,purification,S003,147,mapped
OBS_17e9ab3d3d08,M4-FUNG-0032,M4-FUNG-0032:E001,measurement,EXPERIMENT,M4-FUNG-0032:E001,49,quantitative,screen,S003,148,mapped
OBS_db0889d94ef2,M4-FUNG-0032,M4-FUNG-0032:E008,measurement,EXPERIMENT,M4-FUNG-0032:E008,2,quantitative,X-ray structure,S008,149,mapped
OBS_20f720414b54,M4-FUNG-0032,M4-FUNG-0032:E008,measurement,EXPERIMENT,M4-FUNG-0032:E008,H306-E362,qualitative_or_text,mechanism,S008,150,mapped
OBS_de53200e3431,M4-FUNG-0032,M4-FUNG-0032:E008,measurement,EXPERIMENT,M4-FUNG-0032:E008,Q267A,qualitative_or_text,protein engineering,S008,151,mapped
OBS_6e62791f0318,M4-FUNG-0033,M4-FUNG-0033:E001,experiment_outcome_raw,EXPERIMENT,M4-FUNG-0033:E001,wA loss yields white conidia and identifies WA as essential pigment-backbone function,qualitative_or_composite,endpoint,S003; S007,122,unreviewed
OBS_a076a73e3da3,M4-FUNG-0033,M4-FUNG-0033:E002,experiment_outcome_raw,EXPERIMENT,M4-FUNG-0033:E002,full-length WA produces YWA1; truncated WA instead gives misleading isocoumarin products,qualitative_or_composite,endpoint,S004,123,unreviewed
OBS_0df1c5016acc,M4-FUNG-0033,M4-FUNG-0033:E003,experiment_outcome_raw,EXPERIMENT,M4-FUNG-0033:E003,"vegetative hyphae lack detectable laccase; activity rises 10–16 h after induction, peaks 30–36 h and then declines",qualitative_or_composite,0–48 h,S005,124,unreviewed
OBS_d5fee1957a6f,M4-FUNG-0033,M4-FUNG-0033:E004,experiment_outcome_raw,EXPERIMENT,M4-FUNG-0033:E004,yA loss yields yellow spores; yA31 is yellow at 37°C but greener at 22°C and encoded laccase is temperature sensitive in vitro,qualitative_or_composite,endpoint,S005,125,unreviewed
OBS_48576fb78e52,M4-FUNG-0033,M4-FUNG-0033:E005,experiment_outcome_raw,EXPERIMENT,M4-FUNG-0033:E005,AbaA directly activates yA; regulation may also involve BrlA and CCAAT-binding factors,qualitative_or_composite,developmental time course,S006,126,unreviewed
OBS_1024c30f1372,M4-FUNG-0033,M4-FUNG-0033:E006,experiment_outcome_raw,EXPERIMENT,M4-FUNG-0033:E006,AN10028 deletion gives chartreuse and complementation restores green; AN1088 deletion gives fawn and promoter repair restores green,qualitative_or_composite,48 h,S008,127,unreviewed
OBS_75c9e57a38ea,M4-FUNG-0033,M4-FUNG-0033:E007,experiment_outcome_raw,EXPERIMENT,M4-FUNG-0033:E007,wA is epistatic to all; fwA is epistatic to chaA; fwA/yA and chaA/yA combinations constrain a branched model in which YA and FwA both modify YWA1 and ChaA acts downstream of FwA,qualitative_or_composite,48 h,S008,128,unreviewed
OBS_f9e000c4b2e7,M4-FUNG-0033,M4-FUNG-0033:E001,measurement,EXPERIMENT,M4-FUNG-0033:E001,46675,quantitative,sequence,S001,132,mapped
OBS_6b5e7c270cbc,M4-FUNG-0033,M4-FUNG-0033:E001,measurement,EXPERIMENT,M4-FUNG-0033:E001,1,quantitative,sequence,S001,133,mapped
OBS_091df30954b8,M4-FUNG-0033,M4-FUNG-0033:E001,measurement,EXPERIMENT,M4-FUNG-0033:E001,6675,quantitative,sequence,S001,134,mapped
OBS_3975e6f840ac,M4-FUNG-0033,M4-FUNG-0033:E001,measurement,EXPERIMENT,M4-FUNG-0033:E001,1986,quantitative,sequence,S003,135,mapped
OBS_350e52769a9d,M4-FUNG-0033,M4-FUNG-0033:E003,measurement,EXPERIMENT,M4-FUNG-0033:E003,0.5,quantitative,growth,S005,136,mapped
OBS_732104252e1e,M4-FUNG-0033,M4-FUNG-0033:E003,measurement,EXPERIMENT,M4-FUNG-0033:E003,2,quantitative,growth,S005,137,mapped
OBS_fe29c038b83a,M4-FUNG-0033,M4-FUNG-0033:E003,measurement,EXPERIMENT,M4-FUNG-0033:E003,300,quantitative,growth,S005,138,mapped
OBS_5ffa0db388b1,M4-FUNG-0033,M4-FUNG-0033:E003,measurement,EXPERIMENT,M4-FUNG-0033:E003,250,quantitative,development,S005,139,mapped
OBS_612161a08277,M4-FUNG-0033,M4-FUNG-0033:E003,measurement,EXPERIMENT,M4-FUNG-0033:E003,10,quantitative,developmental time course,S005,140,mapped
OBS_1709a540c1e1,M4-FUNG-0033,M4-FUNG-0033:E003,measurement,EXPERIMENT,M4-FUNG-0033:E003,30,quantitative,developmental time course,S005,141,mapped
OBS_72d3f903d61c,M4-FUNG-0033,M4-FUNG-0033:E006,measurement,EXPERIMENT,M4-FUNG-0033:E006,37,quantitative,48 h assay,S008,142,mapped
OBS_629e3d2638bc,M4-FUNG-0033,M4-FUNG-0033:E006,measurement,EXPERIMENT,M4-FUNG-0033:E006,48,quantitative,endpoint,S008,143,mapped
OBS_64a5ab82d52e,M4-FUNG-0033,,measurement,UNRESOLVED_REFERENCE,M001,C14H12O6,qualitative_or_text,structure,S012,144,mapped
OBS_b132151d61ae,M4-FUNG-0033,M4-FUNG-0033:E006,measurement,EXPERIMENT,M4-FUNG-0033:E006,2241,quantitative,genotype,S008,145,mapped
OBS_3f10588bbda8,M4-FUNG-0034,M4-FUNG-0034:E001,experiment_outcome_raw,EXPERIMENT,M4-FUNG-0034:E001,coordinated cluster expression strongly associates with patulin production in apple-permissive conditions,qualitative_or_composite,kinetic culture,S003,135,unreviewed
OBS_bd33d57f9c73,M4-FUNG-0034,M4-FUNG-0034:E002,experiment_outcome_raw,EXPERIMENT,M4-FUNG-0034:E002,ΔpatL lacks patulin yet still infects; aggressiveness reduction is cultivar dependent and complementation restores phenotype,qualitative_or_composite,disease course,S004,136,unreviewed
OBS_da416d09cac3,M4-FUNG-0034,M4-FUNG-0034:E003,experiment_outcome_raw,EXPERIMENT,M4-FUNG-0034:E003,all 15 genes contribute to patulin biosynthesis; eight enzyme functions were experimentally verified,qualitative_or_composite,endpoint,S006,137,unreviewed
OBS_1fe5714c4add,M4-FUNG-0034,M4-FUNG-0034:E004,experiment_outcome_raw,EXPERIMENT,M4-FUNG-0034:E004,"pathway proteins partition among cytosol, nucleus, ER, membrane, vacuole/vesicles and cell wall; PatE/PatH localization is required",qualitative_or_composite,live-cell,S006,138,unreviewed
OBS_9ccd68719af3,M4-FUNG-0034,M4-FUNG-0034:E005,experiment_outcome_raw,EXPERIMENT,M4-FUNG-0034:E005,ΔpatE and mislocalized PatE accumulate E-ascladiol and fail final patulin conversion,qualitative_or_composite,endpoint,S006,139,unreviewed
OBS_0a802a841c5a,M4-FUNG-0034,M4-FUNG-0034:E006,experiment_outcome_raw,EXPERIMENT,M4-FUNG-0034:E006,"VeA, VelB and VelC regulate patulin biosynthesis; VosA does not show the same requirement",qualitative_or_composite,endpoint,S006,140,unreviewed
OBS_8bb17f852cfd,M4-FUNG-0034,M4-FUNG-0034:E007,experiment_outcome_raw,EXPERIMENT,M4-FUNG-0034:E007,acidic conditions support substantially more patulin than alkaline pH 8.5; growth and virulence also vary with pH,qualitative_or_composite,days,S010,141,unreviewed
OBS_033590bf5612,M4-FUNG-0034,M4-FUNG-0034:E001,measurement,EXPERIMENT,M4-FUNG-0034:E001,40217,quantitative,sequence,S001,145,mapped
OBS_3869d80798c0,M4-FUNG-0034,M4-FUNG-0034:E003,measurement,EXPERIMENT,M4-FUNG-0034:E003,15,quantitative,cluster,S003; S006,146,mapped
OBS_7b5e24585ae0,M4-FUNG-0034,M4-FUNG-0034:E003,measurement,EXPERIMENT,M4-FUNG-0034:E003,10,quantitative,mechanistic,S006,147,mapped
OBS_9ba6396c663b,M4-FUNG-0034,M4-FUNG-0034:E002,measurement,EXPERIMENT,M4-FUNG-0034:E002,13,quantitative,host panel,S004,148,mapped
OBS_e2b1676a4cd6,M4-FUNG-0034,M4-FUNG-0034:E006,measurement,EXPERIMENT,M4-FUNG-0034:E006,3,quantitative,regulation,S006,149,mapped
OBS_4b82fac9b964,M4-FUNG-0034,M4-FUNG-0034:E004,measurement,EXPERIMENT,M4-FUNG-0034:E004,7,quantitative,spatial pathway,S006,150,mapped
OBS_f32e3619d361,M4-FUNG-0034,,measurement,UNRESOLVED_REFERENCE,M001,C7H6O4,qualitative_or_text,structure,S001,151,mapped
OBS_38092b10bcf4,M4-FUNG-0035,M4-FUNG-0035:E001,experiment_outcome_raw,EXPERIMENT,M4-FUNG-0035:E001,"ptaA disruption abolishes pestheic-acid production, confirming cluster identity",qualitative_or_composite,endpoint,S003,133,unreviewed
OBS_cf758f0c2727,M4-FUNG-0035,M4-FUNG-0035:E002,experiment_outcome_raw,EXPERIMENT,M4-FUNG-0035:E002,pestheic acid and nonchlorinated diphenyl-ether product are lost while benzophenone precursors accumulate,qualitative_or_composite,endpoint,S003; S006,134,unreviewed
OBS_f8dadbfc2323,M4-FUNG-0035,M4-FUNG-0035:E003,experiment_outcome_raw,EXPERIMENT,M4-FUNG-0035:E003,chlorinated products are lost and nonchlorinated isosulochrin/RES-1214-1 pathway states accumulate,qualitative_or_composite,endpoint,S003; S006,135,unreviewed
OBS_8cca8cf699b5,M4-FUNG-0035,M4-FUNG-0035:E004,experiment_outcome_raw,EXPERIMENT,M4-FUNG-0035:E004,"ptaA, ptaM, ptaE and ptaH expression correlates with pestheic-acid production; broader cluster is expressed in rice medium",qualitative_or_composite,time series/condition comparison,S003; S004; S014,136,unreviewed
OBS_3b06b588db1a,M4-FUNG-0035,M4-FUNG-0035:E005,experiment_outcome_raw,EXPERIMENT,M4-FUNG-0035:E005,supports PtaB/C/D/F/H/I/J assignments within conserved emodin-family chemistry,qualitative_or_composite,NA,S005,137,unreviewed
OBS_6c5fe6940760,M4-FUNG-0035,M4-FUNG-0035:E006,experiment_outcome_raw,EXPERIMENT,M4-FUNG-0035:E006,"PtaM can chlorinate before or after PtaE oxidative coupling, yielding more than one permissible route to pestheic acid",qualitative_or_composite,endpoint,S006; S008,138,unreviewed
OBS_22aaf25df73f,M4-FUNG-0035,M4-FUNG-0035:E007,experiment_outcome_raw,EXPERIMENT,M4-FUNG-0035:E007,RES-1214-1 and -2 selectively inhibit endothelin ETA-receptor binding,qualitative_or_composite,endpoint,S009,139,unreviewed
OBS_537e84e839e1,M4-FUNG-0035,M4-FUNG-0035:E001,measurement,EXPERIMENT,M4-FUNG-0035:E001,40346,quantitative,sequence,S001,143,mapped
OBS_95674b42b3e4,M4-FUNG-0035,M4-FUNG-0035:E001,measurement,EXPERIMENT,M4-FUNG-0035:E001,16,quantitative,cluster,S001,144,mapped
OBS_e636ad1dab1d,M4-FUNG-0035,M4-FUNG-0035:E001,measurement,EXPERIMENT,M4-FUNG-0035:E001,4104,quantitative,sequence,S001,145,mapped
OBS_2cbb6ccfd327,M4-FUNG-0035,M4-FUNG-0035:E001,measurement,EXPERIMENT,M4-FUNG-0035:E001,40345,quantitative,sequence,S001,146,mapped
OBS_c3ae0185bec6,M4-FUNG-0035,M4-FUNG-0035:E007,measurement,EXPERIMENT,M4-FUNG-0035:E007,1.5,quantitative,endpoint,S009,147,mapped
OBS_f4aabd8f17bf,M4-FUNG-0035,M4-FUNG-0035:E007,measurement,EXPERIMENT,M4-FUNG-0035:E007,10,quantitative,endpoint,S009,148,mapped
OBS_4254ddef0afb,M4-FUNG-0035,,measurement,UNRESOLVED_REFERENCE,M001,C17H15ClO8,qualitative_or_text,structure,S007,149,mapped
OBS_49c55d0b8e8d,M4-FUNG-0035,,measurement,UNRESOLVED_REFERENCE,M001,9842980,quantitative,database,S007,150,mapped
OBS_f5c6547af4bb,M4-FUNG-0035,,measurement,UNRESOLVED_REFERENCE,ORGANISM,1229662,quantitative,taxonomy,S002,151,mapped
OBS_340dc4cf60df,M4-FUNG-0035,,measurement,UNRESOLVED_REFERENCE,ORGANISM,2005,quantitative,April,S012,152,mapped
OBS_a2b2a6b45722,M4-FUNG-0035,,measurement,UNRESOLVED_REFERENCE,ORGANISM,88,quantitative,genome/natural-product survey,S004,153,mapped
OBS_36e3834f92c8,M4-FUNG-0036,M4-FUNG-0036:E001,experiment_outcome_raw,EXPERIMENT,M4-FUNG-0036:E001,reconstructs early scaffold through deacetyl-pyripyropene E,qualitative_or_composite,endpoint,S003,125,unreviewed
OBS_b3988410d27f,M4-FUNG-0036,M4-FUNG-0036:E002,experiment_outcome_raw,EXPERIMENT,M4-FUNG-0036:E002,resolves late hydroxylation and acetylation,qualitative_or_composite,endpoint,S004; S005,126,unreviewed
OBS_66bf272944dc,M4-FUNG-0036,M4-FUNG-0036:E003,experiment_outcome_raw,EXPERIMENT,M4-FUNG-0036:E003,both deletions eliminate detectable pyripyropene,qualitative_or_composite,5 d,S008,127,unreviewed
OBS_f1059f14d17a,M4-FUNG-0036,M4-FUNG-0036:E004,experiment_outcome_raw,EXPERIMENT,M4-FUNG-0036:E004,Δpyr2 is near WT in monoculture but impaired in dual biofilm,qualitative_or_composite,24 h–5 d,S008,128,unreviewed
OBS_88d9af7f2e01,M4-FUNG-0036,M4-FUNG-0036:E005,experiment_outcome_raw,EXPERIMENT,M4-FUNG-0036:E005,GpaB controls pyr output specifically in coculture,qualitative_or_composite,24–48 h / 5 d,S008,129,unreviewed
OBS_d452a14c6990,M4-FUNG-0036,M4-FUNG-0036:E006,experiment_outcome_raw,EXPERIMENT,M4-FUNG-0036:E006,attenuation is evident in some host states but not universal,qualitative_or_composite,model dependent,S008,130,unreviewed
OBS_a4beaa4bb267,M4-FUNG-0036,M4-FUNG-0036:E003,measurement,EXPERIMENT,M4-FUNG-0036:E003,47392,quantitative,sequence,S001,134,mapped
OBS_19441f4dcdb0,M4-FUNG-0036,M4-FUNG-0036:E003,measurement,EXPERIMENT,M4-FUNG-0036:E003,9,quantitative,cluster,S001,135,mapped
OBS_aaf98c928470,M4-FUNG-0036,M4-FUNG-0036:E004,measurement,EXPERIMENT,M4-FUNG-0036:E004,24 and 48,qualitative_or_text,time course,S008,136,mapped
OBS_6515f541eb1b,M4-FUNG-0036,M4-FUNG-0036:E004,measurement,EXPERIMENT,M4-FUNG-0036:E004,5,quantitative,phenotype,S008,137,mapped
OBS_2bea088d7500,M4-FUNG-0036,M4-FUNG-0036:E004,measurement,EXPERIMENT,M4-FUNG-0036:E004,>10,qualitative_or_text,MIC,S008,138,mapped
OBS_947f9bfa24e1,M4-FUNG-0036,,measurement,UNRESOLVED_REFERENCE,M001,C31H37NO10,qualitative_or_text,structure,S001,139,mapped
OBS_15e73e68921c,M4-FUNG-0037,M4-FUNG-0037:E001,experiment_outcome_raw,EXPERIMENT,M4-FUNG-0037:E001,identifies rdc1–rdc5 five-gene locus matching radicicol chemistry,qualitative_or_composite,NA,S003,121,unreviewed
OBS_ddf494d8fb32,M4-FUNG-0037,M4-FUNG-0037:E002,experiment_outcome_raw,EXPERIMENT,M4-FUNG-0037:E002,directly produces (R)-monocillin II; maps Rdc5 starter and Rdc1 extension/TE macrolactonization,qualitative_or_composite,endpoint,S004,122,unreviewed
OBS_f3caec37b89a,M4-FUNG-0037,M4-FUNG-0037:E003,experiment_outcome_raw,EXPERIMENT,M4-FUNG-0037:E003,confirms Rdc1 TE is responsible for RAL macrolactonization,qualitative_or_composite,endpoint,S004,123,unreviewed
OBS_82fa39c2e1ed,M4-FUNG-0037,M4-FUNG-0037:E004,experiment_outcome_raw,EXPERIMENT,M4-FUNG-0037:E004,Rdc2 chlorinates native-like RAL substrates and accepts a broad substrate range,qualitative_or_composite,endpoint,S005,124,unreviewed
OBS_8fdaa39dedc1,M4-FUNG-0037,M4-FUNG-0037:E005,experiment_outcome_raw,EXPERIMENT,M4-FUNG-0037:E005,NaBr dose-dependently inhibits radicicol and selectively represses rdc2 transcript while rdc4 is unaffected,qualitative_or_composite,endpoint,S006,125,unreviewed
OBS_c67eb3588598,M4-FUNG-0037,M4-FUNG-0037:E006,experiment_outcome_raw,EXPERIMENT,M4-FUNG-0037:E006,"halogenase loss gives monocillin I; P450 loss gives pochonin D, supporting chlorination/epoxidation assignments",qualitative_or_composite,endpoint,S007,126,unreviewed
OBS_9af66d902caa,M4-FUNG-0037,M4-FUNG-0037:E001,measurement,EXPERIMENT,M4-FUNG-0037:E001,31332,quantitative,sequence,S001,130,mapped
OBS_6ff73096df5f,M4-FUNG-0037,M4-FUNG-0037:E001,measurement,EXPERIMENT,M4-FUNG-0037:E001,5,quantitative,cluster,S001,131,mapped
OBS_53572b24fc2f,M4-FUNG-0037,M4-FUNG-0037:E002,measurement,EXPERIMENT,M4-FUNG-0037:E002,4,quantitative,mechanistic,S004,132,mapped
OBS_637af229f85f,M4-FUNG-0037,M4-FUNG-0037:E005,measurement,EXPERIMENT,M4-FUNG-0037:E005,4,quantitative,perturbation panel,S006,133,mapped
OBS_952f049ffbbf,M4-FUNG-0037,,measurement,UNRESOLVED_REFERENCE,M001,C18H17ClO6,qualitative_or_text,structure,S001,134,mapped
OBS_e92b2f84ff39,M4-FUNG-0038,M4-FUNG-0038:E001,experiment_outcome_raw,EXPERIMENT,M4-FUNG-0038:E001,Sol1 produces desmethylprosolanapyrone I; Sol1 alone does not perform the final cycloaddition,qualitative_or_composite,endpoint,S003; S006,126,unreviewed
OBS_d2a86af92118,M4-FUNG-0038,M4-FUNG-0038:E002,experiment_outcome_raw,EXPERIMENT,M4-FUNG-0038:E002,Sol5 oxidizes prosolanapyrone II and promotes stereoselective formation of (-)-solanapyrone A,qualitative_or_composite,endpoint,S003,127,unreviewed
OBS_e04074adb7f9,M4-FUNG-0038,M4-FUNG-0038:E003,experiment_outcome_raw,EXPERIMENT,M4-FUNG-0038:E003,Δsol5 completely loses solanapyrones and accumulates prosolanapyrone II-diol without impaired growth or sporulation; other sol genes become overexpressed,qualitative_or_composite,18 d metabolite culture; ~3 wk growth assay,S004,128,unreviewed
OBS_6f2cd9861cc9,M4-FUNG-0038,M4-FUNG-0038:E004,experiment_outcome_raw,EXPERIMENT,M4-FUNG-0038:E004,Δsol5 mutants are as virulent as WT on tested potato cultivars and tomato despite complete loss of solanapyrones,qualitative_or_composite,disease endpoint,S004,129,unreviewed
OBS_4a34bb42dbdc,M4-FUNG-0038,M4-FUNG-0038:E005,experiment_outcome_raw,EXPERIMENT,M4-FUNG-0038:E005,reconstructs Sol1→Sol2→Sol6→Sol5 pathway; downstream Sol6 suppresses host oxidation of prosolanapyrone I and four-gene strain yields solanapyrone C via nonenzymatic ethanolamine addition,qualitative_or_composite,endpoint/prolonged fermentation comparisons,S006,130,unreviewed
OBS_150350cc1a03,M4-FUNG-0038,M4-FUNG-0038:E006,experiment_outcome_raw,EXPERIMENT,M4-FUNG-0038:E006,initial sol6 construct fails; corrected sol6 produces prosolanapyrone II as a clean major product,qualitative_or_composite,endpoint,S006,131,unreviewed
OBS_c5b0dc880526,M4-FUNG-0038,M4-FUNG-0038:E007,experiment_outcome_raw,EXPERIMENT,M4-FUNG-0038:E007,Sol4 loss abolishes solanapyrones; overexpression induces cluster genes and delimits six-gene boundary,qualitative_or_composite,endpoint/time course,S005,132,unreviewed
OBS_d37f5faff1ea,M4-FUNG-0038,M4-FUNG-0038:E008,experiment_outcome_raw,EXPERIMENT,M4-FUNG-0038:E008,solanapyrone A is strongly phytotoxic; prosolanapyrone II-diol is not toxic in tested plants,qualitative_or_composite,3 d,S004,133,unreviewed
OBS_c75606b41867,M4-FUNG-0038,M4-FUNG-0038:E001,measurement,EXPERIMENT,M4-FUNG-0038:E001,21000,quantitative,sequence,S001,137,mapped
OBS_1c86f41f2e8b,M4-FUNG-0038,M4-FUNG-0038:E001,measurement,EXPERIMENT,M4-FUNG-0038:E001,6,quantitative,cluster,S001; S003,138,mapped
OBS_dd6d3e533894,M4-FUNG-0038,M4-FUNG-0038:E001,measurement,EXPERIMENT,M4-FUNG-0038:E001,7,quantitative,mechanistic,S007,139,mapped
OBS_b8a9f6980f7e,M4-FUNG-0038,M4-FUNG-0038:E005,measurement,EXPERIMENT,M4-FUNG-0038:E005,120,quantitative,endpoint,S006,140,mapped
OBS_77d1c068d7cd,M4-FUNG-0038,M4-FUNG-0038:E005,measurement,EXPERIMENT,M4-FUNG-0038:E005,26,quantitative,endpoint,S006,141,mapped
OBS_ecaac539b204,M4-FUNG-0038,M4-FUNG-0038:E005,measurement,EXPERIMENT,M4-FUNG-0038:E005,9,quantitative,endpoint,S006,142,mapped
OBS_eba569248ffd,M4-FUNG-0038,M4-FUNG-0038:E005,measurement,EXPERIMENT,M4-FUNG-0038:E005,12.5,quantitative,endpoint,S006,143,mapped
OBS_05b12f244c4e,M4-FUNG-0038,M4-FUNG-0038:E005,measurement,EXPERIMENT,M4-FUNG-0038:E005,47.3,quantitative,endpoint,S006,144,mapped
OBS_7448a72412b0,M4-FUNG-0038,M4-FUNG-0038:E003,measurement,EXPERIMENT,M4-FUNG-0038:E003,18,quantitative,LC-MS comparison,S004,145,mapped
OBS_cfea9a4d33df,M4-FUNG-0038,M4-FUNG-0038:E003,measurement,EXPERIMENT,M4-FUNG-0038:E003,3,quantitative,growth,S004,146,mapped
OBS_73038b338a55,M4-FUNG-0038,M4-FUNG-0038:E003,measurement,EXPERIMENT,M4-FUNG-0038:E003,5,quantitative,growth assay,S004,147,mapped
OBS_8e374dcda6e9,M4-FUNG-0038,,measurement,UNRESOLVED_REFERENCE,M001,C18H22O4,qualitative_or_text,structure,S001,148,mapped
OBS_b3271ad5cd54,M4-FUNG-0038,M4-FUNG-0038:E005,measurement,EXPERIMENT,M4-FUNG-0038:E005,4,quantitative,heterologous execution,S006,149,mapped
OBS_c70283f3b1ef,M4-FUNG-0038,M4-FUNG-0038:E003,measurement,EXPERIMENT,M4-FUNG-0038:E003,4.21,quantitative,18 d,S004,150,mapped
OBS_d38e67e634d1,M4-FUNG-0038,M4-FUNG-0038:E003,measurement,EXPERIMENT,M4-FUNG-0038:E003,4.03,quantitative,18 d,S004,151,mapped
OBS_b50544785524,M4-FUNG-0039,M4-FUNG-0039:E001,experiment_outcome_raw,EXPERIMENT,M4-FUNG-0039:E001,stcA is required for sterigmatocystin biosynthesis,qualitative_or_composite,endpoint,S005,141,unreviewed
OBS_9df50bb4b7c2,M4-FUNG-0039,M4-FUNG-0039:E002,experiment_outcome_raw,EXPERIMENT,M4-FUNG-0039:E002,25 coregulated transcripts define the sterigmatocystin cluster,qualitative_or_composite,developmental time course,S003,142,unreviewed
OBS_c09a0b1cd136,M4-FUNG-0039,M4-FUNG-0039:E003,experiment_outcome_raw,EXPERIMENT,M4-FUNG-0039:E003,stcS mutant accumulates versicolorin A and cannot efficiently convert it to ST,qualitative_or_composite,endpoint,S004,143,unreviewed
OBS_644c7b052ca7,M4-FUNG-0039,M4-FUNG-0039:E004,experiment_outcome_raw,EXPERIMENT,M4-FUNG-0039:E004,"ΔstcP accumulates demethylsterigmatocystin, proving terminal O-methyltransferase role",qualitative_or_composite,endpoint,S008,144,unreviewed
OBS_ab65fcedc37f,M4-FUNG-0039,M4-FUNG-0039:E005,experiment_outcome_raw,EXPERIMENT,M4-FUNG-0039:E005,"176 Nor- mutants isolated; major fraction links to cluster, while unlinked mutations reveal upstream regulatory control including loss of aflR expression",qualitative_or_composite,endpoint,S006,145,unreviewed
OBS_934750883d8e,M4-FUNG-0039,M4-FUNG-0039:E006,experiment_outcome_raw,EXPERIMENT,M4-FUNG-0039:E006,ΔveA fails to produce sterigmatocystin in both light and dark; the light effect in WT is medium dependent and veA is required for normal aflR expression,qualitative_or_composite,endpoint,S009,146,unreviewed
OBS_8b33739e94ef,M4-FUNG-0039,M4-FUNG-0039:E007,experiment_outcome_raw,EXPERIMENT,M4-FUNG-0039:E007,ΔlaeA blocks sterigmatocystin cluster expression; LaeA is an upstream global regulator,qualitative_or_composite,endpoint,S012,147,unreviewed
OBS_88614cee2c4e,M4-FUNG-0039,M4-FUNG-0039:E008,experiment_outcome_raw,EXPERIMENT,M4-FUNG-0039:E008,"at 1% glucose, light lowers sterigmatocystin relative to dark; at 2% glucose, light increases it, demonstrating glucose-dependent reversal of the light response",qualitative_or_composite,endpoint,S011,148,unreviewed
OBS_2e86fe7f1135,M4-FUNG-0039,M4-FUNG-0039:E009,experiment_outcome_raw,EXPERIMENT,M4-FUNG-0039:E009,stc activation requires AflR and at least one cognate promoter motif,qualitative_or_composite,endpoint,S014,149,unreviewed
OBS_1760d7227b31,M4-FUNG-0039,M4-FUNG-0039:E002,measurement,EXPERIMENT,M4-FUNG-0039:E002,59725,quantitative,sequence,S001,153,mapped
OBS_155cdbd2aa81,M4-FUNG-0039,M4-FUNG-0039:E002,measurement,EXPERIMENT,M4-FUNG-0039:E002,25,quantitative,cluster definition,S003,154,mapped
OBS_d9e57b091efc,M4-FUNG-0039,M4-FUNG-0039:E002,measurement,EXPERIMENT,M4-FUNG-0039:E002,17,quantitative,database,S001,155,mapped
OBS_8e43b1399b0f,M4-FUNG-0039,M4-FUNG-0039:E002,measurement,EXPERIMENT,M4-FUNG-0039:E002,8,quantitative,database audit,S001; S003; S007,156,mapped
OBS_f234d95547bb,M4-FUNG-0039,M4-FUNG-0039:E005,measurement,EXPERIMENT,M4-FUNG-0039:E005,176,quantitative,genetic screen,S006,157,mapped
OBS_920b49d3fcb6,M4-FUNG-0039,M4-FUNG-0039:E005,measurement,EXPERIMENT,M4-FUNG-0039:E005,83,quantitative,screen,S006,158,mapped
OBS_8d5beea9e610,M4-FUNG-0039,M4-FUNG-0039:E005,measurement,EXPERIMENT,M4-FUNG-0039:E005,60,quantitative,linkage,S006,159,mapped
OBS_e635d9dd5510,M4-FUNG-0039,M4-FUNG-0039:E005,measurement,EXPERIMENT,M4-FUNG-0039:E005,23,quantitative,linkage,S006,160,mapped
OBS_10f1a3697763,M4-FUNG-0039,M4-FUNG-0039:E005,measurement,EXPERIMENT,M4-FUNG-0039:E005,3,quantitative,regulatory screen,S006,161,mapped
OBS_def3e9f4565d,M4-FUNG-0039,M4-FUNG-0039:E008,measurement,EXPERIMENT,M4-FUNG-0039:E008,1,quantitative,culture,S011,162,mapped
OBS_39c1f560c663,M4-FUNG-0039,M4-FUNG-0039:E008,measurement,EXPERIMENT,M4-FUNG-0039:E008,2,quantitative,culture,S011,163,mapped
OBS_677ce5997647,M4-FUNG-0039,,measurement,UNRESOLVED_REFERENCE,M001,C18H12O6,qualitative_or_text,structure,S001,164,mapped
OBS_d1ced0ee0d2f,M4-FUNG-0040,M4-FUNG-0040:E001,experiment_outcome_raw,EXPERIMENT,M4-FUNG-0040:E001,tropA disruption abolishes tropolone production,qualitative_or_composite,endpoint,S003,135,unreviewed
OBS_6ad9e8955371,M4-FUNG-0040,M4-FUNG-0040:E002,experiment_outcome_raw,EXPERIMENT,M4-FUNG-0040:E002,genomic tropA fails; intronless construct produces 3-methylorcinaldehyde and pyrone shunt,qualitative_or_composite,endpoint,S003,136,unreviewed
OBS_f50e2b6539a6,M4-FUNG-0040,M4-FUNG-0040:E003,experiment_outcome_raw,EXPERIMENT,M4-FUNG-0040:E003,ΔtropB accumulates 3-methylorcinaldehyde; TropB creates dearomatized dienone,qualitative_or_composite,endpoint,S003; S005,137,unreviewed
OBS_5a2d9a6c3c67,M4-FUNG-0040,M4-FUNG-0040:E004,experiment_outcome_raw,EXPERIMENT,M4-FUNG-0040:E004,ΔtropC accumulates ring-unexpanded shunts; TropC generates tropolone nucleus,qualitative_or_composite,endpoint,S003,138,unreviewed
OBS_8eea6afd32cc,M4-FUNG-0040,M4-FUNG-0040:E005,experiment_outcome_raw,EXPERIMENT,M4-FUNG-0040:E005,places TropD immediately after stipitaldehyde and supports methyl hydroxylation/stipitacetal formation,qualitative_or_composite,endpoint,S003; S004,139,unreviewed
OBS_bfacf23d8016,M4-FUNG-0040,M4-FUNG-0040:E006,experiment_outcome_raw,EXPERIMENT,M4-FUNG-0040:E006,"intermediate accumulation resolves late oxidation, lactone opening, anhydride/dicarboxylate and decarboxylation chemistry",qualitative_or_composite,endpoint,S004,140,unreviewed
OBS_1c1119531ae7,M4-FUNG-0040,M4-FUNG-0040:E007,experiment_outcome_raw,EXPERIMENT,M4-FUNG-0040:E007,one-pot late pathway produces stipitatic acid,qualitative_or_composite,endpoint,S004,141,unreviewed
OBS_48f0ecf0b522,M4-FUNG-0040,M4-FUNG-0040:E008,experiment_outcome_raw,EXPERIMENT,M4-FUNG-0040:E008,TropB shows NADPH-dependent dearomatization and defined substrate-selectivity constraints,qualitative_or_composite,kinetic time course,S005,142,unreviewed
OBS_af23beef6156,M4-FUNG-0040,M4-FUNG-0040:E009,experiment_outcome_raw,EXPERIMENT,M4-FUNG-0040:E009,supports radical Fe/2OG ring-expansion mechanism for TropC family,qualitative_or_composite,endpoint/kinetics,S007,143,unreviewed
OBS_4be2324dec2f,M4-FUNG-0040,M4-FUNG-0040:E001,measurement,EXPERIMENT,M4-FUNG-0040:E001,48060,quantitative,sequence,S001,147,mapped
OBS_d97a597dc653,M4-FUNG-0040,M4-FUNG-0040:E001,measurement,EXPERIMENT,M4-FUNG-0040:E001,32135,quantitative,sequence,S001,148,mapped
OBS_31eef8bc1ff1,M4-FUNG-0040,M4-FUNG-0040:E001,measurement,EXPERIMENT,M4-FUNG-0040:E001,12,quantitative,annotation,S001,149,mapped
OBS_c1935e6ffaef,M4-FUNG-0040,M4-FUNG-0040:E001,measurement,EXPERIMENT,M4-FUNG-0040:E001,3,quantitative,annotation,S001,150,mapped
OBS_5893e00760fa,M4-FUNG-0040,M4-FUNG-0040:E001,measurement,EXPERIMENT,M4-FUNG-0040:E001,3,quantitative,functional programme,S003,151,mapped
OBS_eafe8c6fec3f,M4-FUNG-0040,M4-FUNG-0040:E001,measurement,EXPERIMENT,M4-FUNG-0040:E001,294,quantitative,protein,S003,152,mapped
OBS_2b3525b943b1,M4-FUNG-0040,M4-FUNG-0040:E001,measurement,EXPERIMENT,M4-FUNG-0040:E001,3,quantitative,mechanistic,S011,153,mapped
OBS_4cd1a91f78ca,M4-FUNG-0040,M4-FUNG-0040:E008,measurement,EXPERIMENT,M4-FUNG-0040:E008,0.298,quantitative,steady-state kinetics,S005,154,mapped
OBS_ebf746c2b283,M4-FUNG-0040,M4-FUNG-0040:E008,measurement,EXPERIMENT,M4-FUNG-0040:E008,0.006,quantitative,steady-state kinetics,S005,155,mapped
OBS_1e635e144150,M4-FUNG-0040,M4-FUNG-0040:E009,measurement,EXPERIMENT,M4-FUNG-0040:E009,2025,quantitative,publication,S007,156,mapped
OBS_4b58caeb7a0e,M4-FUNG-0040,,measurement,UNRESOLVED_REFERENCE,G013,1847386,quantitative,genome,S006,157,mapped
OBS_1815ddbdd40c,M4-FUNG-0040,,measurement,UNRESOLVED_REFERENCE,G013,1848446,quantitative,genome,S006,158,mapped
OBS_70311a062b7c,M4-FUNG-0040,,measurement,UNRESOLVED_REFERENCE,G013,5841,quantitative,derived,S001; S006,159,mapped
OBS_6d46c02a07b9,M4-FUNG-0040,,measurement,UNRESOLVED_REFERENCE,M001,C8H6O5,qualitative_or_text,structure,S001; S009,160,mapped
OBS_ad09211ee862,M4-FUNG-0041,M4-FUNG-0041:E001,experiment_outcome_raw,EXPERIMENT,M4-FUNG-0041:E001,PKS1 disruption eliminates T-toxin and high virulence on T-cms maize,qualitative_or_composite,endpoint,S003,126,unreviewed
OBS_dd54085f2ec6,M4-FUNG-0041,M4-FUNG-0041:E002,experiment_outcome_raw,EXPERIMENT,M4-FUNG-0041:E002,DEC1 strongly reduces active toxin/virulence; RED1 contributes to full output,qualitative_or_composite,endpoint,S004,127,unreviewed
OBS_550748b9937e,M4-FUNG-0041,M4-FUNG-0041:E003,experiment_outcome_raw,EXPERIMENT,M4-FUNG-0041:E003,second PKS is also required for toxin/high virulence,qualitative_or_composite,endpoint,S005,128,unreviewed
OBS_8830ce41576c,M4-FUNG-0041,M4-FUNG-0041:E004,experiment_outcome_raw,EXPERIMENT,M4-FUNG-0041:E004,all six are required for full toxin/high-virulence phenotype,qualitative_or_composite,endpoint,S006,129,unreviewed
OBS_7634bf12df70,M4-FUNG-0041,M4-FUNG-0041:E005,experiment_outcome_raw,EXPERIMENT,M4-FUNG-0041:E005,dark induces toxin and nine then-known Tox1 genes; Lae1/Vel1 are required for normal induction,qualitative_or_composite,8 d,S007,130,unreviewed
OBS_7361dd29c401,M4-FUNG-0041,M4-FUNG-0041:E006,experiment_outcome_raw,EXPERIMENT,M4-FUNG-0041:E006,resolves six Tox1A genes across ~634 kb and four Tox1B genes across ~210 kb repeat-rich DNA,qualitative_or_composite,NA,S009; S010,131,unreviewed
OBS_6d228263d018,M4-FUNG-0041,M4-FUNG-0041:E007,experiment_outcome_raw,EXPERIMENT,M4-FUNG-0041:E007,T-urf13 mutations eliminate toxin sensitivity,qualitative_or_composite,endpoint,S011,132,unreviewed
OBS_580d8ae6a350,M4-FUNG-0041,M4-FUNG-0041:E006,measurement,EXPERIMENT,M4-FUNG-0041:E006,10,quantitative,2023 architecture,S009,136,mapped
OBS_5831c71d1304,M4-FUNG-0041,M4-FUNG-0041:E006,measurement,EXPERIMENT,M4-FUNG-0041:E006,6,quantitative,architecture,S009,137,mapped
OBS_a117fc9e6cfb,M4-FUNG-0041,M4-FUNG-0041:E006,measurement,EXPERIMENT,M4-FUNG-0041:E006,4,quantitative,architecture,S009,138,mapped
OBS_10b2650cb57d,M4-FUNG-0041,M4-FUNG-0041:E006,measurement,EXPERIMENT,M4-FUNG-0041:E006,634,quantitative,architecture,S009,139,mapped
OBS_abe00054f35d,M4-FUNG-0041,M4-FUNG-0041:E006,measurement,EXPERIMENT,M4-FUNG-0041:E006,210,quantitative,architecture,S009,140,mapped
OBS_05ce7d1b972d,M4-FUNG-0041,M4-FUNG-0041:E006,measurement,EXPERIMENT,M4-FUNG-0041:E006,1,quantitative,genome,S009,141,mapped
OBS_9f5d5fd40ca8,M4-FUNG-0041,M4-FUNG-0041:E006,measurement,EXPERIMENT,M4-FUNG-0041:E006,225,quantitative,distance,S009,142,mapped
OBS_98e438ee113c,M4-FUNG-0041,M4-FUNG-0041:E006,measurement,EXPERIMENT,M4-FUNG-0041:E006,153,quantitative,distance,S009,143,mapped
OBS_b30a684d9b3f,M4-FUNG-0041,M4-FUNG-0041:E005,measurement,EXPERIMENT,M4-FUNG-0041:E005,8,quantitative,endpoint,S007,144,mapped
OBS_5a9bbecfbce5,M4-FUNG-0041,,measurement,UNRESOLVED_REFERENCE,M002,41,quantitative,compound,S009; S012,145,mapped
OBS_e3bc3def9fb7,M4-FUNG-0042,M4-FUNG-0042:E001,experiment_outcome_raw,EXPERIMENT,M4-FUNG-0042:E001,AdaR overexpression induces adaA/adaB transcription and TAN-1612 pathway products,qualitative_or_composite,endpoint,S003,122,unreviewed
OBS_32c2363ad421,M4-FUNG-0042,M4-FUNG-0042:E002,experiment_outcome_raw,EXPERIMENT,M4-FUNG-0042:E002,"defines AdaA scaffold chemistry, AdaC C2 hydroxylation, AdaB hydrolysis-versus-cyclization behavior and complete TAN-1612 production with AdaD",qualitative_or_composite,~2 d,S003,123,unreviewed
OBS_0246efe4f792,M4-FUNG-0042,M4-FUNG-0042:E003,experiment_outcome_raw,EXPERIMENT,M4-FUNG-0042:E003,shows α-hydroxylation-dependent Claisen-like cyclization and dimanganese MβL mechanism; direct metal detail strongest for AptB homolog,qualitative_or_composite,0–120 min,S003,124,unreviewed
OBS_7ed224b41309,M4-FUNG-0042,M4-FUNG-0042:E004,experiment_outcome_raw,EXPERIMENT,M4-FUNG-0042:E004,AdaR integration causes orange TAN/BMS-overproducing colonies and provides an independent visible activation phenotype,qualitative_or_composite,colony endpoint,S006,125,unreviewed
OBS_6c4b237d6620,M4-FUNG-0042,M4-FUNG-0042:E005,experiment_outcome_raw,EXPERIMENT,M4-FUNG-0042:E005,efflux-pump coexpression reduces toxicity and increases supernatant titers; optimized strains exceed prior yeast yield by >450-fold,qualitative_or_composite,endpoint,S008,126,unreviewed
OBS_63ce41b0ead9,M4-FUNG-0042,M4-FUNG-0042:E006,experiment_outcome_raw,EXPERIMENT,M4-FUNG-0042:E006,first heterologous fungal-polyketide production in S. boulardii; best reported strain produces 6.1 ± 2.3 mg/L TAN-1612,qualitative_or_composite,endpoint,S008,127,unreviewed
OBS_2252f3854c4f,M4-FUNG-0042,M4-FUNG-0042:E007,experiment_outcome_raw,EXPERIMENT,M4-FUNG-0042:E007,"native methyltransferase re-expression outside the cluster only partially restores methylation, suggesting genomic/expression context matters",qualitative_or_composite,endpoint,S010,128,unreviewed
OBS_b9ff801bfe21,M4-FUNG-0042,M4-FUNG-0042:E001,measurement,EXPERIMENT,M4-FUNG-0042:E001,13275,quantitative,sequence,S001,132,mapped
OBS_de0502cf3790,M4-FUNG-0042,M4-FUNG-0042:E001,measurement,EXPERIMENT,M4-FUNG-0042:E001,5,quantitative,cluster,S001,133,mapped
OBS_c362f2287e4e,M4-FUNG-0042,M4-FUNG-0042:E002,measurement,EXPERIMENT,M4-FUNG-0042:E002,2,quantitative,culture,S011,134,mapped
OBS_0f144e12e2bb,M4-FUNG-0042,M4-FUNG-0042:E003,measurement,EXPERIMENT,M4-FUNG-0042:E003,1.5,quantitative,metal analysis,S003,135,mapped
OBS_99370e615409,M4-FUNG-0042,M4-FUNG-0042:E003,measurement,EXPERIMENT,M4-FUNG-0042:E003,17,quantitative,time course,S003,136,mapped
OBS_cea64d172af6,M4-FUNG-0042,M4-FUNG-0042:E003,measurement,EXPERIMENT,M4-FUNG-0042:E003,0.7,quantitative,time course,S003,137,mapped
OBS_6dcbad8452c1,M4-FUNG-0042,M4-FUNG-0042:E004,measurement,EXPERIMENT,M4-FUNG-0042:E004,75,quantitative,screen,S006,138,mapped
OBS_df79bfe60fd1,M4-FUNG-0042,M4-FUNG-0042:E004,measurement,EXPERIMENT,M4-FUNG-0042:E004,5,quantitative,PCR validation,S006,139,mapped
OBS_7ae46453f475,M4-FUNG-0042,M4-FUNG-0042:E004,measurement,EXPERIMENT,M4-FUNG-0042:E004,93,quantitative,screen,S006,140,mapped
OBS_0a4a998cfb11,M4-FUNG-0042,M4-FUNG-0042:E004,measurement,EXPERIMENT,M4-FUNG-0042:E004,9,quantitative,PCR validation,S006,141,mapped
OBS_ae217d078a5e,M4-FUNG-0042,M4-FUNG-0042:E005,measurement,EXPERIMENT,M4-FUNG-0042:E005,450,quantitative,production,S008,142,mapped
OBS_ad0f35d808e4,M4-FUNG-0042,M4-FUNG-0042:E006,measurement,EXPERIMENT,M4-FUNG-0042:E006,6.1,quantitative,endpoint,S008,143,mapped
OBS_00fb680d6155,M4-FUNG-0042,M4-FUNG-0042:E006,measurement,EXPERIMENT,M4-FUNG-0042:E006,2.3,quantitative,endpoint,S008,144,mapped
OBS_4a28ccca138a,M4-FUNG-0042,,measurement,UNRESOLVED_REFERENCE,M001,C21H18O9,qualitative_or_text,structure,S001,145,mapped
OBS_c6b8f7af3214,M4-FUNG-0042,,measurement,UNRESOLVED_REFERENCE,M002,C20H16O9,qualitative_or_text,structure,S001,146,mapped
OBS_83bef2b06a35,M4-FUNG-0043,M4-FUNG-0043:E001,experiment_outcome_raw,EXPERIMENT,M4-FUNG-0043:E001,eight genes define the terreic-acid functional core,qualitative_or_composite,endpoint,S003,125,unreviewed
OBS_4e6993bae03b,M4-FUNG-0043,M4-FUNG-0043:E002,experiment_outcome_raw,EXPERIMENT,M4-FUNG-0043:E002,AtX→6-MSA; AtA→3-methylcatechol; AtE→benzenetriol; AtG alone cannot replace AtE,qualitative_or_composite,24–48 h,S004,126,unreviewed
OBS_8efb9e9bdbf9,M4-FUNG-0043,M4-FUNG-0043:E003,experiment_outcome_raw,EXPERIMENT,M4-FUNG-0043:E003,"AtD, not AtG, produces terremutin",qualitative_or_composite,48 h,S004,127,unreviewed
OBS_cfe9a0b216db,M4-FUNG-0043,M4-FUNG-0043:E004,experiment_outcome_raw,EXPERIMENT,M4-FUNG-0043:E004,AtC converts terremutin to terreic acid,qualitative_or_composite,48 h / scale-up,S004,128,unreviewed
OBS_bfdc72f40bcc,M4-FUNG-0043,M4-FUNG-0043:E005,experiment_outcome_raw,EXPERIMENT,M4-FUNG-0043:E005,AtG raises AtE-stage compounds but not AtD/AtC steps; no AtE–AtG Y2H interaction,qualitative_or_composite,24–48 h,S004,129,unreviewed
OBS_ed1a51b81b63,M4-FUNG-0043,M4-FUNG-0043:E006,experiment_outcome_raw,EXPERIMENT,M4-FUNG-0043:E006,atF deletion eliminates terreic acid while other SM classes remain,qualitative_or_composite,endpoint,S003,130,unreviewed
OBS_cf92e36d9ac3,M4-FUNG-0043,M4-FUNG-0043:E001,measurement,EXPERIMENT,M4-FUNG-0043:E001,47141,quantitative,sequence,S001,134,mapped
OBS_2983b59acf97,M4-FUNG-0043,M4-FUNG-0043:E001,measurement,EXPERIMENT,M4-FUNG-0043:E001,9,quantitative,database,S001,135,mapped
OBS_f72ad177fe0d,M4-FUNG-0043,M4-FUNG-0043:E001,measurement,EXPERIMENT,M4-FUNG-0043:E001,8,quantitative,functional boundary,S003,136,mapped
OBS_8526e30bebaf,M4-FUNG-0043,M4-FUNG-0043:E001,measurement,EXPERIMENT,M4-FUNG-0043:E001,12,quantitative,deletion screen,S003,137,mapped
OBS_e203a32c06a2,M4-FUNG-0043,M4-FUNG-0043:E002,measurement,EXPERIMENT,M4-FUNG-0043:E002,193.6,quantitative,48 h,S004,138,mapped
OBS_38e9316c615f,M4-FUNG-0043,M4-FUNG-0043:E002,measurement,EXPERIMENT,M4-FUNG-0043:E002,77.8,quantitative,48 h,S004,139,mapped
OBS_35877daf445c,M4-FUNG-0043,M4-FUNG-0043:E003,measurement,EXPERIMENT,M4-FUNG-0043:E003,49,quantitative,48 h,S004,140,mapped
OBS_2a6ab756d4bd,M4-FUNG-0043,M4-FUNG-0043:E004,measurement,EXPERIMENT,M4-FUNG-0043:E004,0.9,quantitative,shake flask,S004,141,mapped
OBS_04c7db06c04f,M4-FUNG-0044,M4-FUNG-0044:E001,experiment_outcome_raw,EXPERIMENT,M4-FUNG-0044:E001,ΔterA abolishes terrein while conidial coloration remains unchanged,qualitative_or_composite,endpoint,S003,129,unreviewed
OBS_7de48c212cc4,M4-FUNG-0044,M4-FUNG-0044:E002,experiment_outcome_raw,EXPERIMENT,M4-FUNG-0044:E002,ΔterR abolishes terrein; TerR alone is sufficient to activate the programme in heterologous A. niger,qualitative_or_composite,endpoint,S005,130,unreviewed
OBS_83cdcd467f94,M4-FUNG-0044,M4-FUNG-0044:E003,experiment_outcome_raw,EXPERIMENT,M4-FUNG-0044:E003,glucose minimal is near-off; PDB induces 200–500-fold; fruit juices exceed PDB by at least ~5-fold; glucose is required for potato-broth induction,qualitative_or_composite,24–72 h,S004,131,unreviewed
OBS_c1192b1da49f,M4-FUNG-0044,M4-FUNG-0044:E004,experiment_outcome_raw,EXPERIMENT,M4-FUNG-0044:E004,methionine and nitrogen limitation induce terR/terrein; AreA and AtfA are required under nitrogen starvation and double deletion eliminates production,qualitative_or_composite,time course,S004,132,unreviewed
OBS_f621faa4c306,M4-FUNG-0044,M4-FUNG-0044:E005,experiment_outcome_raw,EXPERIMENT,M4-FUNG-0044:E005,iron limitation induces terrein; hapX deletion significantly lowers production,qualitative_or_composite,endpoint/time course,S004,133,unreviewed
OBS_d7e2e78f3519,M4-FUNG-0044,M4-FUNG-0044:E006,experiment_outcome_raw,EXPERIMENT,M4-FUNG-0044:E006,WT-infected fruits accumulate terrein; ΔterA/ΔterR do not; WT extracts cause strong fruit-surface lesions whereas mutant extracts largely do not,qualitative_or_composite,40–60 h lesion readout,S004,134,unreviewed
OBS_d48dca64a413,M4-FUNG-0044,M4-FUNG-0044:E007,experiment_outcome_raw,EXPERIMENT,M4-FUNG-0044:E007,terrein reduces Fe3+ to Fe2+ in concentration- and pH-dependent manner; optimum ~pH 3–4; oxidation yields PMA,qualitative_or_composite,endpoint,S004,135,unreviewed
OBS_1ba777e47cc4,M4-FUNG-0044,M4-FUNG-0044:E008,experiment_outcome_raw,EXPERIMENT,M4-FUNG-0044:E008,"terrein production supports residual growth/iron acquisition when siderophore function is absent, although siderophores remain dominant",qualitative_or_composite,post-transfer growth,S004,136,unreviewed
OBS_f75267694c01,M4-FUNG-0044,M4-FUNG-0044:E009,experiment_outcome_raw,EXPERIMENT,M4-FUNG-0044:E009,TerB functional KR plus noncatalytic DH interaction collaborate with TerA to form 6-hydroxymellein,qualitative_or_composite,endpoint,S006,137,unreviewed
OBS_eda8db529925,M4-FUNG-0044,M4-FUNG-0044:E010,experiment_outcome_raw,EXPERIMENT,M4-FUNG-0044:E010,TerC catalyzes oxidative decarboxylation; TerD performs subsequent hydroxylation,qualitative_or_composite,endpoint,S007,138,unreviewed
OBS_7d49781d8f4b,M4-FUNG-0044,M4-FUNG-0044:E011,experiment_outcome_raw,EXPERIMENT,M4-FUNG-0044:E011,hstD loss upregulates ter genes and increases terrein in tested strains,qualitative_or_composite,endpoint,S009,139,unreviewed
OBS_435cd1b639b5,M4-FUNG-0044,M4-FUNG-0044:E001,measurement,EXPERIMENT,M4-FUNG-0044:E001,52759,quantitative,sequence,S001,143,mapped
OBS_c63de3fdad73,M4-FUNG-0044,M4-FUNG-0044:E001,measurement,EXPERIMENT,M4-FUNG-0044:E001,32759,quantitative,sequence,S001,144,mapped
OBS_e5f556ec1c4a,M4-FUNG-0044,M4-FUNG-0044:E001,measurement,EXPERIMENT,M4-FUNG-0044:E001,11,quantitative,functional locus,S003; S011,145,mapped
OBS_2a4f268f68c5,M4-FUNG-0044,M4-FUNG-0044:E003,measurement,EXPERIMENT,M4-FUNG-0044:E003,200,quantitative,48–72 h,S004,146,mapped
OBS_00e2a1e335ca,M4-FUNG-0044,M4-FUNG-0044:E003,measurement,EXPERIMENT,M4-FUNG-0044:E003,5,quantitative,24–48 h,S004,147,mapped
OBS_21eadab80c61,M4-FUNG-0044,M4-FUNG-0044:E003,measurement,EXPERIMENT,M4-FUNG-0044:E003,10,quantitative,48–72 h,S004,148,mapped
OBS_3e3ecdd16d4a,M4-FUNG-0044,M4-FUNG-0044:E003,measurement,EXPERIMENT,M4-FUNG-0044:E003,20,quantitative,reporter,S004,149,mapped
OBS_46790fd81713,M4-FUNG-0044,M4-FUNG-0044:E002,measurement,EXPERIMENT,M4-FUNG-0044:E002,8,quantitative,inducing conditions,S005; S011,150,mapped
OBS_89dd2c142000,M4-FUNG-0044,M4-FUNG-0044:E006,measurement,EXPERIMENT,M4-FUNG-0044:E006,40,quantitative,spot assay,S004,151,mapped
OBS_6bba2667b41e,M4-FUNG-0044,M4-FUNG-0044:E006,measurement,EXPERIMENT,M4-FUNG-0044:E006,60,quantitative,spot assay,S004,152,mapped
OBS_0f5df22b7b15,M4-FUNG-0044,M4-FUNG-0044:E006,measurement,EXPERIMENT,M4-FUNG-0044:E006,256,quantitative,spot assay,S004,153,mapped
OBS_277f9e4544dd,M4-FUNG-0044,M4-FUNG-0044:E007,measurement,EXPERIMENT,M4-FUNG-0044:E007,3,quantitative,cell-free,S004,154,mapped
OBS_f73cdc6a3ce1,M4-FUNG-0044,M4-FUNG-0044:E008,measurement,EXPERIMENT,M4-FUNG-0044:E008,200,quantitative,pre-growth/iron replete,S004,155,mapped
OBS_b8839f185f64,M4-FUNG-0044,M4-FUNG-0044:E008,measurement,EXPERIMENT,M4-FUNG-0044:E008,2,quantitative,iron-limited,S004,156,mapped
OBS_2d768ecdd3eb,M4-FUNG-0044,M4-FUNG-0044:E008,measurement,EXPERIMENT,M4-FUNG-0044:E008,0,quantitative,iron-limited,S004,157,mapped
OBS_85d10bfafef5,M4-FUNG-0044,,measurement,UNRESOLVED_REFERENCE,M001,C8H10O3,qualitative_or_text,structure,S003; S012,158,mapped
OBS_11d7ca01be04,M4-FUNG-0044,,measurement,UNRESOLVED_REFERENCE,M008,C7H8O4,qualitative_or_text,structure,S004,159,mapped
OBS_3c6cddbe299c,M4-FUNG-0044,,measurement,UNRESOLVED_REFERENCE,MIBiG,C8H10O3,qualitative_or_text,database,S001,160,mapped
OBS_40dd79bc85b5,M4-FUNG-0045,M4-FUNG-0045:E001,experiment_outcome_raw,EXPERIMENT,M4-FUNG-0045:E001,ΔvrtA no longer produces viridicatumtoxin,qualitative_or_composite,endpoint,S003,130,unreviewed
OBS_c8bd20faeefe,M4-FUNG-0045,M4-FUNG-0045:E002,experiment_outcome_raw,EXPERIMENT,M4-FUNG-0045:E002,VrtC catalyzes regioselective C6 geranylation without divalent-ion requirement,qualitative_or_composite,endpoint,S004,131,unreviewed
OBS_419dea8699a7,M4-FUNG-0045,M4-FUNG-0045:E003,experiment_outcome_raw,EXPERIMENT,M4-FUNG-0045:E003,lower viridicatumtoxin and accumulation of unprenylated/core intermediates,qualitative_or_composite,endpoint,S003,132,unreviewed
OBS_2c7a781f40d9,M4-FUNG-0045,M4-FUNG-0045:E004,experiment_outcome_raw,EXPERIMENT,M4-FUNG-0045:E004,VrtK alone converts acyclic precursor to spirobicyclic product,qualitative_or_composite,endpoint,S005,133,unreviewed
OBS_f1afa9885b5d,M4-FUNG-0045,M4-FUNG-0045:E001,measurement,EXPERIMENT,M4-FUNG-0045:E001,51400,quantitative,sequence,S001,139,mapped
OBS_f471c2b27052,M4-FUNG-0045,M4-FUNG-0045:E001,measurement,EXPERIMENT,M4-FUNG-0045:E001,14,quantitative,functional programme,S003,140,mapped
OBS_42d2c6332444,M4-FUNG-0045,M4-FUNG-0045:E001,measurement,EXPERIMENT,M4-FUNG-0045:E001,22,quantitative,database,S001,141,mapped
OBS_d4f42ff1bc38,M4-FUNG-0045,,measurement,UNRESOLVED_REFERENCE,M001,C30H31NO10,qualitative_or_text,structure,S001,142,mapped
OBS_db4c7023966a,M4-FUNG-0046,M4-FUNG-0046:E001,experiment_outcome_raw,EXPERIMENT,M4-FUNG-0046:E001,yanA loss blocks canonical yanuthones; precursor feeding bypasses upstream block,qualitative_or_composite,endpoint,S003,126,unreviewed
OBS_0bf04bce9368,M4-FUNG-0046,M4-FUNG-0046:E002,experiment_outcome_raw,EXPERIMENT,M4-FUNG-0046:E002,mutant-specific intermediates establish pathway and branch points,qualitative_or_composite,endpoint,S003,127,unreviewed
OBS_8c3c022774fc,M4-FUNG-0046,M4-FUNG-0046:E003,experiment_outcome_raw,EXPERIMENT,M4-FUNG-0046:E003,"YanI installs O-linked mevalonate, defining a new transferase activity",qualitative_or_composite,endpoint,S003,128,unreviewed
OBS_7621bf6151fa,M4-FUNG-0046,M4-FUNG-0046:E004,experiment_outcome_raw,EXPERIMENT,M4-FUNG-0046:E004,X1 depends on several yan enzymes but is not derived from 6-MSA,qualitative_or_composite,endpoint,S003,129,unreviewed
OBS_01358786a4eb,M4-FUNG-0046,M4-FUNG-0046:E001,measurement,EXPERIMENT,M4-FUNG-0046:E001,45340,quantitative,sequence,S001,135,mapped
OBS_96403765834e,M4-FUNG-0046,M4-FUNG-0046:E002,measurement,EXPERIMENT,M4-FUNG-0046:E002,10,quantitative,functional programme,S003,136,mapped
OBS_958aeaa137f5,M4-FUNG-0046,M4-FUNG-0046:E002,measurement,EXPERIMENT,M4-FUNG-0046:E002,5,quantitative,metabolites,S003,137,mapped
OBS_6091e813582e,M4-FUNG-0046,,measurement,UNRESOLVED_REFERENCE,M001,C28H38O8,qualitative_or_text,structure,S001,138,mapped
OBS_d7bbae970a81,M4-FUNG-0047,M4-FUNG-0047:E001,experiment_outcome_raw,EXPERIMENT,M4-FUNG-0047:E001,nine genes are required for acetylaranotin biosynthesis; 17 pathway products isolated,qualitative_or_composite,endpoint,S003,126,unreviewed
OBS_b84227759db6,M4-FUNG-0047,M4-FUNG-0047:E002,experiment_outcome_raw,EXPERIMENT,M4-FUNG-0047:E002,acetylaranotin-family products abolished,qualitative_or_composite,endpoint,S003,127,unreviewed
OBS_0d339ab3b0ab,M4-FUNG-0047,M4-FUNG-0047:E003,experiment_outcome_raw,EXPERIMENT,M4-FUNG-0047:E003,mutant-specific intermediates establish branched pathway and alternate reaction orders,qualitative_or_composite,endpoint,S003,128,unreviewed
OBS_65805f796d34,M4-FUNG-0047,M4-FUNG-0047:E001,measurement,EXPERIMENT,M4-FUNG-0047:E001,44724,quantitative,sequence,S001,135,mapped
OBS_6835c1900336,M4-FUNG-0047,M4-FUNG-0047:E001,measurement,EXPERIMENT,M4-FUNG-0047:E001,9,quantitative,deletion-defined,S003,136,mapped
OBS_f950782e2a5c,M4-FUNG-0047,M4-FUNG-0047:E001,measurement,EXPERIMENT,M4-FUNG-0047:E001,17,quantitative,study total,S003,137,mapped
OBS_4357d44a446d,M4-FUNG-0047,M4-FUNG-0047:E001,measurement,EXPERIMENT,M4-FUNG-0047:E001,9,quantitative,novelty,S003,138,mapped
OBS_3d4517951037,M4-FUNG-0047,,measurement,UNRESOLVED_REFERENCE,M001,C22H20N2O8S2,qualitative_or_text,structure,S001,139,mapped
OBS_a7ff2b4a6654,M4-FUNG-0048,M4-FUNG-0048:E001,experiment_outcome_raw,EXPERIMENT,M4-FUNG-0048:E001,AnaPS module 1 activates anthranilate and complete enzyme makes benzodiazepinedione,qualitative_or_composite,kinetic/endpoint,S004,122,unreviewed
OBS_601beab114ec,M4-FUNG-0048,M4-FUNG-0048:E002,experiment_outcome_raw,EXPERIMENT,M4-FUNG-0048:E002,direct reverse prenylation to aszonalenin,qualitative_or_composite,steady-state,S003,123,unreviewed
OBS_6a95d4c37fa1,M4-FUNG-0048,M4-FUNG-0048:E003,experiment_outcome_raw,EXPERIMENT,M4-FUNG-0048:E003,direct N-acetylation to final product,qualitative_or_composite,steady-state,S003,124,unreviewed
OBS_5689090433d4,M4-FUNG-0048,M4-FUNG-0048:E001,measurement,EXPERIMENT,M4-FUNG-0048:E001,47132,quantitative,sequence,S001,131,mapped
OBS_9913aecb916a,M4-FUNG-0048,M4-FUNG-0048:E001,measurement,EXPERIMENT,M4-FUNG-0048:E001,3,quantitative,core,S003,132,mapped
OBS_c39467725868,M4-FUNG-0048,M4-FUNG-0048:E002,measurement,EXPERIMENT,M4-FUNG-0048:E002,156,quantitative,steady-state,S003,133,mapped
OBS_be793370d3ec,M4-FUNG-0048,M4-FUNG-0048:E002,measurement,EXPERIMENT,M4-FUNG-0048:E002,232,quantitative,steady-state,S003,134,mapped
OBS_ea9dcc42f6e0,M4-FUNG-0048,M4-FUNG-0048:E002,measurement,EXPERIMENT,M4-FUNG-0048:E002,1.5,quantitative,steady-state,S003,135,mapped
OBS_656d7ea96d86,M4-FUNG-0048,M4-FUNG-0048:E003,measurement,EXPERIMENT,M4-FUNG-0048:E003,96,quantitative,steady-state,S003,136,mapped
OBS_7ed4d4ae10db,M4-FUNG-0048,M4-FUNG-0048:E003,measurement,EXPERIMENT,M4-FUNG-0048:E003,61,quantitative,steady-state,S003,137,mapped
OBS_f5e70fa40b6b,M4-FUNG-0048,M4-FUNG-0048:E003,measurement,EXPERIMENT,M4-FUNG-0048:E003,0.14,quantitative,steady-state,S003,138,mapped
OBS_c21ebc0e1513,M4-FUNG-0049,M4-FUNG-0049:E001,experiment_outcome_raw,EXPERIMENT,M4-FUNG-0049:E001,24 apicidin-deficient mutants; three insertions hit NRPS locus,qualitative_or_composite,endpoint,S003,127,unreviewed
OBS_83f7bf0f242a,M4-FUNG-0049,M4-FUNG-0049:E002,experiment_outcome_raw,EXPERIMENT,M4-FUNG-0049:E002,eight genes required; APS4/APS10 and six flanking genes dispensable; APS11 deletion unsuccessful,qualitative_or_composite,endpoint,S003,128,unreviewed
OBS_2e2b03f071f9,M4-FUNG-0049,M4-FUNG-0049:E003,experiment_outcome_raw,EXPERIMENT,M4-FUNG-0049:E003,pipecolate deficiency causes proline-substituted apicidin B,qualitative_or_composite,endpoint,S003,129,unreviewed
OBS_366d2160892c,M4-FUNG-0049,M4-FUNG-0049:E004,experiment_outcome_raw,EXPERIMENT,M4-FUNG-0049:E004,oxidation-state congeners trap late pathway steps,qualitative_or_composite,endpoint,S003,130,unreviewed
OBS_c95ad7586323,M4-FUNG-0049,M4-FUNG-0049:E005,experiment_outcome_raw,EXPERIMENT,M4-FUNG-0049:E005,APS2 overexpression increased cluster expression/apicidin; three overexpression transformants produced ~5× WT apicidin in rice culture,qualitative_or_composite,"2, 4, 6, 8 d (NPF2 time-course); rice-culture endpoint for production comparison",S003,131,unreviewed
OBS_9534f79c3724,M4-FUNG-0049,M4-FUNG-0049:E001,measurement,EXPERIMENT,M4-FUNG-0049:E001,63,quantitative,sequence,S003,136,mapped
OBS_338585229554,M4-FUNG-0049,M4-FUNG-0049:E002,measurement,EXPERIMENT,M4-FUNG-0049:E002,19,quantitative,deletion screen,S003,137,mapped
OBS_0231ef60475b,M4-FUNG-0049,M4-FUNG-0049:E002,measurement,EXPERIMENT,M4-FUNG-0049:E002,8,quantitative,deletion-defined,S003,138,mapped
OBS_07f0de38131d,M4-FUNG-0049,M4-FUNG-0049:E001,measurement,EXPERIMENT,M4-FUNG-0049:E001,24,quantitative,count,S003,139,mapped
OBS_941c39eba5ad,M4-FUNG-0049,,measurement,UNRESOLVED_REFERENCE,APS1,15488,quantitative,coding sequence,S003,140,mapped
OBS_a6024678c95f,M4-FUNG-0049,,measurement,UNRESOLVED_REFERENCE,APS1,567,quantitative,protein,S003,141,mapped
OBS_988363d03ad6,M4-FUNG-0049,,measurement,UNRESOLVED_REFERENCE,M001,C34H49N5O6,qualitative_or_text,structure,S001,142,mapped
OBS_98dd7bb6bbb1,M4-FUNG-0049,M4-FUNG-0049:E005,measurement,EXPERIMENT,M4-FUNG-0049:E005,5,quantitative,rice-culture endpoint,S003,143,mapped
OBS_682fe6bb9d09,M4-FUNG-0050,M4-FUNG-0050:E001,experiment_outcome_raw,EXPERIMENT,M4-FUNG-0050:E001,gene disruption stops aureobasidin A production,qualitative_or_composite,endpoint,S003,122,unreviewed
OBS_ffb88d53b093,M4-FUNG-0050,M4-FUNG-0050:E002,experiment_outcome_raw,EXPERIMENT,M4-FUNG-0050:E002,precursor feeding generates new aureobasidin analogues,qualitative_or_composite,endpoint,S005,123,unreviewed
OBS_e252ee4d702c,M4-FUNG-0050,M4-FUNG-0050:E001,measurement,EXPERIMENT,M4-FUNG-0050:E001,35683,quantitative,sequence,S001,131,mapped
OBS_5626010b840f,M4-FUNG-0050,,measurement,UNRESOLVED_REFERENCE,G001,34980,quantitative,coding sequence,S003,132,mapped
OBS_6ee1df9d26f3,M4-FUNG-0050,,measurement,UNRESOLVED_REFERENCE,G001,11659,quantitative,protein,S003,133,mapped
OBS_0b276143216f,M4-FUNG-0050,,measurement,UNRESOLVED_REFERENCE,G001,1286254,quantitative,protein,S003,134,mapped
OBS_3c41f1f00186,M4-FUNG-0050,,measurement,UNRESOLVED_REFERENCE,G001,9,quantitative,architecture,S003,135,mapped
OBS_eb0fea291400,M4-FUNG-0050,,measurement,UNRESOLVED_REFERENCE,G001,4,quantitative,architecture,S003,136,mapped
OBS_3b1f12c29bed,M4-FUNG-0050,,measurement,UNRESOLVED_REFERENCE,M001,C60H92N8O11,qualitative_or_text,structure,S001,137,mapped
OBS_f4bda80c48a3,M4-FUNG-0051,M4-FUNG-0051:E001,experiment_outcome_raw,EXPERIMENT,M4-FUNG-0051:E001,bassianolide abolished while beauvericin remains,qualitative_or_composite,endpoint,S003,122,unreviewed
OBS_16bad681da36,M4-FUNG-0051,M4-FUNG-0051:E002,experiment_outcome_raw,EXPERIMENT,M4-FUNG-0051:E002,"bassianolide is a highly significant virulence factor in Galleria, Helicoverpa and Spodoptera assays",qualitative_or_composite,time course,S003,123,unreviewed
OBS_ecc064c58f99,M4-FUNG-0051,M4-FUNG-0051:E001,measurement,EXPERIMENT,M4-FUNG-0051:E001,41205,quantitative,sequence,S001,131,mapped
OBS_292548f799b1,M4-FUNG-0051,M4-FUNG-0051:E002,measurement,EXPERIMENT,M4-FUNG-0051:E002,3,quantitative,count,S003,132,mapped
OBS_23d877e8ed2f,M4-FUNG-0051,,measurement,UNRESOLVED_REFERENCE,M001,C48H84N4O12,qualitative_or_text,structure,S001,133,mapped
OBS_588987890dac,M4-FUNG-0052,M4-FUNG-0052:E001,experiment_outcome_raw,EXPERIMENT,M4-FUNG-0052:E001,beauvericin abolished,qualitative_or_composite,endpoint,S003,122,unreviewed
OBS_360d9e00efed,M4-FUNG-0052,M4-FUNG-0052:E002,experiment_outcome_raw,EXPERIMENT,M4-FUNG-0052:E002,heterologous strain becomes proficient in beauvericin biosynthesis,qualitative_or_composite,endpoint,S003,123,unreviewed
OBS_3acee7af2faa,M4-FUNG-0052,M4-FUNG-0052:E003,experiment_outcome_raw,EXPERIMENT,M4-FUNG-0052:E003,beauvericin contributes highly significantly but is not indispensable to virulence,qualitative_or_composite,time course,S003,124,unreviewed
OBS_3c6992de088a,M4-FUNG-0052,M4-FUNG-0052:E004,experiment_outcome_raw,EXPERIMENT,M4-FUNG-0052:E004,KIVR supplies D-Hiv precursor to beauvericin pathway,qualitative_or_composite,endpoint,S004,125,unreviewed
OBS_a284d2dd8b33,M4-FUNG-0052,M4-FUNG-0052:E001,measurement,EXPERIMENT,M4-FUNG-0052:E001,33475,quantitative,sequence,S001,131,mapped
OBS_e579f79477b1,M4-FUNG-0052,,measurement,UNRESOLVED_REFERENCE,G002,3189,quantitative,protein,S003,132,mapped
OBS_b55be3e2ee78,M4-FUNG-0052,,measurement,UNRESOLVED_REFERENCE,G002,351.9,quantitative,protein,S003,133,mapped
OBS_51262c4ff8e4,M4-FUNG-0052,M4-FUNG-0052:E003,measurement,EXPERIMENT,M4-FUNG-0052:E003,3,quantitative,count,S003,134,mapped
OBS_91b733bab08b,M4-FUNG-0052,,measurement,UNRESOLVED_REFERENCE,M001,C45H57N3O9,qualitative_or_text,structure,S005,135,mapped
OBS_4419ba84d0f3,M4-FUNG-0053,M4-FUNG-0053:E001,experiment_outcome_raw,EXPERIMENT,M4-FUNG-0053:E001,pcbAB and pcbC form the linked early core; functional pcbAB encodes a 3712-aa ACV synthetase,qualitative_or_composite,endpoint,S003,124,unreviewed
OBS_df9ace1e1baf,M4-FUNG-0053,M4-FUNG-0053:E002,experiment_outcome_raw,EXPERIMENT,M4-FUNG-0053:E002,ΔcefP cannot synthesize cephalosporins and secretes IPN; CefP localizes to peroxisomes,qualitative_or_composite,endpoint,S004,125,unreviewed
OBS_467c545b6f72,M4-FUNG-0053,M4-FUNG-0053:E003,experiment_outcome_raw,EXPERIMENT,M4-FUNG-0053:E003,ΔcefM accumulates PenN and cannot make DAOC/DAC/CPC; CefM localizes to microbodies,qualitative_or_composite,~72 h localization/readout,S005,126,unreviewed
OBS_a13dff4028c1,M4-FUNG-0053,M4-FUNG-0053:E004,experiment_outcome_raw,EXPERIMENT,M4-FUNG-0053:E004,cefR represses cefT and modestly stimulates cefEF; overexpression retains PenN and increases CPC,qualitative_or_composite,endpoint,S006,127,unreviewed
OBS_970f02a61f3d,M4-FUNG-0053,M4-FUNG-0053:E005,experiment_outcome_raw,EXPERIMENT,M4-FUNG-0053:E005,"cefT is nonessential, but extra copies can increase CPC up to ~100%",qualitative_or_composite,endpoint,S012,128,unreviewed
OBS_a8585b386c54,M4-FUNG-0053,M4-FUNG-0053:E001,measurement,EXPERIMENT,M4-FUNG-0053:E001,26881,quantitative,sequence,S001,133,mapped
OBS_f39b6c6e39cc,M4-FUNG-0053,M4-FUNG-0053:E001,measurement,EXPERIMENT,M4-FUNG-0053:E001,11136,quantitative,coding sequence,S003,134,mapped
OBS_3c2677b9729d,M4-FUNG-0053,M4-FUNG-0053:E001,measurement,EXPERIMENT,M4-FUNG-0053:E001,3712,quantitative,protein,S003,135,mapped
OBS_741bcda7aca3,M4-FUNG-0053,M4-FUNG-0053:E003,measurement,EXPERIMENT,M4-FUNG-0053:E003,12,quantitative,protein topology,S005,136,mapped
OBS_482360567ef2,M4-FUNG-0053,M4-FUNG-0053:E003,measurement,EXPERIMENT,M4-FUNG-0053:E003,72,quantitative,localization,S005,137,mapped
OBS_880b5bb8af6e,M4-FUNG-0053,M4-FUNG-0053:E004,measurement,EXPERIMENT,M4-FUNG-0053:E004,60,quantitative,engineering,S006,138,mapped
OBS_f234a3f308bc,M4-FUNG-0053,M4-FUNG-0053:E005,measurement,EXPERIMENT,M4-FUNG-0053:E005,100,quantitative,engineering,S012,139,mapped
OBS_60e552498f4f,M4-FUNG-0054,M4-FUNG-0054:E001,experiment_outcome_raw,EXPERIMENT,M4-FUNG-0054:E001,cefG-disrupted strains cannot make CPC and accumulate DAC in broth,qualitative_or_composite,endpoint,S003,122,unreviewed
OBS_dad67b16870f,M4-FUNG-0054,M4-FUNG-0054:E002,experiment_outcome_raw,EXPERIMENT,M4-FUNG-0054:E002,heterologous expression produces catalytic DAC O-acetyltransferase activity,qualitative_or_composite,endpoint,S010,123,unreviewed
OBS_d597a679a70d,M4-FUNG-0054,M4-FUNG-0054:E003,experiment_outcome_raw,EXPERIMENT,M4-FUNG-0054:E003,additional late-gene copies increase pathway capacity/industrial output,qualitative_or_composite,endpoint,S008,124,unreviewed
OBS_97c9275b006d,M4-FUNG-0054,M4-FUNG-0054:E004,experiment_outcome_raw,EXPERIMENT,M4-FUNG-0054:E004,methionine increases multiple biosynthetic transcripts across both separated clusters,qualitative_or_composite,time course,S009,125,unreviewed
OBS_b17fa3a96cce,M4-FUNG-0054,M4-FUNG-0054:E001,measurement,EXPERIMENT,M4-FUNG-0054:E001,5771,quantitative,sequence,S001,131,mapped
OBS_17f0208179b9,M4-FUNG-0054,M4-FUNG-0054:E001,measurement,EXPERIMENT,M4-FUNG-0054:E001,1114,quantitative,genomic organization,S003,132,mapped
OBS_152f32fdea9a,M4-FUNG-0054,,measurement,UNRESOLVED_REFERENCE,M004,C16H21N3O8S,qualitative_or_text,structure,S005,133,mapped
OBS_a789b67f6055,M4-FUNG-0055,M4-FUNG-0055:E001,experiment_outcome_raw,EXPERIMENT,M4-FUNG-0055:E001,43.979-kb locus containing 15 CDSs identified; pathway route proposed by ETP homology.,qualitative_or_composite,,S004,126,unreviewed
OBS_2cbd4561b93e,M4-FUNG-0055,M4-FUNG-0055:E002,experiment_outcome_raw,EXPERIMENT,M4-FUNG-0055:E002,chaetocin chemically established as a fungal metabolite.,qualitative_or_composite,,S005,127,unreviewed
OBS_350efbf23d8f,M4-FUNG-0055,M4-FUNG-0055:E001,measurement,EXPERIMENT,M4-FUNG-0055:E001,43979,quantitative,,S001,131,mapped
OBS_36a12b0a11b1,M4-FUNG-0055,M4-FUNG-0055:E001,measurement,EXPERIMENT,M4-FUNG-0055:E001,15,quantitative,,S001,132,mapped
OBS_32751abaa9c9,M4-FUNG-0056,M4-FUNG-0056:E001,experiment_outcome_raw,EXPERIMENT,M4-FUNG-0056:E001,coordinated cluster induction around day 6 precedes later cyclosporin accumulation.,qualitative_or_composite,multi-day culture,S004,133,unreviewed
OBS_e460a8de5e97,M4-FUNG-0056,M4-FUNG-0056:E002,experiment_outcome_raw,EXPERIMENT,M4-FUNG-0056:E002,each deletion eliminates detectable cyclosporins A-C.,qualitative_or_composite,,S005,134,unreviewed
OBS_04eea7411427,M4-FUNG-0056,M4-FUNG-0056:E003,experiment_outcome_raw,EXPERIMENT,M4-FUNG-0056:E003,cyclosporin output decreases but is not completely eliminated.,qualitative_or_composite,,S005,135,unreviewed
OBS_74545e454b4f,M4-FUNG-0056,M4-FUNG-0056:E004,experiment_outcome_raw,EXPERIMENT,M4-FUNG-0056:E004,cytosporin production increases by ~26.15% in reported comparison.,qualitative_or_composite,,S005,136,unreviewed
OBS_6a513f3f6061,M4-FUNG-0056,M4-FUNG-0056:E005,experiment_outcome_raw,EXPERIMENT,M4-FUNG-0056:E005,cyclosporin biosynthesis confers antifungal competitive benefit.,qualitative_or_composite,,S005,137,unreviewed
OBS_2b03e196128c,M4-FUNG-0056,M4-FUNG-0056:E006,experiment_outcome_raw,EXPERIMENT,M4-FUNG-0056:E006,cytosporin contributes to infection fitness/virulence in the tested system.,qualitative_or_composite,,S005,138,unreviewed
OBS_af418bee9fc6,M4-FUNG-0056,M4-FUNG-0056:E001,measurement,EXPERIMENT,M4-FUNG-0056:E001,110488,quantitative,,S001,142,mapped
OBS_99b3e1225c3e,M4-FUNG-0056,M4-FUNG-0056:E001,measurement,EXPERIMENT,M4-FUNG-0056:E001,20,quantitative,,S001,143,mapped
OBS_3d6f51cd85ed,M4-FUNG-0056,M4-FUNG-0056:E001,measurement,EXPERIMENT,M4-FUNG-0056:E001,12,quantitative,,S005,144,mapped
OBS_edcd54288fef,M4-FUNG-0056,M4-FUNG-0056:E004,measurement,EXPERIMENT,M4-FUNG-0056:E004,26.15,quantitative,,S005,145,mapped
OBS_cfd2f6054365,M4-FUNG-0057,M4-FUNG-0057:E001,experiment_outcome_raw,EXPERIMENT,M4-FUNG-0057:E001,destruxin family detected and profiled.,qualitative_or_composite,7 d,S004,134,unreviewed
OBS_4ab0a0d1b6b6,M4-FUNG-0057,M4-FUNG-0057:E002,experiment_outcome_raw,EXPERIMENT,M4-FUNG-0057:E002,destruxins abolished.,qualitative_or_composite,7 d,S004,135,unreviewed
OBS_7647c4935438,M4-FUNG-0057,M4-FUNG-0057:E003,experiment_outcome_raw,EXPERIMENT,M4-FUNG-0057:E003,DTX B/B2/desmethyl-B accumulate; downstream oxidized congener profile lost.,qualitative_or_composite,7 d,S004,136,unreviewed
OBS_eefb87754e27,M4-FUNG-0057,M4-FUNG-0057:E004,experiment_outcome_raw,EXPERIMENT,M4-FUNG-0057:E004,deletion abolishes DTX; hydroxyisocaproate feeding restores production.,qualitative_or_composite,7 d,S004,137,unreviewed
OBS_003201a3fc39,M4-FUNG-0057,M4-FUNG-0057:E005,experiment_outcome_raw,EXPERIMENT,M4-FUNG-0057:E005,deletion abolishes DTX; beta-alanine feeding restores production.,qualitative_or_composite,7 d,S004,138,unreviewed
OBS_84b56fa80379,M4-FUNG-0057,M4-FUNG-0057:E006,experiment_outcome_raw,EXPERIMENT,M4-FUNG-0057:E006,destruxin loss changes immune suppression strongly; LT50 shifts are modest/context dependent for some mutants.,qualitative_or_composite,,S004,139,unreviewed
OBS_fb015ece9aa2,M4-FUNG-0057,M4-FUNG-0057:E001,measurement,EXPERIMENT,M4-FUNG-0057:E001,106198,quantitative,,S001,143,mapped
OBS_f8e259d88f85,M4-FUNG-0057,M4-FUNG-0057:E001,measurement,EXPERIMENT,M4-FUNG-0057:E001,21,quantitative,,S001,144,mapped
OBS_b5b58c275321,M4-FUNG-0057,M4-FUNG-0057:E006,measurement,EXPERIMENT,M4-FUNG-0057:E006,105.4,quantitative,,S004,145,mapped
OBS_2085f439adef,M4-FUNG-0057,M4-FUNG-0057:E006,measurement,EXPERIMENT,M4-FUNG-0057:E006,112.4,quantitative,,S004,146,mapped
OBS_531a26111bc1,M4-FUNG-0057,M4-FUNG-0057:E006,measurement,EXPERIMENT,M4-FUNG-0057:E006,79.3,quantitative,,S004,147,mapped
OBS_375e45c20b1c,M4-FUNG-0057,M4-FUNG-0057:E006,measurement,EXPERIMENT,M4-FUNG-0057:E006,88,quantitative,,S004,148,mapped
OBS_b743c221262a,M4-FUNG-0058,M4-FUNG-0058:E001,experiment_outcome_raw,EXPERIMENT,M4-FUNG-0058:E001,"echinocandin B peak lost, directly validating EcdA necessity.",qualitative_or_composite,,S004,125,unreviewed
OBS_0dfabe6800a4,M4-FUNG-0058,M4-FUNG-0058:E002,experiment_outcome_raw,EXPERIMENT,M4-FUNG-0058:E002,ΔhtyA abolishes product; L-homotyrosine supplementation restores production.,qualitative_or_composite,,S004,126,unreviewed
OBS_9337bd1fca90,M4-FUNG-0058,M4-FUNG-0058:E003,experiment_outcome_raw,EXPERIMENT,M4-FUNG-0058:E003,EcdI activates linoleate and transfers it to EcdA first thiolation domain; EcdA A1 prefers L-ornithine.,qualitative_or_composite,,S004,127,unreviewed
OBS_3bfcd1348e00,M4-FUNG-0058,M4-FUNG-0058:E004,experiment_outcome_raw,EXPERIMENT,M4-FUNG-0058:E004,"despite promoter binding in vitro, deletion causes no significant echinocandin B production defect and little transcriptional change.",qualitative_or_composite,,S005,128,unreviewed
OBS_7e5be2fc77e1,M4-FUNG-0058,M4-FUNG-0058:E001,measurement,EXPERIMENT,M4-FUNG-0058:E001,12,quantitative,,S004,132,mapped
OBS_c8b46c46c989,M4-FUNG-0058,M4-FUNG-0058:E003,measurement,EXPERIMENT,M4-FUNG-0058:E003,7260,quantitative,,S004,133,mapped
OBS_d7352e38c50b,M4-FUNG-0058,M4-FUNG-0058:E003,measurement,EXPERIMENT,M4-FUNG-0058:E003,559,quantitative,,S004,134,mapped
OBS_22721ae95369,M4-FUNG-0059,M4-FUNG-0059:E001,experiment_outcome_raw,EXPERIMENT,M4-FUNG-0059:E001,"esyn1 ORF of 9,393 bp encodes a 3,131-aa multifunctional enniatin synthetase.",qualitative_or_composite,,S004,114,unreviewed
OBS_eca0ad372944,M4-FUNG-0059,M4-FUNG-0059:E002,experiment_outcome_raw,EXPERIMENT,M4-FUNG-0059:E002,enzyme architecture supports repeated incorporation and N-methyl depsipeptide formation.,qualitative_or_composite,,S004,115,unreviewed
OBS_c34ef528b128,M4-FUNG-0059,M4-FUNG-0059:E003,experiment_outcome_raw,EXPERIMENT,M4-FUNG-0059:E003,"Enniatin was produced during mycelial growth but not stationary phase, whereas enniatin synthetase protein/activity and mRNA were present through growth, stationary phase and spores.",qualitative_or_composite,growth versus stationary phase,S006,116,unreviewed
OBS_5ffbe7f54ff4,M4-FUNG-0059,M4-FUNG-0059:E001,measurement,EXPERIMENT,M4-FUNG-0059:E001,10934,quantitative,,S001,119,mapped
OBS_7b5120b7414c,M4-FUNG-0059,M4-FUNG-0059:E001,measurement,EXPERIMENT,M4-FUNG-0059:E001,9393,quantitative,,S004,120,mapped
OBS_3ae7a35ca5be,M4-FUNG-0059,M4-FUNG-0059:E001,measurement,EXPERIMENT,M4-FUNG-0059:E001,3131,quantitative,,S004,121,mapped
OBS_af9f586a8b20,M4-FUNG-0059,M4-FUNG-0059:E001,measurement,EXPERIMENT,M4-FUNG-0059:E001,346.9,quantitative,,S004,122,mapped
OBS_ac59eb48f741,M4-FUNG-0060,M4-FUNG-0060:E001,experiment_outcome_raw,EXPERIMENT,M4-FUNG-0060:E001,EAS genes highly expressed in planta but very low or undetectable in axenic mycelia.,qualitative_or_composite,,S004,120,unreviewed
OBS_4c10a1f61c6e,M4-FUNG-0060,M4-FUNG-0060:E002,experiment_outcome_raw,EXPERIMENT,M4-FUNG-0060:E002,ergovaline lost and upstream lysergic/lysergyl intermediates accumulate.,qualitative_or_composite,,S004,121,unreviewed
OBS_ca82f9d1ac71,M4-FUNG-0060,M4-FUNG-0060:E003,experiment_outcome_raw,EXPERIMENT,M4-FUNG-0060:E003,ergovaline production restored.,qualitative_or_composite,,S004,122,unreviewed
OBS_0116bbb42977,M4-FUNG-0060,M4-FUNG-0060:E001,measurement,EXPERIMENT,M4-FUNG-0060:E001,19379,quantitative,,S001,126,mapped
OBS_294adb9b3d17,M4-FUNG-0060,M4-FUNG-0060:E001,measurement,EXPERIMENT,M4-FUNG-0060:E001,6,quantitative,,S001,127,mapped
OBS_e309c4e9f2e0,M4-FUNG-0061,M4-FUNG-0061:E001,experiment_outcome_raw,EXPERIMENT,M4-FUNG-0061:E001,anthranilate-activating module in FmqA experimentally validated.,qualitative_or_composite,,S004,119,unreviewed
OBS_0eb0773dbf4a,M4-FUNG-0061,M4-FUNG-0061:E002,experiment_outcome_raw,EXPERIMENT,M4-FUNG-0061:E002,tandem FmqB oxidation and FmqC acylation convert FQF to FQA.,qualitative_or_composite,,S005,120,unreviewed
OBS_4e1b14f3acc4,M4-FUNG-0061,M4-FUNG-0061:E003,experiment_outcome_raw,EXPERIMENT,M4-FUNG-0061:E003,FmqD oxidizes FQA to FQC; FQC can rearrange nonenzymatically to FQD.,qualitative_or_composite,,S005,121,unreviewed
OBS_2f39aa3ff61d,M4-FUNG-0061,M4-FUNG-0061:E004,experiment_outcome_raw,EXPERIMENT,M4-FUNG-0061:E004,FQA and FQC production is lost with BrlA disruption.,qualitative_or_composite,,S006,122,unreviewed
OBS_c92caed0cd7b,M4-FUNG-0061,M4-FUNG-0061:E005,experiment_outcome_raw,EXPERIMENT,M4-FUNG-0061:E005,FmqD travels through Golgi to cell wall; FQC selectively accumulates in conidial tissues.,qualitative_or_composite,,S006,123,unreviewed
OBS_a2d687465559,M4-FUNG-0061,M4-FUNG-0061:E006,experiment_outcome_raw,EXPERIMENT,M4-FUNG-0061:E006,regulatory network controls conidia-borne FQC and impacts protection from phagocytosis.,qualitative_or_composite,,S007,124,unreviewed
OBS_51a6667f4340,M4-FUNG-0061,M4-FUNG-0061:E001,measurement,EXPERIMENT,M4-FUNG-0061:E001,24812,quantitative,,S001,128,mapped
OBS_94b2b41661cc,M4-FUNG-0061,M4-FUNG-0061:E001,measurement,EXPERIMENT,M4-FUNG-0061:E001,5,quantitative,,S001,129,mapped
OBS_df4679f9e68c,M4-FUNG-0062,M4-FUNG-0062:E001,experiment_outcome_raw,EXPERIMENT,M4-FUNG-0062:E001,ten cyclic and numerous derived linear tetrapeptides identified.,qualitative_or_composite,168 h,S004,121,unreviewed
OBS_343048bebaaa,M4-FUNG-0062,M4-FUNG-0062:E002,experiment_outcome_raw,EXPERIMENT,M4-FUNG-0062:E002,no cyclic or linear HcpA-associated tetrapeptides detected.,qualitative_or_composite,168 h,S004,122,unreviewed
OBS_e2b1eaa1108f,M4-FUNG-0062,M4-FUNG-0062:E003,experiment_outcome_raw,EXPERIMENT,M4-FUNG-0062:E003,WT wrinkled colony surface becomes smoother in ΔhcpA.,qualitative_or_composite,,S004,123,unreviewed
OBS_363985991b74,M4-FUNG-0062,M4-FUNG-0062:E001,measurement,EXPERIMENT,M4-FUNG-0062:E001,18536,quantitative,,S001,127,mapped
OBS_7ac663275ed2,M4-FUNG-0062,M4-FUNG-0062:E001,measurement,EXPERIMENT,M4-FUNG-0062:E001,6064,quantitative,,S004,128,mapped
OBS_1d58dff632c9,M4-FUNG-0062,M4-FUNG-0062:E001,measurement,EXPERIMENT,M4-FUNG-0062:E001,10,quantitative,,S001,129,mapped
OBS_cb2ada06e7f8,M4-FUNG-0062,M4-FUNG-0062:E001,measurement,EXPERIMENT,M4-FUNG-0062:E001,168,quantitative,,S004,130,mapped
OBS_0755e9492a66,M4-FUNG-0063,M4-FUNG-0063:E001,experiment_outcome_raw,EXPERIMENT,M4-FUNG-0063:E001,coexpressed candidate gliotoxin cluster defined.,qualitative_or_composite,,S004,125,unreviewed
OBS_ea7bb3352a7a,M4-FUNG-0063,M4-FUNG-0063:E002,experiment_outcome_raw,EXPERIMENT,M4-FUNG-0063:E002,gliotoxin abolished; supernatant cytotoxicity toward immune cell lines reduced.,qualitative_or_composite,,S005,126,unreviewed
OBS_0a61f5f4a3ee,M4-FUNG-0063,M4-FUNG-0063:E003,experiment_outcome_raw,EXPERIMENT,M4-FUNG-0063:E003,"gliotoxin detected in WT-infected lung and absent with ΔgliP, but virulence did not differ significantly.",qualitative_or_composite,,S005,127,unreviewed
OBS_a063da631bfa,M4-FUNG-0063,M4-FUNG-0063:E004,experiment_outcome_raw,EXPERIMENT,M4-FUNG-0063:E004,ΔgliZ eliminates detectable gliotoxin and gli-gene expression; extra gliZ copies increase production.,qualitative_or_composite,,S006,128,unreviewed
OBS_8064f505c5db,M4-FUNG-0063,M4-FUNG-0063:E005,experiment_outcome_raw,EXPERIMENT,M4-FUNG-0063:E005,GliT forms the transannular disulfide and provides producer self-resistance.,qualitative_or_composite,,S007,129,unreviewed
OBS_ccae4facc79e,M4-FUNG-0063,M4-FUNG-0063:E006,experiment_outcome_raw,EXPERIMENT,M4-FUNG-0063:E006,gliotoxin secretion is lost while BmGT efflux persists; intracellular gliotoxin handling alters self-sensitivity.,qualitative_or_composite,,S008,130,unreviewed
OBS_9561eb0ff6d7,M4-FUNG-0063,M4-FUNG-0063:E001,measurement,EXPERIMENT,M4-FUNG-0063:E001,26265,quantitative,,S003,134,mapped
OBS_b45f6f375173,M4-FUNG-0063,M4-FUNG-0063:E001,measurement,EXPERIMENT,M4-FUNG-0063:E001,14,quantitative,,S001,135,mapped
OBS_3c9e1d094e12,M4-FUNG-0064,M4-FUNG-0064:E001,experiment_outcome_raw,EXPERIMENT,M4-FUNG-0064:E001,HC-toxin production and host-selective pathogenicity are lost.,qualitative_or_composite,,S005,119,unreviewed
OBS_961001503561,M4-FUNG-0064,M4-FUNG-0064:E002,experiment_outcome_raw,EXPERIMENT,M4-FUNG-0064:E002,no HC-toxin and no pathogenicity; growth and sporulation remain normal.,qualitative_or_composite,,S006,120,unreviewed
OBS_62cd68bb0c66,M4-FUNG-0064,M4-FUNG-0064:E003,experiment_outcome_raw,EXPERIMENT,M4-FUNG-0064:E003,HC-toxin and pathogenicity abolished; several TOX2 genes lose expression but HTS1 remains expressed.,qualitative_or_composite,,S007,121,unreviewed
OBS_d01b2313a26f,M4-FUNG-0064,M4-FUNG-0064:E004,experiment_outcome_raw,EXPERIMENT,M4-FUNG-0064:E004,HC-toxin and pathogenicity lost while general growth remains normal.,qualitative_or_composite,,S008,122,unreviewed
OBS_09859cf753a9,M4-FUNG-0064,M4-FUNG-0064:E005,experiment_outcome_raw,EXPERIMENT,M4-FUNG-0064:E005,most known TOX2 copies lie within ~600 kb on a 3.5-Mb chromosome; one of two TOXE copies lies on a 0.7-Mb chromosome.,qualitative_or_composite,,S004,123,unreviewed
OBS_d027dc505357,M4-FUNG-0064,M4-FUNG-0064:E006,experiment_outcome_raw,EXPERIMENT,M4-FUNG-0064:E006,large 0.8–1.4 Mb deletions occur; some derivatives show reduced virulence and no detectable culture toxin while retaining essential known genes.,qualitative_or_composite,,S009,124,unreviewed
OBS_e640828ef323,M4-FUNG-0064,M4-FUNG-0064:E005,measurement,EXPERIMENT,M4-FUNG-0064:E005,600,quantitative,,S004,128,mapped
OBS_a3862b485bbe,M4-FUNG-0064,M4-FUNG-0064:E005,measurement,EXPERIMENT,M4-FUNG-0064:E005,3.5,quantitative,,S004,129,mapped
OBS_5ba9ea139355,M4-FUNG-0064,M4-FUNG-0064:E005,measurement,EXPERIMENT,M4-FUNG-0064:E005,0.7,quantitative,,S004,130,mapped
OBS_0903472dca4e,M4-FUNG-0064,M4-FUNG-0064:E001,measurement,EXPERIMENT,M4-FUNG-0064:E001,15.7,quantitative,,S013,131,mapped
OBS_e56112869943,M4-FUNG-0064,M4-FUNG-0064:E001,measurement,EXPERIMENT,M4-FUNG-0064:E001,574.6,quantitative,,S013,132,mapped
OBS_92cd6aa89519,M4-FUNG-0064,M4-FUNG-0064:E006,measurement,EXPERIMENT,M4-FUNG-0064:E006,8,quantitative,,S009,133,mapped
OBS_e9690d96810d,M4-FUNG-0065,M4-FUNG-0065:E001,experiment_outcome_raw,EXPERIMENT,M4-FUNG-0065:E001,all seven other has genes are induced and a pink iron-complexed HAS metabolite accumulates.,qualitative_or_composite,,S003,121,unreviewed
OBS_b87da0ed56bd,M4-FUNG-0065,M4-FUNG-0065:E002,experiment_outcome_raw,EXPERIMENT,M4-FUNG-0065:E002,gene-specific intermediates/product changes localize pathway functions and confirm eight-gene boundary.,qualitative_or_composite,,S003,122,unreviewed
OBS_3dbad694a13f,M4-FUNG-0065,M4-FUNG-0065:E003,experiment_outcome_raw,EXPERIMENT,M4-FUNG-0065:E003,HAS overproduction increases virulence in the tested model.,qualitative_or_composite,,S003,123,unreviewed
OBS_21366944e89c,M4-FUNG-0065,M4-FUNG-0065:E004,experiment_outcome_raw,EXPERIMENT,M4-FUNG-0065:E004,HAS participates in a broader iron-responsive secondary-metabolite network.,qualitative_or_composite,,S004,124,unreviewed
OBS_ea82b5584d0d,M4-FUNG-0065,M4-FUNG-0065:E001,measurement,EXPERIMENT,M4-FUNG-0065:E001,22264,quantitative,,S001,128,mapped
OBS_f0dfb79c8526,M4-FUNG-0065,M4-FUNG-0065:E001,measurement,EXPERIMENT,M4-FUNG-0065:E001,8,quantitative,,S003,129,mapped
OBS_7638447f463e,M4-FUNG-0065,M4-FUNG-0065:E001,measurement,EXPERIMENT,M4-FUNG-0065:E001,46730,quantitative,,S001,130,mapped
OBS_227d11ebfc02,M4-FUNG-0066,M4-FUNG-0066:E001,experiment_outcome_raw,EXPERIMENT,M4-FUNG-0066:E001,56.8-kb region is tandemly amplified and multiple ORFs are transcribed under penicillin-producing conditions.,qualitative_or_composite,,S003,118,unreviewed
OBS_9cf2f0fc2af7,M4-FUNG-0066,M4-FUNG-0066:E002,experiment_outcome_raw,EXPERIMENT,M4-FUNG-0066:E002,high-producer strains carry multiple tandem copies linked by conserved hexanucleotides.,qualitative_or_composite,,S004,119,unreviewed
OBS_6dc7176adb01,M4-FUNG-0066,M4-FUNG-0066:E003,experiment_outcome_raw,EXPERIMENT,M4-FUNG-0066:E003,penicillin output shows a nonlinear relationship with biosynthetic-gene dose.,qualitative_or_composite,,S005,120,unreviewed
OBS_d55baa54870b,M4-FUNG-0066,M4-FUNG-0066:E004,experiment_outcome_raw,EXPERIMENT,M4-FUNG-0066:E004,final penicillin steps require intact peroxisomal function; peroxisome abundance can influence production.,qualitative_or_composite,,S008,121,unreviewed
OBS_eb377799daae,M4-FUNG-0066,M4-FUNG-0066:E001,measurement,EXPERIMENT,M4-FUNG-0066:E001,56820,quantitative,,S001; S003,125,mapped
OBS_d0502adda7f7,M4-FUNG-0066,M4-FUNG-0066:E001,measurement,EXPERIMENT,M4-FUNG-0066:E001,16,quantitative,,S003,126,mapped
OBS_8ba0e057ac7e,M4-FUNG-0066,M4-FUNG-0066:E001,measurement,EXPERIMENT,M4-FUNG-0066:E001,3,quantitative,,S003; S006,127,mapped
OBS_3f749612b0bc,M4-FUNG-0066,M4-FUNG-0066:E002,measurement,EXPERIMENT,M4-FUNG-0066:E002,~6–14,qualitative_or_text,,S003; S004,128,mapped
OBS_d9a4b6a45e1c,M4-FUNG-0067,M4-FUNG-0067:E001,experiment_outcome_raw,EXPERIMENT,M4-FUNG-0067:E001,"pcbAB, pcbC and penDE assignments established for the three core steps.",qualitative_or_composite,,S003,117,unreviewed
OBS_b1341a84d86d,M4-FUNG-0067,M4-FUNG-0067:E002,experiment_outcome_raw,EXPERIMENT,M4-FUNG-0067:E002,heterologous expression supports direct cluster-to-penicillin attribution.,qualitative_or_composite,,S004,118,unreviewed
OBS_39c8a02ef7d6,M4-FUNG-0067,M4-FUNG-0067:E003,experiment_outcome_raw,EXPERIMENT,M4-FUNG-0067:E003,production changes nonlinearly with cluster dose.,qualitative_or_composite,,S005,119,unreviewed
OBS_1065542e46be,M4-FUNG-0067,M4-FUNG-0067:E004,experiment_outcome_raw,EXPERIMENT,M4-FUNG-0067:E004,final acylation chemistry is peroxisome-associated and requires compartment competence.,qualitative_or_composite,,S006,120,unreviewed
OBS_2587a28bd869,M4-FUNG-0067,M4-FUNG-0067:E001,measurement,EXPERIMENT,M4-FUNG-0067:E001,59497,quantitative,,S001,124,mapped
OBS_f6707cffbf95,M4-FUNG-0067,M4-FUNG-0067:E001,measurement,EXPERIMENT,M4-FUNG-0067:E001,3,quantitative,,S001; S003,125,mapped
OBS_3e0e0765e31f,M4-FUNG-0067,M4-FUNG-0067:E001,measurement,EXPERIMENT,M4-FUNG-0067:E001,11376,quantitative,,S001,126,mapped
OBS_6ca8998bd335,M4-FUNG-0068,M4-FUNG-0068:E001,experiment_outcome_raw,EXPERIMENT,M4-FUNG-0068:E001,accumulated/lost intermediates map RoqA/D/R/M/O/N functions and a branched route converging at roquefortine C.,qualitative_or_composite,,S003,124,unreviewed
OBS_890a98f4b753,M4-FUNG-0068,M4-FUNG-0068:E002,experiment_outcome_raw,EXPERIMENT,M4-FUNG-0068:E002,all roq genes and roquefortine/meleagrine output are repressed by PAA.,qualitative_or_composite,,S003,125,unreviewed
OBS_31fdca5dc097,M4-FUNG-0068,M4-FUNG-0068:E003,experiment_outcome_raw,EXPERIMENT,M4-FUNG-0068:E003,RoqD and RoqR can act in alternative order before branch convergence.,qualitative_or_composite,,S004,126,unreviewed
OBS_2020c01fa10b,M4-FUNG-0068,M4-FUNG-0068:E004,experiment_outcome_raw,EXPERIMENT,M4-FUNG-0068:E004,penicillin changes strongly while roquefortine C is comparatively unaffected.,qualitative_or_composite,,S005,127,unreviewed
OBS_3d62eda8bfca,M4-FUNG-0068,M4-FUNG-0068:E001,measurement,EXPERIMENT,M4-FUNG-0068:E001,20659,quantitative,,S001,131,mapped
OBS_db126b21a412,M4-FUNG-0068,M4-FUNG-0068:E001,measurement,EXPERIMENT,M4-FUNG-0068:E001,7,quantitative,,S001; S003,132,mapped
OBS_96d5f7b2aaa1,M4-FUNG-0068,M4-FUNG-0068:E001,measurement,EXPERIMENT,M4-FUNG-0068:E001,7,quantitative,,S001,133,mapped
OBS_42187b535725,M4-FUNG-0069,M4-FUNG-0069:E001,experiment_outcome_raw,EXPERIMENT,M4-FUNG-0069:E001,five proteins reconstruct terrequinone A biosynthesis outside the fungus.,qualitative_or_composite,,S003,119,unreviewed
OBS_0c70e3d4dda1,M4-FUNG-0069,M4-FUNG-0069:E002,experiment_outcome_raw,EXPERIMENT,M4-FUNG-0069:E002,intermediate accumulation maps TdiD→TdiA→TdiC/TdiB sequence and TdiE fidelity role.,qualitative_or_composite,,S003,120,unreviewed
OBS_b5d439a83dd6,M4-FUNG-0069,M4-FUNG-0069:E003,experiment_outcome_raw,EXPERIMENT,M4-FUNG-0069:E003,LaeA-associated expression boundaries and tdi perturbations support the compact five-gene cluster.,qualitative_or_composite,,S004,121,unreviewed
OBS_00db9f732af1,M4-FUNG-0069,M4-FUNG-0069:E001,measurement,EXPERIMENT,M4-FUNG-0069:E001,9759,quantitative,,S001,125,mapped
OBS_ef02bc4849cd,M4-FUNG-0069,M4-FUNG-0069:E001,measurement,EXPERIMENT,M4-FUNG-0069:E001,5,quantitative,,S003,126,mapped
OBS_3c272521df92,M4-FUNG-0069,M4-FUNG-0069:E001,measurement,EXPERIMENT,M4-FUNG-0069:E001,42913,quantitative,,S001,127,mapped
OBS_efc2d31425c6,M4-FUNG-0070,M4-FUNG-0070:E001,experiment_outcome_raw,EXPERIMENT,M4-FUNG-0070:E001,all four genes are required for normal verlamelin production.,qualitative_or_composite,,S003,117,unreviewed
OBS_45b043f5b29b,M4-FUNG-0070,M4-FUNG-0070:E002,experiment_outcome_raw,EXPERIMENT,M4-FUNG-0070:E002,"feeding restores verlamelin, localizing VlmA/VlmB to precursor supply rather than peptide assembly.",qualitative_or_composite,,S003,118,unreviewed
OBS_24353401c0e2,M4-FUNG-0070,M4-FUNG-0070:E003,experiment_outcome_raw,EXPERIMENT,M4-FUNG-0070:E003,seven modules and epimerization-domain pattern explain stereochemical peptide assembly.,qualitative_or_composite,,S004,119,unreviewed
OBS_c8758f6257df,M4-FUNG-0070,M4-FUNG-0070:E001,measurement,EXPERIMENT,M4-FUNG-0070:E001,4,quantitative,,S003,123,mapped
OBS_845b860bad1b,M4-FUNG-0070,M4-FUNG-0070:E003,measurement,EXPERIMENT,M4-FUNG-0070:E003,7,quantitative,,S004,124,mapped
OBS_322c2a518c46,M4-FUNG-0070,M4-FUNG-0070:E003,measurement,EXPERIMENT,M4-FUNG-0070:E003,3,quantitative,,S004,125,mapped
OBS_a3035568dba7,M4-FUNG-0071,M4-FUNG-0071:E001,experiment_outcome_raw,EXPERIMENT,M4-FUNG-0071:E001,temperature-responsive coexpression highlighted the ustiloxin cluster.,qualitative_or_composite,,S003,131,unreviewed
OBS_681a3e9d0e62,M4-FUNG-0071,M4-FUNG-0071:E002,experiment_outcome_raw,EXPERIMENT,M4-FUNG-0071:E002,loss/reduction of ustiloxin validates local cluster membership.,qualitative_or_composite,,S003; S004,132,unreviewed
OBS_1babdc56b151,M4-FUNG-0071,M4-FUNG-0071:E003,experiment_outcome_raw,EXPERIMENT,M4-FUNG-0071:E003,normally silent homologous cluster is coordinately induced and ustiloxin B is produced.,qualitative_or_composite,,S005,133,unreviewed
OBS_b1755502aad0,M4-FUNG-0071,M4-FUNG-0071:E004,experiment_outcome_raw,EXPERIMENT,M4-FUNG-0071:E004,ustiloxin B production is nearly abolished despite the cluster being present/activated.,qualitative_or_composite,,S005,134,unreviewed
OBS_f9b0f40df542,M4-FUNG-0071,M4-FUNG-0071:E005,experiment_outcome_raw,EXPERIMENT,M4-FUNG-0071:E005,oxidative macrocyclization and side-chain tailoring steps are assigned to Ust enzyme families.,qualitative_or_composite,,S006,135,unreviewed
OBS_37e09e1ac2b9,M4-FUNG-0071,M4-FUNG-0071:E001,measurement,EXPERIMENT,M4-FUNG-0071:E001,28295,quantitative,,S001,139,mapped
OBS_eac1a561798d,M4-FUNG-0071,M4-FUNG-0071:E001,measurement,EXPERIMENT,M4-FUNG-0071:E001,40923,quantitative,,S001,140,mapped
OBS_d8789d1ce55d,M4-FUNG-0071,M4-FUNG-0071:E001,measurement,EXPERIMENT,M4-FUNG-0071:E001,19,quantitative,,S001,141,mapped
OBS_1a9d58289e66,M4-FUNG-0071,M4-FUNG-0071:E001,measurement,EXPERIMENT,M4-FUNG-0071:E001,16,quantitative,,S004,142,mapped
OBS_d67525148328,M4-FUNG-0072,M4-FUNG-0072:E001,experiment_outcome_raw,EXPERIMENT,M4-FUNG-0072:E001,atmG/C/M are coordinately induced with aflatrem production.,qualitative_or_composite,,S003,122,unreviewed
OBS_c456deda2918,M4-FUNG-0072,M4-FUNG-0072:E002,experiment_outcome_raw,EXPERIMENT,M4-FUNG-0072:E002,"AtmM, AtmP and AtmQ demonstrate conserved indole-diterpene functions.",qualitative_or_composite,,S003; S004,123,unreviewed
OBS_953d490d68c6,M4-FUNG-0072,M4-FUNG-0072:E003,experiment_outcome_raw,EXPERIMENT,M4-FUNG-0072:E003,both loci rise together with aflatrem production.,qualitative_or_composite,,S004,124,unreviewed
OBS_4f088beba27e,M4-FUNG-0072,M4-FUNG-0072:E004,experiment_outcome_raw,EXPERIMENT,M4-FUNG-0072:E004,ΔveA abolishes aflatrem production and prevents normal atmC/atmG/atmM expression.,qualitative_or_composite,,S005,125,unreviewed
OBS_25b4b29f89c5,M4-FUNG-0072,M4-FUNG-0072:E003,measurement,EXPERIMENT,M4-FUNG-0072:E003,2,quantitative,,S004,129,mapped
OBS_5c322b324720,M4-FUNG-0072,M4-FUNG-0072:E003,measurement,EXPERIMENT,M4-FUNG-0072:E003,8,quantitative,,S004,130,mapped
OBS_a55773edc229,M4-FUNG-0072,M4-FUNG-0072:E001,measurement,EXPERIMENT,M4-FUNG-0072:E001,3,quantitative,,S003,131,mapped
OBS_66a1269cccbf,M4-FUNG-0072,M4-FUNG-0072:E003,measurement,EXPERIMENT,M4-FUNG-0072:E003,5,quantitative,,S004,132,mapped
OBS_722609292e5e,M4-FUNG-0073,M4-FUNG-0073:E001,measurement,EXPERIMENT,M4-FUNG-0073:E001,5,quantitative,,,129,mapped
OBS_4ffe346211c7,M4-FUNG-0073,M4-FUNG-0073:E004,measurement,EXPERIMENT,M4-FUNG-0073:E004,7,quantitative,,,130,mapped
OBS_e11da893c615,M4-FUNG-0073,M4-FUNG-0073:E001,measurement,EXPERIMENT,M4-FUNG-0073:E001,29501,quantitative,,,131,mapped
OBS_4bbb7ef5a437,M4-FUNG-0074,M4-FUNG-0074:E001,measurement,EXPERIMENT,M4-FUNG-0074:E001,65-75,qualitative_or_text,,,135,mapped
OBS_c1111e1cb2c9,M4-FUNG-0074,M4-FUNG-0074:E003,measurement,EXPERIMENT,M4-FUNG-0074:E003,20-40,qualitative_or_text,,,136,mapped
OBS_03c7b00d0408,M4-FUNG-0074,M4-FUNG-0074:E002,measurement,EXPERIMENT,M4-FUNG-0074:E002,2.6,quantitative,,,137,mapped
OBS_6ae9d430a659,M4-FUNG-0074,M4-FUNG-0074:E003,measurement,EXPERIMENT,M4-FUNG-0074:E003,approximately 22.4,qualitative_or_text,,,138,mapped
OBS_6a1d13e47299,M4-FUNG-0075,M4-FUNG-0075:E001,experiment_outcome_raw,EXPERIMENT,M4-FUNG-0075:E001,AN1592–AN1598 are strongly induced and a diterpene hydrocarbon appears only in activated cultures.,qualitative_or_composite,~44 h,S003,121,unreviewed
OBS_efed00ea0d16,M4-FUNG-0075,M4-FUNG-0075:E002,experiment_outcome_raw,EXPERIMENT,M4-FUNG-0075:E002,isolated the historically assigned hydrocarbon and confirmed its gross structure while leaving the later stereochemical reinterpretation open.,qualitative_or_composite,,S004,122,unreviewed
OBS_8f5a1848f828,M4-FUNG-0075,M4-FUNG-0075:E003,experiment_outcome_raw,EXPERIMENT,M4-FUNG-0075:E003,related Aspergillus cyclases produce isopimaradienes; sequence/stereochemical analysis specifically casts doubt on the A. nidulans ent-pimaradiene assignment.,qualitative_or_composite,,S005,123,unreviewed
OBS_d6cc73903b16,M4-FUNG-0075,M4-FUNG-0075:E004,experiment_outcome_raw,EXPERIMENT,M4-FUNG-0075:E004,reveals dipleosmarane and six known isopimarane diterpenoids; pbcA and pbcB deletions establish cluster origin.,qualitative_or_composite,,S006,124,unreviewed
OBS_7f829006cfc9,M4-FUNG-0075,M4-FUNG-0075:E001,measurement,EXPERIMENT,M4-FUNG-0075:E001,7,quantitative,,S003,128,mapped
OBS_713ccd99b1b6,M4-FUNG-0075,M4-FUNG-0075:E001,measurement,EXPERIMENT,M4-FUNG-0075:E001,785,quantitative,,S003,129,mapped
OBS_c5674016ff8c,M4-FUNG-0075,M4-FUNG-0075:E001,measurement,EXPERIMENT,M4-FUNG-0075:E001,673,quantitative,,S003,130,mapped
OBS_46e2849d4df6,M4-FUNG-0075,M4-FUNG-0075:E004,measurement,EXPERIMENT,M4-FUNG-0075:E004,7,quantitative,,S006,131,mapped
OBS_4607c0365f4c,M4-FUNG-0076,M4-FUNG-0076:E001,experiment_outcome_raw,EXPERIMENT,M4-FUNG-0076:E001,"identified six-ORF 15.6-kb cluster containing PbGGS, PbACS, two P450s, transporter and TF",qualitative_or_composite,NR,S003,119,unreviewed
OBS_80614863c607,M4-FUNG-0076,M4-FUNG-0076:E002,experiment_outcome_raw,EXPERIMENT,M4-FUNG-0076:E002,double transformant yields aphidicolan-16β-ol; triple yields 3-deoxyaphidicolin; quadruple yields aphidicolin,qualitative_or_composite,NR,S004,120,unreviewed
OBS_274b1f5ec2bf,M4-FUNG-0076,M4-FUNG-0076:E003,experiment_outcome_raw,EXPERIMENT,M4-FUNG-0076:E003,"produces aphidicolan-16β-ol, independently confirming two-enzyme scaffold module",qualitative_or_composite,NR,S004,121,unreviewed
OBS_880fdf77eb52,M4-FUNG-0076,M4-FUNG-0076:E004,experiment_outcome_raw,EXPERIMENT,M4-FUNG-0076:E004,PbGGS/PbACS cytosolic; P450s ER-associated; loss of PbP450-1 membrane anchor nearly abolishes aphidicolin,qualitative_or_composite,NR,S005,122,unreviewed
OBS_e534f9645a14,M4-FUNG-0076,M4-FUNG-0076:E005,experiment_outcome_raw,EXPERIMENT,M4-FUNG-0076:E005,"isolated and validated late aphidicolin precursors, supporting sequential oxidative maturation",qualitative_or_composite,NR,S008,123,unreviewed
OBS_5fac6021c805,M4-FUNG-0076,M4-FUNG-0076:E001,measurement,EXPERIMENT,M4-FUNG-0076:E001,15629,quantitative,NA,S001; S003,127,mapped
OBS_81a0cd8b4d4d,M4-FUNG-0076,M4-FUNG-0076:E001,measurement,EXPERIMENT,M4-FUNG-0076:E001,6,quantitative,NA,S001; S003,128,mapped
OBS_4800133c405a,M4-FUNG-0076,M4-FUNG-0076:E002,measurement,EXPERIMENT,M4-FUNG-0076:E002,4,quantitative,NA,S004,129,mapped
OBS_2c4a7302c07d,M4-FUNG-0076,M4-FUNG-0076:E004,measurement,EXPERIMENT,M4-FUNG-0076:E004,nearly abolished,qualitative_or_text,NA,S005,130,mapped
OBS_dfa23a076284,M4-FUNG-0077,M4-FUNG-0077:E001,experiment_outcome_raw,EXPERIMENT,M4-FUNG-0077:E001,established that two separate clusters jointly encode austinol/dehydroaustinol biosynthesis and yielded pathway intermediates/shunt products,qualitative_or_composite,,S003,64,unreviewed
OBS_c61b99c086cc,M4-FUNG-0323,M4-FUNG-0323:E001,experiment_outcome_raw,EXPERIMENT,M4-FUNG-0323:E001,sesterfisherol produced,qualitative_or_composite,,S002,85,unreviewed
OBS_f861d2d67a79,M4-FUNG-0323,M4-FUNG-0323:E002,experiment_outcome_raw,EXPERIMENT,M4-FUNG-0323:E002,sesterfisheric acid formed,qualitative_or_composite,,S002,86,unreviewed
OBS_f9f74c64581b,M4-FUNG-0323,M4-FUNG-0323:E003,experiment_outcome_raw,EXPERIMENT,M4-FUNG-0323:E003,polycyclic sesterterpene structures confirmed,qualitative_or_composite,,S002,87,unreviewed
OBS_11d2edbda0f7,M4-FUNG-0323,,measurement,BGC,M4-FUNG-0323,5465 bp,qualitative_or_text,,S001;S004,91,mapped
OBS_2b087843f92d,M4-FUNG-0323,,measurement,BGC,M4-FUNG-0323,NR,qualitative_or_text,,S002,92,mapped
OBS_fa4c613c01ce,M4-FUNG-0324,M4-FUNG-0324:E001,experiment_outcome_raw,EXPERIMENT,M4-FUNG-0324:E001,Fusarium cytokinins abolished,qualitative_or_composite,,S002,85,unreviewed
OBS_6436ba7c31f4,M4-FUNG-0324,M4-FUNG-0324:E002,experiment_outcome_raw,EXPERIMENT,M4-FUNG-0324:E002,cytokinins detected in planta and activate plant signalling,qualitative_or_composite,,S002,86,unreviewed
OBS_6a946f15d447,M4-FUNG-0324,M4-FUNG-0324:E003,experiment_outcome_raw,EXPERIMENT,M4-FUNG-0324:E003,fusatin-family metabolites reproduced,qualitative_or_composite,,S006,87,unreviewed
OBS_1dc21496272e,M4-FUNG-0324,,measurement,BGC,M4-FUNG-0324,10 µM treatment reported in detached-leaf assay,qualitative_or_text,,S002,91,mapped
OBS_c9a0f3adfe37,M4-FUNG-0324,,measurement,BGC,M4-FUNG-0324,NR,qualitative_or_text,,S002;S003,92,mapped
OBS_9d0528ac6a3f,M4-FUNG-0325,M4-FUNG-0325:E001,experiment_outcome_raw,EXPERIMENT,M4-FUNG-0325:E001,peramine absent,qualitative_or_composite,,S002,83,unreviewed
OBS_a50364ec9fdf,M4-FUNG-0325,M4-FUNG-0325:E002,experiment_outcome_raw,EXPERIMENT,M4-FUNG-0325:E002,peramine restored,qualitative_or_composite,,S002,84,unreviewed
OBS_e9747e658dcf,M4-FUNG-0325,M4-FUNG-0325:E003,experiment_outcome_raw,EXPERIMENT,M4-FUNG-0325:E003,peramine-deficient symbiota lose feeding deterrence,qualitative_or_composite,,S002,85,unreviewed
OBS_e93d93cdc7eb,M4-FUNG-0325,,measurement,BGC,M4-FUNG-0325,8322 bp,qualitative_or_text,,S001;S004,89,mapped
OBS_4be0790b08d0,M4-FUNG-0325,,measurement,BGC,M4-FUNG-0325,NR,qualitative_or_text,,S002,90,mapped
OBS_e294835fd4a9,M4-FUNG-0326,M4-FUNG-0326:E001,experiment_outcome_raw,EXPERIMENT,M4-FUNG-0326:E001,stemphyloxin II production exposed,qualitative_or_composite,,S002,83,unreviewed
OBS_d2f207a988f9,M4-FUNG-0326,M4-FUNG-0326:E002,experiment_outcome_raw,EXPERIMENT,M4-FUNG-0326:E002,pathway intermediates/products reconstructed,qualitative_or_composite,,S002,84,unreviewed
OBS_ff082f4ad79f,M4-FUNG-0326,M4-FUNG-0326:E003,experiment_outcome_raw,EXPERIMENT,M4-FUNG-0326:E003,intramolecular aldol cyclization demonstrated,qualitative_or_composite,,S002,85,unreviewed
OBS_678ddc9c5141,M4-FUNG-0326,,measurement,BGC,M4-FUNG-0326,21830 bp,qualitative_or_text,,S001;S004,89,mapped
OBS_89b7d7160a24,M4-FUNG-0326,,measurement,BGC,M4-FUNG-0326,NR,qualitative_or_text,,S002,90,mapped
OBS_f611297c7a68,M4-FUNG-0327,M4-FUNG-0327:E001,experiment_outcome_raw,EXPERIMENT,M4-FUNG-0327:E001,diagnostic shifts in piperazine/side-product profile,qualitative_or_composite,,S002,83,unreviewed
OBS_256ec81a47eb,M4-FUNG-0327,M4-FUNG-0327:E002,experiment_outcome_raw,EXPERIMENT,M4-FUNG-0327:E002,L-Tyr favored substrate,qualitative_or_composite,,S002,84,unreviewed
OBS_651c128c116a,M4-FUNG-0327,M4-FUNG-0327:E003,experiment_outcome_raw,EXPERIMENT,M4-FUNG-0327:E003,partial redundancy demonstrated,qualitative_or_composite,,S002,85,unreviewed
OBS_ed2773baa34d,M4-FUNG-0327,,measurement,BGC,M4-FUNG-0327,15099 bp,qualitative_or_text,,S001;S004,89,mapped
OBS_84eb078105c5,M4-FUNG-0327,,measurement,BGC,M4-FUNG-0327,NR,qualitative_or_text,,S002,90,mapped
OBS_3285c3667331,M4-FUNG-0328,M4-FUNG-0328:E001,experiment_outcome_raw,EXPERIMENT,M4-FUNG-0328:E001,CalK and CalH redirect CalA into different product branches,qualitative_or_composite,,S002,85,unreviewed
OBS_414610c3314a,M4-FUNG-0328,M4-FUNG-0328:E002,experiment_outcome_raw,EXPERIMENT,M4-FUNG-0328:E002,esterification of decalin and polyene portions demonstrated,qualitative_or_composite,,S002,86,unreviewed
OBS_8b88dbc05858,M4-FUNG-0328,M4-FUNG-0328:E003,experiment_outcome_raw,EXPERIMENT,M4-FUNG-0328:E003,trans-methyltransferase mechanism structurally supported,qualitative_or_composite,,S002,87,unreviewed
OBS_4fb86c88d87c,M4-FUNG-0328,,measurement,BGC,M4-FUNG-0328,PDB 7DMB (SAH complex),qualitative_or_text,,S002,91,mapped
OBS_9a038581d062,M4-FUNG-0328,,measurement,BGC,M4-FUNG-0328,NR,qualitative_or_text,,S002,92,mapped
OBS_edbc4dc0b82f,M4-FUNG-0329,M4-FUNG-0329:E001,experiment_outcome_raw,EXPERIMENT,M4-FUNG-0329:E001,acurin pathway genes identified by product-loss/alteration phenotypes,qualitative_or_composite,,S002,83,unreviewed
OBS_15386ff9baba,M4-FUNG-0329,M4-FUNG-0329:E002,experiment_outcome_raw,EXPERIMENT,M4-FUNG-0329:E002,coordinated candidate cluster supported,qualitative_or_composite,,S002,84,unreviewed
OBS_5b7affd7ceb5,M4-FUNG-0329,M4-FUNG-0329:E003,experiment_outcome_raw,EXPERIMENT,M4-FUNG-0329:E003,acurin A structure established,qualitative_or_composite,,S002,85,unreviewed
OBS_29de9a285f17,M4-FUNG-0329,,measurement,BGC,M4-FUNG-0329,44935 bp,qualitative_or_text,,S001;S004,89,mapped
OBS_e50bc4cd1651,M4-FUNG-0329,,measurement,BGC,M4-FUNG-0329,NR,qualitative_or_text,,S002,90,mapped
OBS_9756510a9a2d,M4-FUNG-0330,M4-FUNG-0330:E001,experiment_outcome_raw,EXPERIMENT,M4-FUNG-0330:E001,asteltoxin production retained; asteltoxin assignment rejected,qualitative_or_composite,,S002,85,unreviewed
OBS_ba9db1e177b7,M4-FUNG-0330,M4-FUNG-0330:E002,experiment_outcome_raw,EXPERIMENT,M4-FUNG-0330:E002,two polyenoic β-ketolactones produced,qualitative_or_composite,,S002,86,unreviewed
OBS_ca006e687838,M4-FUNG-0330,M4-FUNG-0330:E003,experiment_outcome_raw,EXPERIMENT,M4-FUNG-0330:E003,opposite C4 relative stereochemistry established,qualitative_or_composite,,S002,87,unreviewed
OBS_b0eb5edb2718,M4-FUNG-0330,,measurement,BGC,M4-FUNG-0330,1 of 6 selected HR-PKS candidates from 22 HR-PKS genes in producer,qualitative_or_text,,S002,91,mapped
OBS_b70fe76852ee,M4-FUNG-0330,,measurement,BGC,M4-FUNG-0330,NR,qualitative_or_text,,S002,92,mapped
OBS_ef9cd4a653ef,M4-FUNG-0331,M4-FUNG-0331:E001,experiment_outcome_raw,EXPERIMENT,M4-FUNG-0331:E001,pyrophen pathway reconstructed,qualitative_or_composite,,S002,84,unreviewed
OBS_82e66e60acfb,M4-FUNG-0331,M4-FUNG-0331:E002,experiment_outcome_raw,EXPERIMENT,M4-FUNG-0331:E002,relaxed specificity toward substituted phenylalanines,qualitative_or_composite,,S002,85,unreviewed
OBS_f52a6092d8d3,M4-FUNG-0331,M4-FUNG-0331:E003,experiment_outcome_raw,EXPERIMENT,M4-FUNG-0331:E003,library of substituted pyrophen analogues produced,qualitative_or_composite,,S002,86,unreviewed
OBS_7ae07913c13f,M4-FUNG-0331,,measurement,BGC,M4-FUNG-0331,7351 bp,qualitative_or_text,,S001;S004,90,mapped
OBS_8dcaeaebcf8e,M4-FUNG-0331,,measurement,BGC,M4-FUNG-0331,NR,qualitative_or_text,,S002,91,mapped
OBS_6a6c1bcdc0a2,M4-FUNG-0332,M4-FUNG-0332:E001,experiment_outcome_raw,EXPERIMENT,M4-FUNG-0332:E001,cryptic fg3_54 programme activated and product exposed,qualitative_or_composite,,S002,86,unreviewed
OBS_41cb285e7172,M4-FUNG-0332,M4-FUNG-0332:E002,experiment_outcome_raw,EXPERIMENT,M4-FUNG-0332:E002,fusaoctaxin A abolished,qualitative_or_composite,,S002,87,unreviewed
OBS_3935e607fe02,M4-FUNG-0332,M4-FUNG-0332:E003,experiment_outcome_raw,EXPERIMENT,M4-FUNG-0332:E003,in-planta product detected and invasion phenotype chemically rescued,qualitative_or_composite,,S002,88,unreviewed
OBS_d6bda257f555,M4-FUNG-0332,,measurement,BGC,M4-FUNG-0332,approximately 0.3 nmol/coleoptile at 3 dpi and approximately 0.7 nmol/coleoptile at 7 dpi,qualitative_or_text,,S002,92,mapped
OBS_a07b954fc55d,M4-FUNG-0332,,measurement,BGC,M4-FUNG-0332,m/z [M+H]+ 773.5 ± 0.5,qualitative_or_text,,S002,93,mapped
OBS_e42215414476,M4-FUNG-0332,,measurement,BGC,M4-FUNG-0332,54915 bp,qualitative_or_text,,S001;S004,94,mapped
OBS_76279efd1226,M4-FUNG-0333,M4-FUNG-0333:E001,experiment_outcome_raw,EXPERIMENT,M4-FUNG-0333:E001,linked afum genes to fumihopaside formation,qualitative_or_composite,,S002,86,unreviewed
OBS_e0dda84cbe93,M4-FUNG-0333,M4-FUNG-0333:E002,experiment_outcome_raw,EXPERIMENT,M4-FUNG-0333:E002,established biosynthetic sufficiency and enzyme order,qualitative_or_composite,,S002,87,unreviewed
OBS_5763f9bdd449,M4-FUNG-0333,M4-FUNG-0333:E003,experiment_outcome_raw,EXPERIMENT,M4-FUNG-0333:E003,fumihopaside A pathway contributes to stress tolerance,qualitative_or_composite,,S002,88,unreviewed
OBS_7a127a761793,M4-FUNG-0333,,measurement,BGC,M4-FUNG-0333,C36H60O10,qualitative_or_text,,S006,92,mapped
OBS_679207de4ff9,M4-FUNG-0333,,measurement,BGC,M4-FUNG-0333,652.4186 Da,qualitative_or_text,,S006,93,mapped
OBS_5ebf72b0611a,M4-FUNG-0333,,measurement,BGC,M4-FUNG-0333,7686 bp,qualitative_or_text,,S004,94,mapped
OBS_7ab4fc0f11e5,M4-FUNG-0426,M4-FUNG-0426:E001,experiment_outcome_raw,EXPERIMENT,M4-FUNG-0426:E001,demonstrated that azasperpyranone biosynthesis requires collaborative action of two physically separate clusters,qualitative_or_composite,NR,S002,122,unreviewed
OBS_634c59b82362,M4-FUNG-0426,M4-FUNG-0426:E002,experiment_outcome_raw,EXPERIMENT,M4-FUNG-0426:E002,resolved transcriptional crosstalk coordinating the two clusters,qualitative_or_composite,NR,S002; S004,123,unreviewed
OBS_1d1af1a97463,M4-FUNG-0426,M4-FUNG-0426:E003,experiment_outcome_raw,EXPERIMENT,M4-FUNG-0426:E003,supports HR-PKS/NR-PKS and NR-PKS/NRPS-like branch assignments; evidence is not transferred as native strain-specific regulation,qualitative_or_composite,NR,S004,124,unreviewed
OBS_73c696e52842,M4-FUNG-0426,M4-FUNG-0426:E001,measurement,EXPERIMENT,M4-FUNG-0426:E001,50173,quantitative,sequence,S001,131,mapped
OBS_42ef538cccc9,M4-FUNG-0426,M4-FUNG-0426:E001,measurement,EXPERIMENT,M4-FUNG-0426:E001,4,quantitative,NA,S002,132,mapped
OBS_50cce2687763,M4-FUNG-0426,M4-FUNG-0426:E002,measurement,EXPERIMENT,M4-FUNG-0426:E002,3,quantitative,NA,S002,133,mapped
OBS_436e9f638d8f,M4-FUNG-0427,M4-FUNG-0427:E001,measurement,EXPERIMENT,M4-FUNG-0427:E001,26854,quantitative,,,134,mapped
OBS_7f03ccf4b3db,M4-FUNG-0427,M4-FUNG-0427:E001,measurement,EXPERIMENT,M4-FUNG-0427:E001,7,quantitative,,,135,mapped
OBS_e2ba98a7f29b,M4-FUNG-0427,M4-FUNG-0427:E005,measurement,EXPERIMENT,M4-FUNG-0427:E005,5,quantitative,,,136,mapped
OBS_abdadc8dbe32,M4-FUNG-0428,M4-FUNG-0428:E001,experiment_outcome_raw,EXPERIMENT,M4-FUNG-0428:E001,background used to expose otherwise silent chemistry,qualitative_or_composite,endpoint,S003,122,unreviewed
OBS_6d8e33ed818e,M4-FUNG-0428,M4-FUNG-0428:E002,experiment_outcome_raw,EXPERIMENT,M4-FUNG-0428:E002,MCA17-1 produced and isolated,qualitative_or_composite,endpoint,S003,123,unreviewed
OBS_a523be59a9e9,M4-FUNG-0428,M4-FUNG-0428:E002,measurement,EXPERIMENT,M4-FUNG-0428:E002,52321,quantitative,sequence,S001,131,mapped
OBS_01205528a2bf,M4-FUNG-0429,M4-FUNG-0429:E001,experiment_outcome_raw,EXPERIMENT,M4-FUNG-0429:E001,separates essential H1/H2/K functions from partial A/N/R/T phenotypes,qualitative_or_composite,endpoint,S003,122,unreviewed
OBS_40de050d91c9,M4-FUNG-0429,M4-FUNG-0429:E002,experiment_outcome_raw,EXPERIMENT,M4-FUNG-0429:E002,SwnK yields multiple intermediates with and without domain skipping,qualitative_or_composite,endpoint,S003,123,unreviewed
OBS_88376d691982,M4-FUNG-0429,M4-FUNG-0429:E003,experiment_outcome_raw,EXPERIMENT,M4-FUNG-0429:E003,supports branched precursor and late-step ordering,qualitative_or_composite,endpoint,S003,124,unreviewed
OBS_ec5062ff14ae,M4-FUNG-0429,M4-FUNG-0429:E004,experiment_outcome_raw,EXPERIMENT,M4-FUNG-0429:E004,SW production dispensable for tested plant colonization and insect infection,qualitative_or_composite,assay window,S003,125,unreviewed
OBS_4cf26bff7ceb,M4-FUNG-0429,M4-FUNG-0429:E001,measurement,EXPERIMENT,M4-FUNG-0429:E001,43845,quantitative,sequence,S001,131,mapped
OBS_7b10c0d5d80a,M4-FUNG-0430,M4-FUNG-0430:E001,experiment_outcome_raw,EXPERIMENT,M4-FUNG-0430:E001,links atqA to asterriquinone CT5 production,qualitative_or_composite,endpoint,S003,122,unreviewed
OBS_3fedff5f642e,M4-FUNG-0430,M4-FUNG-0430:E001,measurement,EXPERIMENT,M4-FUNG-0430:E001,8963,quantitative,sequence,S001,131,mapped
OBS_98b6efa2c0a1,M4-FUNG-0431,M4-FUNG-0431:E001,experiment_outcome_raw,EXPERIMENT,M4-FUNG-0431:E001,links anaPS to asterrelenin/epi-aszonalenin A metabolite family,qualitative_or_composite,endpoint,S003,122,unreviewed
OBS_faa729cf0a1a,M4-FUNG-0431,M4-FUNG-0431:E001,measurement,EXPERIMENT,M4-FUNG-0431:E001,21223,quantitative,sequence,S001,131,mapped
OBS_aa97ec96480c,M4-FUNG-0432,M4-FUNG-0432:E001,experiment_outcome_raw,EXPERIMENT,M4-FUNG-0432:E001,links btyA to butyrolactone I/III metabolite family,qualitative_or_composite,endpoint,S003,122,unreviewed
OBS_3973a9992af2,M4-FUNG-0432,M4-FUNG-0432:E001,measurement,EXPERIMENT,M4-FUNG-0432:E001,41122,quantitative,sequence,S001,131,mapped
OBS_cdfb86e8d284,M4-FUNG-0432,M4-FUNG-0432:E001,measurement,EXPERIMENT,M4-FUNG-0432:E001,19,quantitative,current database,S002,132,mapped
OBS_2b634b1f30c7,M4-FUNG-0433,M4-FUNG-0433:E001,experiment_outcome_raw,EXPERIMENT,M4-FUNG-0433:E001,links ApvA to aspulvinone metabolite production,qualitative_or_composite,endpoint,S003,122,unreviewed
OBS_f142c852b193,M4-FUNG-0433,M4-FUNG-0433:E001,measurement,EXPERIMENT,M4-FUNG-0433:E001,2779,quantitative,sequence,S001,131,mapped
OBS_0b8e6812754d,M4-FUNG-0434,M4-FUNG-0434:E001,experiment_outcome_raw,EXPERIMENT,M4-FUNG-0434:E001,reconstructs pyrophen pathway products and resolves methylation dependence,qualitative_or_composite,endpoint,S003,122,unreviewed
OBS_fa5001f843c6,M4-FUNG-0434,M4-FUNG-0434:E002,experiment_outcome_raw,EXPERIMENT,M4-FUNG-0434:E002,confirms O-methyltransferase activity,qualitative_or_composite,30 min,S003,123,unreviewed
OBS_043734ece554,M4-FUNG-0434,M4-FUNG-0434:E003,experiment_outcome_raw,EXPERIMENT,M4-FUNG-0434:E003,reveals relaxed A-domain specificity and substituted pyrophen analogue production,qualitative_or_composite,endpoint,S003,124,unreviewed
OBS_83417eeac483,M4-FUNG-0434,M4-FUNG-0434:E001,measurement,EXPERIMENT,M4-FUNG-0434:E001,10320,quantitative,sequence,S001,131,mapped
OBS_a1aad6512196,M4-FUNG-0434,M4-FUNG-0434:E002,measurement,EXPERIMENT,M4-FUNG-0434:E002,30,quantitative,endpoint,S003,132,mapped
OBS_03600c75eab6,M4-FUNG-0435,M4-FUNG-0435:E001,experiment_outcome_raw,EXPERIMENT,M4-FUNG-0435:E001,establishes substrate specificity and two-step reductive activity,qualitative_or_composite,endpoint,S003,122,unreviewed
OBS_e2959895883f,M4-FUNG-0435,M4-FUNG-0435:E002,experiment_outcome_raw,EXPERIMENT,M4-FUNG-0435:E002,Δatrr phenotype under high betaine is rescued by choline,qualitative_or_composite,3 d,S003,123,unreviewed
OBS_28a4c7aa27db,M4-FUNG-0435,M4-FUNG-0435:E002,measurement,EXPERIMENT,M4-FUNG-0435:E002,3813,quantitative,sequence,S001,131,mapped
OBS_5d42bc383af6,M4-FUNG-0435,M4-FUNG-0435:E002,measurement,EXPERIMENT,M4-FUNG-0435:E002,37,quantitative,3 d,S003,132,mapped
OBS_e77399e5e4a7,M4-FUNG-0435,M4-FUNG-0435:E002,measurement,EXPERIMENT,M4-FUNG-0435:E002,1,quantitative,3 d,S003,133,mapped
OBS_e5a5454aabe2,M4-FUNG-0436,M4-FUNG-0436:E001,experiment_outcome_raw,EXPERIMENT,M4-FUNG-0436:E001,GreA accepts aromatic α-keto acids and produces atromentin,qualitative_or_composite,endpoint,S003,122,unreviewed
OBS_10bb42ecb083,M4-FUNG-0436,M4-FUNG-0436:E001,measurement,EXPERIMENT,M4-FUNG-0436:E001,3145,quantitative,sequence,S001,131,mapped
OBS_494e825a1449,M4-FUNG-0437,M4-FUNG-0437:E001,experiment_outcome_raw,EXPERIMENT,M4-FUNG-0437:E001,brs transcription increases and brasiliamide I is produced/revealed,qualitative_or_composite,endpoint,S003,122,unreviewed
OBS_3550a8f7cffe,M4-FUNG-0437,M4-FUNG-0437:E002,experiment_outcome_raw,EXPERIMENT,M4-FUNG-0437:E002,separates core BrsA requirement from tailoring-gene effects,qualitative_or_composite,endpoint,S003,123,unreviewed
OBS_3e4d93e26878,M4-FUNG-0437,M4-FUNG-0437:E003,experiment_outcome_raw,EXPERIMENT,M4-FUNG-0437:E003,BrsA stereoselectively accepts L-phenylalanine and supports piperazine-skeleton formation,qualitative_or_composite,endpoint,S003,124,unreviewed
OBS_32ecc44553bc,M4-FUNG-0437,M4-FUNG-0437:E004,experiment_outcome_raw,EXPERIMENT,M4-FUNG-0437:E004,demonstrates piperazine-ring cleavage toward brasiliamide A,qualitative_or_composite,endpoint,S003,125,unreviewed
OBS_dc06d36bd41a,M4-FUNG-0437,M4-FUNG-0437:E005,experiment_outcome_raw,EXPERIMENT,M4-FUNG-0437:E005,brs genes show significant transcriptional elevation in derepressed state,qualitative_or_composite,endpoint,S003,126,unreviewed
OBS_ce51ff19140c,M4-FUNG-0437,M4-FUNG-0437:E001,measurement,EXPERIMENT,M4-FUNG-0437:E001,28520,quantitative,sequence,S001,131,mapped
OBS_83e2131916cc,M4-FUNG-0437,M4-FUNG-0437:E003,measurement,EXPERIMENT,M4-FUNG-0437:E003,113.6,quantitative,enzyme characterization,S003,132,mapped
OBS_75333996e1eb,M4-FUNG-0437,M4-FUNG-0437:E001,measurement,EXPERIMENT,M4-FUNG-0437:E001,43099,quantitative,current database,S002,133,mapped
OBS_a1234d74b999,M4-FUNG-0438,M4-FUNG-0438:E001,experiment_outcome_raw,EXPERIMENT,M4-FUNG-0438:E001,sesquiterpene synthase genes and neighboring pathway candidates show coordinated expression,qualitative_or_composite,growth series,S003,122,unreviewed
OBS_db73a8f98734,M4-FUNG-0438,M4-FUNG-0438:E002,experiment_outcome_raw,EXPERIMENT,M4-FUNG-0438:E002,~95% δ-6 protoilludene major product,qualitative_or_composite,endpoint,S003,123,unreviewed
OBS_f7411994a5b7,M4-FUNG-0438,M4-FUNG-0438:E003,experiment_outcome_raw,EXPERIMENT,M4-FUNG-0438:E003,~96% δ-6 protoilludene plus ~0.7% pentalenene,qualitative_or_composite,endpoint,S003,124,unreviewed
OBS_6dce43e66c26,M4-FUNG-0438,M4-FUNG-0438:E001,measurement,EXPERIMENT,M4-FUNG-0438:E001,12937,quantitative,sequence,S001,131,mapped
OBS_9638ca6c2fab,M4-FUNG-0438,M4-FUNG-0438:E002,measurement,EXPERIMENT,M4-FUNG-0438:E002,95,quantitative,endpoint,S003,132,mapped
OBS_4b936e6dea13,M4-FUNG-0438,M4-FUNG-0438:E003,measurement,EXPERIMENT,M4-FUNG-0438:E003,96,quantitative,endpoint,S003,133,mapped
OBS_72ee04892c4b,M4-FUNG-0438,M4-FUNG-0438:E003,measurement,EXPERIMENT,M4-FUNG-0438:E003,0.7,quantitative,endpoint,S003,134,mapped
OBS_d85d7e62c437,M4-FUNG-0439,M4-FUNG-0439:E001,experiment_outcome_raw,EXPERIMENT,M4-FUNG-0439:E001,sesquiterpene synthase genes and neighboring pathway candidates show coordinated expression,qualitative_or_composite,growth series,S003,122,unreviewed
OBS_e7550aaf030e,M4-FUNG-0439,M4-FUNG-0439:E002,experiment_outcome_raw,EXPERIMENT,M4-FUNG-0439:E002,~95% δ-6 protoilludene major product,qualitative_or_composite,endpoint,S003,123,unreviewed
OBS_4250f2c711ce,M4-FUNG-0439,M4-FUNG-0439:E003,experiment_outcome_raw,EXPERIMENT,M4-FUNG-0439:E003,~96% δ-6 protoilludene plus ~0.7% pentalenene,qualitative_or_composite,endpoint,S003,124,unreviewed
OBS_e6796cbcf925,M4-FUNG-0439,M4-FUNG-0439:E001,measurement,EXPERIMENT,M4-FUNG-0439:E001,1899,quantitative,sequence,S001,131,mapped
OBS_f0e864b09f3a,M4-FUNG-0439,M4-FUNG-0439:E002,measurement,EXPERIMENT,M4-FUNG-0439:E002,95,quantitative,endpoint,S003,132,mapped
OBS_4bae2880ad5b,M4-FUNG-0439,M4-FUNG-0439:E003,measurement,EXPERIMENT,M4-FUNG-0439:E003,96,quantitative,endpoint,S003,133,mapped
OBS_336c4584f83c,M4-FUNG-0439,M4-FUNG-0439:E003,measurement,EXPERIMENT,M4-FUNG-0439:E003,0.7,quantitative,endpoint,S003,134,mapped
OBS_8ddae66183e7,M4-FUNG-0440,M4-FUNG-0440:E001,experiment_outcome_raw,EXPERIMENT,M4-FUNG-0440:E001,compound 6 produced at ~2 mg/L,qualitative_or_composite,endpoint,S003,122,unreviewed
OBS_6ea952c350ec,M4-FUNG-0440,M4-FUNG-0440:E002,experiment_outcome_raw,EXPERIMENT,M4-FUNG-0440:E002,tetrahydropyran-bearing intermediate 13 produced at ~3.7 mg/L,qualitative_or_composite,endpoint,S003,123,unreviewed
OBS_d87d89fab8d7,M4-FUNG-0440,M4-FUNG-0440:E003,experiment_outcome_raw,EXPERIMENT,M4-FUNG-0440:E003,N-demethylsambutoxin produced at ~2 mg/L,qualitative_or_composite,endpoint,S003,124,unreviewed
OBS_3a1002de476a,M4-FUNG-0440,M4-FUNG-0440:E004,experiment_outcome_raw,EXPERIMENT,M4-FUNG-0440:E004,direct final N-methylation and kinetic constants,qualitative_or_composite,kinetic endpoint,S003,125,unreviewed
OBS_5f1dce931037,M4-FUNG-0440,M4-FUNG-0440:E005,experiment_outcome_raw,EXPERIMENT,M4-FUNG-0440:E005,ties reconstructed pathway genes directly to F. commune genomic DNA,qualitative_or_composite,NA,S003,126,unreviewed
OBS_e143b5a4aba4,M4-FUNG-0440,M4-FUNG-0440:E005,measurement,EXPERIMENT,M4-FUNG-0440:E005,23109,quantitative,sequence,S001,131,mapped
OBS_14ce082d757f,M4-FUNG-0440,M4-FUNG-0440:E001,measurement,EXPERIMENT,M4-FUNG-0440:E001,2,quantitative,endpoint,S003,132,mapped
OBS_f4c609448009,M4-FUNG-0440,M4-FUNG-0440:E002,measurement,EXPERIMENT,M4-FUNG-0440:E002,3.7,quantitative,endpoint,S003,133,mapped
OBS_0f6c6f077c1f,M4-FUNG-0440,M4-FUNG-0440:E003,measurement,EXPERIMENT,M4-FUNG-0440:E003,2,quantitative,endpoint,S003,134,mapped
OBS_ac4e98b8cddf,M4-FUNG-0440,M4-FUNG-0440:E004,measurement,EXPERIMENT,M4-FUNG-0440:E004,54.7 ± 11.4,qualitative_or_text,kinetic assay,S003,135,mapped
OBS_7331f0a7550c,M4-FUNG-0440,M4-FUNG-0440:E004,measurement,EXPERIMENT,M4-FUNG-0440:E004,1.70 ± 0.13,qualitative_or_text,kinetic assay,S003,136,mapped
OBS_d36a10658013,M4-FUNG-0440,M4-FUNG-0440:E004,measurement,EXPERIMENT,M4-FUNG-0440:E004,3.1×10^4,qualitative_or_text,kinetic assay,S003,137,mapped
OBS_013081dfa2ee,M4-FUNG-0441,M4-FUNG-0441:E001,experiment_outcome_raw,EXPERIMENT,M4-FUNG-0441:E001,reconstructs biscognienyne/eutypinic-acid pathway outputs,qualitative_or_composite,endpoint,S003,122,unreviewed
OBS_8cd94891dca9,M4-FUNG-0441,M4-FUNG-0441:E002,experiment_outcome_raw,EXPERIMENT,M4-FUNG-0441:E002,supports pathway order and BisI substrate scope,qualitative_or_composite,endpoint,S003,123,unreviewed
OBS_3050a804222a,M4-FUNG-0441,M4-FUNG-0441:E003,experiment_outcome_raw,EXPERIMENT,M4-FUNG-0441:E003,directly demonstrates P450-mediated alkyne construction and substrate promiscuity,qualitative_or_composite,endpoint,S003,124,unreviewed
OBS_f824d217b730,M4-FUNG-0441,M4-FUNG-0441:E001,measurement,EXPERIMENT,M4-FUNG-0441:E001,37984,quantitative,sequence,S001,131,mapped
OBS_e9cd19835023,M4-FUNG-0441,M4-FUNG-0441:E001,measurement,EXPERIMENT,M4-FUNG-0441:E001,11,quantitative,current database,S002,132,mapped
OBS_92b7b4936997,M4-FUNG-0441,M4-FUNG-0441:E001,measurement,EXPERIMENT,M4-FUNG-0441:E001,12,quantitative,current database,S001; S002,133,mapped
OBS_8a5cd134c75b,M4-FUNG-0442,M4-FUNG-0442:E001,experiment_outcome_raw,EXPERIMENT,M4-FUNG-0442:E001,regio- and atropselective dimer formation,qualitative_or_composite,endpoint,S003,122,unreviewed
OBS_40bbb4f443ff,M4-FUNG-0442,M4-FUNG-0442:E002,experiment_outcome_raw,EXPERIMENT,M4-FUNG-0442:E002,three enzymes >95% ee P-selective; one flexible enzyme changes M/P preference with conditions,qualitative_or_composite,endpoint,S003,123,unreviewed
OBS_ec19f8035c2b,M4-FUNG-0442,M4-FUNG-0442:E003,experiment_outcome_raw,EXPERIMENT,M4-FUNG-0442:E003,supports PKS-to-laccase pathway logic,qualitative_or_composite,endpoint,S003,124,unreviewed
OBS_19ac3d46b0d3,M4-FUNG-0442,M4-FUNG-0442:E003,measurement,EXPERIMENT,M4-FUNG-0442:E003,22627,quantitative,sequence,S001,131,mapped
OBS_4c2819e37278,M4-FUNG-0442,M4-FUNG-0442:E002,measurement,EXPERIMENT,M4-FUNG-0442:E002,>95,qualitative_or_text,endpoint,S003,132,mapped
OBS_d212e20e80d7,M4-FUNG-0442,M4-FUNG-0442:E003,measurement,EXPERIMENT,M4-FUNG-0442:E003,4,quantitative,current database,S002,133,mapped
OBS_3cda1be43a44,M4-FUNG-0443,M4-FUNG-0443:E001,experiment_outcome_raw,EXPERIMENT,M4-FUNG-0443:E001,reactive acyclic 3 and spontaneous trans-decalin products 4/5,qualitative_or_composite,endpoint,S003,122,unreviewed
OBS_08678dd3d713,M4-FUNG-0443,M4-FUNG-0443:E002,experiment_outcome_raw,EXPERIMENT,M4-FUNG-0443:E002,carboxylated less-reactive intermediate 6 formed,qualitative_or_composite,endpoint,S003,123,unreviewed
OBS_15f4afcb9031,M4-FUNG-0443,M4-FUNG-0443:E003,experiment_outcome_raw,EXPERIMENT,M4-FUNG-0443:E003,full core produces varicidin A; omission of pvhD produces varicidin B,qualitative_or_composite,endpoint,S003,124,unreviewed
OBS_a803533211e0,M4-FUNG-0443,M4-FUNG-0443:E004,experiment_outcome_raw,EXPERIMENT,M4-FUNG-0443:E004,>95% conversion; kinetic preference for methylated substrate 7,qualitative_or_composite,12 h / kinetic series,S003,125,unreviewed
OBS_46694de99741,M4-FUNG-0443,M4-FUNG-0443:E003,measurement,EXPERIMENT,M4-FUNG-0443:E003,25713,quantitative,sequence,S001,131,mapped
OBS_a3a6e9927f95,M4-FUNG-0443,M4-FUNG-0443:E004,measurement,EXPERIMENT,M4-FUNG-0443:E004,>95,qualitative_or_text,12 h,S003,132,mapped
OBS_7c806287d201,M4-FUNG-0443,M4-FUNG-0443:E004,measurement,EXPERIMENT,M4-FUNG-0443:E004,571.6 ± 69.3,qualitative_or_text,kinetic assay,S003,133,mapped
OBS_5e0a855194fa,M4-FUNG-0443,M4-FUNG-0443:E004,measurement,EXPERIMENT,M4-FUNG-0443:E004,2.6 ± 0.1,qualitative_or_text,kinetic assay,S003,134,mapped
OBS_f038a428b5a7,M4-FUNG-0443,M4-FUNG-0443:E004,measurement,EXPERIMENT,M4-FUNG-0443:E004,550.1 ± 36.7,qualitative_or_text,kinetic assay,S003,135,mapped
OBS_2f805f9954ef,M4-FUNG-0443,M4-FUNG-0443:E004,measurement,EXPERIMENT,M4-FUNG-0443:E004,37.5 ± 3.5,qualitative_or_text,kinetic assay,S003,136,mapped
OBS_631ed45fa1b1,M4-FUNG-0443,M4-FUNG-0443:E003,measurement,EXPERIMENT,M4-FUNG-0443:E003,8 / 16,qualitative_or_text,endpoint,S003,137,mapped
OBS_11746162640b,M4-FUNG-0444,M4-FUNG-0444:E001,experiment_outcome_raw,EXPERIMENT,M4-FUNG-0444:E001,cyclase alone yields deoxyconidiogenol; addition of P450 yields conidiogenone,qualitative_or_composite,endpoint,S003,122,unreviewed
OBS_d35ede1dc71f,M4-FUNG-0444,M4-FUNG-0444:E002,experiment_outcome_raw,EXPERIMENT,M4-FUNG-0444:E002,"resolves successive 1,2-alkyl shifts in cyclization",qualitative_or_composite,endpoint,S003,123,unreviewed
OBS_750d2dc8ea64,M4-FUNG-0444,M4-FUNG-0444:E003,experiment_outcome_raw,EXPERIMENT,M4-FUNG-0444:E003,P450 performs two oxidation rounds to conidiogenone,qualitative_or_composite,endpoint,S003,124,unreviewed
OBS_f57316cbf934,M4-FUNG-0444,M4-FUNG-0444:E001,measurement,EXPERIMENT,M4-FUNG-0444:E001,7143,quantitative,sequence,S001,131,mapped
OBS_bbb4f993acfe,M4-FUNG-0444,M4-FUNG-0444:E001,measurement,EXPERIMENT,M4-FUNG-0444:E001,2,quantitative,current database,S002,132,mapped
OBS_046e99caa717,M4-FUNG-0444,M4-FUNG-0444:E001,measurement,EXPERIMENT,M4-FUNG-0444:E001,22795,quantitative,current database,S002,133,mapped
OBS_f78ef2c65871,M4-FUNG-0445,M4-FUNG-0445:E001,experiment_outcome_raw,EXPERIMENT,M4-FUNG-0445:E001,PUL1-3 are among the most strongly downregulated genes; pigmentation and antagonism are reduced,qualitative_or_composite,endpoint/transcriptomic comparison,S003,122,unreviewed
OBS_836fb4bbe006,M4-FUNG-0445,M4-FUNG-0445:E002,experiment_outcome_raw,EXPERIMENT,M4-FUNG-0445:E002,red pigmentation and strong antifungal activity are restored,qualitative_or_composite,endpoint,S003,123,unreviewed
OBS_f49a0b9aea30,M4-FUNG-0445,M4-FUNG-0445:E003,experiment_outcome_raw,EXPERIMENT,M4-FUNG-0445:E003,"cyclo(Leu-Leu), pulcherriminic acid and related products occur in WT/complemented strains but are undetectable in snf2 mutant",qualitative_or_composite,endpoint,S003,124,unreviewed
OBS_e63458c082a7,M4-FUNG-0445,M4-FUNG-0445:E004,experiment_outcome_raw,EXPERIMENT,M4-FUNG-0445:E004,WT strongly antagonistic; pigmentless snf2 mutant markedly weaker,qualitative_or_composite,endpoint,S003,125,unreviewed
OBS_b22a7cb3e897,M4-FUNG-0445,M4-FUNG-0445:E005,experiment_outcome_raw,EXPERIMENT,M4-FUNG-0445:E005,supports cyclodipeptide precursor/product relationships and identifies additional degradation products,qualitative_or_composite,endpoint,S003,126,unreviewed
OBS_7b466603ef09,M4-FUNG-0445,M4-FUNG-0445:E001,measurement,EXPERIMENT,M4-FUNG-0445:E001,6666,quantitative,sequence,S001,131,mapped
OBS_f0c188485ce1,M4-FUNG-0445,M4-FUNG-0445:E001,measurement,EXPERIMENT,M4-FUNG-0445:E001,>100,qualitative_or_text,RNA-seq comparison,S003,132,mapped
OBS_b6cf3dedb69b,M4-FUNG-0445,M4-FUNG-0445:E001,measurement,EXPERIMENT,M4-FUNG-0445:E001,2000,quantitative,RNA-seq comparison,S003,133,mapped
OBS_6054d4a6416a,M4-FUNG-0445,M4-FUNG-0445:E001,measurement,EXPERIMENT,M4-FUNG-0445:E001,>100,qualitative_or_text,RNA-seq comparison,S003,134,mapped
OBS_9d4c365201f1,M4-FUNG-0445,M4-FUNG-0445:E001,measurement,EXPERIMENT,M4-FUNG-0445:E001,4,quantitative,current database,S002,135,mapped
OBS_39e50f4bdbd5,M4-FUNG-0446,M4-FUNG-0446:E001,experiment_outcome_raw,EXPERIMENT,M4-FUNG-0446:E001,deletions impair normal Asp-melanin pigmentation and associated stress phenotypes,qualitative_or_composite,developmental endpoint,S003,122,unreviewed
OBS_710cb03155cf,M4-FUNG-0446,M4-FUNG-0446:E002,experiment_outcome_raw,EXPERIMENT,M4-FUNG-0446:E002,MelA forms aspulvinone E from 4-hydroxyphenylpyruvate,qualitative_or_composite,endpoint,S003,123,unreviewed
OBS_821d00b19169,M4-FUNG-0446,M4-FUNG-0446:E003,experiment_outcome_raw,EXPERIMENT,M4-FUNG-0446:E003,TyrP activation yields reactive intermediates that spontaneously polymerize into Asp-melanin,qualitative_or_composite,endpoint,S003,124,unreviewed
OBS_6f0a69db22d0,M4-FUNG-0446,M4-FUNG-0446:E004,experiment_outcome_raw,EXPERIMENT,M4-FUNG-0446:E004,Asp-melanin confers UV resistance,qualitative_or_composite,endpoint,S003,125,unreviewed
OBS_a8fa55edf79a,M4-FUNG-0446,M4-FUNG-0446:E005,experiment_outcome_raw,EXPERIMENT,M4-FUNG-0446:E005,Asp-melanin hampers phagocytosis but does not inhibit phagolysosome acidification,qualitative_or_composite,endpoint,S003,126,unreviewed
OBS_6d77860f637c,M4-FUNG-0446,M4-FUNG-0446:E001,measurement,EXPERIMENT,M4-FUNG-0446:E001,18134,quantitative,sequence,S001,131,mapped
OBS_3fed3ffa03e3,M4-FUNG-0446,M4-FUNG-0446:E001,measurement,EXPERIMENT,M4-FUNG-0446:E001,6,quantitative,current database,S002,132,mapped
OBS_1d7cae6496cc,M4-FUNG-0446,M4-FUNG-0446:E001,measurement,EXPERIMENT,M4-FUNG-0446:E001,42779,quantitative,current database,S002,133,mapped
OBS_ccadc8899c25,M4-FUNG-0447,M4-FUNG-0447:E001,experiment_outcome_raw,EXPERIMENT,M4-FUNG-0447:E001,21R-citrinadin A completely abolished in ΔctdQ,qualitative_or_composite,endpoint,S003,122,unreviewed
OBS_6a599fce75e9,M4-FUNG-0447,M4-FUNG-0447:E002,experiment_outcome_raw,EXPERIMENT,M4-FUNG-0447:E002,"defined intermediates accumulate, placing CtdU and CtdE in pathway order",qualitative_or_composite,endpoint,S003,123,unreviewed
OBS_5b61aef1c8c0,M4-FUNG-0447,M4-FUNG-0447:E003,experiment_outcome_raw,EXPERIMENT,M4-FUNG-0447:E003,CtdE converts 2→4 and 3→5; exogenous FAD improves yield,qualitative_or_composite,2 h example assay,S003,124,unreviewed
OBS_7328592e1789,M4-FUNG-0447,M4-FUNG-0447:E004,experiment_outcome_raw,EXPERIMENT,M4-FUNG-0447:E004,supports β-face epoxidation and regioselective semipinacol rearrangement,qualitative_or_composite,endpoint,S003,125,unreviewed
OBS_485951ebc5c2,M4-FUNG-0447,M4-FUNG-0447:E001,measurement,EXPERIMENT,M4-FUNG-0447:E001,52355,quantitative,sequence,S001,131,mapped
OBS_44b73e6a809a,M4-FUNG-0447,M4-FUNG-0447:E003,measurement,EXPERIMENT,M4-FUNG-0447:E003,>30,qualitative_or_text,2 h,S003,132,mapped
OBS_4e577c710b02,M4-FUNG-0447,M4-FUNG-0447:E004,measurement,EXPERIMENT,M4-FUNG-0447:E004,2.1,quantitative,crystallography,S003,133,mapped
OBS_aca3f53b87f9,M4-FUNG-0447,M4-FUNG-0447:E004,measurement,EXPERIMENT,M4-FUNG-0447:E004,1.9,quantitative,crystallography,S003,134,mapped
OBS_77283f7bcf72,M4-FUNG-0448,M4-FUNG-0448:E001,experiment_outcome_raw,EXPERIMENT,M4-FUNG-0448:E001,isolated cladosporicin A and cladosporiumins I/J,qualitative_or_composite,endpoint,S003,122,unreviewed
OBS_94accd4222a3,M4-FUNG-0448,M4-FUNG-0448:E002,experiment_outcome_raw,EXPERIMENT,M4-FUNG-0448:E002,supports putative cls PKS-NRPS assignment,qualitative_or_composite,comparative,S003; S004,123,unreviewed
OBS_b5a1438dc190,M4-FUNG-0448,M4-FUNG-0448:E002,measurement,EXPERIMENT,M4-FUNG-0448:E002,52968,quantitative,sequence,S001,131,mapped
OBS_48250aa7bb2b,M4-FUNG-0448,M4-FUNG-0448:E001,measurement,EXPERIMENT,M4-FUNG-0448:E001,~70–90,qualitative_or_text,endpoint,S003,132,mapped
OBS_8a17a9498428,M4-FUNG-0449,M4-FUNG-0449:E001,experiment_outcome_raw,EXPERIMENT,M4-FUNG-0449:E001,common DDP intermediate 4 produced at 87 mg/L; orthologous Metarhizium core functions supported,qualitative_or_composite,endpoint,S003,122,unreviewed
OBS_a09f4b597220,M4-FUNG-0449,M4-FUNG-0449:E002,experiment_outcome_raw,EXPERIMENT,M4-FUNG-0449:E002,subglutinol A 89 mg/L and subglutinol B 6 mg/L,qualitative_or_composite,endpoint,S003,123,unreviewed
OBS_3790f5ebce64,M4-FUNG-0449,M4-FUNG-0449:E003,experiment_outcome_raw,EXPERIMENT,M4-FUNG-0449:E003,IC50 12 nM,qualitative_or_composite,endpoint,S003,124,unreviewed
OBS_f59f59fe3172,M4-FUNG-0449,M4-FUNG-0449:E004,experiment_outcome_raw,EXPERIMENT,M4-FUNG-0449:E004,efficient acute paralysis; study proposed possible virulence relevance,qualitative_or_composite,1 h,S003,125,unreviewed
OBS_4b6b8a339c8b,M4-FUNG-0449,M4-FUNG-0449:E002,measurement,EXPERIMENT,M4-FUNG-0449:E002,21541,quantitative,sequence,S001,131,mapped
OBS_42a03d2ffad2,M4-FUNG-0449,M4-FUNG-0449:E001,measurement,EXPERIMENT,M4-FUNG-0449:E001,87,quantitative,endpoint,S003,132,mapped
OBS_439cce49292b,M4-FUNG-0449,M4-FUNG-0449:E002,measurement,EXPERIMENT,M4-FUNG-0449:E002,89,quantitative,endpoint,S003,133,mapped
OBS_73569ba134a4,M4-FUNG-0449,M4-FUNG-0449:E002,measurement,EXPERIMENT,M4-FUNG-0449:E002,6,quantitative,endpoint,S003,134,mapped
OBS_83d0a5c10366,M4-FUNG-0449,M4-FUNG-0449:E003,measurement,EXPERIMENT,M4-FUNG-0449:E003,12,quantitative,endpoint,S003,135,mapped
OBS_5fc6984aad83,M4-FUNG-0449,M4-FUNG-0449:E004,measurement,EXPERIMENT,M4-FUNG-0449:E004,3.5,quantitative,1 h,S003,136,mapped
OBS_a0ca3fca3835,M4-FUNG-0450,M4-FUNG-0450:E001,experiment_outcome_raw,EXPERIMENT,M4-FUNG-0450:E001,resolves C8 inversion and late methyl/P450 tailoring; full GHIJK branch yields FDDP-D ~5 mg/L and FDDP-E ~2 mg/L,qualitative_or_composite,endpoint,S003,122,unreviewed
OBS_a733ca0edaab,M4-FUNG-0450,M4-FUNG-0450:E002,experiment_outcome_raw,EXPERIMENT,M4-FUNG-0450:E002,confirms FDDP-D/E association with C16 cluster,qualitative_or_composite,endpoint,S004,123,unreviewed
OBS_3605d4791ab3,M4-FUNG-0450,M4-FUNG-0450:E003,experiment_outcome_raw,EXPERIMENT,M4-FUNG-0450:E003,independent native genetic confirmation of FDDP-D/E cluster products,qualitative_or_composite,endpoint,S004,124,unreviewed
OBS_b54c22c52942,M4-FUNG-0450,M4-FUNG-0450:E004,experiment_outcome_raw,EXPERIMENT,M4-FUNG-0450:E004,FDDP-D and FDDP-E detected in planta,qualitative_or_composite,endpoint,S004,125,unreviewed
OBS_05d5ac34c4a3,M4-FUNG-0450,M4-FUNG-0450:E001,measurement,EXPERIMENT,M4-FUNG-0450:E001,1537,quantitative,sequence,S001,131,mapped
OBS_10e1f6d9272b,M4-FUNG-0450,M4-FUNG-0450:E001,measurement,EXPERIMENT,M4-FUNG-0450:E001,5,quantitative,endpoint,S003,132,mapped
OBS_44063a593cba,M4-FUNG-0450,M4-FUNG-0450:E001,measurement,EXPERIMENT,M4-FUNG-0450:E001,2,quantitative,endpoint,S003,133,mapped
OBS_103e6a939646,M4-FUNG-0450,M4-FUNG-0450:E001,measurement,EXPERIMENT,M4-FUNG-0450:E001,20,quantitative,endpoint,S003,134,mapped
OBS_e1ee40183e9e,M4-FUNG-0451,M4-FUNG-0451:E001,experiment_outcome_raw,EXPERIMENT,M4-FUNG-0451:E001,dpchG/H invert C8 stereochemistry; entire dpchGHF branch yields higginsianin A at 28 mg/L,qualitative_or_composite,endpoint,S003,122,unreviewed
OBS_764009d603b2,M4-FUNG-0451,M4-FUNG-0451:E002,experiment_outcome_raw,EXPERIMENT,M4-FUNG-0451:E002,increased secondary-metabolite diversity including higginsianin C and 13-epi-C,qualitative_or_composite,endpoint,S004,123,unreviewed
OBS_65c93cd2932a,M4-FUNG-0451,M4-FUNG-0451:E003,experiment_outcome_raw,EXPERIMENT,M4-FUNG-0451:E003,higginsianin B prevents JAZ degradation and suppresses JA signalling/proteasome activity,qualitative_or_composite,1 h pretreatment; downstream 24 h reporter in screening assay,S006,124,unreviewed
OBS_b86136fca460,M4-FUNG-0451,M4-FUNG-0451:E004,experiment_outcome_raw,EXPERIMENT,M4-FUNG-0451:E004,higginsianin E IC50 1.0 µM against A431; D less active,qualitative_or_composite,endpoint,S005,125,unreviewed
OBS_39f2a8be359b,M4-FUNG-0451,M4-FUNG-0451:E001,measurement,EXPERIMENT,M4-FUNG-0451:E001,71639,quantitative,sequence,S001,131,mapped
OBS_0607fd1ac248,M4-FUNG-0451,M4-FUNG-0451:E001,measurement,EXPERIMENT,M4-FUNG-0451:E001,28,quantitative,endpoint,S003,132,mapped
OBS_bec424de7e92,M4-FUNG-0451,M4-FUNG-0451:E004,measurement,EXPERIMENT,M4-FUNG-0451:E004,1.0,quantitative,endpoint,S005,133,mapped
OBS_10c7ce8e9119,M4-FUNG-0451,M4-FUNG-0451:E003,measurement,EXPERIMENT,M4-FUNG-0451:E003,30,quantitative,1 h pretreatment,S006,134,mapped
OBS_c9cc7e32e846,M4-FUNG-0452,M4-FUNG-0452:E001,experiment_outcome_raw,EXPERIMENT,M4-FUNG-0452:E001,"39.13-Mb genome, ~99% completeness, 11,711 protein-coding genes",qualitative_or_composite,NA,S003,122,unreviewed
OBS_72ebc2e0468f,M4-FUNG-0452,M4-FUNG-0452:E002,experiment_outcome_raw,EXPERIMENT,M4-FUNG-0452:E002,single ETP-like locus with predicted functions required for sporidesmin synthesis identified,qualitative_or_composite,NA,S003,123,unreviewed
OBS_72fdbbb7d448,M4-FUNG-0452,M4-FUNG-0452:E001,measurement,EXPERIMENT,M4-FUNG-0452:E001,51164,quantitative,sequence,S001,131,mapped
OBS_dc7eb6e05a89,M4-FUNG-0452,M4-FUNG-0452:E001,measurement,EXPERIMENT,M4-FUNG-0452:E001,39.13,quantitative,assembly,S003,132,mapped
OBS_42888f41d819,M4-FUNG-0452,M4-FUNG-0452:E001,measurement,EXPERIMENT,M4-FUNG-0452:E001,99,quantitative,assembly,S003,133,mapped
OBS_e56c90d7c0d0,M4-FUNG-0452,M4-FUNG-0452:E001,measurement,EXPERIMENT,M4-FUNG-0452:E001,11711,quantitative,annotation,S003,134,mapped
OBS_e6353369ad3b,M4-FUNG-0452,M4-FUNG-0452:E002,measurement,EXPERIMENT,M4-FUNG-0452:E002,21,quantitative,current database,S002,135,mapped
OBS_fef3c3e4be53,M4-FUNG-0452,M4-FUNG-0452:E002,measurement,EXPERIMENT,M4-FUNG-0452:E002,~90,qualitative_or_text,historical/toxin context,S003,136,mapped
OBS_f89df063c7f1,M4-FUNG-0453,M4-FUNG-0453:E001,experiment_outcome_raw,EXPERIMENT,M4-FUNG-0453:E001,6-protoilludene is the exclusive detected Pro1 product,qualitative_or_composite,endpoint,S005,122,unreviewed
OBS_a752fb795566,M4-FUNG-0453,M4-FUNG-0453:E002,experiment_outcome_raw,EXPERIMENT,M4-FUNG-0453:E002,CYP-Arm3 strongly forms hydroxy product; CYP-Arm2 weak; CYP-Arm1/4 no new product on tested substrate,qualitative_or_composite,overnight,S003,123,unreviewed
OBS_112daac084fd,M4-FUNG-0453,M4-FUNG-0453:E003,experiment_outcome_raw,EXPERIMENT,M4-FUNG-0453:E003,"purified, structurally verified 8α-hydroxy-6-protoilludene",qualitative_or_composite,fermentation endpoint,S003,124,unreviewed
OBS_0efc75c5ebb7,M4-FUNG-0453,M4-FUNG-0453:E004,experiment_outcome_raw,EXPERIMENT,M4-FUNG-0453:E004,supplies 6-protoilludene for CYP assays and confirms Pro1 core chemistry,qualitative_or_composite,endpoint,S003; S005,125,unreviewed
OBS_2a6ef2aa11d4,M4-FUNG-0453,M4-FUNG-0453:E002,measurement,EXPERIMENT,M4-FUNG-0453:E002,14615,quantitative,sequence,S001,131,mapped
OBS_e337b55eaf20,M4-FUNG-0453,M4-FUNG-0453:E001,measurement,EXPERIMENT,M4-FUNG-0453:E001,0.53,quantitative,kinetic assay,S005,132,mapped
OBS_f50d13752547,M4-FUNG-0453,M4-FUNG-0453:E001,measurement,EXPERIMENT,M4-FUNG-0453:E001,22,quantitative,activity profile,S005,133,mapped
OBS_827103952100,M4-FUNG-0453,M4-FUNG-0453:E001,measurement,EXPERIMENT,M4-FUNG-0453:E001,5,quantitative,activity profile,S005,134,mapped
OBS_71968373f3d9,M4-FUNG-0453,M4-FUNG-0453:E001,measurement,EXPERIMENT,M4-FUNG-0453:E001,7.2,quantitative,activity profile,S005,135,mapped
OBS_39290a04a8ff,M4-FUNG-0454,M4-FUNG-0454:E001,experiment_outcome_raw,EXPERIMENT,M4-FUNG-0454:E001,links the BsPS locus causally to the 5–15 bicyclic sesterterpenoid family and guides discovery of new congeners,qualitative_or_composite,endpoint after fermentation,S003,122,unreviewed
OBS_8572d55e4c03,M4-FUNG-0454,M4-FUNG-0454:E002,experiment_outcome_raw,EXPERIMENT,M4-FUNG-0454:E002,identifies a BFTS sub-clade that constructs preterpestacin I,qualitative_or_composite,endpoint,S003,123,unreviewed
OBS_45799d69ce4b,M4-FUNG-0454,M4-FUNG-0454:E003,experiment_outcome_raw,EXPERIMENT,M4-FUNG-0454:E003,isolates preterpestacin-family and new glycosylated/acylated sesterterpenoids; selected congeners inhibit LPS-induced NO,qualitative_or_composite,endpoint,S003,124,unreviewed
OBS_467f8fce670f,M4-FUNG-0454,M4-FUNG-0454:E004,experiment_outcome_raw,EXPERIMENT,M4-FUNG-0454:E004,selected compounds show moderate inhibition; effects are congener-specific,qualitative_or_composite,endpoint,S003,125,unreviewed
OBS_9a897374969b,M4-FUNG-0454,M4-FUNG-0454:E001,measurement,EXPERIMENT,M4-FUNG-0454:E001,44425,quantitative,sequence,S001,131,mapped
OBS_b499114caae9,M4-FUNG-0454,M4-FUNG-0454:E004,measurement,EXPERIMENT,M4-FUNG-0454:E004,36.6 ± 2.4,qualitative_or_text,endpoint,S003,132,mapped
OBS_8be9a5f910ea,M4-FUNG-0454,M4-FUNG-0454:E004,measurement,EXPERIMENT,M4-FUNG-0454:E004,24.9 ± 2.1,qualitative_or_text,endpoint,S003,133,mapped
OBS_6f4fb52041d6,M4-FUNG-0454,M4-FUNG-0454:E001,measurement,EXPERIMENT,M4-FUNG-0454:E001,1,quantitative,current source ledger,S001,134,mapped
OBS_fce469d22cda,M4-FUNG-0455,M4-FUNG-0455:E001,experiment_outcome_raw,EXPERIMENT,M4-FUNG-0455:E001,32 PKSs identified; one nrPKS candidate had the predicted CMeT/CLC architecture and adjacent oxidative gene,qualitative_or_composite,sequence analysis,S003,122,unreviewed
OBS_d70d81f3a3a5,M4-FUNG-0455,M4-FUNG-0455:E002,experiment_outcome_raw,EXPERIMENT,M4-FUNG-0455:E002,mpas and mpao transcripts detected while usnic acid is present,qualitative_or_composite,endpoint,S003,123,unreviewed
OBS_0ca2968dfc0e,M4-FUNG-0455,M4-FUNG-0455:E003,experiment_outcome_raw,EXPERIMENT,M4-FUNG-0455:E003,candidate groups with lichen PKSs compatible with methylated aromatic-polyketide chemistry,qualitative_or_composite,analysis,S003; S005,124,unreviewed
OBS_5717433ff585,M4-FUNG-0455,M4-FUNG-0455:E001,measurement,EXPERIMENT,M4-FUNG-0455:E001,47950,quantitative,sequence,S001; S002,131,mapped
OBS_d20244c72ef4,M4-FUNG-0455,M4-FUNG-0455:E001,measurement,EXPERIMENT,M4-FUNG-0455:E001,32,quantitative,genome analysis,S003,132,mapped
OBS_7143438d23ef,M4-FUNG-0455,M4-FUNG-0455:E002,measurement,EXPERIMENT,M4-FUNG-0455:E002,2,quantitative,sampled lichen state,S003,133,mapped
OBS_c49d293d19b5,M4-FUNG-0456,M4-FUNG-0456:E001,experiment_outcome_raw,EXPERIMENT,M4-FUNG-0456:E001,"isolates three new and five known α,β-polysulfide ETPs",qualitative_or_composite,7–14 days,S003,122,unreviewed
OBS_2a5820ef0bba,M4-FUNG-0456,M4-FUNG-0456:E002,experiment_outcome_raw,EXPERIMENT,M4-FUNG-0456:E002,demonstrates multiple nonenzymatic interconversions among ETP congeners,qualitative_or_composite,30 min to weeks,S003,123,unreviewed
OBS_5b6552033cee,M4-FUNG-0456,M4-FUNG-0456:E003,experiment_outcome_raw,EXPERIMENT,M4-FUNG-0456:E003,identifies 53-kb pen cluster proposed to underlie isolated ETP family,qualitative_or_composite,1 week DNA culture,S003,124,unreviewed
OBS_6e769618374a,M4-FUNG-0456,M4-FUNG-0456:E004,experiment_outcome_raw,EXPERIMENT,M4-FUNG-0456:E004,selective cytotoxicity and mild antiaging activity observed,qualitative_or_composite,endpoint,S003,125,unreviewed
OBS_b6bdaca9e9b0,M4-FUNG-0456,M4-FUNG-0456:E003,measurement,EXPERIMENT,M4-FUNG-0456:E003,53110,quantitative,sequence,S001; S002,131,mapped
OBS_090e13bd8479,M4-FUNG-0456,M4-FUNG-0456:E001,measurement,EXPERIMENT,M4-FUNG-0456:E001,15.2,quantitative,endpoint,S003,132,mapped
OBS_c83d2ebcaaed,M4-FUNG-0456,M4-FUNG-0456:E001,measurement,EXPERIMENT,M4-FUNG-0456:E001,1.0 / 0.2 / 1.2,qualitative_or_text,endpoint,S003,133,mapped
OBS_15ed8d760715,M4-FUNG-0456,M4-FUNG-0456:E004,measurement,EXPERIMENT,M4-FUNG-0456:E004,6.3 ± 1.4,qualitative_or_text,endpoint,S003,134,mapped
OBS_c5ae67481f38,M4-FUNG-0456,M4-FUNG-0456:E004,measurement,EXPERIMENT,M4-FUNG-0456:E004,0.5 ± 0.03,qualitative_or_text,endpoint,S003,135,mapped
OBS_e2f31eff3aa5,M4-FUNG-0457,M4-FUNG-0457:E001,experiment_outcome_raw,EXPERIMENT,M4-FUNG-0457:E001,all true producer progeny carry G9 FUM haplotype and all nonproducers carry G1 FUM haplotype,qualitative_or_composite,~3 weeks cross development,S003,122,unreviewed
OBS_42fd8b20b32d,M4-FUNG-0457,M4-FUNG-0457:E002,experiment_outcome_raw,EXPERIMENT,M4-FUNG-0457:E002,G9 expresses all tested genes; G1 only FUM21 and FUM1 under tested conditions,qualitative_or_composite,triplicate cultures,S003,123,unreviewed
OBS_9ed167ee01da,M4-FUNG-0457,M4-FUNG-0457:E003,experiment_outcome_raw,EXPERIMENT,M4-FUNG-0457:E003,production recovers only with combined repairs; FUM7-containing repair identifies FUM21+FUM7 distributed causality,qualitative_or_composite,endpoint,S003,124,unreviewed
OBS_63375e6f33c9,M4-FUNG-0457,M4-FUNG-0457:E004,experiment_outcome_raw,EXPERIMENT,M4-FUNG-0457:E004,restored transformants produce measurable B-series fumonisins but often below G9 levels,qualitative_or_composite,endpoint,S003,125,unreviewed
OBS_26261c176697,M4-FUNG-0457,M4-FUNG-0457:E001,measurement,EXPERIMENT,M4-FUNG-0457:E001,42 / 24 / 18,qualitative_or_text,cross analysis,S003,131,mapped
OBS_7fcf30257a8e,M4-FUNG-0457,M4-FUNG-0457:E004,measurement,EXPERIMENT,M4-FUNG-0457:E004,0.22,quantitative,endpoint,S003,132,mapped
OBS_d000bece6ca2,M4-FUNG-0457,M4-FUNG-0457:E004,measurement,EXPERIMENT,M4-FUNG-0457:E004,0.1 / 0.1 / 0.05,qualitative_or_text,endpoint,S003,133,mapped
OBS_a82c9b6d985c,M4-FUNG-0457,M4-FUNG-0457:E004,measurement,EXPERIMENT,M4-FUNG-0457:E004,>50 / >50 / 3.70,qualitative_or_text,endpoint,S003,134,mapped
OBS_fe81c4bc6778,M4-FUNG-0457,M4-FUNG-0457:E003,measurement,EXPERIMENT,M4-FUNG-0457:E003,0 / 13,qualitative_or_text,endpoint,S003,135,mapped
OBS_d42c26c26dfe,M4-FUNG-0457,M4-FUNG-0457:E003,measurement,EXPERIMENT,M4-FUNG-0457:E003,50387,quantitative,sequence,S001; S002,136,mapped
OBS_3e8d1e1fe809,M4-FUNG-0458,M4-FUNG-0458:E001,experiment_outcome_raw,EXPERIMENT,M4-FUNG-0458:E001,xenoacremones A-C isolated and structurally characterized,qualitative_or_composite,7 days,S003,123,unreviewed
OBS_8d9def1a6418,M4-FUNG-0458,M4-FUNG-0458:E002,experiment_outcome_raw,EXPERIMENT,M4-FUNG-0458:E002,loss/accumulation patterns establish gene order and pathway causality,qualitative_or_composite,endpoint,S003,124,unreviewed
OBS_f76dd15847d1,M4-FUNG-0458,M4-FUNG-0458:E003,experiment_outcome_raw,EXPERIMENT,M4-FUNG-0458:E003,reconstructs XenE/G→XenA→XenF→XenD→XenC sequence,qualitative_or_composite,endpoint,S003,125,unreviewed
OBS_7c297c7ad7ef,M4-FUNG-0458,M4-FUNG-0458:E004,experiment_outcome_raw,EXPERIMENT,M4-FUNG-0458:E004,XenF rearrangement is prerequisite; XenD oxidation enables XenC ether formation; final DA closure occurs spontaneously,qualitative_or_composite,endpoint,S003,126,unreviewed
OBS_d92ac7f2e797,M4-FUNG-0458,M4-FUNG-0458:E001,measurement,EXPERIMENT,M4-FUNG-0458:E001,25320,quantitative,sequence,S001,132,mapped
OBS_366cb6d3e118,M4-FUNG-0458,M4-FUNG-0458:E001,measurement,EXPERIMENT,M4-FUNG-0458:E001,478.2563,quantitative,7 days,S003,133,mapped
OBS_bdf3141b0602,M4-FUNG-0458,M4-FUNG-0458:E003,measurement,EXPERIMENT,M4-FUNG-0458:E003,7,quantitative,current database,S002,134,mapped
OBS_a81b37de60d9,M4-FUNG-0459,M4-FUNG-0459:E001,experiment_outcome_raw,EXPERIMENT,M4-FUNG-0459:E001,reconstructs sporandol pathway chemistry,qualitative_or_composite,endpoint,S003,123,unreviewed
OBS_f662aedc16d8,M4-FUNG-0459,M4-FUNG-0459:E002,experiment_outcome_raw,EXPERIMENT,M4-FUNG-0459:E002,SpoL alone lacks coupling activity; SpoL+SpoF yields functional selective coupling,qualitative_or_composite,endpoint,S003,124,unreviewed
OBS_7a1df98ae05f,M4-FUNG-0459,M4-FUNG-0459:E001,measurement,EXPERIMENT,M4-FUNG-0459:E001,18330,quantitative,sequence,S001; S002,133,mapped
OBS_61716803e417,M4-FUNG-0459,M4-FUNG-0459:E001,measurement,EXPERIMENT,M4-FUNG-0459:E001,6,quantitative,current database,S002,134,mapped
OBS_6c3524700ae8,M4-FUNG-0460,M4-FUNG-0460:E001,experiment_outcome_raw,EXPERIMENT,M4-FUNG-0460:E001,PKS21/brq5 ~195-fold higher; six-gene brq block coordinately induced in purple producer while flanking genes remain basal,qualitative_or_composite,single comparative transcriptome state; exact production kinetics NR,S003,122,unreviewed
OBS_09d81d916d98,M4-FUNG-0460,M4-FUNG-0460:E002,experiment_outcome_raw,EXPERIMENT,M4-FUNG-0460:E002,biruloquinone structurally identified and compound-level bioactivity quantified,qualitative_or_composite,endpoint,S005,123,unreviewed
OBS_69061c1e1d56,M4-FUNG-0460,M4-FUNG-0460:E003,experiment_outcome_raw,EXPERIMENT,M4-FUNG-0460:E003,homologous six-gene loci detected in C. borealis and C. metacorallifera and absent from several other surveyed Cladonia species,qualitative_or_composite,NA,S003,124,unreviewed
OBS_a7e5c49c14bf,M4-FUNG-0460,M4-FUNG-0460:E001,measurement,EXPERIMENT,M4-FUNG-0460:E001,19428,quantitative,sequence,S001; S002,131,mapped
OBS_6d30d4a88376,M4-FUNG-0460,M4-FUNG-0460:E001,measurement,EXPERIMENT,M4-FUNG-0460:E001,195,quantitative,transcriptome comparison,S003,132,mapped
OBS_39a78ab2b4a6,M4-FUNG-0460,M4-FUNG-0460:E001,measurement,EXPERIMENT,M4-FUNG-0460:E001,256,quantitative,transcriptome comparison,S003,133,mapped
OBS_0afcae95ad6b,M4-FUNG-0460,M4-FUNG-0460:E001,measurement,EXPERIMENT,M4-FUNG-0460:E001,3,quantitative,transcriptome comparison,S003,134,mapped
OBS_adb445616dd6,M4-FUNG-0460,M4-FUNG-0460:E002,measurement,EXPERIMENT,M4-FUNG-0460:E002,27.1,quantitative,endpoint,S005,135,mapped
OBS_bd7583e2f5f8,M4-FUNG-0460,M4-FUNG-0460:E002,measurement,EXPERIMENT,M4-FUNG-0460:E002,1–25,qualitative_or_text,endpoint,S005,136,mapped
OBS_1e4c349857db,M4-FUNG-0461,M4-FUNG-0461:E001,experiment_outcome_raw,EXPERIMENT,M4-FUNG-0461:E001,fructose enables cristazarin production,qualitative_or_composite,endpoint,S003,124,unreviewed
OBS_0c40eacb402a,M4-FUNG-0461,M4-FUNG-0461:E002,experiment_outcome_raw,EXPERIMENT,M4-FUNG-0461:E002,crz7-neighbour coexpression nominates putative cluster,qualitative_or_composite,endpoint,S004,125,unreviewed
OBS_a5e000d52034,M4-FUNG-0462,M4-FUNG-0462:E001,experiment_outcome_raw,EXPERIMENT,M4-FUNG-0462:E001,complete loss of solanapyrones and cluster transcription,qualitative_or_composite,18 days,S003,124,unreviewed
OBS_4e0701d5e72b,M4-FUNG-0462,M4-FUNG-0462:E002,experiment_outcome_raw,EXPERIMENT,M4-FUNG-0462:E002,induces sol cluster transcription,qualitative_or_composite,endpoint,S003,125,unreviewed
OBS_f1b07983e721,M4-FUNG-0463,M4-FUNG-0463:E001,experiment_outcome_raw,EXPERIMENT,M4-FUNG-0463:E001,PKS genes show developmental induction,qualitative_or_composite,five stages,S003,124,unreviewed
OBS_275a8f16cbbc,M4-FUNG-0463,M4-FUNG-0463:E002,experiment_outcome_raw,EXPERIMENT,M4-FUNG-0463:E002,defective/altered perithecial pigmentation phenotype,qualitative_or_composite,endpoint,S003,125,unreviewed
OBS_dd400ccc8ae9,M4-FUNG-0465,M4-FUNG-0465:E001,experiment_outcome_raw,EXPERIMENT,M4-FUNG-0465:E001,"hygromycin B induces lucilactaene, NG-391, fusarubin, 1233A and 1233B",qualitative_or_composite,endpoint,S003,124,unreviewed
OBS_856e77abdab8,M4-FUNG-0465,M4-FUNG-0465:E002,experiment_outcome_raw,EXPERIMENT,M4-FUNG-0465:E002,four-gene 1233A BGC identified including self-resistance gene,qualitative_or_composite,endpoint,S003,125,unreviewed
OBS_4d5af3417da8,M4-FUNG-0466,M4-FUNG-0466:E001,experiment_outcome_raw,EXPERIMENT,M4-FUNG-0466:E001,resolves late-stage emeridone F transformations,qualitative_or_composite,endpoint,S003,124,unreviewed
OBS_ac451489ea88,M4-FUNG-0467,M4-FUNG-0467:E001,experiment_outcome_raw,EXPERIMENT,M4-FUNG-0467:E001,chaetolivacines A-C isolated and structures resolved,qualitative_or_composite,endpoint,S003,124,unreviewed
OBS_6695f54f16fa,M4-FUNG-0468,M4-FUNG-0468:E001,experiment_outcome_raw,EXPERIMENT,M4-FUNG-0468:E001,chaetoglobosin P identified as active anticryptococcal component,qualitative_or_composite,endpoint,S003,124,unreviewed
OBS_c76ef19d6e17,M4-FUNG-0468,M4-FUNG-0468:E002,experiment_outcome_raw,EXPERIMENT,M4-FUNG-0468:E002,twinfilin-1 mutant hypersensitive to chaetoglobosin P,qualitative_or_composite,endpoint,S003,125,unreviewed
OBS_118cda7c1a2b,M4-FUNG-0469,M4-FUNG-0469:E001,experiment_outcome_raw,EXPERIMENT,M4-FUNG-0469:E001,acrophiarin confirmed and a unique echinocandin-consistent BGC identified,qualitative_or_composite,endpoint,S003,124,unreviewed
OBS_5c125ead6e2d,M4-FUNG-0470,M4-FUNG-0470:E001,experiment_outcome_raw,EXPERIMENT,M4-FUNG-0470:E001,new cytoglobosin X isolated and structurally resolved,qualitative_or_composite,endpoint,S003,124,unreviewed
OBS_3f6b528f0c7c,M4-FUNG-0471,M4-FUNG-0471:E001,experiment_outcome_raw,EXPERIMENT,M4-FUNG-0471:E001,"reconstructs atranorin pathway, not salazinic acid",qualitative_or_composite,endpoint,S003,122,unreviewed
OBS_0fd4f9431a81,M4-FUNG-0472,M4-FUNG-0472:E001,experiment_outcome_raw,EXPERIMENT,M4-FUNG-0472:E001,six new 15-residue peptaibols characterized and 60-kb eme cluster nominated,qualitative_or_composite,endpoint,S003,122,unreviewed
OBS_80dddcd0f0b6,M4-FUNG-0473,M4-FUNG-0473:E001,experiment_outcome_raw,EXPERIMENT,M4-FUNG-0473:E001,resolves FPP-to-penifulvin-A sequence,qualitative_or_composite,endpoint,S003,122,unreviewed
OBS_8c965a4b8c15,M4-FUNG-0473,M4-FUNG-0473:E002,experiment_outcome_raw,EXPERIMENT,M4-FUNG-0473:E002,penifulvin A structure and insecticidal phenotype established,qualitative_or_composite,endpoint,S004,123,unreviewed
OBS_de12f4656030,M4-FUNG-0474,M4-FUNG-0474:E001,experiment_outcome_raw,EXPERIMENT,M4-FUNG-0474:E001,heterologous host synthesizes geodin,qualitative_or_composite,endpoint,S003,122,unreviewed
OBS_1d559fd72b11,M4-FUNG-0475,M4-FUNG-0475:E001,experiment_outcome_raw,EXPERIMENT,M4-FUNG-0475:E001,lecanoric acid produced at ~360 mg/L,qualitative_or_composite,endpoint,S003,122,unreviewed
OBS_89172c2d17b0,M4-FUNG-0476,M4-FUNG-0476:E001,experiment_outcome_raw,EXPERIMENT,M4-FUNG-0476:E001,orsellinic acid/orcinol appear only when PKS14 is activated,qualitative_or_composite,endpoint,S003,122,unreviewed
OBS_3f262459136e,M4-FUNG-0477,M4-FUNG-0477:E001,experiment_outcome_raw,EXPERIMENT,M4-FUNG-0477:E001,knockout depletes aromatic products; OA feeding restores pigment/antroquinonols,qualitative_or_composite,endpoint,S003,122,unreviewed
OBS_1284525bf8a9,M4-FUNG-0478,M4-FUNG-0478:E001,experiment_outcome_raw,EXPERIMENT,M4-FUNG-0478:E001,lecanoric acid and ethyl lecanorate emerge as major products; additional gerfelin metabolites detected,qualitative_or_composite,endpoint,S003,122,unreviewed
OBS_db815f1bdaca,M4-FUNG-0479,M4-FUNG-0479:E001,experiment_outcome_raw,EXPERIMENT,M4-FUNG-0479:E001,natural otaR deletion distinguishes a non-OTA chemotype,qualitative_or_composite,endpoint,S003,122,unreviewed
OBS_07df9ee0c8d9,M4-FUNG-0479,M4-FUNG-0479:E002,experiment_outcome_raw,EXPERIMENT,M4-FUNG-0479:E002,OTA eliminated while mellein remains,qualitative_or_composite,endpoint,S004,123,unreviewed
OBS_879be6d0847f,M4-FUNG-0480,M4-FUNG-0480:E001,experiment_outcome_raw,EXPERIMENT,M4-FUNG-0480:E001,many metabolites isolated; fga fumigaclavine cluster proposed from genome analysis,qualitative_or_composite,endpoint,S003,122,unreviewed
OBS_66d202e2fb8e,M4-FUNG-0481,M4-FUNG-0481:E001,experiment_outcome_raw,EXPERIMENT,M4-FUNG-0481:E001,putative hel cluster identified; no helvolic-acid-specific causal BGC experiment,qualitative_or_composite,endpoint,S003,124,unreviewed
OBS_812a6eb2c77a,M4-FUNG-0482,M4-FUNG-0482:E001,experiment_outcome_raw,EXPERIMENT,M4-FUNG-0482:E001,multiple metabolites and several putative BGCs reported; fumagillin locus not highlighted in abstract,qualitative_or_composite,endpoint,S003,124,unreviewed
OBS_d6823cc98cf8,M4-FUNG-0483,M4-FUNG-0483:E001,experiment_outcome_raw,EXPERIMENT,M4-FUNG-0483:E001,cluster causality and key intermediate steps resolved,qualitative_or_composite,endpoint,S003,124,unreviewed
OBS_f2e5bd39f9cb,M4-FUNG-0484,M4-FUNG-0484:E001,experiment_outcome_raw,EXPERIMENT,M4-FUNG-0484:E001,chevalone E produced,qualitative_or_composite,endpoint,S003,124,unreviewed
OBS_5508314aa52f,M4-FUNG-0484,M4-FUNG-0484:E002,experiment_outcome_raw,EXPERIMENT,M4-FUNG-0484:E002,seven oxidized analogues and sartorypyrone D generated,qualitative_or_composite,endpoint,S003,125,unreviewed
OBS_22b6e5dc5ebc,M4-FUNG-0485,M4-FUNG-0485:E001,experiment_outcome_raw,EXPERIMENT,M4-FUNG-0485:E001,sartorypyrone D produced,qualitative_or_composite,endpoint,S003,124,unreviewed
OBS_fc2ae2c526f9,M4-FUNG-0486,M4-FUNG-0486:E001,experiment_outcome_raw,EXPERIMENT,M4-FUNG-0486:E001,five conserved ORFs consistently expressed in OTA-producing conditions,qualitative_or_composite,production conditions,S003,124,unreviewed
OBS_34752c6d7469,M4-FUNG-0487,M4-FUNG-0487:E001,experiment_outcome_raw,EXPERIMENT,M4-FUNG-0487:E001,five conserved ORFs consistently expressed in OTA-producing conditions,qualitative_or_composite,production conditions,S003,124,unreviewed
OBS_484c9257e09d,M4-FUNG-0488,M4-FUNG-0488:E001,experiment_outcome_raw,EXPERIMENT,M4-FUNG-0488:E001,five conserved ORFs consistently expressed in OTA-producing conditions,qualitative_or_composite,production conditions,S003,124,unreviewed
OBS_9e8015753a35,M4-FUNG-0489,M4-FUNG-0489:E001,experiment_outcome_raw,EXPERIMENT,M4-FUNG-0489:E001,five conserved ORFs consistently expressed in OTA-producing conditions,qualitative_or_composite,production conditions,S003,124,unreviewed
OBS_63be82e98bd3,M4-FUNG-0490,M4-FUNG-0490:E001,experiment_outcome_raw,EXPERIMENT,M4-FUNG-0490:E001,OTA-nonproducing isolates lacked the ota cluster,qualitative_or_composite,endpoint,S003,124,unreviewed
OBS_d38d486dd515,M4-FUNG-0491,M4-FUNG-0491:E001,experiment_outcome_raw,EXPERIMENT,M4-FUNG-0491:E001,"stellata-2,6,19-triene formed from DMAPP and IPP",qualitative_or_composite,endpoint,S003,124,unreviewed
OBS_f1b3c8b6f096,M4-FUNG-0491,M4-FUNG-0491:E002,experiment_outcome_raw,EXPERIMENT,M4-FUNG-0491:E002,stellatic acid formed from the Stl-TS hydrocarbon product,qualitative_or_composite,endpoint,S003,125,unreviewed
OBS_5e093ded77bf,M4-FUNG-0491,M4-FUNG-0491:E001,measurement,EXPERIMENT,M4-FUNG-0491:E001,6468,quantitative,sequence,S001,132,mapped
OBS_ceb25d943e9d,M4-FUNG-0492,M4-FUNG-0492:E001,experiment_outcome_raw,EXPERIMENT,M4-FUNG-0492:E001,mulundocandin isolated from broth; formula C48H77N7O16; antifungal activity demonstrated,qualitative_or_composite,NR,S004,124,unreviewed
OBS_008da05b0fb1,M4-FUNG-0492,M4-FUNG-0492:E002,experiment_outcome_raw,EXPERIMENT,M4-FUNG-0492:E002,57-kb mulundocandin locus placed within conserved echinocandin BGC family,qualitative_or_composite,NA,S003,125,unreviewed
OBS_cd71323616ee,M4-FUNG-0492,M4-FUNG-0492:E002,measurement,EXPERIMENT,M4-FUNG-0492:E002,57000,quantitative,sequence,S001; S002,132,mapped
OBS_187624b40f9f,M4-FUNG-0493,M4-FUNG-0493:E001,experiment_outcome_raw,EXPERIMENT,M4-FUNG-0493:E001,complete 12-enzyme pathway from DMOA-derived precursor logic to anditomin established,qualitative_or_composite,endpoint per reconstruction step,S003,124,unreviewed
OBS_780b2cd82f80,M4-FUNG-0493,M4-FUNG-0493:E002,experiment_outcome_raw,EXPERIMENT,M4-FUNG-0493:E002,bridged andiconin skeleton formed by oxidative skeletal reconstruction rather than Diels-Alder chemistry,qualitative_or_composite,endpoint,S003,125,unreviewed
OBS_8ba0782ab600,M4-FUNG-0493,M4-FUNG-0493:E003,experiment_outcome_raw,EXPERIMENT,M4-FUNG-0493:E003,oxidative rearrangement generates anditomin,qualitative_or_composite,endpoint,S003,126,unreviewed
OBS_57fcccdf01df,M4-FUNG-0493,M4-FUNG-0493:E001,measurement,EXPERIMENT,M4-FUNG-0493:E001,30932,quantitative,sequence,S001; S002,132,mapped
OBS_c847fd211902,M4-FUNG-0493,M4-FUNG-0493:E001,measurement,EXPERIMENT,M4-FUNG-0493:E001,12,quantitative,study,S003,133,mapped
OBS_8962dabf79b7,M4-FUNG-0494,M4-FUNG-0494:E001,experiment_outcome_raw,EXPERIMENT,M4-FUNG-0494:E001,"22 DDPs produced, including 15 new analogues",qualitative_or_composite,endpoint,S003,124,unreviewed
OBS_1388c347f147,M4-FUNG-0494,M4-FUNG-0494:E002,experiment_outcome_raw,EXPERIMENT,M4-FUNG-0494:E002,shearones A-I discovered; biosynthetic enzyme activities resolved,qualitative_or_composite,endpoint,S005,125,unreviewed
OBS_4db96aa9961c,M4-FUNG-0494,M4-FUNG-0494:E003,experiment_outcome_raw,EXPERIMENT,M4-FUNG-0494:E003,chemical-space expansion revealed distinct activities; shearones included Aβ42 antiaggregation hits,qualitative_or_composite,endpoint,S003; S005,126,unreviewed
OBS_284545659508,M4-FUNG-0494,M4-FUNG-0494:E001,measurement,EXPERIMENT,M4-FUNG-0494:E001,10,quantitative,endpoint,S003,132,mapped
OBS_a5c3d67c59b5,M4-FUNG-0494,M4-FUNG-0494:E001,measurement,EXPERIMENT,M4-FUNG-0494:E001,22,quantitative,endpoint,S003,133,mapped
OBS_5d8c75785ca1,M4-FUNG-0494,M4-FUNG-0494:E001,measurement,EXPERIMENT,M4-FUNG-0494:E001,15,quantitative,endpoint,S003,134,mapped
OBS_b19e7110dc8d,M4-FUNG-0494,M4-FUNG-0494:E002,measurement,EXPERIMENT,M4-FUNG-0494:E002,9,quantitative,endpoint,S005,135,mapped
OBS_18320b5f760b,M4-FUNG-0495,M4-FUNG-0495:E001,experiment_outcome_raw,EXPERIMENT,M4-FUNG-0495:E001,macR overexpression enhanced pathway products; macA/macJ deletion altered or abolished macrophorin production,qualitative_or_composite,endpoint,S003,124,unreviewed
OBS_2749cf6720b1,M4-FUNG-0496,M4-FUNG-0496:E001,experiment_outcome_raw,EXPERIMENT,M4-FUNG-0496:E001,reduced mpaC expression correlated with decreased MPA production,qualitative_or_composite,endpoint,S003,124,unreviewed
OBS_e30f6fc878fa,M4-FUNG-0496,M4-FUNG-0496:E002,experiment_outcome_raw,EXPERIMENT,M4-FUNG-0496:E002,deletion showed excellent correlation with low MPA production,qualitative_or_composite,endpoint,S003,125,unreviewed
OBS_704c581a098f,M4-FUNG-0496,M4-FUNG-0496:E002,measurement,EXPERIMENT,M4-FUNG-0496:E002,55,quantitative,endpoint,S003,133,mapped
OBS_901f5fce0c52,M4-FUNG-0496,M4-FUNG-0496:E002,measurement,EXPERIMENT,M4-FUNG-0496:E002,174,quantitative,sequence,S003,134,mapped
OBS_d378ec71cf25,M4-FUNG-0497,M4-FUNG-0497:E001,experiment_outcome_raw,EXPERIMENT,M4-FUNG-0497:E001,psychrophilin assembly disrupted; dipeptide 10 isolated,qualitative_or_composite,endpoint,S003,124,unreviewed
OBS_0a8482f5a853,M4-FUNG-0498,M4-FUNG-0498:E001,experiment_outcome_raw,EXPERIMENT,M4-FUNG-0498:E001,penitrems A/B/D/E/F absent and paspaline accumulated,qualitative_or_composite,endpoint,S003,124,unreviewed
OBS_dca7a35f91e6,M4-FUNG-0498,M4-FUNG-0498:E002,experiment_outcome_raw,EXPERIMENT,M4-FUNG-0498:E002,13 of 17 penitrem A transformations resolved,qualitative_or_composite,endpoint,S004,125,unreviewed
OBS_2bb380980d21,M4-FUNG-0498,M4-FUNG-0498:E002,measurement,EXPERIMENT,M4-FUNG-0498:E002,13,quantitative,study,S004,133,mapped
OBS_0b59cf951247,M4-FUNG-0499,M4-FUNG-0499:E001,experiment_outcome_raw,EXPERIMENT,M4-FUNG-0499:E001,DMMPA methylated to MPA; substrate flexibility demonstrated,qualitative_or_composite,endpoint/kinetic assay,S003,124,unreviewed
OBS_15dc7aedba8e,M4-FUNG-0500,M4-FUNG-0500:E001,experiment_outcome_raw,EXPERIMENT,M4-FUNG-0500:E001,hancockinone A discovered from activated cryptic cluster,qualitative_or_composite,endpoint,S003,124,unreviewed
OBS_a2226bb0feb9,M4-FUNG-0500,M4-FUNG-0500:E002,experiment_outcome_raw,EXPERIMENT,M4-FUNG-0500:E002,HknE-dependent five-membered-ring construction confirmed,qualitative_or_composite,endpoint,S003,125,unreviewed
OBS_751e738984c3,M4-FUNG-0501,M4-FUNG-0501:E001,experiment_outcome_raw,EXPERIMENT,M4-FUNG-0501:E001,complete sordaricin biosynthesis reconstructed; SdnG suppresses shunts by accelerating IMDA,qualitative_or_composite,endpoint,S004,124,unreviewed
OBS_582bcd584889,M4-FUNG-0501,M4-FUNG-0501:E002,experiment_outcome_raw,EXPERIMENT,M4-FUNG-0501:E002,sordaricin produced at reported 2 mg/L,qualitative_or_composite,endpoint,S004,125,unreviewed
OBS_8b3cd4449bc2,M4-FUNG-0501,M4-FUNG-0501:E001,measurement,EXPERIMENT,M4-FUNG-0501:E001,20,quantitative,endpoint,S004,133,mapped
OBS_f55fec1030ae,M4-FUNG-0501,M4-FUNG-0501:E002,measurement,EXPERIMENT,M4-FUNG-0501:E002,2,quantitative,endpoint,S004,134,mapped
OBS_45de4b6e2599,M4-FUNG-0502,M4-FUNG-0502:E001,experiment_outcome_raw,EXPERIMENT,M4-FUNG-0502:E001,halovirs I–K isolated and structurally characterized,qualitative_or_composite,endpoint,S003,124,unreviewed
OBS_ce5463c054d9,M4-FUNG-0502,M4-FUNG-0502:E002,experiment_outcome_raw,EXPERIMENT,M4-FUNG-0502:E002,candidate halovir locus identified; unconventional nonlinear PrHalA assembly proposed,qualitative_or_composite,NA,S003,125,unreviewed
OBS_04480bee5173,M4-FUNG-0502,M4-FUNG-0502:E001,measurement,EXPERIMENT,M4-FUNG-0502:E001,1.3-3.3,qualitative_or_text,endpoint,S003,132,mapped
OBS_254d23fa4658,M4-FUNG-0503,M4-FUNG-0503:E001,experiment_outcome_raw,EXPERIMENT,M4-FUNG-0503:E001,dephenylated 2-pyridone ketone 12 produced at 2 mg/L,qualitative_or_composite,endpoint,S003,124,unreviewed
OBS_158c4add23a0,M4-FUNG-0503,M4-FUNG-0503:E002,experiment_outcome_raw,EXPERIMENT,M4-FUNG-0503:E002,M/P-deoxyakanthomycin predominantly forms; reaction completes within 72 h,qualitative_or_composite,overnight to 72 h,S003,125,unreviewed
OBS_93369e9b40a6,M4-FUNG-0503,M4-FUNG-0503:E003,experiment_outcome_raw,EXPERIMENT,M4-FUNG-0503:E003,M/P-deoxyakanthomycin forms without an enzyme catalyzing carbocycle closure,qualitative_or_composite,endpoint,S003,126,unreviewed
OBS_9610dfaac8c4,M4-FUNG-0503,M4-FUNG-0503:E001,measurement,EXPERIMENT,M4-FUNG-0503:E001,2,quantitative,endpoint,S003,133,mapped
OBS_d4c6bdd12769,M4-FUNG-0503,M4-FUNG-0503:E002,measurement,EXPERIMENT,M4-FUNG-0503:E002,72,quantitative,within 72 h,S003,134,mapped
OBS_04f09eba236c,M4-FUNG-0504,M4-FUNG-0504:E001,experiment_outcome_raw,EXPERIMENT,M4-FUNG-0504:E001,xylaroamide A isolated and fully structure-assigned,qualitative_or_composite,10 days,S003,124,unreviewed
OBS_a5a38fb2e854,M4-FUNG-0504,M4-FUNG-0504:E002,experiment_outcome_raw,EXPERIMENT,M4-FUNG-0504:E002,plausible Xyl pathway and trans-acting N-methyltransferase model proposed,qualitative_or_composite,NA,S003,125,unreviewed
OBS_13c2fd938674,M4-FUNG-0504,M4-FUNG-0504:E001,measurement,EXPERIMENT,M4-FUNG-0504:E001,2.5,quantitative,endpoint,S003,133,mapped
OBS_dfe7c3ac377b,M4-FUNG-0504,M4-FUNG-0504:E001,measurement,EXPERIMENT,M4-FUNG-0504:E001,9.5,quantitative,endpoint,S003,134,mapped
OBS_9ae88c34e260,M4-FUNG-0505,M4-FUNG-0505:E001,experiment_outcome_raw,EXPERIMENT,M4-FUNG-0505:E001,2-hydroxyethylphosphonic acid formed,qualitative_or_composite,endpoint,S003,124,unreviewed
OBS_9d686aaf1c57,M4-FUNG-0505,M4-FUNG-0505:E002,experiment_outcome_raw,EXPERIMENT,M4-FUNG-0505:E002,(S)-epoxyethylphosphonic acid formed by oxidative intramolecular cyclization,qualitative_or_composite,endpoint,S003,125,unreviewed
OBS_4d53e961201c,M4-FUNG-0505,M4-FUNG-0505:E003,experiment_outcome_raw,EXPERIMENT,M4-FUNG-0505:E003,(S)-1-hydroxyethylphosphonic acid formed by conventional oxygen rebound,qualitative_or_composite,endpoint,S003,126,unreviewed
OBS_c99be6daf8b9,M4-FUNG-0506,M4-FUNG-0506:E001,experiment_outcome_raw,EXPERIMENT,M4-FUNG-0506:E001,(+)-δ-cadinol is the main product with minor sesquiterpenes,qualitative_or_composite,endpoint,S003,124,unreviewed
OBS_00a0881d0bf8,M4-FUNG-0506,M4-FUNG-0506:E002,experiment_outcome_raw,EXPERIMENT,M4-FUNG-0506:E002,(+)-δ-cadinol reached 225 mg/L; productivity 4.7 mg/L/h,qualitative_or_composite,48 h,S003,125,unreviewed
OBS_f8709b4e56a5,M4-FUNG-0506,M4-FUNG-0506:E002,measurement,EXPERIMENT,M4-FUNG-0506:E002,225,quantitative,48 h,S003,133,mapped
OBS_b7800418c74b,M4-FUNG-0506,M4-FUNG-0506:E002,measurement,EXPERIMENT,M4-FUNG-0506:E002,4.7,quantitative,48 h,S003,134,mapped
OBS_bc1c3b8bf85c,M4-FUNG-0507,M4-FUNG-0507:E001,experiment_outcome_raw,EXPERIMENT,M4-FUNG-0507:E001,(+)-δ-cadinol is the main product with minor sesquiterpenes,qualitative_or_composite,endpoint,S003,124,unreviewed
OBS_5628efa2a7a9,M4-FUNG-0507,M4-FUNG-0507:E002,experiment_outcome_raw,EXPERIMENT,M4-FUNG-0507:E002,(+)-δ-cadinol reached 395 mg/L; productivity 8.2 mg/L/h,qualitative_or_composite,48 h,S003,125,unreviewed
OBS_6a73b7c2c6fb,M4-FUNG-0507,M4-FUNG-0507:E003,experiment_outcome_raw,EXPERIMENT,M4-FUNG-0507:E003,Copu9 structure solved at 1.83 Å; active-site mutations alter product formation/profile,qualitative_or_composite,endpoint,S003; S004,126,unreviewed
OBS_b8aac4a0ad0b,M4-FUNG-0507,M4-FUNG-0507:E002,measurement,EXPERIMENT,M4-FUNG-0507:E002,395,quantitative,48 h,S003,133,mapped
OBS_66be9c8fb1c4,M4-FUNG-0507,M4-FUNG-0507:E002,measurement,EXPERIMENT,M4-FUNG-0507:E002,8.2,quantitative,48 h,S003,134,mapped
OBS_2dbbf05a735e,M4-FUNG-0507,M4-FUNG-0507:E003,measurement,EXPERIMENT,M4-FUNG-0507:E003,1.83,quantitative,structure determination,S003; S004,135,mapped
OBS_74cc54145bda,M4-FUNG-0508,M4-FUNG-0508:E001,experiment_outcome_raw,EXPERIMENT,M4-FUNG-0508:E001,mutant-specific intermediate accumulation defines pathway order and regulator dependence,qualitative_or_composite,endpoint,S003,124,unreviewed
OBS_2b93daf2e454,M4-FUNG-0508,M4-FUNG-0508:E002,experiment_outcome_raw,EXPERIMENT,M4-FUNG-0508:E002,GIP2 is required for cluster expression; overexpression increases pigment and reduces growth,qualitative_or_composite,growth-stage endpoint,S004,125,unreviewed
OBS_28d7ee3d983a,M4-FUNG-0508,M4-FUNG-0508:E003,experiment_outcome_raw,EXPERIMENT,M4-FUNG-0508:E003,"establishes YWA1 as PKS12 product, AurZ order, AurT export phenotype and AurS late-pathway role",qualitative_or_composite,10 days,S005,126,unreviewed
OBS_4f4e5c285b29,M4-FUNG-0509,M4-FUNG-0509:E001,experiment_outcome_raw,EXPERIMENT,M4-FUNG-0509:E001,mrsidA/mrsidD strongly induced and six siderophores accumulate under iron deficiency,qualitative_or_composite,10 days,S003,124,unreviewed
OBS_9ad3c4a92469,M4-FUNG-0509,M4-FUNG-0509:E002,experiment_outcome_raw,EXPERIMENT,M4-FUNG-0509:E002,all six metachelin/dimerumic-acid products abolished,qualitative_or_composite,10 days,S003,125,unreviewed
OBS_b0408c864b76,M4-FUNG-0509,M4-FUNG-0509:E003,experiment_outcome_raw,EXPERIMENT,M4-FUNG-0509:E003,no significant metabolite change versus WT,qualitative_or_composite,10 days,S003,126,unreviewed
OBS_2dde7d965cb5,M4-FUNG-0509,M4-FUNG-0509:E001,measurement,EXPERIMENT,M4-FUNG-0509:E001,10^4/mL,qualitative_or_text,day 0,S003,133,mapped
OBS_2d7bf3ab4452,M4-FUNG-0509,M4-FUNG-0509:E001,measurement,EXPERIMENT,M4-FUNG-0509:E001,934.4670,quantitative,isolation endpoint,S003,134,mapped
OBS_953e63cb5064,M4-FUNG-0510,M4-FUNG-0510:E001,experiment_outcome_raw,EXPERIMENT,M4-FUNG-0510:E001,chlorinated chromones/xanthones and related compounds isolated; candidate clusters/pathway proposed,qualitative_or_composite,endpoint,S003,124,unreviewed
OBS_be73e0f9bb34,M4-FUNG-0510,M4-FUNG-0510:E002,experiment_outcome_raw,EXPERIMENT,M4-FUNG-0510:E002,"shared MIC 12.5 μg/mL against S. aureus, MRSA and three resistant S. aureus strains",qualitative_or_composite,endpoint,S003,125,unreviewed
OBS_770bab0b049b,M4-FUNG-0510,M4-FUNG-0510:E002,measurement,EXPERIMENT,M4-FUNG-0510:E002,12.5,quantitative,endpoint,S003,133,mapped
OBS_90db8052ef66,M4-FUNG-0511,M4-FUNG-0511:E001,experiment_outcome_raw,EXPERIMENT,M4-FUNG-0511:E001,ilicicolin H isolated from native DH2,qualitative_or_composite,28 days,S003,126,unreviewed
OBS_23e027b5a315,M4-FUNG-0511,M4-FUNG-0511:E002,experiment_outcome_raw,EXPERIMENT,M4-FUNG-0511:E002,ilicicolin H and J produced,qualitative_or_composite,endpoint,S003,127,unreviewed
OBS_f7dcb112e1a6,M4-FUNG-0512,M4-FUNG-0512:E001,experiment_outcome_raw,EXPERIMENT,M4-FUNG-0512:E001,deletion-dependent loss/accumulation patterns resolve pathway genes and order,qualitative_or_composite,endpoint,S003,124,unreviewed
OBS_e717ab79273d,M4-FUNG-0512,M4-FUNG-0512:E002,experiment_outcome_raw,EXPERIMENT,M4-FUNG-0512:E002,"dauca-4,7-diene is the AneC product",qualitative_or_composite,endpoint,S003,125,unreviewed
OBS_64f796992a6a,M4-FUNG-0512,M4-FUNG-0512:E003,experiment_outcome_raw,EXPERIMENT,M4-FUNG-0512:E003,ordered oxidation and downstream aculene formation reconstructed,qualitative_or_composite,endpoint,S003,126,unreviewed
OBS_178bb380d24f,M4-FUNG-0512,M4-FUNG-0512:E004,experiment_outcome_raw,EXPERIMENT,M4-FUNG-0512:E004,productive intermediates distinguished from 14-hydroxylated shunt products,qualitative_or_composite,endpoint,S003,127,unreviewed
OBS_f5b3da6ac869,M4-FUNG-0513,M4-FUNG-0513:E001,experiment_outcome_raw,EXPERIMENT,M4-FUNG-0513:E001,"gene combinations resolve alcohol 2, aldehyde 3 and final sordarial",qualitative_or_composite,endpoint,S003,124,unreviewed
OBS_5b7bef106d76,M4-FUNG-0513,M4-FUNG-0513:E002,experiment_outcome_raw,EXPERIMENT,M4-FUNG-0513:E002,"41 mg sordarial, 10.7 mg intermediate 2, 8.6 mg intermediate 3 recovered from 8 L",qualitative_or_composite,8 L endpoint,S003,125,unreviewed
OBS_f0711fa0f562,M4-FUNG-0513,M4-FUNG-0513:E003,experiment_outcome_raw,EXPERIMENT,M4-FUNG-0513:E003,native sordarial production not established; authors call for trigger/in planta studies,qualitative_or_composite,NR,S003,126,unreviewed
OBS_a811cea39b0d,M4-FUNG-0513,M4-FUNG-0513:E002,measurement,EXPERIMENT,M4-FUNG-0513:E002,41,quantitative,endpoint,S003,132,mapped
OBS_3573678da23c,M4-FUNG-0513,M4-FUNG-0513:E002,measurement,EXPERIMENT,M4-FUNG-0513:E002,10.7,quantitative,endpoint,S003,133,mapped
OBS_18f2f93ff534,M4-FUNG-0513,M4-FUNG-0513:E002,measurement,EXPERIMENT,M4-FUNG-0513:E002,8.6,quantitative,endpoint,S003,134,mapped
OBS_87a57195404f,M4-FUNG-0514,M4-FUNG-0514:E001,experiment_outcome_raw,EXPERIMENT,M4-FUNG-0514:E001,eight IDKPs isolated including three new compounds,qualitative_or_composite,endpoint,S003,124,unreviewed
OBS_5e9be00477dd,M4-FUNG-0514,M4-FUNG-0514:E002,experiment_outcome_raw,EXPERIMENT,M4-FUNG-0514:E002,selective micromolar cytotoxicity for several congeners,qualitative_or_composite,endpoint,S003,125,unreviewed
OBS_48182b02197b,M4-FUNG-0514,M4-FUNG-0514:E002,measurement,EXPERIMENT,M4-FUNG-0514:E002,6,quantitative,endpoint,S003,132,mapped
OBS_f1c4a8dfd826,M4-FUNG-0514,M4-FUNG-0514:E002,measurement,EXPERIMENT,M4-FUNG-0514:E002,7.9,quantitative,endpoint,S003,133,mapped
OBS_526bbd65ee9a,M4-FUNG-0514,M4-FUNG-0514:E002,measurement,EXPERIMENT,M4-FUNG-0514:E002,7.6,quantitative,endpoint,S003,134,mapped
OBS_6cd19af15950,M4-FUNG-0514,M4-FUNG-0514:E002,measurement,EXPERIMENT,M4-FUNG-0514:E002,10.8,quantitative,endpoint,S003,135,mapped
OBS_c086fc36a860,M4-FUNG-0514,M4-FUNG-0514:E002,measurement,EXPERIMENT,M4-FUNG-0514:E002,5.1,quantitative,endpoint,S003,136,mapped
OBS_cb86f1eabf6d,M4-FUNG-0515,M4-FUNG-0515:E001,experiment_outcome_raw,EXPERIMENT,M4-FUNG-0515:E001,seven new and three known drimane sesquiterpenoids identified,qualitative_or_composite,endpoint,S003,124,unreviewed
OBS_7a0f3beddfc8,M4-FUNG-0515,M4-FUNG-0515:E002,experiment_outcome_raw,EXPERIMENT,M4-FUNG-0515:E002,activities characterized at compound level; no native ecological function established,qualitative_or_composite,endpoint,S003,125,unreviewed
OBS_697383700b3a,M4-FUNG-0516,M4-FUNG-0516:E001,experiment_outcome_raw,EXPERIMENT,M4-FUNG-0516:E001,5-methylorsellinic acid produced,qualitative_or_composite,endpoint,S003,124,unreviewed
OBS_0a788e9eac61,M4-FUNG-0516,M4-FUNG-0516:E002,experiment_outcome_raw,EXPERIMENT,M4-FUNG-0516:E002,aryl aldehyde generated from neighboring PKS/NRPS-like pair,qualitative_or_composite,endpoint,S003,125,unreviewed
OBS_fafa2890a0b0,M4-FUNG-0516,M4-FUNG-0516:E003,experiment_outcome_raw,EXPERIMENT,M4-FUNG-0516:E003,NRPS-like protein establishes distinct aryl-aldehyde formation mechanism,qualitative_or_composite,endpoint,S003,126,unreviewed
OBS_38ed812f2f33,M4-FUNG-0517,M4-FUNG-0517:E001,experiment_outcome_raw,EXPERIMENT,M4-FUNG-0517:E001,preaspterpenacid I produced,qualitative_or_composite,endpoint,S003,124,unreviewed
OBS_20fed63fe242,M4-FUNG-0517,M4-FUNG-0517:E002,experiment_outcome_raw,EXPERIMENT,M4-FUNG-0517:E002,C22 oxidative modification characterized,qualitative_or_composite,endpoint,S003,125,unreviewed
OBS_427a4917406b,M4-FUNG-0518,M4-FUNG-0518:E001,experiment_outcome_raw,EXPERIMENT,M4-FUNG-0518:E001,WT produces verrucosidin; ΔverA does not,qualitative_or_composite,10 days,S003,124,unreviewed
OBS_735c103dc182,M4-FUNG-0518,M4-FUNG-0518:E002,experiment_outcome_raw,EXPERIMENT,M4-FUNG-0518:E002,WT produces verrucosidin in vivo; ΔverA loses production,qualitative_or_composite,study endpoint,S003,125,unreviewed
OBS_506843443334,M4-FUNG-0518,M4-FUNG-0518:E003,experiment_outcome_raw,EXPERIMENT,M4-FUNG-0518:E003,verA present/expressed in producer species and absent from nonproducer P. crustosum,qualitative_or_composite,10 days,S003,126,unreviewed
OBS_e12ff12b934c,M4-FUNG-0518,M4-FUNG-0518:E004,experiment_outcome_raw,EXPERIMENT,M4-FUNG-0518:E004,resolves three-enzyme epoxytetrahydrofuran-forming cascade for homologous deoxyverrucosidin pathway,qualitative_or_composite,endpoint,S005,127,unreviewed
OBS_4bafb584dd98,M4-FUNG-0519,M4-FUNG-0519:E001,experiment_outcome_raw,EXPERIMENT,M4-FUNG-0519:E001,dendrothelin A-related and oxidized peptide species detected natively,qualitative_or_composite,endpoint,S003,124,unreviewed
OBS_c72ef7a26243,M4-FUNG-0519,M4-FUNG-0519:E002,experiment_outcome_raw,EXPERIMENT,M4-FUNG-0519:E002,dendrothelin A macrocycle produced and purified,qualitative_or_composite,endpoint,S003,125,unreviewed
OBS_c6960b2d02fb,M4-FUNG-0519,M4-FUNG-0519:E003,experiment_outcome_raw,EXPERIMENT,M4-FUNG-0519:E003,no detectable toxicity days 1/3; LC50 0.472 μM day7 and 0.167 μM day14,qualitative_or_composite,"1, 3, 7, 14 days",S003,126,unreviewed
OBS_bf36fc8ef7b0,M4-FUNG-0519,M4-FUNG-0519:E004,experiment_outcome_raw,EXPERIMENT,M4-FUNG-0519:E004,omphalotin-like multiply methylated core pattern established,qualitative_or_composite,endpoint,S003,127,unreviewed
OBS_30b1829f83da,M4-FUNG-0519,M4-FUNG-0519:E003,measurement,EXPERIMENT,M4-FUNG-0519:E003,0.472,quantitative,7 days,S003,132,mapped
OBS_1a1c7ab136ca,M4-FUNG-0519,M4-FUNG-0519:E003,measurement,EXPERIMENT,M4-FUNG-0519:E003,0.167,quantitative,14 days,S003,133,mapped
OBS_7ff6996eed17,M4-FUNG-0519,M4-FUNG-0519:E002,measurement,EXPERIMENT,M4-FUNG-0519:E002,400,quantitative,endpoint,S003,134,mapped
OBS_e69a7944bc17,M4-FUNG-0520,M4-FUNG-0520:E001,experiment_outcome_raw,EXPERIMENT,M4-FUNG-0520:E001,lentinulin A-related native peptides detected,qualitative_or_composite,endpoint,S003,124,unreviewed
OBS_3ae76c3fb030,M4-FUNG-0520,M4-FUNG-0520:E002,experiment_outcome_raw,EXPERIMENT,M4-FUNG-0520:E002,lentinulin A produced and purified,qualitative_or_composite,endpoint,S003,125,unreviewed
OBS_090b1173ae9a,M4-FUNG-0520,M4-FUNG-0520:E003,experiment_outcome_raw,EXPERIMENT,M4-FUNG-0520:E003,strong day-1 activity; LC50 0.341 μM,qualitative_or_composite,"1, 3, 7, 14 days",S003,126,unreviewed
OBS_8670dd0074b6,M4-FUNG-0520,M4-FUNG-0520:E004,experiment_outcome_raw,EXPERIMENT,M4-FUNG-0520:E004,LedP supports macrocycle production and is promiscuous for tested core sequences,qualitative_or_composite,endpoint,S003,127,unreviewed
OBS_b44565292e17,M4-FUNG-0520,M4-FUNG-0520:E003,measurement,EXPERIMENT,M4-FUNG-0520:E003,0.341,quantitative,1 day,S003,132,mapped
OBS_107d5eea9e09,M4-FUNG-0520,M4-FUNG-0520:E002,measurement,EXPERIMENT,M4-FUNG-0520:E002,800,quantitative,endpoint,S003,133,mapped
OBS_b961bc72b9c5,M4-FUNG-0520,M4-FUNG-0520:E003,measurement,EXPERIMENT,M4-FUNG-0520:E003,0.1–3,qualitative_or_text,1–14 days,S003,134,mapped
OBS_f632026e4b63,M4-FUNG-0521,M4-FUNG-0521:E001,experiment_outcome_raw,EXPERIMENT,M4-FUNG-0521:E001,aspcandine produced and pathway genes assigned,qualitative_or_composite,endpoint,S003,124,unreviewed
OBS_725baf3a6795,M4-FUNG-0521,M4-FUNG-0521:E002,experiment_outcome_raw,EXPERIMENT,M4-FUNG-0521:E002,"unusual amino-acid incorporation, one malonyl extension and release mechanism established",qualitative_or_composite,endpoint,S003,125,unreviewed
OBS_a16dc8b0863e,M4-FUNG-0521,M4-FUNG-0521:E003,experiment_outcome_raw,EXPERIMENT,M4-FUNG-0521:E003,pyrrolobenzazepine structure established,qualitative_or_composite,endpoint,S003,126,unreviewed
OBS_7d5630925591,M4-FUNG-0521,M4-FUNG-0521:E004,experiment_outcome_raw,EXPERIMENT,M4-FUNG-0521:E004,AcdD assigned KMO precursor-supply role upstream of AcdB,qualitative_or_composite,endpoint,S001; S003,127,unreviewed
OBS_a80d07371c02,M4-FUNG-0522,M4-FUNG-0522:E001,experiment_outcome_raw,EXPERIMENT,M4-FUNG-0522:E001,previously silent dba cluster becomes accessible and the cluster regulator DbaA is implicated,qualitative_or_composite,endpoint,S003,124,unreviewed
OBS_bd1abf42ce97,M4-FUNG-0522,M4-FUNG-0522:E002,experiment_outcome_raw,EXPERIMENT,M4-FUNG-0522:E002,the adjacent troA module and dba genes are co-induced in a DbaA-dependent manner,qualitative_or_composite,induction endpoint,S004,125,unreviewed
OBS_22af4618bff6,M4-FUNG-0522,M4-FUNG-0522:E003,experiment_outcome_raw,EXPERIMENT,M4-FUNG-0522:E003,"gene-specific loss and accumulation patterns resolve the major azanidulone, tropolone and tripyrnidone branches",qualitative_or_composite,2-day analytical window,S004,126,unreviewed
OBS_9e178c9f8e3f,M4-FUNG-0522,M4-FUNG-0522:E004,experiment_outcome_raw,EXPERIMENT,M4-FUNG-0522:E004,S. mobaraensis and its glycopeptide signal activate the dba/troA programme; comparator Streptomyces do not reproduce the same response,qualitative_or_composite,multi-day confrontation,S004,127,unreviewed
OBS_ca694975b141,M4-FUNG-0522,M4-FUNG-0522:E005,experiment_outcome_raw,EXPERIMENT,M4-FUNG-0522:E005,the dba-product-containing extract shows an iron-dependent inhibition/growth-zone phenotype consistent with strong chelation,qualitative_or_composite,endpoint,S004,128,unreviewed
OBS_901f076b1c1c,M4-FUNG-0522,M4-FUNG-0522:E002,measurement,EXPERIMENT,M4-FUNG-0522:E002,0.5-1,qualitative_or_text,induction endpoint,S004,132,mapped
OBS_c0ae67d53e31,M4-FUNG-0522,M4-FUNG-0522:E003,measurement,EXPERIMENT,M4-FUNG-0522:E003,2,quantitative,endpoint,S004,133,mapped
OBS_c07c3fe26855,M4-FUNG-0522,M4-FUNG-0522:E005,measurement,EXPERIMENT,M4-FUNG-0522:E005,1.6 ± 0.1,qualitative_or_text,endpoint,S004,134,mapped
OBS_76f030af7b51,M4-FUNG-0522,M4-FUNG-0522:E005,measurement,EXPERIMENT,M4-FUNG-0522:E005,2.6 ± 0.4,qualitative_or_text,endpoint,S004,135,mapped
OBS_874e9f4c3999,M4-FUNG-0522,M4-FUNG-0522:E005,measurement,EXPERIMENT,M4-FUNG-0522:E005,3.9 ± 0.5,qualitative_or_text,endpoint,S004,136,mapped
OBS_59fed529f6ff,M4-FUNG-0523,M4-FUNG-0523:E001,experiment_outcome_raw,EXPERIMENT,M4-FUNG-0523:E001,biosynthetic sequence to brevione E established and pathway intermediates assigned,qualitative_or_composite,endpoint,S003,124,unreviewed
OBS_ea0b31fec7ea,M4-FUNG-0523,M4-FUNG-0523:E002,experiment_outcome_raw,EXPERIMENT,M4-FUNG-0523:E002,BrvJ-mediated skeletal rearrangement/cycloheptenone branch directly demonstrated,qualitative_or_composite,endpoint,S003,125,unreviewed
OBS_88cea06a147c,M4-FUNG-0523,M4-FUNG-0523:E003,experiment_outcome_raw,EXPERIMENT,M4-FUNG-0523:E003,product-selectivity residues distinguish BrvJ rearrangement from SetK hydroxylation,qualitative_or_composite,endpoint,S003,126,unreviewed
OBS_c68678904b1c,M4-FUNG-0524,M4-FUNG-0524:E001,experiment_outcome_raw,EXPERIMENT,M4-FUNG-0524:E001,increased secondary-metabolite diversity including colletorin/colletochlorin family,qualitative_or_composite,endpoint,S004,124,unreviewed
OBS_935dd5458e71,M4-FUNG-0524,M4-FUNG-0524:E002,experiment_outcome_raw,EXPERIMENT,M4-FUNG-0524:E002,orsellinic acid only; CTC4 protein was not detected,qualitative_or_composite,3 days,S003,125,unreviewed
OBS_fbad48bd4ab1,M4-FUNG-0524,M4-FUNG-0524:E003,experiment_outcome_raw,EXPERIMENT,M4-FUNG-0524:E003,"OA, colletorin D acid/B/D and colletochlorin B/D detected; four-gene BGC causality established",qualitative_or_composite,endpoint,S003,126,unreviewed
OBS_b72a413ae561,M4-FUNG-0524,M4-FUNG-0524:E004,experiment_outcome_raw,EXPERIMENT,M4-FUNG-0524:E004,"some pathway products substantially overproduced in yeast, up to ~35-fold versus native producer",qualitative_or_composite,endpoint,S003,127,unreviewed
OBS_f2a21a4ff4ad,M4-FUNG-0524,M4-FUNG-0524:E004,measurement,EXPERIMENT,M4-FUNG-0524:E004,35,quantitative,endpoint,S003,132,mapped
OBS_f4eca43542c1,M4-FUNG-0524,M4-FUNG-0524:E002,measurement,EXPERIMENT,M4-FUNG-0524:E002,3,quantitative,endpoint,S003,133,mapped
OBS_39af60e9e377,M4-FUNG-0525,M4-FUNG-0525:E001,experiment_outcome_raw,EXPERIMENT,M4-FUNG-0525:E001,compounds 1–4 specifically detected; sartorypyrone family established,qualitative_or_composite,endpoint,S003,124,unreviewed
OBS_63021270cbfd,M4-FUNG-0525,M4-FUNG-0525:E002,experiment_outcome_raw,EXPERIMENT,M4-FUNG-0525:E002,sufficient compounds 1–4 isolated for structural elucidation,qualitative_or_composite,endpoint,S003,125,unreviewed
OBS_749666427a28,M4-FUNG-0525,M4-FUNG-0525:E003,experiment_outcome_raw,EXPERIMENT,M4-FUNG-0525:E003,compounds 3/4 reduced by >100-fold; trace residual formation remains,qualitative_or_composite,endpoint,S003,126,unreviewed
OBS_e4affa3bfda6,M4-FUNG-0525,M4-FUNG-0525:E004,experiment_outcome_raw,EXPERIMENT,M4-FUNG-0525:E004,acetylated 3/4 absent; unacetylated 1/2 increase >100-fold,qualitative_or_composite,endpoint,S003,127,unreviewed
OBS_1dd5b31a54ee,M4-FUNG-0525,M4-FUNG-0525:E005,experiment_outcome_raw,EXPERIMENT,M4-FUNG-0525:E005,"distinct intermediates/shunts accumulate, resolving epoxidation, cyclization and GGPP-supply steps",qualitative_or_composite,endpoint,S003,128,unreviewed
OBS_ac3bdbe9157e,M4-FUNG-0525,M4-FUNG-0525:E006,experiment_outcome_raw,EXPERIMENT,M4-FUNG-0525:E006,triacetic acid lactone identified as SpyA product,qualitative_or_composite,endpoint,S003,129,unreviewed
OBS_132c6efef1d4,M4-FUNG-0525,M4-FUNG-0525:E003,measurement,EXPERIMENT,M4-FUNG-0525:E003,>100,qualitative_or_text,endpoint,S003,132,mapped
OBS_064a043cc0c8,M4-FUNG-0525,M4-FUNG-0525:E004,measurement,EXPERIMENT,M4-FUNG-0525:E004,>100,qualitative_or_text,endpoint,S003,133,mapped
OBS_f441ff13b581,M4-FUNG-0525,M4-FUNG-0525:E001,measurement,EXPERIMENT,M4-FUNG-0525:E001,12,quantitative,study,S003,134,mapped
OBS_828fd0bb84ce,M4-FUNG-0525,M4-FUNG-0525:E001,measurement,EXPERIMENT,M4-FUNG-0525:E001,7,quantitative,study,S003,135,mapped
OBS_824a3ac8f711,M4-FUNG-0528,M4-FUNG-0528:E001,measurement,EXPERIMENT,M4-FUNG-0528:E001,22,quantitative,,,133,mapped
OBS_79a912d3fff3,M4-FUNG-0528,M4-FUNG-0528:E004,measurement,EXPERIMENT,M4-FUNG-0528:E004,7,quantitative,,,134,mapped
OBS_a52f8ac0f092,M4-FUNG-0528,M4-FUNG-0528:E001,measurement,EXPERIMENT,M4-FUNG-0528:E001,100,quantitative,,,135,mapped
OBS_b89f78348800,M4-FUNG-0533,M4-FUNG-0533:E005,measurement,EXPERIMENT,M4-FUNG-0533:E005,0.1,quantitative,,,133,mapped
OBS_06952b24eb72,M4-FUNG-0567,M4-FUNG-0567:E001,measurement,EXPERIMENT,M4-FUNG-0567:E001,125,quantitative,,,132,mapped
OBS_06f1e7daf21c,M4-FUNG-0570,M4-FUNG-0570:E001,measurement,EXPERIMENT,M4-FUNG-0570:E001,7,quantitative,,,132,mapped
OBS_69dcc4e7607a,M4-FUNG-0570,M4-FUNG-0570:E003,measurement,EXPERIMENT,M4-FUNG-0570:E003,411,quantitative,,,133,mapped
OBS_7c6372090c77,M4-FUNG-0570,M4-FUNG-0570:E003,measurement,EXPERIMENT,M4-FUNG-0570:E003,46.7,quantitative,,,134,mapped
OBS_a52c14945db0,M4-FUNG-0572,M4-FUNG-0572:E001,measurement,EXPERIMENT,M4-FUNG-0572:E001,~1000,qualitative_or_text,,,132,mapped
OBS_c0cb40d45d5a,M4-FUNG-0573,M4-FUNG-0573:E001,measurement,EXPERIMENT,M4-FUNG-0573:E001,7,quantitative,,,132,mapped
OBS_7ec9c79958a4,M4-FUNG-0573,M4-FUNG-0573:E001,measurement,EXPERIMENT,M4-FUNG-0573:E001,586.3963,quantitative,,,133,mapped
OBS_aac7d20af753,M4-FUNG-0573,M4-FUNG-0573:E001,measurement,EXPERIMENT,M4-FUNG-0573:E001,625.4062,quantitative,,,134,mapped
OBS_8a44f2bb7152,M4-FUNG-0573,M4-FUNG-0573:E001,measurement,EXPERIMENT,M4-FUNG-0573:E001,602.3912,quantitative,,,135,mapped
OBS_37186349abe9,M4-FUNG-0574,M4-FUNG-0574:E001,measurement,EXPERIMENT,M4-FUNG-0574:E001,764,quantitative,,,132,mapped
OBS_246c6eaef726,M4-FUNG-0574,M4-FUNG-0574:E001,measurement,EXPERIMENT,M4-FUNG-0574:E001,20599,quantitative,,,133,mapped
OBS_26bacf2fce7c,M4-FUNG-0575,M4-FUNG-0575:E001,measurement,EXPERIMENT,M4-FUNG-0575:E001,7,quantitative,,,132,mapped
OBS_a961ad8051f9,M4-FUNG-0575,M4-FUNG-0575:E001,measurement,EXPERIMENT,M4-FUNG-0575:E001,97.3-357.8,qualitative_or_text,,,133,mapped
OBS_0d7ed8a39560,M4-FUNG-0575,M4-FUNG-0575:E001,measurement,EXPERIMENT,M4-FUNG-0575:E001,147,quantitative,,,134,mapped
OBS_3d50e2aefc65,M4-FUNG-0575,M4-FUNG-0575:E001,measurement,EXPERIMENT,M4-FUNG-0575:E001,645.4074,quantitative,,,135,mapped
OBS_df2cef8c0caf,M4-FUNG-0576,M4-FUNG-0576:E001,measurement,EXPERIMENT,M4-FUNG-0576:E001,5,quantitative,,,132,mapped
OBS_b84d673e6d7e,M4-FUNG-0576,M4-FUNG-0576:E001,measurement,EXPERIMENT,M4-FUNG-0576:E001,6,quantitative,,,133,mapped
OBS_11196dbb1751,M4-FUNG-0577,M4-FUNG-0577:E002,measurement,EXPERIMENT,M4-FUNG-0577:E002,at least 23,qualitative_or_text,,,131,mapped
OBS_f9d575c971b6,M4-FUNG-0577,M4-FUNG-0577:E002,measurement,EXPERIMENT,M4-FUNG-0577:E002,2113,quantitative,,,132,mapped
OBS_be863eac67d0,M4-FUNG-0577,M4-FUNG-0577:E002,measurement,EXPERIMENT,M4-FUNG-0577:E002,417,quantitative,,,133,mapped
OBS_ef83d1eeca8f,M4-FUNG-0577,M4-FUNG-0577:E002,measurement,EXPERIMENT,M4-FUNG-0577:E002,408,quantitative,,,134,mapped
OBS_40b810e65996,M4-FUNG-0578,M4-FUNG-0578:E004,measurement,EXPERIMENT,M4-FUNG-0578:E004,12,quantitative,,,131,mapped
OBS_267dc97f0c73,M4-FUNG-0578,M4-FUNG-0578:E003,measurement,EXPERIMENT,M4-FUNG-0578:E003,457,quantitative,,,132,mapped
OBS_1e0b62bc366b,M4-FUNG-0578,M4-FUNG-0578:E003,measurement,EXPERIMENT,M4-FUNG-0578:E003,51.9,quantitative,,,133,mapped
OBS_ed842927c1ca,M4-FUNG-0578,M4-FUNG-0578:E003,measurement,EXPERIMENT,M4-FUNG-0578:E003,1.9,quantitative,,,134,mapped
OBS_9ff64ba54b2a,M4-FUNG-0579,M4-FUNG-0579:E001,measurement,EXPERIMENT,M4-FUNG-0579:E001,7,quantitative,,,131,mapped
OBS_a7f5ba1f3d52,M4-FUNG-0579,M4-FUNG-0579:E002,measurement,EXPERIMENT,M4-FUNG-0579:E002,4,quantitative,,,132,mapped
OBS_2f8556d2e817,M4-FUNG-0580,M4-FUNG-0580:E002,measurement,EXPERIMENT,M4-FUNG-0580:E002,5,quantitative,,,131,mapped
OBS_04915366c423,M4-FUNG-0580,M4-FUNG-0580:E001,measurement,EXPERIMENT,M4-FUNG-0580:E001,8,quantitative,,,132,mapped
OBS_f6c8587407a9,M4-FUNG-0580,M4-FUNG-0580:E002,measurement,EXPERIMENT,M4-FUNG-0580:E002,42,quantitative,,,133,mapped
OBS_8e28281641ad,M4-FUNG-0581,M4-FUNG-0581:E001,measurement,EXPERIMENT,M4-FUNG-0581:E001,14,quantitative,,,137,mapped
OBS_6f3968200eb7,M4-FUNG-0581,M4-FUNG-0581:E003,measurement,EXPERIMENT,M4-FUNG-0581:E003,40,quantitative,,,138,mapped
OBS_5778a5e8b194,M4-FUNG-0581,M4-FUNG-0581:E003,measurement,EXPERIMENT,M4-FUNG-0581:E003,130,quantitative,,,139,mapped
OBS_6e7bd5ee672c,M4-FUNG-0582,M4-FUNG-0582:E003,measurement,EXPERIMENT,M4-FUNG-0582:E003,44,quantitative,,,133,mapped
OBS_2677286e9e8d,M4-FUNG-0582,M4-FUNG-0582:E003,measurement,EXPERIMENT,M4-FUNG-0582:E003,5,quantitative,,,134,mapped
OBS_d9f56c1e0157,M4-FUNG-0582,M4-FUNG-0582:E003,measurement,EXPERIMENT,M4-FUNG-0582:E003,19,quantitative,,,135,mapped
OBS_41ce98b0f388,M4-FUNG-0582,M4-FUNG-0582:E003,measurement,EXPERIMENT,M4-FUNG-0582:E003,7.5,quantitative,,,136,mapped
OBS_df73368159d0,M4-FUNG-0583,M4-FUNG-0583:E001,measurement,EXPERIMENT,M4-FUNG-0583:E001,6,quantitative,,,131,mapped
OBS_4a95e6a44915,M4-FUNG-0583,M4-FUNG-0583:E001,measurement,EXPERIMENT,M4-FUNG-0583:E001,7,quantitative,,,132,mapped
OBS_c9614b6d15f1,M4-FUNG-0583,M4-FUNG-0583:E003,measurement,EXPERIMENT,M4-FUNG-0583:E003,4,quantitative,,,133,mapped
OBS_cdeb16139f1f,M4-FUNG-0583,M4-FUNG-0583:E004,measurement,EXPERIMENT,M4-FUNG-0583:E004,120,quantitative,,,134,mapped
OBS_2d7b57b8bbf0,M4-FUNG-0584,M4-FUNG-0584:E001,measurement,EXPERIMENT,M4-FUNG-0584:E001,2,quantitative,,,131,mapped
OBS_62f638fce365,M4-FUNG-0592,M4-FUNG-0592:E001,measurement,EXPERIMENT,M4-FUNG-0592:E001,~60,qualitative_or_text,,,131,mapped
OBS_cc35ecf3a957,M4-FUNG-0592,M4-FUNG-0592:E001,measurement,EXPERIMENT,M4-FUNG-0592:E001,23.21,quantitative,,,132,mapped
OBS_776439f02c15,M4-FUNG-0592,M4-FUNG-0592:E001,measurement,EXPERIMENT,M4-FUNG-0592:E001,37.34,quantitative,,,133,mapped
OBS_e12724bce6f4,M4-FUNG-0593,M4-FUNG-0593:E001,measurement,EXPERIMENT,M4-FUNG-0593:E001,50,quantitative,,,131,mapped
OBS_38cbaba72159,M4-FUNG-0593,M4-FUNG-0593:E001,measurement,EXPERIMENT,M4-FUNG-0593:E001,72,quantitative,,,132,mapped
OBS_93f89a234cac,M4-FUNG-0594,M4-FUNG-0594:E002,measurement,EXPERIMENT,M4-FUNG-0594:E002,503.3003,quantitative,,,130,mapped
OBS_5952b3a490ad,M4-FUNG-0594,M4-FUNG-0594:E002,measurement,EXPERIMENT,M4-FUNG-0594:E002,5.71,quantitative,,,131,mapped
OBS_826f39f8de36,M4-FUNG-0594,M4-FUNG-0594:E002,measurement,EXPERIMENT,M4-FUNG-0594:E002,487.3054,quantitative,,,132,mapped
OBS_480ecee77d37,M4-FUNG-0594,M4-FUNG-0594:E002,measurement,EXPERIMENT,M4-FUNG-0594:E002,6.13,quantitative,,,133,mapped
OBS_1a313eabb0f2,M4-FUNG-0594,,measurement,UNRESOLVED_REFERENCE,S001,24141,quantitative,,,134,mapped
OBS_6aa742269b31,M4-FUNG-0595,M4-FUNG-0595:E001,measurement,EXPERIMENT,M4-FUNG-0595:E001,~34,qualitative_or_text,,,130,mapped
OBS_9e9381d574d6,M4-FUNG-0595,M4-FUNG-0595:E002,measurement,EXPERIMENT,M4-FUNG-0595:E002,~37,qualitative_or_text,,,131,mapped
OBS_599cf8d024a0,M4-FUNG-0595,M4-FUNG-0595:E003,measurement,EXPERIMENT,M4-FUNG-0595:E003,51,quantitative,,,132,mapped
OBS_927142bb77ce,M4-FUNG-0595,M4-FUNG-0595:E003,measurement,EXPERIMENT,M4-FUNG-0595:E003,8,quantitative,,,133,mapped
OBS_8145fcd86500,M4-FUNG-0595,M4-FUNG-0595:E003,measurement,EXPERIMENT,M4-FUNG-0595:E003,10,quantitative,,,134,mapped
OBS_f638824ac5ed,M4-FUNG-0596,M4-FUNG-0596:E003,measurement,EXPERIMENT,M4-FUNG-0596:E003,10,quantitative,,,130,mapped
OBS_540c867a1814,M4-FUNG-0596,,measurement,UNRESOLVED_REFERENCE,S001,34344,quantitative,,,131,mapped
OBS_8790e41c3b7d,M4-FUNG-0597,M4-FUNG-0597:E002,measurement,EXPERIMENT,M4-FUNG-0597:E002,potent,qualitative_or_text,,,130,mapped
OBS_e725382658fc,M4-FUNG-0598,M4-FUNG-0598:E001,measurement,EXPERIMENT,M4-FUNG-0598:E001,abolished,qualitative_or_text,,,130,mapped
OBS_90f00b88f921,M4-FUNG-0598,M4-FUNG-0598:E002,measurement,EXPERIMENT,M4-FUNG-0598:E002,restored,qualitative_or_text,,,131,mapped
OBS_29d4b871ba86,M4-FUNG-0598,,measurement,UNRESOLVED_REFERENCE,S001,15468,quantitative,,,132,mapped
OBS_c37153bd8302,M4-FUNG-0599,M4-FUNG-0599:E001,measurement,EXPERIMENT,M4-FUNG-0599:E001,detected/characterized,qualitative_or_text,,,130,mapped
OBS_0123009a2ebd,M4-FUNG-0600,M4-FUNG-0600:E001,measurement,EXPERIMENT,M4-FUNG-0600:E001,abolished,qualitative_or_text,,,130,mapped
OBS_1c2e9a3a7bc4,M4-FUNG-0600,M4-FUNG-0600:E003,measurement,EXPERIMENT,M4-FUNG-0600:E003,not essential,qualitative_or_text,,,131,mapped
OBS_ab8801fea568,M4-FUNG-0600,,measurement,UNRESOLVED_REFERENCE,S001,32293,quantitative,,,132,mapped
OBS_91a86875429d,M4-FUNG-0601,M4-FUNG-0601:E003,measurement,EXPERIMENT,M4-FUNG-0601:E003,"(2S,9S)-annullatin D",qualitative_or_text,,,130,mapped
OBS_33b09e5ee7ad,M4-FUNG-0601,,measurement,UNRESOLVED_REFERENCE,S001,28399,quantitative,,,131,mapped
OBS_9e00b6bf5e3f,M4-FUNG-0602,M4-FUNG-0602:E001,measurement,EXPERIMENT,M4-FUNG-0602:E001,absent,qualitative_or_text,,,130,mapped
OBS_2359ede83048,M4-FUNG-0602,M4-FUNG-0602:E003,measurement,EXPERIMENT,M4-FUNG-0602:E003,~8-fold elevated,qualitative_or_text,,,131,mapped
OBS_f00e0e110e23,M4-FUNG-0602,,measurement,UNRESOLVED_REFERENCE,S001,16677,quantitative,,,132,mapped
OBS_9de405058dce,M4-FUNG-0603,M4-FUNG-0603:E002,measurement,EXPERIMENT,M4-FUNG-0603:E002,cAATrp,qualitative_or_text,,,130,mapped
OBS_c2a619dab80e,M4-FUNG-0603,M4-FUNG-0603:E003,measurement,EXPERIMENT,M4-FUNG-0603:E003,β-CPA,qualitative_or_text,,,131,mapped
OBS_25b6a7ae6b8d,M4-FUNG-0603,,measurement,UNRESOLVED_REFERENCE,S001,23501,quantitative,,,132,mapped
OBS_9f07251dbf8d,M4-FUNG-0604,M4-FUNG-0604:E003,measurement,EXPERIMENT,M4-FUNG-0604:E003,HexPP,qualitative_or_text,,,130,mapped
OBS_176f8035af7a,M4-FUNG-0604,M4-FUNG-0604:E003,measurement,EXPERIMENT,M4-FUNG-0604:E003,talaropentaene,qualitative_or_text,,,131,mapped
OBS_569190de61d1,M4-FUNG-0604,,measurement,UNRESOLVED_REFERENCE,S001,2510,quantitative,,,132,mapped
OBS_06b294eda4f8,M4-FUNG-0605,M4-FUNG-0605:E001,measurement,EXPERIMENT,M4-FUNG-0605:E001,macrophomene,qualitative_or_text,,,130,mapped
OBS_79e348ae89c6,M4-FUNG-0605,M4-FUNG-0605:E002,measurement,EXPERIMENT,M4-FUNG-0605:E002,macrophomene,qualitative_or_text,,,131,mapped
OBS_f766bc51d93b,M4-FUNG-0605,,measurement,UNRESOLVED_REFERENCE,S001,2619,quantitative,,,132,mapped
OBS_81c6ed33b382,M4-FUNG-0606,M4-FUNG-0606:E001,measurement,EXPERIMENT,M4-FUNG-0606:E001,30.5,quantitative,,,130,mapped
OBS_57ce808c48f7,M4-FUNG-0606,M4-FUNG-0606:E001,measurement,EXPERIMENT,M4-FUNG-0606:E001,24.2,quantitative,,,131,mapped
OBS_3a84ed10547c,M4-FUNG-0606,,measurement,UNRESOLVED_REFERENCE,S001,2721,quantitative,,,132,mapped
OBS_5ee55060d505,M4-FUNG-0607,M4-FUNG-0607:E002,measurement,EXPERIMENT,M4-FUNG-0607:E002,14,quantitative,,,130,mapped
OBS_838d59e4b1b0,M4-FUNG-0608,,measurement,UNRESOLVED_REFERENCE,S001,78101,quantitative,,,130,mapped
OBS_32e316627325,M4-FUNG-0609,,measurement,UNRESOLVED_REFERENCE,S001,20301,quantitative,,,130,mapped
OBS_c99d567360c9,M4-FUNG-0609,M4-FUNG-0609:E001,measurement,EXPERIMENT,M4-FUNG-0609:E001,11,quantitative,,,131,mapped
