dossier_id,source_row,field,excluded_value_present,reason,source_ids
M4-FUNG-0001,7,schema_version,True,administrative_excluded,
M4-FUNG-0001,8,dossier_id,True,administrative_excluded,
M4-FUNG-0001,9,sheet_record_status,True,administrative_excluded,
M4-FUNG-0001,10,annotation_status,True,administrative_excluded,
M4-FUNG-0001,11,annotation_date,True,administrative_excluded,
M4-FUNG-0001,12,inference,False,administrative_excluded,
M4-FUNG-0001,13,last_reviewed_date,True,administrative_excluded,
M4-FUNG-0001,20,mibig_record_status,True,provenance_only,S001
M4-FUNG-0001,21,source_native_category_value,True,provenance_only,S001
M4-FUNG-0001,22,mibig_completeness,True,provenance_only,S001
M4-FUNG-0001,25,primary_reference_source_id,True,provenance_only,
M4-FUNG-0001,57,boundary_confidence,True,provenance_only,S001; S002; S003
M4-FUNG-0001,58,pathway_identity_confidence,True,provenance_only,S001; S002; S003
M4-FUNG-0001,89,candidate_bgc_credibility,True,provenance_only,S002; S003
M4-FUNG-0001,90,coordinated_transcription_evidence,True,provenance_only,S002
M4-FUNG-0001,91,biochemical_execution_evidence,True,provenance_only,S002; S003
M4-FUNG-0001,92,product_formation_evidence,True,provenance_only,S002; S004
M4-FUNG-0001,94,bgc_product_attribution,True,provenance_only,S002; S003
M4-FUNG-0001,95,gene_product_attribution,True,provenance_only,S001; S002
M4-FUNG-0001,96,complete_pathway_reconstruction,True,provenance_only,S001; S002; S003
M4-FUNG-0001,98,major_database_problem,True,provenance_only,S001; S002; S003
M4-FUNG-0001,99,best_use_case_for_atlas,True,provenance_only,S001; S002; S003
M4-FUNG-0001,100,overall_note,True,provenance_only,S001; S002; S003
M4-FUNG-0001,104,gene.legacy_support_annotation,True,provenance_only,S001; S002
M4-FUNG-0001,105,gene.legacy_support_annotation,True,provenance_only,S001; S002
M4-FUNG-0001,106,gene.legacy_support_annotation,True,provenance_only,S001; S002
M4-FUNG-0001,107,gene.legacy_support_annotation,True,provenance_only,S001; S002
M4-FUNG-0001,108,gene.legacy_support_annotation,True,provenance_only,S001; S002
M4-FUNG-0001,109,gene.legacy_support_annotation,True,provenance_only,S001; S002
M4-FUNG-0001,117,metabolite.legacy_attribution_annotation,True,provenance_only,S002; S004
M4-FUNG-0001,118,metabolite.legacy_attribution_annotation,True,provenance_only,S002; S004
M4-FUNG-0001,119,metabolite.legacy_attribution_annotation,True,provenance_only,S004
M4-FUNG-0001,156,claim.legacy_support_annotation,True,provenance_only,S001; S002
M4-FUNG-0001,157,claim.legacy_support_annotation,True,provenance_only,S001; S003
M4-FUNG-0001,158,claim.legacy_support_annotation,True,provenance_only,S002; S004
M4-FUNG-0001,159,claim.legacy_support_annotation,True,provenance_only,S003
M4-FUNG-0001,169,relationship.legacy_support_annotation,True,provenance_only,S001; S003
M4-FUNG-0001,170,relationship.legacy_support_annotation,True,provenance_only,S003
M4-FUNG-0001,171,relationship.legacy_support_annotation,True,provenance_only,S002
M4-FUNG-0001,172,relationship.legacy_support_annotation,True,provenance_only,S004
M4-FUNG-0002,7,schema_version,True,administrative_excluded,
M4-FUNG-0002,8,dossier_id,True,administrative_excluded,
M4-FUNG-0002,9,sheet_record_status,True,administrative_excluded,
M4-FUNG-0002,10,annotation_status,True,administrative_excluded,
M4-FUNG-0002,11,annotation_date,True,administrative_excluded,
M4-FUNG-0002,12,inference,False,administrative_excluded,
M4-FUNG-0002,13,last_reviewed_date,True,administrative_excluded,
M4-FUNG-0002,20,mibig_record_status,True,provenance_only,S001
M4-FUNG-0002,21,source_native_category_value,True,provenance_only,S001
M4-FUNG-0002,22,mibig_completeness,True,provenance_only,S001
M4-FUNG-0002,25,primary_reference_source_id,True,provenance_only,
M4-FUNG-0002,57,boundary_confidence,True,provenance_only,S001; S002; S003; S004
M4-FUNG-0002,58,pathway_identity_confidence,True,provenance_only,S001; S002; S003; S004
M4-FUNG-0002,89,candidate_bgc_credibility,True,provenance_only,S002; S003
M4-FUNG-0002,90,coordinated_transcription_evidence,True,provenance_only,S002; S003
M4-FUNG-0002,91,biochemical_execution_evidence,True,provenance_only,S002; S003
M4-FUNG-0002,92,product_formation_evidence,True,provenance_only,S002; S003
M4-FUNG-0002,94,bgc_product_attribution,True,provenance_only,S001; S002; S003; S004
M4-FUNG-0002,95,gene_product_attribution,True,provenance_only,S002; S003
M4-FUNG-0002,96,complete_pathway_reconstruction,True,provenance_only,
M4-FUNG-0002,98,major_database_problem,True,provenance_only,S001; S002; S003; S004
M4-FUNG-0002,99,best_use_case_for_atlas,True,provenance_only,S001; S002; S003; S004
M4-FUNG-0002,100,overall_note,True,provenance_only,S001; S002; S003; S004
M4-FUNG-0002,104,gene.legacy_support_annotation,True,provenance_only,S001; S002
M4-FUNG-0002,105,gene.legacy_support_annotation,True,provenance_only,S001; S002
M4-FUNG-0002,106,gene.legacy_support_annotation,True,provenance_only,S001
M4-FUNG-0002,107,gene.legacy_support_annotation,True,provenance_only,S001
M4-FUNG-0002,108,gene.legacy_support_annotation,True,provenance_only,S001
M4-FUNG-0002,109,gene.legacy_support_annotation,True,provenance_only,S001; S002; S003
M4-FUNG-0002,110,gene.legacy_support_annotation,True,provenance_only,S001; S003
M4-FUNG-0002,111,gene.legacy_support_annotation,True,provenance_only,S001
M4-FUNG-0002,112,gene.legacy_support_annotation,True,provenance_only,S001
M4-FUNG-0002,113,gene.legacy_support_annotation,True,provenance_only,S001; S002
M4-FUNG-0002,114,gene.legacy_support_annotation,True,provenance_only,S001
M4-FUNG-0002,115,gene.legacy_support_annotation,True,provenance_only,S001; S002
M4-FUNG-0002,116,gene.legacy_support_annotation,True,provenance_only,S001; S002
M4-FUNG-0002,117,gene.legacy_support_annotation,True,provenance_only,S001; S002
M4-FUNG-0002,118,gene.legacy_support_annotation,True,provenance_only,S001
M4-FUNG-0002,119,gene.legacy_support_annotation,True,provenance_only,S001
M4-FUNG-0002,120,gene.legacy_support_annotation,True,provenance_only,S001; S002
M4-FUNG-0002,121,gene.legacy_support_annotation,True,provenance_only,S001
M4-FUNG-0002,122,gene.legacy_support_annotation,True,provenance_only,S001; S002
M4-FUNG-0002,123,gene.legacy_support_annotation,True,provenance_only,S001
M4-FUNG-0002,124,gene.legacy_support_annotation,True,provenance_only,S001
M4-FUNG-0002,125,gene.legacy_support_annotation,True,provenance_only,S001
M4-FUNG-0002,126,gene.legacy_support_annotation,True,provenance_only,S001
M4-FUNG-0002,130,metabolite.legacy_attribution_annotation,True,provenance_only,S001; S007
M4-FUNG-0002,169,claim.legacy_support_annotation,True,provenance_only,S001; S002
M4-FUNG-0002,170,claim.legacy_support_annotation,True,provenance_only,S002
M4-FUNG-0002,171,claim.legacy_support_annotation,True,provenance_only,S003
M4-FUNG-0002,172,claim.legacy_support_annotation,True,provenance_only,S002; S003; S004
M4-FUNG-0002,173,claim.legacy_support_annotation,True,provenance_only,S001; S002; S007
M4-FUNG-0002,182,relationship.legacy_support_annotation,True,provenance_only,S001; S002
M4-FUNG-0002,183,relationship.legacy_support_annotation,True,provenance_only,S003
M4-FUNG-0002,184,relationship.legacy_support_annotation,True,provenance_only,S002
M4-FUNG-0002,185,relationship.legacy_support_annotation,True,provenance_only,S003
M4-FUNG-0002,186,relationship.legacy_support_annotation,True,provenance_only,S001; S007
M4-FUNG-0003,7,schema_version,True,administrative_excluded,
M4-FUNG-0003,8,dossier_id,True,administrative_excluded,
M4-FUNG-0003,9,sheet_record_status,True,administrative_excluded,
M4-FUNG-0003,10,annotation_status,True,administrative_excluded,
M4-FUNG-0003,11,annotation_date,True,administrative_excluded,
M4-FUNG-0003,12,inference,False,administrative_excluded,
M4-FUNG-0003,13,last_reviewed_date,True,administrative_excluded,
M4-FUNG-0003,20,mibig_record_status,True,provenance_only,S001; S002
M4-FUNG-0003,21,source_native_category_value,True,provenance_only,S001
M4-FUNG-0003,22,mibig_completeness,True,provenance_only,S001
M4-FUNG-0003,25,primary_reference_source_id,True,provenance_only,
M4-FUNG-0003,57,boundary_confidence,True,provenance_only,S003; S004; S015; S016
M4-FUNG-0003,58,pathway_identity_confidence,True,provenance_only,S001; S002; S003; S004; S006; S008; S009; S010
M4-FUNG-0003,89,candidate_bgc_credibility,True,provenance_only,S003; S004; S006; S008; S009; S010
M4-FUNG-0003,90,coordinated_transcription_evidence,True,provenance_only,S003; S004; S006; S008; S009; S010
M4-FUNG-0003,91,biochemical_execution_evidence,True,provenance_only,S003; S004; S006; S008; S009; S010
M4-FUNG-0003,92,product_formation_evidence,True,provenance_only,S003; S004; S006; S008; S009; S010
M4-FUNG-0003,94,bgc_product_attribution,True,provenance_only,S003; S004; S006; S008; S009; S010
M4-FUNG-0003,95,gene_product_attribution,True,provenance_only,S003; S004; S006; S008; S009; S010
M4-FUNG-0003,96,complete_pathway_reconstruction,True,provenance_only,S001; S002; S003; S004; S006; S008; S009; S010
M4-FUNG-0003,98,major_database_problem,True,provenance_only,S001; S003; S004; S015; S016
M4-FUNG-0003,99,best_use_case_for_atlas,True,provenance_only,S001; S002; S003; S004; S006; S008; S009; S010
M4-FUNG-0003,100,overall_note,True,provenance_only,S001; S003; S004; S012; S013; S014; S015; S016; S017
M4-FUNG-0003,104,gene.legacy_support_annotation,True,provenance_only,S016
M4-FUNG-0003,105,gene.legacy_support_annotation,True,provenance_only,S002; S009
M4-FUNG-0003,106,gene.legacy_support_annotation,True,provenance_only,S002; S004
M4-FUNG-0003,107,gene.legacy_support_annotation,True,provenance_only,S002; S005
M4-FUNG-0003,108,gene.legacy_support_annotation,True,provenance_only,S002; S008
M4-FUNG-0003,109,gene.legacy_support_annotation,True,provenance_only,S002; S004
M4-FUNG-0003,110,gene.legacy_support_annotation,True,provenance_only,S002; S004
M4-FUNG-0003,111,gene.legacy_support_annotation,True,provenance_only,S002; S006; S007
M4-FUNG-0003,112,gene.legacy_support_annotation,True,provenance_only,S002; S010
M4-FUNG-0003,113,gene.legacy_support_annotation,True,provenance_only,S002; S004
M4-FUNG-0003,114,gene.legacy_support_annotation,True,provenance_only,S002; S004
M4-FUNG-0003,115,gene.legacy_support_annotation,True,provenance_only,S002; S004
M4-FUNG-0003,116,gene.legacy_support_annotation,True,provenance_only,S002; S006; S007
M4-FUNG-0003,117,gene.legacy_support_annotation,True,provenance_only,S002; S004
M4-FUNG-0003,118,gene.legacy_support_annotation,True,provenance_only,S002; S004
M4-FUNG-0003,119,gene.legacy_support_annotation,True,provenance_only,S002; S004
M4-FUNG-0003,120,gene.legacy_support_annotation,True,provenance_only,S002; S004
M4-FUNG-0003,121,gene.legacy_support_annotation,True,provenance_only,S002; S004
M4-FUNG-0003,122,gene.legacy_support_annotation,True,provenance_only,S002; S006; S007
M4-FUNG-0003,123,gene.legacy_support_annotation,True,provenance_only,S017
M4-FUNG-0003,124,gene.legacy_support_annotation,True,provenance_only,S002; S004
M4-FUNG-0003,125,gene.legacy_support_annotation,True,provenance_only,S012
M4-FUNG-0003,126,gene.legacy_support_annotation,True,provenance_only,S012
M4-FUNG-0003,127,gene.legacy_support_annotation,True,provenance_only,S014
M4-FUNG-0003,128,gene.legacy_support_annotation,True,provenance_only,S013
M4-FUNG-0003,129,gene.legacy_support_annotation,True,provenance_only,S015; S016
M4-FUNG-0003,130,gene.legacy_support_annotation,True,provenance_only,S002; S003
M4-FUNG-0003,131,gene.legacy_support_annotation,True,provenance_only,S002; S003
M4-FUNG-0003,132,gene.legacy_support_annotation,True,provenance_only,S002; S003
M4-FUNG-0003,136,metabolite.legacy_attribution_annotation,True,provenance_only,S003; S009
M4-FUNG-0003,137,metabolite.legacy_attribution_annotation,True,provenance_only,S003; S009
M4-FUNG-0003,138,metabolite.legacy_attribution_annotation,True,provenance_only,S003; S009
M4-FUNG-0003,139,metabolite.legacy_attribution_annotation,True,provenance_only,S003; S009
M4-FUNG-0003,175,claim.legacy_support_annotation,True,provenance_only,S002; S003; S004
M4-FUNG-0003,176,claim.legacy_support_annotation,True,provenance_only,S003
M4-FUNG-0003,177,claim.legacy_support_annotation,True,provenance_only,S006
M4-FUNG-0003,178,claim.legacy_support_annotation,True,provenance_only,S008
M4-FUNG-0003,179,claim.legacy_support_annotation,True,provenance_only,S008
M4-FUNG-0003,180,claim.legacy_support_annotation,True,provenance_only,S009
M4-FUNG-0003,181,claim.legacy_support_annotation,True,provenance_only,S010
M4-FUNG-0003,182,claim.legacy_support_annotation,True,provenance_only,S003; S004; S015; S016
M4-FUNG-0003,188,relationship.legacy_support_annotation,True,provenance_only,S002; S003; S004
M4-FUNG-0003,189,relationship.legacy_support_annotation,True,provenance_only,S003; S004; S015; S016
M4-FUNG-0003,190,relationship.legacy_support_annotation,True,provenance_only,S006; S007
M4-FUNG-0003,191,relationship.legacy_support_annotation,True,provenance_only,S006
M4-FUNG-0003,192,relationship.legacy_support_annotation,True,provenance_only,S008
M4-FUNG-0003,193,relationship.legacy_support_annotation,True,provenance_only,S009
M4-FUNG-0003,194,relationship.legacy_support_annotation,True,provenance_only,S010
M4-FUNG-0003,195,relationship.legacy_support_annotation,True,provenance_only,S001
M4-FUNG-0003,196,relationship.legacy_support_annotation,True,provenance_only,S015; S016
M4-FUNG-0004,7,schema_version,True,administrative_excluded,
M4-FUNG-0004,8,dossier_id,True,administrative_excluded,
M4-FUNG-0004,9,sheet_record_status,True,administrative_excluded,
M4-FUNG-0004,10,annotation_status,True,administrative_excluded,
M4-FUNG-0004,11,annotation_date,True,administrative_excluded,
M4-FUNG-0004,12,inference,False,administrative_excluded,
M4-FUNG-0004,13,last_reviewed_date,True,administrative_excluded,
M4-FUNG-0004,20,mibig_record_status,True,provenance_only,S001; S002
M4-FUNG-0004,21,source_native_category_value,True,provenance_only,S001; S002
M4-FUNG-0004,22,mibig_completeness,True,provenance_only,S001; S002
M4-FUNG-0004,25,primary_reference_source_id,True,provenance_only,
M4-FUNG-0004,57,boundary_confidence,True,provenance_only,S004
M4-FUNG-0004,58,pathway_identity_confidence,True,provenance_only,S004
M4-FUNG-0004,89,candidate_bgc_credibility,True,provenance_only,
M4-FUNG-0004,90,coordinated_transcription_evidence,True,provenance_only,S004
M4-FUNG-0004,91,biochemical_execution_evidence,True,provenance_only,
M4-FUNG-0004,92,product_formation_evidence,True,provenance_only,
M4-FUNG-0004,94,bgc_product_attribution,True,provenance_only,
M4-FUNG-0004,95,gene_product_attribution,True,provenance_only,S004
M4-FUNG-0004,96,complete_pathway_reconstruction,True,provenance_only,
M4-FUNG-0004,98,major_database_problem,True,provenance_only,S001; S004; S005; S006; S008
M4-FUNG-0004,99,best_use_case_for_atlas,True,provenance_only,S001; S004; S005; S006; S008
M4-FUNG-0004,100,overall_note,True,provenance_only,S001; S004; S005; S006; S008
M4-FUNG-0004,104,gene.legacy_support_annotation,True,provenance_only,S001
M4-FUNG-0004,105,gene.legacy_support_annotation,True,provenance_only,S001; S009
M4-FUNG-0004,106,gene.legacy_support_annotation,True,provenance_only,S001; S009
M4-FUNG-0004,107,gene.legacy_support_annotation,True,provenance_only,S001; S009
M4-FUNG-0004,108,gene.legacy_support_annotation,True,provenance_only,S001; S009
M4-FUNG-0004,109,gene.legacy_support_annotation,True,provenance_only,S001; S009
M4-FUNG-0004,110,gene.legacy_support_annotation,True,provenance_only,S001; S009
M4-FUNG-0004,111,gene.legacy_support_annotation,True,provenance_only,S001; S009
M4-FUNG-0004,112,gene.legacy_support_annotation,True,provenance_only,S001; S009
M4-FUNG-0004,113,gene.legacy_support_annotation,True,provenance_only,S001; S009
M4-FUNG-0004,114,gene.legacy_support_annotation,True,provenance_only,S001; S009
M4-FUNG-0004,115,gene.legacy_support_annotation,True,provenance_only,S001; S009
M4-FUNG-0004,116,gene.legacy_support_annotation,True,provenance_only,S001; S009
M4-FUNG-0004,117,gene.legacy_support_annotation,True,provenance_only,S001; S009
M4-FUNG-0004,118,gene.legacy_support_annotation,True,provenance_only,S001; S009
M4-FUNG-0004,119,gene.legacy_support_annotation,True,provenance_only,S001; S009
M4-FUNG-0004,120,gene.legacy_support_annotation,True,provenance_only,S001; S009
M4-FUNG-0004,121,gene.legacy_support_annotation,True,provenance_only,S001; S015
M4-FUNG-0004,122,gene.legacy_support_annotation,True,provenance_only,S001; S009
M4-FUNG-0004,123,gene.legacy_support_annotation,True,provenance_only,S001; S012
M4-FUNG-0004,124,gene.legacy_support_annotation,True,provenance_only,S001; S012
M4-FUNG-0004,125,gene.legacy_support_annotation,True,provenance_only,S001; S014
M4-FUNG-0004,126,gene.legacy_support_annotation,True,provenance_only,S001; S013
M4-FUNG-0004,130,metabolite.legacy_attribution_annotation,True,provenance_only,S001; S003; S005; S006; S008
M4-FUNG-0004,131,metabolite.legacy_attribution_annotation,True,provenance_only,S001; S005
M4-FUNG-0004,168,claim.legacy_support_annotation,True,provenance_only,S001; S002; S003; S005
M4-FUNG-0004,169,claim.legacy_support_annotation,True,provenance_only,S004
M4-FUNG-0004,170,claim.legacy_support_annotation,True,provenance_only,S006
M4-FUNG-0004,171,claim.legacy_support_annotation,True,provenance_only,S006
M4-FUNG-0004,172,claim.legacy_support_annotation,True,provenance_only,S008
M4-FUNG-0004,173,claim.legacy_support_annotation,True,provenance_only,S005
M4-FUNG-0004,179,relationship.legacy_support_annotation,True,provenance_only,S001; S002
M4-FUNG-0004,180,relationship.legacy_support_annotation,True,provenance_only,S001; S005
M4-FUNG-0004,181,relationship.legacy_support_annotation,True,provenance_only,S004
M4-FUNG-0004,182,relationship.legacy_support_annotation,True,provenance_only,S004
M4-FUNG-0004,183,relationship.legacy_support_annotation,True,provenance_only,S006
M4-FUNG-0004,184,relationship.legacy_support_annotation,True,provenance_only,S008
M4-FUNG-0004,185,relationship.legacy_support_annotation,True,provenance_only,S005
M4-FUNG-0004,186,relationship.legacy_support_annotation,True,provenance_only,S005
M4-FUNG-0005,7,schema_version,True,administrative_excluded,
M4-FUNG-0005,8,dossier_id,True,administrative_excluded,
M4-FUNG-0005,9,sheet_record_status,True,administrative_excluded,
M4-FUNG-0005,10,annotation_status,True,administrative_excluded,
M4-FUNG-0005,11,annotation_date,True,administrative_excluded,
M4-FUNG-0005,12,inference,False,administrative_excluded,
M4-FUNG-0005,13,last_reviewed_date,True,administrative_excluded,
M4-FUNG-0005,20,mibig_record_status,True,provenance_only,S001
M4-FUNG-0005,21,source_native_category_value,True,provenance_only,S001
M4-FUNG-0005,22,mibig_completeness,True,provenance_only,S001
M4-FUNG-0005,25,primary_reference_source_id,True,provenance_only,
M4-FUNG-0005,57,boundary_confidence,True,provenance_only,S001; S004; S006
M4-FUNG-0005,58,pathway_identity_confidence,True,provenance_only,S001; S002; S003; S004
M4-FUNG-0005,89,candidate_bgc_credibility,True,provenance_only,S001; S004; S006
M4-FUNG-0005,90,coordinated_transcription_evidence,True,provenance_only,S003; S005
M4-FUNG-0005,91,biochemical_execution_evidence,True,provenance_only,S002; S003; S005
M4-FUNG-0005,92,product_formation_evidence,True,provenance_only,S001; S002; S003; S005
M4-FUNG-0005,94,bgc_product_attribution,True,provenance_only,S001; S004; S006
M4-FUNG-0005,95,gene_product_attribution,True,provenance_only,S004; S011; S012; S013; S014; S015
M4-FUNG-0005,96,complete_pathway_reconstruction,True,provenance_only,
M4-FUNG-0005,98,major_database_problem,True,provenance_only,S001; S007; S008; S009; S010
M4-FUNG-0005,99,best_use_case_for_atlas,True,provenance_only,S002; S003; S005; S007
M4-FUNG-0005,100,overall_note,True,provenance_only,S001; S002; S003; S004; S005; S007
M4-FUNG-0005,104,gene.legacy_support_annotation,True,provenance_only,S001; S015
M4-FUNG-0005,105,gene.legacy_support_annotation,True,provenance_only,S001; S004
M4-FUNG-0005,106,gene.legacy_support_annotation,True,provenance_only,S001
M4-FUNG-0005,107,gene.legacy_support_annotation,True,provenance_only,S001; S006
M4-FUNG-0005,108,gene.legacy_support_annotation,True,provenance_only,S001; S006
M4-FUNG-0005,109,gene.legacy_support_annotation,True,provenance_only,S001; S006
M4-FUNG-0005,110,gene.legacy_support_annotation,True,provenance_only,S001; S006
M4-FUNG-0005,111,gene.legacy_support_annotation,True,provenance_only,S001; S003; S005
M4-FUNG-0005,112,gene.legacy_support_annotation,True,provenance_only,S001; S003
M4-FUNG-0005,113,gene.legacy_support_annotation,True,provenance_only,S001; S006
M4-FUNG-0005,114,gene.legacy_support_annotation,True,provenance_only,S001; S006
M4-FUNG-0005,115,gene.legacy_support_annotation,True,provenance_only,S001; S006
M4-FUNG-0005,116,gene.legacy_support_annotation,True,provenance_only,S001; S006
M4-FUNG-0005,117,gene.legacy_support_annotation,True,provenance_only,S001; S006
M4-FUNG-0005,118,gene.legacy_support_annotation,True,provenance_only,S001; S006
M4-FUNG-0005,119,gene.legacy_support_annotation,True,provenance_only,S001; S006
M4-FUNG-0005,120,gene.legacy_support_annotation,True,provenance_only,S001; S006
M4-FUNG-0005,121,gene.legacy_support_annotation,True,provenance_only,S001; S006
M4-FUNG-0005,122,gene.legacy_support_annotation,True,provenance_only,S001; S006
M4-FUNG-0005,123,gene.legacy_support_annotation,True,provenance_only,S001; S005; S014
M4-FUNG-0005,124,gene.legacy_support_annotation,True,provenance_only,S001; S006
M4-FUNG-0005,125,gene.legacy_support_annotation,True,provenance_only,S001; S011
M4-FUNG-0005,126,gene.legacy_support_annotation,True,provenance_only,S001; S011
M4-FUNG-0005,127,gene.legacy_support_annotation,True,provenance_only,S001; S013
M4-FUNG-0005,128,gene.legacy_support_annotation,True,provenance_only,S001; S012
M4-FUNG-0005,132,metabolite.legacy_attribution_annotation,True,provenance_only,S001; S002; S003; S005
M4-FUNG-0005,133,metabolite.legacy_attribution_annotation,True,provenance_only,S001; S002; S003; S005
M4-FUNG-0005,171,claim.legacy_support_annotation,True,provenance_only,S001; S002; S004
M4-FUNG-0005,172,claim.legacy_support_annotation,True,provenance_only,S002
M4-FUNG-0005,173,claim.legacy_support_annotation,True,provenance_only,S003
M4-FUNG-0005,174,claim.legacy_support_annotation,True,provenance_only,S005
M4-FUNG-0005,175,claim.legacy_support_annotation,True,provenance_only,S005
M4-FUNG-0005,176,claim.legacy_support_annotation,True,provenance_only,S004
M4-FUNG-0005,177,claim.legacy_support_annotation,True,provenance_only,S007; S008
M4-FUNG-0005,182,relationship.legacy_support_annotation,True,provenance_only,S001
M4-FUNG-0005,183,relationship.legacy_support_annotation,True,provenance_only,S007; S008
M4-FUNG-0005,184,relationship.legacy_support_annotation,True,provenance_only,S001; S002; S003; S005
M4-FUNG-0005,185,relationship.legacy_support_annotation,True,provenance_only,S002
M4-FUNG-0005,186,relationship.legacy_support_annotation,True,provenance_only,S005
M4-FUNG-0005,187,relationship.legacy_support_annotation,True,provenance_only,S005
M4-FUNG-0005,188,relationship.legacy_support_annotation,True,provenance_only,S004
M4-FUNG-0006,7,schema_version,True,administrative_excluded,
M4-FUNG-0006,8,dossier_id,True,administrative_excluded,
M4-FUNG-0006,9,sheet_record_status,True,administrative_excluded,
M4-FUNG-0006,10,annotation_status,True,administrative_excluded,
M4-FUNG-0006,11,annotation_date,True,administrative_excluded,
M4-FUNG-0006,12,inference,False,administrative_excluded,
M4-FUNG-0006,13,last_reviewed_date,True,administrative_excluded,
M4-FUNG-0006,20,mibig_record_status,True,provenance_only,S001
M4-FUNG-0006,21,source_native_category_value,True,provenance_only,S001
M4-FUNG-0006,22,mibig_completeness,True,provenance_only,S001
M4-FUNG-0006,25,primary_reference_source_id,True,provenance_only,
M4-FUNG-0006,57,boundary_confidence,True,provenance_only,S001; S004; S005
M4-FUNG-0006,58,pathway_identity_confidence,True,provenance_only,S001; S003; S004; S005; S006
M4-FUNG-0006,89,candidate_bgc_credibility,True,provenance_only,S001; S004; S005
M4-FUNG-0006,90,coordinated_transcription_evidence,True,provenance_only,S006
M4-FUNG-0006,91,biochemical_execution_evidence,True,provenance_only,S005; S006; S007; S008; S010
M4-FUNG-0006,92,product_formation_evidence,True,provenance_only,S001; S003; S005; S006
M4-FUNG-0006,94,bgc_product_attribution,True,provenance_only,S001; S004; S005
M4-FUNG-0006,95,gene_product_attribution,True,provenance_only,S008; S009; S010
M4-FUNG-0006,96,complete_pathway_reconstruction,True,provenance_only,
M4-FUNG-0006,98,major_database_problem,True,provenance_only,S001; S004; S005
M4-FUNG-0006,99,best_use_case_for_atlas,True,provenance_only,S005; S006; S008; S009; S010
M4-FUNG-0006,100,overall_note,True,provenance_only,S004; S005; S006; S008; S010
M4-FUNG-0006,104,gene.legacy_support_annotation,True,provenance_only,S001
M4-FUNG-0006,105,gene.legacy_support_annotation,True,provenance_only,S001; S004
M4-FUNG-0006,106,gene.legacy_support_annotation,True,provenance_only,S001; S004
M4-FUNG-0006,107,gene.legacy_support_annotation,True,provenance_only,S001; S004
M4-FUNG-0006,108,gene.legacy_support_annotation,True,provenance_only,S001; S004
M4-FUNG-0006,109,gene.legacy_support_annotation,True,provenance_only,S001; S008; S009
M4-FUNG-0006,110,gene.legacy_support_annotation,True,provenance_only,S001; S004
M4-FUNG-0006,111,gene.legacy_support_annotation,True,provenance_only,S001; S004
M4-FUNG-0006,112,gene.legacy_support_annotation,True,provenance_only,S001; S004
M4-FUNG-0006,113,gene.legacy_support_annotation,True,provenance_only,S001; S004
M4-FUNG-0006,114,gene.legacy_support_annotation,True,provenance_only,S001; S004
M4-FUNG-0006,115,gene.legacy_support_annotation,True,provenance_only,S001; S004
M4-FUNG-0006,116,gene.legacy_support_annotation,True,provenance_only,S001; S004
M4-FUNG-0006,117,gene.legacy_support_annotation,True,provenance_only,S001; S004
M4-FUNG-0006,118,gene.legacy_support_annotation,True,provenance_only,S001; S004
M4-FUNG-0006,119,gene.legacy_support_annotation,True,provenance_only,S001; S004
M4-FUNG-0006,120,gene.legacy_support_annotation,True,provenance_only,S001; S004
M4-FUNG-0006,121,gene.legacy_support_annotation,True,provenance_only,S001; S004; S007
M4-FUNG-0006,122,gene.legacy_support_annotation,True,provenance_only,S001; S004
M4-FUNG-0006,123,gene.legacy_support_annotation,True,provenance_only,S001; S004
M4-FUNG-0006,124,gene.legacy_support_annotation,True,provenance_only,S001; S004
M4-FUNG-0006,125,gene.legacy_support_annotation,True,provenance_only,S001; S004
M4-FUNG-0006,126,gene.legacy_support_annotation,True,provenance_only,S001; S004
M4-FUNG-0006,130,metabolite.legacy_attribution_annotation,True,provenance_only,S001; S003; S005; S006; S008; S010
M4-FUNG-0006,131,metabolite.legacy_attribution_annotation,True,provenance_only,S001; S005; S008
M4-FUNG-0006,168,claim.legacy_support_annotation,True,provenance_only,S001; S003; S005; S006
M4-FUNG-0006,169,claim.legacy_support_annotation,True,provenance_only,S006
M4-FUNG-0006,170,claim.legacy_support_annotation,True,provenance_only,S005
M4-FUNG-0006,171,claim.legacy_support_annotation,True,provenance_only,S008; S009
M4-FUNG-0006,172,claim.legacy_support_annotation,True,provenance_only,S010
M4-FUNG-0006,173,claim.legacy_support_annotation,True,provenance_only,S004; S005
M4-FUNG-0006,174,claim.legacy_support_annotation,True,provenance_only,S005; S006; S007; S008; S010
M4-FUNG-0006,179,relationship.legacy_support_annotation,True,provenance_only,S001
M4-FUNG-0006,180,relationship.legacy_support_annotation,True,provenance_only,S002
M4-FUNG-0006,181,relationship.legacy_support_annotation,True,provenance_only,S001; S003; S005; S006
M4-FUNG-0006,182,relationship.legacy_support_annotation,True,provenance_only,S006
M4-FUNG-0006,183,relationship.legacy_support_annotation,True,provenance_only,S008; S009
M4-FUNG-0006,184,relationship.legacy_support_annotation,True,provenance_only,S010
M4-FUNG-0006,185,relationship.legacy_support_annotation,True,provenance_only,S004; S005
M4-FUNG-0006,186,relationship.legacy_support_annotation,True,provenance_only,S005
M4-FUNG-0007,7,schema_version,True,administrative_excluded,
M4-FUNG-0007,8,dossier_id,True,administrative_excluded,
M4-FUNG-0007,9,sheet_record_status,True,administrative_excluded,
M4-FUNG-0007,10,annotation_status,True,administrative_excluded,
M4-FUNG-0007,11,annotation_date,True,administrative_excluded,
M4-FUNG-0007,12,inference,False,administrative_excluded,
M4-FUNG-0007,13,last_reviewed_date,True,administrative_excluded,
M4-FUNG-0007,20,mibig_record_status,True,provenance_only,S001
M4-FUNG-0007,21,source_native_category_value,True,provenance_only,S001
M4-FUNG-0007,22,mibig_completeness,True,provenance_only,S001
M4-FUNG-0007,25,primary_reference_source_id,True,provenance_only,
M4-FUNG-0007,57,boundary_confidence,True,provenance_only,S001; S012
M4-FUNG-0007,58,pathway_identity_confidence,True,provenance_only,S001; S004; S005
M4-FUNG-0007,89,candidate_bgc_credibility,True,provenance_only,S001; S004; S005
M4-FUNG-0007,90,coordinated_transcription_evidence,True,provenance_only,S006; S009; S010
M4-FUNG-0007,91,biochemical_execution_evidence,True,provenance_only,S003; S004; S006; S007
M4-FUNG-0007,92,product_formation_evidence,True,provenance_only,S001; S003; S004; S006; S007
M4-FUNG-0007,94,bgc_product_attribution,True,provenance_only,S001; S004
M4-FUNG-0007,95,gene_product_attribution,True,provenance_only,S004
M4-FUNG-0007,96,complete_pathway_reconstruction,True,provenance_only,
M4-FUNG-0007,98,major_database_problem,True,provenance_only,S001; S002; S004; S007; S012
M4-FUNG-0007,99,best_use_case_for_atlas,True,provenance_only,S004; S006; S007; S009; S010
M4-FUNG-0007,100,overall_note,True,provenance_only,S002; S004; S006; S007
M4-FUNG-0007,104,gene.legacy_support_annotation,True,provenance_only,S001; S004
M4-FUNG-0007,105,gene.legacy_support_annotation,True,provenance_only,S001; S004
M4-FUNG-0007,106,gene.legacy_support_annotation,True,provenance_only,S001
M4-FUNG-0007,107,gene.legacy_support_annotation,True,provenance_only,S001; S004; S012
M4-FUNG-0007,108,gene.legacy_support_annotation,True,provenance_only,S001; S004
M4-FUNG-0007,109,gene.legacy_support_annotation,True,provenance_only,S001; S004
M4-FUNG-0007,110,gene.legacy_support_annotation,True,provenance_only,S001; S004
M4-FUNG-0007,111,gene.legacy_support_annotation,True,provenance_only,S001; S004; S006
M4-FUNG-0007,112,gene.legacy_support_annotation,True,provenance_only,S001; S004; S006
M4-FUNG-0007,113,gene.legacy_support_annotation,True,provenance_only,S001; S004
M4-FUNG-0007,114,gene.legacy_support_annotation,True,provenance_only,S001; S004
M4-FUNG-0007,115,gene.legacy_support_annotation,True,provenance_only,S001; S004
M4-FUNG-0007,116,gene.legacy_support_annotation,True,provenance_only,S001; S004
M4-FUNG-0007,117,gene.legacy_support_annotation,True,provenance_only,S001; S004
M4-FUNG-0007,118,gene.legacy_support_annotation,True,provenance_only,S001; S004
M4-FUNG-0007,119,gene.legacy_support_annotation,True,provenance_only,S001; S004
M4-FUNG-0007,120,gene.legacy_support_annotation,True,provenance_only,S001; S004
M4-FUNG-0007,121,gene.legacy_support_annotation,True,provenance_only,S001; S004
M4-FUNG-0007,122,gene.legacy_support_annotation,True,provenance_only,S001; S004
M4-FUNG-0007,123,gene.legacy_support_annotation,True,provenance_only,S001; S004
M4-FUNG-0007,124,gene.legacy_support_annotation,True,provenance_only,S001; S004
M4-FUNG-0007,125,gene.legacy_support_annotation,True,provenance_only,S001; S004
M4-FUNG-0007,126,gene.legacy_support_annotation,True,provenance_only,S001; S004
M4-FUNG-0007,127,gene.legacy_support_annotation,True,provenance_only,S001; S004
M4-FUNG-0007,128,gene.legacy_support_annotation,True,provenance_only,S001; S004
M4-FUNG-0007,132,metabolite.legacy_attribution_annotation,True,provenance_only,S001; S003; S004; S006; S007
M4-FUNG-0007,133,metabolite.legacy_attribution_annotation,True,provenance_only,S004; S005; S007
M4-FUNG-0007,134,metabolite.legacy_attribution_annotation,True,provenance_only,S001; S003; S004; S006; S007
M4-FUNG-0007,135,metabolite.legacy_attribution_annotation,True,provenance_only,S004; S005; S007
M4-FUNG-0007,169,claim.legacy_support_annotation,True,provenance_only,S001; S003; S004
M4-FUNG-0007,170,claim.legacy_support_annotation,True,provenance_only,S004
M4-FUNG-0007,171,claim.legacy_support_annotation,True,provenance_only,S006
M4-FUNG-0007,172,claim.legacy_support_annotation,True,provenance_only,S007
M4-FUNG-0007,173,claim.legacy_support_annotation,True,provenance_only,S009
M4-FUNG-0007,174,claim.legacy_support_annotation,True,provenance_only,S010
M4-FUNG-0007,175,claim.legacy_support_annotation,True,provenance_only,S001; S012
M4-FUNG-0007,180,relationship.legacy_support_annotation,True,provenance_only,S001
M4-FUNG-0007,181,relationship.legacy_support_annotation,True,provenance_only,S002; S003
M4-FUNG-0007,182,relationship.legacy_support_annotation,True,provenance_only,S004; S005; S007
M4-FUNG-0007,183,relationship.legacy_support_annotation,True,provenance_only,S004
M4-FUNG-0007,184,relationship.legacy_support_annotation,True,provenance_only,S006
M4-FUNG-0007,185,relationship.legacy_support_annotation,True,provenance_only,S006
M4-FUNG-0007,186,relationship.legacy_support_annotation,True,provenance_only,S007
M4-FUNG-0007,187,relationship.legacy_support_annotation,True,provenance_only,S009
M4-FUNG-0008,7,schema_version,True,administrative_excluded,
M4-FUNG-0008,8,dossier_id,True,administrative_excluded,
M4-FUNG-0008,9,sheet_record_status,True,administrative_excluded,
M4-FUNG-0008,10,annotation_status,True,administrative_excluded,
M4-FUNG-0008,11,annotation_date,True,administrative_excluded,
M4-FUNG-0008,12,inference,False,administrative_excluded,
M4-FUNG-0008,13,last_reviewed_date,True,administrative_excluded,
M4-FUNG-0008,20,mibig_record_status,True,provenance_only,S001
M4-FUNG-0008,21,source_native_category_value,True,provenance_only,S001
M4-FUNG-0008,22,mibig_completeness,True,provenance_only,S001
M4-FUNG-0008,25,primary_reference_source_id,True,provenance_only,
M4-FUNG-0008,57,boundary_confidence,True,provenance_only,S001; S003
M4-FUNG-0008,58,pathway_identity_confidence,True,provenance_only,S001; S003; S005
M4-FUNG-0008,89,candidate_bgc_credibility,True,provenance_only,S001; S003
M4-FUNG-0008,90,coordinated_transcription_evidence,True,provenance_only,S003
M4-FUNG-0008,91,biochemical_execution_evidence,True,provenance_only,S003
M4-FUNG-0008,92,product_formation_evidence,True,provenance_only,S003; S005
M4-FUNG-0008,94,bgc_product_attribution,True,provenance_only,S001; S003
M4-FUNG-0008,95,gene_product_attribution,True,provenance_only,S003
M4-FUNG-0008,96,complete_pathway_reconstruction,True,provenance_only,
M4-FUNG-0008,98,major_database_problem,True,provenance_only,S001; S003
M4-FUNG-0008,99,best_use_case_for_atlas,True,provenance_only,S003; S005; S009
M4-FUNG-0008,100,overall_note,True,provenance_only,S003; S006; S007; S009
M4-FUNG-0008,104,gene.legacy_support_annotation,True,provenance_only,S001
M4-FUNG-0008,105,gene.legacy_support_annotation,True,provenance_only,S003
M4-FUNG-0008,106,gene.legacy_support_annotation,True,provenance_only,S001
M4-FUNG-0008,107,gene.legacy_support_annotation,True,provenance_only,S001; S003
M4-FUNG-0008,108,gene.legacy_support_annotation,True,provenance_only,S001; S003
M4-FUNG-0008,109,gene.legacy_support_annotation,True,provenance_only,S001
M4-FUNG-0008,110,gene.legacy_support_annotation,True,provenance_only,S001
M4-FUNG-0008,111,gene.legacy_support_annotation,True,provenance_only,S001
M4-FUNG-0008,112,gene.legacy_support_annotation,True,provenance_only,S001
M4-FUNG-0008,113,gene.legacy_support_annotation,True,provenance_only,S001
M4-FUNG-0008,114,gene.legacy_support_annotation,True,provenance_only,S001
M4-FUNG-0008,115,gene.legacy_support_annotation,True,provenance_only,S001
M4-FUNG-0008,116,gene.legacy_support_annotation,True,provenance_only,S001
M4-FUNG-0008,117,gene.legacy_support_annotation,True,provenance_only,S001
M4-FUNG-0008,118,gene.legacy_support_annotation,True,provenance_only,S001
M4-FUNG-0008,119,gene.legacy_support_annotation,True,provenance_only,S001
M4-FUNG-0008,120,gene.legacy_support_annotation,True,provenance_only,S001
M4-FUNG-0008,121,gene.legacy_support_annotation,True,provenance_only,S001
M4-FUNG-0008,122,gene.legacy_support_annotation,True,provenance_only,S001
M4-FUNG-0008,123,gene.legacy_support_annotation,True,provenance_only,S001
M4-FUNG-0008,124,gene.legacy_support_annotation,True,provenance_only,S001
M4-FUNG-0008,125,gene.legacy_support_annotation,True,provenance_only,S001
M4-FUNG-0008,126,gene.legacy_support_annotation,True,provenance_only,S001
M4-FUNG-0008,130,metabolite.legacy_attribution_annotation,True,provenance_only,S001; S003
M4-FUNG-0008,163,claim.legacy_support_annotation,True,provenance_only,S001; S003
M4-FUNG-0008,164,claim.legacy_support_annotation,True,provenance_only,S003
M4-FUNG-0008,165,claim.legacy_support_annotation,True,provenance_only,S005
M4-FUNG-0008,166,claim.legacy_support_annotation,True,provenance_only,S007
M4-FUNG-0008,167,claim.legacy_support_annotation,True,provenance_only,S009
M4-FUNG-0008,168,claim.legacy_support_annotation,True,provenance_only,S001; S003
M4-FUNG-0008,174,relationship.legacy_support_annotation,True,provenance_only,S001; S002
M4-FUNG-0008,175,relationship.legacy_support_annotation,True,provenance_only,S006; S007
M4-FUNG-0008,176,relationship.legacy_support_annotation,True,provenance_only,S007
M4-FUNG-0008,177,relationship.legacy_support_annotation,True,provenance_only,S003
M4-FUNG-0008,178,relationship.legacy_support_annotation,True,provenance_only,S003
M4-FUNG-0008,179,relationship.legacy_support_annotation,True,provenance_only,S009
M4-FUNG-0008,180,relationship.legacy_support_annotation,True,provenance_only,S001; S003
M4-FUNG-0009,7,schema_version,True,administrative_excluded,
M4-FUNG-0009,8,dossier_id,True,administrative_excluded,
M4-FUNG-0009,9,sheet_record_status,True,administrative_excluded,
M4-FUNG-0009,10,annotation_status,True,administrative_excluded,
M4-FUNG-0009,11,annotation_date,True,administrative_excluded,
M4-FUNG-0009,12,inference,False,administrative_excluded,
M4-FUNG-0009,13,last_reviewed_date,True,administrative_excluded,
M4-FUNG-0009,20,mibig_record_status,True,provenance_only,S001
M4-FUNG-0009,21,source_native_category_value,True,provenance_only,S001
M4-FUNG-0009,22,mibig_completeness,True,provenance_only,S001
M4-FUNG-0009,25,primary_reference_source_id,True,provenance_only,
M4-FUNG-0009,57,boundary_confidence,True,provenance_only,S001; S004; S006
M4-FUNG-0009,58,pathway_identity_confidence,True,provenance_only,S001; S004; S006
M4-FUNG-0009,89,candidate_bgc_credibility,True,provenance_only,S001; S004
M4-FUNG-0009,90,coordinated_transcription_evidence,True,provenance_only,S004; S006
M4-FUNG-0009,91,biochemical_execution_evidence,True,provenance_only,S001; S004; S005; S006
M4-FUNG-0009,92,product_formation_evidence,True,provenance_only,S001; S005
M4-FUNG-0009,94,bgc_product_attribution,True,provenance_only,S004; S006
M4-FUNG-0009,95,gene_product_attribution,True,provenance_only,S004; S006
M4-FUNG-0009,96,complete_pathway_reconstruction,True,provenance_only,S004; S006
M4-FUNG-0009,98,major_database_problem,True,provenance_only,S001; S004; S006
M4-FUNG-0009,99,best_use_case_for_atlas,True,provenance_only,S004; S006
M4-FUNG-0009,100,overall_note,True,provenance_only,S001; S004; S006
M4-FUNG-0009,104,gene.legacy_support_annotation,True,provenance_only,S001; S004
M4-FUNG-0009,105,gene.legacy_support_annotation,True,provenance_only,S001; S004
M4-FUNG-0009,106,gene.legacy_support_annotation,True,provenance_only,S001; S004
M4-FUNG-0009,107,gene.legacy_support_annotation,True,provenance_only,S001; S004
M4-FUNG-0009,108,gene.legacy_support_annotation,True,provenance_only,S001
M4-FUNG-0009,109,gene.legacy_support_annotation,True,provenance_only,S001; S004
M4-FUNG-0009,110,gene.legacy_support_annotation,True,provenance_only,S001; S004
M4-FUNG-0009,111,gene.legacy_support_annotation,True,provenance_only,S001; S004
M4-FUNG-0009,112,gene.legacy_support_annotation,True,provenance_only,S001; S004
M4-FUNG-0009,113,gene.legacy_support_annotation,True,provenance_only,S001; S004
M4-FUNG-0009,114,gene.legacy_support_annotation,True,provenance_only,S001; S004
M4-FUNG-0009,115,gene.legacy_support_annotation,True,provenance_only,S001; S004
M4-FUNG-0009,116,gene.legacy_support_annotation,True,provenance_only,S001; S004
M4-FUNG-0009,117,gene.legacy_support_annotation,True,provenance_only,S001; S004
M4-FUNG-0009,118,gene.legacy_support_annotation,True,provenance_only,S001; S004
M4-FUNG-0009,119,gene.legacy_support_annotation,True,provenance_only,S001; S004
M4-FUNG-0009,120,gene.legacy_support_annotation,True,provenance_only,S001; S004
M4-FUNG-0009,121,gene.legacy_support_annotation,True,provenance_only,S001; S004
M4-FUNG-0009,122,gene.legacy_support_annotation,True,provenance_only,S001; S004
M4-FUNG-0009,123,gene.legacy_support_annotation,True,provenance_only,S001; S004
M4-FUNG-0009,124,gene.legacy_support_annotation,True,provenance_only,S001
M4-FUNG-0009,125,gene.legacy_support_annotation,True,provenance_only,S001; S004
M4-FUNG-0009,126,gene.legacy_support_annotation,True,provenance_only,S001; S004
M4-FUNG-0009,127,gene.legacy_support_annotation,True,provenance_only,S001; S004
M4-FUNG-0009,128,gene.legacy_support_annotation,True,provenance_only,S001; S004
M4-FUNG-0009,129,gene.legacy_support_annotation,True,provenance_only,S001; S004
M4-FUNG-0009,130,gene.legacy_support_annotation,True,provenance_only,S006
M4-FUNG-0009,134,metabolite.legacy_attribution_annotation,True,provenance_only,S001; S005
M4-FUNG-0009,135,metabolite.legacy_attribution_annotation,True,provenance_only,S001; S005
M4-FUNG-0009,136,metabolite.legacy_attribution_annotation,True,provenance_only,S001; S005
M4-FUNG-0009,167,claim.legacy_support_annotation,True,provenance_only,S001; S004; S005
M4-FUNG-0009,168,claim.legacy_support_annotation,True,provenance_only,S004
M4-FUNG-0009,169,claim.legacy_support_annotation,True,provenance_only,S004
M4-FUNG-0009,170,claim.legacy_support_annotation,True,provenance_only,S006
M4-FUNG-0009,171,claim.legacy_support_annotation,True,provenance_only,S001; S005
M4-FUNG-0009,172,claim.legacy_support_annotation,True,provenance_only,S001; S004; S006
M4-FUNG-0009,178,relationship.legacy_support_annotation,True,provenance_only,S001; S002
M4-FUNG-0009,179,relationship.legacy_support_annotation,True,provenance_only,S003
M4-FUNG-0009,180,relationship.legacy_support_annotation,True,provenance_only,S001; S005
M4-FUNG-0009,181,relationship.legacy_support_annotation,True,provenance_only,S004
M4-FUNG-0009,182,relationship.legacy_support_annotation,True,provenance_only,S006
M4-FUNG-0009,183,relationship.legacy_support_annotation,True,provenance_only,S006
M4-FUNG-0009,184,relationship.legacy_support_annotation,True,provenance_only,S004
M4-FUNG-0010,7,schema_version,True,administrative_excluded,
M4-FUNG-0010,8,dossier_id,True,administrative_excluded,
M4-FUNG-0010,9,sheet_record_status,True,administrative_excluded,
M4-FUNG-0010,10,annotation_status,True,administrative_excluded,
M4-FUNG-0010,11,annotation_date,True,administrative_excluded,
M4-FUNG-0010,12,inference,False,administrative_excluded,
M4-FUNG-0010,13,last_reviewed_date,True,administrative_excluded,
M4-FUNG-0010,20,mibig_record_status,True,provenance_only,S001
M4-FUNG-0010,21,source_native_category_value,True,provenance_only,S001
M4-FUNG-0010,22,mibig_completeness,True,provenance_only,S001
M4-FUNG-0010,25,primary_reference_source_id,True,provenance_only,
M4-FUNG-0010,57,boundary_confidence,True,provenance_only,S001; S003; S005
M4-FUNG-0010,58,pathway_identity_confidence,True,provenance_only,S003; S005
M4-FUNG-0010,89,candidate_bgc_credibility,True,provenance_only,S001; S003
M4-FUNG-0010,90,coordinated_transcription_evidence,True,provenance_only,S003
M4-FUNG-0010,91,biochemical_execution_evidence,True,provenance_only,S003
M4-FUNG-0010,92,product_formation_evidence,True,provenance_only,S003; S005
M4-FUNG-0010,94,bgc_product_attribution,True,provenance_only,S003; S005
M4-FUNG-0010,95,gene_product_attribution,True,provenance_only,S003
M4-FUNG-0010,96,complete_pathway_reconstruction,True,provenance_only,S008
M4-FUNG-0010,98,major_database_problem,True,provenance_only,S001; S003; S005
M4-FUNG-0010,99,best_use_case_for_atlas,True,provenance_only,S003; S005; S008
M4-FUNG-0010,100,overall_note,True,provenance_only,S001; S003; S005
M4-FUNG-0010,104,gene.legacy_support_annotation,True,provenance_only,S001; S003
M4-FUNG-0010,105,gene.legacy_support_annotation,True,provenance_only,S001; S003; S008
M4-FUNG-0010,106,gene.legacy_support_annotation,True,provenance_only,S001; S003; S008
M4-FUNG-0010,107,gene.legacy_support_annotation,True,provenance_only,S001; S003
M4-FUNG-0010,108,gene.legacy_support_annotation,True,provenance_only,S001; S003; S005
M4-FUNG-0010,115,metabolite.legacy_attribution_annotation,True,provenance_only,S001; S003; S007
M4-FUNG-0010,116,metabolite.legacy_attribution_annotation,True,provenance_only,S007; S008
M4-FUNG-0010,150,claim.legacy_support_annotation,True,provenance_only,S001; S002; S003
M4-FUNG-0010,151,claim.legacy_support_annotation,True,provenance_only,S003
M4-FUNG-0010,152,claim.legacy_support_annotation,True,provenance_only,S003; S005
M4-FUNG-0010,153,claim.legacy_support_annotation,True,provenance_only,S003
M4-FUNG-0010,154,claim.legacy_support_annotation,True,provenance_only,S003
M4-FUNG-0010,155,claim.legacy_support_annotation,True,provenance_only,S008; S009
M4-FUNG-0010,156,claim.legacy_support_annotation,True,provenance_only,S003; S005
M4-FUNG-0010,161,relationship.legacy_support_annotation,True,provenance_only,S001; S002
M4-FUNG-0010,162,relationship.legacy_support_annotation,True,provenance_only,S003
M4-FUNG-0010,163,relationship.legacy_support_annotation,True,provenance_only,S001; S003
M4-FUNG-0010,164,relationship.legacy_support_annotation,True,provenance_only,S001; S003; S008
M4-FUNG-0010,165,relationship.legacy_support_annotation,True,provenance_only,S001; S003; S008
M4-FUNG-0010,166,relationship.legacy_support_annotation,True,provenance_only,S001; S003
M4-FUNG-0010,167,relationship.legacy_support_annotation,True,provenance_only,S003; S005
M4-FUNG-0010,168,relationship.legacy_support_annotation,True,provenance_only,S009
M4-FUNG-0011,7,schema_version,True,administrative_excluded,
M4-FUNG-0011,8,dossier_id,True,administrative_excluded,
M4-FUNG-0011,9,sheet_record_status,True,administrative_excluded,
M4-FUNG-0011,10,annotation_status,True,administrative_excluded,
M4-FUNG-0011,11,annotation_date,True,administrative_excluded,
M4-FUNG-0011,12,inference,False,administrative_excluded,
M4-FUNG-0011,13,last_reviewed_date,True,administrative_excluded,
M4-FUNG-0011,20,mibig_record_status,True,provenance_only,S001
M4-FUNG-0011,21,source_native_category_value,True,provenance_only,S001
M4-FUNG-0011,22,mibig_completeness,True,provenance_only,S001
M4-FUNG-0011,25,primary_reference_source_id,True,provenance_only,
M4-FUNG-0011,57,boundary_confidence,True,provenance_only,S001; S003
M4-FUNG-0011,58,pathway_identity_confidence,True,provenance_only,S003
M4-FUNG-0011,89,candidate_bgc_credibility,True,provenance_only,S001; S003
M4-FUNG-0011,90,coordinated_transcription_evidence,True,provenance_only,S003
M4-FUNG-0011,91,biochemical_execution_evidence,True,provenance_only,S003
M4-FUNG-0011,92,product_formation_evidence,True,provenance_only,S003
M4-FUNG-0011,94,bgc_product_attribution,True,provenance_only,S003
M4-FUNG-0011,95,gene_product_attribution,True,provenance_only,S003
M4-FUNG-0011,96,complete_pathway_reconstruction,True,provenance_only,S003
M4-FUNG-0011,98,major_database_problem,True,provenance_only,S001; S003; S007
M4-FUNG-0011,99,best_use_case_for_atlas,True,provenance_only,S003
M4-FUNG-0011,100,overall_note,True,provenance_only,S003
M4-FUNG-0011,104,gene.legacy_support_annotation,True,provenance_only,S001; S003
M4-FUNG-0011,105,gene.legacy_support_annotation,True,provenance_only,S001; S003
M4-FUNG-0011,115,metabolite.legacy_attribution_annotation,True,provenance_only,S001; S003; S007
M4-FUNG-0011,116,metabolite.legacy_attribution_annotation,True,provenance_only,S003
M4-FUNG-0011,117,metabolite.legacy_attribution_annotation,True,provenance_only,S003
M4-FUNG-0011,118,metabolite.legacy_attribution_annotation,True,provenance_only,S003
M4-FUNG-0011,148,claim.legacy_support_annotation,True,provenance_only,S003
M4-FUNG-0011,149,claim.legacy_support_annotation,True,provenance_only,S003
M4-FUNG-0011,150,claim.legacy_support_annotation,True,provenance_only,S003
M4-FUNG-0011,151,claim.legacy_support_annotation,True,provenance_only,S003
M4-FUNG-0011,152,claim.legacy_support_annotation,True,provenance_only,S001; S003
M4-FUNG-0011,153,claim.legacy_support_annotation,True,provenance_only,S003
M4-FUNG-0011,154,claim.legacy_support_annotation,True,provenance_only,S005; S006
M4-FUNG-0011,159,relationship.legacy_support_annotation,True,provenance_only,S001; S002
M4-FUNG-0011,160,relationship.legacy_support_annotation,True,provenance_only,S001
M4-FUNG-0011,161,relationship.legacy_support_annotation,True,provenance_only,S003
M4-FUNG-0011,162,relationship.legacy_support_annotation,True,provenance_only,S003
M4-FUNG-0011,163,relationship.legacy_support_annotation,True,provenance_only,S003
M4-FUNG-0011,164,relationship.legacy_support_annotation,True,provenance_only,S003
M4-FUNG-0011,165,relationship.legacy_support_annotation,True,provenance_only,S001; S007
M4-FUNG-0011,166,relationship.legacy_support_annotation,True,provenance_only,S003
M4-FUNG-0012,7,schema_version,True,administrative_excluded,
M4-FUNG-0012,8,dossier_id,True,administrative_excluded,
M4-FUNG-0012,9,sheet_record_status,True,administrative_excluded,
M4-FUNG-0012,10,annotation_status,True,administrative_excluded,
M4-FUNG-0012,11,annotation_date,True,administrative_excluded,
M4-FUNG-0012,12,inference,False,administrative_excluded,
M4-FUNG-0012,13,last_reviewed_date,True,administrative_excluded,
M4-FUNG-0012,20,mibig_record_status,True,provenance_only,S001
M4-FUNG-0012,21,source_native_category_value,True,provenance_only,S001
M4-FUNG-0012,22,mibig_completeness,True,provenance_only,S001
M4-FUNG-0012,25,primary_reference_source_id,True,provenance_only,
M4-FUNG-0012,57,boundary_confidence,True,provenance_only,S003; S004
M4-FUNG-0012,58,pathway_identity_confidence,True,provenance_only,S003; S004
M4-FUNG-0012,89,candidate_bgc_credibility,True,provenance_only,S001; S003
M4-FUNG-0012,90,coordinated_transcription_evidence,True,provenance_only,S003; S004
M4-FUNG-0012,91,biochemical_execution_evidence,True,provenance_only,S003
M4-FUNG-0012,92,product_formation_evidence,True,provenance_only,S003; S004
M4-FUNG-0012,94,bgc_product_attribution,True,provenance_only,S003
M4-FUNG-0012,95,gene_product_attribution,True,provenance_only,S003; S004
M4-FUNG-0012,96,complete_pathway_reconstruction,True,provenance_only,S003
M4-FUNG-0012,98,major_database_problem,True,provenance_only,S001; S003; S004
M4-FUNG-0012,99,best_use_case_for_atlas,True,provenance_only,S003; S004
M4-FUNG-0012,100,overall_note,True,provenance_only,S003; S004
M4-FUNG-0012,104,gene.legacy_support_annotation,True,provenance_only,S001; S003
M4-FUNG-0012,105,gene.legacy_support_annotation,True,provenance_only,S001; S003
M4-FUNG-0012,106,gene.legacy_support_annotation,True,provenance_only,S001; S003; S004
M4-FUNG-0012,107,gene.legacy_support_annotation,True,provenance_only,S001; S003; S004
M4-FUNG-0012,108,gene.legacy_support_annotation,True,provenance_only,S001; S003
M4-FUNG-0012,109,gene.legacy_support_annotation,True,provenance_only,S001; S003; S007
M4-FUNG-0012,110,gene.legacy_support_annotation,True,provenance_only,S001; S003
M4-FUNG-0012,111,gene.legacy_support_annotation,True,provenance_only,S001; S003
M4-FUNG-0012,112,gene.legacy_support_annotation,True,provenance_only,S001; S003
M4-FUNG-0012,113,gene.legacy_support_annotation,True,provenance_only,S001; S003; S007
M4-FUNG-0012,114,gene.legacy_support_annotation,True,provenance_only,S001; S003
M4-FUNG-0012,118,metabolite.legacy_attribution_annotation,True,provenance_only,S001; S003; S004; S005; S006
M4-FUNG-0012,119,metabolite.legacy_attribution_annotation,True,provenance_only,S003
M4-FUNG-0012,155,claim.legacy_support_annotation,True,provenance_only,S003
M4-FUNG-0012,156,claim.legacy_support_annotation,True,provenance_only,S001; S003
M4-FUNG-0012,157,claim.legacy_support_annotation,True,provenance_only,S003
M4-FUNG-0012,158,claim.legacy_support_annotation,True,provenance_only,S003
M4-FUNG-0012,159,claim.legacy_support_annotation,True,provenance_only,S003
M4-FUNG-0012,160,claim.legacy_support_annotation,True,provenance_only,S004
M4-FUNG-0012,161,claim.legacy_support_annotation,True,provenance_only,S003; S004
M4-FUNG-0012,162,claim.legacy_support_annotation,True,provenance_only,S005
M4-FUNG-0012,166,relationship.legacy_support_annotation,True,provenance_only,S001
M4-FUNG-0012,167,relationship.legacy_support_annotation,True,provenance_only,S001
M4-FUNG-0012,168,relationship.legacy_support_annotation,True,provenance_only,S003; S004
M4-FUNG-0012,169,relationship.legacy_support_annotation,True,provenance_only,S004
M4-FUNG-0012,170,relationship.legacy_support_annotation,True,provenance_only,S003
M4-FUNG-0012,171,relationship.legacy_support_annotation,True,provenance_only,S003; S007
M4-FUNG-0012,172,relationship.legacy_support_annotation,True,provenance_only,S003
M4-FUNG-0012,173,relationship.legacy_support_annotation,True,provenance_only,S004
M4-FUNG-0012,174,relationship.legacy_support_annotation,True,provenance_only,S003; S007
M4-FUNG-0013,7,schema_version,True,administrative_excluded,
M4-FUNG-0013,8,dossier_id,True,administrative_excluded,
M4-FUNG-0013,9,sheet_record_status,True,administrative_excluded,
M4-FUNG-0013,10,annotation_status,True,administrative_excluded,
M4-FUNG-0013,11,annotation_date,True,administrative_excluded,
M4-FUNG-0013,12,inference,False,administrative_excluded,
M4-FUNG-0013,13,last_reviewed_date,True,administrative_excluded,
M4-FUNG-0013,20,mibig_record_status,True,provenance_only,S001
M4-FUNG-0013,21,source_native_category_value,True,provenance_only,S001
M4-FUNG-0013,22,mibig_completeness,True,provenance_only,S001
M4-FUNG-0013,25,primary_reference_source_id,True,provenance_only,
M4-FUNG-0013,57,boundary_confidence,True,provenance_only,S001; S003
M4-FUNG-0013,58,pathway_identity_confidence,True,provenance_only,S003; S004; S005; S006
M4-FUNG-0013,89,candidate_bgc_credibility,True,provenance_only,S001; S002; S003
M4-FUNG-0013,90,coordinated_transcription_evidence,True,provenance_only,S003
M4-FUNG-0013,91,biochemical_execution_evidence,True,provenance_only,S003; S004; S005; S006
M4-FUNG-0013,92,product_formation_evidence,True,provenance_only,S001; S003
M4-FUNG-0013,94,bgc_product_attribution,True,provenance_only,S001; S003; S004; S005; S006
M4-FUNG-0013,95,gene_product_attribution,True,provenance_only,S003; S004; S005; S006
M4-FUNG-0013,96,complete_pathway_reconstruction,True,provenance_only,
M4-FUNG-0013,98,major_database_problem,True,provenance_only,S001; S002; S003
M4-FUNG-0013,99,best_use_case_for_atlas,True,provenance_only,S003; S004; S005; S006
M4-FUNG-0013,100,overall_note,True,provenance_only,S001; S002; S003; S004; S005; S006
M4-FUNG-0013,104,gene.legacy_support_annotation,True,provenance_only,S001; S002
M4-FUNG-0013,105,gene.legacy_support_annotation,True,provenance_only,S001; S002
M4-FUNG-0013,106,gene.legacy_support_annotation,True,provenance_only,S001; S002; S003
M4-FUNG-0013,107,gene.legacy_support_annotation,True,provenance_only,S001; S003
M4-FUNG-0013,108,gene.legacy_support_annotation,True,provenance_only,S001; S006
M4-FUNG-0013,109,gene.legacy_support_annotation,True,provenance_only,S001
M4-FUNG-0013,110,gene.legacy_support_annotation,True,provenance_only,S001; S006
M4-FUNG-0013,111,gene.legacy_support_annotation,True,provenance_only,S001
M4-FUNG-0013,112,gene.legacy_support_annotation,True,provenance_only,S001; S005
M4-FUNG-0013,113,gene.legacy_support_annotation,True,provenance_only,S001
M4-FUNG-0013,114,gene.legacy_support_annotation,True,provenance_only,S001; S003
M4-FUNG-0013,115,gene.legacy_support_annotation,True,provenance_only,S001; S004
M4-FUNG-0013,116,gene.legacy_support_annotation,True,provenance_only,S001; S004
M4-FUNG-0013,117,gene.legacy_support_annotation,True,provenance_only,S001
M4-FUNG-0013,118,gene.legacy_support_annotation,True,provenance_only,S001
M4-FUNG-0013,119,gene.legacy_support_annotation,True,provenance_only,S001
M4-FUNG-0013,120,gene.legacy_support_annotation,True,provenance_only,S001
M4-FUNG-0013,121,gene.legacy_support_annotation,True,provenance_only,S001
M4-FUNG-0013,122,gene.legacy_support_annotation,True,provenance_only,S001
M4-FUNG-0013,123,gene.legacy_support_annotation,True,provenance_only,S001
M4-FUNG-0013,124,gene.legacy_support_annotation,True,provenance_only,S001; S006
M4-FUNG-0013,125,gene.legacy_support_annotation,True,provenance_only,S001; S003
M4-FUNG-0013,126,gene.legacy_support_annotation,True,provenance_only,S001
M4-FUNG-0013,127,gene.legacy_support_annotation,True,provenance_only,S001
M4-FUNG-0013,131,metabolite.legacy_attribution_annotation,True,provenance_only,S001; S005
M4-FUNG-0013,132,metabolite.legacy_attribution_annotation,True,provenance_only,S001; S005
M4-FUNG-0013,133,metabolite.legacy_attribution_annotation,True,provenance_only,S001; S006
M4-FUNG-0013,134,metabolite.legacy_attribution_annotation,True,provenance_only,S001; S006
M4-FUNG-0013,135,metabolite.legacy_attribution_annotation,True,provenance_only,S004
M4-FUNG-0013,164,claim.legacy_support_annotation,True,provenance_only,S001; S002; S003
M4-FUNG-0013,165,claim.legacy_support_annotation,True,provenance_only,S003
M4-FUNG-0013,166,claim.legacy_support_annotation,True,provenance_only,S004
M4-FUNG-0013,167,claim.legacy_support_annotation,True,provenance_only,S005
M4-FUNG-0013,168,claim.legacy_support_annotation,True,provenance_only,S006
M4-FUNG-0013,169,claim.legacy_support_annotation,True,provenance_only,S001; S003; S004; S005; S006
M4-FUNG-0013,170,claim.legacy_support_annotation,True,provenance_only,S005; S006
M4-FUNG-0013,175,relationship.legacy_support_annotation,True,provenance_only,S001; S002
M4-FUNG-0013,176,relationship.legacy_support_annotation,True,provenance_only,S003
M4-FUNG-0013,177,relationship.legacy_support_annotation,True,provenance_only,S003
M4-FUNG-0013,178,relationship.legacy_support_annotation,True,provenance_only,S003
M4-FUNG-0013,179,relationship.legacy_support_annotation,True,provenance_only,S004
M4-FUNG-0013,180,relationship.legacy_support_annotation,True,provenance_only,S005
M4-FUNG-0013,181,relationship.legacy_support_annotation,True,provenance_only,S006
M4-FUNG-0013,182,relationship.legacy_support_annotation,True,provenance_only,S005
M4-FUNG-0014,7,schema_version,True,administrative_excluded,
M4-FUNG-0014,8,dossier_id,True,administrative_excluded,
M4-FUNG-0014,9,sheet_record_status,True,administrative_excluded,
M4-FUNG-0014,10,annotation_status,True,administrative_excluded,
M4-FUNG-0014,11,annotation_date,True,administrative_excluded,
M4-FUNG-0014,12,inference,False,administrative_excluded,
M4-FUNG-0014,13,last_reviewed_date,True,administrative_excluded,
M4-FUNG-0014,20,mibig_record_status,True,provenance_only,S001
M4-FUNG-0014,21,source_native_category_value,True,provenance_only,S001
M4-FUNG-0014,22,mibig_completeness,True,provenance_only,S001
M4-FUNG-0014,25,primary_reference_source_id,True,provenance_only,
M4-FUNG-0014,57,boundary_confidence,True,provenance_only,S001; S003
M4-FUNG-0014,58,pathway_identity_confidence,True,provenance_only,S003; S004; S005
M4-FUNG-0014,89,candidate_bgc_credibility,True,provenance_only,S001; S003; S004
M4-FUNG-0014,90,coordinated_transcription_evidence,True,provenance_only,S003; S008
M4-FUNG-0014,91,biochemical_execution_evidence,True,provenance_only,S003; S004; S005
M4-FUNG-0014,92,product_formation_evidence,True,provenance_only,S003; S004; S006; S008
M4-FUNG-0014,94,bgc_product_attribution,True,provenance_only,S003; S004; S005
M4-FUNG-0014,95,gene_product_attribution,True,provenance_only,S003; S005
M4-FUNG-0014,96,complete_pathway_reconstruction,True,provenance_only,S005
M4-FUNG-0014,98,major_database_problem,True,provenance_only,S001; S003
M4-FUNG-0014,99,best_use_case_for_atlas,True,provenance_only,S003; S005; S006; S008
M4-FUNG-0014,100,overall_note,True,provenance_only,S003; S006; S008
M4-FUNG-0014,104,gene.legacy_support_annotation,True,provenance_only,S001
M4-FUNG-0014,105,gene.legacy_support_annotation,True,provenance_only,S001; S003; S004
M4-FUNG-0014,106,gene.legacy_support_annotation,True,provenance_only,S001; S003; S005
M4-FUNG-0014,107,gene.legacy_support_annotation,True,provenance_only,S001; S003; S005
M4-FUNG-0014,108,gene.legacy_support_annotation,True,provenance_only,S001; S003
M4-FUNG-0014,109,gene.legacy_support_annotation,True,provenance_only,S001; S003
M4-FUNG-0014,110,gene.legacy_support_annotation,True,provenance_only,S001; S003
M4-FUNG-0014,115,metabolite.legacy_attribution_annotation,True,provenance_only,S001; S003; S005; S008
M4-FUNG-0014,116,metabolite.legacy_attribution_annotation,True,provenance_only,S003; S005
M4-FUNG-0014,117,metabolite.legacy_attribution_annotation,True,provenance_only,S005
M4-FUNG-0014,118,metabolite.legacy_attribution_annotation,True,provenance_only,S005
M4-FUNG-0014,152,claim.legacy_support_annotation,True,provenance_only,S001; S003; S004
M4-FUNG-0014,153,claim.legacy_support_annotation,True,provenance_only,S003; S004; S005
M4-FUNG-0014,154,claim.legacy_support_annotation,True,provenance_only,S003
M4-FUNG-0014,155,claim.legacy_support_annotation,True,provenance_only,S003
M4-FUNG-0014,156,claim.legacy_support_annotation,True,provenance_only,S003
M4-FUNG-0014,157,claim.legacy_support_annotation,True,provenance_only,S003
M4-FUNG-0014,158,claim.legacy_support_annotation,True,provenance_only,S008
M4-FUNG-0014,159,claim.legacy_support_annotation,True,provenance_only,S008
M4-FUNG-0014,160,claim.legacy_support_annotation,True,provenance_only,S001; S003
M4-FUNG-0014,164,relationship.legacy_support_annotation,True,provenance_only,S001; S002
M4-FUNG-0014,165,relationship.legacy_support_annotation,True,provenance_only,S001; S003
M4-FUNG-0014,166,relationship.legacy_support_annotation,True,provenance_only,S003; S004; S005
M4-FUNG-0014,167,relationship.legacy_support_annotation,True,provenance_only,S003; S005
M4-FUNG-0014,168,relationship.legacy_support_annotation,True,provenance_only,S003; S005
M4-FUNG-0014,169,relationship.legacy_support_annotation,True,provenance_only,S003
M4-FUNG-0014,170,relationship.legacy_support_annotation,True,provenance_only,S003
M4-FUNG-0014,171,relationship.legacy_support_annotation,True,provenance_only,S003
M4-FUNG-0014,172,relationship.legacy_support_annotation,True,provenance_only,S003
M4-FUNG-0014,173,relationship.legacy_support_annotation,True,provenance_only,S003; S006
M4-FUNG-0014,174,relationship.legacy_support_annotation,True,provenance_only,S008
M4-FUNG-0014,175,relationship.legacy_support_annotation,True,provenance_only,S008
M4-FUNG-0015,7,schema_version,True,administrative_excluded,
M4-FUNG-0015,8,dossier_id,True,administrative_excluded,
M4-FUNG-0015,9,sheet_record_status,True,administrative_excluded,
M4-FUNG-0015,10,annotation_status,True,administrative_excluded,
M4-FUNG-0015,11,annotation_date,True,administrative_excluded,
M4-FUNG-0015,12,inference,False,administrative_excluded,
M4-FUNG-0015,13,last_reviewed_date,True,administrative_excluded,
M4-FUNG-0015,20,mibig_record_status,True,provenance_only,S001
M4-FUNG-0015,21,source_native_category_value,True,provenance_only,S001
M4-FUNG-0015,22,mibig_completeness,True,provenance_only,S001
M4-FUNG-0015,25,primary_reference_source_id,True,provenance_only,
M4-FUNG-0015,57,boundary_confidence,True,provenance_only,S001; S003
M4-FUNG-0015,58,pathway_identity_confidence,True,provenance_only,S003; S004
M4-FUNG-0015,89,candidate_bgc_credibility,True,provenance_only,S003; S004
M4-FUNG-0015,90,coordinated_transcription_evidence,True,provenance_only,S003; S007
M4-FUNG-0015,91,biochemical_execution_evidence,True,provenance_only,S003
M4-FUNG-0015,92,product_formation_evidence,True,provenance_only,S003; S007
M4-FUNG-0015,94,bgc_product_attribution,True,provenance_only,S003
M4-FUNG-0015,95,gene_product_attribution,True,provenance_only,S003; S004
M4-FUNG-0015,96,complete_pathway_reconstruction,True,provenance_only,S003
M4-FUNG-0015,98,major_database_problem,True,provenance_only,S001; S003
M4-FUNG-0015,99,best_use_case_for_atlas,True,provenance_only,S003; S004; S005
M4-FUNG-0015,100,overall_note,True,provenance_only,S003; S005; S006; S007
M4-FUNG-0015,104,gene.legacy_support_annotation,True,provenance_only,S003; S009
M4-FUNG-0015,105,gene.legacy_support_annotation,True,provenance_only,S001; S003; S004
M4-FUNG-0015,106,gene.legacy_support_annotation,True,provenance_only,S003; S009
M4-FUNG-0015,107,gene.legacy_support_annotation,True,provenance_only,S003; S010
M4-FUNG-0015,108,gene.legacy_support_annotation,True,provenance_only,S003; S007; S009
M4-FUNG-0015,109,gene.legacy_support_annotation,True,provenance_only,S003; S009
M4-FUNG-0015,110,gene.legacy_support_annotation,True,provenance_only,S003; S008
M4-FUNG-0015,111,gene.legacy_support_annotation,True,provenance_only,S003
M4-FUNG-0015,115,metabolite.legacy_attribution_annotation,True,provenance_only,S001; S003
M4-FUNG-0015,116,metabolite.legacy_attribution_annotation,True,provenance_only,S003; S004
M4-FUNG-0015,117,metabolite.legacy_attribution_annotation,True,provenance_only,S003
M4-FUNG-0015,118,metabolite.legacy_attribution_annotation,True,provenance_only,S006
M4-FUNG-0015,119,metabolite.legacy_attribution_annotation,True,provenance_only,S006
M4-FUNG-0015,120,metabolite.legacy_attribution_annotation,True,provenance_only,S006
M4-FUNG-0015,121,metabolite.legacy_attribution_annotation,True,provenance_only,S007
M4-FUNG-0015,122,metabolite.legacy_attribution_annotation,True,provenance_only,S007
M4-FUNG-0015,153,claim.legacy_support_annotation,True,provenance_only,S001; S003
M4-FUNG-0015,154,claim.legacy_support_annotation,True,provenance_only,S003; S004
M4-FUNG-0015,155,claim.legacy_support_annotation,True,provenance_only,S003
M4-FUNG-0015,156,claim.legacy_support_annotation,True,provenance_only,S003
M4-FUNG-0015,157,claim.legacy_support_annotation,True,provenance_only,S003
M4-FUNG-0015,158,claim.legacy_support_annotation,True,provenance_only,S003
M4-FUNG-0015,159,claim.legacy_support_annotation,True,provenance_only,S005
M4-FUNG-0015,160,claim.legacy_support_annotation,True,provenance_only,S007
M4-FUNG-0015,161,claim.legacy_support_annotation,True,provenance_only,S003
M4-FUNG-0015,165,relationship.legacy_support_annotation,True,provenance_only,S001; S002
M4-FUNG-0015,166,relationship.legacy_support_annotation,True,provenance_only,S001
M4-FUNG-0015,167,relationship.legacy_support_annotation,True,provenance_only,S003; S004
M4-FUNG-0015,168,relationship.legacy_support_annotation,True,provenance_only,S003
M4-FUNG-0015,169,relationship.legacy_support_annotation,True,provenance_only,S003
M4-FUNG-0015,170,relationship.legacy_support_annotation,True,provenance_only,S003; S007
M4-FUNG-0015,171,relationship.legacy_support_annotation,True,provenance_only,S003
M4-FUNG-0015,172,relationship.legacy_support_annotation,True,provenance_only,S005
M4-FUNG-0015,173,relationship.legacy_support_annotation,True,provenance_only,S003
M4-FUNG-0015,174,relationship.legacy_support_annotation,True,provenance_only,S003
M4-FUNG-0016,7,schema_version,True,administrative_excluded,
M4-FUNG-0016,8,dossier_id,True,administrative_excluded,
M4-FUNG-0016,9,sheet_record_status,True,administrative_excluded,
M4-FUNG-0016,10,annotation_status,True,administrative_excluded,
M4-FUNG-0016,11,annotation_date,True,administrative_excluded,
M4-FUNG-0016,12,inference,False,administrative_excluded,
M4-FUNG-0016,13,last_reviewed_date,True,administrative_excluded,
M4-FUNG-0016,20,mibig_record_status,True,provenance_only,S001
M4-FUNG-0016,21,source_native_category_value,True,provenance_only,S001
M4-FUNG-0016,22,mibig_completeness,True,provenance_only,S001
M4-FUNG-0016,25,primary_reference_source_id,True,provenance_only,
M4-FUNG-0016,57,boundary_confidence,True,provenance_only,S001; S003
M4-FUNG-0016,58,pathway_identity_confidence,True,provenance_only,S003; S005
M4-FUNG-0016,89,candidate_bgc_credibility,True,provenance_only,S003
M4-FUNG-0016,90,coordinated_transcription_evidence,True,provenance_only,S005; S006
M4-FUNG-0016,91,biochemical_execution_evidence,True,provenance_only,S005
M4-FUNG-0016,92,product_formation_evidence,True,provenance_only,S003; S004
M4-FUNG-0016,94,bgc_product_attribution,True,provenance_only,S003
M4-FUNG-0016,95,gene_product_attribution,True,provenance_only,S004; S005
M4-FUNG-0016,96,complete_pathway_reconstruction,True,provenance_only,S005
M4-FUNG-0016,98,major_database_problem,True,provenance_only,S001
M4-FUNG-0016,99,best_use_case_for_atlas,True,provenance_only,S004; S005; S006
M4-FUNG-0016,100,overall_note,True,provenance_only,S005
M4-FUNG-0016,104,gene.legacy_support_annotation,True,provenance_only,S001; S005
M4-FUNG-0016,105,gene.legacy_support_annotation,True,provenance_only,S001; S005
M4-FUNG-0016,106,gene.legacy_support_annotation,True,provenance_only,S001; S005
M4-FUNG-0016,107,gene.legacy_support_annotation,True,provenance_only,S001; S003; S005
M4-FUNG-0016,108,gene.legacy_support_annotation,True,provenance_only,S001; S005
M4-FUNG-0016,109,gene.legacy_support_annotation,True,provenance_only,S001; S005
M4-FUNG-0016,110,gene.legacy_support_annotation,True,provenance_only,S001; S004
M4-FUNG-0016,111,gene.legacy_support_annotation,True,provenance_only,S001; S005
M4-FUNG-0016,112,gene.legacy_support_annotation,True,provenance_only,S001; S005; S006
M4-FUNG-0016,116,metabolite.legacy_attribution_annotation,True,provenance_only,S001; S003
M4-FUNG-0016,117,metabolite.legacy_attribution_annotation,True,provenance_only,S005
M4-FUNG-0016,145,claim.legacy_support_annotation,True,provenance_only,S003; S004; S005
M4-FUNG-0016,146,claim.legacy_support_annotation,True,provenance_only,S005; S006
M4-FUNG-0016,147,claim.legacy_support_annotation,True,provenance_only,S004
M4-FUNG-0016,148,claim.legacy_support_annotation,True,provenance_only,S001; S005
M4-FUNG-0016,156,relationship.legacy_support_annotation,True,provenance_only,S005
M4-FUNG-0016,157,relationship.legacy_support_annotation,True,provenance_only,S005
M4-FUNG-0016,158,relationship.legacy_support_annotation,True,provenance_only,S005
M4-FUNG-0016,159,relationship.legacy_support_annotation,True,provenance_only,S005
M4-FUNG-0016,160,relationship.legacy_support_annotation,True,provenance_only,S005; S006
M4-FUNG-0016,161,relationship.legacy_support_annotation,True,provenance_only,S004
M4-FUNG-0016,162,relationship.legacy_support_annotation,True,provenance_only,S001; S005
M4-FUNG-0017,7,schema_version,True,administrative_excluded,
M4-FUNG-0017,8,dossier_id,True,administrative_excluded,
M4-FUNG-0017,9,sheet_record_status,True,administrative_excluded,
M4-FUNG-0017,10,annotation_status,True,administrative_excluded,
M4-FUNG-0017,11,annotation_date,True,administrative_excluded,
M4-FUNG-0017,12,inference,False,administrative_excluded,
M4-FUNG-0017,13,last_reviewed_date,True,administrative_excluded,
M4-FUNG-0017,20,mibig_record_status,True,provenance_only,S001
M4-FUNG-0017,21,source_native_category_value,True,provenance_only,S001
M4-FUNG-0017,22,mibig_completeness,True,provenance_only,S001
M4-FUNG-0017,25,primary_reference_source_id,True,provenance_only,
M4-FUNG-0017,57,boundary_confidence,True,provenance_only,S001; S003
M4-FUNG-0017,58,pathway_identity_confidence,True,provenance_only,S003
M4-FUNG-0017,89,candidate_bgc_credibility,True,provenance_only,S001; S003
M4-FUNG-0017,90,coordinated_transcription_evidence,True,provenance_only,S003
M4-FUNG-0017,91,biochemical_execution_evidence,True,provenance_only,S003
M4-FUNG-0017,92,product_formation_evidence,True,provenance_only,S003; S005
M4-FUNG-0017,94,bgc_product_attribution,True,provenance_only,S003
M4-FUNG-0017,95,gene_product_attribution,True,provenance_only,S003
M4-FUNG-0017,96,complete_pathway_reconstruction,True,provenance_only,S003
M4-FUNG-0017,98,major_database_problem,True,provenance_only,S001; S003
M4-FUNG-0017,99,best_use_case_for_atlas,True,provenance_only,S003
M4-FUNG-0017,100,overall_note,True,provenance_only,S003
M4-FUNG-0017,104,gene.legacy_support_annotation,True,provenance_only,S001; S003
M4-FUNG-0017,105,gene.legacy_support_annotation,True,provenance_only,S001; S003
M4-FUNG-0017,106,gene.legacy_support_annotation,True,provenance_only,S001; S003
M4-FUNG-0017,107,gene.legacy_support_annotation,True,provenance_only,S001; S003
M4-FUNG-0017,108,gene.legacy_support_annotation,True,provenance_only,S001; S003
M4-FUNG-0017,109,gene.legacy_support_annotation,True,provenance_only,S001; S003
M4-FUNG-0017,110,gene.legacy_support_annotation,True,provenance_only,S001; S003
M4-FUNG-0017,111,gene.legacy_support_annotation,True,provenance_only,S001; S003
M4-FUNG-0017,115,metabolite.legacy_attribution_annotation,True,provenance_only,S001; S003; S005
M4-FUNG-0017,116,metabolite.legacy_attribution_annotation,True,provenance_only,S003
M4-FUNG-0017,117,metabolite.legacy_attribution_annotation,True,provenance_only,S003
M4-FUNG-0017,152,claim.legacy_support_annotation,True,provenance_only,S003
M4-FUNG-0017,153,claim.legacy_support_annotation,True,provenance_only,S003
M4-FUNG-0017,154,claim.legacy_support_annotation,True,provenance_only,S003
M4-FUNG-0017,155,claim.legacy_support_annotation,True,provenance_only,S003
M4-FUNG-0017,156,claim.legacy_support_annotation,True,provenance_only,S003
M4-FUNG-0017,157,claim.legacy_support_annotation,True,provenance_only,S003
M4-FUNG-0017,158,claim.legacy_support_annotation,True,provenance_only,S001; S003
M4-FUNG-0017,159,claim.legacy_support_annotation,True,provenance_only,S003
M4-FUNG-0017,163,relationship.legacy_support_annotation,True,provenance_only,S001; S002
M4-FUNG-0017,164,relationship.legacy_support_annotation,True,provenance_only,S003
M4-FUNG-0017,165,relationship.legacy_support_annotation,True,provenance_only,S003
M4-FUNG-0017,166,relationship.legacy_support_annotation,True,provenance_only,S003
M4-FUNG-0017,167,relationship.legacy_support_annotation,True,provenance_only,S003
M4-FUNG-0017,168,relationship.legacy_support_annotation,True,provenance_only,S003
M4-FUNG-0017,169,relationship.legacy_support_annotation,True,provenance_only,S003
M4-FUNG-0017,170,relationship.legacy_support_annotation,True,provenance_only,S003
M4-FUNG-0018,7,schema_version,True,administrative_excluded,
M4-FUNG-0018,8,dossier_id,True,administrative_excluded,
M4-FUNG-0018,9,sheet_record_status,True,administrative_excluded,
M4-FUNG-0018,10,annotation_status,True,administrative_excluded,
M4-FUNG-0018,11,annotation_date,True,administrative_excluded,
M4-FUNG-0018,12,inference,False,administrative_excluded,
M4-FUNG-0018,13,last_reviewed_date,True,administrative_excluded,
M4-FUNG-0018,20,mibig_record_status,True,provenance_only,S001
M4-FUNG-0018,21,source_native_category_value,True,provenance_only,S001
M4-FUNG-0018,22,mibig_completeness,True,provenance_only,S001
M4-FUNG-0018,25,primary_reference_source_id,True,provenance_only,
M4-FUNG-0018,57,boundary_confidence,True,provenance_only,S003
M4-FUNG-0018,58,pathway_identity_confidence,True,provenance_only,S003
M4-FUNG-0018,89,candidate_bgc_credibility,True,provenance_only,S001; S003
M4-FUNG-0018,90,coordinated_transcription_evidence,True,provenance_only,S003
M4-FUNG-0018,91,biochemical_execution_evidence,True,provenance_only,S003; S006
M4-FUNG-0018,92,product_formation_evidence,True,provenance_only,S003; S005
M4-FUNG-0018,94,bgc_product_attribution,True,provenance_only,S003
M4-FUNG-0018,95,gene_product_attribution,True,provenance_only,S003; S006
M4-FUNG-0018,96,complete_pathway_reconstruction,True,provenance_only,
M4-FUNG-0018,98,major_database_problem,True,provenance_only,S001; S003
M4-FUNG-0018,99,best_use_case_for_atlas,True,provenance_only,S003; S005
M4-FUNG-0018,100,overall_note,True,provenance_only,S003; S005
M4-FUNG-0018,104,gene.legacy_support_annotation,True,provenance_only,S001; S003
M4-FUNG-0018,105,gene.legacy_support_annotation,True,provenance_only,S001; S003; S006
M4-FUNG-0018,106,gene.legacy_support_annotation,True,provenance_only,S001; S003; S006
M4-FUNG-0018,107,gene.legacy_support_annotation,True,provenance_only,S001; S003; S006
M4-FUNG-0018,108,gene.legacy_support_annotation,True,provenance_only,S001; S003; S006
M4-FUNG-0018,109,gene.legacy_support_annotation,True,provenance_only,S001; S003
M4-FUNG-0018,115,metabolite.legacy_attribution_annotation,True,provenance_only,S001; S003; S008
M4-FUNG-0018,116,metabolite.legacy_attribution_annotation,True,provenance_only,S003; S006
M4-FUNG-0018,117,metabolite.legacy_attribution_annotation,True,provenance_only,S003; S006
M4-FUNG-0018,150,claim.legacy_support_annotation,True,provenance_only,S001; S003
M4-FUNG-0018,151,claim.legacy_support_annotation,True,provenance_only,S003
M4-FUNG-0018,152,claim.legacy_support_annotation,True,provenance_only,S003; S006
M4-FUNG-0018,153,claim.legacy_support_annotation,True,provenance_only,S003; S006
M4-FUNG-0018,154,claim.legacy_support_annotation,True,provenance_only,S003
M4-FUNG-0018,155,claim.legacy_support_annotation,True,provenance_only,S005
M4-FUNG-0018,156,claim.legacy_support_annotation,True,provenance_only,S005
M4-FUNG-0018,157,claim.legacy_support_annotation,True,provenance_only,S001; S003
M4-FUNG-0018,158,claim.legacy_support_annotation,True,provenance_only,S006
M4-FUNG-0018,162,relationship.legacy_support_annotation,True,provenance_only,S001
M4-FUNG-0018,163,relationship.legacy_support_annotation,True,provenance_only,S003
M4-FUNG-0018,164,relationship.legacy_support_annotation,True,provenance_only,S003
M4-FUNG-0018,165,relationship.legacy_support_annotation,True,provenance_only,S003
M4-FUNG-0018,166,relationship.legacy_support_annotation,True,provenance_only,S003
M4-FUNG-0018,167,relationship.legacy_support_annotation,True,provenance_only,S003; S006
M4-FUNG-0018,168,relationship.legacy_support_annotation,True,provenance_only,S003
M4-FUNG-0018,169,relationship.legacy_support_annotation,True,provenance_only,S003
M4-FUNG-0018,170,relationship.legacy_support_annotation,True,provenance_only,S005
M4-FUNG-0018,171,relationship.legacy_support_annotation,True,provenance_only,S005
M4-FUNG-0018,172,relationship.legacy_support_annotation,True,provenance_only,S006
M4-FUNG-0019,7,schema_version,True,administrative_excluded,
M4-FUNG-0019,8,dossier_id,True,administrative_excluded,
M4-FUNG-0019,9,sheet_record_status,True,administrative_excluded,
M4-FUNG-0019,10,annotation_status,True,administrative_excluded,
M4-FUNG-0019,11,annotation_date,True,administrative_excluded,
M4-FUNG-0019,12,inference,False,administrative_excluded,
M4-FUNG-0019,13,last_reviewed_date,True,administrative_excluded,
M4-FUNG-0019,20,mibig_record_status,True,provenance_only,S001
M4-FUNG-0019,21,source_native_category_value,True,provenance_only,S001
M4-FUNG-0019,22,mibig_completeness,True,provenance_only,S001
M4-FUNG-0019,25,primary_reference_source_id,True,provenance_only,
M4-FUNG-0019,57,boundary_confidence,True,provenance_only,S001; S006; S007
M4-FUNG-0019,58,pathway_identity_confidence,True,provenance_only,S002; S003; S004; S007
M4-FUNG-0019,89,candidate_bgc_credibility,True,provenance_only,S001; S002; S006
M4-FUNG-0019,90,coordinated_transcription_evidence,True,provenance_only,S007; S010
M4-FUNG-0019,91,biochemical_execution_evidence,True,provenance_only,S002; S003
M4-FUNG-0019,92,product_formation_evidence,True,provenance_only,S002; S003; S005; S008
M4-FUNG-0019,94,bgc_product_attribution,True,provenance_only,S001; S006; S007
M4-FUNG-0019,95,gene_product_attribution,True,provenance_only,S002; S003; S007
M4-FUNG-0019,96,complete_pathway_reconstruction,True,provenance_only,S006; S007
M4-FUNG-0019,98,major_database_problem,True,provenance_only,S001; S006; S007
M4-FUNG-0019,99,best_use_case_for_atlas,True,provenance_only,S003; S005; S007; S008; S010
M4-FUNG-0019,100,overall_note,True,provenance_only,S002; S003; S007; S008; S009; S010
M4-FUNG-0019,104,gene.legacy_support_annotation,True,provenance_only,S001
M4-FUNG-0019,105,gene.legacy_support_annotation,True,provenance_only,S001
M4-FUNG-0019,106,gene.legacy_support_annotation,True,provenance_only,S001
M4-FUNG-0019,107,gene.legacy_support_annotation,True,provenance_only,S001
M4-FUNG-0019,108,gene.legacy_support_annotation,True,provenance_only,S001
M4-FUNG-0019,109,gene.legacy_support_annotation,True,provenance_only,S001
M4-FUNG-0019,110,gene.legacy_support_annotation,True,provenance_only,S001
M4-FUNG-0019,111,gene.legacy_support_annotation,True,provenance_only,S001
M4-FUNG-0019,112,gene.legacy_support_annotation,True,provenance_only,S001
M4-FUNG-0019,113,gene.legacy_support_annotation,True,provenance_only,S001
M4-FUNG-0019,114,gene.legacy_support_annotation,True,provenance_only,S001; S002
M4-FUNG-0019,115,gene.legacy_support_annotation,True,provenance_only,S001; S002
M4-FUNG-0019,116,gene.legacy_support_annotation,True,provenance_only,S001; S002
M4-FUNG-0019,117,gene.legacy_support_annotation,True,provenance_only,S001; S002
M4-FUNG-0019,118,gene.legacy_support_annotation,True,provenance_only,S001; S002
M4-FUNG-0019,119,gene.legacy_support_annotation,True,provenance_only,S001
M4-FUNG-0019,120,gene.legacy_support_annotation,True,provenance_only,S001
M4-FUNG-0019,121,gene.legacy_support_annotation,True,provenance_only,S001
M4-FUNG-0019,122,gene.legacy_support_annotation,True,provenance_only,S001
M4-FUNG-0019,123,gene.legacy_support_annotation,True,provenance_only,S001
M4-FUNG-0019,124,gene.legacy_support_annotation,True,provenance_only,S003; S006
M4-FUNG-0019,125,gene.legacy_support_annotation,True,provenance_only,S003; S011
M4-FUNG-0019,126,gene.legacy_support_annotation,True,provenance_only,S006
M4-FUNG-0019,127,gene.legacy_support_annotation,True,provenance_only,S007; S014
M4-FUNG-0019,128,gene.legacy_support_annotation,True,provenance_only,S006
M4-FUNG-0019,129,gene.legacy_support_annotation,True,provenance_only,S006
M4-FUNG-0019,130,gene.legacy_support_annotation,True,provenance_only,S006
M4-FUNG-0019,131,gene.legacy_support_annotation,True,provenance_only,S006; S008
M4-FUNG-0019,132,gene.legacy_support_annotation,True,provenance_only,S006; S008
M4-FUNG-0019,133,gene.legacy_support_annotation,True,provenance_only,S006
M4-FUNG-0019,134,gene.legacy_support_annotation,True,provenance_only,S004; S008
M4-FUNG-0019,135,gene.legacy_support_annotation,True,provenance_only,S006
M4-FUNG-0019,136,gene.legacy_support_annotation,True,provenance_only,S006
M4-FUNG-0019,137,gene.legacy_support_annotation,True,provenance_only,S006
M4-FUNG-0019,138,gene.legacy_support_annotation,True,provenance_only,S007
M4-FUNG-0019,142,metabolite.legacy_attribution_annotation,True,provenance_only,S001; S008
M4-FUNG-0019,143,metabolite.legacy_attribution_annotation,True,provenance_only,S003
M4-FUNG-0019,144,metabolite.legacy_attribution_annotation,True,provenance_only,S002
M4-FUNG-0019,180,claim.legacy_support_annotation,True,provenance_only,S001; S006; S007
M4-FUNG-0019,181,claim.legacy_support_annotation,True,provenance_only,S002
M4-FUNG-0019,182,claim.legacy_support_annotation,True,provenance_only,S003
M4-FUNG-0019,183,claim.legacy_support_annotation,True,provenance_only,S006; S007
M4-FUNG-0019,184,claim.legacy_support_annotation,True,provenance_only,S010
M4-FUNG-0019,185,claim.legacy_support_annotation,True,provenance_only,S005
M4-FUNG-0019,186,claim.legacy_support_annotation,True,provenance_only,S009
M4-FUNG-0019,187,claim.legacy_support_annotation,True,provenance_only,S008
M4-FUNG-0019,188,claim.legacy_support_annotation,True,provenance_only,S011
M4-FUNG-0019,189,claim.legacy_support_annotation,True,provenance_only,S007
M4-FUNG-0019,193,relationship.legacy_support_annotation,True,provenance_only,S001
M4-FUNG-0019,194,relationship.legacy_support_annotation,True,provenance_only,S006; S007
M4-FUNG-0019,195,relationship.legacy_support_annotation,True,provenance_only,S002
M4-FUNG-0019,196,relationship.legacy_support_annotation,True,provenance_only,S002
M4-FUNG-0019,197,relationship.legacy_support_annotation,True,provenance_only,S003
M4-FUNG-0019,198,relationship.legacy_support_annotation,True,provenance_only,S007
M4-FUNG-0019,199,relationship.legacy_support_annotation,True,provenance_only,S009
M4-FUNG-0019,200,relationship.legacy_support_annotation,True,provenance_only,S010
M4-FUNG-0019,201,relationship.legacy_support_annotation,True,provenance_only,S005
M4-FUNG-0019,202,relationship.legacy_support_annotation,True,provenance_only,S008
M4-FUNG-0019,203,relationship.legacy_support_annotation,True,provenance_only,S008
M4-FUNG-0019,204,relationship.legacy_support_annotation,True,provenance_only,S007
M4-FUNG-0020,7,schema_version,True,administrative_excluded,
M4-FUNG-0020,8,dossier_id,True,administrative_excluded,
M4-FUNG-0020,9,sheet_record_status,True,administrative_excluded,
M4-FUNG-0020,10,annotation_status,True,administrative_excluded,
M4-FUNG-0020,11,annotation_date,True,administrative_excluded,
M4-FUNG-0020,12,inference,False,administrative_excluded,
M4-FUNG-0020,13,last_reviewed_date,True,administrative_excluded,
M4-FUNG-0020,20,mibig_record_status,True,provenance_only,S001
M4-FUNG-0020,21,source_native_category_value,True,provenance_only,S001
M4-FUNG-0020,22,mibig_completeness,True,provenance_only,S001
M4-FUNG-0020,25,primary_reference_source_id,True,provenance_only,
M4-FUNG-0020,57,boundary_confidence,True,provenance_only,S003
M4-FUNG-0020,58,pathway_identity_confidence,True,provenance_only,S003; S004
M4-FUNG-0020,89,candidate_bgc_credibility,True,provenance_only,S001; S003
M4-FUNG-0020,90,coordinated_transcription_evidence,True,provenance_only,S003; S004; S005; S007
M4-FUNG-0020,91,biochemical_execution_evidence,True,provenance_only,S003
M4-FUNG-0020,92,product_formation_evidence,True,provenance_only,S003; S004; S005; S007
M4-FUNG-0020,94,bgc_product_attribution,True,provenance_only,S003
M4-FUNG-0020,95,gene_product_attribution,True,provenance_only,S003
M4-FUNG-0020,96,complete_pathway_reconstruction,True,provenance_only,S003
M4-FUNG-0020,98,major_database_problem,True,provenance_only,S001; S003
M4-FUNG-0020,99,best_use_case_for_atlas,True,provenance_only,S003; S004; S006; S007
M4-FUNG-0020,100,overall_note,True,provenance_only,S003; S004; S005; S006; S007
M4-FUNG-0020,104,gene.legacy_support_annotation,True,provenance_only,S001; S003
M4-FUNG-0020,105,gene.legacy_support_annotation,True,provenance_only,S001; S003
M4-FUNG-0020,106,gene.legacy_support_annotation,True,provenance_only,S001; S003; S004; S005
M4-FUNG-0020,107,gene.legacy_support_annotation,True,provenance_only,S001; S003
M4-FUNG-0020,108,gene.legacy_support_annotation,True,provenance_only,S001; S003
M4-FUNG-0020,109,gene.legacy_support_annotation,True,provenance_only,S001; S003
M4-FUNG-0020,110,gene.legacy_support_annotation,True,provenance_only,S001; S003; S007
M4-FUNG-0020,111,gene.legacy_support_annotation,True,provenance_only,S001; S003; S007
M4-FUNG-0020,112,gene.legacy_support_annotation,True,provenance_only,S001; S003; S005
M4-FUNG-0020,113,gene.legacy_support_annotation,True,provenance_only,S001; S003
M4-FUNG-0020,114,gene.legacy_support_annotation,True,provenance_only,S005; S009
M4-FUNG-0020,115,gene.legacy_support_annotation,True,provenance_only,S006; S007
M4-FUNG-0020,116,gene.legacy_support_annotation,True,provenance_only,S006
M4-FUNG-0020,117,gene.legacy_support_annotation,True,provenance_only,S007
M4-FUNG-0020,118,gene.legacy_support_annotation,True,provenance_only,S007
M4-FUNG-0020,122,metabolite.legacy_attribution_annotation,True,provenance_only,S001; S003; S004
M4-FUNG-0020,123,metabolite.legacy_attribution_annotation,True,provenance_only,S001; S003; S004
M4-FUNG-0020,124,metabolite.legacy_attribution_annotation,True,provenance_only,S001; S003; S004
M4-FUNG-0020,125,metabolite.legacy_attribution_annotation,True,provenance_only,S004
M4-FUNG-0020,126,metabolite.legacy_attribution_annotation,True,provenance_only,S003
M4-FUNG-0020,127,metabolite.legacy_attribution_annotation,True,provenance_only,S003
M4-FUNG-0020,128,metabolite.legacy_attribution_annotation,True,provenance_only,S003
M4-FUNG-0020,161,claim.legacy_support_annotation,True,provenance_only,S001; S003; S004; S005
M4-FUNG-0020,162,claim.legacy_support_annotation,True,provenance_only,S003
M4-FUNG-0020,163,claim.legacy_support_annotation,True,provenance_only,S003
M4-FUNG-0020,164,claim.legacy_support_annotation,True,provenance_only,S003
M4-FUNG-0020,165,claim.legacy_support_annotation,True,provenance_only,S004
M4-FUNG-0020,166,claim.legacy_support_annotation,True,provenance_only,S006
M4-FUNG-0020,167,claim.legacy_support_annotation,True,provenance_only,S003; S004; S005; S007
M4-FUNG-0020,168,claim.legacy_support_annotation,True,provenance_only,S007
M4-FUNG-0020,169,claim.legacy_support_annotation,True,provenance_only,S009
M4-FUNG-0020,173,relationship.legacy_support_annotation,True,provenance_only,S001
M4-FUNG-0020,174,relationship.legacy_support_annotation,True,provenance_only,S003; S004
M4-FUNG-0020,175,relationship.legacy_support_annotation,True,provenance_only,S003
M4-FUNG-0020,176,relationship.legacy_support_annotation,True,provenance_only,S003
M4-FUNG-0020,177,relationship.legacy_support_annotation,True,provenance_only,S003
M4-FUNG-0020,178,relationship.legacy_support_annotation,True,provenance_only,S003; S005
M4-FUNG-0020,179,relationship.legacy_support_annotation,True,provenance_only,S004
M4-FUNG-0020,180,relationship.legacy_support_annotation,True,provenance_only,S006
M4-FUNG-0020,181,relationship.legacy_support_annotation,True,provenance_only,S005; S009
M4-FUNG-0020,182,relationship.legacy_support_annotation,True,provenance_only,S007
M4-FUNG-0020,183,relationship.legacy_support_annotation,True,provenance_only,S007
M4-FUNG-0020,184,relationship.legacy_support_annotation,True,provenance_only,S003
M4-FUNG-0021,7,schema_version,True,administrative_excluded,
M4-FUNG-0021,8,dossier_id,True,administrative_excluded,
M4-FUNG-0021,9,sheet_record_status,True,administrative_excluded,
M4-FUNG-0021,10,annotation_status,True,administrative_excluded,
M4-FUNG-0021,11,annotation_date,True,administrative_excluded,
M4-FUNG-0021,12,inference,False,administrative_excluded,
M4-FUNG-0021,13,last_reviewed_date,True,administrative_excluded,
M4-FUNG-0021,20,mibig_record_status,True,provenance_only,S001
M4-FUNG-0021,21,source_native_category_value,True,provenance_only,S001
M4-FUNG-0021,22,mibig_completeness,True,provenance_only,S001
M4-FUNG-0021,25,primary_reference_source_id,True,provenance_only,
M4-FUNG-0021,57,boundary_confidence,True,provenance_only,S001; S005
M4-FUNG-0021,58,pathway_identity_confidence,True,provenance_only,S003; S004; S005; S006; S007
M4-FUNG-0021,89,candidate_bgc_credibility,True,provenance_only,S001; S003; S005
M4-FUNG-0021,90,coordinated_transcription_evidence,True,provenance_only,S005; S016
M4-FUNG-0021,91,biochemical_execution_evidence,True,provenance_only,S006; S007; S017; S018
M4-FUNG-0021,92,product_formation_evidence,True,provenance_only,S003; S005
M4-FUNG-0021,94,bgc_product_attribution,True,provenance_only,S003; S005; S016
M4-FUNG-0021,95,gene_product_attribution,True,provenance_only,S006; S007; S008; S009
M4-FUNG-0021,96,complete_pathway_reconstruction,True,provenance_only,S006; S007
M4-FUNG-0021,98,major_database_problem,True,provenance_only,S001; S008; S009
M4-FUNG-0021,99,best_use_case_for_atlas,True,provenance_only,S004; S005; S006; S007; S008; S009
M4-FUNG-0021,100,overall_note,True,provenance_only,S005; S006; S007; S008; S009
M4-FUNG-0021,104,gene.legacy_support_annotation,True,provenance_only,S001; S005
M4-FUNG-0021,105,gene.legacy_support_annotation,True,provenance_only,S001; S003; S004; S006
M4-FUNG-0021,106,gene.legacy_support_annotation,True,provenance_only,S001; S006; S017
M4-FUNG-0021,107,gene.legacy_support_annotation,True,provenance_only,S001; S007
M4-FUNG-0021,108,gene.legacy_support_annotation,True,provenance_only,S001; S006; S019
M4-FUNG-0021,109,gene.legacy_support_annotation,True,provenance_only,S001; S020
M4-FUNG-0021,110,gene.legacy_support_annotation,True,provenance_only,S001; S007
M4-FUNG-0021,111,gene.legacy_support_annotation,True,provenance_only,S001; S007; S008
M4-FUNG-0021,112,gene.legacy_support_annotation,True,provenance_only,S001; S012; S019
M4-FUNG-0021,113,gene.legacy_support_annotation,True,provenance_only,S001; S018
M4-FUNG-0021,114,gene.legacy_support_annotation,True,provenance_only,S001; S007; S021
M4-FUNG-0021,115,gene.legacy_support_annotation,True,provenance_only,S001; S009
M4-FUNG-0021,116,gene.legacy_support_annotation,True,provenance_only,S001; S007; S009
M4-FUNG-0021,117,gene.legacy_support_annotation,True,provenance_only,S001; S008
M4-FUNG-0021,118,gene.legacy_support_annotation,True,provenance_only,S001; S008
M4-FUNG-0021,119,gene.legacy_support_annotation,True,provenance_only,S001; S008
M4-FUNG-0021,123,metabolite.legacy_attribution_annotation,True,provenance_only,S001; S008
M4-FUNG-0021,124,metabolite.legacy_attribution_annotation,True,provenance_only,S001
M4-FUNG-0021,125,metabolite.legacy_attribution_annotation,True,provenance_only,S001; S008
M4-FUNG-0021,126,metabolite.legacy_attribution_annotation,True,provenance_only,S018
M4-FUNG-0021,127,metabolite.legacy_attribution_annotation,True,provenance_only,S021
M4-FUNG-0021,128,metabolite.legacy_attribution_annotation,True,provenance_only,S018
M4-FUNG-0021,129,metabolite.legacy_attribution_annotation,True,provenance_only,S006; S017
M4-FUNG-0021,163,claim.legacy_support_annotation,True,provenance_only,S005; S008
M4-FUNG-0021,164,claim.legacy_support_annotation,True,provenance_only,S005
M4-FUNG-0021,165,claim.legacy_support_annotation,True,provenance_only,S006
M4-FUNG-0021,166,claim.legacy_support_annotation,True,provenance_only,S007; S021
M4-FUNG-0021,167,claim.legacy_support_annotation,True,provenance_only,S018
M4-FUNG-0021,168,claim.legacy_support_annotation,True,provenance_only,S008; S009
M4-FUNG-0021,169,claim.legacy_support_annotation,True,provenance_only,S008
M4-FUNG-0021,170,claim.legacy_support_annotation,True,provenance_only,S008
M4-FUNG-0021,171,claim.legacy_support_annotation,True,provenance_only,S004
M4-FUNG-0021,172,claim.legacy_support_annotation,True,provenance_only,S013
M4-FUNG-0021,173,claim.legacy_support_annotation,True,provenance_only,S008; S015
M4-FUNG-0021,177,relationship.legacy_support_annotation,True,provenance_only,S001; S011
M4-FUNG-0021,178,relationship.legacy_support_annotation,True,provenance_only,S005
M4-FUNG-0021,179,relationship.legacy_support_annotation,True,provenance_only,S006
M4-FUNG-0021,180,relationship.legacy_support_annotation,True,provenance_only,S006
M4-FUNG-0021,181,relationship.legacy_support_annotation,True,provenance_only,S018
M4-FUNG-0021,182,relationship.legacy_support_annotation,True,provenance_only,S012; S019
M4-FUNG-0021,183,relationship.legacy_support_annotation,True,provenance_only,S020
M4-FUNG-0021,184,relationship.legacy_support_annotation,True,provenance_only,S007; S021
M4-FUNG-0021,185,relationship.legacy_support_annotation,True,provenance_only,S008
M4-FUNG-0021,186,relationship.legacy_support_annotation,True,provenance_only,S008
M4-FUNG-0021,187,relationship.legacy_support_annotation,True,provenance_only,S009
M4-FUNG-0021,188,relationship.legacy_support_annotation,True,provenance_only,S009
M4-FUNG-0021,189,relationship.legacy_support_annotation,True,provenance_only,S004
M4-FUNG-0022,7,schema_version,True,administrative_excluded,
M4-FUNG-0022,8,dossier_id,True,administrative_excluded,
M4-FUNG-0022,9,sheet_record_status,True,administrative_excluded,
M4-FUNG-0022,10,annotation_status,True,administrative_excluded,
M4-FUNG-0022,11,annotation_date,True,administrative_excluded,
M4-FUNG-0022,12,inference,False,administrative_excluded,
M4-FUNG-0022,13,last_reviewed_date,True,administrative_excluded,
M4-FUNG-0022,20,mibig_record_status,True,provenance_only,S001
M4-FUNG-0022,21,source_native_category_value,True,provenance_only,S001
M4-FUNG-0022,22,mibig_completeness,True,provenance_only,S001
M4-FUNG-0022,25,primary_reference_source_id,True,provenance_only,
M4-FUNG-0022,57,boundary_confidence,True,provenance_only,S001; S003; S006
M4-FUNG-0022,58,pathway_identity_confidence,True,provenance_only,S003; S004
M4-FUNG-0022,89,candidate_bgc_credibility,True,provenance_only,S001; S003
M4-FUNG-0022,90,coordinated_transcription_evidence,True,provenance_only,S003; S004
M4-FUNG-0022,91,biochemical_execution_evidence,True,provenance_only,S003; S004
M4-FUNG-0022,92,product_formation_evidence,True,provenance_only,S001; S003; S004
M4-FUNG-0022,94,bgc_product_attribution,True,provenance_only,S003
M4-FUNG-0022,95,gene_product_attribution,True,provenance_only,S003; S004; S006
M4-FUNG-0022,96,complete_pathway_reconstruction,True,provenance_only,S003; S004
M4-FUNG-0022,98,major_database_problem,True,provenance_only,S001; S003; S004
M4-FUNG-0022,99,best_use_case_for_atlas,True,provenance_only,S003; S004
M4-FUNG-0022,100,overall_note,True,provenance_only,S003; S004
M4-FUNG-0022,104,gene.legacy_support_annotation,True,provenance_only,S001; S004
M4-FUNG-0022,105,gene.legacy_support_annotation,True,provenance_only,S001; S004
M4-FUNG-0022,106,gene.legacy_support_annotation,True,provenance_only,S001; S004
M4-FUNG-0022,107,gene.legacy_support_annotation,True,provenance_only,S001; S004
M4-FUNG-0022,108,gene.legacy_support_annotation,True,provenance_only,S001; S003; S004
M4-FUNG-0022,109,gene.legacy_support_annotation,True,provenance_only,S001; S004
M4-FUNG-0022,110,gene.legacy_support_annotation,True,provenance_only,S001; S004
M4-FUNG-0022,111,gene.legacy_support_annotation,True,provenance_only,S001; S004
M4-FUNG-0022,112,gene.legacy_support_annotation,True,provenance_only,S001; S004
M4-FUNG-0022,113,gene.legacy_support_annotation,True,provenance_only,S001; S004
M4-FUNG-0022,114,gene.legacy_support_annotation,True,provenance_only,S001; S004
M4-FUNG-0022,115,gene.legacy_support_annotation,True,provenance_only,S001; S004
M4-FUNG-0022,116,gene.legacy_support_annotation,True,provenance_only,S001; S004
M4-FUNG-0022,117,gene.legacy_support_annotation,True,provenance_only,S001; S004
M4-FUNG-0022,118,gene.legacy_support_annotation,True,provenance_only,S001; S004
M4-FUNG-0022,119,gene.legacy_support_annotation,True,provenance_only,S001; S004
M4-FUNG-0022,120,gene.legacy_support_annotation,True,provenance_only,S001; S006
M4-FUNG-0022,124,metabolite.legacy_attribution_annotation,True,provenance_only,S001; S003; S008
M4-FUNG-0022,125,metabolite.legacy_attribution_annotation,True,provenance_only,S001; S003
M4-FUNG-0022,126,metabolite.legacy_attribution_annotation,True,provenance_only,S001; S003
M4-FUNG-0022,127,metabolite.legacy_attribution_annotation,True,provenance_only,S001; S004
M4-FUNG-0022,128,metabolite.legacy_attribution_annotation,True,provenance_only,S001; S004
M4-FUNG-0022,159,claim.legacy_support_annotation,True,provenance_only,S003
M4-FUNG-0022,160,claim.legacy_support_annotation,True,provenance_only,S003; S004
M4-FUNG-0022,161,claim.legacy_support_annotation,True,provenance_only,S004
M4-FUNG-0022,162,claim.legacy_support_annotation,True,provenance_only,S004
M4-FUNG-0022,163,claim.legacy_support_annotation,True,provenance_only,S001; S006
M4-FUNG-0022,164,claim.legacy_support_annotation,True,provenance_only,S003; S004
M4-FUNG-0022,165,claim.legacy_support_annotation,True,provenance_only,S005; S007
M4-FUNG-0022,170,relationship.legacy_support_annotation,True,provenance_only,S001
M4-FUNG-0022,171,relationship.legacy_support_annotation,True,provenance_only,S004
M4-FUNG-0022,172,relationship.legacy_support_annotation,True,provenance_only,S004
M4-FUNG-0022,173,relationship.legacy_support_annotation,True,provenance_only,S003; S004
M4-FUNG-0022,174,relationship.legacy_support_annotation,True,provenance_only,S003; S004
M4-FUNG-0022,175,relationship.legacy_support_annotation,True,provenance_only,S004
M4-FUNG-0022,176,relationship.legacy_support_annotation,True,provenance_only,S001; S006
M4-FUNG-0022,177,relationship.legacy_support_annotation,True,provenance_only,S005
M4-FUNG-0023,7,schema_version,True,administrative_excluded,
M4-FUNG-0023,8,dossier_id,True,administrative_excluded,
M4-FUNG-0023,9,sheet_record_status,True,administrative_excluded,
M4-FUNG-0023,10,annotation_status,True,administrative_excluded,
M4-FUNG-0023,11,annotation_date,True,administrative_excluded,
M4-FUNG-0023,12,inference,False,administrative_excluded,
M4-FUNG-0023,13,last_reviewed_date,True,administrative_excluded,
M4-FUNG-0023,20,mibig_record_status,True,provenance_only,S001
M4-FUNG-0023,21,source_native_category_value,True,provenance_only,S001
M4-FUNG-0023,22,mibig_completeness,True,provenance_only,S001
M4-FUNG-0023,25,primary_reference_source_id,True,provenance_only,
M4-FUNG-0023,57,boundary_confidence,True,provenance_only,S001; S003; S005
M4-FUNG-0023,58,pathway_identity_confidence,True,provenance_only,S002; S003; S005
M4-FUNG-0023,89,candidate_bgc_credibility,True,provenance_only,S002; S005; S007
M4-FUNG-0023,90,coordinated_transcription_evidence,True,provenance_only,S003; S008
M4-FUNG-0023,91,biochemical_execution_evidence,True,provenance_only,S003; S005
M4-FUNG-0023,92,product_formation_evidence,True,provenance_only,S002; S003; S005
M4-FUNG-0023,94,bgc_product_attribution,True,provenance_only,S002; S003; S005
M4-FUNG-0023,95,gene_product_attribution,True,provenance_only,S003; S005
M4-FUNG-0023,96,complete_pathway_reconstruction,True,provenance_only,S003
M4-FUNG-0023,98,major_database_problem,True,provenance_only,S001; S007; S009
M4-FUNG-0023,99,best_use_case_for_atlas,True,provenance_only,S003; S004; S008
M4-FUNG-0023,100,overall_note,True,provenance_only,S002; S003; S005
M4-FUNG-0023,104,gene.legacy_support_annotation,True,provenance_only,S001; S002
M4-FUNG-0023,105,gene.legacy_support_annotation,True,provenance_only,S007
M4-FUNG-0023,106,gene.legacy_support_annotation,True,provenance_only,S003; S005
M4-FUNG-0023,107,gene.legacy_support_annotation,True,provenance_only,S003; S005
M4-FUNG-0023,108,gene.legacy_support_annotation,True,provenance_only,S003; S005
M4-FUNG-0023,109,gene.legacy_support_annotation,True,provenance_only,S003; S005
M4-FUNG-0023,110,gene.legacy_support_annotation,True,provenance_only,S003; S005
M4-FUNG-0023,111,gene.legacy_support_annotation,True,provenance_only,S003; S005
M4-FUNG-0023,112,gene.legacy_support_annotation,True,provenance_only,S003; S005
M4-FUNG-0023,113,gene.legacy_support_annotation,True,provenance_only,S003; S005
M4-FUNG-0023,114,gene.legacy_support_annotation,True,provenance_only,S015
M4-FUNG-0023,118,metabolite.legacy_attribution_annotation,True,provenance_only,S002; S009; S012
M4-FUNG-0023,119,metabolite.legacy_attribution_annotation,True,provenance_only,S001; S003
M4-FUNG-0023,120,metabolite.legacy_attribution_annotation,True,provenance_only,S001; S003
M4-FUNG-0023,121,metabolite.legacy_attribution_annotation,True,provenance_only,S001; S010
M4-FUNG-0023,122,metabolite.legacy_attribution_annotation,True,provenance_only,S003
M4-FUNG-0023,123,metabolite.legacy_attribution_annotation,True,provenance_only,S003
M4-FUNG-0023,124,metabolite.legacy_attribution_annotation,True,provenance_only,S003
M4-FUNG-0023,125,metabolite.legacy_attribution_annotation,True,provenance_only,S003; S009
M4-FUNG-0023,156,claim.legacy_support_annotation,True,provenance_only,S001; S007
M4-FUNG-0023,157,claim.legacy_support_annotation,True,provenance_only,S002; S004
M4-FUNG-0023,158,claim.legacy_support_annotation,True,provenance_only,S003
M4-FUNG-0023,159,claim.legacy_support_annotation,True,provenance_only,S003
M4-FUNG-0023,160,claim.legacy_support_annotation,True,provenance_only,S003
M4-FUNG-0023,161,claim.legacy_support_annotation,True,provenance_only,S003; S004; S006
M4-FUNG-0023,162,claim.legacy_support_annotation,True,provenance_only,S008
M4-FUNG-0023,163,claim.legacy_support_annotation,True,provenance_only,S004
M4-FUNG-0023,164,claim.legacy_support_annotation,True,provenance_only,S001; S009
M4-FUNG-0023,165,claim.legacy_support_annotation,True,provenance_only,S015
M4-FUNG-0023,169,relationship.legacy_support_annotation,True,provenance_only,S001
M4-FUNG-0023,170,relationship.legacy_support_annotation,True,provenance_only,S007
M4-FUNG-0023,171,relationship.legacy_support_annotation,True,provenance_only,S002; S003
M4-FUNG-0023,172,relationship.legacy_support_annotation,True,provenance_only,S003
M4-FUNG-0023,173,relationship.legacy_support_annotation,True,provenance_only,S003
M4-FUNG-0023,174,relationship.legacy_support_annotation,True,provenance_only,S003
M4-FUNG-0023,175,relationship.legacy_support_annotation,True,provenance_only,S003
M4-FUNG-0023,176,relationship.legacy_support_annotation,True,provenance_only,S003; S004; S006
M4-FUNG-0023,177,relationship.legacy_support_annotation,True,provenance_only,S008
M4-FUNG-0023,178,relationship.legacy_support_annotation,True,provenance_only,S015
M4-FUNG-0024,7,schema_version,True,administrative_excluded,
M4-FUNG-0024,8,dossier_id,True,administrative_excluded,
M4-FUNG-0024,9,sheet_record_status,True,administrative_excluded,
M4-FUNG-0024,10,annotation_status,True,administrative_excluded,
M4-FUNG-0024,11,annotation_date,True,administrative_excluded,
M4-FUNG-0024,12,inference,False,administrative_excluded,
M4-FUNG-0024,13,last_reviewed_date,True,administrative_excluded,
M4-FUNG-0024,20,mibig_record_status,True,provenance_only,S001
M4-FUNG-0024,21,source_native_category_value,True,provenance_only,S001
M4-FUNG-0024,22,mibig_completeness,True,provenance_only,S001
M4-FUNG-0024,25,primary_reference_source_id,True,provenance_only,
M4-FUNG-0024,57,boundary_confidence,True,provenance_only,S001; S004
M4-FUNG-0024,58,pathway_identity_confidence,True,provenance_only,S003; S004
M4-FUNG-0024,89,candidate_bgc_credibility,True,provenance_only,S003
M4-FUNG-0024,90,coordinated_transcription_evidence,True,provenance_only,S003; S005
M4-FUNG-0024,91,biochemical_execution_evidence,True,provenance_only,S004
M4-FUNG-0024,92,product_formation_evidence,True,provenance_only,S003; S004
M4-FUNG-0024,94,bgc_product_attribution,True,provenance_only,S003; S004
M4-FUNG-0024,95,gene_product_attribution,True,provenance_only,S004; S005
M4-FUNG-0024,96,complete_pathway_reconstruction,True,provenance_only,S004
M4-FUNG-0024,98,major_database_problem,True,provenance_only,S001; S004
M4-FUNG-0024,99,best_use_case_for_atlas,True,provenance_only,S003; S004
M4-FUNG-0024,100,overall_note,True,provenance_only,S003; S004; S005
M4-FUNG-0024,104,gene.legacy_support_annotation,True,provenance_only,S001
M4-FUNG-0024,105,gene.legacy_support_annotation,True,provenance_only,S001
M4-FUNG-0024,106,gene.legacy_support_annotation,True,provenance_only,S001
M4-FUNG-0024,107,gene.legacy_support_annotation,True,provenance_only,S001
M4-FUNG-0024,108,gene.legacy_support_annotation,True,provenance_only,S001; S003
M4-FUNG-0024,109,gene.legacy_support_annotation,True,provenance_only,S001; S004
M4-FUNG-0024,110,gene.legacy_support_annotation,True,provenance_only,S001; S003
M4-FUNG-0024,111,gene.legacy_support_annotation,True,provenance_only,S001; S003
M4-FUNG-0024,112,gene.legacy_support_annotation,True,provenance_only,S001; S003; S004
M4-FUNG-0024,113,gene.legacy_support_annotation,True,provenance_only,S001; S003; S004
M4-FUNG-0024,114,gene.legacy_support_annotation,True,provenance_only,S001; S004
M4-FUNG-0024,115,gene.legacy_support_annotation,True,provenance_only,S001; S004
M4-FUNG-0024,116,gene.legacy_support_annotation,True,provenance_only,S001; S004
M4-FUNG-0024,117,gene.legacy_support_annotation,True,provenance_only,S001; S004
M4-FUNG-0024,118,gene.legacy_support_annotation,True,provenance_only,S001; S004; S008
M4-FUNG-0024,119,gene.legacy_support_annotation,True,provenance_only,S001; S003; S005
M4-FUNG-0024,120,gene.legacy_support_annotation,True,provenance_only,S003; S004
M4-FUNG-0024,121,gene.legacy_support_annotation,True,provenance_only,S001
M4-FUNG-0024,122,gene.legacy_support_annotation,True,provenance_only,S001
M4-FUNG-0024,123,gene.legacy_support_annotation,True,provenance_only,S001
M4-FUNG-0024,124,gene.legacy_support_annotation,True,provenance_only,S001
M4-FUNG-0024,128,metabolite.legacy_attribution_annotation,True,provenance_only,S001; S003; S004
M4-FUNG-0024,129,metabolite.legacy_attribution_annotation,True,provenance_only,S001; S003
M4-FUNG-0024,130,metabolite.legacy_attribution_annotation,True,provenance_only,S004
M4-FUNG-0024,131,metabolite.legacy_attribution_annotation,True,provenance_only,S004
M4-FUNG-0024,132,metabolite.legacy_attribution_annotation,True,provenance_only,S004
M4-FUNG-0024,133,metabolite.legacy_attribution_annotation,True,provenance_only,S004
M4-FUNG-0024,134,metabolite.legacy_attribution_annotation,True,provenance_only,S004
M4-FUNG-0024,163,claim.legacy_support_annotation,True,provenance_only,S004
M4-FUNG-0024,164,claim.legacy_support_annotation,True,provenance_only,S004
M4-FUNG-0024,165,claim.legacy_support_annotation,True,provenance_only,S003; S004
M4-FUNG-0024,166,claim.legacy_support_annotation,True,provenance_only,S004; S008
M4-FUNG-0024,167,claim.legacy_support_annotation,True,provenance_only,S004
M4-FUNG-0024,168,claim.legacy_support_annotation,True,provenance_only,S004
M4-FUNG-0024,169,claim.legacy_support_annotation,True,provenance_only,S001; S004
M4-FUNG-0024,170,claim.legacy_support_annotation,True,provenance_only,S003
M4-FUNG-0024,174,relationship.legacy_support_annotation,True,provenance_only,S001
M4-FUNG-0024,175,relationship.legacy_support_annotation,True,provenance_only,S003; S004
M4-FUNG-0024,176,relationship.legacy_support_annotation,True,provenance_only,S004
M4-FUNG-0024,177,relationship.legacy_support_annotation,True,provenance_only,S004
M4-FUNG-0024,178,relationship.legacy_support_annotation,True,provenance_only,S003; S004
M4-FUNG-0024,179,relationship.legacy_support_annotation,True,provenance_only,S004; S008
M4-FUNG-0024,180,relationship.legacy_support_annotation,True,provenance_only,S004
M4-FUNG-0024,181,relationship.legacy_support_annotation,True,provenance_only,S004
M4-FUNG-0024,182,relationship.legacy_support_annotation,True,provenance_only,S004
M4-FUNG-0024,183,relationship.legacy_support_annotation,True,provenance_only,S004
M4-FUNG-0025,7,schema_version,True,administrative_excluded,
M4-FUNG-0025,8,dossier_id,True,administrative_excluded,
M4-FUNG-0025,9,sheet_record_status,True,administrative_excluded,
M4-FUNG-0025,10,annotation_status,True,administrative_excluded,
M4-FUNG-0025,11,annotation_date,True,administrative_excluded,
M4-FUNG-0025,12,inference,False,administrative_excluded,
M4-FUNG-0025,13,last_reviewed_date,True,administrative_excluded,
M4-FUNG-0025,20,mibig_record_status,True,provenance_only,S001
M4-FUNG-0025,21,source_native_category_value,True,provenance_only,S001
M4-FUNG-0025,22,mibig_completeness,True,provenance_only,S001
M4-FUNG-0025,25,primary_reference_source_id,True,provenance_only,
M4-FUNG-0025,57,boundary_confidence,True,provenance_only,S001; S003
M4-FUNG-0025,58,pathway_identity_confidence,True,provenance_only,S003
M4-FUNG-0025,89,candidate_bgc_credibility,True,provenance_only,S003
M4-FUNG-0025,90,coordinated_transcription_evidence,True,provenance_only,S003
M4-FUNG-0025,91,biochemical_execution_evidence,True,provenance_only,S003; S005
M4-FUNG-0025,92,product_formation_evidence,True,provenance_only,S003; S004
M4-FUNG-0025,94,bgc_product_attribution,True,provenance_only,S003
M4-FUNG-0025,95,gene_product_attribution,True,provenance_only,S003; S005
M4-FUNG-0025,96,complete_pathway_reconstruction,True,provenance_only,S003
M4-FUNG-0025,98,major_database_problem,True,provenance_only,S001; S003
M4-FUNG-0025,99,best_use_case_for_atlas,True,provenance_only,S003; S005
M4-FUNG-0025,100,overall_note,True,provenance_only,S003; S005
M4-FUNG-0025,104,gene.legacy_support_annotation,True,provenance_only,S001; S003
M4-FUNG-0025,105,gene.legacy_support_annotation,True,provenance_only,S001; S003
M4-FUNG-0025,106,gene.legacy_support_annotation,True,provenance_only,S001; S003
M4-FUNG-0025,107,gene.legacy_support_annotation,True,provenance_only,S001; S003
M4-FUNG-0025,108,gene.legacy_support_annotation,True,provenance_only,S001; S003
M4-FUNG-0025,109,gene.legacy_support_annotation,True,provenance_only,S001; S003
M4-FUNG-0025,110,gene.legacy_support_annotation,True,provenance_only,S001; S003
M4-FUNG-0025,111,gene.legacy_support_annotation,True,provenance_only,S001; S003
M4-FUNG-0025,112,gene.legacy_support_annotation,True,provenance_only,S001; S003
M4-FUNG-0025,116,metabolite.legacy_attribution_annotation,True,provenance_only,S001; S003; S006
M4-FUNG-0025,117,metabolite.legacy_attribution_annotation,True,provenance_only,S003; S004
M4-FUNG-0025,118,metabolite.legacy_attribution_annotation,True,provenance_only,S003; S004
M4-FUNG-0025,119,metabolite.legacy_attribution_annotation,True,provenance_only,S003
M4-FUNG-0025,120,metabolite.legacy_attribution_annotation,True,provenance_only,S003
M4-FUNG-0025,121,metabolite.legacy_attribution_annotation,True,provenance_only,S003; S005
M4-FUNG-0025,156,claim.legacy_support_annotation,True,provenance_only,S001; S003
M4-FUNG-0025,157,claim.legacy_support_annotation,True,provenance_only,S003
M4-FUNG-0025,158,claim.legacy_support_annotation,True,provenance_only,S003
M4-FUNG-0025,159,claim.legacy_support_annotation,True,provenance_only,S003
M4-FUNG-0025,160,claim.legacy_support_annotation,True,provenance_only,S003
M4-FUNG-0025,161,claim.legacy_support_annotation,True,provenance_only,S003
M4-FUNG-0025,162,claim.legacy_support_annotation,True,provenance_only,S003
M4-FUNG-0025,163,claim.legacy_support_annotation,True,provenance_only,S003
M4-FUNG-0025,164,claim.legacy_support_annotation,True,provenance_only,S003
M4-FUNG-0025,168,relationship.legacy_support_annotation,True,provenance_only,S001; S002
M4-FUNG-0025,169,relationship.legacy_support_annotation,True,provenance_only,S003
M4-FUNG-0025,170,relationship.legacy_support_annotation,True,provenance_only,S003
M4-FUNG-0025,171,relationship.legacy_support_annotation,True,provenance_only,S003
M4-FUNG-0025,172,relationship.legacy_support_annotation,True,provenance_only,S003
M4-FUNG-0025,173,relationship.legacy_support_annotation,True,provenance_only,S003
M4-FUNG-0025,174,relationship.legacy_support_annotation,True,provenance_only,S003
M4-FUNG-0025,175,relationship.legacy_support_annotation,True,provenance_only,S003
M4-FUNG-0025,176,relationship.legacy_support_annotation,True,provenance_only,S003
M4-FUNG-0025,177,relationship.legacy_support_annotation,True,provenance_only,S003
M4-FUNG-0026,7,schema_version,True,administrative_excluded,
M4-FUNG-0026,8,dossier_id,True,administrative_excluded,
M4-FUNG-0026,9,sheet_record_status,True,administrative_excluded,
M4-FUNG-0026,10,annotation_status,True,administrative_excluded,
M4-FUNG-0026,11,annotation_date,True,administrative_excluded,
M4-FUNG-0026,12,inference,False,administrative_excluded,
M4-FUNG-0026,13,last_reviewed_date,True,administrative_excluded,
M4-FUNG-0026,20,mibig_record_status,True,provenance_only,S001
M4-FUNG-0026,21,source_native_category_value,True,provenance_only,S001
M4-FUNG-0026,22,mibig_completeness,True,provenance_only,S001
M4-FUNG-0026,25,primary_reference_source_id,True,provenance_only,
M4-FUNG-0026,57,boundary_confidence,True,provenance_only,S001; S003
M4-FUNG-0026,58,pathway_identity_confidence,True,provenance_only,S003
M4-FUNG-0026,89,candidate_bgc_credibility,True,provenance_only,S003
M4-FUNG-0026,90,coordinated_transcription_evidence,True,provenance_only,S003
M4-FUNG-0026,91,biochemical_execution_evidence,True,provenance_only,S003; S005
M4-FUNG-0026,92,product_formation_evidence,True,provenance_only,S003; S004
M4-FUNG-0026,94,bgc_product_attribution,True,provenance_only,S003
M4-FUNG-0026,95,gene_product_attribution,True,provenance_only,S003; S005
M4-FUNG-0026,96,complete_pathway_reconstruction,True,provenance_only,S003
M4-FUNG-0026,98,major_database_problem,True,provenance_only,S001; S002; S003
M4-FUNG-0026,99,best_use_case_for_atlas,True,provenance_only,S003
M4-FUNG-0026,100,overall_note,True,provenance_only,S003; S005
M4-FUNG-0026,104,gene.legacy_support_annotation,True,provenance_only,S001; S003
M4-FUNG-0026,105,gene.legacy_support_annotation,True,provenance_only,S001; S003
M4-FUNG-0026,106,gene.legacy_support_annotation,True,provenance_only,S001; S003
M4-FUNG-0026,107,gene.legacy_support_annotation,True,provenance_only,S001; S003
M4-FUNG-0026,108,gene.legacy_support_annotation,True,provenance_only,S001; S003
M4-FUNG-0026,109,gene.legacy_support_annotation,True,provenance_only,S001; S003
M4-FUNG-0026,110,gene.legacy_support_annotation,True,provenance_only,S001; S003
M4-FUNG-0026,111,gene.legacy_support_annotation,True,provenance_only,S001; S003
M4-FUNG-0026,112,gene.legacy_support_annotation,True,provenance_only,S001; S003
M4-FUNG-0026,113,gene.legacy_support_annotation,True,provenance_only,S001; S002
M4-FUNG-0026,116,metabolite.legacy_attribution_annotation,True,provenance_only,S001; S003; S006
M4-FUNG-0026,117,metabolite.legacy_attribution_annotation,True,provenance_only,S003; S004
M4-FUNG-0026,118,metabolite.legacy_attribution_annotation,True,provenance_only,S003; S004
M4-FUNG-0026,119,metabolite.legacy_attribution_annotation,True,provenance_only,S003
M4-FUNG-0026,120,metabolite.legacy_attribution_annotation,True,provenance_only,S003
M4-FUNG-0026,121,metabolite.legacy_attribution_annotation,True,provenance_only,S003
M4-FUNG-0026,156,claim.legacy_support_annotation,True,provenance_only,S001; S003
M4-FUNG-0026,157,claim.legacy_support_annotation,True,provenance_only,S003
M4-FUNG-0026,158,claim.legacy_support_annotation,True,provenance_only,S003
M4-FUNG-0026,159,claim.legacy_support_annotation,True,provenance_only,S003
M4-FUNG-0026,160,claim.legacy_support_annotation,True,provenance_only,S003
M4-FUNG-0026,161,claim.legacy_support_annotation,True,provenance_only,S003
M4-FUNG-0026,162,claim.legacy_support_annotation,True,provenance_only,S003
M4-FUNG-0026,163,claim.legacy_support_annotation,True,provenance_only,S003
M4-FUNG-0026,164,claim.legacy_support_annotation,True,provenance_only,S003
M4-FUNG-0026,168,relationship.legacy_support_annotation,True,provenance_only,S001; S002
M4-FUNG-0026,169,relationship.legacy_support_annotation,True,provenance_only,S003
M4-FUNG-0026,170,relationship.legacy_support_annotation,True,provenance_only,S003
M4-FUNG-0026,171,relationship.legacy_support_annotation,True,provenance_only,S003
M4-FUNG-0026,172,relationship.legacy_support_annotation,True,provenance_only,S003
M4-FUNG-0026,173,relationship.legacy_support_annotation,True,provenance_only,S003
M4-FUNG-0026,174,relationship.legacy_support_annotation,True,provenance_only,S003
M4-FUNG-0026,175,relationship.legacy_support_annotation,True,provenance_only,S003
M4-FUNG-0026,176,relationship.legacy_support_annotation,True,provenance_only,S003
M4-FUNG-0026,177,relationship.legacy_support_annotation,True,provenance_only,S003
M4-FUNG-0027,7,schema_version,True,administrative_excluded,
M4-FUNG-0027,8,dossier_id,True,administrative_excluded,
M4-FUNG-0027,9,sheet_record_status,True,administrative_excluded,
M4-FUNG-0027,10,annotation_status,True,administrative_excluded,
M4-FUNG-0027,11,annotation_date,True,administrative_excluded,
M4-FUNG-0027,12,inference,False,administrative_excluded,
M4-FUNG-0027,13,last_reviewed_date,True,administrative_excluded,
M4-FUNG-0027,20,mibig_record_status,True,provenance_only,S001
M4-FUNG-0027,21,source_native_category_value,True,provenance_only,S001
M4-FUNG-0027,22,mibig_completeness,True,provenance_only,S001
M4-FUNG-0027,25,primary_reference_source_id,True,provenance_only,
M4-FUNG-0027,57,boundary_confidence,True,provenance_only,S001; S011
M4-FUNG-0027,58,pathway_identity_confidence,True,provenance_only,S003; S004; S005; S006; S007
M4-FUNG-0027,89,candidate_bgc_credibility,True,provenance_only,S003; S004
M4-FUNG-0027,90,coordinated_transcription_evidence,True,provenance_only,S003; S013
M4-FUNG-0027,91,biochemical_execution_evidence,True,provenance_only,S003; S004; S005; S006; S007; S008
M4-FUNG-0027,92,product_formation_evidence,True,provenance_only,S003; S004; S010
M4-FUNG-0027,94,bgc_product_attribution,True,provenance_only,S001; S003; S011
M4-FUNG-0027,95,gene_product_attribution,True,provenance_only,S003; S005; S006; S007; S008
M4-FUNG-0027,96,complete_pathway_reconstruction,True,provenance_only,S005; S006; S007; S008
M4-FUNG-0027,98,major_database_problem,True,provenance_only,S001; S011
M4-FUNG-0027,99,best_use_case_for_atlas,True,provenance_only,S005; S006; S007; S008; S010; S013
M4-FUNG-0027,100,overall_note,True,provenance_only,S003; S005; S006; S007; S008; S011
M4-FUNG-0027,104,gene.legacy_support_annotation,True,provenance_only,S001; S002
M4-FUNG-0027,105,gene.legacy_support_annotation,True,provenance_only,S001; S014
M4-FUNG-0027,106,gene.legacy_support_annotation,True,provenance_only,S001; S006
M4-FUNG-0027,107,gene.legacy_support_annotation,True,provenance_only,S001
M4-FUNG-0027,108,gene.legacy_support_annotation,True,provenance_only,S001; S003; S005
M4-FUNG-0027,109,gene.legacy_support_annotation,True,provenance_only,S001; S008
M4-FUNG-0027,110,gene.legacy_support_annotation,True,provenance_only,S001; S014
M4-FUNG-0027,111,gene.legacy_support_annotation,True,provenance_only,S001; S013
M4-FUNG-0027,112,gene.legacy_support_annotation,True,provenance_only,S001; S014
M4-FUNG-0027,113,gene.legacy_support_annotation,True,provenance_only,S001; S003; S008
M4-FUNG-0027,114,gene.legacy_support_annotation,True,provenance_only,S001
M4-FUNG-0027,115,gene.legacy_support_annotation,True,provenance_only,S001; S014
M4-FUNG-0027,116,gene.legacy_support_annotation,True,provenance_only,S001; S014
M4-FUNG-0027,117,gene.legacy_support_annotation,True,provenance_only,S001; S014
M4-FUNG-0027,118,gene.legacy_support_annotation,True,provenance_only,S001; S014
M4-FUNG-0027,119,gene.legacy_support_annotation,True,provenance_only,S001
M4-FUNG-0027,120,gene.legacy_support_annotation,True,provenance_only,S001; S014
M4-FUNG-0027,121,gene.legacy_support_annotation,True,provenance_only,S003; S005; S011
M4-FUNG-0027,122,gene.legacy_support_annotation,True,provenance_only,S007
M4-FUNG-0027,126,metabolite.legacy_attribution_annotation,True,provenance_only,S001; S009; S010
M4-FUNG-0027,127,metabolite.legacy_attribution_annotation,True,provenance_only,S009
M4-FUNG-0027,128,metabolite.legacy_attribution_annotation,True,provenance_only,S005; S007
M4-FUNG-0027,129,metabolite.legacy_attribution_annotation,True,provenance_only,S006
M4-FUNG-0027,130,metabolite.legacy_attribution_annotation,True,provenance_only,S006; S008
M4-FUNG-0027,131,metabolite.legacy_attribution_annotation,True,provenance_only,S008
M4-FUNG-0027,132,metabolite.legacy_attribution_annotation,True,provenance_only,S005
M4-FUNG-0027,164,claim.legacy_support_annotation,True,provenance_only,S001; S011
M4-FUNG-0027,165,claim.legacy_support_annotation,True,provenance_only,S003; S005
M4-FUNG-0027,166,claim.legacy_support_annotation,True,provenance_only,S005
M4-FUNG-0027,167,claim.legacy_support_annotation,True,provenance_only,S007
M4-FUNG-0027,168,claim.legacy_support_annotation,True,provenance_only,S006
M4-FUNG-0027,169,claim.legacy_support_annotation,True,provenance_only,S008
M4-FUNG-0027,170,claim.legacy_support_annotation,True,provenance_only,S010
M4-FUNG-0027,171,claim.legacy_support_annotation,True,provenance_only,S013
M4-FUNG-0027,172,claim.legacy_support_annotation,True,provenance_only,S001; S014
M4-FUNG-0027,176,relationship.legacy_support_annotation,True,provenance_only,S001
M4-FUNG-0027,177,relationship.legacy_support_annotation,True,provenance_only,S011
M4-FUNG-0027,178,relationship.legacy_support_annotation,True,provenance_only,S003; S005
M4-FUNG-0027,179,relationship.legacy_support_annotation,True,provenance_only,S003; S005
M4-FUNG-0027,180,relationship.legacy_support_annotation,True,provenance_only,S007
M4-FUNG-0027,181,relationship.legacy_support_annotation,True,provenance_only,S006
M4-FUNG-0027,182,relationship.legacy_support_annotation,True,provenance_only,S003; S008
M4-FUNG-0027,183,relationship.legacy_support_annotation,True,provenance_only,S008
M4-FUNG-0027,184,relationship.legacy_support_annotation,True,provenance_only,S010
M4-FUNG-0027,185,relationship.legacy_support_annotation,True,provenance_only,S013
M4-FUNG-0027,186,relationship.legacy_support_annotation,True,provenance_only,S014
M4-FUNG-0028,7,schema_version,True,administrative_excluded,
M4-FUNG-0028,8,dossier_id,True,administrative_excluded,
M4-FUNG-0028,9,sheet_record_status,True,administrative_excluded,
M4-FUNG-0028,10,annotation_status,True,administrative_excluded,
M4-FUNG-0028,11,annotation_date,True,administrative_excluded,
M4-FUNG-0028,12,inference,False,administrative_excluded,
M4-FUNG-0028,13,last_reviewed_date,True,administrative_excluded,
M4-FUNG-0028,20,mibig_record_status,True,provenance_only,S001
M4-FUNG-0028,21,source_native_category_value,True,provenance_only,S001
M4-FUNG-0028,22,mibig_completeness,True,provenance_only,S001
M4-FUNG-0028,25,primary_reference_source_id,True,provenance_only,
M4-FUNG-0028,57,boundary_confidence,True,provenance_only,S002; S003
M4-FUNG-0028,58,pathway_identity_confidence,True,provenance_only,S002; S003
M4-FUNG-0028,89,candidate_bgc_credibility,True,provenance_only,S002; S003
M4-FUNG-0028,90,coordinated_transcription_evidence,True,provenance_only,S003
M4-FUNG-0028,91,biochemical_execution_evidence,True,provenance_only,S003
M4-FUNG-0028,92,product_formation_evidence,True,provenance_only,S003
M4-FUNG-0028,94,bgc_product_attribution,True,provenance_only,S002; S003; S004
M4-FUNG-0028,95,gene_product_attribution,True,provenance_only,S004
M4-FUNG-0028,96,complete_pathway_reconstruction,True,provenance_only,S003
M4-FUNG-0028,98,major_database_problem,True,provenance_only,S001; S002; S004
M4-FUNG-0028,99,best_use_case_for_atlas,True,provenance_only,S001; S002; S003
M4-FUNG-0028,100,overall_note,True,provenance_only,S002; S003
M4-FUNG-0028,113,metabolite.legacy_attribution_annotation,True,provenance_only,S001; S003
M4-FUNG-0028,142,claim.legacy_support_annotation,True,provenance_only,S002; S003; S004
M4-FUNG-0028,143,claim.legacy_support_annotation,True,provenance_only,S001; S004
M4-FUNG-0028,144,claim.legacy_support_annotation,True,provenance_only,S002; S003
M4-FUNG-0028,153,relationship.legacy_support_annotation,True,provenance_only,S002; S003; S004
M4-FUNG-0028,154,relationship.legacy_support_annotation,True,provenance_only,S002
M4-FUNG-0028,155,relationship.legacy_support_annotation,True,provenance_only,S003
M4-FUNG-0028,156,relationship.legacy_support_annotation,True,provenance_only,S003
M4-FUNG-0029,7,schema_version,True,administrative_excluded,
M4-FUNG-0029,8,dossier_id,True,administrative_excluded,
M4-FUNG-0029,9,sheet_record_status,True,administrative_excluded,
M4-FUNG-0029,10,annotation_status,True,administrative_excluded,
M4-FUNG-0029,11,annotation_date,True,administrative_excluded,
M4-FUNG-0029,12,inference,False,administrative_excluded,
M4-FUNG-0029,13,last_reviewed_date,True,administrative_excluded,
M4-FUNG-0029,20,mibig_record_status,True,provenance_only,S001
M4-FUNG-0029,21,source_native_category_value,True,provenance_only,S001
M4-FUNG-0029,22,mibig_completeness,True,provenance_only,S001
M4-FUNG-0029,25,primary_reference_source_id,True,provenance_only,
M4-FUNG-0029,57,boundary_confidence,True,provenance_only,S001; S003
M4-FUNG-0029,58,pathway_identity_confidence,True,provenance_only,S003; S004; S005; S009
M4-FUNG-0029,89,candidate_bgc_credibility,True,provenance_only,S003; S004
M4-FUNG-0029,90,coordinated_transcription_evidence,True,provenance_only,S005; S006; S007
M4-FUNG-0029,91,biochemical_execution_evidence,True,provenance_only,S003; S004; S009
M4-FUNG-0029,92,product_formation_evidence,True,provenance_only,S003; S004; S006
M4-FUNG-0029,94,bgc_product_attribution,True,provenance_only,S003; S004
M4-FUNG-0029,95,gene_product_attribution,True,provenance_only,S003; S004; S005; S008; S009
M4-FUNG-0029,96,complete_pathway_reconstruction,True,provenance_only,S003; S004; S009
M4-FUNG-0029,98,major_database_problem,True,provenance_only,S001; S003
M4-FUNG-0029,99,best_use_case_for_atlas,True,provenance_only,S003; S004; S005; S006; S007; S008; S009
M4-FUNG-0029,100,overall_note,True,provenance_only,S003; S004; S005; S006; S007; S008; S009
M4-FUNG-0029,104,gene.legacy_support_annotation,True,provenance_only,S001; S004
M4-FUNG-0029,105,gene.legacy_support_annotation,True,provenance_only,S001; S008
M4-FUNG-0029,106,gene.legacy_support_annotation,True,provenance_only,S001; S005
M4-FUNG-0029,107,gene.legacy_support_annotation,True,provenance_only,S001; S003
M4-FUNG-0029,108,gene.legacy_support_annotation,True,provenance_only,S001; S003; S011
M4-FUNG-0029,109,gene.legacy_support_annotation,True,provenance_only,S001; S009
M4-FUNG-0029,110,gene.legacy_support_annotation,True,provenance_only,S001; S006; S012
M4-FUNG-0029,111,gene.legacy_support_annotation,True,provenance_only,S001; S003; S009
M4-FUNG-0029,112,gene.legacy_support_annotation,True,provenance_only,S001; S003; S012
M4-FUNG-0029,116,metabolite.legacy_attribution_annotation,True,provenance_only,S001; S006; S011
M4-FUNG-0029,117,metabolite.legacy_attribution_annotation,True,provenance_only,S004
M4-FUNG-0029,118,metabolite.legacy_attribution_annotation,True,provenance_only,S011
M4-FUNG-0029,158,claim.legacy_support_annotation,True,provenance_only,S003
M4-FUNG-0029,159,claim.legacy_support_annotation,True,provenance_only,S003
M4-FUNG-0029,160,claim.legacy_support_annotation,True,provenance_only,S004
M4-FUNG-0029,161,claim.legacy_support_annotation,True,provenance_only,S005
M4-FUNG-0029,162,claim.legacy_support_annotation,True,provenance_only,S009
M4-FUNG-0029,163,claim.legacy_support_annotation,True,provenance_only,S006
M4-FUNG-0029,164,claim.legacy_support_annotation,True,provenance_only,S006
M4-FUNG-0029,165,claim.legacy_support_annotation,True,provenance_only,S007
M4-FUNG-0029,166,claim.legacy_support_annotation,True,provenance_only,S010
M4-FUNG-0029,167,claim.legacy_support_annotation,True,provenance_only,S008
M4-FUNG-0029,168,claim.legacy_support_annotation,True,provenance_only,S003; S011
M4-FUNG-0029,172,relationship.legacy_support_annotation,True,provenance_only,S001
M4-FUNG-0029,173,relationship.legacy_support_annotation,True,provenance_only,S003
M4-FUNG-0029,174,relationship.legacy_support_annotation,True,provenance_only,S009
M4-FUNG-0029,175,relationship.legacy_support_annotation,True,provenance_only,S004
M4-FUNG-0029,176,relationship.legacy_support_annotation,True,provenance_only,S003; S011
M4-FUNG-0029,177,relationship.legacy_support_annotation,True,provenance_only,S005
M4-FUNG-0029,178,relationship.legacy_support_annotation,True,provenance_only,S008
M4-FUNG-0029,179,relationship.legacy_support_annotation,True,provenance_only,S006
M4-FUNG-0029,180,relationship.legacy_support_annotation,True,provenance_only,S007
M4-FUNG-0029,181,relationship.legacy_support_annotation,True,provenance_only,S010
M4-FUNG-0029,182,relationship.legacy_support_annotation,True,provenance_only,S010
M4-FUNG-0029,183,relationship.legacy_support_annotation,True,provenance_only,S003; S011
M4-FUNG-0030,7,schema_version,True,administrative_excluded,
M4-FUNG-0030,8,dossier_id,True,administrative_excluded,
M4-FUNG-0030,9,sheet_record_status,True,administrative_excluded,
M4-FUNG-0030,10,annotation_status,True,administrative_excluded,
M4-FUNG-0030,11,annotation_date,True,administrative_excluded,
M4-FUNG-0030,12,inference,False,administrative_excluded,
M4-FUNG-0030,13,last_reviewed_date,True,administrative_excluded,
M4-FUNG-0030,20,mibig_record_status,True,provenance_only,S001
M4-FUNG-0030,21,source_native_category_value,True,provenance_only,S001
M4-FUNG-0030,22,mibig_completeness,True,provenance_only,S001
M4-FUNG-0030,25,primary_reference_source_id,True,provenance_only,
M4-FUNG-0030,57,boundary_confidence,True,provenance_only,S001; S003
M4-FUNG-0030,58,pathway_identity_confidence,True,provenance_only,S003
M4-FUNG-0030,89,candidate_bgc_credibility,True,provenance_only,S003
M4-FUNG-0030,90,coordinated_transcription_evidence,True,provenance_only,S003
M4-FUNG-0030,91,biochemical_execution_evidence,True,provenance_only,S003
M4-FUNG-0030,92,product_formation_evidence,True,provenance_only,S003
M4-FUNG-0030,94,bgc_product_attribution,True,provenance_only,S003
M4-FUNG-0030,95,gene_product_attribution,True,provenance_only,S003
M4-FUNG-0030,96,complete_pathway_reconstruction,True,provenance_only,S003
M4-FUNG-0030,98,major_database_problem,True,provenance_only,S001; S003
M4-FUNG-0030,99,best_use_case_for_atlas,True,provenance_only,S003
M4-FUNG-0030,100,overall_note,True,provenance_only,S003
M4-FUNG-0030,104,gene.legacy_support_annotation,True,provenance_only,S001; S003
M4-FUNG-0030,105,gene.legacy_support_annotation,True,provenance_only,S003
M4-FUNG-0030,106,gene.legacy_support_annotation,True,provenance_only,S003
M4-FUNG-0030,107,gene.legacy_support_annotation,True,provenance_only,S003
M4-FUNG-0030,108,gene.legacy_support_annotation,True,provenance_only,S003
M4-FUNG-0030,113,metabolite.legacy_attribution_annotation,True,provenance_only,S001; S003
M4-FUNG-0030,114,metabolite.legacy_attribution_annotation,True,provenance_only,S003
M4-FUNG-0030,115,metabolite.legacy_attribution_annotation,True,provenance_only,S003
M4-FUNG-0030,116,metabolite.legacy_attribution_annotation,True,provenance_only,S003
M4-FUNG-0030,117,metabolite.legacy_attribution_annotation,True,provenance_only,S003
M4-FUNG-0030,118,metabolite.legacy_attribution_annotation,True,provenance_only,S003
M4-FUNG-0030,119,metabolite.legacy_attribution_annotation,True,provenance_only,S003
M4-FUNG-0030,120,metabolite.legacy_attribution_annotation,True,provenance_only,S003
M4-FUNG-0030,159,claim.legacy_support_annotation,True,provenance_only,S003
M4-FUNG-0030,160,claim.legacy_support_annotation,True,provenance_only,S003
M4-FUNG-0030,161,claim.legacy_support_annotation,True,provenance_only,S003
M4-FUNG-0030,162,claim.legacy_support_annotation,True,provenance_only,S003
M4-FUNG-0030,163,claim.legacy_support_annotation,True,provenance_only,S003
M4-FUNG-0030,164,claim.legacy_support_annotation,True,provenance_only,S003
M4-FUNG-0030,165,claim.legacy_support_annotation,True,provenance_only,S003
M4-FUNG-0030,166,claim.legacy_support_annotation,True,provenance_only,S003; S004
M4-FUNG-0030,167,claim.legacy_support_annotation,True,provenance_only,S001; S003
M4-FUNG-0030,171,relationship.legacy_support_annotation,True,provenance_only,S001
M4-FUNG-0030,172,relationship.legacy_support_annotation,True,provenance_only,S003
M4-FUNG-0030,173,relationship.legacy_support_annotation,True,provenance_only,S003
M4-FUNG-0030,174,relationship.legacy_support_annotation,True,provenance_only,S003
M4-FUNG-0030,175,relationship.legacy_support_annotation,True,provenance_only,S003
M4-FUNG-0030,176,relationship.legacy_support_annotation,True,provenance_only,S003
M4-FUNG-0030,177,relationship.legacy_support_annotation,True,provenance_only,S003
M4-FUNG-0030,178,relationship.legacy_support_annotation,True,provenance_only,S003
M4-FUNG-0030,179,relationship.legacy_support_annotation,True,provenance_only,S003
M4-FUNG-0030,180,relationship.legacy_support_annotation,True,provenance_only,S003; S004
M4-FUNG-0030,181,relationship.legacy_support_annotation,True,provenance_only,S003
M4-FUNG-0031,7,schema_version,True,administrative_excluded,
M4-FUNG-0031,8,dossier_id,True,administrative_excluded,
M4-FUNG-0031,9,sheet_record_status,True,administrative_excluded,
M4-FUNG-0031,10,annotation_status,True,administrative_excluded,
M4-FUNG-0031,11,annotation_date,True,administrative_excluded,
M4-FUNG-0031,12,inference,False,administrative_excluded,
M4-FUNG-0031,13,last_reviewed_date,True,administrative_excluded,
M4-FUNG-0031,20,mibig_record_status,True,provenance_only,S001
M4-FUNG-0031,21,source_native_category_value,True,provenance_only,S001
M4-FUNG-0031,22,mibig_completeness,True,provenance_only,S001
M4-FUNG-0031,25,primary_reference_source_id,True,provenance_only,
M4-FUNG-0031,57,boundary_confidence,True,provenance_only,S003; S004
M4-FUNG-0031,58,pathway_identity_confidence,True,provenance_only,S003; S004
M4-FUNG-0031,89,candidate_bgc_credibility,True,provenance_only,S003
M4-FUNG-0031,90,coordinated_transcription_evidence,True,provenance_only,S003; S005
M4-FUNG-0031,91,biochemical_execution_evidence,True,provenance_only,S003; S004; S006; S007
M4-FUNG-0031,92,product_formation_evidence,True,provenance_only,S003; S004
M4-FUNG-0031,94,bgc_product_attribution,True,provenance_only,S001; S004
M4-FUNG-0031,95,gene_product_attribution,True,provenance_only,S003; S004; S006; S007
M4-FUNG-0031,96,complete_pathway_reconstruction,True,provenance_only,S003; S004; S006; S007
M4-FUNG-0031,98,major_database_problem,True,provenance_only,S001
M4-FUNG-0031,99,best_use_case_for_atlas,True,provenance_only,S003; S004; S005; S006; S009
M4-FUNG-0031,100,overall_note,True,provenance_only,S003; S004; S006; S007
M4-FUNG-0031,104,gene.legacy_support_annotation,True,provenance_only,S001; S003; S006
M4-FUNG-0031,105,gene.legacy_support_annotation,True,provenance_only,S001; S003; S006
M4-FUNG-0031,106,gene.legacy_support_annotation,True,provenance_only,S001; S003
M4-FUNG-0031,107,gene.legacy_support_annotation,True,provenance_only,S001; S003
M4-FUNG-0031,108,gene.legacy_support_annotation,True,provenance_only,S001; S003; S006
M4-FUNG-0031,109,gene.legacy_support_annotation,True,provenance_only,S001; S003; S006
M4-FUNG-0031,110,gene.legacy_support_annotation,True,provenance_only,S001; S003; S006
M4-FUNG-0031,111,gene.legacy_support_annotation,True,provenance_only,S001; S003
M4-FUNG-0031,112,gene.legacy_support_annotation,True,provenance_only,S001; S004
M4-FUNG-0031,113,gene.legacy_support_annotation,True,provenance_only,S001; S003; S007
M4-FUNG-0031,114,gene.legacy_support_annotation,True,provenance_only,S001; S003
M4-FUNG-0031,115,gene.legacy_support_annotation,True,provenance_only,S001; S003
M4-FUNG-0031,116,gene.legacy_support_annotation,True,provenance_only,S004
M4-FUNG-0031,117,gene.legacy_support_annotation,True,provenance_only,S004; S008
M4-FUNG-0031,118,gene.legacy_support_annotation,True,provenance_only,S004
M4-FUNG-0031,119,gene.legacy_support_annotation,True,provenance_only,S004
M4-FUNG-0031,123,metabolite.legacy_attribution_annotation,True,provenance_only,S001; S003
M4-FUNG-0031,124,metabolite.legacy_attribution_annotation,True,provenance_only,S001; S003
M4-FUNG-0031,125,metabolite.legacy_attribution_annotation,True,provenance_only,S001; S004; S009
M4-FUNG-0031,126,metabolite.legacy_attribution_annotation,True,provenance_only,S004; S009
M4-FUNG-0031,127,metabolite.legacy_attribution_annotation,True,provenance_only,S004
M4-FUNG-0031,128,metabolite.legacy_attribution_annotation,True,provenance_only,S003; S006
M4-FUNG-0031,129,metabolite.legacy_attribution_annotation,True,provenance_only,S004
M4-FUNG-0031,130,metabolite.legacy_attribution_annotation,True,provenance_only,S004
M4-FUNG-0031,158,claim.legacy_support_annotation,True,provenance_only,S005
M4-FUNG-0031,159,claim.legacy_support_annotation,True,provenance_only,S003; S006
M4-FUNG-0031,160,claim.legacy_support_annotation,True,provenance_only,S003; S006
M4-FUNG-0031,161,claim.legacy_support_annotation,True,provenance_only,S003
M4-FUNG-0031,162,claim.legacy_support_annotation,True,provenance_only,S004
M4-FUNG-0031,163,claim.legacy_support_annotation,True,provenance_only,S004
M4-FUNG-0031,164,claim.legacy_support_annotation,True,provenance_only,S003
M4-FUNG-0031,165,claim.legacy_support_annotation,True,provenance_only,S003
M4-FUNG-0031,166,claim.legacy_support_annotation,True,provenance_only,S009
M4-FUNG-0031,167,claim.legacy_support_annotation,True,provenance_only,S001; S004
M4-FUNG-0031,171,relationship.legacy_support_annotation,True,provenance_only,S001
M4-FUNG-0031,172,relationship.legacy_support_annotation,True,provenance_only,S005
M4-FUNG-0031,173,relationship.legacy_support_annotation,True,provenance_only,S003; S006
M4-FUNG-0031,174,relationship.legacy_support_annotation,True,provenance_only,S006
M4-FUNG-0031,175,relationship.legacy_support_annotation,True,provenance_only,S003; S006
M4-FUNG-0031,176,relationship.legacy_support_annotation,True,provenance_only,S003
M4-FUNG-0031,177,relationship.legacy_support_annotation,True,provenance_only,S004
M4-FUNG-0031,178,relationship.legacy_support_annotation,True,provenance_only,S004; S008
M4-FUNG-0031,179,relationship.legacy_support_annotation,True,provenance_only,S004
M4-FUNG-0031,180,relationship.legacy_support_annotation,True,provenance_only,S004
M4-FUNG-0031,181,relationship.legacy_support_annotation,True,provenance_only,S009
M4-FUNG-0031,182,relationship.legacy_support_annotation,True,provenance_only,S009
M4-FUNG-0032,7,schema_version,True,administrative_excluded,
M4-FUNG-0032,8,dossier_id,True,administrative_excluded,
M4-FUNG-0032,9,sheet_record_status,True,administrative_excluded,
M4-FUNG-0032,10,annotation_status,True,administrative_excluded,
M4-FUNG-0032,11,annotation_date,True,administrative_excluded,
M4-FUNG-0032,12,inference,False,administrative_excluded,
M4-FUNG-0032,13,last_reviewed_date,True,administrative_excluded,
M4-FUNG-0032,20,mibig_record_status,True,provenance_only,S001
M4-FUNG-0032,21,source_native_category_value,True,provenance_only,S001
M4-FUNG-0032,22,mibig_completeness,True,provenance_only,S001
M4-FUNG-0032,25,primary_reference_source_id,True,provenance_only,
M4-FUNG-0032,57,boundary_confidence,True,provenance_only,S001; S004; S006
M4-FUNG-0032,58,pathway_identity_confidence,True,provenance_only,S003; S004; S006
M4-FUNG-0032,89,candidate_bgc_credibility,True,provenance_only,S003
M4-FUNG-0032,90,coordinated_transcription_evidence,True,provenance_only,S004
M4-FUNG-0032,91,biochemical_execution_evidence,True,provenance_only,S003; S004; S005; S006; S007; S008
M4-FUNG-0032,92,product_formation_evidence,True,provenance_only,S003
M4-FUNG-0032,94,bgc_product_attribution,True,provenance_only,S003; S006
M4-FUNG-0032,95,gene_product_attribution,True,provenance_only,S004; S005; S006
M4-FUNG-0032,96,complete_pathway_reconstruction,True,provenance_only,S006
M4-FUNG-0032,98,major_database_problem,True,provenance_only,S001; S004; S006
M4-FUNG-0032,99,best_use_case_for_atlas,True,provenance_only,S004; S005; S006
M4-FUNG-0032,100,overall_note,True,provenance_only,S003; S004; S005; S006; S007; S008
M4-FUNG-0032,104,gene.legacy_support_annotation,True,provenance_only,S001; S006
M4-FUNG-0032,105,gene.legacy_support_annotation,True,provenance_only,S001; S006
M4-FUNG-0032,106,gene.legacy_support_annotation,True,provenance_only,S001; S003
M4-FUNG-0032,107,gene.legacy_support_annotation,True,provenance_only,S001; S004
M4-FUNG-0032,108,gene.legacy_support_annotation,True,provenance_only,S001; S004
M4-FUNG-0032,109,gene.legacy_support_annotation,True,provenance_only,S001; S005
M4-FUNG-0032,110,gene.legacy_support_annotation,True,provenance_only,S001; S008; S009
M4-FUNG-0032,111,gene.legacy_support_annotation,True,provenance_only,S001; S006; S007
M4-FUNG-0032,112,gene.legacy_support_annotation,True,provenance_only,S006
M4-FUNG-0032,116,metabolite.legacy_attribution_annotation,True,provenance_only,S001; S003; S010
M4-FUNG-0032,117,metabolite.legacy_attribution_annotation,True,provenance_only,S003; S004
M4-FUNG-0032,118,metabolite.legacy_attribution_annotation,True,provenance_only,S004
M4-FUNG-0032,119,metabolite.legacy_attribution_annotation,True,provenance_only,S004
M4-FUNG-0032,120,metabolite.legacy_attribution_annotation,True,provenance_only,S006
M4-FUNG-0032,121,metabolite.legacy_attribution_annotation,True,provenance_only,S006
M4-FUNG-0032,122,metabolite.legacy_attribution_annotation,True,provenance_only,S008; S009
M4-FUNG-0032,123,metabolite.legacy_attribution_annotation,True,provenance_only,S006; S007
M4-FUNG-0032,124,metabolite.legacy_attribution_annotation,True,provenance_only,S003
M4-FUNG-0032,155,claim.legacy_support_annotation,True,provenance_only,S003
M4-FUNG-0032,156,claim.legacy_support_annotation,True,provenance_only,S004
M4-FUNG-0032,157,claim.legacy_support_annotation,True,provenance_only,S004
M4-FUNG-0032,158,claim.legacy_support_annotation,True,provenance_only,S005
M4-FUNG-0032,159,claim.legacy_support_annotation,True,provenance_only,S006
M4-FUNG-0032,160,claim.legacy_support_annotation,True,provenance_only,S006
M4-FUNG-0032,161,claim.legacy_support_annotation,True,provenance_only,S008
M4-FUNG-0032,162,claim.legacy_support_annotation,True,provenance_only,S007
M4-FUNG-0032,163,claim.legacy_support_annotation,True,provenance_only,S003; S005
M4-FUNG-0032,167,relationship.legacy_support_annotation,True,provenance_only,S001
M4-FUNG-0032,168,relationship.legacy_support_annotation,True,provenance_only,S003; S004
M4-FUNG-0032,169,relationship.legacy_support_annotation,True,provenance_only,S004
M4-FUNG-0032,170,relationship.legacy_support_annotation,True,provenance_only,S006
M4-FUNG-0032,171,relationship.legacy_support_annotation,True,provenance_only,S006
M4-FUNG-0032,172,relationship.legacy_support_annotation,True,provenance_only,S008
M4-FUNG-0032,173,relationship.legacy_support_annotation,True,provenance_only,S006
M4-FUNG-0032,174,relationship.legacy_support_annotation,True,provenance_only,S006; S007
M4-FUNG-0032,175,relationship.legacy_support_annotation,True,provenance_only,S005
M4-FUNG-0032,176,relationship.legacy_support_annotation,True,provenance_only,S004
M4-FUNG-0032,177,relationship.legacy_support_annotation,True,provenance_only,S006
M4-FUNG-0032,178,relationship.legacy_support_annotation,True,provenance_only,S006
M4-FUNG-0032,179,relationship.legacy_support_annotation,True,provenance_only,S006; S007
M4-FUNG-0033,7,schema_version,True,administrative_excluded,
M4-FUNG-0033,8,dossier_id,True,administrative_excluded,
M4-FUNG-0033,9,sheet_record_status,True,administrative_excluded,
M4-FUNG-0033,10,annotation_status,True,administrative_excluded,
M4-FUNG-0033,11,annotation_date,True,administrative_excluded,
M4-FUNG-0033,12,inference,False,administrative_excluded,
M4-FUNG-0033,13,last_reviewed_date,True,administrative_excluded,
M4-FUNG-0033,20,mibig_record_status,True,provenance_only,S001
M4-FUNG-0033,21,source_native_category_value,True,provenance_only,S001
M4-FUNG-0033,22,mibig_completeness,True,provenance_only,S001
M4-FUNG-0033,25,primary_reference_source_id,True,provenance_only,
M4-FUNG-0033,57,boundary_confidence,True,provenance_only,S001; S008
M4-FUNG-0033,58,pathway_identity_confidence,True,provenance_only,S004; S008
M4-FUNG-0033,89,candidate_bgc_credibility,True,provenance_only,S003; S004
M4-FUNG-0033,90,coordinated_transcription_evidence,True,provenance_only,S003; S005; S006
M4-FUNG-0033,91,biochemical_execution_evidence,True,provenance_only,S004; S005; S008
M4-FUNG-0033,92,product_formation_evidence,True,provenance_only,S004; S008
M4-FUNG-0033,94,bgc_product_attribution,True,provenance_only,S001; S004; S008
M4-FUNG-0033,95,gene_product_attribution,True,provenance_only,S005; S006; S008
M4-FUNG-0033,96,complete_pathway_reconstruction,True,provenance_only,S004; S008
M4-FUNG-0033,98,major_database_problem,True,provenance_only,S001; S008
M4-FUNG-0033,99,best_use_case_for_atlas,True,provenance_only,S004; S005; S006; S008
M4-FUNG-0033,100,overall_note,True,provenance_only,S004; S005; S006; S008
M4-FUNG-0033,104,gene.legacy_support_annotation,True,provenance_only,S001; S003; S004
M4-FUNG-0033,105,gene.legacy_support_annotation,True,provenance_only,S005; S006
M4-FUNG-0033,106,gene.legacy_support_annotation,True,provenance_only,S008
M4-FUNG-0033,107,gene.legacy_support_annotation,True,provenance_only,S008
M4-FUNG-0033,108,gene.legacy_support_annotation,True,provenance_only,S006
M4-FUNG-0033,113,metabolite.legacy_attribution_annotation,True,provenance_only,S004; S012
M4-FUNG-0033,114,metabolite.legacy_attribution_annotation,True,provenance_only,S011
M4-FUNG-0033,115,metabolite.legacy_attribution_annotation,True,provenance_only,S005; S008
M4-FUNG-0033,116,metabolite.legacy_attribution_annotation,True,provenance_only,S007; S008
M4-FUNG-0033,149,claim.legacy_support_annotation,True,provenance_only,S001; S008
M4-FUNG-0033,150,claim.legacy_support_annotation,True,provenance_only,S004
M4-FUNG-0033,151,claim.legacy_support_annotation,True,provenance_only,S005
M4-FUNG-0033,152,claim.legacy_support_annotation,True,provenance_only,S005; S006
M4-FUNG-0033,153,claim.legacy_support_annotation,True,provenance_only,S008
M4-FUNG-0033,154,claim.legacy_support_annotation,True,provenance_only,S008
M4-FUNG-0033,155,claim.legacy_support_annotation,True,provenance_only,S004; S008
M4-FUNG-0033,156,claim.legacy_support_annotation,True,provenance_only,S007; S008
M4-FUNG-0033,160,relationship.legacy_support_annotation,True,provenance_only,S001
M4-FUNG-0033,161,relationship.legacy_support_annotation,True,provenance_only,S004
M4-FUNG-0033,162,relationship.legacy_support_annotation,True,provenance_only,S003; S007
M4-FUNG-0033,163,relationship.legacy_support_annotation,True,provenance_only,S005
M4-FUNG-0033,164,relationship.legacy_support_annotation,True,provenance_only,S006
M4-FUNG-0033,165,relationship.legacy_support_annotation,True,provenance_only,S008
M4-FUNG-0033,166,relationship.legacy_support_annotation,True,provenance_only,S008
M4-FUNG-0033,167,relationship.legacy_support_annotation,True,provenance_only,S008
M4-FUNG-0033,168,relationship.legacy_support_annotation,True,provenance_only,S008
M4-FUNG-0033,169,relationship.legacy_support_annotation,True,provenance_only,S005
M4-FUNG-0033,170,relationship.legacy_support_annotation,True,provenance_only,S007; S008
M4-FUNG-0034,7,schema_version,True,administrative_excluded,
M4-FUNG-0034,8,dossier_id,True,administrative_excluded,
M4-FUNG-0034,9,sheet_record_status,True,administrative_excluded,
M4-FUNG-0034,10,annotation_status,True,administrative_excluded,
M4-FUNG-0034,11,annotation_date,True,administrative_excluded,
M4-FUNG-0034,12,inference,False,administrative_excluded,
M4-FUNG-0034,13,last_reviewed_date,True,administrative_excluded,
M4-FUNG-0034,20,mibig_record_status,True,provenance_only,S001
M4-FUNG-0034,21,source_native_category_value,True,provenance_only,S001
M4-FUNG-0034,22,mibig_completeness,True,provenance_only,S001
M4-FUNG-0034,25,primary_reference_source_id,True,provenance_only,
M4-FUNG-0034,57,boundary_confidence,True,provenance_only,S003; S006
M4-FUNG-0034,58,pathway_identity_confidence,True,provenance_only,S004; S006
M4-FUNG-0034,89,candidate_bgc_credibility,True,provenance_only,S003; S006
M4-FUNG-0034,90,coordinated_transcription_evidence,True,provenance_only,S003; S004
M4-FUNG-0034,91,biochemical_execution_evidence,True,provenance_only,S005; S006; S008
M4-FUNG-0034,92,product_formation_evidence,True,provenance_only,S004; S006
M4-FUNG-0034,94,bgc_product_attribution,True,provenance_only,S004; S006
M4-FUNG-0034,95,gene_product_attribution,True,provenance_only,S006
M4-FUNG-0034,96,complete_pathway_reconstruction,True,provenance_only,S006
M4-FUNG-0034,98,major_database_problem,True,provenance_only,S001; S003
M4-FUNG-0034,99,best_use_case_for_atlas,True,provenance_only,S004; S006
M4-FUNG-0034,100,overall_note,True,provenance_only,S005; S006; S008
M4-FUNG-0034,104,gene.legacy_support_annotation,True,provenance_only,S001; S005; S006
M4-FUNG-0034,105,gene.legacy_support_annotation,True,provenance_only,S001; S005
M4-FUNG-0034,106,gene.legacy_support_annotation,True,provenance_only,S006; S008
M4-FUNG-0034,107,gene.legacy_support_annotation,True,provenance_only,S001; S006; S009
M4-FUNG-0034,108,gene.legacy_support_annotation,True,provenance_only,S001; S006; S008
M4-FUNG-0034,109,gene.legacy_support_annotation,True,provenance_only,S001; S006
M4-FUNG-0034,110,gene.legacy_support_annotation,True,provenance_only,S001; S006
M4-FUNG-0034,111,gene.legacy_support_annotation,True,provenance_only,S001; S006
M4-FUNG-0034,112,gene.legacy_support_annotation,True,provenance_only,S001; S006
M4-FUNG-0034,113,gene.legacy_support_annotation,True,provenance_only,S001; S006
M4-FUNG-0034,114,gene.legacy_support_annotation,True,provenance_only,S001; S006; S008
M4-FUNG-0034,115,gene.legacy_support_annotation,True,provenance_only,S001; S004
M4-FUNG-0034,116,gene.legacy_support_annotation,True,provenance_only,S001; S005; S006
M4-FUNG-0034,117,gene.legacy_support_annotation,True,provenance_only,S001; S006; S008
M4-FUNG-0034,118,gene.legacy_support_annotation,True,provenance_only,S001; S006
M4-FUNG-0034,122,metabolite.legacy_attribution_annotation,True,provenance_only,S001; S004
M4-FUNG-0034,123,metabolite.legacy_attribution_annotation,True,provenance_only,S005; S006
M4-FUNG-0034,124,metabolite.legacy_attribution_annotation,True,provenance_only,S005
M4-FUNG-0034,125,metabolite.legacy_attribution_annotation,True,provenance_only,S005
M4-FUNG-0034,126,metabolite.legacy_attribution_annotation,True,provenance_only,S006; S008
M4-FUNG-0034,127,metabolite.legacy_attribution_annotation,True,provenance_only,S006
M4-FUNG-0034,128,metabolite.legacy_attribution_annotation,True,provenance_only,S006
M4-FUNG-0034,129,metabolite.legacy_attribution_annotation,True,provenance_only,S006; S008
M4-FUNG-0034,130,metabolite.legacy_attribution_annotation,True,provenance_only,S006; S009
M4-FUNG-0034,131,metabolite.legacy_attribution_annotation,True,provenance_only,S009
M4-FUNG-0034,156,claim.legacy_support_annotation,True,provenance_only,S006
M4-FUNG-0034,157,claim.legacy_support_annotation,True,provenance_only,S004
M4-FUNG-0034,158,claim.legacy_support_annotation,True,provenance_only,S004
M4-FUNG-0034,159,claim.legacy_support_annotation,True,provenance_only,S006
M4-FUNG-0034,160,claim.legacy_support_annotation,True,provenance_only,S003
M4-FUNG-0034,167,relationship.legacy_support_annotation,True,provenance_only,S005; S006
M4-FUNG-0034,168,relationship.legacy_support_annotation,True,provenance_only,S005
M4-FUNG-0034,169,relationship.legacy_support_annotation,True,provenance_only,S005; S006
M4-FUNG-0034,170,relationship.legacy_support_annotation,True,provenance_only,S005; S006
M4-FUNG-0034,171,relationship.legacy_support_annotation,True,provenance_only,S006
M4-FUNG-0034,172,relationship.legacy_support_annotation,True,provenance_only,S006
M4-FUNG-0034,173,relationship.legacy_support_annotation,True,provenance_only,S006
M4-FUNG-0034,174,relationship.legacy_support_annotation,True,provenance_only,S006
M4-FUNG-0034,175,relationship.legacy_support_annotation,True,provenance_only,S004
M4-FUNG-0034,176,relationship.legacy_support_annotation,True,provenance_only,S004
M4-FUNG-0035,7,schema_version,True,administrative_excluded,
M4-FUNG-0035,8,dossier_id,True,administrative_excluded,
M4-FUNG-0035,9,sheet_record_status,True,administrative_excluded,
M4-FUNG-0035,10,annotation_status,True,administrative_excluded,
M4-FUNG-0035,11,annotation_date,True,administrative_excluded,
M4-FUNG-0035,12,inference,False,administrative_excluded,
M4-FUNG-0035,13,last_reviewed_date,True,administrative_excluded,
M4-FUNG-0035,20,mibig_record_status,True,provenance_only,S001
M4-FUNG-0035,21,source_native_category_value,True,provenance_only,S001
M4-FUNG-0035,22,mibig_completeness,True,provenance_only,S001
M4-FUNG-0035,25,primary_reference_source_id,True,provenance_only,
M4-FUNG-0035,57,boundary_confidence,True,provenance_only,S001; S003
M4-FUNG-0035,58,pathway_identity_confidence,True,provenance_only,S003
M4-FUNG-0035,89,candidate_bgc_credibility,True,provenance_only,S003
M4-FUNG-0035,90,coordinated_transcription_evidence,True,provenance_only,S002; S003; S014
M4-FUNG-0035,91,biochemical_execution_evidence,True,provenance_only,S003; S005; S006
M4-FUNG-0035,92,product_formation_evidence,True,provenance_only,S003
M4-FUNG-0035,94,bgc_product_attribution,True,provenance_only,S003
M4-FUNG-0035,95,gene_product_attribution,True,provenance_only,S003; S005; S006
M4-FUNG-0035,96,complete_pathway_reconstruction,True,provenance_only,S003; S005
M4-FUNG-0035,98,major_database_problem,True,provenance_only,S001; S007; S013
M4-FUNG-0035,99,best_use_case_for_atlas,True,provenance_only,S003; S005; S006; S007
M4-FUNG-0035,100,overall_note,True,provenance_only,S003; S006; S008
M4-FUNG-0035,104,gene.legacy_support_annotation,True,provenance_only,S001; S003
M4-FUNG-0035,105,gene.legacy_support_annotation,True,provenance_only,S001; S005
M4-FUNG-0035,106,gene.legacy_support_annotation,True,provenance_only,S001; S005
M4-FUNG-0035,107,gene.legacy_support_annotation,True,provenance_only,S001; S005
M4-FUNG-0035,108,gene.legacy_support_annotation,True,provenance_only,S001; S003; S006
M4-FUNG-0035,109,gene.legacy_support_annotation,True,provenance_only,S001; S005
M4-FUNG-0035,110,gene.legacy_support_annotation,True,provenance_only,S001
M4-FUNG-0035,111,gene.legacy_support_annotation,True,provenance_only,S001; S003; S014
M4-FUNG-0035,112,gene.legacy_support_annotation,True,provenance_only,S003; S015
M4-FUNG-0035,113,gene.legacy_support_annotation,True,provenance_only,S003; S015
M4-FUNG-0035,114,gene.legacy_support_annotation,True,provenance_only,S001; S005; S016
M4-FUNG-0035,115,gene.legacy_support_annotation,True,provenance_only,S001; S005
M4-FUNG-0035,116,gene.legacy_support_annotation,True,provenance_only,S001; S005
M4-FUNG-0035,117,gene.legacy_support_annotation,True,provenance_only,S001; S017
M4-FUNG-0035,118,gene.legacy_support_annotation,True,provenance_only,S002; S018
M4-FUNG-0035,119,gene.legacy_support_annotation,True,provenance_only,S001; S003; S006; S008
M4-FUNG-0035,123,metabolite.legacy_attribution_annotation,True,provenance_only,S003; S007; S009
M4-FUNG-0035,124,metabolite.legacy_attribution_annotation,True,provenance_only,S003; S006; S009
M4-FUNG-0035,125,metabolite.legacy_attribution_annotation,True,provenance_only,S003; S006
M4-FUNG-0035,126,metabolite.legacy_attribution_annotation,True,provenance_only,S003; S006; S010
M4-FUNG-0035,127,metabolite.legacy_attribution_annotation,True,provenance_only,S005
M4-FUNG-0035,128,metabolite.legacy_attribution_annotation,True,provenance_only,S005
M4-FUNG-0035,129,metabolite.legacy_attribution_annotation,True,provenance_only,S010
M4-FUNG-0035,157,claim.legacy_support_annotation,True,provenance_only,S003
M4-FUNG-0035,158,claim.legacy_support_annotation,True,provenance_only,S003; S006
M4-FUNG-0035,159,claim.legacy_support_annotation,True,provenance_only,S003; S006
M4-FUNG-0035,160,claim.legacy_support_annotation,True,provenance_only,S006; S008
M4-FUNG-0035,161,claim.legacy_support_annotation,True,provenance_only,S005
M4-FUNG-0035,162,claim.legacy_support_annotation,True,provenance_only,S001; S005; S016
M4-FUNG-0035,163,claim.legacy_support_annotation,True,provenance_only,S002; S003; S014
M4-FUNG-0035,164,claim.legacy_support_annotation,True,provenance_only,S001; S007; S013
M4-FUNG-0035,165,claim.legacy_support_annotation,True,provenance_only,S004; S009
M4-FUNG-0035,169,relationship.legacy_support_annotation,True,provenance_only,S001
M4-FUNG-0035,170,relationship.legacy_support_annotation,True,provenance_only,S003; S005
M4-FUNG-0035,171,relationship.legacy_support_annotation,True,provenance_only,S005
M4-FUNG-0035,172,relationship.legacy_support_annotation,True,provenance_only,S003; S005
M4-FUNG-0035,173,relationship.legacy_support_annotation,True,provenance_only,S005
M4-FUNG-0035,174,relationship.legacy_support_annotation,True,provenance_only,S003; S006; S008
M4-FUNG-0035,175,relationship.legacy_support_annotation,True,provenance_only,S003; S006
M4-FUNG-0035,176,relationship.legacy_support_annotation,True,provenance_only,S006; S008
M4-FUNG-0035,177,relationship.legacy_support_annotation,True,provenance_only,S007; S013
M4-FUNG-0035,178,relationship.legacy_support_annotation,True,provenance_only,S002; S004; S014
M4-FUNG-0035,179,relationship.legacy_support_annotation,True,provenance_only,S004; S012
M4-FUNG-0036,7,schema_version,True,administrative_excluded,
M4-FUNG-0036,8,dossier_id,True,administrative_excluded,
M4-FUNG-0036,9,sheet_record_status,True,administrative_excluded,
M4-FUNG-0036,10,annotation_status,True,administrative_excluded,
M4-FUNG-0036,11,annotation_date,True,administrative_excluded,
M4-FUNG-0036,12,inference,False,administrative_excluded,
M4-FUNG-0036,13,last_reviewed_date,True,administrative_excluded,
M4-FUNG-0036,20,mibig_record_status,True,provenance_only,S001
M4-FUNG-0036,21,source_native_category_value,True,provenance_only,S001
M4-FUNG-0036,22,mibig_completeness,True,provenance_only,S001
M4-FUNG-0036,25,primary_reference_source_id,True,provenance_only,
M4-FUNG-0036,57,boundary_confidence,True,provenance_only,S001; S003
M4-FUNG-0036,58,pathway_identity_confidence,True,provenance_only,S003; S008
M4-FUNG-0036,89,candidate_bgc_credibility,True,provenance_only,S003; S008
M4-FUNG-0036,90,coordinated_transcription_evidence,True,provenance_only,S008
M4-FUNG-0036,91,biochemical_execution_evidence,True,provenance_only,S003; S004; S005
M4-FUNG-0036,92,product_formation_evidence,True,provenance_only,S008
M4-FUNG-0036,94,bgc_product_attribution,True,provenance_only,S003; S008
M4-FUNG-0036,95,gene_product_attribution,True,provenance_only,S003; S004; S005
M4-FUNG-0036,96,complete_pathway_reconstruction,True,provenance_only,S003; S004; S005
M4-FUNG-0036,98,major_database_problem,True,provenance_only,S003; S004; S005
M4-FUNG-0036,99,best_use_case_for_atlas,True,provenance_only,S008
M4-FUNG-0036,100,overall_note,True,provenance_only,S003; S008
M4-FUNG-0036,104,gene.legacy_support_annotation,True,provenance_only,S001; S003
M4-FUNG-0036,105,gene.legacy_support_annotation,True,provenance_only,S001; S003; S008
M4-FUNG-0036,106,gene.legacy_support_annotation,True,provenance_only,S004
M4-FUNG-0036,107,gene.legacy_support_annotation,True,provenance_only,S004
M4-FUNG-0036,108,gene.legacy_support_annotation,True,provenance_only,S003
M4-FUNG-0036,109,gene.legacy_support_annotation,True,provenance_only,S003
M4-FUNG-0036,110,gene.legacy_support_annotation,True,provenance_only,S003
M4-FUNG-0036,111,gene.legacy_support_annotation,True,provenance_only,S005
M4-FUNG-0036,112,gene.legacy_support_annotation,True,provenance_only,S005
M4-FUNG-0036,116,metabolite.legacy_attribution_annotation,True,provenance_only,S001; S008
M4-FUNG-0036,117,metabolite.legacy_attribution_annotation,True,provenance_only,S003
M4-FUNG-0036,118,metabolite.legacy_attribution_annotation,True,provenance_only,S003; S005
M4-FUNG-0036,119,metabolite.legacy_attribution_annotation,True,provenance_only,S004; S005
M4-FUNG-0036,120,metabolite.legacy_attribution_annotation,True,provenance_only,S004; S005
M4-FUNG-0036,145,claim.legacy_support_annotation,True,provenance_only,S008
M4-FUNG-0036,146,claim.legacy_support_annotation,True,provenance_only,S008
M4-FUNG-0036,147,claim.legacy_support_annotation,True,provenance_only,S008
M4-FUNG-0036,148,claim.legacy_support_annotation,True,provenance_only,S004; S005
M4-FUNG-0036,156,relationship.legacy_support_annotation,True,provenance_only,S003; S008
M4-FUNG-0036,157,relationship.legacy_support_annotation,True,provenance_only,S003
M4-FUNG-0036,158,relationship.legacy_support_annotation,True,provenance_only,S003
M4-FUNG-0036,159,relationship.legacy_support_annotation,True,provenance_only,S003
M4-FUNG-0036,160,relationship.legacy_support_annotation,True,provenance_only,S008
M4-FUNG-0036,161,relationship.legacy_support_annotation,True,provenance_only,S008
M4-FUNG-0037,7,schema_version,True,administrative_excluded,
M4-FUNG-0037,8,dossier_id,True,administrative_excluded,
M4-FUNG-0037,9,sheet_record_status,True,administrative_excluded,
M4-FUNG-0037,10,annotation_status,True,administrative_excluded,
M4-FUNG-0037,11,annotation_date,True,administrative_excluded,
M4-FUNG-0037,12,inference,False,administrative_excluded,
M4-FUNG-0037,13,last_reviewed_date,True,administrative_excluded,
M4-FUNG-0037,20,mibig_record_status,True,provenance_only,S001
M4-FUNG-0037,21,source_native_category_value,True,provenance_only,S001
M4-FUNG-0037,22,mibig_completeness,True,provenance_only,S001
M4-FUNG-0037,25,primary_reference_source_id,True,provenance_only,
M4-FUNG-0037,57,boundary_confidence,True,provenance_only,S001; S003
M4-FUNG-0037,58,pathway_identity_confidence,True,provenance_only,S003; S004
M4-FUNG-0037,89,candidate_bgc_credibility,True,provenance_only,S003; S004
M4-FUNG-0037,90,coordinated_transcription_evidence,True,provenance_only,S006
M4-FUNG-0037,91,biochemical_execution_evidence,True,provenance_only,S004; S005; S007
M4-FUNG-0037,92,product_formation_evidence,True,provenance_only,S004; S006
M4-FUNG-0037,94,bgc_product_attribution,True,provenance_only,S003; S004
M4-FUNG-0037,95,gene_product_attribution,True,provenance_only,S004; S005; S007
M4-FUNG-0037,96,complete_pathway_reconstruction,True,provenance_only,S004; S007
M4-FUNG-0037,98,major_database_problem,True,provenance_only,S001; S007
M4-FUNG-0037,99,best_use_case_for_atlas,True,provenance_only,S004; S006
M4-FUNG-0037,100,overall_note,True,provenance_only,S004; S006
M4-FUNG-0037,104,gene.legacy_support_annotation,True,provenance_only,S001; S004
M4-FUNG-0037,105,gene.legacy_support_annotation,True,provenance_only,S001; S005; S006
M4-FUNG-0037,106,gene.legacy_support_annotation,True,provenance_only,S001; S003
M4-FUNG-0037,107,gene.legacy_support_annotation,True,provenance_only,S001; S006; S007
M4-FUNG-0037,108,gene.legacy_support_annotation,True,provenance_only,S001; S004
M4-FUNG-0037,112,metabolite.legacy_attribution_annotation,True,provenance_only,S001; S003
M4-FUNG-0037,113,metabolite.legacy_attribution_annotation,True,provenance_only,S004
M4-FUNG-0037,114,metabolite.legacy_attribution_annotation,True,provenance_only,S004; S005
M4-FUNG-0037,115,metabolite.legacy_attribution_annotation,True,provenance_only,S006
M4-FUNG-0037,116,metabolite.legacy_attribution_annotation,True,provenance_only,S004
M4-FUNG-0037,141,claim.legacy_support_annotation,True,provenance_only,S004
M4-FUNG-0037,142,claim.legacy_support_annotation,True,provenance_only,S004
M4-FUNG-0037,143,claim.legacy_support_annotation,True,provenance_only,S005
M4-FUNG-0037,144,claim.legacy_support_annotation,True,provenance_only,S006
M4-FUNG-0037,145,claim.legacy_support_annotation,True,provenance_only,S003; S007
M4-FUNG-0037,152,relationship.legacy_support_annotation,True,provenance_only,S004
M4-FUNG-0037,153,relationship.legacy_support_annotation,True,provenance_only,S004
M4-FUNG-0037,154,relationship.legacy_support_annotation,True,provenance_only,S004
M4-FUNG-0037,155,relationship.legacy_support_annotation,True,provenance_only,S004; S005
M4-FUNG-0037,156,relationship.legacy_support_annotation,True,provenance_only,S006
M4-FUNG-0037,157,relationship.legacy_support_annotation,True,provenance_only,S006
M4-FUNG-0037,158,relationship.legacy_support_annotation,True,provenance_only,S003; S007
M4-FUNG-0037,159,relationship.legacy_support_annotation,True,provenance_only,S001
M4-FUNG-0038,7,schema_version,True,administrative_excluded,
M4-FUNG-0038,8,dossier_id,True,administrative_excluded,
M4-FUNG-0038,9,sheet_record_status,True,administrative_excluded,
M4-FUNG-0038,10,annotation_status,True,administrative_excluded,
M4-FUNG-0038,11,annotation_date,True,administrative_excluded,
M4-FUNG-0038,12,inference,False,administrative_excluded,
M4-FUNG-0038,13,last_reviewed_date,True,administrative_excluded,
M4-FUNG-0038,20,mibig_record_status,True,provenance_only,S001
M4-FUNG-0038,21,source_native_category_value,True,provenance_only,S001
M4-FUNG-0038,22,mibig_completeness,True,provenance_only,S001
M4-FUNG-0038,25,primary_reference_source_id,True,provenance_only,
M4-FUNG-0038,57,boundary_confidence,True,provenance_only,S001; S003; S004
M4-FUNG-0038,58,pathway_identity_confidence,True,provenance_only,S003; S004; S006
M4-FUNG-0038,89,candidate_bgc_credibility,True,provenance_only,S003; S004
M4-FUNG-0038,90,coordinated_transcription_evidence,True,provenance_only,S004; S005
M4-FUNG-0038,91,biochemical_execution_evidence,True,provenance_only,S003; S006; S007
M4-FUNG-0038,92,product_formation_evidence,True,provenance_only,S003; S004; S006
M4-FUNG-0038,94,bgc_product_attribution,True,provenance_only,S003; S004
M4-FUNG-0038,95,gene_product_attribution,True,provenance_only,S003; S004; S005; S007
M4-FUNG-0038,96,complete_pathway_reconstruction,True,provenance_only,S006
M4-FUNG-0038,98,major_database_problem,True,provenance_only,S001; S006
M4-FUNG-0038,99,best_use_case_for_atlas,True,provenance_only,S003; S004; S006
M4-FUNG-0038,100,overall_note,True,provenance_only,S003; S004; S006; S007
M4-FUNG-0038,104,gene.legacy_support_annotation,True,provenance_only,S001; S006; S007
M4-FUNG-0038,105,gene.legacy_support_annotation,True,provenance_only,S001; S003; S004; S007
M4-FUNG-0038,106,gene.legacy_support_annotation,True,provenance_only,S001; S005
M4-FUNG-0038,107,gene.legacy_support_annotation,True,provenance_only,S001; S003; S007
M4-FUNG-0038,108,gene.legacy_support_annotation,True,provenance_only,S001; S006; S007
M4-FUNG-0038,109,gene.legacy_support_annotation,True,provenance_only,S001; S003; S006; S007
M4-FUNG-0038,113,metabolite.legacy_attribution_annotation,True,provenance_only,S001; S008
M4-FUNG-0038,114,metabolite.legacy_attribution_annotation,True,provenance_only,S003; S004; S009
M4-FUNG-0038,115,metabolite.legacy_attribution_annotation,True,provenance_only,S007; S009
M4-FUNG-0038,116,metabolite.legacy_attribution_annotation,True,provenance_only,S007; S009
M4-FUNG-0038,117,metabolite.legacy_attribution_annotation,True,provenance_only,S006
M4-FUNG-0038,118,metabolite.legacy_attribution_annotation,True,provenance_only,S003; S006
M4-FUNG-0038,119,metabolite.legacy_attribution_annotation,True,provenance_only,S006; S007
M4-FUNG-0038,120,metabolite.legacy_attribution_annotation,True,provenance_only,S006; S007
M4-FUNG-0038,121,metabolite.legacy_attribution_annotation,True,provenance_only,S003; S007; S009
M4-FUNG-0038,122,metabolite.legacy_attribution_annotation,True,provenance_only,S004
M4-FUNG-0038,155,claim.legacy_support_annotation,True,provenance_only,S003; S006
M4-FUNG-0038,156,claim.legacy_support_annotation,True,provenance_only,S003; S004
M4-FUNG-0038,157,claim.legacy_support_annotation,True,provenance_only,S004
M4-FUNG-0038,158,claim.legacy_support_annotation,True,provenance_only,S004
M4-FUNG-0038,159,claim.legacy_support_annotation,True,provenance_only,S006
M4-FUNG-0038,160,claim.legacy_support_annotation,True,provenance_only,S006
M4-FUNG-0038,161,claim.legacy_support_annotation,True,provenance_only,S006
M4-FUNG-0038,162,claim.legacy_support_annotation,True,provenance_only,S005
M4-FUNG-0038,163,claim.legacy_support_annotation,True,provenance_only,S001; S003; S004; S006
M4-FUNG-0038,167,relationship.legacy_support_annotation,True,provenance_only,S001
M4-FUNG-0038,168,relationship.legacy_support_annotation,True,provenance_only,S003; S006
M4-FUNG-0038,169,relationship.legacy_support_annotation,True,provenance_only,S006; S007
M4-FUNG-0038,170,relationship.legacy_support_annotation,True,provenance_only,S006; S007
M4-FUNG-0038,171,relationship.legacy_support_annotation,True,provenance_only,S003; S007
M4-FUNG-0038,172,relationship.legacy_support_annotation,True,provenance_only,S007
M4-FUNG-0038,173,relationship.legacy_support_annotation,True,provenance_only,S005
M4-FUNG-0038,174,relationship.legacy_support_annotation,True,provenance_only,S004
M4-FUNG-0038,175,relationship.legacy_support_annotation,True,provenance_only,S004
M4-FUNG-0038,176,relationship.legacy_support_annotation,True,provenance_only,S006
M4-FUNG-0038,177,relationship.legacy_support_annotation,True,provenance_only,S006
M4-FUNG-0038,178,relationship.legacy_support_annotation,True,provenance_only,S006
M4-FUNG-0038,179,relationship.legacy_support_annotation,True,provenance_only,S004
M4-FUNG-0039,7,schema_version,True,administrative_excluded,
M4-FUNG-0039,8,dossier_id,True,administrative_excluded,
M4-FUNG-0039,9,sheet_record_status,True,administrative_excluded,
M4-FUNG-0039,10,annotation_status,True,administrative_excluded,
M4-FUNG-0039,11,annotation_date,True,administrative_excluded,
M4-FUNG-0039,12,inference,False,administrative_excluded,
M4-FUNG-0039,13,last_reviewed_date,True,administrative_excluded,
M4-FUNG-0039,20,mibig_record_status,True,provenance_only,S001
M4-FUNG-0039,21,source_native_category_value,True,provenance_only,S001
M4-FUNG-0039,22,mibig_completeness,True,provenance_only,S001
M4-FUNG-0039,25,primary_reference_source_id,True,provenance_only,
M4-FUNG-0039,57,boundary_confidence,True,provenance_only,S001; S003
M4-FUNG-0039,58,pathway_identity_confidence,True,provenance_only,S003; S004
M4-FUNG-0039,89,candidate_bgc_credibility,True,provenance_only,S003
M4-FUNG-0039,90,coordinated_transcription_evidence,True,provenance_only,S003; S006; S014
M4-FUNG-0039,91,biochemical_execution_evidence,True,provenance_only,S004; S008; S010
M4-FUNG-0039,92,product_formation_evidence,True,provenance_only,S004; S008
M4-FUNG-0039,94,bgc_product_attribution,True,provenance_only,S003; S004
M4-FUNG-0039,95,gene_product_attribution,True,provenance_only,S003; S007; S019
M4-FUNG-0039,96,complete_pathway_reconstruction,True,provenance_only,S003; S007
M4-FUNG-0039,98,major_database_problem,True,provenance_only,S001; S003
M4-FUNG-0039,99,best_use_case_for_atlas,True,provenance_only,S003; S009; S011; S012
M4-FUNG-0039,100,overall_note,True,provenance_only,S004; S008; S009; S012
M4-FUNG-0039,104,gene.legacy_support_annotation,True,provenance_only,S001; S005
M4-FUNG-0039,105,gene.legacy_support_annotation,True,provenance_only,S001; S010
M4-FUNG-0039,106,gene.legacy_support_annotation,True,provenance_only,S001; S003
M4-FUNG-0039,107,gene.legacy_support_annotation,True,provenance_only,S003; S007
M4-FUNG-0039,108,gene.legacy_support_annotation,True,provenance_only,S001; S007
M4-FUNG-0039,109,gene.legacy_support_annotation,True,provenance_only,S001; S006; S014
M4-FUNG-0039,110,gene.legacy_support_annotation,True,provenance_only,S001; S010
M4-FUNG-0039,111,gene.legacy_support_annotation,True,provenance_only,S007
M4-FUNG-0039,112,gene.legacy_support_annotation,True,provenance_only,S003; S007
M4-FUNG-0039,113,gene.legacy_support_annotation,True,provenance_only,S001; S007
M4-FUNG-0039,114,gene.legacy_support_annotation,True,provenance_only,S001; S015
M4-FUNG-0039,115,gene.legacy_support_annotation,True,provenance_only,S001; S015
M4-FUNG-0039,116,gene.legacy_support_annotation,True,provenance_only,S001; S016
M4-FUNG-0039,117,gene.legacy_support_annotation,True,provenance_only,S007
M4-FUNG-0039,118,gene.legacy_support_annotation,True,provenance_only,S007
M4-FUNG-0039,119,gene.legacy_support_annotation,True,provenance_only,S001; S007
M4-FUNG-0039,120,gene.legacy_support_annotation,True,provenance_only,S008
M4-FUNG-0039,121,gene.legacy_support_annotation,True,provenance_only,S001; S007
M4-FUNG-0039,122,gene.legacy_support_annotation,True,provenance_only,S007
M4-FUNG-0039,123,gene.legacy_support_annotation,True,provenance_only,S001; S004
M4-FUNG-0039,124,gene.legacy_support_annotation,True,provenance_only,S001; S003
M4-FUNG-0039,125,gene.legacy_support_annotation,True,provenance_only,S001; S004; S017
M4-FUNG-0039,126,gene.legacy_support_annotation,True,provenance_only,S001; S007
M4-FUNG-0039,127,gene.legacy_support_annotation,True,provenance_only,S001; S010
M4-FUNG-0039,128,gene.legacy_support_annotation,True,provenance_only,S003; S007; S019
M4-FUNG-0039,132,metabolite.legacy_attribution_annotation,True,provenance_only,S001; S003
M4-FUNG-0039,133,metabolite.legacy_attribution_annotation,True,provenance_only,S006
M4-FUNG-0039,134,metabolite.legacy_attribution_annotation,True,provenance_only,S010
M4-FUNG-0039,135,metabolite.legacy_attribution_annotation,True,provenance_only,S010
M4-FUNG-0039,136,metabolite.legacy_attribution_annotation,True,provenance_only,S004
M4-FUNG-0039,137,metabolite.legacy_attribution_annotation,True,provenance_only,S008
M4-FUNG-0039,168,claim.legacy_support_annotation,True,provenance_only,S001; S003
M4-FUNG-0039,169,claim.legacy_support_annotation,True,provenance_only,S014
M4-FUNG-0039,170,claim.legacy_support_annotation,True,provenance_only,S009
M4-FUNG-0039,171,claim.legacy_support_annotation,True,provenance_only,S012
M4-FUNG-0039,172,claim.legacy_support_annotation,True,provenance_only,S011
M4-FUNG-0039,173,claim.legacy_support_annotation,True,provenance_only,S004; S017
M4-FUNG-0039,179,relationship.legacy_support_annotation,True,provenance_only,S015
M4-FUNG-0039,180,relationship.legacy_support_annotation,True,provenance_only,S005
M4-FUNG-0039,181,relationship.legacy_support_annotation,True,provenance_only,S010
M4-FUNG-0039,182,relationship.legacy_support_annotation,True,provenance_only,S004; S017
M4-FUNG-0039,183,relationship.legacy_support_annotation,True,provenance_only,S008
M4-FUNG-0039,184,relationship.legacy_support_annotation,True,provenance_only,S014
M4-FUNG-0039,185,relationship.legacy_support_annotation,True,provenance_only,S009
M4-FUNG-0039,186,relationship.legacy_support_annotation,True,provenance_only,S012
M4-FUNG-0039,187,relationship.legacy_support_annotation,True,provenance_only,S011
M4-FUNG-0039,188,relationship.legacy_support_annotation,True,provenance_only,S001; S003
M4-FUNG-0040,7,schema_version,True,administrative_excluded,
M4-FUNG-0040,8,dossier_id,True,administrative_excluded,
M4-FUNG-0040,9,sheet_record_status,True,administrative_excluded,
M4-FUNG-0040,10,annotation_status,True,administrative_excluded,
M4-FUNG-0040,11,annotation_date,True,administrative_excluded,
M4-FUNG-0040,12,inference,False,administrative_excluded,
M4-FUNG-0040,13,last_reviewed_date,True,administrative_excluded,
M4-FUNG-0040,20,mibig_record_status,True,provenance_only,S001
M4-FUNG-0040,21,source_native_category_value,True,provenance_only,S001
M4-FUNG-0040,22,mibig_completeness,True,provenance_only,S001
M4-FUNG-0040,25,primary_reference_source_id,True,provenance_only,
M4-FUNG-0040,57,boundary_confidence,True,provenance_only,S001; S004; S006
M4-FUNG-0040,58,pathway_identity_confidence,True,provenance_only,S003; S004
M4-FUNG-0040,89,candidate_bgc_credibility,True,provenance_only,S003; S004
M4-FUNG-0040,90,coordinated_transcription_evidence,True,provenance_only,S006
M4-FUNG-0040,91,biochemical_execution_evidence,True,provenance_only,S003; S004; S005
M4-FUNG-0040,92,product_formation_evidence,True,provenance_only,S003; S004
M4-FUNG-0040,94,bgc_product_attribution,True,provenance_only,S001; S004; S006
M4-FUNG-0040,95,gene_product_attribution,True,provenance_only,S003; S004; S006
M4-FUNG-0040,96,complete_pathway_reconstruction,True,provenance_only,S003; S004
M4-FUNG-0040,98,major_database_problem,True,provenance_only,S001; S004; S006
M4-FUNG-0040,99,best_use_case_for_atlas,True,provenance_only,S001; S003; S004; S007
M4-FUNG-0040,100,overall_note,True,provenance_only,S003; S004; S007
M4-FUNG-0040,104,gene.legacy_support_annotation,True,provenance_only,S001; S004; S006
M4-FUNG-0040,105,gene.legacy_support_annotation,True,provenance_only,S001; S003; S004
M4-FUNG-0040,106,gene.legacy_support_annotation,True,provenance_only,S001; S003; S005
M4-FUNG-0040,107,gene.legacy_support_annotation,True,provenance_only,S001; S003
M4-FUNG-0040,108,gene.legacy_support_annotation,True,provenance_only,S001; S004; S006
M4-FUNG-0040,109,gene.legacy_support_annotation,True,provenance_only,S001
M4-FUNG-0040,110,gene.legacy_support_annotation,True,provenance_only,S001; S004; S006
M4-FUNG-0040,111,gene.legacy_support_annotation,True,provenance_only,S001; S004; S006
M4-FUNG-0040,112,gene.legacy_support_annotation,True,provenance_only,S001; S003; S007
M4-FUNG-0040,113,gene.legacy_support_annotation,True,provenance_only,S001; S006
M4-FUNG-0040,114,gene.legacy_support_annotation,True,provenance_only,S001; S004; S006
M4-FUNG-0040,115,gene.legacy_support_annotation,True,provenance_only,S001
M4-FUNG-0040,116,gene.legacy_support_annotation,True,provenance_only,S004; S006
M4-FUNG-0040,120,metabolite.legacy_attribution_annotation,True,provenance_only,S001; S003; S009
M4-FUNG-0040,121,metabolite.legacy_attribution_annotation,True,provenance_only,S003
M4-FUNG-0040,122,metabolite.legacy_attribution_annotation,True,provenance_only,S003
M4-FUNG-0040,123,metabolite.legacy_attribution_annotation,True,provenance_only,S003
M4-FUNG-0040,124,metabolite.legacy_attribution_annotation,True,provenance_only,S003; S005
M4-FUNG-0040,125,metabolite.legacy_attribution_annotation,True,provenance_only,S003
M4-FUNG-0040,126,metabolite.legacy_attribution_annotation,True,provenance_only,S003
M4-FUNG-0040,127,metabolite.legacy_attribution_annotation,True,provenance_only,S004
M4-FUNG-0040,128,metabolite.legacy_attribution_annotation,True,provenance_only,S004
M4-FUNG-0040,129,metabolite.legacy_attribution_annotation,True,provenance_only,S004
M4-FUNG-0040,130,metabolite.legacy_attribution_annotation,True,provenance_only,S004
M4-FUNG-0040,131,metabolite.legacy_attribution_annotation,True,provenance_only,S004
M4-FUNG-0040,164,claim.legacy_support_annotation,True,provenance_only,S003
M4-FUNG-0040,165,claim.legacy_support_annotation,True,provenance_only,S003; S005
M4-FUNG-0040,166,claim.legacy_support_annotation,True,provenance_only,S003
M4-FUNG-0040,167,claim.legacy_support_annotation,True,provenance_only,S007
M4-FUNG-0040,168,claim.legacy_support_annotation,True,provenance_only,S003
M4-FUNG-0040,169,claim.legacy_support_annotation,True,provenance_only,S001; S004; S006
M4-FUNG-0040,170,claim.legacy_support_annotation,True,provenance_only,S001
M4-FUNG-0040,171,claim.legacy_support_annotation,True,provenance_only,S003; S004
M4-FUNG-0040,172,claim.legacy_support_annotation,True,provenance_only,S003; S004
M4-FUNG-0040,176,relationship.legacy_support_annotation,True,provenance_only,S001
M4-FUNG-0040,177,relationship.legacy_support_annotation,True,provenance_only,S003
M4-FUNG-0040,178,relationship.legacy_support_annotation,True,provenance_only,S003; S005
M4-FUNG-0040,179,relationship.legacy_support_annotation,True,provenance_only,S003
M4-FUNG-0040,180,relationship.legacy_support_annotation,True,provenance_only,S003; S004
M4-FUNG-0040,181,relationship.legacy_support_annotation,True,provenance_only,S004; S006
M4-FUNG-0040,182,relationship.legacy_support_annotation,True,provenance_only,S004; S006
M4-FUNG-0040,183,relationship.legacy_support_annotation,True,provenance_only,S004; S006
M4-FUNG-0040,184,relationship.legacy_support_annotation,True,provenance_only,S004; S006
M4-FUNG-0040,185,relationship.legacy_support_annotation,True,provenance_only,S004; S006
M4-FUNG-0040,186,relationship.legacy_support_annotation,True,provenance_only,S004; S006
M4-FUNG-0040,187,relationship.legacy_support_annotation,True,provenance_only,S003
M4-FUNG-0040,188,relationship.legacy_support_annotation,True,provenance_only,S003
M4-FUNG-0040,189,relationship.legacy_support_annotation,True,provenance_only,S001; S006
M4-FUNG-0041,7,schema_version,True,administrative_excluded,
M4-FUNG-0041,8,dossier_id,True,administrative_excluded,
M4-FUNG-0041,9,sheet_record_status,True,administrative_excluded,
M4-FUNG-0041,10,annotation_status,True,administrative_excluded,
M4-FUNG-0041,11,annotation_date,True,administrative_excluded,
M4-FUNG-0041,12,inference,False,administrative_excluded,
M4-FUNG-0041,13,last_reviewed_date,True,administrative_excluded,
M4-FUNG-0041,20,mibig_record_status,True,provenance_only,S001
M4-FUNG-0041,21,source_native_category_value,True,provenance_only,S001
M4-FUNG-0041,22,mibig_completeness,True,provenance_only,S001
M4-FUNG-0041,25,primary_reference_source_id,True,provenance_only,
M4-FUNG-0041,57,boundary_confidence,True,provenance_only,S009; S010
M4-FUNG-0041,58,pathway_identity_confidence,True,provenance_only,S003; S005; S011
M4-FUNG-0041,89,candidate_bgc_credibility,True,provenance_only,S003; S005; S006; S009
M4-FUNG-0041,90,coordinated_transcription_evidence,True,provenance_only,S007
M4-FUNG-0041,91,biochemical_execution_evidence,True,provenance_only,S003; S004; S005; S006
M4-FUNG-0041,92,product_formation_evidence,True,provenance_only,S003; S004; S005; S006
M4-FUNG-0041,94,bgc_product_attribution,True,provenance_only,S009
M4-FUNG-0041,95,gene_product_attribution,True,provenance_only,S003; S004; S005; S006; S008
M4-FUNG-0041,96,complete_pathway_reconstruction,True,provenance_only,S006; S009
M4-FUNG-0041,98,major_database_problem,True,provenance_only,S001; S009
M4-FUNG-0041,99,best_use_case_for_atlas,True,provenance_only,S003; S007; S009; S011
M4-FUNG-0041,100,overall_note,True,provenance_only,S003; S004; S005; S006; S007; S009; S011
M4-FUNG-0041,104,gene.legacy_support_annotation,True,provenance_only,S006; S010
M4-FUNG-0041,105,gene.legacy_support_annotation,True,provenance_only,S006; S010
M4-FUNG-0041,106,gene.legacy_support_annotation,True,provenance_only,S003; S010
M4-FUNG-0041,107,gene.legacy_support_annotation,True,provenance_only,S008; S009; S010
M4-FUNG-0041,108,gene.legacy_support_annotation,True,provenance_only,S005; S010
M4-FUNG-0041,109,gene.legacy_support_annotation,True,provenance_only,S006; S010
M4-FUNG-0041,110,gene.legacy_support_annotation,True,provenance_only,S006; S010
M4-FUNG-0041,111,gene.legacy_support_annotation,True,provenance_only,S006; S010
M4-FUNG-0041,112,gene.legacy_support_annotation,True,provenance_only,S004; S006; S010
M4-FUNG-0041,113,gene.legacy_support_annotation,True,provenance_only,S004; S010
M4-FUNG-0041,117,metabolite.legacy_attribution_annotation,True,provenance_only,S003; S009; S012
M4-FUNG-0041,118,metabolite.legacy_attribution_annotation,True,provenance_only,S009; S012
M4-FUNG-0041,149,claim.legacy_support_annotation,True,provenance_only,S009
M4-FUNG-0041,150,claim.legacy_support_annotation,True,provenance_only,S003; S005
M4-FUNG-0041,151,claim.legacy_support_annotation,True,provenance_only,S007
M4-FUNG-0041,152,claim.legacy_support_annotation,True,provenance_only,S003; S011
M4-FUNG-0041,153,claim.legacy_support_annotation,True,provenance_only,S001; S009
M4-FUNG-0041,160,relationship.legacy_support_annotation,True,provenance_only,S009; S010
M4-FUNG-0041,161,relationship.legacy_support_annotation,True,provenance_only,S009; S010
M4-FUNG-0041,162,relationship.legacy_support_annotation,True,provenance_only,S003
M4-FUNG-0041,163,relationship.legacy_support_annotation,True,provenance_only,S005
M4-FUNG-0041,164,relationship.legacy_support_annotation,True,provenance_only,S004
M4-FUNG-0041,165,relationship.legacy_support_annotation,True,provenance_only,S007
M4-FUNG-0041,166,relationship.legacy_support_annotation,True,provenance_only,S007
M4-FUNG-0041,167,relationship.legacy_support_annotation,True,provenance_only,S011; S013
M4-FUNG-0042,7,schema_version,True,administrative_excluded,
M4-FUNG-0042,8,dossier_id,True,administrative_excluded,
M4-FUNG-0042,9,sheet_record_status,True,administrative_excluded,
M4-FUNG-0042,10,annotation_status,True,administrative_excluded,
M4-FUNG-0042,11,annotation_date,True,administrative_excluded,
M4-FUNG-0042,12,inference,False,administrative_excluded,
M4-FUNG-0042,13,last_reviewed_date,True,administrative_excluded,
M4-FUNG-0042,20,mibig_record_status,True,provenance_only,S001
M4-FUNG-0042,21,source_native_category_value,True,provenance_only,S001
M4-FUNG-0042,22,mibig_completeness,True,provenance_only,S001
M4-FUNG-0042,25,primary_reference_source_id,True,provenance_only,
M4-FUNG-0042,57,boundary_confidence,True,provenance_only,S001; S007; S008
M4-FUNG-0042,58,pathway_identity_confidence,True,provenance_only,S003; S006
M4-FUNG-0042,89,candidate_bgc_credibility,True,provenance_only,S003
M4-FUNG-0042,90,coordinated_transcription_evidence,True,provenance_only,S003; S006
M4-FUNG-0042,91,biochemical_execution_evidence,True,provenance_only,S003
M4-FUNG-0042,92,product_formation_evidence,True,provenance_only,S003; S008
M4-FUNG-0042,94,bgc_product_attribution,True,provenance_only,S003
M4-FUNG-0042,95,gene_product_attribution,True,provenance_only,S003; S006; S007; S008
M4-FUNG-0042,96,complete_pathway_reconstruction,True,provenance_only,S003; S008
M4-FUNG-0042,98,major_database_problem,True,provenance_only,S001; S007; S008; S009
M4-FUNG-0042,99,best_use_case_for_atlas,True,provenance_only,S003; S006; S008
M4-FUNG-0042,100,overall_note,True,provenance_only,S003
M4-FUNG-0042,104,gene.legacy_support_annotation,True,provenance_only,S001; S003; S006
M4-FUNG-0042,105,gene.legacy_support_annotation,True,provenance_only,S001; S003
M4-FUNG-0042,106,gene.legacy_support_annotation,True,provenance_only,S001; S003
M4-FUNG-0042,107,gene.legacy_support_annotation,True,provenance_only,S001; S003
M4-FUNG-0042,108,gene.legacy_support_annotation,True,provenance_only,S001; S003
M4-FUNG-0042,109,gene.legacy_support_annotation,True,provenance_only,S007; S008
M4-FUNG-0042,113,metabolite.legacy_attribution_annotation,True,provenance_only,S001; S003; S008
M4-FUNG-0042,114,metabolite.legacy_attribution_annotation,True,provenance_only,S001; S003
M4-FUNG-0042,115,metabolite.legacy_attribution_annotation,True,provenance_only,S001
M4-FUNG-0042,116,metabolite.legacy_attribution_annotation,True,provenance_only,S004; S005; S009
M4-FUNG-0042,117,metabolite.legacy_attribution_annotation,True,provenance_only,S003
M4-FUNG-0042,150,claim.legacy_support_annotation,True,provenance_only,S003; S006
M4-FUNG-0042,151,claim.legacy_support_annotation,True,provenance_only,S003
M4-FUNG-0042,152,claim.legacy_support_annotation,True,provenance_only,S003
M4-FUNG-0042,153,claim.legacy_support_annotation,True,provenance_only,S001; S003
M4-FUNG-0042,154,claim.legacy_support_annotation,True,provenance_only,S007; S008
M4-FUNG-0042,155,claim.legacy_support_annotation,True,provenance_only,S009
M4-FUNG-0042,156,claim.legacy_support_annotation,True,provenance_only,S003; S008
M4-FUNG-0042,157,claim.legacy_support_annotation,True,provenance_only,S010
M4-FUNG-0042,161,relationship.legacy_support_annotation,True,provenance_only,S001
M4-FUNG-0042,162,relationship.legacy_support_annotation,True,provenance_only,S003; S006
M4-FUNG-0042,163,relationship.legacy_support_annotation,True,provenance_only,S003
M4-FUNG-0042,164,relationship.legacy_support_annotation,True,provenance_only,S003
M4-FUNG-0042,165,relationship.legacy_support_annotation,True,provenance_only,S003
M4-FUNG-0042,166,relationship.legacy_support_annotation,True,provenance_only,S003
M4-FUNG-0042,167,relationship.legacy_support_annotation,True,provenance_only,S003
M4-FUNG-0042,168,relationship.legacy_support_annotation,True,provenance_only,S007
M4-FUNG-0042,169,relationship.legacy_support_annotation,True,provenance_only,S008
M4-FUNG-0042,170,relationship.legacy_support_annotation,True,provenance_only,S009
M4-FUNG-0042,171,relationship.legacy_support_annotation,True,provenance_only,S003
M4-FUNG-0042,172,relationship.legacy_support_annotation,True,provenance_only,S003
M4-FUNG-0043,7,schema_version,True,administrative_excluded,
M4-FUNG-0043,8,dossier_id,True,administrative_excluded,
M4-FUNG-0043,9,sheet_record_status,True,administrative_excluded,
M4-FUNG-0043,10,annotation_status,True,administrative_excluded,
M4-FUNG-0043,11,annotation_date,True,administrative_excluded,
M4-FUNG-0043,12,inference,False,administrative_excluded,
M4-FUNG-0043,13,last_reviewed_date,True,administrative_excluded,
M4-FUNG-0043,20,mibig_record_status,True,provenance_only,S001
M4-FUNG-0043,21,source_native_category_value,True,provenance_only,S001
M4-FUNG-0043,22,mibig_completeness,True,provenance_only,S001
M4-FUNG-0043,25,primary_reference_source_id,True,provenance_only,
M4-FUNG-0043,57,boundary_confidence,True,provenance_only,S001; S003; S010
M4-FUNG-0043,58,pathway_identity_confidence,True,provenance_only,S003; S004
M4-FUNG-0043,89,candidate_bgc_credibility,True,provenance_only,S003
M4-FUNG-0043,90,coordinated_transcription_evidence,True,provenance_only,S003
M4-FUNG-0043,91,biochemical_execution_evidence,True,provenance_only,S004
M4-FUNG-0043,92,product_formation_evidence,True,provenance_only,S003; S004
M4-FUNG-0043,94,bgc_product_attribution,True,provenance_only,S001; S003; S010
M4-FUNG-0043,95,gene_product_attribution,True,provenance_only,S003; S004
M4-FUNG-0043,96,complete_pathway_reconstruction,True,provenance_only,S004
M4-FUNG-0043,98,major_database_problem,True,provenance_only,S001; S003; S004; S010
M4-FUNG-0043,99,best_use_case_for_atlas,True,provenance_only,S003; S004
M4-FUNG-0043,100,overall_note,True,provenance_only,S003; S004
M4-FUNG-0043,104,gene.legacy_support_annotation,True,provenance_only,S001; S003; S004
M4-FUNG-0043,105,gene.legacy_support_annotation,True,provenance_only,S001; S003
M4-FUNG-0043,106,gene.legacy_support_annotation,True,provenance_only,S001; S003; S004
M4-FUNG-0043,107,gene.legacy_support_annotation,True,provenance_only,S001; S003; S004; S005
M4-FUNG-0043,108,gene.legacy_support_annotation,True,provenance_only,S001; S003; S004
M4-FUNG-0043,109,gene.legacy_support_annotation,True,provenance_only,S001; S003; S004
M4-FUNG-0043,110,gene.legacy_support_annotation,True,provenance_only,S001; S003
M4-FUNG-0043,111,gene.legacy_support_annotation,True,provenance_only,S001; S003; S010
M4-FUNG-0043,112,gene.legacy_support_annotation,True,provenance_only,S001; S003; S004
M4-FUNG-0043,116,metabolite.legacy_attribution_annotation,True,provenance_only,S001; S003; S004; S006; S007
M4-FUNG-0043,117,metabolite.legacy_attribution_annotation,True,provenance_only,S003; S004; S005
M4-FUNG-0043,118,metabolite.legacy_attribution_annotation,True,provenance_only,S004
M4-FUNG-0043,119,metabolite.legacy_attribution_annotation,True,provenance_only,S004
M4-FUNG-0043,120,metabolite.legacy_attribution_annotation,True,provenance_only,S003; S004
M4-FUNG-0043,121,metabolite.legacy_attribution_annotation,True,provenance_only,S003; S011
M4-FUNG-0043,145,claim.legacy_support_annotation,True,provenance_only,S001; S003; S010
M4-FUNG-0043,146,claim.legacy_support_annotation,True,provenance_only,S004
M4-FUNG-0043,147,claim.legacy_support_annotation,True,provenance_only,S004
M4-FUNG-0043,148,claim.legacy_support_annotation,True,provenance_only,S004
M4-FUNG-0043,149,claim.legacy_support_annotation,True,provenance_only,S004
M4-FUNG-0043,156,relationship.legacy_support_annotation,True,provenance_only,S003; S004
M4-FUNG-0043,157,relationship.legacy_support_annotation,True,provenance_only,S004
M4-FUNG-0043,158,relationship.legacy_support_annotation,True,provenance_only,S004
M4-FUNG-0043,159,relationship.legacy_support_annotation,True,provenance_only,S004
M4-FUNG-0043,160,relationship.legacy_support_annotation,True,provenance_only,S004
M4-FUNG-0043,161,relationship.legacy_support_annotation,True,provenance_only,S003; S004
M4-FUNG-0043,162,relationship.legacy_support_annotation,True,provenance_only,S003
M4-FUNG-0043,163,relationship.legacy_support_annotation,True,provenance_only,S003; S010
M4-FUNG-0044,7,schema_version,True,administrative_excluded,
M4-FUNG-0044,8,dossier_id,True,administrative_excluded,
M4-FUNG-0044,9,sheet_record_status,True,administrative_excluded,
M4-FUNG-0044,10,annotation_status,True,administrative_excluded,
M4-FUNG-0044,11,annotation_date,True,administrative_excluded,
M4-FUNG-0044,12,inference,False,administrative_excluded,
M4-FUNG-0044,13,last_reviewed_date,True,administrative_excluded,
M4-FUNG-0044,20,mibig_record_status,True,provenance_only,S001
M4-FUNG-0044,21,source_native_category_value,True,provenance_only,S001
M4-FUNG-0044,22,mibig_completeness,True,provenance_only,S001
M4-FUNG-0044,25,primary_reference_source_id,True,provenance_only,
M4-FUNG-0044,57,boundary_confidence,True,provenance_only,S003; S011
M4-FUNG-0044,58,pathway_identity_confidence,True,provenance_only,S001; S003; S004; S006
M4-FUNG-0044,89,candidate_bgc_credibility,True,provenance_only,S003; S004
M4-FUNG-0044,90,coordinated_transcription_evidence,True,provenance_only,S004; S005; S011
M4-FUNG-0044,91,biochemical_execution_evidence,True,provenance_only,S006; S007; S011
M4-FUNG-0044,92,product_formation_evidence,True,provenance_only,S003; S004
M4-FUNG-0044,94,bgc_product_attribution,True,provenance_only,S001; S003; S004
M4-FUNG-0044,95,gene_product_attribution,True,provenance_only,S003; S005; S006; S011
M4-FUNG-0044,96,complete_pathway_reconstruction,True,provenance_only,S006; S007; S011
M4-FUNG-0044,98,major_database_problem,True,provenance_only,S001; S003; S011; S013
M4-FUNG-0044,99,best_use_case_for_atlas,True,provenance_only,S004; S005; S006; S011
M4-FUNG-0044,100,overall_note,True,provenance_only,S004; S005; S006; S011
M4-FUNG-0044,104,gene.legacy_support_annotation,True,provenance_only,S001; S005; S011
M4-FUNG-0044,105,gene.legacy_support_annotation,True,provenance_only,S001; S003; S011
M4-FUNG-0044,106,gene.legacy_support_annotation,True,provenance_only,S001; S003; S011
M4-FUNG-0044,107,gene.legacy_support_annotation,True,provenance_only,S001; S005; S011
M4-FUNG-0044,108,gene.legacy_support_annotation,True,provenance_only,S001; S003; S005
M4-FUNG-0044,109,gene.legacy_support_annotation,True,provenance_only,S001; S003; S011
M4-FUNG-0044,110,gene.legacy_support_annotation,True,provenance_only,S001; S003; S011
M4-FUNG-0044,111,gene.legacy_support_annotation,True,provenance_only,S001; S006; S007
M4-FUNG-0044,112,gene.legacy_support_annotation,True,provenance_only,S001; S006; S007
M4-FUNG-0044,113,gene.legacy_support_annotation,True,provenance_only,S001; S003; S006
M4-FUNG-0044,114,gene.legacy_support_annotation,True,provenance_only,S001; S003; S006
M4-FUNG-0044,118,metabolite.legacy_attribution_annotation,True,provenance_only,S003; S004; S012
M4-FUNG-0044,119,metabolite.legacy_attribution_annotation,True,provenance_only,S001; S013
M4-FUNG-0044,120,metabolite.legacy_attribution_annotation,True,provenance_only,S003; S006
M4-FUNG-0044,121,metabolite.legacy_attribution_annotation,True,provenance_only,S003; S006
M4-FUNG-0044,122,metabolite.legacy_attribution_annotation,True,provenance_only,S006
M4-FUNG-0044,123,metabolite.legacy_attribution_annotation,True,provenance_only,S006
M4-FUNG-0044,124,metabolite.legacy_attribution_annotation,True,provenance_only,S007
M4-FUNG-0044,125,metabolite.legacy_attribution_annotation,True,provenance_only,S004
M4-FUNG-0044,164,claim.legacy_support_annotation,True,provenance_only,S001; S003; S004; S006
M4-FUNG-0044,165,claim.legacy_support_annotation,True,provenance_only,S005
M4-FUNG-0044,166,claim.legacy_support_annotation,True,provenance_only,S004
M4-FUNG-0044,167,claim.legacy_support_annotation,True,provenance_only,S004
M4-FUNG-0044,168,claim.legacy_support_annotation,True,provenance_only,S006
M4-FUNG-0044,169,claim.legacy_support_annotation,True,provenance_only,S007; S011
M4-FUNG-0044,170,claim.legacy_support_annotation,True,provenance_only,S003; S005; S011
M4-FUNG-0044,171,claim.legacy_support_annotation,True,provenance_only,S004
M4-FUNG-0044,172,claim.legacy_support_annotation,True,provenance_only,S004
M4-FUNG-0044,173,claim.legacy_support_annotation,True,provenance_only,S009
M4-FUNG-0044,177,relationship.legacy_support_annotation,True,provenance_only,S001
M4-FUNG-0044,178,relationship.legacy_support_annotation,True,provenance_only,S005
M4-FUNG-0044,179,relationship.legacy_support_annotation,True,provenance_only,S004
M4-FUNG-0044,180,relationship.legacy_support_annotation,True,provenance_only,S004
M4-FUNG-0044,181,relationship.legacy_support_annotation,True,provenance_only,S006
M4-FUNG-0044,182,relationship.legacy_support_annotation,True,provenance_only,S007
M4-FUNG-0044,183,relationship.legacy_support_annotation,True,provenance_only,S007
M4-FUNG-0044,184,relationship.legacy_support_annotation,True,provenance_only,S003; S011
M4-FUNG-0044,185,relationship.legacy_support_annotation,True,provenance_only,S003; S011
M4-FUNG-0044,186,relationship.legacy_support_annotation,True,provenance_only,S004
M4-FUNG-0044,187,relationship.legacy_support_annotation,True,provenance_only,S004
M4-FUNG-0044,188,relationship.legacy_support_annotation,True,provenance_only,S004
M4-FUNG-0044,189,relationship.legacy_support_annotation,True,provenance_only,S004
M4-FUNG-0044,190,relationship.legacy_support_annotation,True,provenance_only,S001; S003; S004
M4-FUNG-0045,7,schema_version,True,administrative_excluded,
M4-FUNG-0045,8,dossier_id,True,administrative_excluded,
M4-FUNG-0045,9,sheet_record_status,True,administrative_excluded,
M4-FUNG-0045,10,annotation_status,True,administrative_excluded,
M4-FUNG-0045,11,annotation_date,True,administrative_excluded,
M4-FUNG-0045,12,inference,False,administrative_excluded,
M4-FUNG-0045,13,last_reviewed_date,True,administrative_excluded,
M4-FUNG-0045,20,mibig_record_status,True,provenance_only,S001
M4-FUNG-0045,21,source_native_category_value,True,provenance_only,S001
M4-FUNG-0045,22,mibig_completeness,True,provenance_only,S001
M4-FUNG-0045,25,primary_reference_source_id,True,provenance_only,
M4-FUNG-0045,57,boundary_confidence,True,provenance_only,S001; S003
M4-FUNG-0045,58,pathway_identity_confidence,True,provenance_only,S003; S004; S005
M4-FUNG-0045,89,candidate_bgc_credibility,True,provenance_only,S003
M4-FUNG-0045,90,coordinated_transcription_evidence,True,provenance_only,S003
M4-FUNG-0045,91,biochemical_execution_evidence,True,provenance_only,S003; S004; S005
M4-FUNG-0045,92,product_formation_evidence,True,provenance_only,S003
M4-FUNG-0045,94,bgc_product_attribution,True,provenance_only,S003
M4-FUNG-0045,95,gene_product_attribution,True,provenance_only,S003; S004; S005
M4-FUNG-0045,96,complete_pathway_reconstruction,True,provenance_only,S003; S005
M4-FUNG-0045,98,major_database_problem,True,provenance_only,S001; S003
M4-FUNG-0045,99,best_use_case_for_atlas,True,provenance_only,S004; S005
M4-FUNG-0045,100,overall_note,True,provenance_only,S003; S004; S005
M4-FUNG-0045,104,gene.legacy_support_annotation,True,provenance_only,S003
M4-FUNG-0045,105,gene.legacy_support_annotation,True,provenance_only,S003
M4-FUNG-0045,106,gene.legacy_support_annotation,True,provenance_only,S004
M4-FUNG-0045,107,gene.legacy_support_annotation,True,provenance_only,S003
M4-FUNG-0045,108,gene.legacy_support_annotation,True,provenance_only,S005
M4-FUNG-0045,109,gene.legacy_support_annotation,True,provenance_only,S003
M4-FUNG-0045,110,gene.legacy_support_annotation,True,provenance_only,S003
M4-FUNG-0045,111,gene.legacy_support_annotation,True,provenance_only,S003
M4-FUNG-0045,112,gene.legacy_support_annotation,True,provenance_only,S003
M4-FUNG-0045,113,gene.legacy_support_annotation,True,provenance_only,S003
M4-FUNG-0045,114,gene.legacy_support_annotation,True,provenance_only,S005
M4-FUNG-0045,115,gene.legacy_support_annotation,True,provenance_only,S003
M4-FUNG-0045,116,gene.legacy_support_annotation,True,provenance_only,S003
M4-FUNG-0045,117,gene.legacy_support_annotation,True,provenance_only,S003
M4-FUNG-0045,121,metabolite.legacy_attribution_annotation,True,provenance_only,S001; S003
M4-FUNG-0045,122,metabolite.legacy_attribution_annotation,True,provenance_only,S005
M4-FUNG-0045,123,metabolite.legacy_attribution_annotation,True,provenance_only,S004
M4-FUNG-0045,150,claim.legacy_support_annotation,True,provenance_only,S005
M4-FUNG-0045,151,claim.legacy_support_annotation,True,provenance_only,S004
M4-FUNG-0045,152,claim.legacy_support_annotation,True,provenance_only,S001; S003
M4-FUNG-0045,161,relationship.legacy_support_annotation,True,provenance_only,S003
M4-FUNG-0045,162,relationship.legacy_support_annotation,True,provenance_only,S004
M4-FUNG-0045,163,relationship.legacy_support_annotation,True,provenance_only,S003
M4-FUNG-0045,164,relationship.legacy_support_annotation,True,provenance_only,S005
M4-FUNG-0046,7,schema_version,True,administrative_excluded,
M4-FUNG-0046,8,dossier_id,True,administrative_excluded,
M4-FUNG-0046,9,sheet_record_status,True,administrative_excluded,
M4-FUNG-0046,10,annotation_status,True,administrative_excluded,
M4-FUNG-0046,11,annotation_date,True,administrative_excluded,
M4-FUNG-0046,12,inference,False,administrative_excluded,
M4-FUNG-0046,13,last_reviewed_date,True,administrative_excluded,
M4-FUNG-0046,20,mibig_record_status,True,provenance_only,S001
M4-FUNG-0046,21,source_native_category_value,True,provenance_only,S001
M4-FUNG-0046,22,mibig_completeness,True,provenance_only,S001
M4-FUNG-0046,25,primary_reference_source_id,True,provenance_only,
M4-FUNG-0046,57,boundary_confidence,True,provenance_only,S001; S003
M4-FUNG-0046,58,pathway_identity_confidence,True,provenance_only,S003
M4-FUNG-0046,89,candidate_bgc_credibility,True,provenance_only,S003
M4-FUNG-0046,90,coordinated_transcription_evidence,True,provenance_only,S003
M4-FUNG-0046,91,biochemical_execution_evidence,True,provenance_only,S003
M4-FUNG-0046,92,product_formation_evidence,True,provenance_only,S003
M4-FUNG-0046,94,bgc_product_attribution,True,provenance_only,S003
M4-FUNG-0046,95,gene_product_attribution,True,provenance_only,S003
M4-FUNG-0046,96,complete_pathway_reconstruction,True,provenance_only,S003
M4-FUNG-0046,98,major_database_problem,True,provenance_only,S001; S003
M4-FUNG-0046,99,best_use_case_for_atlas,True,provenance_only,S003
M4-FUNG-0046,100,overall_note,True,provenance_only,S003
M4-FUNG-0046,104,gene.legacy_support_annotation,True,provenance_only,S003
M4-FUNG-0046,105,gene.legacy_support_annotation,True,provenance_only,S003
M4-FUNG-0046,106,gene.legacy_support_annotation,True,provenance_only,S003
M4-FUNG-0046,107,gene.legacy_support_annotation,True,provenance_only,S003
M4-FUNG-0046,108,gene.legacy_support_annotation,True,provenance_only,S003
M4-FUNG-0046,109,gene.legacy_support_annotation,True,provenance_only,S003
M4-FUNG-0046,110,gene.legacy_support_annotation,True,provenance_only,S003
M4-FUNG-0046,111,gene.legacy_support_annotation,True,provenance_only,S003
M4-FUNG-0046,112,gene.legacy_support_annotation,True,provenance_only,S003
M4-FUNG-0046,113,gene.legacy_support_annotation,True,provenance_only,S003
M4-FUNG-0046,117,metabolite.legacy_attribution_annotation,True,provenance_only,S001; S003
M4-FUNG-0046,118,metabolite.legacy_attribution_annotation,True,provenance_only,S003
M4-FUNG-0046,119,metabolite.legacy_attribution_annotation,True,provenance_only,S003
M4-FUNG-0046,120,metabolite.legacy_attribution_annotation,True,provenance_only,S003
M4-FUNG-0046,121,metabolite.legacy_attribution_annotation,True,provenance_only,S003
M4-FUNG-0046,146,claim.legacy_support_annotation,True,provenance_only,S003
M4-FUNG-0046,147,claim.legacy_support_annotation,True,provenance_only,S003
M4-FUNG-0046,148,claim.legacy_support_annotation,True,provenance_only,S003
M4-FUNG-0046,157,relationship.legacy_support_annotation,True,provenance_only,S003
M4-FUNG-0046,158,relationship.legacy_support_annotation,True,provenance_only,S003
M4-FUNG-0046,159,relationship.legacy_support_annotation,True,provenance_only,S003
M4-FUNG-0046,160,relationship.legacy_support_annotation,True,provenance_only,S003
M4-FUNG-0047,7,schema_version,True,administrative_excluded,
M4-FUNG-0047,8,dossier_id,True,administrative_excluded,
M4-FUNG-0047,9,sheet_record_status,True,administrative_excluded,
M4-FUNG-0047,10,annotation_status,True,administrative_excluded,
M4-FUNG-0047,11,annotation_date,True,administrative_excluded,
M4-FUNG-0047,12,inference,False,administrative_excluded,
M4-FUNG-0047,13,last_reviewed_date,True,administrative_excluded,
M4-FUNG-0047,20,mibig_record_status,True,provenance_only,S001
M4-FUNG-0047,21,source_native_category_value,True,provenance_only,S001
M4-FUNG-0047,22,mibig_completeness,True,provenance_only,S001
M4-FUNG-0047,25,primary_reference_source_id,True,provenance_only,
M4-FUNG-0047,57,boundary_confidence,True,provenance_only,S003
M4-FUNG-0047,58,pathway_identity_confidence,True,provenance_only,S003
M4-FUNG-0047,89,candidate_bgc_credibility,True,provenance_only,S003
M4-FUNG-0047,90,coordinated_transcription_evidence,True,provenance_only,S003
M4-FUNG-0047,91,biochemical_execution_evidence,True,provenance_only,S003
M4-FUNG-0047,92,product_formation_evidence,True,provenance_only,S003
M4-FUNG-0047,94,bgc_product_attribution,True,provenance_only,S003
M4-FUNG-0047,95,gene_product_attribution,True,provenance_only,S003
M4-FUNG-0047,96,complete_pathway_reconstruction,True,provenance_only,S003
M4-FUNG-0047,98,major_database_problem,True,provenance_only,S001; S003
M4-FUNG-0047,99,best_use_case_for_atlas,True,provenance_only,S003
M4-FUNG-0047,100,overall_note,True,provenance_only,S003
M4-FUNG-0047,104,gene.legacy_support_annotation,True,provenance_only,S003
M4-FUNG-0047,105,gene.legacy_support_annotation,True,provenance_only,S003
M4-FUNG-0047,106,gene.legacy_support_annotation,True,provenance_only,S003
M4-FUNG-0047,107,gene.legacy_support_annotation,True,provenance_only,S003
M4-FUNG-0047,108,gene.legacy_support_annotation,True,provenance_only,S003
M4-FUNG-0047,109,gene.legacy_support_annotation,True,provenance_only,S003
M4-FUNG-0047,110,gene.legacy_support_annotation,True,provenance_only,S003
M4-FUNG-0047,111,gene.legacy_support_annotation,True,provenance_only,S003
M4-FUNG-0047,112,gene.legacy_support_annotation,True,provenance_only,S003
M4-FUNG-0047,113,gene.legacy_support_annotation,True,provenance_only,S001; S003
M4-FUNG-0047,117,metabolite.legacy_attribution_annotation,True,provenance_only,S001; S003
M4-FUNG-0047,118,metabolite.legacy_attribution_annotation,True,provenance_only,S003
M4-FUNG-0047,119,metabolite.legacy_attribution_annotation,True,provenance_only,S003
M4-FUNG-0047,146,claim.legacy_support_annotation,True,provenance_only,S003
M4-FUNG-0047,147,claim.legacy_support_annotation,True,provenance_only,S003
M4-FUNG-0047,148,claim.legacy_support_annotation,True,provenance_only,S003
M4-FUNG-0047,157,relationship.legacy_support_annotation,True,provenance_only,S003
M4-FUNG-0047,158,relationship.legacy_support_annotation,True,provenance_only,S003
M4-FUNG-0047,159,relationship.legacy_support_annotation,True,provenance_only,S001; S003
M4-FUNG-0048,7,schema_version,True,administrative_excluded,
M4-FUNG-0048,8,dossier_id,True,administrative_excluded,
M4-FUNG-0048,9,sheet_record_status,True,administrative_excluded,
M4-FUNG-0048,10,annotation_status,True,administrative_excluded,
M4-FUNG-0048,11,annotation_date,True,administrative_excluded,
M4-FUNG-0048,12,inference,False,administrative_excluded,
M4-FUNG-0048,13,last_reviewed_date,True,administrative_excluded,
M4-FUNG-0048,20,mibig_record_status,True,provenance_only,S001
M4-FUNG-0048,21,source_native_category_value,True,provenance_only,S001
M4-FUNG-0048,22,mibig_completeness,True,provenance_only,S001
M4-FUNG-0048,25,primary_reference_source_id,True,provenance_only,
M4-FUNG-0048,57,boundary_confidence,True,provenance_only,S003
M4-FUNG-0048,58,pathway_identity_confidence,True,provenance_only,S003; S004
M4-FUNG-0048,89,candidate_bgc_credibility,True,provenance_only,S003
M4-FUNG-0048,90,coordinated_transcription_evidence,True,provenance_only,S003
M4-FUNG-0048,91,biochemical_execution_evidence,True,provenance_only,S003; S004
M4-FUNG-0048,92,product_formation_evidence,True,provenance_only,S003
M4-FUNG-0048,94,bgc_product_attribution,True,provenance_only,S003
M4-FUNG-0048,95,gene_product_attribution,True,provenance_only,S003; S004
M4-FUNG-0048,96,complete_pathway_reconstruction,True,provenance_only,S003
M4-FUNG-0048,98,major_database_problem,True,provenance_only,S001; S003
M4-FUNG-0048,99,best_use_case_for_atlas,True,provenance_only,S003; S004
M4-FUNG-0048,100,overall_note,True,provenance_only,S003; S004
M4-FUNG-0048,104,gene.legacy_support_annotation,True,provenance_only,S001; S003; S004
M4-FUNG-0048,105,gene.legacy_support_annotation,True,provenance_only,S001; S003
M4-FUNG-0048,106,gene.legacy_support_annotation,True,provenance_only,S001; S003
M4-FUNG-0048,113,metabolite.legacy_attribution_annotation,True,provenance_only,S001; S003
M4-FUNG-0048,114,metabolite.legacy_attribution_annotation,True,provenance_only,S003
M4-FUNG-0048,115,metabolite.legacy_attribution_annotation,True,provenance_only,S003; S004
M4-FUNG-0048,142,claim.legacy_support_annotation,True,provenance_only,S003; S004
M4-FUNG-0048,143,claim.legacy_support_annotation,True,provenance_only,S004
M4-FUNG-0048,144,claim.legacy_support_annotation,True,provenance_only,S001; S003
M4-FUNG-0048,153,relationship.legacy_support_annotation,True,provenance_only,S003; S004
M4-FUNG-0048,154,relationship.legacy_support_annotation,True,provenance_only,S003
M4-FUNG-0048,155,relationship.legacy_support_annotation,True,provenance_only,S003
M4-FUNG-0049,7,schema_version,True,administrative_excluded,
M4-FUNG-0049,8,dossier_id,True,administrative_excluded,
M4-FUNG-0049,9,sheet_record_status,True,administrative_excluded,
M4-FUNG-0049,10,annotation_status,True,administrative_excluded,
M4-FUNG-0049,11,annotation_date,True,administrative_excluded,
M4-FUNG-0049,12,inference,False,administrative_excluded,
M4-FUNG-0049,13,last_reviewed_date,True,administrative_excluded,
M4-FUNG-0049,20,mibig_record_status,True,provenance_only,S001
M4-FUNG-0049,21,source_native_category_value,True,provenance_only,S001
M4-FUNG-0049,22,mibig_completeness,True,provenance_only,S001
M4-FUNG-0049,25,primary_reference_source_id,True,provenance_only,
M4-FUNG-0049,57,boundary_confidence,True,provenance_only,S003
M4-FUNG-0049,58,pathway_identity_confidence,True,provenance_only,S003
M4-FUNG-0049,89,candidate_bgc_credibility,True,provenance_only,S003
M4-FUNG-0049,90,coordinated_transcription_evidence,True,provenance_only,S003
M4-FUNG-0049,91,biochemical_execution_evidence,True,provenance_only,S003; S004
M4-FUNG-0049,92,product_formation_evidence,True,provenance_only,S003
M4-FUNG-0049,94,bgc_product_attribution,True,provenance_only,S003
M4-FUNG-0049,95,gene_product_attribution,True,provenance_only,S003
M4-FUNG-0049,96,complete_pathway_reconstruction,True,provenance_only,S004
M4-FUNG-0049,98,major_database_problem,True,provenance_only,S001; S003
M4-FUNG-0049,99,best_use_case_for_atlas,True,provenance_only,S003; S004
M4-FUNG-0049,100,overall_note,True,provenance_only,S003; S004
M4-FUNG-0049,104,gene.legacy_support_annotation,True,provenance_only,S001; S003
M4-FUNG-0049,105,gene.legacy_support_annotation,True,provenance_only,S001; S003
M4-FUNG-0049,106,gene.legacy_support_annotation,True,provenance_only,S001; S003; S004
M4-FUNG-0049,107,gene.legacy_support_annotation,True,provenance_only,S001; S003; S004
M4-FUNG-0049,108,gene.legacy_support_annotation,True,provenance_only,S001; S003
M4-FUNG-0049,109,gene.legacy_support_annotation,True,provenance_only,S001; S003; S004
M4-FUNG-0049,110,gene.legacy_support_annotation,True,provenance_only,S001; S004
M4-FUNG-0049,111,gene.legacy_support_annotation,True,provenance_only,S001; S003
M4-FUNG-0049,112,gene.legacy_support_annotation,True,provenance_only,S001; S003
M4-FUNG-0049,113,gene.legacy_support_annotation,True,provenance_only,S001; S003
M4-FUNG-0049,114,gene.legacy_support_annotation,True,provenance_only,S001; S003
M4-FUNG-0049,118,metabolite.legacy_attribution_annotation,True,provenance_only,S001; S003
M4-FUNG-0049,119,metabolite.legacy_attribution_annotation,True,provenance_only,S003
M4-FUNG-0049,120,metabolite.legacy_attribution_annotation,True,provenance_only,S003
M4-FUNG-0049,121,metabolite.legacy_attribution_annotation,True,provenance_only,S003
M4-FUNG-0049,147,claim.legacy_support_annotation,True,provenance_only,S003
M4-FUNG-0049,148,claim.legacy_support_annotation,True,provenance_only,S003
M4-FUNG-0049,149,claim.legacy_support_annotation,True,provenance_only,S004
M4-FUNG-0049,158,relationship.legacy_support_annotation,True,provenance_only,S003
M4-FUNG-0049,159,relationship.legacy_support_annotation,True,provenance_only,S003
M4-FUNG-0049,160,relationship.legacy_support_annotation,True,provenance_only,S003
M4-FUNG-0049,161,relationship.legacy_support_annotation,True,provenance_only,S004
M4-FUNG-0050,7,schema_version,True,administrative_excluded,
M4-FUNG-0050,8,dossier_id,True,administrative_excluded,
M4-FUNG-0050,9,sheet_record_status,True,administrative_excluded,
M4-FUNG-0050,10,annotation_status,True,administrative_excluded,
M4-FUNG-0050,11,annotation_date,True,administrative_excluded,
M4-FUNG-0050,12,inference,False,administrative_excluded,
M4-FUNG-0050,13,last_reviewed_date,True,administrative_excluded,
M4-FUNG-0050,20,mibig_record_status,True,provenance_only,S001
M4-FUNG-0050,21,source_native_category_value,True,provenance_only,S001
M4-FUNG-0050,22,mibig_completeness,True,provenance_only,S001
M4-FUNG-0050,25,primary_reference_source_id,True,provenance_only,
M4-FUNG-0050,57,boundary_confidence,True,provenance_only,S003
M4-FUNG-0050,58,pathway_identity_confidence,True,provenance_only,S003
M4-FUNG-0050,89,candidate_bgc_credibility,True,provenance_only,S003
M4-FUNG-0050,90,coordinated_transcription_evidence,True,provenance_only,S003
M4-FUNG-0050,91,biochemical_execution_evidence,True,provenance_only,S003
M4-FUNG-0050,92,product_formation_evidence,True,provenance_only,S003
M4-FUNG-0050,94,bgc_product_attribution,True,provenance_only,S003
M4-FUNG-0050,95,gene_product_attribution,True,provenance_only,S003
M4-FUNG-0050,96,complete_pathway_reconstruction,True,provenance_only,S003
M4-FUNG-0050,98,major_database_problem,True,provenance_only,S001; S003
M4-FUNG-0050,99,best_use_case_for_atlas,True,provenance_only,S003
M4-FUNG-0050,100,overall_note,True,provenance_only,S003
M4-FUNG-0050,104,gene.legacy_support_annotation,True,provenance_only,S001; S003
M4-FUNG-0050,113,metabolite.legacy_attribution_annotation,True,provenance_only,S001; S004
M4-FUNG-0050,114,metabolite.legacy_attribution_annotation,True,provenance_only,S005
M4-FUNG-0050,142,claim.legacy_support_annotation,True,provenance_only,S003
M4-FUNG-0050,143,claim.legacy_support_annotation,True,provenance_only,S003
M4-FUNG-0050,144,claim.legacy_support_annotation,True,provenance_only,S005
M4-FUNG-0050,153,relationship.legacy_support_annotation,True,provenance_only,S003
M4-FUNG-0050,154,relationship.legacy_support_annotation,True,provenance_only,S003
M4-FUNG-0050,155,relationship.legacy_support_annotation,True,provenance_only,S005
M4-FUNG-0051,7,schema_version,True,administrative_excluded,
M4-FUNG-0051,8,dossier_id,True,administrative_excluded,
M4-FUNG-0051,9,sheet_record_status,True,administrative_excluded,
M4-FUNG-0051,10,annotation_status,True,administrative_excluded,
M4-FUNG-0051,11,annotation_date,True,administrative_excluded,
M4-FUNG-0051,12,inference,False,administrative_excluded,
M4-FUNG-0051,13,last_reviewed_date,True,administrative_excluded,
M4-FUNG-0051,20,mibig_record_status,True,provenance_only,S001
M4-FUNG-0051,21,source_native_category_value,True,provenance_only,S001
M4-FUNG-0051,22,mibig_completeness,True,provenance_only,S001
M4-FUNG-0051,25,primary_reference_source_id,True,provenance_only,
M4-FUNG-0051,57,boundary_confidence,True,provenance_only,S001; S003
M4-FUNG-0051,58,pathway_identity_confidence,True,provenance_only,S003
M4-FUNG-0051,89,candidate_bgc_credibility,True,provenance_only,S003
M4-FUNG-0051,90,coordinated_transcription_evidence,True,provenance_only,S003
M4-FUNG-0051,91,biochemical_execution_evidence,True,provenance_only,S003
M4-FUNG-0051,92,product_formation_evidence,True,provenance_only,S003
M4-FUNG-0051,94,bgc_product_attribution,True,provenance_only,S003
M4-FUNG-0051,95,gene_product_attribution,True,provenance_only,S003
M4-FUNG-0051,96,complete_pathway_reconstruction,True,provenance_only,S003
M4-FUNG-0051,98,major_database_problem,True,provenance_only,S001; S003
M4-FUNG-0051,99,best_use_case_for_atlas,True,provenance_only,S003
M4-FUNG-0051,100,overall_note,True,provenance_only,S003
M4-FUNG-0051,104,gene.legacy_support_annotation,True,provenance_only,S001; S003
M4-FUNG-0051,113,metabolite.legacy_attribution_annotation,True,provenance_only,S001; S003
M4-FUNG-0051,142,claim.legacy_support_annotation,True,provenance_only,S003
M4-FUNG-0051,143,claim.legacy_support_annotation,True,provenance_only,S003
M4-FUNG-0051,144,claim.legacy_support_annotation,True,provenance_only,S001; S003
M4-FUNG-0051,153,relationship.legacy_support_annotation,True,provenance_only,S003
M4-FUNG-0051,154,relationship.legacy_support_annotation,True,provenance_only,S003
M4-FUNG-0051,155,relationship.legacy_support_annotation,True,provenance_only,S003
M4-FUNG-0052,7,schema_version,True,administrative_excluded,
M4-FUNG-0052,8,dossier_id,True,administrative_excluded,
M4-FUNG-0052,9,sheet_record_status,True,administrative_excluded,
M4-FUNG-0052,10,annotation_status,True,administrative_excluded,
M4-FUNG-0052,11,annotation_date,True,administrative_excluded,
M4-FUNG-0052,12,inference,False,administrative_excluded,
M4-FUNG-0052,13,last_reviewed_date,True,administrative_excluded,
M4-FUNG-0052,20,mibig_record_status,True,provenance_only,S001
M4-FUNG-0052,21,source_native_category_value,True,provenance_only,S001
M4-FUNG-0052,22,mibig_completeness,True,provenance_only,S001
M4-FUNG-0052,25,primary_reference_source_id,True,provenance_only,
M4-FUNG-0052,57,boundary_confidence,True,provenance_only,S001; S003
M4-FUNG-0052,58,pathway_identity_confidence,True,provenance_only,S003
M4-FUNG-0052,89,candidate_bgc_credibility,True,provenance_only,S003
M4-FUNG-0052,90,coordinated_transcription_evidence,True,provenance_only,S003
M4-FUNG-0052,91,biochemical_execution_evidence,True,provenance_only,S003; S004
M4-FUNG-0052,92,product_formation_evidence,True,provenance_only,S003
M4-FUNG-0052,94,bgc_product_attribution,True,provenance_only,S003; S004
M4-FUNG-0052,95,gene_product_attribution,True,provenance_only,S003; S004
M4-FUNG-0052,96,complete_pathway_reconstruction,True,provenance_only,S003; S004
M4-FUNG-0052,98,major_database_problem,True,provenance_only,S001; S003
M4-FUNG-0052,99,best_use_case_for_atlas,True,provenance_only,S003
M4-FUNG-0052,100,overall_note,True,provenance_only,S003; S004
M4-FUNG-0052,104,gene.legacy_support_annotation,True,provenance_only,S001; S004
M4-FUNG-0052,105,gene.legacy_support_annotation,True,provenance_only,S001; S003
M4-FUNG-0052,106,gene.legacy_support_annotation,True,provenance_only,S001
M4-FUNG-0052,107,gene.legacy_support_annotation,True,provenance_only,S001
M4-FUNG-0052,108,gene.legacy_support_annotation,True,provenance_only,S001
M4-FUNG-0052,113,metabolite.legacy_attribution_annotation,True,provenance_only,S003; S005
M4-FUNG-0052,114,metabolite.legacy_attribution_annotation,True,provenance_only,S003; S004
M4-FUNG-0052,142,claim.legacy_support_annotation,True,provenance_only,S003
M4-FUNG-0052,143,claim.legacy_support_annotation,True,provenance_only,S004
M4-FUNG-0052,144,claim.legacy_support_annotation,True,provenance_only,S003
M4-FUNG-0052,153,relationship.legacy_support_annotation,True,provenance_only,S004
M4-FUNG-0052,154,relationship.legacy_support_annotation,True,provenance_only,S003
M4-FUNG-0052,155,relationship.legacy_support_annotation,True,provenance_only,S003
M4-FUNG-0053,7,schema_version,True,administrative_excluded,
M4-FUNG-0053,8,dossier_id,True,administrative_excluded,
M4-FUNG-0053,9,sheet_record_status,True,administrative_excluded,
M4-FUNG-0053,10,annotation_status,True,administrative_excluded,
M4-FUNG-0053,11,annotation_date,True,administrative_excluded,
M4-FUNG-0053,12,inference,False,administrative_excluded,
M4-FUNG-0053,13,last_reviewed_date,True,administrative_excluded,
M4-FUNG-0053,20,mibig_record_status,True,provenance_only,S001
M4-FUNG-0053,21,source_native_category_value,True,provenance_only,S001
M4-FUNG-0053,22,mibig_completeness,True,provenance_only,S001
M4-FUNG-0053,25,primary_reference_source_id,True,provenance_only,
M4-FUNG-0053,57,boundary_confidence,True,provenance_only,S001; S003
M4-FUNG-0053,58,pathway_identity_confidence,True,provenance_only,S003; S004; S005
M4-FUNG-0053,89,candidate_bgc_credibility,True,provenance_only,S003; S004
M4-FUNG-0053,90,coordinated_transcription_evidence,True,provenance_only,S006; S010
M4-FUNG-0053,91,biochemical_execution_evidence,True,provenance_only,S003; S004; S005
M4-FUNG-0053,92,product_formation_evidence,True,provenance_only,S003; S007
M4-FUNG-0053,94,bgc_product_attribution,True,provenance_only,S004; S008
M4-FUNG-0053,95,gene_product_attribution,True,provenance_only,S004; S005; S012
M4-FUNG-0053,96,complete_pathway_reconstruction,True,provenance_only,S004; S008
M4-FUNG-0053,98,major_database_problem,True,provenance_only,S001; S004
M4-FUNG-0053,99,best_use_case_for_atlas,True,provenance_only,S004; S005; S006
M4-FUNG-0053,100,overall_note,True,provenance_only,S003; S004; S005; S006
M4-FUNG-0053,104,gene.legacy_support_annotation,True,provenance_only,S006
M4-FUNG-0053,105,gene.legacy_support_annotation,True,provenance_only,S004
M4-FUNG-0053,106,gene.legacy_support_annotation,True,provenance_only,S012
M4-FUNG-0053,107,gene.legacy_support_annotation,True,provenance_only,S003
M4-FUNG-0053,108,gene.legacy_support_annotation,True,provenance_only,S003
M4-FUNG-0053,109,gene.legacy_support_annotation,True,provenance_only,S004; S005
M4-FUNG-0053,110,gene.legacy_support_annotation,True,provenance_only,S004; S005
M4-FUNG-0053,111,gene.legacy_support_annotation,True,provenance_only,S005
M4-FUNG-0053,115,metabolite.legacy_attribution_annotation,True,provenance_only,S003
M4-FUNG-0053,116,metabolite.legacy_attribution_annotation,True,provenance_only,S003; S004
M4-FUNG-0053,117,metabolite.legacy_attribution_annotation,True,provenance_only,S005
M4-FUNG-0053,118,metabolite.legacy_attribution_annotation,True,provenance_only,S007
M4-FUNG-0053,144,claim.legacy_support_annotation,True,provenance_only,S008
M4-FUNG-0053,145,claim.legacy_support_annotation,True,provenance_only,S004; S005
M4-FUNG-0053,146,claim.legacy_support_annotation,True,provenance_only,S006
M4-FUNG-0053,155,relationship.legacy_support_annotation,True,provenance_only,S003
M4-FUNG-0053,156,relationship.legacy_support_annotation,True,provenance_only,S003
M4-FUNG-0053,157,relationship.legacy_support_annotation,True,provenance_only,S004
M4-FUNG-0053,158,relationship.legacy_support_annotation,True,provenance_only,S004; S005
M4-FUNG-0053,159,relationship.legacy_support_annotation,True,provenance_only,S005
M4-FUNG-0053,160,relationship.legacy_support_annotation,True,provenance_only,S008
M4-FUNG-0054,7,schema_version,True,administrative_excluded,
M4-FUNG-0054,8,dossier_id,True,administrative_excluded,
M4-FUNG-0054,9,sheet_record_status,True,administrative_excluded,
M4-FUNG-0054,10,annotation_status,True,administrative_excluded,
M4-FUNG-0054,11,annotation_date,True,administrative_excluded,
M4-FUNG-0054,12,inference,False,administrative_excluded,
M4-FUNG-0054,13,last_reviewed_date,True,administrative_excluded,
M4-FUNG-0054,20,mibig_record_status,True,provenance_only,S001
M4-FUNG-0054,21,source_native_category_value,True,provenance_only,S001
M4-FUNG-0054,22,mibig_completeness,True,provenance_only,S001
M4-FUNG-0054,25,primary_reference_source_id,True,provenance_only,
M4-FUNG-0054,57,boundary_confidence,True,provenance_only,S003
M4-FUNG-0054,58,pathway_identity_confidence,True,provenance_only,S003; S006
M4-FUNG-0054,89,candidate_bgc_credibility,True,provenance_only,S003; S006
M4-FUNG-0054,90,coordinated_transcription_evidence,True,provenance_only,S003; S009
M4-FUNG-0054,91,biochemical_execution_evidence,True,provenance_only,S003; S006
M4-FUNG-0054,92,product_formation_evidence,True,provenance_only,S003
M4-FUNG-0054,94,bgc_product_attribution,True,provenance_only,S007
M4-FUNG-0054,95,gene_product_attribution,True,provenance_only,S003; S006
M4-FUNG-0054,96,complete_pathway_reconstruction,True,provenance_only,S003; S007
M4-FUNG-0054,98,major_database_problem,True,provenance_only,S001; S003
M4-FUNG-0054,99,best_use_case_for_atlas,True,provenance_only,S003; S007
M4-FUNG-0054,100,overall_note,True,provenance_only,S003; S006
M4-FUNG-0054,104,gene.legacy_support_annotation,True,provenance_only,S006; S008
M4-FUNG-0054,105,gene.legacy_support_annotation,True,provenance_only,S003
M4-FUNG-0054,113,metabolite.legacy_attribution_annotation,True,provenance_only,S006
M4-FUNG-0054,114,metabolite.legacy_attribution_annotation,True,provenance_only,S006
M4-FUNG-0054,115,metabolite.legacy_attribution_annotation,True,provenance_only,S003
M4-FUNG-0054,116,metabolite.legacy_attribution_annotation,True,provenance_only,S003; S005
M4-FUNG-0054,142,claim.legacy_support_annotation,True,provenance_only,S006
M4-FUNG-0054,143,claim.legacy_support_annotation,True,provenance_only,S003; S010
M4-FUNG-0054,144,claim.legacy_support_annotation,True,provenance_only,S007
M4-FUNG-0054,153,relationship.legacy_support_annotation,True,provenance_only,S007
M4-FUNG-0054,154,relationship.legacy_support_annotation,True,provenance_only,S006
M4-FUNG-0054,155,relationship.legacy_support_annotation,True,provenance_only,S003
M4-FUNG-0054,156,relationship.legacy_support_annotation,True,provenance_only,S008
M4-FUNG-0055,7,schema_version,True,administrative_excluded,
M4-FUNG-0055,8,dossier_id,True,administrative_excluded,
M4-FUNG-0055,9,sheet_record_status,True,administrative_excluded,
M4-FUNG-0055,10,annotation_status,True,administrative_excluded,
M4-FUNG-0055,11,annotation_date,True,administrative_excluded,
M4-FUNG-0055,12,inference,False,administrative_excluded,
M4-FUNG-0055,13,last_reviewed_date,True,administrative_excluded,
M4-FUNG-0055,20,mibig_record_status,True,provenance_only,S001
M4-FUNG-0055,21,source_native_category_value,True,provenance_only,S001
M4-FUNG-0055,22,mibig_completeness,True,provenance_only,S001
M4-FUNG-0055,25,primary_reference_source_id,True,provenance_only,
M4-FUNG-0055,57,boundary_confidence,True,provenance_only,S001; S004
M4-FUNG-0055,58,pathway_identity_confidence,True,provenance_only,S004; S006
M4-FUNG-0055,89,candidate_bgc_credibility,True,provenance_only,S001; S004
M4-FUNG-0055,90,coordinated_transcription_evidence,True,provenance_only,S004
M4-FUNG-0055,91,biochemical_execution_evidence,True,provenance_only,S004; S006
M4-FUNG-0055,92,product_formation_evidence,True,provenance_only,S004
M4-FUNG-0055,94,bgc_product_attribution,True,provenance_only,S004
M4-FUNG-0055,95,gene_product_attribution,True,provenance_only,S004; S006
M4-FUNG-0055,96,complete_pathway_reconstruction,True,provenance_only,S006
M4-FUNG-0055,98,major_database_problem,True,provenance_only,S001; S004
M4-FUNG-0055,99,best_use_case_for_atlas,True,provenance_only,
M4-FUNG-0055,100,overall_note,True,provenance_only,S004; S006
M4-FUNG-0055,104,gene.legacy_support_annotation,True,provenance_only,S001; S004
M4-FUNG-0055,105,gene.legacy_support_annotation,True,provenance_only,S001; S004
M4-FUNG-0055,106,gene.legacy_support_annotation,True,provenance_only,S001; S004
M4-FUNG-0055,107,gene.legacy_support_annotation,True,provenance_only,S001; S004
M4-FUNG-0055,108,gene.legacy_support_annotation,True,provenance_only,S001; S004
M4-FUNG-0055,109,gene.legacy_support_annotation,True,provenance_only,S001; S004
M4-FUNG-0055,110,gene.legacy_support_annotation,True,provenance_only,S001; S004
M4-FUNG-0055,111,gene.legacy_support_annotation,True,provenance_only,S001; S004
M4-FUNG-0055,112,gene.legacy_support_annotation,True,provenance_only,S001; S004
M4-FUNG-0055,113,gene.legacy_support_annotation,True,provenance_only,S001; S004
M4-FUNG-0055,114,gene.legacy_support_annotation,True,provenance_only,S001; S004
M4-FUNG-0055,115,gene.legacy_support_annotation,True,provenance_only,S001; S004
M4-FUNG-0055,116,gene.legacy_support_annotation,True,provenance_only,S001; S004
M4-FUNG-0055,117,gene.legacy_support_annotation,True,provenance_only,S001; S004
M4-FUNG-0055,118,gene.legacy_support_annotation,True,provenance_only,S001; S004
M4-FUNG-0055,122,metabolite.legacy_attribution_annotation,True,provenance_only,S001; S004; S005
M4-FUNG-0055,136,claim.legacy_support_annotation,True,provenance_only,S004
M4-FUNG-0055,137,claim.legacy_support_annotation,True,provenance_only,S004; S006
M4-FUNG-0055,141,relationship.legacy_support_annotation,True,provenance_only,S001; S004
M4-FUNG-0055,142,relationship.legacy_support_annotation,True,provenance_only,S004; S006
M4-FUNG-0056,7,schema_version,True,administrative_excluded,
M4-FUNG-0056,8,dossier_id,True,administrative_excluded,
M4-FUNG-0056,9,sheet_record_status,True,administrative_excluded,
M4-FUNG-0056,10,annotation_status,True,administrative_excluded,
M4-FUNG-0056,11,annotation_date,True,administrative_excluded,
M4-FUNG-0056,12,inference,False,administrative_excluded,
M4-FUNG-0056,13,last_reviewed_date,True,administrative_excluded,
M4-FUNG-0056,20,mibig_record_status,True,provenance_only,S001
M4-FUNG-0056,21,source_native_category_value,True,provenance_only,S001
M4-FUNG-0056,22,mibig_completeness,True,provenance_only,S001
M4-FUNG-0056,25,primary_reference_source_id,True,provenance_only,
M4-FUNG-0056,57,boundary_confidence,True,provenance_only,S004; S005
M4-FUNG-0056,58,pathway_identity_confidence,True,provenance_only,S004; S005
M4-FUNG-0056,89,candidate_bgc_credibility,True,provenance_only,S001; S004; S005
M4-FUNG-0056,90,coordinated_transcription_evidence,True,provenance_only,S004
M4-FUNG-0056,91,biochemical_execution_evidence,True,provenance_only,S005
M4-FUNG-0056,92,product_formation_evidence,True,provenance_only,S005
M4-FUNG-0056,94,bgc_product_attribution,True,provenance_only,S004; S005
M4-FUNG-0056,95,gene_product_attribution,True,provenance_only,S005
M4-FUNG-0056,96,complete_pathway_reconstruction,True,provenance_only,S005
M4-FUNG-0056,98,major_database_problem,True,provenance_only,S001; S005
M4-FUNG-0056,99,best_use_case_for_atlas,True,provenance_only,
M4-FUNG-0056,100,overall_note,True,provenance_only,S005
M4-FUNG-0056,104,gene.legacy_support_annotation,True,provenance_only,S001
M4-FUNG-0056,105,gene.legacy_support_annotation,True,provenance_only,S001
M4-FUNG-0056,106,gene.legacy_support_annotation,True,provenance_only,S001
M4-FUNG-0056,107,gene.legacy_support_annotation,True,provenance_only,S001
M4-FUNG-0056,108,gene.legacy_support_annotation,True,provenance_only,S001
M4-FUNG-0056,109,gene.legacy_support_annotation,True,provenance_only,S001
M4-FUNG-0056,110,gene.legacy_support_annotation,True,provenance_only,S001
M4-FUNG-0056,111,gene.legacy_support_annotation,True,provenance_only,S001
M4-FUNG-0056,112,gene.legacy_support_annotation,True,provenance_only,S001; S005
M4-FUNG-0056,113,gene.legacy_support_annotation,True,provenance_only,S001; S005
M4-FUNG-0056,114,gene.legacy_support_annotation,True,provenance_only,S001; S005
M4-FUNG-0056,115,gene.legacy_support_annotation,True,provenance_only,S001; S005
M4-FUNG-0056,116,gene.legacy_support_annotation,True,provenance_only,S001; S005
M4-FUNG-0056,117,gene.legacy_support_annotation,True,provenance_only,S001; S005
M4-FUNG-0056,118,gene.legacy_support_annotation,True,provenance_only,S001; S005
M4-FUNG-0056,119,gene.legacy_support_annotation,True,provenance_only,S001; S005
M4-FUNG-0056,120,gene.legacy_support_annotation,True,provenance_only,S001; S005
M4-FUNG-0056,121,gene.legacy_support_annotation,True,provenance_only,S001; S005
M4-FUNG-0056,122,gene.legacy_support_annotation,True,provenance_only,S001; S005
M4-FUNG-0056,123,gene.legacy_support_annotation,True,provenance_only,S001; S005
M4-FUNG-0056,127,metabolite.legacy_attribution_annotation,True,provenance_only,S001; S005
M4-FUNG-0056,128,metabolite.legacy_attribution_annotation,True,provenance_only,S005
M4-FUNG-0056,129,metabolite.legacy_attribution_annotation,True,provenance_only,S005
M4-FUNG-0056,149,claim.legacy_support_annotation,True,provenance_only,S001; S005
M4-FUNG-0056,150,claim.legacy_support_annotation,True,provenance_only,S005
M4-FUNG-0056,151,claim.legacy_support_annotation,True,provenance_only,S005
M4-FUNG-0056,155,relationship.legacy_support_annotation,True,provenance_only,S005
M4-FUNG-0056,156,relationship.legacy_support_annotation,True,provenance_only,S005
M4-FUNG-0056,157,relationship.legacy_support_annotation,True,provenance_only,S005
M4-FUNG-0056,158,relationship.legacy_support_annotation,True,provenance_only,S005
M4-FUNG-0057,7,schema_version,True,administrative_excluded,
M4-FUNG-0057,8,dossier_id,True,administrative_excluded,
M4-FUNG-0057,9,sheet_record_status,True,administrative_excluded,
M4-FUNG-0057,10,annotation_status,True,administrative_excluded,
M4-FUNG-0057,11,annotation_date,True,administrative_excluded,
M4-FUNG-0057,12,inference,False,administrative_excluded,
M4-FUNG-0057,13,last_reviewed_date,True,administrative_excluded,
M4-FUNG-0057,20,mibig_record_status,True,provenance_only,S001
M4-FUNG-0057,21,source_native_category_value,True,provenance_only,S001
M4-FUNG-0057,22,mibig_completeness,True,provenance_only,S001
M4-FUNG-0057,25,primary_reference_source_id,True,provenance_only,
M4-FUNG-0057,57,boundary_confidence,True,provenance_only,S001; S004
M4-FUNG-0057,58,pathway_identity_confidence,True,provenance_only,S004
M4-FUNG-0057,89,candidate_bgc_credibility,True,provenance_only,S004
M4-FUNG-0057,90,coordinated_transcription_evidence,True,provenance_only,S004
M4-FUNG-0057,91,biochemical_execution_evidence,True,provenance_only,S004
M4-FUNG-0057,92,product_formation_evidence,True,provenance_only,S004
M4-FUNG-0057,94,bgc_product_attribution,True,provenance_only,S004
M4-FUNG-0057,95,gene_product_attribution,True,provenance_only,S004
M4-FUNG-0057,96,complete_pathway_reconstruction,True,provenance_only,S004
M4-FUNG-0057,98,major_database_problem,True,provenance_only,S001; S004
M4-FUNG-0057,99,best_use_case_for_atlas,True,provenance_only,
M4-FUNG-0057,100,overall_note,True,provenance_only,S004; S005; S006
M4-FUNG-0057,104,gene.legacy_support_annotation,True,provenance_only,S001; S004
M4-FUNG-0057,105,gene.legacy_support_annotation,True,provenance_only,S001; S004
M4-FUNG-0057,106,gene.legacy_support_annotation,True,provenance_only,S001; S004
M4-FUNG-0057,107,gene.legacy_support_annotation,True,provenance_only,S001; S004
M4-FUNG-0057,108,gene.legacy_support_annotation,True,provenance_only,S001; S004
M4-FUNG-0057,109,gene.legacy_support_annotation,True,provenance_only,S001; S004
M4-FUNG-0057,110,gene.legacy_support_annotation,True,provenance_only,S001; S004
M4-FUNG-0057,111,gene.legacy_support_annotation,True,provenance_only,S001; S004
M4-FUNG-0057,112,gene.legacy_support_annotation,True,provenance_only,S001; S004
M4-FUNG-0057,113,gene.legacy_support_annotation,True,provenance_only,S001; S004
M4-FUNG-0057,114,gene.legacy_support_annotation,True,provenance_only,S001; S004
M4-FUNG-0057,115,gene.legacy_support_annotation,True,provenance_only,S001; S004
M4-FUNG-0057,116,gene.legacy_support_annotation,True,provenance_only,S001; S004
M4-FUNG-0057,117,gene.legacy_support_annotation,True,provenance_only,S001; S004
M4-FUNG-0057,118,gene.legacy_support_annotation,True,provenance_only,S001; S004
M4-FUNG-0057,119,gene.legacy_support_annotation,True,provenance_only,S001; S004
M4-FUNG-0057,120,gene.legacy_support_annotation,True,provenance_only,S001; S004
M4-FUNG-0057,121,gene.legacy_support_annotation,True,provenance_only,S001; S004
M4-FUNG-0057,122,gene.legacy_support_annotation,True,provenance_only,S001; S004
M4-FUNG-0057,123,gene.legacy_support_annotation,True,provenance_only,S001; S004
M4-FUNG-0057,124,gene.legacy_support_annotation,True,provenance_only,S001; S004
M4-FUNG-0057,128,metabolite.legacy_attribution_annotation,True,provenance_only,S001; S004
M4-FUNG-0057,129,metabolite.legacy_attribution_annotation,True,provenance_only,S004
M4-FUNG-0057,130,metabolite.legacy_attribution_annotation,True,provenance_only,S004
M4-FUNG-0057,152,claim.legacy_support_annotation,True,provenance_only,S004
M4-FUNG-0057,153,claim.legacy_support_annotation,True,provenance_only,S004
M4-FUNG-0057,154,claim.legacy_support_annotation,True,provenance_only,S004
M4-FUNG-0057,158,relationship.legacy_support_annotation,True,provenance_only,S004
M4-FUNG-0057,159,relationship.legacy_support_annotation,True,provenance_only,S004
M4-FUNG-0057,160,relationship.legacy_support_annotation,True,provenance_only,S004
M4-FUNG-0057,161,relationship.legacy_support_annotation,True,provenance_only,S004
M4-FUNG-0058,7,schema_version,True,administrative_excluded,
M4-FUNG-0058,8,dossier_id,True,administrative_excluded,
M4-FUNG-0058,9,sheet_record_status,True,administrative_excluded,
M4-FUNG-0058,10,annotation_status,True,administrative_excluded,
M4-FUNG-0058,11,annotation_date,True,administrative_excluded,
M4-FUNG-0058,12,inference,False,administrative_excluded,
M4-FUNG-0058,13,last_reviewed_date,True,administrative_excluded,
M4-FUNG-0058,20,mibig_record_status,True,provenance_only,S001
M4-FUNG-0058,21,source_native_category_value,True,provenance_only,S001
M4-FUNG-0058,22,mibig_completeness,True,provenance_only,S001
M4-FUNG-0058,25,primary_reference_source_id,True,provenance_only,
M4-FUNG-0058,57,boundary_confidence,True,provenance_only,S004
M4-FUNG-0058,58,pathway_identity_confidence,True,provenance_only,S004
M4-FUNG-0058,89,candidate_bgc_credibility,True,provenance_only,S004
M4-FUNG-0058,90,coordinated_transcription_evidence,True,provenance_only,S004; S005
M4-FUNG-0058,91,biochemical_execution_evidence,True,provenance_only,S004
M4-FUNG-0058,92,product_formation_evidence,True,provenance_only,S004
M4-FUNG-0058,94,bgc_product_attribution,True,provenance_only,S004
M4-FUNG-0058,95,gene_product_attribution,True,provenance_only,S004
M4-FUNG-0058,96,complete_pathway_reconstruction,True,provenance_only,S004; S006
M4-FUNG-0058,98,major_database_problem,True,provenance_only,S001; S004; S006; S007
M4-FUNG-0058,99,best_use_case_for_atlas,True,provenance_only,S004; S005; S006
M4-FUNG-0058,100,overall_note,True,provenance_only,S004; S005; S006; S007
M4-FUNG-0058,104,gene.legacy_support_annotation,True,provenance_only,S004; S005
M4-FUNG-0058,105,gene.legacy_support_annotation,True,provenance_only,S004
M4-FUNG-0058,106,gene.legacy_support_annotation,True,provenance_only,S004
M4-FUNG-0058,107,gene.legacy_support_annotation,True,provenance_only,S004
M4-FUNG-0058,108,gene.legacy_support_annotation,True,provenance_only,S004
M4-FUNG-0058,109,gene.legacy_support_annotation,True,provenance_only,S004
M4-FUNG-0058,110,gene.legacy_support_annotation,True,provenance_only,S004
M4-FUNG-0058,111,gene.legacy_support_annotation,True,provenance_only,S004
M4-FUNG-0058,112,gene.legacy_support_annotation,True,provenance_only,S004
M4-FUNG-0058,113,gene.legacy_support_annotation,True,provenance_only,S004
M4-FUNG-0058,114,gene.legacy_support_annotation,True,provenance_only,S004
M4-FUNG-0058,115,gene.legacy_support_annotation,True,provenance_only,S004
M4-FUNG-0058,119,metabolite.legacy_attribution_annotation,True,provenance_only,S004
M4-FUNG-0058,120,metabolite.legacy_attribution_annotation,True,provenance_only,S004
M4-FUNG-0058,121,metabolite.legacy_attribution_annotation,True,provenance_only,S004
M4-FUNG-0058,138,claim.legacy_support_annotation,True,provenance_only,S004; S006
M4-FUNG-0058,139,claim.legacy_support_annotation,True,provenance_only,S004
M4-FUNG-0058,140,claim.legacy_support_annotation,True,provenance_only,S005
M4-FUNG-0058,144,relationship.legacy_support_annotation,True,provenance_only,S004; S006
M4-FUNG-0058,145,relationship.legacy_support_annotation,True,provenance_only,S004
M4-FUNG-0058,146,relationship.legacy_support_annotation,True,provenance_only,S004
M4-FUNG-0059,7,schema_version,True,administrative_excluded,
M4-FUNG-0059,8,dossier_id,True,administrative_excluded,
M4-FUNG-0059,9,sheet_record_status,True,administrative_excluded,
M4-FUNG-0059,10,annotation_status,True,administrative_excluded,
M4-FUNG-0059,11,annotation_date,True,administrative_excluded,
M4-FUNG-0059,12,inference,False,administrative_excluded,
M4-FUNG-0059,13,last_reviewed_date,True,administrative_excluded,
M4-FUNG-0059,20,mibig_record_status,True,provenance_only,S001
M4-FUNG-0059,21,source_native_category_value,True,provenance_only,S001
M4-FUNG-0059,22,mibig_completeness,True,provenance_only,S001
M4-FUNG-0059,25,primary_reference_source_id,True,provenance_only,
M4-FUNG-0059,57,boundary_confidence,True,provenance_only,S001; S004
M4-FUNG-0059,58,pathway_identity_confidence,True,provenance_only,S004
M4-FUNG-0059,89,candidate_bgc_credibility,True,provenance_only,S004
M4-FUNG-0059,90,coordinated_transcription_evidence,True,provenance_only,
M4-FUNG-0059,91,biochemical_execution_evidence,True,provenance_only,S004
M4-FUNG-0059,92,product_formation_evidence,True,provenance_only,S004
M4-FUNG-0059,94,bgc_product_attribution,True,provenance_only,S004
M4-FUNG-0059,95,gene_product_attribution,True,provenance_only,S004
M4-FUNG-0059,96,complete_pathway_reconstruction,True,provenance_only,S004
M4-FUNG-0059,98,major_database_problem,True,provenance_only,S001; S004
M4-FUNG-0059,99,best_use_case_for_atlas,True,provenance_only,
M4-FUNG-0059,100,overall_note,True,provenance_only,S001; S004; S006
M4-FUNG-0059,104,gene.legacy_support_annotation,True,provenance_only,S001; S004
M4-FUNG-0059,108,metabolite.legacy_attribution_annotation,True,provenance_only,S001; S004
M4-FUNG-0059,109,metabolite.legacy_attribution_annotation,True,provenance_only,S001; S004
M4-FUNG-0059,110,metabolite.legacy_attribution_annotation,True,provenance_only,S001; S004
M4-FUNG-0059,126,claim.legacy_support_annotation,True,provenance_only,S004
M4-FUNG-0059,127,claim.legacy_support_annotation,True,provenance_only,S001; S004
M4-FUNG-0059,128,claim.legacy_support_annotation,True,provenance_only,S006
M4-FUNG-0059,131,relationship.legacy_support_annotation,True,provenance_only,S001; S004
M4-FUNG-0060,7,schema_version,True,administrative_excluded,
M4-FUNG-0060,8,dossier_id,True,administrative_excluded,
M4-FUNG-0060,9,sheet_record_status,True,administrative_excluded,
M4-FUNG-0060,10,annotation_status,True,administrative_excluded,
M4-FUNG-0060,11,annotation_date,True,administrative_excluded,
M4-FUNG-0060,12,inference,False,administrative_excluded,
M4-FUNG-0060,13,last_reviewed_date,True,administrative_excluded,
M4-FUNG-0060,20,mibig_record_status,True,provenance_only,S001
M4-FUNG-0060,21,source_native_category_value,True,provenance_only,S001
M4-FUNG-0060,22,mibig_completeness,True,provenance_only,S001
M4-FUNG-0060,25,primary_reference_source_id,True,provenance_only,
M4-FUNG-0060,57,boundary_confidence,True,provenance_only,S001; S004
M4-FUNG-0060,58,pathway_identity_confidence,True,provenance_only,S004
M4-FUNG-0060,89,candidate_bgc_credibility,True,provenance_only,S004
M4-FUNG-0060,90,coordinated_transcription_evidence,True,provenance_only,S004
M4-FUNG-0060,91,biochemical_execution_evidence,True,provenance_only,S004
M4-FUNG-0060,92,product_formation_evidence,True,provenance_only,S004
M4-FUNG-0060,94,bgc_product_attribution,True,provenance_only,S004
M4-FUNG-0060,95,gene_product_attribution,True,provenance_only,S004
M4-FUNG-0060,96,complete_pathway_reconstruction,True,provenance_only,S004
M4-FUNG-0060,98,major_database_problem,True,provenance_only,S001; S004
M4-FUNG-0060,99,best_use_case_for_atlas,True,provenance_only,
M4-FUNG-0060,100,overall_note,True,provenance_only,S004; S005
M4-FUNG-0060,104,gene.legacy_support_annotation,True,provenance_only,S001; S004
M4-FUNG-0060,105,gene.legacy_support_annotation,True,provenance_only,S001; S004
M4-FUNG-0060,106,gene.legacy_support_annotation,True,provenance_only,S001; S004; S005
M4-FUNG-0060,107,gene.legacy_support_annotation,True,provenance_only,S001; S004
M4-FUNG-0060,108,gene.legacy_support_annotation,True,provenance_only,S001; S004
M4-FUNG-0060,109,gene.legacy_support_annotation,True,provenance_only,S001; S004
M4-FUNG-0060,113,metabolite.legacy_attribution_annotation,True,provenance_only,S001; S004
M4-FUNG-0060,114,metabolite.legacy_attribution_annotation,True,provenance_only,S004
M4-FUNG-0060,115,metabolite.legacy_attribution_annotation,True,provenance_only,S004
M4-FUNG-0060,116,metabolite.legacy_attribution_annotation,True,provenance_only,S004
M4-FUNG-0060,131,claim.legacy_support_annotation,True,provenance_only,S004
M4-FUNG-0060,132,claim.legacy_support_annotation,True,provenance_only,S004
M4-FUNG-0060,133,claim.legacy_support_annotation,True,provenance_only,S004
M4-FUNG-0060,134,claim.legacy_support_annotation,True,provenance_only,S005
M4-FUNG-0060,137,relationship.legacy_support_annotation,True,provenance_only,S004
M4-FUNG-0060,138,relationship.legacy_support_annotation,True,provenance_only,S004
M4-FUNG-0060,139,relationship.legacy_support_annotation,True,provenance_only,S004
M4-FUNG-0061,7,schema_version,True,administrative_excluded,
M4-FUNG-0061,8,dossier_id,True,administrative_excluded,
M4-FUNG-0061,9,sheet_record_status,True,administrative_excluded,
M4-FUNG-0061,10,annotation_status,True,administrative_excluded,
M4-FUNG-0061,11,annotation_date,True,administrative_excluded,
M4-FUNG-0061,12,inference,False,administrative_excluded,
M4-FUNG-0061,13,last_reviewed_date,True,administrative_excluded,
M4-FUNG-0061,20,mibig_record_status,True,provenance_only,S001
M4-FUNG-0061,21,source_native_category_value,True,provenance_only,S001
M4-FUNG-0061,22,mibig_completeness,True,provenance_only,S001
M4-FUNG-0061,25,primary_reference_source_id,True,provenance_only,
M4-FUNG-0061,57,boundary_confidence,True,provenance_only,S001; S006
M4-FUNG-0061,58,pathway_identity_confidence,True,provenance_only,S004; S005; S006
M4-FUNG-0061,89,candidate_bgc_credibility,True,provenance_only,S001; S004; S005
M4-FUNG-0061,90,coordinated_transcription_evidence,True,provenance_only,S006; S007
M4-FUNG-0061,91,biochemical_execution_evidence,True,provenance_only,S004; S005
M4-FUNG-0061,92,product_formation_evidence,True,provenance_only,S005; S006
M4-FUNG-0061,94,bgc_product_attribution,True,provenance_only,S004; S005; S006
M4-FUNG-0061,95,gene_product_attribution,True,provenance_only,S006
M4-FUNG-0061,96,complete_pathway_reconstruction,True,provenance_only,S005
M4-FUNG-0061,98,major_database_problem,True,provenance_only,S001; S006
M4-FUNG-0061,99,best_use_case_for_atlas,True,provenance_only,
M4-FUNG-0061,100,overall_note,True,provenance_only,S006
M4-FUNG-0061,104,gene.legacy_support_annotation,True,provenance_only,S001; S004; S005; S006
M4-FUNG-0061,105,gene.legacy_support_annotation,True,provenance_only,S001; S004; S005; S006
M4-FUNG-0061,106,gene.legacy_support_annotation,True,provenance_only,S001; S004; S005; S006
M4-FUNG-0061,107,gene.legacy_support_annotation,True,provenance_only,S001; S004; S005; S006
M4-FUNG-0061,108,gene.legacy_support_annotation,True,provenance_only,S001; S004; S005; S006
M4-FUNG-0061,112,metabolite.legacy_attribution_annotation,True,provenance_only,S005
M4-FUNG-0061,113,metabolite.legacy_attribution_annotation,True,provenance_only,S001; S005; S006
M4-FUNG-0061,114,metabolite.legacy_attribution_annotation,True,provenance_only,S001; S006; S007
M4-FUNG-0061,115,metabolite.legacy_attribution_annotation,True,provenance_only,S001; S005
M4-FUNG-0061,133,claim.legacy_support_annotation,True,provenance_only,S006
M4-FUNG-0061,134,claim.legacy_support_annotation,True,provenance_only,S004; S005
M4-FUNG-0061,135,claim.legacy_support_annotation,True,provenance_only,S006
M4-FUNG-0061,139,relationship.legacy_support_annotation,True,provenance_only,S006
M4-FUNG-0061,140,relationship.legacy_support_annotation,True,provenance_only,S006
M4-FUNG-0061,141,relationship.legacy_support_annotation,True,provenance_only,S005
M4-FUNG-0062,7,schema_version,True,administrative_excluded,
M4-FUNG-0062,8,dossier_id,True,administrative_excluded,
M4-FUNG-0062,9,sheet_record_status,True,administrative_excluded,
M4-FUNG-0062,10,annotation_status,True,administrative_excluded,
M4-FUNG-0062,11,annotation_date,True,administrative_excluded,
M4-FUNG-0062,12,inference,False,administrative_excluded,
M4-FUNG-0062,13,last_reviewed_date,True,administrative_excluded,
M4-FUNG-0062,20,mibig_record_status,True,provenance_only,S001
M4-FUNG-0062,21,source_native_category_value,True,provenance_only,S001
M4-FUNG-0062,22,mibig_completeness,True,provenance_only,S001
M4-FUNG-0062,25,primary_reference_source_id,True,provenance_only,
M4-FUNG-0062,57,boundary_confidence,True,provenance_only,S004
M4-FUNG-0062,58,pathway_identity_confidence,True,provenance_only,S004
M4-FUNG-0062,89,candidate_bgc_credibility,True,provenance_only,S004
M4-FUNG-0062,90,coordinated_transcription_evidence,True,provenance_only,
M4-FUNG-0062,91,biochemical_execution_evidence,True,provenance_only,S004
M4-FUNG-0062,92,product_formation_evidence,True,provenance_only,S004
M4-FUNG-0062,94,bgc_product_attribution,True,provenance_only,S004
M4-FUNG-0062,95,gene_product_attribution,True,provenance_only,S004
M4-FUNG-0062,96,complete_pathway_reconstruction,True,provenance_only,S004
M4-FUNG-0062,98,major_database_problem,True,provenance_only,S001; S004
M4-FUNG-0062,99,best_use_case_for_atlas,True,provenance_only,
M4-FUNG-0062,100,overall_note,True,provenance_only,S004
M4-FUNG-0062,104,gene.legacy_support_annotation,True,provenance_only,S001; S004
M4-FUNG-0062,108,metabolite.legacy_attribution_annotation,True,provenance_only,S001; S004
M4-FUNG-0062,109,metabolite.legacy_attribution_annotation,True,provenance_only,S001; S004
M4-FUNG-0062,110,metabolite.legacy_attribution_annotation,True,provenance_only,S001; S004
M4-FUNG-0062,111,metabolite.legacy_attribution_annotation,True,provenance_only,S001; S004
M4-FUNG-0062,112,metabolite.legacy_attribution_annotation,True,provenance_only,S001; S004
M4-FUNG-0062,113,metabolite.legacy_attribution_annotation,True,provenance_only,S001; S004
M4-FUNG-0062,114,metabolite.legacy_attribution_annotation,True,provenance_only,S001; S004
M4-FUNG-0062,115,metabolite.legacy_attribution_annotation,True,provenance_only,S001; S004
M4-FUNG-0062,116,metabolite.legacy_attribution_annotation,True,provenance_only,S001; S004
M4-FUNG-0062,117,metabolite.legacy_attribution_annotation,True,provenance_only,S001; S004
M4-FUNG-0062,134,claim.legacy_support_annotation,True,provenance_only,S004
M4-FUNG-0062,135,claim.legacy_support_annotation,True,provenance_only,S004
M4-FUNG-0062,139,relationship.legacy_support_annotation,True,provenance_only,S004
M4-FUNG-0062,140,relationship.legacy_support_annotation,True,provenance_only,S004
M4-FUNG-0063,7,schema_version,True,administrative_excluded,
M4-FUNG-0063,8,dossier_id,True,administrative_excluded,
M4-FUNG-0063,9,sheet_record_status,True,administrative_excluded,
M4-FUNG-0063,10,annotation_status,True,administrative_excluded,
M4-FUNG-0063,11,annotation_date,True,administrative_excluded,
M4-FUNG-0063,12,inference,False,administrative_excluded,
M4-FUNG-0063,13,last_reviewed_date,True,administrative_excluded,
M4-FUNG-0063,20,mibig_record_status,True,provenance_only,S001
M4-FUNG-0063,21,source_native_category_value,True,provenance_only,S001
M4-FUNG-0063,22,mibig_completeness,True,provenance_only,S001
M4-FUNG-0063,25,primary_reference_source_id,True,provenance_only,
M4-FUNG-0063,57,boundary_confidence,True,provenance_only,S001; S004
M4-FUNG-0063,58,pathway_identity_confidence,True,provenance_only,S004; S005; S007
M4-FUNG-0063,89,candidate_bgc_credibility,True,provenance_only,S004; S005
M4-FUNG-0063,90,coordinated_transcription_evidence,True,provenance_only,S004; S006
M4-FUNG-0063,91,biochemical_execution_evidence,True,provenance_only,S005; S007
M4-FUNG-0063,92,product_formation_evidence,True,provenance_only,S005
M4-FUNG-0063,94,bgc_product_attribution,True,provenance_only,S005
M4-FUNG-0063,95,gene_product_attribution,True,provenance_only,S005; S006; S007
M4-FUNG-0063,96,complete_pathway_reconstruction,True,provenance_only,S007
M4-FUNG-0063,98,major_database_problem,True,provenance_only,S001
M4-FUNG-0063,99,best_use_case_for_atlas,True,provenance_only,
M4-FUNG-0063,100,overall_note,True,provenance_only,S005
M4-FUNG-0063,104,gene.legacy_support_annotation,True,provenance_only,S006
M4-FUNG-0063,105,gene.legacy_support_annotation,True,provenance_only,S005
M4-FUNG-0063,106,gene.legacy_support_annotation,True,provenance_only,S007
M4-FUNG-0063,107,gene.legacy_support_annotation,True,provenance_only,S007
M4-FUNG-0063,108,gene.legacy_support_annotation,True,provenance_only,S007
M4-FUNG-0063,109,gene.legacy_support_annotation,True,provenance_only,S007
M4-FUNG-0063,110,gene.legacy_support_annotation,True,provenance_only,S007
M4-FUNG-0063,111,gene.legacy_support_annotation,True,provenance_only,S007
M4-FUNG-0063,112,gene.legacy_support_annotation,True,provenance_only,S007
M4-FUNG-0063,113,gene.legacy_support_annotation,True,provenance_only,S007
M4-FUNG-0063,114,gene.legacy_support_annotation,True,provenance_only,S008
M4-FUNG-0063,115,gene.legacy_support_annotation,True,provenance_only,S007
M4-FUNG-0063,119,metabolite.legacy_attribution_annotation,True,provenance_only,S001; S005
M4-FUNG-0063,120,metabolite.legacy_attribution_annotation,True,provenance_only,S001; S008
M4-FUNG-0063,121,metabolite.legacy_attribution_annotation,True,provenance_only,S007; S008
M4-FUNG-0063,139,claim.legacy_support_annotation,True,provenance_only,S005
M4-FUNG-0063,140,claim.legacy_support_annotation,True,provenance_only,S006
M4-FUNG-0063,141,claim.legacy_support_annotation,True,provenance_only,S007
M4-FUNG-0063,142,claim.legacy_support_annotation,True,provenance_only,S005
M4-FUNG-0063,146,relationship.legacy_support_annotation,True,provenance_only,S006
M4-FUNG-0063,147,relationship.legacy_support_annotation,True,provenance_only,S005
M4-FUNG-0063,148,relationship.legacy_support_annotation,True,provenance_only,S007
M4-FUNG-0063,149,relationship.legacy_support_annotation,True,provenance_only,S008
M4-FUNG-0064,7,schema_version,True,administrative_excluded,
M4-FUNG-0064,8,dossier_id,True,administrative_excluded,
M4-FUNG-0064,9,sheet_record_status,True,administrative_excluded,
M4-FUNG-0064,10,annotation_status,True,administrative_excluded,
M4-FUNG-0064,11,annotation_date,True,administrative_excluded,
M4-FUNG-0064,12,inference,False,administrative_excluded,
M4-FUNG-0064,13,last_reviewed_date,True,administrative_excluded,
M4-FUNG-0064,20,mibig_record_status,True,provenance_only,S001
M4-FUNG-0064,21,source_native_category_value,True,provenance_only,S001
M4-FUNG-0064,22,mibig_completeness,True,provenance_only,S001
M4-FUNG-0064,25,primary_reference_source_id,True,provenance_only,
M4-FUNG-0064,57,boundary_confidence,True,provenance_only,S001; S004
M4-FUNG-0064,58,pathway_identity_confidence,True,provenance_only,S004; S005; S006; S007; S008
M4-FUNG-0064,89,candidate_bgc_credibility,True,provenance_only,S001; S004
M4-FUNG-0064,90,coordinated_transcription_evidence,True,provenance_only,S004; S007
M4-FUNG-0064,91,biochemical_execution_evidence,True,provenance_only,S005; S006; S008
M4-FUNG-0064,92,product_formation_evidence,True,provenance_only,S005; S006; S007
M4-FUNG-0064,94,bgc_product_attribution,True,provenance_only,S004; S005
M4-FUNG-0064,95,gene_product_attribution,True,provenance_only,S005; S006; S007; S008
M4-FUNG-0064,96,complete_pathway_reconstruction,True,provenance_only,S004
M4-FUNG-0064,98,major_database_problem,True,provenance_only,S001; S004
M4-FUNG-0064,99,best_use_case_for_atlas,True,provenance_only,
M4-FUNG-0064,100,overall_note,True,provenance_only,S004
M4-FUNG-0064,104,gene.legacy_support_annotation,True,provenance_only,S005
M4-FUNG-0064,105,gene.legacy_support_annotation,True,provenance_only,S012
M4-FUNG-0064,106,gene.legacy_support_annotation,True,provenance_only,S006
M4-FUNG-0064,107,gene.legacy_support_annotation,True,provenance_only,S004
M4-FUNG-0064,108,gene.legacy_support_annotation,True,provenance_only,S007
M4-FUNG-0064,109,gene.legacy_support_annotation,True,provenance_only,S008
M4-FUNG-0064,110,gene.legacy_support_annotation,True,provenance_only,S004
M4-FUNG-0064,114,metabolite.legacy_attribution_annotation,True,provenance_only,S005; S010
M4-FUNG-0064,115,metabolite.legacy_attribution_annotation,True,provenance_only,S006; S008
M4-FUNG-0064,137,claim.legacy_support_annotation,True,provenance_only,S005
M4-FUNG-0064,138,claim.legacy_support_annotation,True,provenance_only,S004
M4-FUNG-0064,139,claim.legacy_support_annotation,True,provenance_only,S007
M4-FUNG-0064,140,claim.legacy_support_annotation,True,provenance_only,S010; S011
M4-FUNG-0064,144,relationship.legacy_support_annotation,True,provenance_only,S005
M4-FUNG-0064,145,relationship.legacy_support_annotation,True,provenance_only,S006; S008
M4-FUNG-0064,146,relationship.legacy_support_annotation,True,provenance_only,S007
M4-FUNG-0064,147,relationship.legacy_support_annotation,True,provenance_only,S010
M4-FUNG-0064,148,relationship.legacy_support_annotation,True,provenance_only,S009
M4-FUNG-0065,7,schema_version,True,administrative_excluded,
M4-FUNG-0065,8,dossier_id,True,administrative_excluded,
M4-FUNG-0065,9,sheet_record_status,True,administrative_excluded,
M4-FUNG-0065,10,annotation_status,True,administrative_excluded,
M4-FUNG-0065,11,annotation_date,True,administrative_excluded,
M4-FUNG-0065,12,inference,False,administrative_excluded,
M4-FUNG-0065,13,last_reviewed_date,True,administrative_excluded,
M4-FUNG-0065,20,mibig_record_status,True,provenance_only,S001
M4-FUNG-0065,21,source_native_category_value,True,provenance_only,S001
M4-FUNG-0065,22,mibig_completeness,True,provenance_only,S001
M4-FUNG-0065,25,primary_reference_source_id,True,provenance_only,
M4-FUNG-0065,57,boundary_confidence,True,provenance_only,S003
M4-FUNG-0065,58,pathway_identity_confidence,True,provenance_only,S003
M4-FUNG-0065,89,candidate_bgc_credibility,True,provenance_only,S003
M4-FUNG-0065,90,coordinated_transcription_evidence,True,provenance_only,S003
M4-FUNG-0065,91,biochemical_execution_evidence,True,provenance_only,S003
M4-FUNG-0065,92,product_formation_evidence,True,provenance_only,S003
M4-FUNG-0065,94,bgc_product_attribution,True,provenance_only,S003
M4-FUNG-0065,95,gene_product_attribution,True,provenance_only,S003
M4-FUNG-0065,96,complete_pathway_reconstruction,True,provenance_only,S003
M4-FUNG-0065,98,major_database_problem,True,provenance_only,S001; S003
M4-FUNG-0065,99,best_use_case_for_atlas,True,provenance_only,
M4-FUNG-0065,100,overall_note,True,provenance_only,S004
M4-FUNG-0065,104,gene.legacy_support_annotation,True,provenance_only,S001; S003
M4-FUNG-0065,105,gene.legacy_support_annotation,True,provenance_only,S001; S003
M4-FUNG-0065,106,gene.legacy_support_annotation,True,provenance_only,S001; S003
M4-FUNG-0065,107,gene.legacy_support_annotation,True,provenance_only,S001; S003
M4-FUNG-0065,108,gene.legacy_support_annotation,True,provenance_only,S001; S003; S005
M4-FUNG-0065,109,gene.legacy_support_annotation,True,provenance_only,S003
M4-FUNG-0065,110,gene.legacy_support_annotation,True,provenance_only,S003
M4-FUNG-0065,111,gene.legacy_support_annotation,True,provenance_only,S003
M4-FUNG-0065,115,metabolite.legacy_attribution_annotation,True,provenance_only,S001; S003; S004
M4-FUNG-0065,116,metabolite.legacy_attribution_annotation,True,provenance_only,S001; S003
M4-FUNG-0065,117,metabolite.legacy_attribution_annotation,True,provenance_only,S001
M4-FUNG-0065,134,claim.legacy_support_annotation,True,provenance_only,S003
M4-FUNG-0065,135,claim.legacy_support_annotation,True,provenance_only,S004
M4-FUNG-0065,136,claim.legacy_support_annotation,True,provenance_only,S001; S003
M4-FUNG-0065,140,relationship.legacy_support_annotation,True,provenance_only,S003
M4-FUNG-0065,141,relationship.legacy_support_annotation,True,provenance_only,S003
M4-FUNG-0065,142,relationship.legacy_support_annotation,True,provenance_only,S004
M4-FUNG-0065,143,relationship.legacy_support_annotation,True,provenance_only,S003
M4-FUNG-0066,7,schema_version,True,administrative_excluded,
M4-FUNG-0066,8,dossier_id,True,administrative_excluded,
M4-FUNG-0066,9,sheet_record_status,True,administrative_excluded,
M4-FUNG-0066,10,annotation_status,True,administrative_excluded,
M4-FUNG-0066,11,annotation_date,True,administrative_excluded,
M4-FUNG-0066,12,inference,False,administrative_excluded,
M4-FUNG-0066,13,last_reviewed_date,True,administrative_excluded,
M4-FUNG-0066,20,mibig_record_status,True,provenance_only,S001
M4-FUNG-0066,21,source_native_category_value,True,provenance_only,S001
M4-FUNG-0066,22,mibig_completeness,True,provenance_only,S001
M4-FUNG-0066,25,primary_reference_source_id,True,provenance_only,
M4-FUNG-0066,57,boundary_confidence,True,provenance_only,S003
M4-FUNG-0066,58,pathway_identity_confidence,True,provenance_only,S003
M4-FUNG-0066,89,candidate_bgc_credibility,True,provenance_only,S003
M4-FUNG-0066,90,coordinated_transcription_evidence,True,provenance_only,S003
M4-FUNG-0066,91,biochemical_execution_evidence,True,provenance_only,S003; S006
M4-FUNG-0066,92,product_formation_evidence,True,provenance_only,S003
M4-FUNG-0066,94,bgc_product_attribution,True,provenance_only,S003
M4-FUNG-0066,95,gene_product_attribution,True,provenance_only,S003
M4-FUNG-0066,96,complete_pathway_reconstruction,True,provenance_only,S006
M4-FUNG-0066,98,major_database_problem,True,provenance_only,S001; S006
M4-FUNG-0066,99,best_use_case_for_atlas,True,provenance_only,
M4-FUNG-0066,100,overall_note,True,provenance_only,S001; S006
M4-FUNG-0066,104,gene.legacy_support_annotation,True,provenance_only,S003; S006
M4-FUNG-0066,105,gene.legacy_support_annotation,True,provenance_only,S003; S006
M4-FUNG-0066,106,gene.legacy_support_annotation,True,provenance_only,S003; S006
M4-FUNG-0066,107,gene.legacy_support_annotation,True,provenance_only,S003
M4-FUNG-0066,108,gene.legacy_support_annotation,True,provenance_only,S003
M4-FUNG-0066,109,gene.legacy_support_annotation,True,provenance_only,S003
M4-FUNG-0066,113,metabolite.legacy_attribution_annotation,True,provenance_only,S001; S003
M4-FUNG-0066,114,metabolite.legacy_attribution_annotation,True,provenance_only,S006
M4-FUNG-0066,132,claim.legacy_support_annotation,True,provenance_only,S003
M4-FUNG-0066,133,claim.legacy_support_annotation,True,provenance_only,S003; S004
M4-FUNG-0066,134,claim.legacy_support_annotation,True,provenance_only,S008
M4-FUNG-0066,138,relationship.legacy_support_annotation,True,provenance_only,S001; S006
M4-FUNG-0066,139,relationship.legacy_support_annotation,True,provenance_only,S003; S004
M4-FUNG-0066,140,relationship.legacy_support_annotation,True,provenance_only,S008
M4-FUNG-0067,7,schema_version,True,administrative_excluded,
M4-FUNG-0067,8,dossier_id,True,administrative_excluded,
M4-FUNG-0067,9,sheet_record_status,True,administrative_excluded,
M4-FUNG-0067,10,annotation_status,True,administrative_excluded,
M4-FUNG-0067,11,annotation_date,True,administrative_excluded,
M4-FUNG-0067,12,inference,False,administrative_excluded,
M4-FUNG-0067,13,last_reviewed_date,True,administrative_excluded,
M4-FUNG-0067,20,mibig_record_status,True,provenance_only,S001
M4-FUNG-0067,21,source_native_category_value,True,provenance_only,S001
M4-FUNG-0067,22,mibig_completeness,True,provenance_only,S001
M4-FUNG-0067,25,primary_reference_source_id,True,provenance_only,
M4-FUNG-0067,57,boundary_confidence,True,provenance_only,S001; S003
M4-FUNG-0067,58,pathway_identity_confidence,True,provenance_only,S003
M4-FUNG-0067,89,candidate_bgc_credibility,True,provenance_only,S003
M4-FUNG-0067,90,coordinated_transcription_evidence,True,provenance_only,S003
M4-FUNG-0067,91,biochemical_execution_evidence,True,provenance_only,S003; S004
M4-FUNG-0067,92,product_formation_evidence,True,provenance_only,S003
M4-FUNG-0067,94,bgc_product_attribution,True,provenance_only,S003
M4-FUNG-0067,95,gene_product_attribution,True,provenance_only,S003
M4-FUNG-0067,96,complete_pathway_reconstruction,True,provenance_only,S003; S006
M4-FUNG-0067,98,major_database_problem,True,provenance_only,S001; S003
M4-FUNG-0067,99,best_use_case_for_atlas,True,provenance_only,
M4-FUNG-0067,100,overall_note,True,provenance_only,S001
M4-FUNG-0067,104,gene.legacy_support_annotation,True,provenance_only,S001; S003
M4-FUNG-0067,105,gene.legacy_support_annotation,True,provenance_only,S001; S003
M4-FUNG-0067,106,gene.legacy_support_annotation,True,provenance_only,S001; S003
M4-FUNG-0067,110,metabolite.legacy_attribution_annotation,True,provenance_only,S001; S003
M4-FUNG-0067,111,metabolite.legacy_attribution_annotation,True,provenance_only,S001; S003
M4-FUNG-0067,112,metabolite.legacy_attribution_annotation,True,provenance_only,S001; S003
M4-FUNG-0067,113,metabolite.legacy_attribution_annotation,True,provenance_only,S001; S003
M4-FUNG-0067,130,claim.legacy_support_annotation,True,provenance_only,S003
M4-FUNG-0067,131,claim.legacy_support_annotation,True,provenance_only,S006
M4-FUNG-0067,132,claim.legacy_support_annotation,True,provenance_only,S001
M4-FUNG-0067,136,relationship.legacy_support_annotation,True,provenance_only,S003
M4-FUNG-0067,137,relationship.legacy_support_annotation,True,provenance_only,S003
M4-FUNG-0067,138,relationship.legacy_support_annotation,True,provenance_only,S003
M4-FUNG-0067,139,relationship.legacy_support_annotation,True,provenance_only,S001
M4-FUNG-0068,7,schema_version,True,administrative_excluded,
M4-FUNG-0068,8,dossier_id,True,administrative_excluded,
M4-FUNG-0068,9,sheet_record_status,True,administrative_excluded,
M4-FUNG-0068,10,annotation_status,True,administrative_excluded,
M4-FUNG-0068,11,annotation_date,True,administrative_excluded,
M4-FUNG-0068,12,inference,False,administrative_excluded,
M4-FUNG-0068,13,last_reviewed_date,True,administrative_excluded,
M4-FUNG-0068,20,mibig_record_status,True,provenance_only,S001
M4-FUNG-0068,21,source_native_category_value,True,provenance_only,S001
M4-FUNG-0068,22,mibig_completeness,True,provenance_only,S001
M4-FUNG-0068,25,primary_reference_source_id,True,provenance_only,
M4-FUNG-0068,57,boundary_confidence,True,provenance_only,S001; S003
M4-FUNG-0068,58,pathway_identity_confidence,True,provenance_only,S003; S004
M4-FUNG-0068,89,candidate_bgc_credibility,True,provenance_only,S003
M4-FUNG-0068,90,coordinated_transcription_evidence,True,provenance_only,S003
M4-FUNG-0068,91,biochemical_execution_evidence,True,provenance_only,S003; S004
M4-FUNG-0068,92,product_formation_evidence,True,provenance_only,S003
M4-FUNG-0068,94,bgc_product_attribution,True,provenance_only,S003
M4-FUNG-0068,95,gene_product_attribution,True,provenance_only,S003
M4-FUNG-0068,96,complete_pathway_reconstruction,True,provenance_only,S003; S004
M4-FUNG-0068,98,major_database_problem,True,provenance_only,S001
M4-FUNG-0068,99,best_use_case_for_atlas,True,provenance_only,
M4-FUNG-0068,100,overall_note,True,provenance_only,S005
M4-FUNG-0068,104,gene.legacy_support_annotation,True,provenance_only,S001; S003
M4-FUNG-0068,105,gene.legacy_support_annotation,True,provenance_only,S003; S004
M4-FUNG-0068,106,gene.legacy_support_annotation,True,provenance_only,S003
M4-FUNG-0068,107,gene.legacy_support_annotation,True,provenance_only,S003
M4-FUNG-0068,108,gene.legacy_support_annotation,True,provenance_only,S003
M4-FUNG-0068,109,gene.legacy_support_annotation,True,provenance_only,S003; S004
M4-FUNG-0068,110,gene.legacy_support_annotation,True,provenance_only,S003
M4-FUNG-0068,114,metabolite.legacy_attribution_annotation,True,provenance_only,S001; S003
M4-FUNG-0068,115,metabolite.legacy_attribution_annotation,True,provenance_only,S001; S003
M4-FUNG-0068,116,metabolite.legacy_attribution_annotation,True,provenance_only,S001; S003
M4-FUNG-0068,117,metabolite.legacy_attribution_annotation,True,provenance_only,S001; S003
M4-FUNG-0068,118,metabolite.legacy_attribution_annotation,True,provenance_only,S001; S003
M4-FUNG-0068,119,metabolite.legacy_attribution_annotation,True,provenance_only,S001; S003
M4-FUNG-0068,120,metabolite.legacy_attribution_annotation,True,provenance_only,S001; S003
M4-FUNG-0068,137,claim.legacy_support_annotation,True,provenance_only,S003; S004
M4-FUNG-0068,138,claim.legacy_support_annotation,True,provenance_only,S003
M4-FUNG-0068,139,claim.legacy_support_annotation,True,provenance_only,S005
M4-FUNG-0068,143,relationship.legacy_support_annotation,True,provenance_only,S003
M4-FUNG-0068,144,relationship.legacy_support_annotation,True,provenance_only,S003; S004
M4-FUNG-0068,145,relationship.legacy_support_annotation,True,provenance_only,S003
M4-FUNG-0068,146,relationship.legacy_support_annotation,True,provenance_only,S003
M4-FUNG-0069,7,schema_version,True,administrative_excluded,
M4-FUNG-0069,8,dossier_id,True,administrative_excluded,
M4-FUNG-0069,9,sheet_record_status,True,administrative_excluded,
M4-FUNG-0069,10,annotation_status,True,administrative_excluded,
M4-FUNG-0069,11,annotation_date,True,administrative_excluded,
M4-FUNG-0069,12,inference,False,administrative_excluded,
M4-FUNG-0069,13,last_reviewed_date,True,administrative_excluded,
M4-FUNG-0069,20,mibig_record_status,True,provenance_only,S001
M4-FUNG-0069,21,source_native_category_value,True,provenance_only,S001
M4-FUNG-0069,22,mibig_completeness,True,provenance_only,S001
M4-FUNG-0069,25,primary_reference_source_id,True,provenance_only,
M4-FUNG-0069,57,boundary_confidence,True,provenance_only,S003; S004
M4-FUNG-0069,58,pathway_identity_confidence,True,provenance_only,S003
M4-FUNG-0069,89,candidate_bgc_credibility,True,provenance_only,S003
M4-FUNG-0069,90,coordinated_transcription_evidence,True,provenance_only,S004
M4-FUNG-0069,91,biochemical_execution_evidence,True,provenance_only,S003
M4-FUNG-0069,92,product_formation_evidence,True,provenance_only,S003
M4-FUNG-0069,94,bgc_product_attribution,True,provenance_only,S003
M4-FUNG-0069,95,gene_product_attribution,True,provenance_only,S003
M4-FUNG-0069,96,complete_pathway_reconstruction,True,provenance_only,S003
M4-FUNG-0069,98,major_database_problem,True,provenance_only,S001
M4-FUNG-0069,99,best_use_case_for_atlas,True,provenance_only,
M4-FUNG-0069,100,overall_note,True,provenance_only,S003
M4-FUNG-0069,104,gene.legacy_support_annotation,True,provenance_only,S001; S003
M4-FUNG-0069,105,gene.legacy_support_annotation,True,provenance_only,S001; S003; S005
M4-FUNG-0069,106,gene.legacy_support_annotation,True,provenance_only,S001; S003
M4-FUNG-0069,107,gene.legacy_support_annotation,True,provenance_only,S003
M4-FUNG-0069,108,gene.legacy_support_annotation,True,provenance_only,S003
M4-FUNG-0069,112,metabolite.legacy_attribution_annotation,True,provenance_only,S001; S003
M4-FUNG-0069,113,metabolite.legacy_attribution_annotation,True,provenance_only,S003
M4-FUNG-0069,114,metabolite.legacy_attribution_annotation,True,provenance_only,S003
M4-FUNG-0069,115,metabolite.legacy_attribution_annotation,True,provenance_only,S003
M4-FUNG-0069,131,claim.legacy_support_annotation,True,provenance_only,S003
M4-FUNG-0069,132,claim.legacy_support_annotation,True,provenance_only,S003; S005
M4-FUNG-0069,133,claim.legacy_support_annotation,True,provenance_only,S003
M4-FUNG-0069,137,relationship.legacy_support_annotation,True,provenance_only,S003
M4-FUNG-0069,138,relationship.legacy_support_annotation,True,provenance_only,S003
M4-FUNG-0069,139,relationship.legacy_support_annotation,True,provenance_only,S003; S005
M4-FUNG-0069,140,relationship.legacy_support_annotation,True,provenance_only,S003
M4-FUNG-0070,7,schema_version,True,administrative_excluded,
M4-FUNG-0070,8,dossier_id,True,administrative_excluded,
M4-FUNG-0070,9,sheet_record_status,True,administrative_excluded,
M4-FUNG-0070,10,annotation_status,True,administrative_excluded,
M4-FUNG-0070,11,annotation_date,True,administrative_excluded,
M4-FUNG-0070,12,inference,False,administrative_excluded,
M4-FUNG-0070,13,last_reviewed_date,True,administrative_excluded,
M4-FUNG-0070,20,mibig_record_status,True,provenance_only,S001
M4-FUNG-0070,21,source_native_category_value,True,provenance_only,S001
M4-FUNG-0070,22,mibig_completeness,True,provenance_only,S001
M4-FUNG-0070,25,primary_reference_source_id,True,provenance_only,
M4-FUNG-0070,57,boundary_confidence,True,provenance_only,S003
M4-FUNG-0070,58,pathway_identity_confidence,True,provenance_only,S003
M4-FUNG-0070,89,candidate_bgc_credibility,True,provenance_only,S003
M4-FUNG-0070,90,coordinated_transcription_evidence,True,provenance_only,S003
M4-FUNG-0070,91,biochemical_execution_evidence,True,provenance_only,S003
M4-FUNG-0070,92,product_formation_evidence,True,provenance_only,S003
M4-FUNG-0070,94,bgc_product_attribution,True,provenance_only,S003
M4-FUNG-0070,95,gene_product_attribution,True,provenance_only,S003
M4-FUNG-0070,96,complete_pathway_reconstruction,True,provenance_only,S003
M4-FUNG-0070,98,major_database_problem,True,provenance_only,S001; S003
M4-FUNG-0070,99,best_use_case_for_atlas,True,provenance_only,
M4-FUNG-0070,100,overall_note,True,provenance_only,S003
M4-FUNG-0070,104,gene.legacy_support_annotation,True,provenance_only,S003; S004
M4-FUNG-0070,105,gene.legacy_support_annotation,True,provenance_only,S003
M4-FUNG-0070,106,gene.legacy_support_annotation,True,provenance_only,S003
M4-FUNG-0070,107,gene.legacy_support_annotation,True,provenance_only,S003
M4-FUNG-0070,111,metabolite.legacy_attribution_annotation,True,provenance_only,S003
M4-FUNG-0070,112,metabolite.legacy_attribution_annotation,True,provenance_only,S003
M4-FUNG-0070,113,metabolite.legacy_attribution_annotation,True,provenance_only,S003
M4-FUNG-0070,129,claim.legacy_support_annotation,True,provenance_only,S003
M4-FUNG-0070,130,claim.legacy_support_annotation,True,provenance_only,S003
M4-FUNG-0070,131,claim.legacy_support_annotation,True,provenance_only,S001; S003
M4-FUNG-0070,135,relationship.legacy_support_annotation,True,provenance_only,S003
M4-FUNG-0070,136,relationship.legacy_support_annotation,True,provenance_only,S003
M4-FUNG-0070,137,relationship.legacy_support_annotation,True,provenance_only,S003
M4-FUNG-0071,7,schema_version,True,administrative_excluded,
M4-FUNG-0071,8,dossier_id,True,administrative_excluded,
M4-FUNG-0071,9,sheet_record_status,True,administrative_excluded,
M4-FUNG-0071,10,annotation_status,True,administrative_excluded,
M4-FUNG-0071,11,annotation_date,True,administrative_excluded,
M4-FUNG-0071,12,inference,False,administrative_excluded,
M4-FUNG-0071,13,last_reviewed_date,True,administrative_excluded,
M4-FUNG-0071,20,mibig_record_status,True,provenance_only,S001
M4-FUNG-0071,21,source_native_category_value,True,provenance_only,S001
M4-FUNG-0071,22,mibig_completeness,True,provenance_only,S001
M4-FUNG-0071,25,primary_reference_source_id,True,provenance_only,
M4-FUNG-0071,57,boundary_confidence,True,provenance_only,S004; S005
M4-FUNG-0071,58,pathway_identity_confidence,True,provenance_only,S004; S006
M4-FUNG-0071,89,candidate_bgc_credibility,True,provenance_only,S004
M4-FUNG-0071,90,coordinated_transcription_evidence,True,provenance_only,S003; S005
M4-FUNG-0071,91,biochemical_execution_evidence,True,provenance_only,S006
M4-FUNG-0071,92,product_formation_evidence,True,provenance_only,S004; S005
M4-FUNG-0071,94,bgc_product_attribution,True,provenance_only,S004
M4-FUNG-0071,95,gene_product_attribution,True,provenance_only,S004; S006
M4-FUNG-0071,96,complete_pathway_reconstruction,True,provenance_only,S005; S006
M4-FUNG-0071,98,major_database_problem,True,provenance_only,S005
M4-FUNG-0071,99,best_use_case_for_atlas,True,provenance_only,
M4-FUNG-0071,100,overall_note,True,provenance_only,S001; S004
M4-FUNG-0071,104,gene.legacy_support_annotation,True,provenance_only,S001; S004; S006
M4-FUNG-0071,105,gene.legacy_support_annotation,True,provenance_only,S001; S004; S006
M4-FUNG-0071,106,gene.legacy_support_annotation,True,provenance_only,S001; S004; S006
M4-FUNG-0071,107,gene.legacy_support_annotation,True,provenance_only,S001; S004; S006
M4-FUNG-0071,108,gene.legacy_support_annotation,True,provenance_only,S001; S004; S006
M4-FUNG-0071,109,gene.legacy_support_annotation,True,provenance_only,S001; S004; S006
M4-FUNG-0071,110,gene.legacy_support_annotation,True,provenance_only,S001; S004; S006
M4-FUNG-0071,111,gene.legacy_support_annotation,True,provenance_only,S001; S004; S006
M4-FUNG-0071,112,gene.legacy_support_annotation,True,provenance_only,S001; S004; S006
M4-FUNG-0071,113,gene.legacy_support_annotation,True,provenance_only,S001; S004; S006
M4-FUNG-0071,114,gene.legacy_support_annotation,True,provenance_only,S001; S004; S006
M4-FUNG-0071,115,gene.legacy_support_annotation,True,provenance_only,S001; S004; S006
M4-FUNG-0071,116,gene.legacy_support_annotation,True,provenance_only,S001; S004; S006
M4-FUNG-0071,117,gene.legacy_support_annotation,True,provenance_only,S001; S004; S006
M4-FUNG-0071,118,gene.legacy_support_annotation,True,provenance_only,S001; S004; S006
M4-FUNG-0071,119,gene.legacy_support_annotation,True,provenance_only,S001; S004; S006
M4-FUNG-0071,120,gene.legacy_support_annotation,True,provenance_only,S001; S004; S006
M4-FUNG-0071,121,gene.legacy_support_annotation,True,provenance_only,S001; S004; S006
M4-FUNG-0071,122,gene.legacy_support_annotation,True,provenance_only,S001; S004; S006
M4-FUNG-0071,126,metabolite.legacy_attribution_annotation,True,provenance_only,S001; S004; S006
M4-FUNG-0071,127,metabolite.legacy_attribution_annotation,True,provenance_only,S004
M4-FUNG-0071,146,claim.legacy_support_annotation,True,provenance_only,S004
M4-FUNG-0071,147,claim.legacy_support_annotation,True,provenance_only,S005
M4-FUNG-0071,148,claim.legacy_support_annotation,True,provenance_only,S005
M4-FUNG-0071,152,relationship.legacy_support_annotation,True,provenance_only,S005
M4-FUNG-0071,153,relationship.legacy_support_annotation,True,provenance_only,S004
M4-FUNG-0071,154,relationship.legacy_support_annotation,True,provenance_only,S005
M4-FUNG-0071,155,relationship.legacy_support_annotation,True,provenance_only,S006
M4-FUNG-0072,7,schema_version,True,administrative_excluded,
M4-FUNG-0072,8,dossier_id,True,administrative_excluded,
M4-FUNG-0072,9,sheet_record_status,True,administrative_excluded,
M4-FUNG-0072,10,annotation_status,True,administrative_excluded,
M4-FUNG-0072,11,annotation_date,True,administrative_excluded,
M4-FUNG-0072,12,inference,False,administrative_excluded,
M4-FUNG-0072,13,last_reviewed_date,True,administrative_excluded,
M4-FUNG-0072,20,mibig_record_status,True,provenance_only,S001
M4-FUNG-0072,21,source_native_category_value,True,provenance_only,S001
M4-FUNG-0072,22,mibig_completeness,True,provenance_only,S001
M4-FUNG-0072,25,primary_reference_source_id,True,provenance_only,
M4-FUNG-0072,57,boundary_confidence,True,provenance_only,S003; S004
M4-FUNG-0072,58,pathway_identity_confidence,True,provenance_only,S003; S004
M4-FUNG-0072,89,candidate_bgc_credibility,True,provenance_only,S003; S004
M4-FUNG-0072,90,coordinated_transcription_evidence,True,provenance_only,S003; S004
M4-FUNG-0072,91,biochemical_execution_evidence,True,provenance_only,S003; S004
M4-FUNG-0072,92,product_formation_evidence,True,provenance_only,S003
M4-FUNG-0072,94,bgc_product_attribution,True,provenance_only,S004
M4-FUNG-0072,95,gene_product_attribution,True,provenance_only,S003; S004
M4-FUNG-0072,96,complete_pathway_reconstruction,True,provenance_only,S004
M4-FUNG-0072,98,major_database_problem,True,provenance_only,S001; S004
M4-FUNG-0072,99,best_use_case_for_atlas,True,provenance_only,
M4-FUNG-0072,100,overall_note,True,provenance_only,S003; S004
M4-FUNG-0072,104,gene.legacy_support_annotation,True,provenance_only,S003; S004
M4-FUNG-0072,105,gene.legacy_support_annotation,True,provenance_only,S003; S004
M4-FUNG-0072,106,gene.legacy_support_annotation,True,provenance_only,S003
M4-FUNG-0072,107,gene.legacy_support_annotation,True,provenance_only,S004
M4-FUNG-0072,108,gene.legacy_support_annotation,True,provenance_only,S004
M4-FUNG-0072,109,gene.legacy_support_annotation,True,provenance_only,S004
M4-FUNG-0072,110,gene.legacy_support_annotation,True,provenance_only,S004
M4-FUNG-0072,111,gene.legacy_support_annotation,True,provenance_only,S004
M4-FUNG-0072,115,metabolite.legacy_attribution_annotation,True,provenance_only,S001; S003; S004
M4-FUNG-0072,116,metabolite.legacy_attribution_annotation,True,provenance_only,S004
M4-FUNG-0072,117,metabolite.legacy_attribution_annotation,True,provenance_only,S004
M4-FUNG-0072,118,metabolite.legacy_attribution_annotation,True,provenance_only,S004
M4-FUNG-0072,136,claim.legacy_support_annotation,True,provenance_only,S004
M4-FUNG-0072,137,claim.legacy_support_annotation,True,provenance_only,S003; S004
M4-FUNG-0072,138,claim.legacy_support_annotation,True,provenance_only,S001; S004
M4-FUNG-0072,142,relationship.legacy_support_annotation,True,provenance_only,S003; S004
M4-FUNG-0072,143,relationship.legacy_support_annotation,True,provenance_only,S004
M4-FUNG-0072,144,relationship.legacy_support_annotation,True,provenance_only,S005
M4-FUNG-0072,145,relationship.legacy_support_annotation,True,provenance_only,S004
M4-FUNG-0073,7,schema_version,True,administrative_excluded,
M4-FUNG-0073,8,dossier_id,True,administrative_excluded,
M4-FUNG-0073,9,sheet_record_status,True,administrative_excluded,
M4-FUNG-0073,10,annotation_status,True,administrative_excluded,
M4-FUNG-0073,11,annotation_date,True,administrative_excluded,
M4-FUNG-0073,12,inference,False,administrative_excluded,
M4-FUNG-0073,13,last_reviewed_date,True,administrative_excluded,
M4-FUNG-0073,20,mibig_record_status,True,provenance_only,S001
M4-FUNG-0073,21,source_native_category_value,True,provenance_only,S001
M4-FUNG-0073,22,mibig_completeness,True,provenance_only,S001
M4-FUNG-0073,25,primary_reference_source_id,True,provenance_only,
M4-FUNG-0073,57,boundary_confidence,True,provenance_only,S001; S007
M4-FUNG-0073,58,pathway_identity_confidence,True,provenance_only,S003; S005; S006
M4-FUNG-0073,89,candidate_bgc_credibility,True,provenance_only,S001; S003; S006
M4-FUNG-0073,90,coordinated_transcription_evidence,True,provenance_only,S003; S007
M4-FUNG-0073,91,biochemical_execution_evidence,True,provenance_only,S003; S004; S006
M4-FUNG-0073,92,product_formation_evidence,True,provenance_only,S003; S005; S006
M4-FUNG-0073,94,bgc_product_attribution,True,provenance_only,S003; S005; S006
M4-FUNG-0073,95,gene_product_attribution,True,provenance_only,S003; S005; S006; S007
M4-FUNG-0073,96,complete_pathway_reconstruction,True,provenance_only,S004; S006
M4-FUNG-0073,98,major_database_problem,True,provenance_only,S001; S007
M4-FUNG-0073,99,best_use_case_for_atlas,True,provenance_only,
M4-FUNG-0073,100,overall_note,True,provenance_only,S001; S007
M4-FUNG-0073,135,claim.legacy_support_annotation,True,provenance_only,S003; S004
M4-FUNG-0073,136,claim.legacy_support_annotation,True,provenance_only,S006
M4-FUNG-0073,137,claim.legacy_support_annotation,True,provenance_only,S007
M4-FUNG-0073,138,claim.legacy_support_annotation,True,provenance_only,S005; S007
M4-FUNG-0073,142,relationship.legacy_support_annotation,True,provenance_only,S003; S004
M4-FUNG-0073,143,relationship.legacy_support_annotation,True,provenance_only,S006
M4-FUNG-0073,144,relationship.legacy_support_annotation,True,provenance_only,S006
M4-FUNG-0073,145,relationship.legacy_support_annotation,True,provenance_only,S007
M4-FUNG-0073,146,relationship.legacy_support_annotation,True,provenance_only,S003; S006
M4-FUNG-0074,7,schema_version,True,administrative_excluded,
M4-FUNG-0074,8,dossier_id,True,administrative_excluded,
M4-FUNG-0074,9,sheet_record_status,True,administrative_excluded,
M4-FUNG-0074,10,annotation_status,True,administrative_excluded,
M4-FUNG-0074,11,annotation_date,True,administrative_excluded,
M4-FUNG-0074,12,inference,False,administrative_excluded,
M4-FUNG-0074,13,last_reviewed_date,True,administrative_excluded,
M4-FUNG-0074,20,mibig_record_status,True,provenance_only,S001
M4-FUNG-0074,21,source_native_category_value,True,provenance_only,S001
M4-FUNG-0074,22,mibig_completeness,True,provenance_only,S001
M4-FUNG-0074,25,primary_reference_source_id,True,provenance_only,
M4-FUNG-0074,57,boundary_confidence,True,provenance_only,S003; S004; S005
M4-FUNG-0074,58,pathway_identity_confidence,True,provenance_only,S003; S004
M4-FUNG-0074,89,candidate_bgc_credibility,True,provenance_only,S001; S003; S004
M4-FUNG-0074,90,coordinated_transcription_evidence,True,provenance_only,S003; S004
M4-FUNG-0074,91,biochemical_execution_evidence,True,provenance_only,S003; S004
M4-FUNG-0074,92,product_formation_evidence,True,provenance_only,S003; S004
M4-FUNG-0074,94,bgc_product_attribution,True,provenance_only,S003; S004
M4-FUNG-0074,95,gene_product_attribution,True,provenance_only,S003; S004; S005
M4-FUNG-0074,96,complete_pathway_reconstruction,True,provenance_only,S004; S005
M4-FUNG-0074,98,major_database_problem,True,provenance_only,S001; S003; S004; S005
M4-FUNG-0074,99,best_use_case_for_atlas,True,provenance_only,
M4-FUNG-0074,100,overall_note,True,provenance_only,S003; S004; S005
M4-FUNG-0074,142,claim.legacy_support_annotation,True,provenance_only,S003; S004
M4-FUNG-0074,143,claim.legacy_support_annotation,True,provenance_only,S004
M4-FUNG-0074,144,claim.legacy_support_annotation,True,provenance_only,S003
M4-FUNG-0074,145,claim.legacy_support_annotation,True,provenance_only,S003
M4-FUNG-0074,149,relationship.legacy_support_annotation,True,provenance_only,S003; S004
M4-FUNG-0074,150,relationship.legacy_support_annotation,True,provenance_only,S004
M4-FUNG-0074,151,relationship.legacy_support_annotation,True,provenance_only,S004; S005
M4-FUNG-0074,152,relationship.legacy_support_annotation,True,provenance_only,S003
M4-FUNG-0074,153,relationship.legacy_support_annotation,True,provenance_only,S003
M4-FUNG-0075,7,schema_version,True,administrative_excluded,
M4-FUNG-0075,8,dossier_id,True,administrative_excluded,
M4-FUNG-0075,9,sheet_record_status,True,administrative_excluded,
M4-FUNG-0075,10,annotation_status,True,administrative_excluded,
M4-FUNG-0075,11,annotation_date,True,administrative_excluded,
M4-FUNG-0075,12,inference,False,administrative_excluded,
M4-FUNG-0075,13,last_reviewed_date,True,administrative_excluded,
M4-FUNG-0075,20,mibig_record_status,True,provenance_only,S001
M4-FUNG-0075,21,source_native_category_value,True,provenance_only,S001
M4-FUNG-0075,22,mibig_completeness,True,provenance_only,S001
M4-FUNG-0075,25,primary_reference_source_id,True,provenance_only,
M4-FUNG-0075,57,boundary_confidence,True,provenance_only,S001; S003
M4-FUNG-0075,58,pathway_identity_confidence,True,provenance_only,S005; S006
M4-FUNG-0075,89,candidate_bgc_credibility,True,provenance_only,S003; S006
M4-FUNG-0075,90,coordinated_transcription_evidence,True,provenance_only,S003; S006
M4-FUNG-0075,91,biochemical_execution_evidence,True,provenance_only,S006
M4-FUNG-0075,92,product_formation_evidence,True,provenance_only,S003; S004; S006
M4-FUNG-0075,94,bgc_product_attribution,True,provenance_only,S006
M4-FUNG-0075,95,gene_product_attribution,True,provenance_only,S003; S006
M4-FUNG-0075,96,complete_pathway_reconstruction,True,provenance_only,S006
M4-FUNG-0075,98,major_database_problem,True,provenance_only,S001; S006
M4-FUNG-0075,99,best_use_case_for_atlas,True,provenance_only,
M4-FUNG-0075,100,overall_note,True,provenance_only,S001; S005; S006
M4-FUNG-0075,104,gene.legacy_support_annotation,True,provenance_only,S001; S003; S006
M4-FUNG-0075,105,gene.legacy_support_annotation,True,provenance_only,S001; S003
M4-FUNG-0075,106,gene.legacy_support_annotation,True,provenance_only,S003; S005; S006
M4-FUNG-0075,107,gene.legacy_support_annotation,True,provenance_only,S003
M4-FUNG-0075,108,gene.legacy_support_annotation,True,provenance_only,S003; S006
M4-FUNG-0075,109,gene.legacy_support_annotation,True,provenance_only,S003; S006
M4-FUNG-0075,110,gene.legacy_support_annotation,True,provenance_only,S003; S005; S006
M4-FUNG-0075,111,gene.legacy_support_annotation,True,provenance_only,S003; S006
M4-FUNG-0075,115,metabolite.legacy_attribution_annotation,True,provenance_only,S001; S003; S004; S005; S006
M4-FUNG-0075,116,metabolite.legacy_attribution_annotation,True,provenance_only,S006
M4-FUNG-0075,117,metabolite.legacy_attribution_annotation,True,provenance_only,S006
M4-FUNG-0075,135,claim.legacy_support_annotation,True,provenance_only,S003; S006
M4-FUNG-0075,136,claim.legacy_support_annotation,True,provenance_only,S005; S006
M4-FUNG-0075,137,claim.legacy_support_annotation,True,provenance_only,S006
M4-FUNG-0075,138,claim.legacy_support_annotation,True,provenance_only,S003; S004; S006
M4-FUNG-0075,142,relationship.legacy_support_annotation,True,provenance_only,S003; S006
M4-FUNG-0075,143,relationship.legacy_support_annotation,True,provenance_only,S003; S006
M4-FUNG-0075,144,relationship.legacy_support_annotation,True,provenance_only,S005; S006
M4-FUNG-0075,145,relationship.legacy_support_annotation,True,provenance_only,S006
M4-FUNG-0076,7,schema_version,True,administrative_excluded,
M4-FUNG-0076,8,dossier_id,True,administrative_excluded,
M4-FUNG-0076,9,sheet_record_status,True,administrative_excluded,
M4-FUNG-0076,10,annotation_status,True,administrative_excluded,
M4-FUNG-0076,11,annotation_date,True,administrative_excluded,
M4-FUNG-0076,12,inference,False,administrative_excluded,
M4-FUNG-0076,13,last_reviewed_date,True,administrative_excluded,
M4-FUNG-0076,20,mibig_record_status,True,provenance_only,S001
M4-FUNG-0076,21,source_native_category_value,True,provenance_only,S001
M4-FUNG-0076,22,mibig_completeness,True,provenance_only,S001
M4-FUNG-0076,25,primary_reference_source_id,True,provenance_only,
M4-FUNG-0076,57,boundary_confidence,True,provenance_only,S003; S004
M4-FUNG-0076,58,pathway_identity_confidence,True,provenance_only,S004; S005
M4-FUNG-0076,89,candidate_bgc_credibility,True,provenance_only,S003; S004
M4-FUNG-0076,90,coordinated_transcription_evidence,True,provenance_only,S003
M4-FUNG-0076,91,biochemical_execution_evidence,True,provenance_only,S004; S005
M4-FUNG-0076,92,product_formation_evidence,True,provenance_only,S004
M4-FUNG-0076,94,bgc_product_attribution,True,provenance_only,S004
M4-FUNG-0076,95,gene_product_attribution,True,provenance_only,S003; S004; S005
M4-FUNG-0076,96,complete_pathway_reconstruction,True,provenance_only,S004
M4-FUNG-0076,98,major_database_problem,True,provenance_only,S001; S002
M4-FUNG-0076,99,best_use_case_for_atlas,True,provenance_only,
M4-FUNG-0076,100,overall_note,True,provenance_only,S003; S004; S005
M4-FUNG-0076,103,gene.legacy_support_annotation,True,provenance_only,S001; S004
M4-FUNG-0076,104,gene.legacy_support_annotation,True,provenance_only,S001; S003; S004
M4-FUNG-0076,105,gene.legacy_support_annotation,True,provenance_only,S001; S004; S005
M4-FUNG-0076,106,gene.legacy_support_annotation,True,provenance_only,S001; S003
M4-FUNG-0076,107,gene.legacy_support_annotation,True,provenance_only,S001; S004; S005
M4-FUNG-0076,108,gene.legacy_support_annotation,True,provenance_only,S001; S003
M4-FUNG-0076,112,metabolite.legacy_attribution_annotation,True,provenance_only,S001; S004; S008
M4-FUNG-0076,113,metabolite.legacy_attribution_annotation,True,provenance_only,S001; S004
M4-FUNG-0076,114,metabolite.legacy_attribution_annotation,True,provenance_only,S001; S004
M4-FUNG-0076,115,metabolite.legacy_attribution_annotation,True,provenance_only,S001; S008
M4-FUNG-0076,134,claim.legacy_support_annotation,True,provenance_only,S004
M4-FUNG-0076,135,claim.legacy_support_annotation,True,provenance_only,S005
M4-FUNG-0076,136,claim.legacy_support_annotation,True,provenance_only,S001; S002; S006
M4-FUNG-0076,137,claim.legacy_support_annotation,True,provenance_only,S004; S008
M4-FUNG-0076,141,relationship.legacy_support_annotation,True,provenance_only,S004
M4-FUNG-0076,142,relationship.legacy_support_annotation,True,provenance_only,S004
M4-FUNG-0076,143,relationship.legacy_support_annotation,True,provenance_only,S004; S008
M4-FUNG-0076,144,relationship.legacy_support_annotation,True,provenance_only,S005
M4-FUNG-0077,7,schema_version,True,administrative_excluded,
M4-FUNG-0077,8,dossier_id,True,administrative_excluded,
M4-FUNG-0077,9,sheet_record_status,True,administrative_excluded,
M4-FUNG-0077,10,annotation_status,True,administrative_excluded,
M4-FUNG-0077,11,annotation_date,True,administrative_excluded,
M4-FUNG-0077,12,inference,False,administrative_excluded,
M4-FUNG-0077,13,last_reviewed_date,True,administrative_excluded,
M4-FUNG-0077,20,mibig_record_status,True,provenance_only,S001
M4-FUNG-0077,34,boundary_confidence,True,provenance_only,S003
M4-FUNG-0077,48,candidate_bgc_credibility,True,provenance_only,S003
M4-FUNG-0077,49,bgc_product_attribution,True,provenance_only,S003
M4-FUNG-0077,50,complete_pathway_reconstruction,True,provenance_only,S003
M4-FUNG-0077,51,major_database_problem,True,provenance_only,S001; S003
M4-FUNG-0077,52,best_use_case_for_atlas,True,provenance_only,
M4-FUNG-0077,55,gene.legacy_support_annotation,True,provenance_only,S003
M4-FUNG-0077,56,gene.legacy_support_annotation,True,provenance_only,S003
M4-FUNG-0077,59,metabolite.legacy_attribution_annotation,True,provenance_only,S003
M4-FUNG-0077,60,metabolite.legacy_attribution_annotation,True,provenance_only,S003
M4-FUNG-0077,61,metabolite.legacy_attribution_annotation,True,provenance_only,S003
M4-FUNG-0077,67,claim.legacy_support_annotation,True,provenance_only,S003
M4-FUNG-0077,68,claim.legacy_support_annotation,True,provenance_only,S001; S003
M4-FUNG-0077,71,relationship.legacy_support_annotation,True,provenance_only,S003
M4-FUNG-0077,72,relationship.legacy_support_annotation,True,provenance_only,S003
M4-FUNG-0078,7,schema_version,True,administrative_excluded,
M4-FUNG-0078,8,dossier_id,True,administrative_excluded,
M4-FUNG-0078,9,sheet_record_status,True,administrative_excluded,
M4-FUNG-0078,10,annotation_status,True,administrative_excluded,
M4-FUNG-0078,11,annotation_date,True,administrative_excluded,
M4-FUNG-0078,12,inference,False,administrative_excluded,
M4-FUNG-0078,13,last_reviewed_date,True,administrative_excluded,
M4-FUNG-0078,18,mibig_record_status,True,provenance_only,S001
M4-FUNG-0078,28,complete_pathway_reconstruction,True,provenance_only,S003; S004
M4-FUNG-0078,32,gene.legacy_support_annotation,True,provenance_only,S003; S004
M4-FUNG-0078,33,gene.legacy_support_annotation,True,provenance_only,S003; S004
M4-FUNG-0078,34,gene.legacy_support_annotation,True,provenance_only,S004
M4-FUNG-0078,35,gene.legacy_support_annotation,True,provenance_only,S004
M4-FUNG-0079,7,schema_version,True,administrative_excluded,
M4-FUNG-0079,8,dossier_id,True,administrative_excluded,
M4-FUNG-0079,9,sheet_record_status,True,administrative_excluded,
M4-FUNG-0079,10,annotation_status,True,administrative_excluded,
M4-FUNG-0079,11,annotation_date,True,administrative_excluded,
M4-FUNG-0079,12,inference,False,administrative_excluded,
M4-FUNG-0079,13,last_reviewed_date,True,administrative_excluded,
M4-FUNG-0079,25,pathway_identity_confidence,True,provenance_only,S003
M4-FUNG-0080,7,schema_version,True,administrative_excluded,
M4-FUNG-0080,8,dossier_id,True,administrative_excluded,
M4-FUNG-0080,9,sheet_record_status,True,administrative_excluded,
M4-FUNG-0080,10,annotation_status,True,administrative_excluded,
M4-FUNG-0080,11,annotation_date,True,administrative_excluded,
M4-FUNG-0080,12,inference,False,administrative_excluded,
M4-FUNG-0080,13,last_reviewed_date,True,administrative_excluded,
M4-FUNG-0081,7,schema_version,True,administrative_excluded,
M4-FUNG-0081,8,dossier_id,True,administrative_excluded,
M4-FUNG-0081,9,sheet_record_status,True,administrative_excluded,
M4-FUNG-0081,10,annotation_status,True,administrative_excluded,
M4-FUNG-0081,11,annotation_date,True,administrative_excluded,
M4-FUNG-0081,12,inference,False,administrative_excluded,
M4-FUNG-0081,13,last_reviewed_date,True,administrative_excluded,
M4-FUNG-0081,25,complete_pathway_reconstruction,True,provenance_only,S003; S004
M4-FUNG-0082,7,schema_version,True,administrative_excluded,
M4-FUNG-0082,8,dossier_id,True,administrative_excluded,
M4-FUNG-0082,9,sheet_record_status,True,administrative_excluded,
M4-FUNG-0082,10,annotation_status,True,administrative_excluded,
M4-FUNG-0082,11,annotation_date,True,administrative_excluded,
M4-FUNG-0082,12,inference,False,administrative_excluded,
M4-FUNG-0082,13,last_reviewed_date,True,administrative_excluded,
M4-FUNG-0083,7,schema_version,True,administrative_excluded,
M4-FUNG-0083,8,dossier_id,True,administrative_excluded,
M4-FUNG-0083,9,sheet_record_status,True,administrative_excluded,
M4-FUNG-0083,10,annotation_status,True,administrative_excluded,
M4-FUNG-0083,11,annotation_date,True,administrative_excluded,
M4-FUNG-0083,12,inference,False,administrative_excluded,
M4-FUNG-0083,13,last_reviewed_date,True,administrative_excluded,
M4-FUNG-0083,17,mibig_record_status,True,provenance_only,S001
M4-FUNG-0083,26,complete_pathway_reconstruction,True,provenance_only,S003
M4-FUNG-0084,7,schema_version,True,administrative_excluded,
M4-FUNG-0084,8,dossier_id,True,administrative_excluded,
M4-FUNG-0084,9,sheet_record_status,True,administrative_excluded,
M4-FUNG-0084,10,annotation_status,True,administrative_excluded,
M4-FUNG-0084,11,annotation_date,True,administrative_excluded,
M4-FUNG-0084,12,inference,False,administrative_excluded,
M4-FUNG-0084,13,last_reviewed_date,True,administrative_excluded,
M4-FUNG-0084,17,mibig_record_status,True,provenance_only,S001
M4-FUNG-0085,7,schema_version,True,administrative_excluded,
M4-FUNG-0085,8,dossier_id,True,administrative_excluded,
M4-FUNG-0085,9,sheet_record_status,True,administrative_excluded,
M4-FUNG-0085,10,annotation_status,True,administrative_excluded,
M4-FUNG-0085,11,annotation_date,True,administrative_excluded,
M4-FUNG-0085,12,inference,False,administrative_excluded,
M4-FUNG-0085,13,last_reviewed_date,True,administrative_excluded,
M4-FUNG-0085,17,mibig_record_status,True,provenance_only,S001
M4-FUNG-0085,23,product_formation_evidence,True,provenance_only,S003
M4-FUNG-0085,24,bgc_product_attribution,True,provenance_only,S001; S004
M4-FUNG-0085,25,candidate_bgc_credibility,True,provenance_only,S001; S004
M4-FUNG-0086,7,schema_version,True,administrative_excluded,
M4-FUNG-0086,8,dossier_id,True,administrative_excluded,
M4-FUNG-0086,9,sheet_record_status,True,administrative_excluded,
M4-FUNG-0086,10,annotation_status,True,administrative_excluded,
M4-FUNG-0086,11,annotation_date,True,administrative_excluded,
M4-FUNG-0086,12,inference,False,administrative_excluded,
M4-FUNG-0086,13,last_reviewed_date,True,administrative_excluded,
M4-FUNG-0086,17,mibig_record_status,True,provenance_only,S001
M4-FUNG-0087,7,schema_version,True,administrative_excluded,
M4-FUNG-0087,8,dossier_id,True,administrative_excluded,
M4-FUNG-0087,9,sheet_record_status,True,administrative_excluded,
M4-FUNG-0087,10,annotation_status,True,administrative_excluded,
M4-FUNG-0087,11,annotation_date,True,administrative_excluded,
M4-FUNG-0087,12,last_reviewed_date,True,administrative_excluded,
M4-FUNG-0087,16,mibig_record_status,True,provenance_only,S001
M4-FUNG-0088,7,schema_version,True,administrative_excluded,
M4-FUNG-0088,8,dossier_id,True,administrative_excluded,
M4-FUNG-0088,9,sheet_record_status,True,administrative_excluded,
M4-FUNG-0088,10,annotation_status,True,administrative_excluded,
M4-FUNG-0088,11,annotation_date,True,administrative_excluded,
M4-FUNG-0088,15,mibig_record_status,True,provenance_only,S001
M4-FUNG-0089,7,schema_version,True,administrative_excluded,
M4-FUNG-0089,8,dossier_id,True,administrative_excluded,
M4-FUNG-0089,9,sheet_record_status,True,administrative_excluded,
M4-FUNG-0089,10,annotation_status,True,administrative_excluded,
M4-FUNG-0089,11,annotation_date,True,administrative_excluded,
M4-FUNG-0089,15,mibig_record_status,True,provenance_only,S001
M4-FUNG-0090,7,schema_version,True,administrative_excluded,
M4-FUNG-0090,8,dossier_id,True,administrative_excluded,
M4-FUNG-0090,9,sheet_record_status,True,administrative_excluded,
M4-FUNG-0090,10,annotation_status,True,administrative_excluded,
M4-FUNG-0090,11,annotation_date,True,administrative_excluded,
M4-FUNG-0090,15,mibig_record_status,True,provenance_only,S001
M4-FUNG-0091,7,schema_version,True,administrative_excluded,
M4-FUNG-0091,8,dossier_id,True,administrative_excluded,
M4-FUNG-0091,9,sheet_record_status,True,administrative_excluded,
M4-FUNG-0091,10,annotation_status,True,administrative_excluded,
M4-FUNG-0091,11,annotation_date,True,administrative_excluded,
M4-FUNG-0091,15,mibig_record_status,True,provenance_only,S001
M4-FUNG-0092,7,schema_version,True,administrative_excluded,
M4-FUNG-0092,8,dossier_id,True,administrative_excluded,
M4-FUNG-0092,9,sheet_record_status,True,administrative_excluded,
M4-FUNG-0092,10,annotation_status,True,administrative_excluded,
M4-FUNG-0092,11,annotation_date,True,administrative_excluded,
M4-FUNG-0092,15,mibig_record_status,True,provenance_only,S001
M4-FUNG-0093,7,schema_version,True,administrative_excluded,
M4-FUNG-0093,8,dossier_id,True,administrative_excluded,
M4-FUNG-0093,9,sheet_record_status,True,administrative_excluded,
M4-FUNG-0093,10,annotation_status,True,administrative_excluded,
M4-FUNG-0093,11,annotation_date,True,administrative_excluded,
M4-FUNG-0093,15,mibig_record_status,True,provenance_only,S001
M4-FUNG-0094,7,schema_version,True,administrative_excluded,
M4-FUNG-0094,8,dossier_id,True,administrative_excluded,
M4-FUNG-0094,9,sheet_record_status,True,administrative_excluded,
M4-FUNG-0094,10,annotation_status,True,administrative_excluded,
M4-FUNG-0094,11,annotation_date,True,administrative_excluded,
M4-FUNG-0094,15,mibig_record_status,True,provenance_only,S001
M4-FUNG-0095,7,schema_version,True,administrative_excluded,
M4-FUNG-0095,8,dossier_id,True,administrative_excluded,
M4-FUNG-0095,9,sheet_record_status,True,administrative_excluded,
M4-FUNG-0095,10,annotation_status,True,administrative_excluded,
M4-FUNG-0095,11,annotation_date,True,administrative_excluded,
M4-FUNG-0095,15,mibig_record_status,True,provenance_only,S001
M4-FUNG-0096,7,schema_version,True,administrative_excluded,
M4-FUNG-0096,8,dossier_id,True,administrative_excluded,
M4-FUNG-0096,9,sheet_record_status,True,administrative_excluded,
M4-FUNG-0096,10,annotation_status,True,administrative_excluded,
M4-FUNG-0096,11,annotation_date,True,administrative_excluded,
M4-FUNG-0096,15,mibig_record_status,True,provenance_only,S001
M4-FUNG-0097,5,mibig_record_status,True,provenance_only,S001
M4-FUNG-0097,26,sheet_record_status,True,administrative_excluded,
M4-FUNG-0097,27,annotation_status,True,administrative_excluded,
M4-FUNG-0097,28,annotation_date,True,administrative_excluded,
M4-FUNG-0098,5,mibig_record_status,True,provenance_only,S001
M4-FUNG-0098,26,sheet_record_status,True,administrative_excluded,
M4-FUNG-0098,27,annotation_status,True,administrative_excluded,
M4-FUNG-0099,5,mibig_record_status,True,provenance_only,S001
M4-FUNG-0099,26,sheet_record_status,True,administrative_excluded,
M4-FUNG-0099,27,annotation_status,True,administrative_excluded,
M4-FUNG-0100,26,sheet_record_status,True,administrative_excluded,
M4-FUNG-0100,27,annotation_status,True,administrative_excluded,
M4-FUNG-0101,5,mibig_record_status,True,provenance_only,S001
M4-FUNG-0101,26,sheet_record_status,True,administrative_excluded,
M4-FUNG-0101,27,annotation_status,True,administrative_excluded,
M4-FUNG-0102,5,mibig_record_status,True,provenance_only,S001
M4-FUNG-0102,26,sheet_record_status,True,administrative_excluded,
M4-FUNG-0102,27,annotation_status,True,administrative_excluded,
M4-FUNG-0103,26,sheet_record_status,True,administrative_excluded,
M4-FUNG-0103,27,annotation_status,True,administrative_excluded,
M4-FUNG-0104,26,sheet_record_status,True,administrative_excluded,
M4-FUNG-0104,27,annotation_status,True,administrative_excluded,
M4-FUNG-0105,26,sheet_record_status,True,administrative_excluded,
M4-FUNG-0105,27,annotation_status,True,administrative_excluded,
M4-FUNG-0106,5,mibig_record_status,True,provenance_only,S001
M4-FUNG-0106,26,sheet_record_status,True,administrative_excluded,
M4-FUNG-0106,27,annotation_status,True,administrative_excluded,
M4-FUNG-0107,7,schema_version,True,administrative_excluded,
M4-FUNG-0107,8,dossier_id,True,administrative_excluded,
M4-FUNG-0107,9,annotation_status,True,administrative_excluded,
M4-FUNG-0107,10,annotation_date,True,administrative_excluded,
M4-FUNG-0107,14,mibig_record_status,True,provenance_only,S001
M4-FUNG-0108,7,schema_version,True,administrative_excluded,
M4-FUNG-0108,8,dossier_id,True,administrative_excluded,
M4-FUNG-0108,9,annotation_status,True,administrative_excluded,
M4-FUNG-0108,10,annotation_date,True,administrative_excluded,
M4-FUNG-0108,14,mibig_record_status,True,provenance_only,S001
M4-FUNG-0109,7,schema_version,True,administrative_excluded,
M4-FUNG-0109,8,dossier_id,True,administrative_excluded,
M4-FUNG-0109,9,annotation_status,True,administrative_excluded,
M4-FUNG-0109,10,annotation_date,True,administrative_excluded,
M4-FUNG-0109,14,mibig_record_status,True,provenance_only,S001
M4-FUNG-0110,7,schema_version,True,administrative_excluded,
M4-FUNG-0110,8,dossier_id,True,administrative_excluded,
M4-FUNG-0110,9,annotation_status,True,administrative_excluded,
M4-FUNG-0110,10,annotation_date,True,administrative_excluded,
M4-FUNG-0110,14,mibig_record_status,True,provenance_only,S001
M4-FUNG-0111,7,schema_version,True,administrative_excluded,
M4-FUNG-0111,8,dossier_id,True,administrative_excluded,
M4-FUNG-0111,9,annotation_status,True,administrative_excluded,
M4-FUNG-0111,10,annotation_date,True,administrative_excluded,
M4-FUNG-0111,14,mibig_record_status,True,provenance_only,S001
M4-FUNG-0112,7,schema_version,True,administrative_excluded,
M4-FUNG-0112,8,dossier_id,True,administrative_excluded,
M4-FUNG-0112,9,annotation_status,True,administrative_excluded,
M4-FUNG-0112,10,annotation_date,True,administrative_excluded,
M4-FUNG-0112,14,mibig_record_status,True,provenance_only,S001
M4-FUNG-0113,7,schema_version,True,administrative_excluded,
M4-FUNG-0113,8,dossier_id,True,administrative_excluded,
M4-FUNG-0113,9,annotation_status,True,administrative_excluded,
M4-FUNG-0113,10,annotation_date,True,administrative_excluded,
M4-FUNG-0113,14,mibig_record_status,True,provenance_only,S001
M4-FUNG-0114,7,schema_version,True,administrative_excluded,
M4-FUNG-0114,8,dossier_id,True,administrative_excluded,
M4-FUNG-0114,9,annotation_status,True,administrative_excluded,
M4-FUNG-0114,10,annotation_date,True,administrative_excluded,
M4-FUNG-0114,14,mibig_record_status,True,provenance_only,S001
M4-FUNG-0115,7,schema_version,True,administrative_excluded,
M4-FUNG-0115,8,dossier_id,True,administrative_excluded,
M4-FUNG-0115,9,annotation_status,True,administrative_excluded,
M4-FUNG-0115,10,annotation_date,True,administrative_excluded,
M4-FUNG-0115,14,mibig_record_status,True,provenance_only,S001
M4-FUNG-0116,7,schema_version,True,administrative_excluded,
M4-FUNG-0116,8,dossier_id,True,administrative_excluded,
M4-FUNG-0116,9,annotation_status,True,administrative_excluded,
M4-FUNG-0116,10,annotation_date,True,administrative_excluded,
M4-FUNG-0116,14,mibig_record_status,True,provenance_only,S001
M4-FUNG-0117,5,schema_version,True,administrative_excluded,
M4-FUNG-0117,6,dossier_id,True,administrative_excluded,
M4-FUNG-0117,7,annotation_date,True,administrative_excluded,
M4-FUNG-0117,10,mibig_record_status,True,provenance_only,S001
M4-FUNG-0117,24,annotation_status,True,administrative_excluded,
M4-FUNG-0118,5,schema_version,True,administrative_excluded,
M4-FUNG-0118,6,dossier_id,True,administrative_excluded,
M4-FUNG-0118,7,annotation_date,True,administrative_excluded,
M4-FUNG-0118,10,mibig_record_status,True,provenance_only,S001
M4-FUNG-0118,23,annotation_status,True,administrative_excluded,
M4-FUNG-0119,5,schema_version,True,administrative_excluded,
M4-FUNG-0119,6,dossier_id,True,administrative_excluded,
M4-FUNG-0119,7,annotation_date,True,administrative_excluded,
M4-FUNG-0119,10,mibig_record_status,True,provenance_only,S001
M4-FUNG-0119,23,annotation_status,True,administrative_excluded,
M4-FUNG-0120,5,schema_version,True,administrative_excluded,
M4-FUNG-0120,6,dossier_id,True,administrative_excluded,
M4-FUNG-0120,7,annotation_date,True,administrative_excluded,
M4-FUNG-0120,10,mibig_record_status,True,provenance_only,S001
M4-FUNG-0120,24,annotation_status,True,administrative_excluded,
M4-FUNG-0121,5,schema_version,True,administrative_excluded,
M4-FUNG-0121,6,dossier_id,True,administrative_excluded,
M4-FUNG-0121,7,annotation_date,True,administrative_excluded,
M4-FUNG-0121,10,mibig_record_status,True,provenance_only,S001
M4-FUNG-0121,22,annotation_status,True,administrative_excluded,
M4-FUNG-0122,5,schema_version,True,administrative_excluded,
M4-FUNG-0122,6,dossier_id,True,administrative_excluded,
M4-FUNG-0122,7,annotation_date,True,administrative_excluded,
M4-FUNG-0122,10,mibig_record_status,True,provenance_only,S001
M4-FUNG-0122,24,annotation_status,True,administrative_excluded,
M4-FUNG-0123,5,schema_version,True,administrative_excluded,
M4-FUNG-0123,6,dossier_id,True,administrative_excluded,
M4-FUNG-0123,7,annotation_date,True,administrative_excluded,
M4-FUNG-0123,10,mibig_record_status,True,provenance_only,S001
M4-FUNG-0123,23,annotation_status,True,administrative_excluded,
M4-FUNG-0124,5,schema_version,True,administrative_excluded,
M4-FUNG-0124,6,dossier_id,True,administrative_excluded,
M4-FUNG-0124,7,annotation_date,True,administrative_excluded,
M4-FUNG-0124,10,mibig_record_status,True,provenance_only,S001
M4-FUNG-0124,23,annotation_status,True,administrative_excluded,
M4-FUNG-0125,5,schema_version,True,administrative_excluded,
M4-FUNG-0125,6,dossier_id,True,administrative_excluded,
M4-FUNG-0125,7,annotation_date,True,administrative_excluded,
M4-FUNG-0125,10,mibig_record_status,True,provenance_only,S001
M4-FUNG-0125,24,annotation_status,True,administrative_excluded,
M4-FUNG-0126,5,schema_version,True,administrative_excluded,
M4-FUNG-0126,6,dossier_id,True,administrative_excluded,
M4-FUNG-0126,7,annotation_date,True,administrative_excluded,
M4-FUNG-0126,10,mibig_record_status,True,provenance_only,S001
M4-FUNG-0126,23,annotation_status,True,administrative_excluded,
M4-FUNG-0127,7,schema_version,True,administrative_excluded,
M4-FUNG-0127,8,dossier_id,True,administrative_excluded,
M4-FUNG-0127,9,sheet_record_status,True,administrative_excluded,
M4-FUNG-0127,10,annotation_status,True,administrative_excluded,
M4-FUNG-0127,11,annotation_date,True,administrative_excluded,
M4-FUNG-0127,15,mibig_record_status,True,provenance_only,S001
M4-FUNG-0127,33,claim.legacy_support_annotation,True,provenance_only,S003
M4-FUNG-0127,34,claim.legacy_support_annotation,True,provenance_only,S003
M4-FUNG-0128,7,schema_version,True,administrative_excluded,
M4-FUNG-0128,8,dossier_id,True,administrative_excluded,
M4-FUNG-0128,9,sheet_record_status,True,administrative_excluded,
M4-FUNG-0128,10,annotation_status,True,administrative_excluded,
M4-FUNG-0128,11,annotation_date,True,administrative_excluded,
M4-FUNG-0128,15,mibig_record_status,True,provenance_only,S001
M4-FUNG-0128,32,claim.legacy_support_annotation,True,provenance_only,S003; S004
M4-FUNG-0129,7,schema_version,True,administrative_excluded,
M4-FUNG-0129,8,dossier_id,True,administrative_excluded,
M4-FUNG-0129,9,sheet_record_status,True,administrative_excluded,
M4-FUNG-0129,10,annotation_status,True,administrative_excluded,
M4-FUNG-0129,11,annotation_date,True,administrative_excluded,
M4-FUNG-0129,15,mibig_record_status,True,provenance_only,S001
M4-FUNG-0129,31,claim.legacy_support_annotation,True,provenance_only,S003
M4-FUNG-0130,7,schema_version,True,administrative_excluded,
M4-FUNG-0130,8,dossier_id,True,administrative_excluded,
M4-FUNG-0130,9,sheet_record_status,True,administrative_excluded,
M4-FUNG-0130,10,annotation_status,True,administrative_excluded,
M4-FUNG-0130,11,annotation_date,True,administrative_excluded,
M4-FUNG-0130,15,mibig_record_status,True,provenance_only,S001
M4-FUNG-0130,31,relationship.legacy_support_annotation,True,provenance_only,S001; S004
M4-FUNG-0131,7,schema_version,True,administrative_excluded,
M4-FUNG-0131,8,dossier_id,True,administrative_excluded,
M4-FUNG-0131,9,sheet_record_status,True,administrative_excluded,
M4-FUNG-0131,10,annotation_status,True,administrative_excluded,
M4-FUNG-0131,11,annotation_date,True,administrative_excluded,
M4-FUNG-0131,15,mibig_record_status,True,provenance_only,S001
M4-FUNG-0131,31,relationship.legacy_support_annotation,True,provenance_only,S001; S004
M4-FUNG-0132,7,schema_version,True,administrative_excluded,
M4-FUNG-0132,8,dossier_id,True,administrative_excluded,
M4-FUNG-0132,9,sheet_record_status,True,administrative_excluded,
M4-FUNG-0132,10,annotation_status,True,administrative_excluded,
M4-FUNG-0132,11,annotation_date,True,administrative_excluded,
M4-FUNG-0132,15,mibig_record_status,True,provenance_only,S001
M4-FUNG-0133,7,schema_version,True,administrative_excluded,
M4-FUNG-0133,8,dossier_id,True,administrative_excluded,
M4-FUNG-0133,9,sheet_record_status,True,administrative_excluded,
M4-FUNG-0133,10,annotation_status,True,administrative_excluded,
M4-FUNG-0133,11,annotation_date,True,administrative_excluded,
M4-FUNG-0133,15,mibig_record_status,True,provenance_only,S001
M4-FUNG-0134,7,schema_version,True,administrative_excluded,
M4-FUNG-0134,8,dossier_id,True,administrative_excluded,
M4-FUNG-0134,9,sheet_record_status,True,administrative_excluded,
M4-FUNG-0134,10,annotation_status,True,administrative_excluded,
M4-FUNG-0134,11,annotation_date,True,administrative_excluded,
M4-FUNG-0134,15,mibig_record_status,True,provenance_only,S001
M4-FUNG-0135,7,schema_version,True,administrative_excluded,
M4-FUNG-0135,8,dossier_id,True,administrative_excluded,
M4-FUNG-0135,9,sheet_record_status,True,administrative_excluded,
M4-FUNG-0135,10,annotation_status,True,administrative_excluded,
M4-FUNG-0135,11,annotation_date,True,administrative_excluded,
M4-FUNG-0135,15,mibig_record_status,True,provenance_only,S001
M4-FUNG-0136,7,schema_version,True,administrative_excluded,
M4-FUNG-0136,8,dossier_id,True,administrative_excluded,
M4-FUNG-0136,9,sheet_record_status,True,administrative_excluded,
M4-FUNG-0136,10,annotation_status,True,administrative_excluded,
M4-FUNG-0136,11,annotation_date,True,administrative_excluded,
M4-FUNG-0136,15,mibig_record_status,True,provenance_only,S001
M4-FUNG-0137,7,schema_version,True,administrative_excluded,
M4-FUNG-0137,8,dossier_id,True,administrative_excluded,
M4-FUNG-0137,9,sheet_record_status,True,administrative_excluded,
M4-FUNG-0137,10,annotation_status,True,administrative_excluded,
M4-FUNG-0137,11,annotation_date,True,administrative_excluded,
M4-FUNG-0137,15,mibig_record_status,True,provenance_only,S001
M4-FUNG-0138,7,schema_version,True,administrative_excluded,
M4-FUNG-0138,8,dossier_id,True,administrative_excluded,
M4-FUNG-0138,9,sheet_record_status,True,administrative_excluded,
M4-FUNG-0138,10,annotation_status,True,administrative_excluded,
M4-FUNG-0138,11,annotation_date,True,administrative_excluded,
M4-FUNG-0138,15,mibig_record_status,True,provenance_only,S001
M4-FUNG-0139,7,schema_version,True,administrative_excluded,
M4-FUNG-0139,8,dossier_id,True,administrative_excluded,
M4-FUNG-0139,9,sheet_record_status,True,administrative_excluded,
M4-FUNG-0139,10,annotation_status,True,administrative_excluded,
M4-FUNG-0139,11,annotation_date,True,administrative_excluded,
M4-FUNG-0139,15,mibig_record_status,True,provenance_only,S001
M4-FUNG-0140,7,schema_version,True,administrative_excluded,
M4-FUNG-0140,8,dossier_id,True,administrative_excluded,
M4-FUNG-0140,9,sheet_record_status,True,administrative_excluded,
M4-FUNG-0140,10,annotation_status,True,administrative_excluded,
M4-FUNG-0140,11,annotation_date,True,administrative_excluded,
M4-FUNG-0140,15,mibig_record_status,True,provenance_only,S001
M4-FUNG-0141,7,schema_version,True,administrative_excluded,
M4-FUNG-0141,8,dossier_id,True,administrative_excluded,
M4-FUNG-0141,9,sheet_record_status,True,administrative_excluded,
M4-FUNG-0141,10,annotation_status,True,administrative_excluded,
M4-FUNG-0141,11,annotation_date,True,administrative_excluded,
M4-FUNG-0141,15,mibig_record_status,True,provenance_only,S001
M4-FUNG-0142,7,schema_version,True,administrative_excluded,
M4-FUNG-0142,8,dossier_id,True,administrative_excluded,
M4-FUNG-0142,9,sheet_record_status,True,administrative_excluded,
M4-FUNG-0142,10,annotation_status,True,administrative_excluded,
M4-FUNG-0142,11,annotation_date,True,administrative_excluded,
M4-FUNG-0142,15,mibig_record_status,True,provenance_only,S001
M4-FUNG-0143,7,schema_version,True,administrative_excluded,
M4-FUNG-0143,8,dossier_id,True,administrative_excluded,
M4-FUNG-0143,9,sheet_record_status,True,administrative_excluded,
M4-FUNG-0143,10,annotation_status,True,administrative_excluded,
M4-FUNG-0143,11,annotation_date,True,administrative_excluded,
M4-FUNG-0143,15,mibig_record_status,True,provenance_only,S001
M4-FUNG-0144,7,schema_version,True,administrative_excluded,
M4-FUNG-0144,8,dossier_id,True,administrative_excluded,
M4-FUNG-0144,9,sheet_record_status,True,administrative_excluded,
M4-FUNG-0144,10,annotation_status,True,administrative_excluded,
M4-FUNG-0144,11,annotation_date,True,administrative_excluded,
M4-FUNG-0144,15,mibig_record_status,True,provenance_only,S001
M4-FUNG-0145,7,schema_version,True,administrative_excluded,
M4-FUNG-0145,8,dossier_id,True,administrative_excluded,
M4-FUNG-0145,9,sheet_record_status,True,administrative_excluded,
M4-FUNG-0145,10,annotation_status,True,administrative_excluded,
M4-FUNG-0145,11,annotation_date,True,administrative_excluded,
M4-FUNG-0145,15,mibig_record_status,True,provenance_only,S001
M4-FUNG-0146,7,schema_version,True,administrative_excluded,
M4-FUNG-0146,8,dossier_id,True,administrative_excluded,
M4-FUNG-0146,9,sheet_record_status,True,administrative_excluded,
M4-FUNG-0146,10,annotation_status,True,administrative_excluded,
M4-FUNG-0146,11,annotation_date,True,administrative_excluded,
M4-FUNG-0146,15,mibig_record_status,True,provenance_only,S001
M4-FUNG-0147,7,schema_version,True,administrative_excluded,
M4-FUNG-0147,8,dossier_id,True,administrative_excluded,
M4-FUNG-0147,9,sheet_record_status,True,administrative_excluded,
M4-FUNG-0147,10,annotation_status,True,administrative_excluded,
M4-FUNG-0147,11,annotation_date,True,administrative_excluded,
M4-FUNG-0147,12,last_reviewed_date,True,administrative_excluded,
M4-FUNG-0147,16,mibig_record_status,True,provenance_only,S001
M4-FUNG-0147,31,claim.legacy_support_annotation,True,provenance_only,S004
M4-FUNG-0147,32,claim.legacy_support_annotation,True,provenance_only,S004; S005
M4-FUNG-0147,34,relationship.legacy_support_annotation,True,provenance_only,S004
M4-FUNG-0148,7,schema_version,True,administrative_excluded,
M4-FUNG-0148,8,dossier_id,True,administrative_excluded,
M4-FUNG-0148,9,sheet_record_status,True,administrative_excluded,
M4-FUNG-0148,10,annotation_status,True,administrative_excluded,
M4-FUNG-0148,11,annotation_date,True,administrative_excluded,
M4-FUNG-0148,15,mibig_record_status,True,provenance_only,S001
M4-FUNG-0148,27,claim.legacy_support_annotation,True,provenance_only,S003
M4-FUNG-0148,29,relationship.legacy_support_annotation,True,provenance_only,S004
M4-FUNG-0149,7,schema_version,True,administrative_excluded,
M4-FUNG-0149,8,dossier_id,True,administrative_excluded,
M4-FUNG-0149,9,sheet_record_status,True,administrative_excluded,
M4-FUNG-0149,10,annotation_status,True,administrative_excluded,
M4-FUNG-0149,11,annotation_date,True,administrative_excluded,
M4-FUNG-0149,15,mibig_record_status,True,provenance_only,S001
M4-FUNG-0149,27,claim.legacy_support_annotation,True,provenance_only,S003
M4-FUNG-0149,29,relationship.legacy_support_annotation,True,provenance_only,S001; S004
M4-FUNG-0150,7,schema_version,True,administrative_excluded,
M4-FUNG-0150,8,dossier_id,True,administrative_excluded,
M4-FUNG-0150,9,sheet_record_status,True,administrative_excluded,
M4-FUNG-0150,10,annotation_status,True,administrative_excluded,
M4-FUNG-0150,11,annotation_date,True,administrative_excluded,
M4-FUNG-0150,15,mibig_record_status,True,provenance_only,S001
M4-FUNG-0150,28,claim.legacy_support_annotation,True,provenance_only,S003
M4-FUNG-0150,30,relationship.legacy_support_annotation,True,provenance_only,S001; S004
M4-FUNG-0151,7,schema_version,True,administrative_excluded,
M4-FUNG-0151,8,dossier_id,True,administrative_excluded,
M4-FUNG-0151,9,sheet_record_status,True,administrative_excluded,
M4-FUNG-0151,10,annotation_status,True,administrative_excluded,
M4-FUNG-0151,11,annotation_date,True,administrative_excluded,
M4-FUNG-0151,15,mibig_record_status,True,provenance_only,S001; S002
M4-FUNG-0151,29,claim.legacy_support_annotation,True,provenance_only,S003
M4-FUNG-0151,30,claim.legacy_support_annotation,True,provenance_only,S004; S005
M4-FUNG-0151,32,relationship.legacy_support_annotation,True,provenance_only,S005
M4-FUNG-0152,7,schema_version,True,administrative_excluded,
M4-FUNG-0152,8,dossier_id,True,administrative_excluded,
M4-FUNG-0152,9,sheet_record_status,True,administrative_excluded,
M4-FUNG-0152,10,annotation_status,True,administrative_excluded,
M4-FUNG-0152,11,annotation_date,True,administrative_excluded,
M4-FUNG-0152,15,mibig_record_status,True,provenance_only,S001
M4-FUNG-0152,29,claim.legacy_support_annotation,True,provenance_only,S003
M4-FUNG-0152,30,claim.legacy_support_annotation,True,provenance_only,S003
M4-FUNG-0152,32,relationship.legacy_support_annotation,True,provenance_only,S003
M4-FUNG-0153,7,schema_version,True,administrative_excluded,
M4-FUNG-0153,8,dossier_id,True,administrative_excluded,
M4-FUNG-0153,9,sheet_record_status,True,administrative_excluded,
M4-FUNG-0153,10,annotation_status,True,administrative_excluded,
M4-FUNG-0153,11,annotation_date,True,administrative_excluded,
M4-FUNG-0153,15,mibig_record_status,True,provenance_only,S001
M4-FUNG-0153,28,claim.legacy_support_annotation,True,provenance_only,S003
M4-FUNG-0153,30,relationship.legacy_support_annotation,True,provenance_only,S003
M4-FUNG-0154,7,schema_version,True,administrative_excluded,
M4-FUNG-0154,8,dossier_id,True,administrative_excluded,
M4-FUNG-0154,9,sheet_record_status,True,administrative_excluded,
M4-FUNG-0154,10,annotation_status,True,administrative_excluded,
M4-FUNG-0154,11,annotation_date,True,administrative_excluded,
M4-FUNG-0154,15,mibig_record_status,True,provenance_only,S001
M4-FUNG-0154,30,claim.legacy_support_annotation,True,provenance_only,S003
M4-FUNG-0154,31,claim.legacy_support_annotation,True,provenance_only,S004
M4-FUNG-0154,33,relationship.legacy_support_annotation,True,provenance_only,S003; S004
M4-FUNG-0155,7,schema_version,True,administrative_excluded,
M4-FUNG-0155,8,dossier_id,True,administrative_excluded,
M4-FUNG-0155,9,sheet_record_status,True,administrative_excluded,
M4-FUNG-0155,10,annotation_status,True,administrative_excluded,
M4-FUNG-0155,11,annotation_date,True,administrative_excluded,
M4-FUNG-0155,15,mibig_record_status,True,provenance_only,S001; S002
M4-FUNG-0155,29,claim.legacy_support_annotation,True,provenance_only,S003
M4-FUNG-0155,31,relationship.legacy_support_annotation,True,provenance_only,S003
M4-FUNG-0156,7,schema_version,True,administrative_excluded,
M4-FUNG-0156,8,dossier_id,True,administrative_excluded,
M4-FUNG-0156,9,sheet_record_status,True,administrative_excluded,
M4-FUNG-0156,10,annotation_status,True,administrative_excluded,
M4-FUNG-0156,11,annotation_date,True,administrative_excluded,
M4-FUNG-0156,15,mibig_record_status,True,provenance_only,S001
M4-FUNG-0156,29,claim.legacy_support_annotation,True,provenance_only,S003
M4-FUNG-0156,30,claim.legacy_support_annotation,True,provenance_only,S001; S003
M4-FUNG-0156,32,relationship.legacy_support_annotation,True,provenance_only,S002
M4-FUNG-0157,7,schema_version,True,administrative_excluded,
M4-FUNG-0157,8,dossier_id,True,administrative_excluded,
M4-FUNG-0157,9,sheet_record_status,True,administrative_excluded,
M4-FUNG-0157,10,annotation_status,True,administrative_excluded,
M4-FUNG-0157,11,annotation_date,True,administrative_excluded,
M4-FUNG-0157,15,mibig_record_status,True,provenance_only,S001
M4-FUNG-0157,29,claim.legacy_support_annotation,True,provenance_only,S003; S004
M4-FUNG-0157,30,claim.legacy_support_annotation,True,provenance_only,S003
M4-FUNG-0157,32,relationship.legacy_support_annotation,True,provenance_only,S003
M4-FUNG-0158,7,schema_version,True,administrative_excluded,
M4-FUNG-0158,8,dossier_id,True,administrative_excluded,
M4-FUNG-0158,9,sheet_record_status,True,administrative_excluded,
M4-FUNG-0158,10,annotation_status,True,administrative_excluded,
M4-FUNG-0158,11,annotation_date,True,administrative_excluded,
M4-FUNG-0158,15,mibig_record_status,True,provenance_only,S001
M4-FUNG-0158,29,claim.legacy_support_annotation,True,provenance_only,S003
M4-FUNG-0158,30,claim.legacy_support_annotation,True,provenance_only,S001; S003
M4-FUNG-0158,32,relationship.legacy_support_annotation,True,provenance_only,S003
M4-FUNG-0159,7,schema_version,True,administrative_excluded,
M4-FUNG-0159,8,dossier_id,True,administrative_excluded,
M4-FUNG-0159,9,sheet_record_status,True,administrative_excluded,
M4-FUNG-0159,10,annotation_status,True,administrative_excluded,
M4-FUNG-0159,11,annotation_date,True,administrative_excluded,
M4-FUNG-0159,15,mibig_record_status,True,provenance_only,S001
M4-FUNG-0159,29,claim.legacy_support_annotation,True,provenance_only,S003
M4-FUNG-0159,30,claim.legacy_support_annotation,True,provenance_only,S003
M4-FUNG-0159,32,relationship.legacy_support_annotation,True,provenance_only,S003
M4-FUNG-0160,7,schema_version,True,administrative_excluded,
M4-FUNG-0160,8,dossier_id,True,administrative_excluded,
M4-FUNG-0160,9,sheet_record_status,True,administrative_excluded,
M4-FUNG-0160,10,annotation_status,True,administrative_excluded,
M4-FUNG-0160,11,annotation_date,True,administrative_excluded,
M4-FUNG-0160,15,mibig_record_status,True,provenance_only,S001
M4-FUNG-0160,29,claim.legacy_support_annotation,True,provenance_only,S004
M4-FUNG-0160,30,claim.legacy_support_annotation,True,provenance_only,S004
M4-FUNG-0160,32,relationship.legacy_support_annotation,True,provenance_only,S001; S004
M4-FUNG-0161,7,schema_version,True,administrative_excluded,
M4-FUNG-0161,8,dossier_id,True,administrative_excluded,
M4-FUNG-0161,9,sheet_record_status,True,administrative_excluded,
M4-FUNG-0161,10,annotation_status,True,administrative_excluded,
M4-FUNG-0161,11,annotation_date,True,administrative_excluded,
M4-FUNG-0161,15,mibig_record_status,True,provenance_only,S001
M4-FUNG-0161,29,claim.legacy_support_annotation,True,provenance_only,S003
M4-FUNG-0161,30,claim.legacy_support_annotation,True,provenance_only,S003
M4-FUNG-0161,32,relationship.legacy_support_annotation,True,provenance_only,S003
M4-FUNG-0162,7,schema_version,True,administrative_excluded,
M4-FUNG-0162,8,dossier_id,True,administrative_excluded,
M4-FUNG-0162,9,sheet_record_status,True,administrative_excluded,
M4-FUNG-0162,10,annotation_status,True,administrative_excluded,
M4-FUNG-0162,11,annotation_date,True,administrative_excluded,
M4-FUNG-0162,15,mibig_record_status,True,provenance_only,S001
M4-FUNG-0162,29,claim.legacy_support_annotation,True,provenance_only,S001; S003
M4-FUNG-0162,30,claim.legacy_support_annotation,True,provenance_only,S003
M4-FUNG-0162,32,relationship.legacy_support_annotation,True,provenance_only,S001; S004
M4-FUNG-0163,7,schema_version,True,administrative_excluded,
M4-FUNG-0163,8,dossier_id,True,administrative_excluded,
M4-FUNG-0163,9,sheet_record_status,True,administrative_excluded,
M4-FUNG-0163,10,annotation_status,True,administrative_excluded,
M4-FUNG-0163,11,annotation_date,True,administrative_excluded,
M4-FUNG-0163,15,mibig_record_status,True,provenance_only,S001
M4-FUNG-0163,29,claim.legacy_support_annotation,True,provenance_only,S003
M4-FUNG-0163,30,claim.legacy_support_annotation,True,provenance_only,S003
M4-FUNG-0163,32,relationship.legacy_support_annotation,True,provenance_only,S003
M4-FUNG-0164,7,schema_version,True,administrative_excluded,
M4-FUNG-0164,8,dossier_id,True,administrative_excluded,
M4-FUNG-0164,9,sheet_record_status,True,administrative_excluded,
M4-FUNG-0164,10,annotation_status,True,administrative_excluded,
M4-FUNG-0164,11,annotation_date,True,administrative_excluded,
M4-FUNG-0164,15,mibig_record_status,True,provenance_only,S001
M4-FUNG-0164,29,claim.legacy_support_annotation,True,provenance_only,S005
M4-FUNG-0164,30,claim.legacy_support_annotation,True,provenance_only,S003; S004; S005
M4-FUNG-0164,32,relationship.legacy_support_annotation,True,provenance_only,S005
M4-FUNG-0165,7,schema_version,True,administrative_excluded,
M4-FUNG-0165,8,dossier_id,True,administrative_excluded,
M4-FUNG-0165,9,sheet_record_status,True,administrative_excluded,
M4-FUNG-0165,10,annotation_status,True,administrative_excluded,
M4-FUNG-0165,11,annotation_date,True,administrative_excluded,
M4-FUNG-0165,15,mibig_record_status,True,provenance_only,S001
M4-FUNG-0165,29,claim.legacy_support_annotation,True,provenance_only,S003
M4-FUNG-0165,30,claim.legacy_support_annotation,True,provenance_only,S001; S003
M4-FUNG-0165,32,relationship.legacy_support_annotation,True,provenance_only,S003
M4-FUNG-0166,7,schema_version,True,administrative_excluded,
M4-FUNG-0166,8,dossier_id,True,administrative_excluded,
M4-FUNG-0166,9,sheet_record_status,True,administrative_excluded,
M4-FUNG-0166,10,annotation_status,True,administrative_excluded,
M4-FUNG-0166,11,annotation_date,True,administrative_excluded,
M4-FUNG-0166,15,mibig_record_status,True,provenance_only,S001
M4-FUNG-0166,29,claim.legacy_support_annotation,True,provenance_only,S003
M4-FUNG-0166,30,claim.legacy_support_annotation,True,provenance_only,S003
M4-FUNG-0166,32,relationship.legacy_support_annotation,True,provenance_only,S004
M4-FUNG-0167,7,schema_version,True,administrative_excluded,
M4-FUNG-0167,8,dossier_id,True,administrative_excluded,
M4-FUNG-0167,9,sheet_record_status,True,administrative_excluded,
M4-FUNG-0167,10,annotation_status,True,administrative_excluded,
M4-FUNG-0167,11,annotation_date,True,administrative_excluded,
M4-FUNG-0167,15,mibig_record_status,True,provenance_only,S001
M4-FUNG-0167,31,claim.legacy_support_annotation,True,provenance_only,S003
M4-FUNG-0167,32,claim.legacy_support_annotation,True,provenance_only,S003
M4-FUNG-0167,35,relationship.legacy_support_annotation,True,provenance_only,S003; S004
M4-FUNG-0168,7,schema_version,True,administrative_excluded,
M4-FUNG-0168,8,dossier_id,True,administrative_excluded,
M4-FUNG-0168,9,sheet_record_status,True,administrative_excluded,
M4-FUNG-0168,10,annotation_status,True,administrative_excluded,
M4-FUNG-0168,11,annotation_date,True,administrative_excluded,
M4-FUNG-0168,15,mibig_record_status,True,provenance_only,S001
M4-FUNG-0168,31,claim.legacy_support_annotation,True,provenance_only,S003
M4-FUNG-0168,32,claim.legacy_support_annotation,True,provenance_only,S003
M4-FUNG-0168,35,relationship.legacy_support_annotation,True,provenance_only,S003; S004
M4-FUNG-0169,7,schema_version,True,administrative_excluded,
M4-FUNG-0169,8,dossier_id,True,administrative_excluded,
M4-FUNG-0169,9,sheet_record_status,True,administrative_excluded,
M4-FUNG-0169,10,annotation_status,True,administrative_excluded,
M4-FUNG-0169,11,annotation_date,True,administrative_excluded,
M4-FUNG-0169,15,mibig_record_status,True,provenance_only,S001
M4-FUNG-0169,28,claim.legacy_support_annotation,True,provenance_only,S003
M4-FUNG-0169,29,claim.legacy_support_annotation,True,provenance_only,S004
M4-FUNG-0169,32,relationship.legacy_support_annotation,True,provenance_only,S003; S004
M4-FUNG-0170,7,schema_version,True,administrative_excluded,
M4-FUNG-0170,8,dossier_id,True,administrative_excluded,
M4-FUNG-0170,9,sheet_record_status,True,administrative_excluded,
M4-FUNG-0170,10,annotation_status,True,administrative_excluded,
M4-FUNG-0170,11,annotation_date,True,administrative_excluded,
M4-FUNG-0170,15,mibig_record_status,True,provenance_only,S001
M4-FUNG-0170,28,claim.legacy_support_annotation,True,provenance_only,S003; S004
M4-FUNG-0170,29,claim.legacy_support_annotation,True,provenance_only,S003; S004
M4-FUNG-0170,32,relationship.legacy_support_annotation,True,provenance_only,S003; S004
M4-FUNG-0171,7,schema_version,True,administrative_excluded,
M4-FUNG-0171,8,dossier_id,True,administrative_excluded,
M4-FUNG-0171,9,sheet_record_status,True,administrative_excluded,
M4-FUNG-0171,10,annotation_status,True,administrative_excluded,
M4-FUNG-0171,11,annotation_date,True,administrative_excluded,
M4-FUNG-0171,15,mibig_record_status,True,provenance_only,S001
M4-FUNG-0171,28,claim.legacy_support_annotation,True,provenance_only,S003
M4-FUNG-0171,29,claim.legacy_support_annotation,True,provenance_only,S003
M4-FUNG-0171,32,relationship.legacy_support_annotation,True,provenance_only,S004
M4-FUNG-0172,7,schema_version,True,administrative_excluded,
M4-FUNG-0172,8,dossier_id,True,administrative_excluded,
M4-FUNG-0172,9,sheet_record_status,True,administrative_excluded,
M4-FUNG-0172,10,annotation_status,True,administrative_excluded,
M4-FUNG-0172,11,annotation_date,True,administrative_excluded,
M4-FUNG-0172,15,mibig_record_status,True,provenance_only,S001
M4-FUNG-0172,28,claim.legacy_support_annotation,True,provenance_only,S003
M4-FUNG-0172,29,claim.legacy_support_annotation,True,provenance_only,S001; S003
M4-FUNG-0172,32,relationship.legacy_support_annotation,True,provenance_only,S002
M4-FUNG-0173,7,schema_version,True,administrative_excluded,
M4-FUNG-0173,8,dossier_id,True,administrative_excluded,
M4-FUNG-0173,9,sheet_record_status,True,administrative_excluded,
M4-FUNG-0173,10,annotation_status,True,administrative_excluded,
M4-FUNG-0173,11,annotation_date,True,administrative_excluded,
M4-FUNG-0173,15,mibig_record_status,True,provenance_only,S001
M4-FUNG-0173,28,claim.legacy_support_annotation,True,provenance_only,S003
M4-FUNG-0173,29,claim.legacy_support_annotation,True,provenance_only,S003; S004
M4-FUNG-0173,32,relationship.legacy_support_annotation,True,provenance_only,S003; S004
M4-FUNG-0174,7,schema_version,True,administrative_excluded,
M4-FUNG-0174,8,dossier_id,True,administrative_excluded,
M4-FUNG-0174,9,sheet_record_status,True,administrative_excluded,
M4-FUNG-0174,10,annotation_status,True,administrative_excluded,
M4-FUNG-0174,11,annotation_date,True,administrative_excluded,
M4-FUNG-0174,15,mibig_record_status,True,provenance_only,S001
M4-FUNG-0174,28,claim.legacy_support_annotation,True,provenance_only,S003; S004
M4-FUNG-0174,29,claim.legacy_support_annotation,True,provenance_only,S001
M4-FUNG-0174,32,relationship.legacy_support_annotation,True,provenance_only,S003; S004
M4-FUNG-0175,7,schema_version,True,administrative_excluded,
M4-FUNG-0175,8,dossier_id,True,administrative_excluded,
M4-FUNG-0175,9,sheet_record_status,True,administrative_excluded,
M4-FUNG-0175,10,annotation_status,True,administrative_excluded,
M4-FUNG-0175,11,annotation_date,True,administrative_excluded,
M4-FUNG-0175,15,mibig_record_status,True,provenance_only,S001
M4-FUNG-0175,27,claim.legacy_support_annotation,True,provenance_only,S003
M4-FUNG-0175,28,claim.legacy_support_annotation,True,provenance_only,S003
M4-FUNG-0175,31,relationship.legacy_support_annotation,True,provenance_only,S003
M4-FUNG-0176,7,schema_version,True,administrative_excluded,
M4-FUNG-0176,8,dossier_id,True,administrative_excluded,
M4-FUNG-0176,9,sheet_record_status,True,administrative_excluded,
M4-FUNG-0176,10,annotation_status,True,administrative_excluded,
M4-FUNG-0176,11,annotation_date,True,administrative_excluded,
M4-FUNG-0176,15,mibig_record_status,True,provenance_only,S001
M4-FUNG-0176,28,claim.legacy_support_annotation,True,provenance_only,S003
M4-FUNG-0176,29,claim.legacy_support_annotation,True,provenance_only,S003
M4-FUNG-0176,32,relationship.legacy_support_annotation,True,provenance_only,S003
M4-FUNG-0177,7,schema_version,True,administrative_excluded,
M4-FUNG-0177,8,dossier_id,True,administrative_excluded,
M4-FUNG-0177,9,sheet_record_status,True,administrative_excluded,
M4-FUNG-0177,10,annotation_status,True,administrative_excluded,
M4-FUNG-0177,11,annotation_date,True,administrative_excluded,
M4-FUNG-0177,15,mibig_record_status,True,provenance_only,S001
M4-FUNG-0177,28,claim.legacy_support_annotation,True,provenance_only,S003
M4-FUNG-0177,29,claim.legacy_support_annotation,True,provenance_only,S001; S003
M4-FUNG-0177,32,relationship.legacy_support_annotation,True,provenance_only,S003
M4-FUNG-0178,7,schema_version,True,administrative_excluded,
M4-FUNG-0178,8,dossier_id,True,administrative_excluded,
M4-FUNG-0178,9,sheet_record_status,True,administrative_excluded,
M4-FUNG-0178,10,annotation_status,True,administrative_excluded,
M4-FUNG-0178,11,annotation_date,True,administrative_excluded,
M4-FUNG-0178,15,mibig_record_status,True,provenance_only,S001
M4-FUNG-0178,28,claim.legacy_support_annotation,True,provenance_only,S003
M4-FUNG-0178,29,claim.legacy_support_annotation,True,provenance_only,S001; S003
M4-FUNG-0178,32,relationship.legacy_support_annotation,True,provenance_only,S003
M4-FUNG-0179,7,schema_version,True,administrative_excluded,
M4-FUNG-0179,8,dossier_id,True,administrative_excluded,
M4-FUNG-0179,9,sheet_record_status,True,administrative_excluded,
M4-FUNG-0179,10,annotation_status,True,administrative_excluded,
M4-FUNG-0179,11,annotation_date,True,administrative_excluded,
M4-FUNG-0179,15,mibig_record_status,True,provenance_only,S001
M4-FUNG-0179,28,claim.legacy_support_annotation,True,provenance_only,S001; S003
M4-FUNG-0179,29,claim.legacy_support_annotation,True,provenance_only,S003
M4-FUNG-0179,32,relationship.legacy_support_annotation,True,provenance_only,S003
M4-FUNG-0180,7,schema_version,True,administrative_excluded,
M4-FUNG-0180,8,dossier_id,True,administrative_excluded,
M4-FUNG-0180,9,sheet_record_status,True,administrative_excluded,
M4-FUNG-0180,10,annotation_status,True,administrative_excluded,
M4-FUNG-0180,11,annotation_date,True,administrative_excluded,
M4-FUNG-0180,15,mibig_record_status,True,provenance_only,S001
M4-FUNG-0180,28,claim.legacy_support_annotation,True,provenance_only,S003
M4-FUNG-0180,29,claim.legacy_support_annotation,True,provenance_only,S001; S003
M4-FUNG-0180,32,relationship.legacy_support_annotation,True,provenance_only,S003
M4-FUNG-0181,7,schema_version,True,administrative_excluded,
M4-FUNG-0181,8,dossier_id,True,administrative_excluded,
M4-FUNG-0181,9,sheet_record_status,True,administrative_excluded,
M4-FUNG-0181,10,annotation_status,True,administrative_excluded,
M4-FUNG-0181,11,annotation_date,True,administrative_excluded,
M4-FUNG-0181,15,mibig_record_status,True,provenance_only,S001; S002
M4-FUNG-0181,28,claim.legacy_support_annotation,True,provenance_only,S003
M4-FUNG-0181,29,claim.legacy_support_annotation,True,provenance_only,S001; S002
M4-FUNG-0181,32,relationship.legacy_support_annotation,True,provenance_only,S003
M4-FUNG-0182,7,schema_version,True,administrative_excluded,
M4-FUNG-0182,8,dossier_id,True,administrative_excluded,
M4-FUNG-0182,9,sheet_record_status,True,administrative_excluded,
M4-FUNG-0182,10,annotation_status,True,administrative_excluded,
M4-FUNG-0182,11,annotation_date,True,administrative_excluded,
M4-FUNG-0182,15,mibig_record_status,True,provenance_only,S001
M4-FUNG-0182,28,claim.legacy_support_annotation,True,provenance_only,S003
M4-FUNG-0182,29,claim.legacy_support_annotation,True,provenance_only,S001; S003
M4-FUNG-0182,32,relationship.legacy_support_annotation,True,provenance_only,S003
M4-FUNG-0183,7,schema_version,True,administrative_excluded,
M4-FUNG-0183,8,dossier_id,True,administrative_excluded,
M4-FUNG-0183,9,sheet_record_status,True,administrative_excluded,
M4-FUNG-0183,10,annotation_status,True,administrative_excluded,
M4-FUNG-0183,11,annotation_date,True,administrative_excluded,
M4-FUNG-0183,15,mibig_record_status,True,provenance_only,S001
M4-FUNG-0183,28,claim.legacy_support_annotation,True,provenance_only,S003
M4-FUNG-0183,29,claim.legacy_support_annotation,True,provenance_only,S003
M4-FUNG-0183,32,relationship.legacy_support_annotation,True,provenance_only,S001; S003
M4-FUNG-0184,7,schema_version,True,administrative_excluded,
M4-FUNG-0184,8,dossier_id,True,administrative_excluded,
M4-FUNG-0184,9,sheet_record_status,True,administrative_excluded,
M4-FUNG-0184,10,annotation_status,True,administrative_excluded,
M4-FUNG-0184,11,annotation_date,True,administrative_excluded,
M4-FUNG-0184,15,mibig_record_status,True,provenance_only,S001
M4-FUNG-0184,28,claim.legacy_support_annotation,True,provenance_only,S004
M4-FUNG-0184,29,claim.legacy_support_annotation,True,provenance_only,S004
M4-FUNG-0184,32,relationship.legacy_support_annotation,True,provenance_only,S003; S004
M4-FUNG-0185,7,schema_version,True,administrative_excluded,
M4-FUNG-0185,8,dossier_id,True,administrative_excluded,
M4-FUNG-0185,9,sheet_record_status,True,administrative_excluded,
M4-FUNG-0185,10,annotation_status,True,administrative_excluded,
M4-FUNG-0185,11,annotation_date,True,administrative_excluded,
M4-FUNG-0185,15,mibig_record_status,True,provenance_only,S001
M4-FUNG-0185,28,claim.legacy_support_annotation,True,provenance_only,S003
M4-FUNG-0185,29,claim.legacy_support_annotation,True,provenance_only,S001
M4-FUNG-0185,32,relationship.legacy_support_annotation,True,provenance_only,S001; S003
M4-FUNG-0186,7,schema_version,True,administrative_excluded,
M4-FUNG-0186,8,dossier_id,True,administrative_excluded,
M4-FUNG-0186,9,sheet_record_status,True,administrative_excluded,
M4-FUNG-0186,10,annotation_status,True,administrative_excluded,
M4-FUNG-0186,11,annotation_date,True,administrative_excluded,
M4-FUNG-0186,15,mibig_record_status,True,provenance_only,S001
M4-FUNG-0186,28,claim.legacy_support_annotation,True,provenance_only,S003
M4-FUNG-0186,29,claim.legacy_support_annotation,True,provenance_only,S003
M4-FUNG-0186,32,relationship.legacy_support_annotation,True,provenance_only,S001; S003
M4-FUNG-0187,7,schema_version,True,administrative_excluded,
M4-FUNG-0187,8,dossier_id,True,administrative_excluded,
M4-FUNG-0187,9,sheet_record_status,True,administrative_excluded,
M4-FUNG-0187,10,annotation_status,True,administrative_excluded,
M4-FUNG-0187,11,annotation_date,True,administrative_excluded,
M4-FUNG-0187,15,mibig_record_status,True,provenance_only,S001
M4-FUNG-0187,29,claim.legacy_support_annotation,True,provenance_only,S003
M4-FUNG-0187,30,claim.legacy_support_annotation,True,provenance_only,S003
M4-FUNG-0187,33,relationship.legacy_support_annotation,True,provenance_only,S001; S003
M4-FUNG-0188,7,schema_version,True,administrative_excluded,
M4-FUNG-0188,8,dossier_id,True,administrative_excluded,
M4-FUNG-0188,9,sheet_record_status,True,administrative_excluded,
M4-FUNG-0188,10,annotation_status,True,administrative_excluded,
M4-FUNG-0188,11,annotation_date,True,administrative_excluded,
M4-FUNG-0188,15,mibig_record_status,True,provenance_only,S001
M4-FUNG-0188,26,claim.legacy_support_annotation,True,provenance_only,S003
M4-FUNG-0188,29,relationship.legacy_support_annotation,True,provenance_only,S003
M4-FUNG-0189,7,schema_version,True,administrative_excluded,
M4-FUNG-0189,8,dossier_id,True,administrative_excluded,
M4-FUNG-0189,9,sheet_record_status,True,administrative_excluded,
M4-FUNG-0189,10,annotation_status,True,administrative_excluded,
M4-FUNG-0189,11,annotation_date,True,administrative_excluded,
M4-FUNG-0189,15,mibig_record_status,True,provenance_only,S001
M4-FUNG-0189,28,claim.legacy_support_annotation,True,provenance_only,S003
M4-FUNG-0189,31,relationship.legacy_support_annotation,True,provenance_only,S003
M4-FUNG-0190,7,schema_version,True,administrative_excluded,
M4-FUNG-0190,8,dossier_id,True,administrative_excluded,
M4-FUNG-0190,9,sheet_record_status,True,administrative_excluded,
M4-FUNG-0190,10,annotation_status,True,administrative_excluded,
M4-FUNG-0190,11,annotation_date,True,administrative_excluded,
M4-FUNG-0190,15,mibig_record_status,True,provenance_only,S001
M4-FUNG-0190,29,claim.legacy_support_annotation,True,provenance_only,S003; S004
M4-FUNG-0190,32,relationship.legacy_support_annotation,True,provenance_only,S003; S004
M4-FUNG-0191,7,schema_version,True,administrative_excluded,
M4-FUNG-0191,8,dossier_id,True,administrative_excluded,
M4-FUNG-0191,9,sheet_record_status,True,administrative_excluded,
M4-FUNG-0191,10,annotation_status,True,administrative_excluded,
M4-FUNG-0191,11,annotation_date,True,administrative_excluded,
M4-FUNG-0191,15,mibig_record_status,True,provenance_only,S001
M4-FUNG-0191,29,claim.legacy_support_annotation,True,provenance_only,S003
M4-FUNG-0191,32,relationship.legacy_support_annotation,True,provenance_only,S001; S003
M4-FUNG-0192,7,schema_version,True,administrative_excluded,
M4-FUNG-0192,8,dossier_id,True,administrative_excluded,
M4-FUNG-0192,9,sheet_record_status,True,administrative_excluded,
M4-FUNG-0192,10,annotation_status,True,administrative_excluded,
M4-FUNG-0192,11,annotation_date,True,administrative_excluded,
M4-FUNG-0192,15,mibig_record_status,True,provenance_only,S001
M4-FUNG-0192,28,claim.legacy_support_annotation,True,provenance_only,S003
M4-FUNG-0192,31,relationship.legacy_support_annotation,True,provenance_only,S001; S003
M4-FUNG-0193,7,schema_version,True,administrative_excluded,
M4-FUNG-0193,8,dossier_id,True,administrative_excluded,
M4-FUNG-0193,9,sheet_record_status,True,administrative_excluded,
M4-FUNG-0193,10,annotation_status,True,administrative_excluded,
M4-FUNG-0193,11,annotation_date,True,administrative_excluded,
M4-FUNG-0193,15,mibig_record_status,True,provenance_only,S001
M4-FUNG-0193,28,claim.legacy_support_annotation,True,provenance_only,S003
M4-FUNG-0193,31,relationship.legacy_support_annotation,True,provenance_only,S003
M4-FUNG-0194,7,schema_version,True,administrative_excluded,
M4-FUNG-0194,8,dossier_id,True,administrative_excluded,
M4-FUNG-0194,9,sheet_record_status,True,administrative_excluded,
M4-FUNG-0194,10,annotation_status,True,administrative_excluded,
M4-FUNG-0194,11,annotation_date,True,administrative_excluded,
M4-FUNG-0194,15,mibig_record_status,True,provenance_only,S001
M4-FUNG-0194,28,claim.legacy_support_annotation,True,provenance_only,S004
M4-FUNG-0194,29,claim.legacy_support_annotation,True,provenance_only,S003
M4-FUNG-0194,32,relationship.legacy_support_annotation,True,provenance_only,S003; S004
M4-FUNG-0195,7,schema_version,True,administrative_excluded,
M4-FUNG-0195,8,dossier_id,True,administrative_excluded,
M4-FUNG-0195,9,sheet_record_status,True,administrative_excluded,
M4-FUNG-0195,10,annotation_status,True,administrative_excluded,
M4-FUNG-0195,11,annotation_date,True,administrative_excluded,
M4-FUNG-0195,15,mibig_record_status,True,provenance_only,S001
M4-FUNG-0195,27,claim.legacy_support_annotation,True,provenance_only,S003
M4-FUNG-0195,28,claim.legacy_support_annotation,True,provenance_only,S003
M4-FUNG-0195,31,relationship.legacy_support_annotation,True,provenance_only,S003
M4-FUNG-0196,7,schema_version,True,administrative_excluded,
M4-FUNG-0196,8,dossier_id,True,administrative_excluded,
M4-FUNG-0196,9,sheet_record_status,True,administrative_excluded,
M4-FUNG-0196,10,annotation_status,True,administrative_excluded,
M4-FUNG-0196,11,annotation_date,True,administrative_excluded,
M4-FUNG-0196,15,mibig_record_status,True,provenance_only,S001
M4-FUNG-0196,28,claim.legacy_support_annotation,True,provenance_only,S003
M4-FUNG-0196,31,relationship.legacy_support_annotation,True,provenance_only,S003
M4-FUNG-0197,7,schema_version,True,administrative_excluded,
M4-FUNG-0197,8,dossier_id,True,administrative_excluded,
M4-FUNG-0197,9,sheet_record_status,True,administrative_excluded,
M4-FUNG-0197,10,annotation_status,True,administrative_excluded,
M4-FUNG-0197,11,annotation_date,True,administrative_excluded,
M4-FUNG-0197,15,mibig_record_status,True,provenance_only,S001; S002
M4-FUNG-0197,30,claim.legacy_support_annotation,True,provenance_only,S003
M4-FUNG-0197,33,relationship.legacy_support_annotation,True,provenance_only,S001
M4-FUNG-0198,7,schema_version,True,administrative_excluded,
M4-FUNG-0198,8,dossier_id,True,administrative_excluded,
M4-FUNG-0198,9,sheet_record_status,True,administrative_excluded,
M4-FUNG-0198,10,annotation_status,True,administrative_excluded,
M4-FUNG-0198,11,annotation_date,True,administrative_excluded,
M4-FUNG-0198,15,mibig_record_status,True,provenance_only,S001; S002
M4-FUNG-0198,30,claim.legacy_support_annotation,True,provenance_only,S003
M4-FUNG-0198,33,relationship.legacy_support_annotation,True,provenance_only,S003
M4-FUNG-0199,7,schema_version,True,administrative_excluded,
M4-FUNG-0199,8,dossier_id,True,administrative_excluded,
M4-FUNG-0199,9,sheet_record_status,True,administrative_excluded,
M4-FUNG-0199,10,annotation_status,True,administrative_excluded,
M4-FUNG-0199,11,annotation_date,True,administrative_excluded,
M4-FUNG-0199,15,mibig_record_status,True,provenance_only,S001; S002
M4-FUNG-0199,30,claim.legacy_support_annotation,True,provenance_only,S004
M4-FUNG-0199,33,relationship.legacy_support_annotation,True,provenance_only,S003
M4-FUNG-0200,7,schema_version,True,administrative_excluded,
M4-FUNG-0200,8,dossier_id,True,administrative_excluded,
M4-FUNG-0200,9,sheet_record_status,True,administrative_excluded,
M4-FUNG-0200,10,annotation_status,True,administrative_excluded,
M4-FUNG-0200,11,annotation_date,True,administrative_excluded,
M4-FUNG-0200,15,mibig_record_status,True,provenance_only,S001; S002
M4-FUNG-0200,30,claim.legacy_support_annotation,True,provenance_only,S003; S004
M4-FUNG-0200,33,relationship.legacy_support_annotation,True,provenance_only,S003; S004
M4-FUNG-0201,7,schema_version,True,administrative_excluded,
M4-FUNG-0201,8,dossier_id,True,administrative_excluded,
M4-FUNG-0201,9,sheet_record_status,True,administrative_excluded,
M4-FUNG-0201,10,annotation_status,True,administrative_excluded,
M4-FUNG-0201,11,annotation_date,True,administrative_excluded,
M4-FUNG-0201,15,mibig_record_status,True,provenance_only,S001; S002
M4-FUNG-0201,30,claim.legacy_support_annotation,True,provenance_only,S003
M4-FUNG-0201,33,relationship.legacy_support_annotation,True,provenance_only,S003
M4-FUNG-0202,7,schema_version,True,administrative_excluded,
M4-FUNG-0202,8,dossier_id,True,administrative_excluded,
M4-FUNG-0202,9,sheet_record_status,True,administrative_excluded,
M4-FUNG-0202,10,annotation_status,True,administrative_excluded,
M4-FUNG-0202,11,annotation_date,True,administrative_excluded,
M4-FUNG-0202,15,mibig_record_status,True,provenance_only,S001; S002
M4-FUNG-0202,30,claim.legacy_support_annotation,True,provenance_only,S003
M4-FUNG-0202,33,relationship.legacy_support_annotation,True,provenance_only,S004
M4-FUNG-0203,7,schema_version,True,administrative_excluded,
M4-FUNG-0203,8,dossier_id,True,administrative_excluded,
M4-FUNG-0203,9,sheet_record_status,True,administrative_excluded,
M4-FUNG-0203,10,annotation_status,True,administrative_excluded,
M4-FUNG-0203,11,annotation_date,True,administrative_excluded,
M4-FUNG-0203,15,mibig_record_status,True,provenance_only,S001; S002
M4-FUNG-0203,30,claim.legacy_support_annotation,True,provenance_only,S003
M4-FUNG-0203,33,relationship.legacy_support_annotation,True,provenance_only,S002; S003
M4-FUNG-0204,7,schema_version,True,administrative_excluded,
M4-FUNG-0204,8,dossier_id,True,administrative_excluded,
M4-FUNG-0204,9,sheet_record_status,True,administrative_excluded,
M4-FUNG-0204,10,annotation_status,True,administrative_excluded,
M4-FUNG-0204,11,annotation_date,True,administrative_excluded,
M4-FUNG-0204,15,mibig_record_status,True,provenance_only,S001; S002
M4-FUNG-0204,30,claim.legacy_support_annotation,True,provenance_only,S003
M4-FUNG-0204,33,relationship.legacy_support_annotation,True,provenance_only,S004
M4-FUNG-0205,7,schema_version,True,administrative_excluded,
M4-FUNG-0205,8,dossier_id,True,administrative_excluded,
M4-FUNG-0205,9,sheet_record_status,True,administrative_excluded,
M4-FUNG-0205,10,annotation_status,True,administrative_excluded,
M4-FUNG-0205,11,annotation_date,True,administrative_excluded,
M4-FUNG-0205,15,mibig_record_status,True,provenance_only,S001; S002
M4-FUNG-0205,30,claim.legacy_support_annotation,True,provenance_only,S003
M4-FUNG-0205,33,relationship.legacy_support_annotation,True,provenance_only,S003
M4-FUNG-0206,7,schema_version,True,administrative_excluded,
M4-FUNG-0206,8,dossier_id,True,administrative_excluded,
M4-FUNG-0206,9,sheet_record_status,True,administrative_excluded,
M4-FUNG-0206,10,annotation_status,True,administrative_excluded,
M4-FUNG-0206,11,annotation_date,True,administrative_excluded,
M4-FUNG-0206,15,mibig_record_status,True,provenance_only,S001; S002
M4-FUNG-0206,30,claim.legacy_support_annotation,True,provenance_only,S003
M4-FUNG-0206,33,relationship.legacy_support_annotation,True,provenance_only,S003
M4-FUNG-0207,7,schema_version,True,administrative_excluded,
M4-FUNG-0207,8,dossier_id,True,administrative_excluded,
M4-FUNG-0207,9,sheet_record_status,True,administrative_excluded,
M4-FUNG-0207,10,annotation_status,True,administrative_excluded,
M4-FUNG-0207,11,annotation_date,True,administrative_excluded,
M4-FUNG-0207,15,mibig_record_status,True,provenance_only,S001; S002
M4-FUNG-0207,29,claim.legacy_support_annotation,True,provenance_only,S001; S003
M4-FUNG-0207,32,relationship.legacy_support_annotation,True,provenance_only,S003
M4-FUNG-0208,7,schema_version,True,administrative_excluded,
M4-FUNG-0208,8,dossier_id,True,administrative_excluded,
M4-FUNG-0208,9,sheet_record_status,True,administrative_excluded,
M4-FUNG-0208,10,annotation_status,True,administrative_excluded,
M4-FUNG-0208,11,annotation_date,True,administrative_excluded,
M4-FUNG-0208,15,mibig_record_status,True,provenance_only,S001; S002
M4-FUNG-0208,29,claim.legacy_support_annotation,True,provenance_only,S003
M4-FUNG-0208,32,relationship.legacy_support_annotation,True,provenance_only,S003
M4-FUNG-0209,7,schema_version,True,administrative_excluded,
M4-FUNG-0209,8,dossier_id,True,administrative_excluded,
M4-FUNG-0209,9,sheet_record_status,True,administrative_excluded,
M4-FUNG-0209,10,annotation_status,True,administrative_excluded,
M4-FUNG-0209,11,annotation_date,True,administrative_excluded,
M4-FUNG-0209,15,mibig_record_status,True,provenance_only,S001; S002
M4-FUNG-0209,29,claim.legacy_support_annotation,True,provenance_only,S003
M4-FUNG-0209,32,relationship.legacy_support_annotation,True,provenance_only,S003
M4-FUNG-0210,7,schema_version,True,administrative_excluded,
M4-FUNG-0210,8,dossier_id,True,administrative_excluded,
M4-FUNG-0210,9,sheet_record_status,True,administrative_excluded,
M4-FUNG-0210,10,annotation_status,True,administrative_excluded,
M4-FUNG-0210,11,annotation_date,True,administrative_excluded,
M4-FUNG-0210,15,mibig_record_status,True,provenance_only,S001; S002
M4-FUNG-0210,29,claim.legacy_support_annotation,True,provenance_only,S003
M4-FUNG-0210,32,relationship.legacy_support_annotation,True,provenance_only,S003
M4-FUNG-0211,7,schema_version,True,administrative_excluded,
M4-FUNG-0211,8,dossier_id,True,administrative_excluded,
M4-FUNG-0211,9,sheet_record_status,True,administrative_excluded,
M4-FUNG-0211,10,annotation_status,True,administrative_excluded,
M4-FUNG-0211,11,annotation_date,True,administrative_excluded,
M4-FUNG-0211,15,mibig_record_status,True,provenance_only,S001; S002
M4-FUNG-0211,29,claim.legacy_support_annotation,True,provenance_only,S003
M4-FUNG-0211,32,relationship.legacy_support_annotation,True,provenance_only,S003
M4-FUNG-0212,7,schema_version,True,administrative_excluded,
M4-FUNG-0212,8,dossier_id,True,administrative_excluded,
M4-FUNG-0212,9,sheet_record_status,True,administrative_excluded,
M4-FUNG-0212,10,annotation_status,True,administrative_excluded,
M4-FUNG-0212,11,annotation_date,True,administrative_excluded,
M4-FUNG-0212,15,mibig_record_status,True,provenance_only,S001; S002
M4-FUNG-0212,29,claim.legacy_support_annotation,True,provenance_only,S003
M4-FUNG-0212,32,relationship.legacy_support_annotation,True,provenance_only,S001; S003
M4-FUNG-0213,7,schema_version,True,administrative_excluded,
M4-FUNG-0213,8,dossier_id,True,administrative_excluded,
M4-FUNG-0213,9,sheet_record_status,True,administrative_excluded,
M4-FUNG-0213,10,annotation_status,True,administrative_excluded,
M4-FUNG-0213,11,annotation_date,True,administrative_excluded,
M4-FUNG-0213,15,mibig_record_status,True,provenance_only,S001; S002
M4-FUNG-0213,29,claim.legacy_support_annotation,True,provenance_only,S003
M4-FUNG-0213,32,relationship.legacy_support_annotation,True,provenance_only,S003
M4-FUNG-0214,7,schema_version,True,administrative_excluded,
M4-FUNG-0214,8,dossier_id,True,administrative_excluded,
M4-FUNG-0214,9,sheet_record_status,True,administrative_excluded,
M4-FUNG-0214,10,annotation_status,True,administrative_excluded,
M4-FUNG-0214,11,annotation_date,True,administrative_excluded,
M4-FUNG-0214,15,mibig_record_status,True,provenance_only,S001; S002
M4-FUNG-0214,29,claim.legacy_support_annotation,True,provenance_only,S003
M4-FUNG-0214,32,relationship.legacy_support_annotation,True,provenance_only,S003
M4-FUNG-0215,7,schema_version,True,administrative_excluded,
M4-FUNG-0215,8,dossier_id,True,administrative_excluded,
M4-FUNG-0215,9,sheet_record_status,True,administrative_excluded,
M4-FUNG-0215,10,annotation_status,True,administrative_excluded,
M4-FUNG-0215,11,annotation_date,True,administrative_excluded,
M4-FUNG-0215,15,mibig_record_status,True,provenance_only,S001; S002
M4-FUNG-0215,29,claim.legacy_support_annotation,True,provenance_only,S003
M4-FUNG-0215,32,relationship.legacy_support_annotation,True,provenance_only,S003
M4-FUNG-0216,7,schema_version,True,administrative_excluded,
M4-FUNG-0216,8,dossier_id,True,administrative_excluded,
M4-FUNG-0216,9,sheet_record_status,True,administrative_excluded,
M4-FUNG-0216,10,annotation_status,True,administrative_excluded,
M4-FUNG-0216,11,annotation_date,True,administrative_excluded,
M4-FUNG-0216,15,mibig_record_status,True,provenance_only,S001; S002
M4-FUNG-0216,29,claim.legacy_support_annotation,True,provenance_only,S003
M4-FUNG-0216,32,relationship.legacy_support_annotation,True,provenance_only,S003
M4-FUNG-0217,7,schema_version,True,administrative_excluded,
M4-FUNG-0217,8,dossier_id,True,administrative_excluded,
M4-FUNG-0217,9,sheet_record_status,True,administrative_excluded,
M4-FUNG-0217,10,annotation_status,True,administrative_excluded,
M4-FUNG-0217,11,annotation_date,True,administrative_excluded,
M4-FUNG-0217,15,mibig_record_status,True,provenance_only,S001; S002
M4-FUNG-0217,29,claim.legacy_support_annotation,True,provenance_only,S003
M4-FUNG-0217,32,relationship.legacy_support_annotation,True,provenance_only,S003
M4-FUNG-0218,7,schema_version,True,administrative_excluded,
M4-FUNG-0218,8,dossier_id,True,administrative_excluded,
M4-FUNG-0218,9,sheet_record_status,True,administrative_excluded,
M4-FUNG-0218,10,annotation_status,True,administrative_excluded,
M4-FUNG-0218,11,annotation_date,True,administrative_excluded,
M4-FUNG-0218,15,mibig_record_status,True,provenance_only,S001
M4-FUNG-0218,29,claim.legacy_support_annotation,True,provenance_only,S001; S003
M4-FUNG-0218,32,relationship.legacy_support_annotation,True,provenance_only,S003
M4-FUNG-0219,7,schema_version,True,administrative_excluded,
M4-FUNG-0219,8,dossier_id,True,administrative_excluded,
M4-FUNG-0219,9,sheet_record_status,True,administrative_excluded,
M4-FUNG-0219,10,annotation_status,True,administrative_excluded,
M4-FUNG-0219,11,annotation_date,True,administrative_excluded,
M4-FUNG-0219,15,mibig_record_status,True,provenance_only,S001
M4-FUNG-0219,29,claim.legacy_support_annotation,True,provenance_only,S003
M4-FUNG-0219,32,relationship.legacy_support_annotation,True,provenance_only,S004
M4-FUNG-0220,7,schema_version,True,administrative_excluded,
M4-FUNG-0220,8,dossier_id,True,administrative_excluded,
M4-FUNG-0220,9,sheet_record_status,True,administrative_excluded,
M4-FUNG-0220,10,annotation_status,True,administrative_excluded,
M4-FUNG-0220,11,annotation_date,True,administrative_excluded,
M4-FUNG-0220,15,mibig_record_status,True,provenance_only,S001
M4-FUNG-0220,29,claim.legacy_support_annotation,True,provenance_only,S003
M4-FUNG-0220,32,relationship.legacy_support_annotation,True,provenance_only,S003
M4-FUNG-0221,7,schema_version,True,administrative_excluded,
M4-FUNG-0221,8,dossier_id,True,administrative_excluded,
M4-FUNG-0221,9,sheet_record_status,True,administrative_excluded,
M4-FUNG-0221,10,annotation_status,True,administrative_excluded,
M4-FUNG-0221,11,annotation_date,True,administrative_excluded,
M4-FUNG-0221,15,mibig_record_status,True,provenance_only,S001
M4-FUNG-0221,29,claim.legacy_support_annotation,True,provenance_only,S001
M4-FUNG-0221,32,relationship.legacy_support_annotation,True,provenance_only,S001
M4-FUNG-0222,7,schema_version,True,administrative_excluded,
M4-FUNG-0222,8,dossier_id,True,administrative_excluded,
M4-FUNG-0222,9,sheet_record_status,True,administrative_excluded,
M4-FUNG-0222,10,annotation_status,True,administrative_excluded,
M4-FUNG-0222,11,annotation_date,True,administrative_excluded,
M4-FUNG-0222,15,mibig_record_status,True,provenance_only,S001
M4-FUNG-0222,29,claim.legacy_support_annotation,True,provenance_only,S001; S003
M4-FUNG-0222,32,relationship.legacy_support_annotation,True,provenance_only,S003
M4-FUNG-0223,7,schema_version,True,administrative_excluded,
M4-FUNG-0223,8,dossier_id,True,administrative_excluded,
M4-FUNG-0223,9,sheet_record_status,True,administrative_excluded,
M4-FUNG-0223,10,annotation_status,True,administrative_excluded,
M4-FUNG-0223,11,annotation_date,True,administrative_excluded,
M4-FUNG-0223,15,mibig_record_status,True,provenance_only,S001
M4-FUNG-0223,29,claim.legacy_support_annotation,True,provenance_only,S003
M4-FUNG-0223,32,relationship.legacy_support_annotation,True,provenance_only,S003
M4-FUNG-0224,7,schema_version,True,administrative_excluded,
M4-FUNG-0224,8,dossier_id,True,administrative_excluded,
M4-FUNG-0224,9,sheet_record_status,True,administrative_excluded,
M4-FUNG-0224,10,annotation_status,True,administrative_excluded,
M4-FUNG-0224,11,annotation_date,True,administrative_excluded,
M4-FUNG-0224,15,mibig_record_status,True,provenance_only,S001
M4-FUNG-0224,29,claim.legacy_support_annotation,True,provenance_only,S003
M4-FUNG-0224,32,relationship.legacy_support_annotation,True,provenance_only,S003
M4-FUNG-0225,7,schema_version,True,administrative_excluded,
M4-FUNG-0225,8,dossier_id,True,administrative_excluded,
M4-FUNG-0225,9,sheet_record_status,True,administrative_excluded,
M4-FUNG-0225,10,annotation_status,True,administrative_excluded,
M4-FUNG-0225,11,annotation_date,True,administrative_excluded,
M4-FUNG-0225,15,mibig_record_status,True,provenance_only,S001
M4-FUNG-0225,29,claim.legacy_support_annotation,True,provenance_only,S003
M4-FUNG-0225,32,relationship.legacy_support_annotation,True,provenance_only,S003
M4-FUNG-0226,7,schema_version,True,administrative_excluded,
M4-FUNG-0226,8,dossier_id,True,administrative_excluded,
M4-FUNG-0226,9,sheet_record_status,True,administrative_excluded,
M4-FUNG-0226,10,annotation_status,True,administrative_excluded,
M4-FUNG-0226,11,annotation_date,True,administrative_excluded,
M4-FUNG-0226,15,mibig_record_status,True,provenance_only,S001
M4-FUNG-0226,29,claim.legacy_support_annotation,True,provenance_only,S003
M4-FUNG-0226,32,relationship.legacy_support_annotation,True,provenance_only,S003
M4-FUNG-0227,7,schema_version,True,administrative_excluded,
M4-FUNG-0227,8,dossier_id,True,administrative_excluded,
M4-FUNG-0227,9,sheet_record_status,True,administrative_excluded,
M4-FUNG-0227,10,annotation_status,True,administrative_excluded,
M4-FUNG-0227,11,annotation_date,True,administrative_excluded,
M4-FUNG-0227,15,mibig_record_status,True,provenance_only,S001
M4-FUNG-0227,29,claim.legacy_support_annotation,True,provenance_only,S003
M4-FUNG-0227,32,relationship.legacy_support_annotation,True,provenance_only,S001; S004
M4-FUNG-0228,7,schema_version,True,administrative_excluded,
M4-FUNG-0228,8,dossier_id,True,administrative_excluded,
M4-FUNG-0228,9,sheet_record_status,True,administrative_excluded,
M4-FUNG-0228,10,annotation_status,True,administrative_excluded,
M4-FUNG-0228,11,annotation_date,True,administrative_excluded,
M4-FUNG-0228,15,mibig_record_status,True,provenance_only,S001
M4-FUNG-0228,29,claim.legacy_support_annotation,True,provenance_only,S003; S004
M4-FUNG-0228,32,relationship.legacy_support_annotation,True,provenance_only,S003; S004
M4-FUNG-0229,7,schema_version,True,administrative_excluded,
M4-FUNG-0229,8,dossier_id,True,administrative_excluded,
M4-FUNG-0229,9,sheet_record_status,True,administrative_excluded,
M4-FUNG-0229,10,annotation_status,True,administrative_excluded,
M4-FUNG-0229,11,annotation_date,True,administrative_excluded,
M4-FUNG-0229,15,mibig_record_status,True,provenance_only,S001
M4-FUNG-0229,29,claim.legacy_support_annotation,True,provenance_only,S003; S004
M4-FUNG-0229,32,relationship.legacy_support_annotation,True,provenance_only,S004
M4-FUNG-0230,7,schema_version,True,administrative_excluded,
M4-FUNG-0230,8,dossier_id,True,administrative_excluded,
M4-FUNG-0230,9,sheet_record_status,True,administrative_excluded,
M4-FUNG-0230,10,annotation_status,True,administrative_excluded,
M4-FUNG-0230,11,annotation_date,True,administrative_excluded,
M4-FUNG-0230,15,mibig_record_status,True,provenance_only,S001
M4-FUNG-0230,29,claim.legacy_support_annotation,True,provenance_only,S003
M4-FUNG-0230,32,relationship.legacy_support_annotation,True,provenance_only,S003
M4-FUNG-0231,7,schema_version,True,administrative_excluded,
M4-FUNG-0231,8,dossier_id,True,administrative_excluded,
M4-FUNG-0231,9,sheet_record_status,True,administrative_excluded,
M4-FUNG-0231,10,annotation_status,True,administrative_excluded,
M4-FUNG-0231,11,annotation_date,True,administrative_excluded,
M4-FUNG-0231,15,mibig_record_status,True,provenance_only,S001
M4-FUNG-0231,29,claim.legacy_support_annotation,True,provenance_only,S003
M4-FUNG-0231,32,relationship.legacy_support_annotation,True,provenance_only,S003
M4-FUNG-0232,7,schema_version,True,administrative_excluded,
M4-FUNG-0232,8,dossier_id,True,administrative_excluded,
M4-FUNG-0232,9,sheet_record_status,True,administrative_excluded,
M4-FUNG-0232,10,annotation_status,True,administrative_excluded,
M4-FUNG-0232,11,annotation_date,True,administrative_excluded,
M4-FUNG-0232,15,mibig_record_status,True,provenance_only,S001; S002
M4-FUNG-0232,29,claim.legacy_support_annotation,True,provenance_only,S003
M4-FUNG-0232,32,relationship.legacy_support_annotation,True,provenance_only,S003
M4-FUNG-0233,7,schema_version,True,administrative_excluded,
M4-FUNG-0233,8,dossier_id,True,administrative_excluded,
M4-FUNG-0233,9,sheet_record_status,True,administrative_excluded,
M4-FUNG-0233,10,annotation_status,True,administrative_excluded,
M4-FUNG-0233,11,annotation_date,True,administrative_excluded,
M4-FUNG-0233,15,mibig_record_status,True,provenance_only,S001
M4-FUNG-0233,29,claim.legacy_support_annotation,True,provenance_only,S003
M4-FUNG-0233,32,relationship.legacy_support_annotation,True,provenance_only,S004
M4-FUNG-0234,7,schema_version,True,administrative_excluded,
M4-FUNG-0234,8,dossier_id,True,administrative_excluded,
M4-FUNG-0234,9,sheet_record_status,True,administrative_excluded,
M4-FUNG-0234,10,annotation_status,True,administrative_excluded,
M4-FUNG-0234,11,annotation_date,True,administrative_excluded,
M4-FUNG-0234,15,mibig_record_status,True,provenance_only,S001
M4-FUNG-0234,29,claim.legacy_support_annotation,True,provenance_only,S003
M4-FUNG-0234,32,relationship.legacy_support_annotation,True,provenance_only,S003
M4-FUNG-0235,7,schema_version,True,administrative_excluded,
M4-FUNG-0235,8,dossier_id,True,administrative_excluded,
M4-FUNG-0235,9,sheet_record_status,True,administrative_excluded,
M4-FUNG-0235,10,annotation_status,True,administrative_excluded,
M4-FUNG-0235,11,annotation_date,True,administrative_excluded,
M4-FUNG-0235,15,mibig_record_status,True,provenance_only,S001
M4-FUNG-0235,29,claim.legacy_support_annotation,True,provenance_only,S003
M4-FUNG-0235,32,relationship.legacy_support_annotation,True,provenance_only,S003
M4-FUNG-0236,7,schema_version,True,administrative_excluded,
M4-FUNG-0236,8,dossier_id,True,administrative_excluded,
M4-FUNG-0236,9,sheet_record_status,True,administrative_excluded,
M4-FUNG-0236,10,annotation_status,True,administrative_excluded,
M4-FUNG-0236,11,annotation_date,True,administrative_excluded,
M4-FUNG-0236,15,mibig_record_status,True,provenance_only,S001
M4-FUNG-0236,29,claim.legacy_support_annotation,True,provenance_only,S003; S004
M4-FUNG-0236,32,relationship.legacy_support_annotation,True,provenance_only,S003; S006
M4-FUNG-0237,7,schema_version,True,administrative_excluded,
M4-FUNG-0237,8,dossier_id,True,administrative_excluded,
M4-FUNG-0237,9,sheet_record_status,True,administrative_excluded,
M4-FUNG-0237,10,annotation_status,True,administrative_excluded,
M4-FUNG-0237,11,annotation_date,True,administrative_excluded,
M4-FUNG-0237,15,mibig_record_status,True,provenance_only,S001
M4-FUNG-0237,29,claim.legacy_support_annotation,True,provenance_only,S001; S003
M4-FUNG-0237,32,relationship.legacy_support_annotation,True,provenance_only,S003
M4-FUNG-0238,6,schema_version,True,administrative_excluded,
M4-FUNG-0238,7,dossier_id,True,administrative_excluded,
M4-FUNG-0238,8,annotation_date,True,administrative_excluded,
M4-FUNG-0238,10,mibig_status,True,provenance_only,S001
M4-FUNG-0238,31,annotation_status,True,administrative_excluded,
M4-FUNG-0238,24,claim.legacy_support_annotation,True,provenance_only,S001; S003
M4-FUNG-0238,26,relationship.legacy_support_annotation,True,provenance_only,
M4-FUNG-0239,6,schema_version,True,administrative_excluded,
M4-FUNG-0239,7,dossier_id,True,administrative_excluded,
M4-FUNG-0239,8,annotation_date,True,administrative_excluded,
M4-FUNG-0239,10,mibig_status,True,provenance_only,S001
M4-FUNG-0239,31,annotation_status,True,administrative_excluded,
M4-FUNG-0239,23,claim.legacy_support_annotation,True,provenance_only,S001; S003
M4-FUNG-0239,25,relationship.legacy_support_annotation,True,provenance_only,
M4-FUNG-0240,6,schema_version,True,administrative_excluded,
M4-FUNG-0240,7,dossier_id,True,administrative_excluded,
M4-FUNG-0240,8,annotation_date,True,administrative_excluded,
M4-FUNG-0240,10,mibig_status,True,provenance_only,S001
M4-FUNG-0240,31,annotation_status,True,administrative_excluded,
M4-FUNG-0240,23,claim.legacy_support_annotation,True,provenance_only,S001; S003
M4-FUNG-0240,25,relationship.legacy_support_annotation,True,provenance_only,
M4-FUNG-0241,7,schema_version,True,administrative_excluded,
M4-FUNG-0241,8,dossier_id,True,administrative_excluded,
M4-FUNG-0241,9,annotation_date,True,administrative_excluded,
M4-FUNG-0241,11,mibig_status,True,provenance_only,S001
M4-FUNG-0241,35,sheet_record_status,True,administrative_excluded,
M4-FUNG-0241,36,annotation_status,True,administrative_excluded,
M4-FUNG-0241,29,claim.legacy_support_annotation,True,provenance_only,S003; S004
M4-FUNG-0241,31,relationship.legacy_support_annotation,True,provenance_only,
M4-FUNG-0242,7,schema_version,True,administrative_excluded,
M4-FUNG-0242,8,dossier_id,True,administrative_excluded,
M4-FUNG-0242,9,annotation_date,True,administrative_excluded,
M4-FUNG-0242,11,mibig_status,True,provenance_only,S001
M4-FUNG-0242,35,sheet_record_status,True,administrative_excluded,
M4-FUNG-0242,36,annotation_status,True,administrative_excluded,
M4-FUNG-0242,29,claim.legacy_support_annotation,True,provenance_only,S003; S004
M4-FUNG-0242,31,relationship.legacy_support_annotation,True,provenance_only,
M4-FUNG-0243,7,schema_version,True,administrative_excluded,
M4-FUNG-0243,8,dossier_id,True,administrative_excluded,
M4-FUNG-0243,9,annotation_date,True,administrative_excluded,
M4-FUNG-0243,11,mibig_status,True,provenance_only,S001
M4-FUNG-0243,35,sheet_record_status,True,administrative_excluded,
M4-FUNG-0243,36,annotation_status,True,administrative_excluded,
M4-FUNG-0243,29,claim.legacy_support_annotation,True,provenance_only,S003
M4-FUNG-0243,31,relationship.legacy_support_annotation,True,provenance_only,
M4-FUNG-0244,7,schema_version,True,administrative_excluded,
M4-FUNG-0244,8,dossier_id,True,administrative_excluded,
M4-FUNG-0244,9,annotation_date,True,administrative_excluded,
M4-FUNG-0244,11,mibig_status,True,provenance_only,S001; S004
M4-FUNG-0244,35,sheet_record_status,True,administrative_excluded,
M4-FUNG-0244,36,annotation_status,True,administrative_excluded,
M4-FUNG-0244,29,claim.legacy_support_annotation,True,provenance_only,S003
M4-FUNG-0244,31,relationship.legacy_support_annotation,True,provenance_only,
M4-FUNG-0245,7,schema_version,True,administrative_excluded,
M4-FUNG-0245,8,dossier_id,True,administrative_excluded,
M4-FUNG-0245,9,annotation_date,True,administrative_excluded,
M4-FUNG-0245,11,mibig_status,True,provenance_only,S001; S004
M4-FUNG-0245,35,sheet_record_status,True,administrative_excluded,
M4-FUNG-0245,36,annotation_status,True,administrative_excluded,
M4-FUNG-0245,29,claim.legacy_support_annotation,True,provenance_only,S001; S004
M4-FUNG-0245,31,relationship.legacy_support_annotation,True,provenance_only,
M4-FUNG-0246,7,schema_version,True,administrative_excluded,
M4-FUNG-0246,8,dossier_id,True,administrative_excluded,
M4-FUNG-0246,9,annotation_date,True,administrative_excluded,
M4-FUNG-0246,11,mibig_status,True,provenance_only,S001
M4-FUNG-0246,35,sheet_record_status,True,administrative_excluded,
M4-FUNG-0246,36,annotation_status,True,administrative_excluded,
M4-FUNG-0246,29,claim.legacy_support_annotation,True,provenance_only,S001; S003
M4-FUNG-0246,31,relationship.legacy_support_annotation,True,provenance_only,
M4-FUNG-0247,7,schema_version,True,administrative_excluded,
M4-FUNG-0247,8,dossier_id,True,administrative_excluded,
M4-FUNG-0247,9,annotation_date,True,administrative_excluded,
M4-FUNG-0247,11,mibig_status,True,provenance_only,S001
M4-FUNG-0247,35,sheet_record_status,True,administrative_excluded,
M4-FUNG-0247,36,annotation_status,True,administrative_excluded,
M4-FUNG-0247,29,claim.legacy_support_annotation,True,provenance_only,S003; S004
M4-FUNG-0247,31,relationship.legacy_support_annotation,True,provenance_only,
M4-FUNG-0248,7,schema_version,True,administrative_excluded,
M4-FUNG-0248,8,dossier_id,True,administrative_excluded,
M4-FUNG-0248,9,annotation_date,True,administrative_excluded,
M4-FUNG-0248,11,mibig_status,True,provenance_only,S001
M4-FUNG-0248,35,sheet_record_status,True,administrative_excluded,
M4-FUNG-0248,36,annotation_status,True,administrative_excluded,
M4-FUNG-0248,29,claim.legacy_support_annotation,True,provenance_only,S004
M4-FUNG-0248,31,relationship.legacy_support_annotation,True,provenance_only,
M4-FUNG-0249,7,schema_version,True,administrative_excluded,
M4-FUNG-0249,8,dossier_id,True,administrative_excluded,
M4-FUNG-0249,9,annotation_date,True,administrative_excluded,
M4-FUNG-0249,11,mibig_status,True,provenance_only,S001
M4-FUNG-0249,35,sheet_record_status,True,administrative_excluded,
M4-FUNG-0249,36,annotation_status,True,administrative_excluded,
M4-FUNG-0249,29,claim.legacy_support_annotation,True,provenance_only,S001; S003
M4-FUNG-0249,31,relationship.legacy_support_annotation,True,provenance_only,
M4-FUNG-0250,7,schema_version,True,administrative_excluded,
M4-FUNG-0250,8,dossier_id,True,administrative_excluded,
M4-FUNG-0250,9,annotation_date,True,administrative_excluded,
M4-FUNG-0250,11,mibig_status,True,provenance_only,S001
M4-FUNG-0250,35,sheet_record_status,True,administrative_excluded,
M4-FUNG-0250,36,annotation_status,True,administrative_excluded,
M4-FUNG-0250,29,claim.legacy_support_annotation,True,provenance_only,S003
M4-FUNG-0250,31,relationship.legacy_support_annotation,True,provenance_only,
M4-FUNG-0251,7,schema_version,True,administrative_excluded,
M4-FUNG-0251,8,dossier_id,True,administrative_excluded,
M4-FUNG-0251,9,annotation_date,True,administrative_excluded,
M4-FUNG-0251,11,mibig_status,True,provenance_only,S001
M4-FUNG-0251,35,sheet_record_status,True,administrative_excluded,
M4-FUNG-0251,36,annotation_status,True,administrative_excluded,
M4-FUNG-0251,29,claim.legacy_support_annotation,True,provenance_only,S003
M4-FUNG-0251,31,relationship.legacy_support_annotation,True,provenance_only,
M4-FUNG-0252,7,schema_version,True,administrative_excluded,
M4-FUNG-0252,8,dossier_id,True,administrative_excluded,
M4-FUNG-0252,9,annotation_date,True,administrative_excluded,
M4-FUNG-0252,11,mibig_status,True,provenance_only,S001
M4-FUNG-0252,35,sheet_record_status,True,administrative_excluded,
M4-FUNG-0252,36,annotation_status,True,administrative_excluded,
M4-FUNG-0252,29,claim.legacy_support_annotation,True,provenance_only,S003
M4-FUNG-0252,31,relationship.legacy_support_annotation,True,provenance_only,
M4-FUNG-0253,7,schema_version,True,administrative_excluded,
M4-FUNG-0253,8,dossier_id,True,administrative_excluded,
M4-FUNG-0253,9,annotation_date,True,administrative_excluded,
M4-FUNG-0253,11,mibig_status,True,provenance_only,S001
M4-FUNG-0253,35,sheet_record_status,True,administrative_excluded,
M4-FUNG-0253,36,annotation_status,True,administrative_excluded,
M4-FUNG-0253,29,claim.legacy_support_annotation,True,provenance_only,S003
M4-FUNG-0253,31,relationship.legacy_support_annotation,True,provenance_only,
M4-FUNG-0254,7,schema_version,True,administrative_excluded,
M4-FUNG-0254,8,dossier_id,True,administrative_excluded,
M4-FUNG-0254,9,annotation_date,True,administrative_excluded,
M4-FUNG-0254,11,mibig_status,True,provenance_only,S001
M4-FUNG-0254,35,sheet_record_status,True,administrative_excluded,
M4-FUNG-0254,36,annotation_status,True,administrative_excluded,
M4-FUNG-0254,29,claim.legacy_support_annotation,True,provenance_only,S003
M4-FUNG-0254,31,relationship.legacy_support_annotation,True,provenance_only,
M4-FUNG-0255,7,schema_version,True,administrative_excluded,
M4-FUNG-0255,8,dossier_id,True,administrative_excluded,
M4-FUNG-0255,9,annotation_date,True,administrative_excluded,
M4-FUNG-0255,11,mibig_status,True,provenance_only,S001
M4-FUNG-0255,35,sheet_record_status,True,administrative_excluded,
M4-FUNG-0255,36,annotation_status,True,administrative_excluded,
M4-FUNG-0255,29,claim.legacy_support_annotation,True,provenance_only,S003
M4-FUNG-0255,31,relationship.legacy_support_annotation,True,provenance_only,
M4-FUNG-0256,7,schema_version,True,administrative_excluded,
M4-FUNG-0256,8,dossier_id,True,administrative_excluded,
M4-FUNG-0256,9,annotation_date,True,administrative_excluded,
M4-FUNG-0256,11,mibig_status,True,provenance_only,S001
M4-FUNG-0256,35,sheet_record_status,True,administrative_excluded,
M4-FUNG-0256,36,annotation_status,True,administrative_excluded,
M4-FUNG-0256,29,claim.legacy_support_annotation,True,provenance_only,S001; S003
M4-FUNG-0256,31,relationship.legacy_support_annotation,True,provenance_only,
M4-FUNG-0257,7,schema_version,True,administrative_excluded,
M4-FUNG-0257,8,dossier_id,True,administrative_excluded,
M4-FUNG-0257,9,annotation_date,True,administrative_excluded,
M4-FUNG-0257,11,mibig_status,True,provenance_only,S001
M4-FUNG-0257,35,sheet_record_status,True,administrative_excluded,
M4-FUNG-0257,36,annotation_status,True,administrative_excluded,
M4-FUNG-0257,29,claim.legacy_support_annotation,True,provenance_only,S003
M4-FUNG-0257,31,relationship.legacy_support_annotation,True,provenance_only,
M4-FUNG-0258,7,schema_version,True,administrative_excluded,
M4-FUNG-0258,8,dossier_id,True,administrative_excluded,
M4-FUNG-0258,9,annotation_date,True,administrative_excluded,
M4-FUNG-0258,11,mibig_status,True,provenance_only,S001
M4-FUNG-0258,35,sheet_record_status,True,administrative_excluded,
M4-FUNG-0258,36,annotation_status,True,administrative_excluded,
M4-FUNG-0258,29,claim.legacy_support_annotation,True,provenance_only,S003
M4-FUNG-0258,31,relationship.legacy_support_annotation,True,provenance_only,
M4-FUNG-0259,7,schema_version,True,administrative_excluded,
M4-FUNG-0259,8,dossier_id,True,administrative_excluded,
M4-FUNG-0259,9,annotation_date,True,administrative_excluded,
M4-FUNG-0259,11,mibig_status,True,provenance_only,S001
M4-FUNG-0259,35,sheet_record_status,True,administrative_excluded,
M4-FUNG-0259,36,annotation_status,True,administrative_excluded,
M4-FUNG-0259,29,claim.legacy_support_annotation,True,provenance_only,S003
M4-FUNG-0259,31,relationship.legacy_support_annotation,True,provenance_only,
M4-FUNG-0260,7,schema_version,True,administrative_excluded,
M4-FUNG-0260,8,dossier_id,True,administrative_excluded,
M4-FUNG-0260,9,annotation_date,True,administrative_excluded,
M4-FUNG-0260,11,mibig_status,True,provenance_only,S001
M4-FUNG-0260,35,sheet_record_status,True,administrative_excluded,
M4-FUNG-0260,36,annotation_status,True,administrative_excluded,
M4-FUNG-0260,29,claim.legacy_support_annotation,True,provenance_only,S003
M4-FUNG-0260,31,relationship.legacy_support_annotation,True,provenance_only,
M4-FUNG-0261,7,schema_version,True,administrative_excluded,
M4-FUNG-0261,8,dossier_id,True,administrative_excluded,
M4-FUNG-0261,9,annotation_date,True,administrative_excluded,
M4-FUNG-0261,11,mibig_status,True,provenance_only,
M4-FUNG-0261,35,sheet_record_status,True,administrative_excluded,
M4-FUNG-0261,36,annotation_status,True,administrative_excluded,
M4-FUNG-0261,29,claim.legacy_support_annotation,True,provenance_only,
M4-FUNG-0261,31,relationship.legacy_support_annotation,True,provenance_only,
M4-FUNG-0262,7,schema_version,True,administrative_excluded,
M4-FUNG-0262,8,dossier_id,True,administrative_excluded,
M4-FUNG-0262,9,annotation_date,True,administrative_excluded,
M4-FUNG-0262,11,mibig_status,True,provenance_only,S001
M4-FUNG-0262,35,sheet_record_status,True,administrative_excluded,
M4-FUNG-0262,36,annotation_status,True,administrative_excluded,
M4-FUNG-0262,29,claim.legacy_support_annotation,True,provenance_only,S003
M4-FUNG-0262,31,relationship.legacy_support_annotation,True,provenance_only,
M4-FUNG-0263,7,schema_version,True,administrative_excluded,
M4-FUNG-0263,8,dossier_id,True,administrative_excluded,
M4-FUNG-0263,9,annotation_date,True,administrative_excluded,
M4-FUNG-0263,11,mibig_status,True,provenance_only,S001
M4-FUNG-0263,35,sheet_record_status,True,administrative_excluded,
M4-FUNG-0263,36,annotation_status,True,administrative_excluded,
M4-FUNG-0263,29,claim.legacy_support_annotation,True,provenance_only,S001; S002
M4-FUNG-0263,31,relationship.legacy_support_annotation,True,provenance_only,
M4-FUNG-0264,7,schema_version,True,administrative_excluded,
M4-FUNG-0264,8,dossier_id,True,administrative_excluded,
M4-FUNG-0264,9,annotation_date,True,administrative_excluded,
M4-FUNG-0264,11,mibig_status,True,provenance_only,S001
M4-FUNG-0264,35,sheet_record_status,True,administrative_excluded,
M4-FUNG-0264,36,annotation_status,True,administrative_excluded,
M4-FUNG-0264,29,claim.legacy_support_annotation,True,provenance_only,S001; S002
M4-FUNG-0264,31,relationship.legacy_support_annotation,True,provenance_only,
M4-FUNG-0265,7,schema_version,True,administrative_excluded,
M4-FUNG-0265,8,dossier_id,True,administrative_excluded,
M4-FUNG-0265,9,annotation_date,True,administrative_excluded,
M4-FUNG-0265,11,mibig_status,True,provenance_only,S001
M4-FUNG-0265,35,sheet_record_status,True,administrative_excluded,
M4-FUNG-0265,36,annotation_status,True,administrative_excluded,
M4-FUNG-0265,29,claim.legacy_support_annotation,True,provenance_only,S001; S002
M4-FUNG-0265,31,relationship.legacy_support_annotation,True,provenance_only,
M4-FUNG-0266,7,schema_version,True,administrative_excluded,
M4-FUNG-0266,8,dossier_id,True,administrative_excluded,
M4-FUNG-0266,9,annotation_date,True,administrative_excluded,
M4-FUNG-0266,11,mibig_status,True,provenance_only,S001
M4-FUNG-0266,35,sheet_record_status,True,administrative_excluded,
M4-FUNG-0266,36,annotation_status,True,administrative_excluded,
M4-FUNG-0266,29,claim.legacy_support_annotation,True,provenance_only,S001; S002
M4-FUNG-0266,31,relationship.legacy_support_annotation,True,provenance_only,
M4-FUNG-0267,7,schema_version,True,administrative_excluded,
M4-FUNG-0267,8,dossier_id,True,administrative_excluded,
M4-FUNG-0267,9,annotation_date,True,administrative_excluded,
M4-FUNG-0267,11,mibig_status,True,provenance_only,S001
M4-FUNG-0267,35,sheet_record_status,True,administrative_excluded,
M4-FUNG-0267,36,annotation_status,True,administrative_excluded,
M4-FUNG-0267,29,claim.legacy_support_annotation,True,provenance_only,S001
M4-FUNG-0267,31,relationship.legacy_support_annotation,True,provenance_only,
M4-FUNG-0268,7,schema_version,True,administrative_excluded,
M4-FUNG-0268,8,dossier_id,True,administrative_excluded,
M4-FUNG-0268,9,annotation_date,True,administrative_excluded,
M4-FUNG-0268,11,mibig_status,True,provenance_only,S001
M4-FUNG-0268,35,sheet_record_status,True,administrative_excluded,
M4-FUNG-0268,36,annotation_status,True,administrative_excluded,
M4-FUNG-0268,29,claim.legacy_support_annotation,True,provenance_only,S002
M4-FUNG-0268,31,relationship.legacy_support_annotation,True,provenance_only,
M4-FUNG-0269,7,schema_version,True,administrative_excluded,
M4-FUNG-0269,8,dossier_id,True,administrative_excluded,
M4-FUNG-0269,9,annotation_date,True,administrative_excluded,
M4-FUNG-0269,11,mibig_status,True,provenance_only,S001
M4-FUNG-0269,35,sheet_record_status,True,administrative_excluded,
M4-FUNG-0269,36,annotation_status,True,administrative_excluded,
M4-FUNG-0269,29,claim.legacy_support_annotation,True,provenance_only,S001; S002; S003
M4-FUNG-0269,31,relationship.legacy_support_annotation,True,provenance_only,
M4-FUNG-0270,7,schema_version,True,administrative_excluded,
M4-FUNG-0270,8,dossier_id,True,administrative_excluded,
M4-FUNG-0270,9,annotation_date,True,administrative_excluded,
M4-FUNG-0270,11,mibig_status,True,provenance_only,S001
M4-FUNG-0270,35,sheet_record_status,True,administrative_excluded,
M4-FUNG-0270,36,annotation_status,True,administrative_excluded,
M4-FUNG-0270,29,claim.legacy_support_annotation,True,provenance_only,S002
M4-FUNG-0270,31,relationship.legacy_support_annotation,True,provenance_only,
M4-FUNG-0271,7,schema_version,True,administrative_excluded,
M4-FUNG-0271,8,dossier_id,True,administrative_excluded,
M4-FUNG-0271,9,annotation_date,True,administrative_excluded,
M4-FUNG-0271,11,mibig_status,True,provenance_only,S001
M4-FUNG-0271,35,sheet_record_status,True,administrative_excluded,
M4-FUNG-0271,36,annotation_status,True,administrative_excluded,
M4-FUNG-0271,29,claim.legacy_support_annotation,True,provenance_only,S002
M4-FUNG-0271,31,relationship.legacy_support_annotation,True,provenance_only,
M4-FUNG-0272,7,schema_version,True,administrative_excluded,
M4-FUNG-0272,8,dossier_id,True,administrative_excluded,
M4-FUNG-0272,9,annotation_date,True,administrative_excluded,
M4-FUNG-0272,11,mibig_status,True,provenance_only,S001
M4-FUNG-0272,35,sheet_record_status,True,administrative_excluded,
M4-FUNG-0272,36,annotation_status,True,administrative_excluded,
M4-FUNG-0272,29,claim.legacy_support_annotation,True,provenance_only,S002
M4-FUNG-0272,31,relationship.legacy_support_annotation,True,provenance_only,
M4-FUNG-0273,7,schema_version,True,administrative_excluded,NA
M4-FUNG-0273,8,dossier_id,True,administrative_excluded,S001
M4-FUNG-0273,9,annotation_date,True,administrative_excluded,NA
M4-FUNG-0273,11,mibig_status,True,provenance_only,S001
M4-FUNG-0273,46,sheet_record_status,True,administrative_excluded,NA
M4-FUNG-0273,47,annotation_status,True,administrative_excluded,NA
M4-FUNG-0273,40,relationship.legacy_support_annotation,True,provenance_only,S003
M4-FUNG-0274,7,schema_version,True,administrative_excluded,NA
M4-FUNG-0274,8,dossier_id,True,administrative_excluded,S001
M4-FUNG-0274,9,annotation_date,True,administrative_excluded,NA
M4-FUNG-0274,11,mibig_status,True,provenance_only,S001
M4-FUNG-0274,46,sheet_record_status,True,administrative_excluded,NA
M4-FUNG-0274,47,annotation_status,True,administrative_excluded,NA
M4-FUNG-0274,40,relationship.legacy_support_annotation,True,provenance_only,S002;S003
M4-FUNG-0275,7,schema_version,True,administrative_excluded,NA
M4-FUNG-0275,8,dossier_id,True,administrative_excluded,S001
M4-FUNG-0275,9,annotation_date,True,administrative_excluded,NA
M4-FUNG-0275,11,mibig_status,True,provenance_only,S001
M4-FUNG-0275,46,sheet_record_status,True,administrative_excluded,NA
M4-FUNG-0275,47,annotation_status,True,administrative_excluded,NA
M4-FUNG-0275,40,relationship.legacy_support_annotation,True,provenance_only,S002
M4-FUNG-0276,7,schema_version,True,administrative_excluded,NA
M4-FUNG-0276,8,dossier_id,True,administrative_excluded,S001
M4-FUNG-0276,9,annotation_date,True,administrative_excluded,NA
M4-FUNG-0276,11,mibig_status,True,provenance_only,S001
M4-FUNG-0276,46,sheet_record_status,True,administrative_excluded,NA
M4-FUNG-0276,47,annotation_status,True,administrative_excluded,NA
M4-FUNG-0276,40,relationship.legacy_support_annotation,True,provenance_only,S001;S004
M4-FUNG-0277,7,schema_version,True,administrative_excluded,NA
M4-FUNG-0277,8,dossier_id,True,administrative_excluded,S001
M4-FUNG-0277,9,annotation_date,True,administrative_excluded,NA
M4-FUNG-0277,11,mibig_status,True,provenance_only,S001
M4-FUNG-0277,46,sheet_record_status,True,administrative_excluded,NA
M4-FUNG-0277,47,annotation_status,True,administrative_excluded,NA
M4-FUNG-0277,40,relationship.legacy_support_annotation,True,provenance_only,S001;S002
M4-FUNG-0278,7,schema_version,True,administrative_excluded,NA
M4-FUNG-0278,8,dossier_id,True,administrative_excluded,S001
M4-FUNG-0278,9,annotation_date,True,administrative_excluded,NA
M4-FUNG-0278,11,mibig_status,True,provenance_only,S001
M4-FUNG-0278,46,sheet_record_status,True,administrative_excluded,NA
M4-FUNG-0278,47,annotation_status,True,administrative_excluded,NA
M4-FUNG-0278,40,relationship.legacy_support_annotation,True,provenance_only,S001;S004
M4-FUNG-0279,7,schema_version,True,administrative_excluded,NA
M4-FUNG-0279,8,dossier_id,True,administrative_excluded,S001
M4-FUNG-0279,9,annotation_date,True,administrative_excluded,NA
M4-FUNG-0279,11,mibig_status,True,provenance_only,S001
M4-FUNG-0279,46,sheet_record_status,True,administrative_excluded,NA
M4-FUNG-0279,47,annotation_status,True,administrative_excluded,NA
M4-FUNG-0279,40,relationship.legacy_support_annotation,True,provenance_only,S002
M4-FUNG-0280,7,schema_version,True,administrative_excluded,NA
M4-FUNG-0280,8,dossier_id,True,administrative_excluded,S001
M4-FUNG-0280,9,annotation_date,True,administrative_excluded,NA
M4-FUNG-0280,11,mibig_status,True,provenance_only,S001
M4-FUNG-0280,46,sheet_record_status,True,administrative_excluded,NA
M4-FUNG-0280,47,annotation_status,True,administrative_excluded,NA
M4-FUNG-0280,40,relationship.legacy_support_annotation,True,provenance_only,S001;S002
M4-FUNG-0281,7,schema_version,True,administrative_excluded,NA
M4-FUNG-0281,8,dossier_id,True,administrative_excluded,S001
M4-FUNG-0281,9,annotation_date,True,administrative_excluded,NA
M4-FUNG-0281,11,mibig_status,True,provenance_only,S001
M4-FUNG-0281,46,sheet_record_status,True,administrative_excluded,NA
M4-FUNG-0281,47,annotation_status,True,administrative_excluded,NA
M4-FUNG-0281,40,relationship.legacy_support_annotation,True,provenance_only,S001;S002;S004
M4-FUNG-0282,7,schema_version,True,administrative_excluded,NA
M4-FUNG-0282,8,dossier_id,True,administrative_excluded,S001
M4-FUNG-0282,9,annotation_date,True,administrative_excluded,NA
M4-FUNG-0282,11,mibig_status,True,provenance_only,S001
M4-FUNG-0282,46,sheet_record_status,True,administrative_excluded,NA
M4-FUNG-0282,47,annotation_status,True,administrative_excluded,NA
M4-FUNG-0282,40,relationship.legacy_support_annotation,True,provenance_only,S001;S002
M4-FUNG-0283,7,schema_version,True,administrative_excluded,NA
M4-FUNG-0283,8,dossier_id,True,administrative_excluded,S001
M4-FUNG-0283,9,annotation_date,True,administrative_excluded,NA
M4-FUNG-0283,11,mibig_status,True,provenance_only,S001
M4-FUNG-0283,46,sheet_record_status,True,administrative_excluded,NA
M4-FUNG-0283,47,annotation_status,True,administrative_excluded,NA
M4-FUNG-0283,40,relationship.legacy_support_annotation,True,provenance_only,S001;S002
M4-FUNG-0284,7,schema_version,True,administrative_excluded,NA
M4-FUNG-0284,8,dossier_id,True,administrative_excluded,S001
M4-FUNG-0284,9,annotation_date,True,administrative_excluded,NA
M4-FUNG-0284,11,mibig_status,True,provenance_only,S001
M4-FUNG-0284,46,sheet_record_status,True,administrative_excluded,NA
M4-FUNG-0284,47,annotation_status,True,administrative_excluded,NA
M4-FUNG-0284,40,relationship.legacy_support_annotation,True,provenance_only,S001;S002
M4-FUNG-0285,7,schema_version,True,administrative_excluded,NA
M4-FUNG-0285,8,dossier_id,True,administrative_excluded,S001
M4-FUNG-0285,9,annotation_date,True,administrative_excluded,NA
M4-FUNG-0285,11,mibig_status,True,provenance_only,S001
M4-FUNG-0285,46,sheet_record_status,True,administrative_excluded,NA
M4-FUNG-0285,47,annotation_status,True,administrative_excluded,NA
M4-FUNG-0285,40,relationship.legacy_support_annotation,True,provenance_only,S002
M4-FUNG-0286,7,schema_version,True,administrative_excluded,NA
M4-FUNG-0286,8,dossier_id,True,administrative_excluded,S001
M4-FUNG-0286,9,annotation_date,True,administrative_excluded,NA
M4-FUNG-0286,11,mibig_status,True,provenance_only,S001
M4-FUNG-0286,46,sheet_record_status,True,administrative_excluded,NA
M4-FUNG-0286,47,annotation_status,True,administrative_excluded,NA
M4-FUNG-0286,40,relationship.legacy_support_annotation,True,provenance_only,S002
M4-FUNG-0287,7,schema_version,True,administrative_excluded,NA
M4-FUNG-0287,8,dossier_id,True,administrative_excluded,S001
M4-FUNG-0287,9,annotation_date,True,administrative_excluded,NA
M4-FUNG-0287,11,mibig_status,True,provenance_only,S001
M4-FUNG-0287,46,sheet_record_status,True,administrative_excluded,NA
M4-FUNG-0287,47,annotation_status,True,administrative_excluded,NA
M4-FUNG-0287,40,relationship.legacy_support_annotation,True,provenance_only,S001;S003
M4-FUNG-0288,7,schema_version,True,administrative_excluded,NA
M4-FUNG-0288,8,dossier_id,True,administrative_excluded,S001
M4-FUNG-0288,9,annotation_date,True,administrative_excluded,NA
M4-FUNG-0288,11,mibig_status,True,provenance_only,S001
M4-FUNG-0288,46,sheet_record_status,True,administrative_excluded,NA
M4-FUNG-0288,47,annotation_status,True,administrative_excluded,NA
M4-FUNG-0288,40,relationship.legacy_support_annotation,True,provenance_only,S002;S003
M4-FUNG-0289,7,schema_version,True,administrative_excluded,NA
M4-FUNG-0289,8,dossier_id,True,administrative_excluded,S001
M4-FUNG-0289,9,annotation_date,True,administrative_excluded,NA
M4-FUNG-0289,11,mibig_status,True,provenance_only,S001
M4-FUNG-0289,46,sheet_record_status,True,administrative_excluded,NA
M4-FUNG-0289,47,annotation_status,True,administrative_excluded,NA
M4-FUNG-0289,40,relationship.legacy_support_annotation,True,provenance_only,S002;S003
M4-FUNG-0290,7,schema_version,True,administrative_excluded,NA
M4-FUNG-0290,8,dossier_id,True,administrative_excluded,S001
M4-FUNG-0290,9,annotation_date,True,administrative_excluded,NA
M4-FUNG-0290,11,mibig_status,True,provenance_only,S001
M4-FUNG-0290,46,sheet_record_status,True,administrative_excluded,NA
M4-FUNG-0290,47,annotation_status,True,administrative_excluded,NA
M4-FUNG-0290,40,relationship.legacy_support_annotation,True,provenance_only,S002;S003
M4-FUNG-0291,7,schema_version,True,administrative_excluded,NA
M4-FUNG-0291,8,dossier_id,True,administrative_excluded,S001
M4-FUNG-0291,9,annotation_date,True,administrative_excluded,NA
M4-FUNG-0291,11,mibig_status,True,provenance_only,S001
M4-FUNG-0291,46,sheet_record_status,True,administrative_excluded,NA
M4-FUNG-0291,47,annotation_status,True,administrative_excluded,NA
M4-FUNG-0291,40,relationship.legacy_support_annotation,True,provenance_only,S001;S003
M4-FUNG-0292,7,schema_version,True,administrative_excluded,NA
M4-FUNG-0292,8,dossier_id,True,administrative_excluded,S001
M4-FUNG-0292,9,annotation_date,True,administrative_excluded,NA
M4-FUNG-0292,11,mibig_status,True,provenance_only,S001
M4-FUNG-0292,46,sheet_record_status,True,administrative_excluded,NA
M4-FUNG-0292,47,annotation_status,True,administrative_excluded,NA
M4-FUNG-0292,40,relationship.legacy_support_annotation,True,provenance_only,S001;S002
M4-FUNG-0293,7,schema_version,True,administrative_excluded,NA
M4-FUNG-0293,8,dossier_id,True,administrative_excluded,S001
M4-FUNG-0293,9,annotation_date,True,administrative_excluded,NA
M4-FUNG-0293,11,mibig_status,True,provenance_only,S001
M4-FUNG-0293,45,sheet_record_status,True,administrative_excluded,NA
M4-FUNG-0293,46,sheet_record_status,True,administrative_excluded,NA
M4-FUNG-0293,47,annotation_status,True,administrative_excluded,NA
M4-FUNG-0293,39,relationship.legacy_support_annotation,True,provenance_only,S002
M4-FUNG-0294,7,schema_version,True,administrative_excluded,NA
M4-FUNG-0294,8,dossier_id,True,administrative_excluded,S001
M4-FUNG-0294,9,annotation_date,True,administrative_excluded,NA
M4-FUNG-0294,11,mibig_status,True,provenance_only,S001
M4-FUNG-0294,45,sheet_record_status,True,administrative_excluded,NA
M4-FUNG-0294,46,sheet_record_status,True,administrative_excluded,NA
M4-FUNG-0294,47,annotation_status,True,administrative_excluded,NA
M4-FUNG-0294,39,relationship.legacy_support_annotation,True,provenance_only,S002
M4-FUNG-0295,7,schema_version,True,administrative_excluded,NA
M4-FUNG-0295,8,dossier_id,True,administrative_excluded,S001
M4-FUNG-0295,9,annotation_date,True,administrative_excluded,NA
M4-FUNG-0295,11,mibig_status,True,provenance_only,S001
M4-FUNG-0295,46,sheet_record_status,True,administrative_excluded,NA
M4-FUNG-0295,47,annotation_status,True,administrative_excluded,NA
M4-FUNG-0295,40,relationship.legacy_support_annotation,True,provenance_only,S001;S004
M4-FUNG-0296,7,schema_version,True,administrative_excluded,NA
M4-FUNG-0296,8,dossier_id,True,administrative_excluded,S001
M4-FUNG-0296,9,annotation_date,True,administrative_excluded,NA
M4-FUNG-0296,11,mibig_status,True,provenance_only,S001
M4-FUNG-0296,45,sheet_record_status,True,administrative_excluded,NA
M4-FUNG-0296,46,sheet_record_status,True,administrative_excluded,NA
M4-FUNG-0296,47,annotation_status,True,administrative_excluded,NA
M4-FUNG-0296,39,relationship.legacy_support_annotation,True,provenance_only,S001;S002
M4-FUNG-0297,7,schema_version,True,administrative_excluded,NA
M4-FUNG-0297,8,dossier_id,True,administrative_excluded,S001
M4-FUNG-0297,9,annotation_date,True,administrative_excluded,NA
M4-FUNG-0297,11,mibig_status,True,provenance_only,S001
M4-FUNG-0297,45,sheet_record_status,True,administrative_excluded,NA
M4-FUNG-0297,46,sheet_record_status,True,administrative_excluded,NA
M4-FUNG-0297,47,annotation_status,True,administrative_excluded,NA
M4-FUNG-0297,39,relationship.legacy_support_annotation,True,provenance_only,S001;S002
M4-FUNG-0298,7,schema_version,True,administrative_excluded,NA
M4-FUNG-0298,8,dossier_id,True,administrative_excluded,S001
M4-FUNG-0298,9,annotation_date,True,administrative_excluded,NA
M4-FUNG-0298,11,mibig_status,True,provenance_only,S001
M4-FUNG-0298,45,sheet_record_status,True,administrative_excluded,NA
M4-FUNG-0298,46,sheet_record_status,True,administrative_excluded,NA
M4-FUNG-0298,47,annotation_status,True,administrative_excluded,NA
M4-FUNG-0298,39,relationship.legacy_support_annotation,True,provenance_only,S001
M4-FUNG-0299,7,schema_version,True,administrative_excluded,NA
M4-FUNG-0299,8,dossier_id,True,administrative_excluded,S001
M4-FUNG-0299,9,annotation_date,True,administrative_excluded,NA
M4-FUNG-0299,11,mibig_status,True,provenance_only,S001
M4-FUNG-0299,45,sheet_record_status,True,administrative_excluded,NA
M4-FUNG-0299,46,sheet_record_status,True,administrative_excluded,NA
M4-FUNG-0299,47,annotation_status,True,administrative_excluded,NA
M4-FUNG-0299,39,relationship.legacy_support_annotation,True,provenance_only,S002
M4-FUNG-0300,7,schema_version,True,administrative_excluded,NA
M4-FUNG-0300,8,dossier_id,True,administrative_excluded,S001
M4-FUNG-0300,9,annotation_date,True,administrative_excluded,NA
M4-FUNG-0300,11,mibig_status,True,provenance_only,S001
M4-FUNG-0300,46,sheet_record_status,True,administrative_excluded,NA
M4-FUNG-0300,47,annotation_status,True,administrative_excluded,NA
M4-FUNG-0300,40,relationship.legacy_support_annotation,True,provenance_only,S002;S003
M4-FUNG-0301,7,schema_version,True,administrative_excluded,NA
M4-FUNG-0301,8,dossier_id,True,administrative_excluded,S001
M4-FUNG-0301,9,annotation_date,True,administrative_excluded,NA
M4-FUNG-0301,11,mibig_status,True,provenance_only,S001
M4-FUNG-0301,45,sheet_record_status,True,administrative_excluded,NA
M4-FUNG-0301,46,sheet_record_status,True,administrative_excluded,NA
M4-FUNG-0301,47,annotation_status,True,administrative_excluded,NA
M4-FUNG-0301,39,relationship.legacy_support_annotation,True,provenance_only,S002
M4-FUNG-0302,7,schema_version,True,administrative_excluded,NA
M4-FUNG-0302,8,dossier_id,True,administrative_excluded,S001
M4-FUNG-0302,9,annotation_date,True,administrative_excluded,NA
M4-FUNG-0302,11,mibig_status,True,provenance_only,S001
M4-FUNG-0302,45,sheet_record_status,True,administrative_excluded,NA
M4-FUNG-0302,46,sheet_record_status,True,administrative_excluded,NA
M4-FUNG-0302,47,annotation_status,True,administrative_excluded,NA
M4-FUNG-0302,39,relationship.legacy_support_annotation,True,provenance_only,S002
M4-FUNG-0303,7,schema_version,True,administrative_excluded,NA
M4-FUNG-0303,8,dossier_id,True,administrative_excluded,S001
M4-FUNG-0303,9,annotation_date,True,administrative_excluded,NA
M4-FUNG-0303,11,mibig_status,True,provenance_only,S001
M4-FUNG-0303,45,sheet_record_status,True,administrative_excluded,NA
M4-FUNG-0303,46,sheet_record_status,True,administrative_excluded,NA
M4-FUNG-0303,47,annotation_status,True,administrative_excluded,NA
M4-FUNG-0303,39,relationship.legacy_support_annotation,True,provenance_only,S002
M4-FUNG-0304,7,schema_version,True,administrative_excluded,NA
M4-FUNG-0304,8,dossier_id,True,administrative_excluded,S001
M4-FUNG-0304,9,annotation_date,True,administrative_excluded,NA
M4-FUNG-0304,11,mibig_status,True,provenance_only,S001
M4-FUNG-0304,45,sheet_record_status,True,administrative_excluded,NA
M4-FUNG-0304,46,sheet_record_status,True,administrative_excluded,NA
M4-FUNG-0304,47,annotation_status,True,administrative_excluded,NA
M4-FUNG-0304,39,relationship.legacy_support_annotation,True,provenance_only,S001;S002
M4-FUNG-0305,7,schema_version,True,administrative_excluded,NA
M4-FUNG-0305,8,dossier_id,True,administrative_excluded,S001
M4-FUNG-0305,9,annotation_date,True,administrative_excluded,NA
M4-FUNG-0305,11,mibig_status,True,provenance_only,S001
M4-FUNG-0305,45,sheet_record_status,True,administrative_excluded,NA
M4-FUNG-0305,46,sheet_record_status,True,administrative_excluded,NA
M4-FUNG-0305,47,annotation_status,True,administrative_excluded,NA
M4-FUNG-0305,39,relationship.legacy_support_annotation,True,provenance_only,S001;S002
M4-FUNG-0306,7,schema_version,True,administrative_excluded,NA
M4-FUNG-0306,8,dossier_id,True,administrative_excluded,S001
M4-FUNG-0306,9,annotation_date,True,administrative_excluded,NA
M4-FUNG-0306,11,mibig_status,True,provenance_only,S001
M4-FUNG-0306,45,sheet_record_status,True,administrative_excluded,NA
M4-FUNG-0306,46,sheet_record_status,True,administrative_excluded,NA
M4-FUNG-0306,47,annotation_status,True,administrative_excluded,NA
M4-FUNG-0306,39,relationship.legacy_support_annotation,True,provenance_only,S002
M4-FUNG-0307,7,schema_version,True,administrative_excluded,NA
M4-FUNG-0307,8,dossier_id,True,administrative_excluded,S001
M4-FUNG-0307,9,annotation_date,True,administrative_excluded,NA
M4-FUNG-0307,11,mibig_status,True,provenance_only,S001
M4-FUNG-0307,45,sheet_record_status,True,administrative_excluded,NA
M4-FUNG-0307,46,sheet_record_status,True,administrative_excluded,NA
M4-FUNG-0307,47,annotation_status,True,administrative_excluded,NA
M4-FUNG-0307,39,relationship.legacy_support_annotation,True,provenance_only,S002
M4-FUNG-0308,7,schema_version,True,administrative_excluded,NA
M4-FUNG-0308,8,dossier_id,True,administrative_excluded,S001
M4-FUNG-0308,9,annotation_date,True,administrative_excluded,NA
M4-FUNG-0308,11,mibig_status,True,provenance_only,S001
M4-FUNG-0308,45,sheet_record_status,True,administrative_excluded,NA
M4-FUNG-0308,46,sheet_record_status,True,administrative_excluded,NA
M4-FUNG-0308,47,annotation_status,True,administrative_excluded,NA
M4-FUNG-0308,39,relationship.legacy_support_annotation,True,provenance_only,S001;S002
M4-FUNG-0309,7,schema_version,True,administrative_excluded,NA
M4-FUNG-0309,8,dossier_id,True,administrative_excluded,S001
M4-FUNG-0309,9,annotation_date,True,administrative_excluded,NA
M4-FUNG-0309,11,mibig_status,True,provenance_only,S001
M4-FUNG-0309,45,sheet_record_status,True,administrative_excluded,NA
M4-FUNG-0309,46,sheet_record_status,True,administrative_excluded,NA
M4-FUNG-0309,47,annotation_status,True,administrative_excluded,NA
M4-FUNG-0309,39,relationship.legacy_support_annotation,True,provenance_only,S002
M4-FUNG-0310,7,schema_version,True,administrative_excluded,NA
M4-FUNG-0310,8,dossier_id,True,administrative_excluded,S001
M4-FUNG-0310,9,annotation_date,True,administrative_excluded,NA
M4-FUNG-0310,11,mibig_status,True,provenance_only,S001
M4-FUNG-0310,45,sheet_record_status,True,administrative_excluded,NA
M4-FUNG-0310,46,sheet_record_status,True,administrative_excluded,NA
M4-FUNG-0310,47,annotation_status,True,administrative_excluded,NA
M4-FUNG-0310,39,relationship.legacy_support_annotation,True,provenance_only,S001;S002
M4-FUNG-0311,7,schema_version,True,administrative_excluded,NA
M4-FUNG-0311,8,dossier_id,True,administrative_excluded,S001
M4-FUNG-0311,9,annotation_date,True,administrative_excluded,NA
M4-FUNG-0311,11,mibig_status,True,provenance_only,S001
M4-FUNG-0311,45,sheet_record_status,True,administrative_excluded,NA
M4-FUNG-0311,46,sheet_record_status,True,administrative_excluded,NA
M4-FUNG-0311,47,annotation_status,True,administrative_excluded,NA
M4-FUNG-0311,39,relationship.legacy_support_annotation,True,provenance_only,S001;S002;S003
M4-FUNG-0312,7,schema_version,True,administrative_excluded,NA
M4-FUNG-0312,8,dossier_id,True,administrative_excluded,S001
M4-FUNG-0312,9,annotation_date,True,administrative_excluded,NA
M4-FUNG-0312,11,mibig_status,True,provenance_only,S001
M4-FUNG-0312,45,sheet_record_status,True,administrative_excluded,NA
M4-FUNG-0312,46,sheet_record_status,True,administrative_excluded,NA
M4-FUNG-0312,47,annotation_status,True,administrative_excluded,NA
M4-FUNG-0312,39,relationship.legacy_support_annotation,True,provenance_only,S001;S002;S003
M4-FUNG-0313,7,schema_version,True,administrative_excluded,NA
M4-FUNG-0313,8,dossier_id,True,administrative_excluded,S004
M4-FUNG-0313,9,annotation_date,True,administrative_excluded,NA
M4-FUNG-0313,11,mibig_status,True,provenance_only,S001
M4-FUNG-0313,44,sheet_record_status,True,administrative_excluded,NA
M4-FUNG-0313,45,annotation_status,True,administrative_excluded,NA
M4-FUNG-0313,39,relationship.legacy_support_annotation,True,provenance_only,S002
M4-FUNG-0314,7,schema_version,True,administrative_excluded,NA
M4-FUNG-0314,8,dossier_id,True,administrative_excluded,S004
M4-FUNG-0314,9,annotation_date,True,administrative_excluded,NA
M4-FUNG-0314,11,mibig_status,True,provenance_only,S001
M4-FUNG-0314,44,sheet_record_status,True,administrative_excluded,NA
M4-FUNG-0314,45,annotation_status,True,administrative_excluded,NA
M4-FUNG-0314,39,relationship.legacy_support_annotation,True,provenance_only,S002
M4-FUNG-0315,7,schema_version,True,administrative_excluded,NA
M4-FUNG-0315,8,dossier_id,True,administrative_excluded,S003
M4-FUNG-0315,9,annotation_date,True,administrative_excluded,NA
M4-FUNG-0315,11,mibig_status,True,provenance_only,S001
M4-FUNG-0315,43,sheet_record_status,True,administrative_excluded,NA
M4-FUNG-0315,44,annotation_status,True,administrative_excluded,NA
M4-FUNG-0315,38,relationship.legacy_support_annotation,True,provenance_only,S001;S002
M4-FUNG-0316,7,schema_version,True,administrative_excluded,NA
M4-FUNG-0316,8,dossier_id,True,administrative_excluded,S004
M4-FUNG-0316,9,annotation_date,True,administrative_excluded,NA
M4-FUNG-0316,11,mibig_status,True,provenance_only,S001
M4-FUNG-0316,44,sheet_record_status,True,administrative_excluded,NA
M4-FUNG-0316,45,annotation_status,True,administrative_excluded,NA
M4-FUNG-0316,39,relationship.legacy_support_annotation,True,provenance_only,S002
M4-FUNG-0317,7,schema_version,True,administrative_excluded,NA
M4-FUNG-0317,8,dossier_id,True,administrative_excluded,S004
M4-FUNG-0317,9,annotation_date,True,administrative_excluded,NA
M4-FUNG-0317,11,mibig_status,True,provenance_only,S001
M4-FUNG-0317,44,sheet_record_status,True,administrative_excluded,NA
M4-FUNG-0317,45,annotation_status,True,administrative_excluded,NA
M4-FUNG-0317,39,relationship.legacy_support_annotation,True,provenance_only,S002;S003
M4-FUNG-0318,7,schema_version,True,administrative_excluded,NA
M4-FUNG-0318,8,dossier_id,True,administrative_excluded,S003
M4-FUNG-0318,9,annotation_date,True,administrative_excluded,NA
M4-FUNG-0318,11,mibig_status,True,provenance_only,S001
M4-FUNG-0318,44,sheet_record_status,True,administrative_excluded,NA
M4-FUNG-0318,45,annotation_status,True,administrative_excluded,NA
M4-FUNG-0318,39,relationship.legacy_support_annotation,True,provenance_only,S002
M4-FUNG-0319,7,schema_version,True,administrative_excluded,NA
M4-FUNG-0319,8,dossier_id,True,administrative_excluded,S003
M4-FUNG-0319,9,annotation_date,True,administrative_excluded,NA
M4-FUNG-0319,11,mibig_status,True,provenance_only,S001
M4-FUNG-0319,44,sheet_record_status,True,administrative_excluded,NA
M4-FUNG-0319,45,annotation_status,True,administrative_excluded,NA
M4-FUNG-0319,39,relationship.legacy_support_annotation,True,provenance_only,S002
M4-FUNG-0320,7,schema_version,True,administrative_excluded,NA
M4-FUNG-0320,8,dossier_id,True,administrative_excluded,S005
M4-FUNG-0320,9,annotation_date,True,administrative_excluded,NA
M4-FUNG-0320,11,mibig_status,True,provenance_only,S001
M4-FUNG-0320,46,sheet_record_status,True,administrative_excluded,NA
M4-FUNG-0320,47,annotation_status,True,administrative_excluded,NA
M4-FUNG-0320,41,relationship.legacy_support_annotation,True,provenance_only,S003
M4-FUNG-0321,7,schema_version,True,administrative_excluded,NA
M4-FUNG-0321,8,dossier_id,True,administrative_excluded,S004
M4-FUNG-0321,9,annotation_date,True,administrative_excluded,NA
M4-FUNG-0321,11,mibig_status,True,provenance_only,S001
M4-FUNG-0321,45,sheet_record_status,True,administrative_excluded,NA
M4-FUNG-0321,46,annotation_status,True,administrative_excluded,NA
M4-FUNG-0321,40,relationship.legacy_support_annotation,True,provenance_only,S002
M4-FUNG-0322,7,schema_version,True,administrative_excluded,NA
M4-FUNG-0322,8,dossier_id,True,administrative_excluded,S004
M4-FUNG-0322,9,annotation_date,True,administrative_excluded,NA
M4-FUNG-0322,11,mibig_status,True,provenance_only,S001
M4-FUNG-0322,45,sheet_record_status,True,administrative_excluded,NA
M4-FUNG-0322,46,annotation_status,True,administrative_excluded,NA
M4-FUNG-0322,40,relationship.legacy_support_annotation,True,provenance_only,S002;S003
M4-FUNG-0323,7,schema_version,True,administrative_excluded,NA
M4-FUNG-0323,8,dossier_id,True,administrative_excluded,S004
M4-FUNG-0323,9,annotation_date,True,administrative_excluded,NA
M4-FUNG-0323,10,inference,False,administrative_excluded,NA
M4-FUNG-0323,11,last_reviewed_date,True,administrative_excluded,NA
M4-FUNG-0323,18,mibig_record_status,True,provenance_only,S001
M4-FUNG-0323,19,source_native_category_value,True,provenance_only,S001
M4-FUNG-0323,20,mibig_completeness,True,provenance_only,S001
M4-FUNG-0323,39,boundary_confidence,True,provenance_only,S001;S002
M4-FUNG-0323,40,pathway_identity_confidence,True,provenance_only,S002
M4-FUNG-0323,63,candidate_bgc_credibility,True,provenance_only,S001;S002
M4-FUNG-0323,64,biochemical_execution_evidence,True,provenance_only,S002
M4-FUNG-0323,65,product_formation_evidence,True,provenance_only,S002
M4-FUNG-0323,66,bgc_product_attribution,True,provenance_only,S001;S002
M4-FUNG-0323,67,gene_product_attribution,True,provenance_only,S002
M4-FUNG-0323,68,complete_pathway_reconstruction,True,provenance_only,S001;S002
M4-FUNG-0323,70,overall_note,True,provenance_only,S001;S002
M4-FUNG-0323,118,sheet_record_status,True,administrative_excluded,NA
M4-FUNG-0323,119,annotation_status,True,administrative_excluded,NA
M4-FUNG-0323,96,claim.legacy_support_annotation,True,provenance_only,S002
M4-FUNG-0323,97,claim.legacy_support_annotation,True,provenance_only,S002
M4-FUNG-0323,98,claim.legacy_support_annotation,True,provenance_only,S001;S002
M4-FUNG-0324,7,schema_version,True,administrative_excluded,NA
M4-FUNG-0324,8,dossier_id,True,administrative_excluded,S004
M4-FUNG-0324,9,annotation_date,True,administrative_excluded,NA
M4-FUNG-0324,10,inference,False,administrative_excluded,NA
M4-FUNG-0324,11,last_reviewed_date,True,administrative_excluded,NA
M4-FUNG-0324,18,mibig_record_status,True,provenance_only,S001
M4-FUNG-0324,19,source_native_category_value,True,provenance_only,S001
M4-FUNG-0324,20,mibig_completeness,True,provenance_only,S001
M4-FUNG-0324,38,boundary_confidence,True,provenance_only,S001;S002
M4-FUNG-0324,39,pathway_identity_confidence,True,provenance_only,S002;S003
M4-FUNG-0324,62,candidate_bgc_credibility,True,provenance_only,S002;S003
M4-FUNG-0324,63,biochemical_execution_evidence,True,provenance_only,S002;S003
M4-FUNG-0324,64,product_formation_evidence,True,provenance_only,S002
M4-FUNG-0324,65,bgc_product_attribution,True,provenance_only,S002;S006
M4-FUNG-0324,66,gene_product_attribution,True,provenance_only,S002;S003
M4-FUNG-0324,67,complete_pathway_reconstruction,True,provenance_only,S001;S002;S006
M4-FUNG-0324,69,overall_note,True,provenance_only,S002;S003
M4-FUNG-0324,119,sheet_record_status,True,administrative_excluded,NA
M4-FUNG-0324,120,annotation_status,True,administrative_excluded,NA
M4-FUNG-0324,96,claim.legacy_support_annotation,True,provenance_only,S002
M4-FUNG-0324,97,claim.legacy_support_annotation,True,provenance_only,S002
M4-FUNG-0324,98,claim.legacy_support_annotation,True,provenance_only,S006
M4-FUNG-0325,7,schema_version,True,administrative_excluded,NA
M4-FUNG-0325,8,dossier_id,True,administrative_excluded,S004
M4-FUNG-0325,9,annotation_date,True,administrative_excluded,NA
M4-FUNG-0325,10,inference,False,administrative_excluded,NA
M4-FUNG-0325,11,last_reviewed_date,True,administrative_excluded,NA
M4-FUNG-0325,18,mibig_record_status,True,provenance_only,S001
M4-FUNG-0325,19,source_native_category_value,True,provenance_only,S001
M4-FUNG-0325,20,mibig_completeness,True,provenance_only,S001
M4-FUNG-0325,38,boundary_confidence,True,provenance_only,S001;S002
M4-FUNG-0325,39,pathway_identity_confidence,True,provenance_only,S002
M4-FUNG-0325,62,candidate_bgc_credibility,True,provenance_only,S001;S002
M4-FUNG-0325,63,biochemical_execution_evidence,True,provenance_only,S001;S002
M4-FUNG-0325,64,product_formation_evidence,True,provenance_only,S002
M4-FUNG-0325,65,bgc_product_attribution,True,provenance_only,S002
M4-FUNG-0325,66,gene_product_attribution,True,provenance_only,S002
M4-FUNG-0325,67,complete_pathway_reconstruction,True,provenance_only,S002
M4-FUNG-0325,69,overall_note,True,provenance_only,S002
M4-FUNG-0325,116,sheet_record_status,True,administrative_excluded,NA
M4-FUNG-0325,117,annotation_status,True,administrative_excluded,NA
M4-FUNG-0325,94,claim.legacy_support_annotation,True,provenance_only,S002
M4-FUNG-0325,95,claim.legacy_support_annotation,True,provenance_only,S002
M4-FUNG-0325,96,claim.legacy_support_annotation,True,provenance_only,S002
M4-FUNG-0326,7,schema_version,True,administrative_excluded,NA
M4-FUNG-0326,8,dossier_id,True,administrative_excluded,S004
M4-FUNG-0326,9,annotation_date,True,administrative_excluded,NA
M4-FUNG-0326,10,inference,False,administrative_excluded,NA
M4-FUNG-0326,11,last_reviewed_date,True,administrative_excluded,NA
M4-FUNG-0326,18,mibig_record_status,True,provenance_only,S001
M4-FUNG-0326,19,source_native_category_value,True,provenance_only,S001
M4-FUNG-0326,20,mibig_completeness,True,provenance_only,S001
M4-FUNG-0326,38,boundary_confidence,True,provenance_only,S001;S002
M4-FUNG-0326,39,pathway_identity_confidence,True,provenance_only,S002
M4-FUNG-0326,62,candidate_bgc_credibility,True,provenance_only,S001;S002
M4-FUNG-0326,63,biochemical_execution_evidence,True,provenance_only,S002
M4-FUNG-0326,64,product_formation_evidence,True,provenance_only,S002
M4-FUNG-0326,65,bgc_product_attribution,True,provenance_only,S002
M4-FUNG-0326,66,gene_product_attribution,True,provenance_only,S002
M4-FUNG-0326,67,complete_pathway_reconstruction,True,provenance_only,S001;S002
M4-FUNG-0326,69,overall_note,True,provenance_only,S002
M4-FUNG-0326,116,sheet_record_status,True,administrative_excluded,NA
M4-FUNG-0326,117,annotation_status,True,administrative_excluded,NA
M4-FUNG-0326,94,claim.legacy_support_annotation,True,provenance_only,S002
M4-FUNG-0326,95,claim.legacy_support_annotation,True,provenance_only,S002
M4-FUNG-0326,96,claim.legacy_support_annotation,True,provenance_only,S002
M4-FUNG-0327,7,schema_version,True,administrative_excluded,NA
M4-FUNG-0327,8,dossier_id,True,administrative_excluded,S004
M4-FUNG-0327,9,annotation_date,True,administrative_excluded,NA
M4-FUNG-0327,10,inference,False,administrative_excluded,NA
M4-FUNG-0327,11,last_reviewed_date,True,administrative_excluded,NA
M4-FUNG-0327,18,mibig_record_status,True,provenance_only,S001
M4-FUNG-0327,19,source_native_category_value,True,provenance_only,S001
M4-FUNG-0327,20,mibig_completeness,True,provenance_only,S001
M4-FUNG-0327,38,boundary_confidence,True,provenance_only,S001;S002
M4-FUNG-0327,39,pathway_identity_confidence,True,provenance_only,S001;S002
M4-FUNG-0327,62,candidate_bgc_credibility,True,provenance_only,S001;S002
M4-FUNG-0327,63,biochemical_execution_evidence,True,provenance_only,S002
M4-FUNG-0327,64,product_formation_evidence,True,provenance_only,S002
M4-FUNG-0327,65,bgc_product_attribution,True,provenance_only,S001;S002
M4-FUNG-0327,66,gene_product_attribution,True,provenance_only,S001;S002
M4-FUNG-0327,67,complete_pathway_reconstruction,True,provenance_only,S002
M4-FUNG-0327,69,overall_note,True,provenance_only,S001;S002
M4-FUNG-0327,116,sheet_record_status,True,administrative_excluded,NA
M4-FUNG-0327,117,annotation_status,True,administrative_excluded,NA
M4-FUNG-0327,94,claim.legacy_support_annotation,True,provenance_only,S002
M4-FUNG-0327,95,claim.legacy_support_annotation,True,provenance_only,S002
M4-FUNG-0327,96,claim.legacy_support_annotation,True,provenance_only,S001;S002
M4-FUNG-0328,7,schema_version,True,administrative_excluded,NA
M4-FUNG-0328,8,dossier_id,True,administrative_excluded,S004
M4-FUNG-0328,9,annotation_date,True,administrative_excluded,NA
M4-FUNG-0328,10,inference,False,administrative_excluded,NA
M4-FUNG-0328,11,last_reviewed_date,True,administrative_excluded,NA
M4-FUNG-0328,18,mibig_record_status,True,provenance_only,S001
M4-FUNG-0328,19,source_native_category_value,True,provenance_only,S001
M4-FUNG-0328,20,mibig_completeness,True,provenance_only,S001
M4-FUNG-0328,38,boundary_confidence,True,provenance_only,S001
M4-FUNG-0328,39,pathway_identity_confidence,True,provenance_only,S002
M4-FUNG-0328,62,candidate_bgc_credibility,True,provenance_only,S001;S002
M4-FUNG-0328,63,biochemical_execution_evidence,True,provenance_only,S002
M4-FUNG-0328,64,product_formation_evidence,True,provenance_only,S002
M4-FUNG-0328,65,bgc_product_attribution,True,provenance_only,S002
M4-FUNG-0328,66,gene_product_attribution,True,provenance_only,S002
M4-FUNG-0328,67,complete_pathway_reconstruction,True,provenance_only,S001;S002
M4-FUNG-0328,69,overall_note,True,provenance_only,S002
M4-FUNG-0328,119,sheet_record_status,True,administrative_excluded,NA
M4-FUNG-0328,120,annotation_status,True,administrative_excluded,NA
M4-FUNG-0328,96,claim.legacy_support_annotation,True,provenance_only,S002
M4-FUNG-0328,97,claim.legacy_support_annotation,True,provenance_only,S002
M4-FUNG-0328,98,claim.legacy_support_annotation,True,provenance_only,S002
M4-FUNG-0329,7,schema_version,True,administrative_excluded,NA
M4-FUNG-0329,8,dossier_id,True,administrative_excluded,S004
M4-FUNG-0329,9,annotation_date,True,administrative_excluded,NA
M4-FUNG-0329,10,inference,False,administrative_excluded,NA
M4-FUNG-0329,11,last_reviewed_date,True,administrative_excluded,NA
M4-FUNG-0329,18,mibig_record_status,True,provenance_only,S001
M4-FUNG-0329,19,source_native_category_value,True,provenance_only,S001
M4-FUNG-0329,20,mibig_completeness,True,provenance_only,S001
M4-FUNG-0329,38,boundary_confidence,True,provenance_only,S001;S002
M4-FUNG-0329,39,pathway_identity_confidence,True,provenance_only,S002
M4-FUNG-0329,62,candidate_bgc_credibility,True,provenance_only,S001;S002
M4-FUNG-0329,63,biochemical_execution_evidence,True,provenance_only,S002
M4-FUNG-0329,64,product_formation_evidence,True,provenance_only,S002
M4-FUNG-0329,65,bgc_product_attribution,True,provenance_only,S002
M4-FUNG-0329,66,gene_product_attribution,True,provenance_only,S002
M4-FUNG-0329,67,complete_pathway_reconstruction,True,provenance_only,S002
M4-FUNG-0329,69,overall_note,True,provenance_only,S002
M4-FUNG-0329,116,sheet_record_status,True,administrative_excluded,NA
M4-FUNG-0329,117,annotation_status,True,administrative_excluded,NA
M4-FUNG-0329,94,claim.legacy_support_annotation,True,provenance_only,S002
M4-FUNG-0329,95,claim.legacy_support_annotation,True,provenance_only,S002
M4-FUNG-0329,96,claim.legacy_support_annotation,True,provenance_only,S002
M4-FUNG-0330,7,schema_version,True,administrative_excluded,NA
M4-FUNG-0330,8,dossier_id,True,administrative_excluded,S004
M4-FUNG-0330,9,annotation_date,True,administrative_excluded,NA
M4-FUNG-0330,10,inference,False,administrative_excluded,NA
M4-FUNG-0330,11,last_reviewed_date,True,administrative_excluded,NA
M4-FUNG-0330,18,mibig_record_status,True,provenance_only,S001
M4-FUNG-0330,19,source_native_category_value,True,provenance_only,S001
M4-FUNG-0330,20,mibig_completeness,True,provenance_only,S001
M4-FUNG-0330,39,boundary_confidence,True,provenance_only,S001;S002
M4-FUNG-0330,40,pathway_identity_confidence,True,provenance_only,S002
M4-FUNG-0330,63,candidate_bgc_credibility,True,provenance_only,S002
M4-FUNG-0330,64,biochemical_execution_evidence,True,provenance_only,S002
M4-FUNG-0330,65,product_formation_evidence,True,provenance_only,S002
M4-FUNG-0330,66,bgc_product_attribution,True,provenance_only,S001;S002
M4-FUNG-0330,67,gene_product_attribution,True,provenance_only,S002
M4-FUNG-0330,68,complete_pathway_reconstruction,True,provenance_only,S002
M4-FUNG-0330,70,overall_note,True,provenance_only,S002
M4-FUNG-0330,118,sheet_record_status,True,administrative_excluded,NA
M4-FUNG-0330,119,annotation_status,True,administrative_excluded,NA
M4-FUNG-0330,96,claim.legacy_support_annotation,True,provenance_only,S002
M4-FUNG-0330,97,claim.legacy_support_annotation,True,provenance_only,S002
M4-FUNG-0330,98,claim.legacy_support_annotation,True,provenance_only,S001;S002
M4-FUNG-0331,7,schema_version,True,administrative_excluded,NA
M4-FUNG-0331,8,dossier_id,True,administrative_excluded,S004
M4-FUNG-0331,9,annotation_date,True,administrative_excluded,NA
M4-FUNG-0331,10,inference,False,administrative_excluded,NA
M4-FUNG-0331,11,last_reviewed_date,True,administrative_excluded,NA
M4-FUNG-0331,18,mibig_record_status,True,provenance_only,S001
M4-FUNG-0331,19,source_native_category_value,True,provenance_only,S001
M4-FUNG-0331,20,mibig_completeness,True,provenance_only,S001
M4-FUNG-0331,38,boundary_confidence,True,provenance_only,S001;S002
M4-FUNG-0331,39,pathway_identity_confidence,True,provenance_only,S002
M4-FUNG-0331,62,candidate_bgc_credibility,True,provenance_only,S001;S002
M4-FUNG-0331,63,biochemical_execution_evidence,True,provenance_only,S002
M4-FUNG-0331,64,product_formation_evidence,True,provenance_only,S002
M4-FUNG-0331,65,bgc_product_attribution,True,provenance_only,S002
M4-FUNG-0331,66,gene_product_attribution,True,provenance_only,S002
M4-FUNG-0331,67,complete_pathway_reconstruction,True,provenance_only,S001;S002
M4-FUNG-0331,69,overall_note,True,provenance_only,S002
M4-FUNG-0331,117,sheet_record_status,True,administrative_excluded,NA
M4-FUNG-0331,118,annotation_status,True,administrative_excluded,NA
M4-FUNG-0331,95,claim.legacy_support_annotation,True,provenance_only,S002
M4-FUNG-0331,96,claim.legacy_support_annotation,True,provenance_only,S002
M4-FUNG-0331,97,claim.legacy_support_annotation,True,provenance_only,S002
M4-FUNG-0332,7,schema_version,True,administrative_excluded,NA
M4-FUNG-0332,8,dossier_id,True,administrative_excluded,S004
M4-FUNG-0332,9,annotation_date,True,administrative_excluded,NA
M4-FUNG-0332,10,inference,False,administrative_excluded,NA
M4-FUNG-0332,11,last_reviewed_date,True,administrative_excluded,NA
M4-FUNG-0332,18,mibig_record_status,True,provenance_only,S001
M4-FUNG-0332,19,source_native_category_value,True,provenance_only,S001
M4-FUNG-0332,20,mibig_completeness,True,provenance_only,S001
M4-FUNG-0332,38,boundary_confidence,True,provenance_only,S001;S002
M4-FUNG-0332,39,pathway_identity_confidence,True,provenance_only,S002
M4-FUNG-0332,62,candidate_bgc_credibility,True,provenance_only,S001;S002
M4-FUNG-0332,63,coordinated_transcription_evidence,True,provenance_only,S002
M4-FUNG-0332,64,biochemical_execution_evidence,True,provenance_only,S002
M4-FUNG-0332,65,product_formation_evidence,True,provenance_only,S002
M4-FUNG-0332,66,bgc_product_attribution,True,provenance_only,S002
M4-FUNG-0332,67,gene_product_attribution,True,provenance_only,S002
M4-FUNG-0332,68,complete_pathway_reconstruction,True,provenance_only,S001;S002;S003
M4-FUNG-0332,70,overall_note,True,provenance_only,S002
M4-FUNG-0332,121,sheet_record_status,True,administrative_excluded,NA
M4-FUNG-0332,122,annotation_status,True,administrative_excluded,NA
M4-FUNG-0332,98,claim.legacy_support_annotation,True,provenance_only,S002
M4-FUNG-0332,99,claim.legacy_support_annotation,True,provenance_only,S002
M4-FUNG-0332,100,claim.legacy_support_annotation,True,provenance_only,S002
M4-FUNG-0333,7,schema_version,True,administrative_excluded,NA
M4-FUNG-0333,8,dossier_id,True,administrative_excluded,S004
M4-FUNG-0333,9,annotation_date,True,administrative_excluded,NA
M4-FUNG-0333,10,inference,False,administrative_excluded,NA
M4-FUNG-0333,11,last_reviewed_date,True,administrative_excluded,NA
M4-FUNG-0333,18,mibig_record_status,True,provenance_only,S001
M4-FUNG-0333,19,source_native_category_value,True,provenance_only,S001
M4-FUNG-0333,20,mibig_completeness,True,provenance_only,S001
M4-FUNG-0333,38,boundary_confidence,True,provenance_only,S001;S002;S004
M4-FUNG-0333,39,pathway_identity_confidence,True,provenance_only,S002
M4-FUNG-0333,62,candidate_bgc_credibility,True,provenance_only,S001;S002
M4-FUNG-0333,63,coordinated_transcription_evidence,True,provenance_only,S002
M4-FUNG-0333,64,biochemical_execution_evidence,True,provenance_only,S002;S003
M4-FUNG-0333,65,product_formation_evidence,True,provenance_only,S002
M4-FUNG-0333,66,bgc_product_attribution,True,provenance_only,S002
M4-FUNG-0333,67,gene_product_attribution,True,provenance_only,S002;S003
M4-FUNG-0333,68,complete_pathway_reconstruction,True,provenance_only,S001;S002
M4-FUNG-0333,70,overall_note,True,provenance_only,S002
M4-FUNG-0333,132,sheet_record_status,True,administrative_excluded,NA
M4-FUNG-0333,133,annotation_status,True,administrative_excluded,NA
M4-FUNG-0333,98,claim.legacy_support_annotation,True,provenance_only,S002
M4-FUNG-0333,99,claim.legacy_support_annotation,True,provenance_only,S002
M4-FUNG-0333,100,claim.legacy_support_annotation,True,provenance_only,S002
M4-FUNG-0334,7,schema_version,True,administrative_excluded,
M4-FUNG-0334,8,dossier_id,True,administrative_excluded,
M4-FUNG-0334,9,annotation_date,True,administrative_excluded,
M4-FUNG-0334,11,mibig_status,True,provenance_only,S001
M4-FUNG-0334,35,sheet_record_status,True,administrative_excluded,
M4-FUNG-0334,36,annotation_status,True,administrative_excluded,
M4-FUNG-0334,29,claim.legacy_support_annotation,True,provenance_only,S002
M4-FUNG-0334,31,relationship.legacy_support_annotation,True,provenance_only,
M4-FUNG-0335,7,schema_version,True,administrative_excluded,
M4-FUNG-0335,8,dossier_id,True,administrative_excluded,
M4-FUNG-0335,9,annotation_date,True,administrative_excluded,
M4-FUNG-0335,11,mibig_status,True,provenance_only,S001
M4-FUNG-0335,35,sheet_record_status,True,administrative_excluded,
M4-FUNG-0335,36,annotation_status,True,administrative_excluded,
M4-FUNG-0335,29,claim.legacy_support_annotation,True,provenance_only,S002
M4-FUNG-0335,31,relationship.legacy_support_annotation,True,provenance_only,
M4-FUNG-0336,7,schema_version,True,administrative_excluded,
M4-FUNG-0336,8,dossier_id,True,administrative_excluded,
M4-FUNG-0336,9,annotation_date,True,administrative_excluded,
M4-FUNG-0336,11,mibig_status,True,provenance_only,S001
M4-FUNG-0336,35,sheet_record_status,True,administrative_excluded,
M4-FUNG-0336,36,annotation_status,True,administrative_excluded,
M4-FUNG-0336,29,claim.legacy_support_annotation,True,provenance_only,S002; S003
M4-FUNG-0336,31,relationship.legacy_support_annotation,True,provenance_only,
M4-FUNG-0337,7,schema_version,True,administrative_excluded,
M4-FUNG-0337,8,dossier_id,True,administrative_excluded,
M4-FUNG-0337,9,annotation_date,True,administrative_excluded,
M4-FUNG-0337,11,mibig_status,True,provenance_only,S001
M4-FUNG-0337,35,sheet_record_status,True,administrative_excluded,
M4-FUNG-0337,36,annotation_status,True,administrative_excluded,
M4-FUNG-0337,29,claim.legacy_support_annotation,True,provenance_only,S002; S003
M4-FUNG-0337,31,relationship.legacy_support_annotation,True,provenance_only,
M4-FUNG-0338,7,schema_version,True,administrative_excluded,
M4-FUNG-0338,8,dossier_id,True,administrative_excluded,
M4-FUNG-0338,9,annotation_date,True,administrative_excluded,
M4-FUNG-0338,11,mibig_status,True,provenance_only,S001
M4-FUNG-0338,35,sheet_record_status,True,administrative_excluded,
M4-FUNG-0338,36,annotation_status,True,administrative_excluded,
M4-FUNG-0338,29,claim.legacy_support_annotation,True,provenance_only,S002
M4-FUNG-0338,31,relationship.legacy_support_annotation,True,provenance_only,
M4-FUNG-0339,7,schema_version,True,administrative_excluded,
M4-FUNG-0339,8,dossier_id,True,administrative_excluded,
M4-FUNG-0339,9,annotation_date,True,administrative_excluded,
M4-FUNG-0339,11,mibig_status,True,provenance_only,S001
M4-FUNG-0339,35,sheet_record_status,True,administrative_excluded,
M4-FUNG-0339,36,annotation_status,True,administrative_excluded,
M4-FUNG-0339,29,claim.legacy_support_annotation,True,provenance_only,S001; S002
M4-FUNG-0339,31,relationship.legacy_support_annotation,True,provenance_only,
M4-FUNG-0340,7,schema_version,True,administrative_excluded,
M4-FUNG-0340,8,dossier_id,True,administrative_excluded,
M4-FUNG-0340,9,annotation_date,True,administrative_excluded,
M4-FUNG-0340,11,mibig_status,True,provenance_only,S001
M4-FUNG-0340,35,sheet_record_status,True,administrative_excluded,
M4-FUNG-0340,36,annotation_status,True,administrative_excluded,
M4-FUNG-0340,29,claim.legacy_support_annotation,True,provenance_only,S002
M4-FUNG-0340,31,relationship.legacy_support_annotation,True,provenance_only,
M4-FUNG-0341,7,schema_version,True,administrative_excluded,
M4-FUNG-0341,8,dossier_id,True,administrative_excluded,
M4-FUNG-0341,9,annotation_date,True,administrative_excluded,
M4-FUNG-0341,11,mibig_status,True,provenance_only,S001
M4-FUNG-0341,35,sheet_record_status,True,administrative_excluded,
M4-FUNG-0341,36,annotation_status,True,administrative_excluded,
M4-FUNG-0341,29,claim.legacy_support_annotation,True,provenance_only,S001; S002
M4-FUNG-0341,31,relationship.legacy_support_annotation,True,provenance_only,
M4-FUNG-0342,7,schema_version,True,administrative_excluded,
M4-FUNG-0342,8,dossier_id,True,administrative_excluded,
M4-FUNG-0342,9,annotation_date,True,administrative_excluded,
M4-FUNG-0342,11,mibig_status,True,provenance_only,S001
M4-FUNG-0342,35,sheet_record_status,True,administrative_excluded,
M4-FUNG-0342,36,annotation_status,True,administrative_excluded,
M4-FUNG-0342,29,claim.legacy_support_annotation,True,provenance_only,S002; S003
M4-FUNG-0342,31,relationship.legacy_support_annotation,True,provenance_only,
M4-FUNG-0343,7,schema_version,True,administrative_excluded,
M4-FUNG-0343,8,dossier_id,True,administrative_excluded,
M4-FUNG-0343,9,annotation_date,True,administrative_excluded,
M4-FUNG-0343,11,mibig_status,True,provenance_only,S001
M4-FUNG-0343,35,sheet_record_status,True,administrative_excluded,
M4-FUNG-0343,36,annotation_status,True,administrative_excluded,
M4-FUNG-0343,29,claim.legacy_support_annotation,True,provenance_only,S002
M4-FUNG-0343,31,relationship.legacy_support_annotation,True,provenance_only,
M4-FUNG-0344,7,schema_version,True,administrative_excluded,
M4-FUNG-0344,8,dossier_id,True,administrative_excluded,
M4-FUNG-0344,9,annotation_date,True,administrative_excluded,
M4-FUNG-0344,11,mibig_status,True,provenance_only,S001
M4-FUNG-0344,35,sheet_record_status,True,administrative_excluded,
M4-FUNG-0344,36,annotation_status,True,administrative_excluded,
M4-FUNG-0344,29,claim.legacy_support_annotation,True,provenance_only,S002; S003
M4-FUNG-0344,31,relationship.legacy_support_annotation,True,provenance_only,
M4-FUNG-0345,7,schema_version,True,administrative_excluded,
M4-FUNG-0345,8,dossier_id,True,administrative_excluded,
M4-FUNG-0345,9,annotation_date,True,administrative_excluded,
M4-FUNG-0345,11,mibig_status,True,provenance_only,S001
M4-FUNG-0345,35,sheet_record_status,True,administrative_excluded,
M4-FUNG-0345,36,annotation_status,True,administrative_excluded,
M4-FUNG-0345,29,claim.legacy_support_annotation,True,provenance_only,S002
M4-FUNG-0345,31,relationship.legacy_support_annotation,True,provenance_only,
M4-FUNG-0346,7,schema_version,True,administrative_excluded,
M4-FUNG-0346,8,dossier_id,True,administrative_excluded,
M4-FUNG-0346,9,annotation_date,True,administrative_excluded,
M4-FUNG-0346,11,mibig_status,True,provenance_only,S001
M4-FUNG-0346,35,sheet_record_status,True,administrative_excluded,
M4-FUNG-0346,36,annotation_status,True,administrative_excluded,
M4-FUNG-0346,29,claim.legacy_support_annotation,True,provenance_only,S002
M4-FUNG-0346,31,relationship.legacy_support_annotation,True,provenance_only,
M4-FUNG-0347,7,schema_version,True,administrative_excluded,
M4-FUNG-0347,8,dossier_id,True,administrative_excluded,
M4-FUNG-0347,9,annotation_date,True,administrative_excluded,
M4-FUNG-0347,11,mibig_status,True,provenance_only,S001
M4-FUNG-0347,35,sheet_record_status,True,administrative_excluded,
M4-FUNG-0347,36,annotation_status,True,administrative_excluded,
M4-FUNG-0347,29,claim.legacy_support_annotation,True,provenance_only,S001; S002
M4-FUNG-0347,31,relationship.legacy_support_annotation,True,provenance_only,
M4-FUNG-0348,7,schema_version,True,administrative_excluded,
M4-FUNG-0348,8,dossier_id,True,administrative_excluded,
M4-FUNG-0348,9,annotation_date,True,administrative_excluded,
M4-FUNG-0348,11,mibig_status,True,provenance_only,S001
M4-FUNG-0348,35,sheet_record_status,True,administrative_excluded,
M4-FUNG-0348,36,annotation_status,True,administrative_excluded,
M4-FUNG-0348,29,claim.legacy_support_annotation,True,provenance_only,S002; S003
M4-FUNG-0348,31,relationship.legacy_support_annotation,True,provenance_only,
M4-FUNG-0349,7,schema_version,True,administrative_excluded,
M4-FUNG-0349,8,dossier_id,True,administrative_excluded,
M4-FUNG-0349,9,annotation_date,True,administrative_excluded,
M4-FUNG-0349,11,mibig_status,True,provenance_only,S001
M4-FUNG-0349,35,sheet_record_status,True,administrative_excluded,
M4-FUNG-0349,36,annotation_status,True,administrative_excluded,
M4-FUNG-0349,29,claim.legacy_support_annotation,True,provenance_only,S002
M4-FUNG-0349,31,relationship.legacy_support_annotation,True,provenance_only,
M4-FUNG-0350,7,schema_version,True,administrative_excluded,
M4-FUNG-0350,8,dossier_id,True,administrative_excluded,
M4-FUNG-0350,9,annotation_date,True,administrative_excluded,
M4-FUNG-0350,11,mibig_status,True,provenance_only,S001
M4-FUNG-0350,35,sheet_record_status,True,administrative_excluded,
M4-FUNG-0350,36,annotation_status,True,administrative_excluded,
M4-FUNG-0350,29,claim.legacy_support_annotation,True,provenance_only,S002
M4-FUNG-0350,31,relationship.legacy_support_annotation,True,provenance_only,
M4-FUNG-0351,7,schema_version,True,administrative_excluded,
M4-FUNG-0351,8,dossier_id,True,administrative_excluded,
M4-FUNG-0351,9,annotation_date,True,administrative_excluded,
M4-FUNG-0351,11,mibig_status,True,provenance_only,S001
M4-FUNG-0351,35,sheet_record_status,True,administrative_excluded,
M4-FUNG-0351,36,annotation_status,True,administrative_excluded,
M4-FUNG-0351,29,claim.legacy_support_annotation,True,provenance_only,S002
M4-FUNG-0351,31,relationship.legacy_support_annotation,True,provenance_only,
M4-FUNG-0352,7,schema_version,True,administrative_excluded,
M4-FUNG-0352,8,dossier_id,True,administrative_excluded,
M4-FUNG-0352,9,annotation_date,True,administrative_excluded,
M4-FUNG-0352,11,mibig_status,True,provenance_only,S001
M4-FUNG-0352,35,sheet_record_status,True,administrative_excluded,
M4-FUNG-0352,36,annotation_status,True,administrative_excluded,
M4-FUNG-0352,29,claim.legacy_support_annotation,True,provenance_only,S001; S002
M4-FUNG-0352,31,relationship.legacy_support_annotation,True,provenance_only,
M4-FUNG-0353,7,schema_version,True,administrative_excluded,
M4-FUNG-0353,8,dossier_id,True,administrative_excluded,
M4-FUNG-0353,9,annotation_date,True,administrative_excluded,
M4-FUNG-0353,11,mibig_status,True,provenance_only,S001
M4-FUNG-0353,35,sheet_record_status,True,administrative_excluded,
M4-FUNG-0353,36,annotation_status,True,administrative_excluded,
M4-FUNG-0353,29,claim.legacy_support_annotation,True,provenance_only,S002
M4-FUNG-0353,31,relationship.legacy_support_annotation,True,provenance_only,
M4-FUNG-0354,7,schema_version,True,administrative_excluded,
M4-FUNG-0354,8,dossier_id,True,administrative_excluded,
M4-FUNG-0354,9,annotation_date,True,administrative_excluded,
M4-FUNG-0354,11,mibig_status,True,provenance_only,S001
M4-FUNG-0354,35,sheet_record_status,True,administrative_excluded,
M4-FUNG-0354,36,annotation_status,True,administrative_excluded,
M4-FUNG-0354,29,claim.legacy_support_annotation,True,provenance_only,S002; S003
M4-FUNG-0354,31,relationship.legacy_support_annotation,True,provenance_only,
M4-FUNG-0355,7,schema_version,True,administrative_excluded,
M4-FUNG-0355,8,dossier_id,True,administrative_excluded,
M4-FUNG-0355,9,annotation_date,True,administrative_excluded,
M4-FUNG-0355,11,mibig_status,True,provenance_only,S001
M4-FUNG-0355,35,sheet_record_status,True,administrative_excluded,
M4-FUNG-0355,36,annotation_status,True,administrative_excluded,
M4-FUNG-0355,29,claim.legacy_support_annotation,True,provenance_only,S002; S003
M4-FUNG-0355,31,relationship.legacy_support_annotation,True,provenance_only,
M4-FUNG-0356,7,schema_version,True,administrative_excluded,
M4-FUNG-0356,8,dossier_id,True,administrative_excluded,
M4-FUNG-0356,9,annotation_date,True,administrative_excluded,
M4-FUNG-0356,11,mibig_status,True,provenance_only,S001
M4-FUNG-0356,35,sheet_record_status,True,administrative_excluded,
M4-FUNG-0356,36,annotation_status,True,administrative_excluded,
M4-FUNG-0356,29,claim.legacy_support_annotation,True,provenance_only,S002
M4-FUNG-0356,31,relationship.legacy_support_annotation,True,provenance_only,
M4-FUNG-0357,7,schema_version,True,administrative_excluded,
M4-FUNG-0357,8,dossier_id,True,administrative_excluded,
M4-FUNG-0357,9,annotation_date,True,administrative_excluded,
M4-FUNG-0357,11,mibig_status,True,provenance_only,S001
M4-FUNG-0357,35,sheet_record_status,True,administrative_excluded,
M4-FUNG-0357,36,annotation_status,True,administrative_excluded,
M4-FUNG-0357,29,claim.legacy_support_annotation,True,provenance_only,S002
M4-FUNG-0357,31,relationship.legacy_support_annotation,True,provenance_only,
M4-FUNG-0358,7,schema_version,True,administrative_excluded,
M4-FUNG-0358,8,dossier_id,True,administrative_excluded,
M4-FUNG-0358,9,annotation_date,True,administrative_excluded,
M4-FUNG-0358,11,mibig_status,True,provenance_only,S001
M4-FUNG-0358,35,sheet_record_status,True,administrative_excluded,
M4-FUNG-0358,36,annotation_status,True,administrative_excluded,
M4-FUNG-0358,29,claim.legacy_support_annotation,True,provenance_only,S002
M4-FUNG-0358,31,relationship.legacy_support_annotation,True,provenance_only,
M4-FUNG-0359,7,schema_version,True,administrative_excluded,
M4-FUNG-0359,8,dossier_id,True,administrative_excluded,
M4-FUNG-0359,9,annotation_date,True,administrative_excluded,
M4-FUNG-0359,11,mibig_status,True,provenance_only,S001
M4-FUNG-0359,35,sheet_record_status,True,administrative_excluded,
M4-FUNG-0359,36,annotation_status,True,administrative_excluded,
M4-FUNG-0359,29,claim.legacy_support_annotation,True,provenance_only,S002
M4-FUNG-0359,31,relationship.legacy_support_annotation,True,provenance_only,
M4-FUNG-0360,7,schema_version,True,administrative_excluded,
M4-FUNG-0360,8,dossier_id,True,administrative_excluded,
M4-FUNG-0360,9,annotation_date,True,administrative_excluded,
M4-FUNG-0360,11,mibig_status,True,provenance_only,S001
M4-FUNG-0360,35,sheet_record_status,True,administrative_excluded,
M4-FUNG-0360,36,annotation_status,True,administrative_excluded,
M4-FUNG-0360,29,claim.legacy_support_annotation,True,provenance_only,S002
M4-FUNG-0360,31,relationship.legacy_support_annotation,True,provenance_only,
M4-FUNG-0361,7,schema_version,True,administrative_excluded,
M4-FUNG-0361,8,dossier_id,True,administrative_excluded,
M4-FUNG-0361,9,annotation_date,True,administrative_excluded,
M4-FUNG-0361,11,mibig_status,True,provenance_only,S001
M4-FUNG-0361,35,sheet_record_status,True,administrative_excluded,
M4-FUNG-0361,36,annotation_status,True,administrative_excluded,
M4-FUNG-0361,29,claim.legacy_support_annotation,True,provenance_only,S002
M4-FUNG-0361,31,relationship.legacy_support_annotation,True,provenance_only,
M4-FUNG-0362,7,schema_version,True,administrative_excluded,
M4-FUNG-0362,8,dossier_id,True,administrative_excluded,
M4-FUNG-0362,9,annotation_date,True,administrative_excluded,
M4-FUNG-0362,11,mibig_status,True,provenance_only,S001
M4-FUNG-0362,35,sheet_record_status,True,administrative_excluded,
M4-FUNG-0362,36,annotation_status,True,administrative_excluded,
M4-FUNG-0362,29,claim.legacy_support_annotation,True,provenance_only,S001; S002; S003
M4-FUNG-0362,31,relationship.legacy_support_annotation,True,provenance_only,
M4-FUNG-0363,7,schema_version,True,administrative_excluded,
M4-FUNG-0363,8,dossier_id,True,administrative_excluded,
M4-FUNG-0363,9,annotation_date,True,administrative_excluded,
M4-FUNG-0363,11,mibig_status,True,provenance_only,S001
M4-FUNG-0363,35,sheet_record_status,True,administrative_excluded,
M4-FUNG-0363,36,annotation_status,True,administrative_excluded,
M4-FUNG-0363,29,claim.legacy_support_annotation,True,provenance_only,S002
M4-FUNG-0363,31,relationship.legacy_support_annotation,True,provenance_only,
M4-FUNG-0364,7,schema_version,True,administrative_excluded,
M4-FUNG-0364,8,dossier_id,True,administrative_excluded,
M4-FUNG-0364,9,annotation_date,True,administrative_excluded,
M4-FUNG-0364,11,mibig_status,True,provenance_only,S001
M4-FUNG-0364,35,sheet_record_status,True,administrative_excluded,
M4-FUNG-0364,36,annotation_status,True,administrative_excluded,
M4-FUNG-0364,29,claim.legacy_support_annotation,True,provenance_only,S001; S002
M4-FUNG-0364,31,relationship.legacy_support_annotation,True,provenance_only,
M4-FUNG-0365,7,schema_version,True,administrative_excluded,
M4-FUNG-0365,8,dossier_id,True,administrative_excluded,
M4-FUNG-0365,9,annotation_date,True,administrative_excluded,
M4-FUNG-0365,11,mibig_status,True,provenance_only,S001
M4-FUNG-0365,35,sheet_record_status,True,administrative_excluded,
M4-FUNG-0365,36,annotation_status,True,administrative_excluded,
M4-FUNG-0365,29,claim.legacy_support_annotation,True,provenance_only,S002
M4-FUNG-0365,31,relationship.legacy_support_annotation,True,provenance_only,
M4-FUNG-0366,7,schema_version,True,administrative_excluded,
M4-FUNG-0366,8,dossier_id,True,administrative_excluded,
M4-FUNG-0366,9,annotation_date,True,administrative_excluded,
M4-FUNG-0366,11,mibig_status,True,provenance_only,S001
M4-FUNG-0366,35,sheet_record_status,True,administrative_excluded,
M4-FUNG-0366,36,annotation_status,True,administrative_excluded,
M4-FUNG-0366,29,claim.legacy_support_annotation,True,provenance_only,S002
M4-FUNG-0366,31,relationship.legacy_support_annotation,True,provenance_only,
M4-FUNG-0367,7,schema_version,True,administrative_excluded,
M4-FUNG-0367,8,dossier_id,True,administrative_excluded,
M4-FUNG-0367,9,annotation_date,True,administrative_excluded,
M4-FUNG-0367,11,mibig_status,True,provenance_only,S001
M4-FUNG-0367,35,sheet_record_status,True,administrative_excluded,
M4-FUNG-0367,36,annotation_status,True,administrative_excluded,
M4-FUNG-0367,29,claim.legacy_support_annotation,True,provenance_only,S001; S002
M4-FUNG-0367,31,relationship.legacy_support_annotation,True,provenance_only,
M4-FUNG-0368,7,schema_version,True,administrative_excluded,
M4-FUNG-0368,8,dossier_id,True,administrative_excluded,
M4-FUNG-0368,9,annotation_date,True,administrative_excluded,
M4-FUNG-0368,11,mibig_status,True,provenance_only,S001
M4-FUNG-0368,35,sheet_record_status,True,administrative_excluded,
M4-FUNG-0368,36,annotation_status,True,administrative_excluded,
M4-FUNG-0368,29,claim.legacy_support_annotation,True,provenance_only,S002
M4-FUNG-0368,31,relationship.legacy_support_annotation,True,provenance_only,
M4-FUNG-0369,7,schema_version,True,administrative_excluded,
M4-FUNG-0369,8,dossier_id,True,administrative_excluded,
M4-FUNG-0369,9,annotation_date,True,administrative_excluded,
M4-FUNG-0369,11,mibig_status,True,provenance_only,S001
M4-FUNG-0369,35,sheet_record_status,True,administrative_excluded,
M4-FUNG-0369,36,annotation_status,True,administrative_excluded,
M4-FUNG-0369,29,claim.legacy_support_annotation,True,provenance_only,S002
M4-FUNG-0369,31,relationship.legacy_support_annotation,True,provenance_only,
M4-FUNG-0370,7,schema_version,True,administrative_excluded,
M4-FUNG-0370,8,dossier_id,True,administrative_excluded,
M4-FUNG-0370,9,annotation_date,True,administrative_excluded,
M4-FUNG-0370,11,mibig_status,True,provenance_only,S001
M4-FUNG-0370,35,sheet_record_status,True,administrative_excluded,
M4-FUNG-0370,36,annotation_status,True,administrative_excluded,
M4-FUNG-0370,29,claim.legacy_support_annotation,True,provenance_only,S002
M4-FUNG-0370,31,relationship.legacy_support_annotation,True,provenance_only,
M4-FUNG-0371,7,schema_version,True,administrative_excluded,
M4-FUNG-0371,8,dossier_id,True,administrative_excluded,
M4-FUNG-0371,9,annotation_date,True,administrative_excluded,
M4-FUNG-0371,11,mibig_status,True,provenance_only,S001
M4-FUNG-0371,35,sheet_record_status,True,administrative_excluded,
M4-FUNG-0371,36,annotation_status,True,administrative_excluded,
M4-FUNG-0371,29,claim.legacy_support_annotation,True,provenance_only,S002
M4-FUNG-0371,31,relationship.legacy_support_annotation,True,provenance_only,
M4-FUNG-0372,7,schema_version,True,administrative_excluded,
M4-FUNG-0372,8,dossier_id,True,administrative_excluded,
M4-FUNG-0372,9,annotation_date,True,administrative_excluded,
M4-FUNG-0372,11,mibig_status,True,provenance_only,S001
M4-FUNG-0372,35,sheet_record_status,True,administrative_excluded,
M4-FUNG-0372,36,annotation_status,True,administrative_excluded,
M4-FUNG-0372,29,claim.legacy_support_annotation,True,provenance_only,S001; S002
M4-FUNG-0372,31,relationship.legacy_support_annotation,True,provenance_only,
M4-FUNG-0373,7,schema_version,True,administrative_excluded,
M4-FUNG-0373,8,dossier_id,True,administrative_excluded,
M4-FUNG-0373,9,annotation_date,True,administrative_excluded,
M4-FUNG-0373,11,mibig_status,True,provenance_only,S001
M4-FUNG-0373,35,sheet_record_status,True,administrative_excluded,
M4-FUNG-0373,36,annotation_status,True,administrative_excluded,
M4-FUNG-0373,29,claim.legacy_support_annotation,True,provenance_only,S002
M4-FUNG-0373,31,relationship.legacy_support_annotation,True,provenance_only,
M4-FUNG-0374,28,sheet_record_status,True,administrative_excluded,
M4-FUNG-0374,29,annotation_status,True,administrative_excluded,
M4-FUNG-0374,20,claim.legacy_support_annotation,True,provenance_only,S001; S002
M4-FUNG-0374,23,relationship.legacy_support_annotation,True,provenance_only,
M4-FUNG-0375,28,sheet_record_status,True,administrative_excluded,
M4-FUNG-0375,29,annotation_status,True,administrative_excluded,
M4-FUNG-0375,20,claim.legacy_support_annotation,True,provenance_only,S001; S002
M4-FUNG-0375,23,relationship.legacy_support_annotation,True,provenance_only,
M4-FUNG-0376,28,sheet_record_status,True,administrative_excluded,
M4-FUNG-0376,29,annotation_status,True,administrative_excluded,
M4-FUNG-0376,20,claim.legacy_support_annotation,True,provenance_only,S002
M4-FUNG-0376,23,relationship.legacy_support_annotation,True,provenance_only,
M4-FUNG-0377,28,sheet_record_status,True,administrative_excluded,
M4-FUNG-0377,29,annotation_status,True,administrative_excluded,
M4-FUNG-0377,20,claim.legacy_support_annotation,True,provenance_only,S002
M4-FUNG-0377,23,relationship.legacy_support_annotation,True,provenance_only,
M4-FUNG-0378,28,sheet_record_status,True,administrative_excluded,
M4-FUNG-0378,29,annotation_status,True,administrative_excluded,
M4-FUNG-0378,20,claim.legacy_support_annotation,True,provenance_only,S002
M4-FUNG-0378,23,relationship.legacy_support_annotation,True,provenance_only,
M4-FUNG-0379,28,sheet_record_status,True,administrative_excluded,
M4-FUNG-0379,29,annotation_status,True,administrative_excluded,
M4-FUNG-0379,20,claim.legacy_support_annotation,True,provenance_only,S002
M4-FUNG-0379,23,relationship.legacy_support_annotation,True,provenance_only,
M4-FUNG-0380,28,sheet_record_status,True,administrative_excluded,
M4-FUNG-0380,29,annotation_status,True,administrative_excluded,
M4-FUNG-0380,20,claim.legacy_support_annotation,True,provenance_only,S002
M4-FUNG-0380,23,relationship.legacy_support_annotation,True,provenance_only,
M4-FUNG-0381,28,sheet_record_status,True,administrative_excluded,
M4-FUNG-0381,29,annotation_status,True,administrative_excluded,
M4-FUNG-0381,20,claim.legacy_support_annotation,True,provenance_only,S002
M4-FUNG-0381,23,relationship.legacy_support_annotation,True,provenance_only,
M4-FUNG-0382,28,sheet_record_status,True,administrative_excluded,
M4-FUNG-0382,29,annotation_status,True,administrative_excluded,
M4-FUNG-0382,20,claim.legacy_support_annotation,True,provenance_only,S002
M4-FUNG-0382,23,relationship.legacy_support_annotation,True,provenance_only,
M4-FUNG-0383,28,sheet_record_status,True,administrative_excluded,
M4-FUNG-0383,29,annotation_status,True,administrative_excluded,
M4-FUNG-0383,20,claim.legacy_support_annotation,True,provenance_only,S002
M4-FUNG-0383,23,relationship.legacy_support_annotation,True,provenance_only,
M4-FUNG-0384,28,sheet_record_status,True,administrative_excluded,
M4-FUNG-0384,29,annotation_status,True,administrative_excluded,
M4-FUNG-0384,20,claim.legacy_support_annotation,True,provenance_only,
M4-FUNG-0384,23,relationship.legacy_support_annotation,True,provenance_only,
M4-FUNG-0385,28,sheet_record_status,True,administrative_excluded,
M4-FUNG-0385,29,annotation_status,True,administrative_excluded,
M4-FUNG-0385,20,claim.legacy_support_annotation,True,provenance_only,
M4-FUNG-0385,23,relationship.legacy_support_annotation,True,provenance_only,
M4-FUNG-0386,28,sheet_record_status,True,administrative_excluded,
M4-FUNG-0386,29,annotation_status,True,administrative_excluded,
M4-FUNG-0386,20,claim.legacy_support_annotation,True,provenance_only,
M4-FUNG-0386,23,relationship.legacy_support_annotation,True,provenance_only,
M4-FUNG-0387,28,sheet_record_status,True,administrative_excluded,
M4-FUNG-0387,29,annotation_status,True,administrative_excluded,
M4-FUNG-0387,20,claim.legacy_support_annotation,True,provenance_only,
M4-FUNG-0387,23,relationship.legacy_support_annotation,True,provenance_only,
M4-FUNG-0388,28,sheet_record_status,True,administrative_excluded,
M4-FUNG-0388,29,annotation_status,True,administrative_excluded,
M4-FUNG-0388,20,claim.legacy_support_annotation,True,provenance_only,
M4-FUNG-0388,23,relationship.legacy_support_annotation,True,provenance_only,
M4-FUNG-0389,28,sheet_record_status,True,administrative_excluded,
M4-FUNG-0389,29,annotation_status,True,administrative_excluded,
M4-FUNG-0389,20,claim.legacy_support_annotation,True,provenance_only,
M4-FUNG-0389,23,relationship.legacy_support_annotation,True,provenance_only,
M4-FUNG-0390,27,sheet_record_status,True,administrative_excluded,
M4-FUNG-0390,28,annotation_status,True,administrative_excluded,
M4-FUNG-0390,20,claim.legacy_support_annotation,True,provenance_only,
M4-FUNG-0390,23,relationship.legacy_support_annotation,True,provenance_only,
M4-FUNG-0391,27,sheet_record_status,True,administrative_excluded,
M4-FUNG-0391,28,annotation_status,True,administrative_excluded,
M4-FUNG-0391,29,annotation_status,True,administrative_excluded,
M4-FUNG-0391,20,claim.legacy_support_annotation,True,provenance_only,
M4-FUNG-0391,23,relationship.legacy_support_annotation,True,provenance_only,
M4-FUNG-0392,27,sheet_record_status,True,administrative_excluded,
M4-FUNG-0392,28,annotation_status,True,administrative_excluded,
M4-FUNG-0392,29,annotation_status,True,administrative_excluded,
M4-FUNG-0392,20,claim.legacy_support_annotation,True,provenance_only,
M4-FUNG-0392,23,relationship.legacy_support_annotation,True,provenance_only,
M4-FUNG-0393,27,sheet_record_status,True,administrative_excluded,
M4-FUNG-0393,28,annotation_status,True,administrative_excluded,
M4-FUNG-0393,29,annotation_status,True,administrative_excluded,
M4-FUNG-0393,20,claim.legacy_support_annotation,True,provenance_only,
M4-FUNG-0393,23,relationship.legacy_support_annotation,True,provenance_only,
M4-FUNG-0394,27,sheet_record_status,True,administrative_excluded,
M4-FUNG-0394,28,annotation_status,True,administrative_excluded,
M4-FUNG-0394,20,claim.legacy_support_annotation,True,provenance_only,
M4-FUNG-0394,23,relationship.legacy_support_annotation,True,provenance_only,
M4-FUNG-0395,27,sheet_record_status,True,administrative_excluded,
M4-FUNG-0395,28,annotation_status,True,administrative_excluded,
M4-FUNG-0395,20,claim.legacy_support_annotation,True,provenance_only,
M4-FUNG-0395,23,relationship.legacy_support_annotation,True,provenance_only,
M4-FUNG-0396,27,sheet_record_status,True,administrative_excluded,
M4-FUNG-0396,28,annotation_status,True,administrative_excluded,
M4-FUNG-0396,20,claim.legacy_support_annotation,True,provenance_only,
M4-FUNG-0396,23,relationship.legacy_support_annotation,True,provenance_only,
M4-FUNG-0397,27,sheet_record_status,True,administrative_excluded,
M4-FUNG-0397,28,annotation_status,True,administrative_excluded,
M4-FUNG-0397,20,claim.legacy_support_annotation,True,provenance_only,
M4-FUNG-0397,23,relationship.legacy_support_annotation,True,provenance_only,
M4-FUNG-0398,27,sheet_record_status,True,administrative_excluded,
M4-FUNG-0398,28,annotation_status,True,administrative_excluded,
M4-FUNG-0398,20,claim.legacy_support_annotation,True,provenance_only,
M4-FUNG-0398,23,relationship.legacy_support_annotation,True,provenance_only,
M4-FUNG-0399,27,sheet_record_status,True,administrative_excluded,
M4-FUNG-0399,28,annotation_status,True,administrative_excluded,
M4-FUNG-0399,20,claim.legacy_support_annotation,True,provenance_only,
M4-FUNG-0399,23,relationship.legacy_support_annotation,True,provenance_only,
M4-FUNG-0400,27,sheet_record_status,True,administrative_excluded,
M4-FUNG-0400,28,annotation_status,True,administrative_excluded,
M4-FUNG-0400,20,claim.legacy_support_annotation,True,provenance_only,
M4-FUNG-0400,23,relationship.legacy_support_annotation,True,provenance_only,
M4-FUNG-0401,27,sheet_record_status,True,administrative_excluded,
M4-FUNG-0401,28,annotation_status,True,administrative_excluded,
M4-FUNG-0401,20,claim.legacy_support_annotation,True,provenance_only,
M4-FUNG-0401,23,relationship.legacy_support_annotation,True,provenance_only,
M4-FUNG-0402,27,sheet_record_status,True,administrative_excluded,
M4-FUNG-0402,28,annotation_status,True,administrative_excluded,
M4-FUNG-0402,20,claim.legacy_support_annotation,True,provenance_only,
M4-FUNG-0402,23,relationship.legacy_support_annotation,True,provenance_only,
M4-FUNG-0403,27,sheet_record_status,True,administrative_excluded,
M4-FUNG-0403,28,annotation_status,True,administrative_excluded,
M4-FUNG-0403,20,claim.legacy_support_annotation,True,provenance_only,
M4-FUNG-0403,23,relationship.legacy_support_annotation,True,provenance_only,
M4-FUNG-0404,27,sheet_record_status,True,administrative_excluded,
M4-FUNG-0404,28,annotation_status,True,administrative_excluded,
M4-FUNG-0404,20,claim.legacy_support_annotation,True,provenance_only,
M4-FUNG-0404,23,relationship.legacy_support_annotation,True,provenance_only,
M4-FUNG-0405,30,sheet_record_status,True,administrative_excluded,NA
M4-FUNG-0405,31,annotation_status,True,administrative_excluded,NA
M4-FUNG-0405,21,claim.legacy_support_annotation,True,provenance_only,
M4-FUNG-0405,24,relationship.legacy_support_annotation,True,provenance_only,
M4-FUNG-0406,27,sheet_record_status,True,administrative_excluded,
M4-FUNG-0406,28,annotation_status,True,administrative_excluded,
M4-FUNG-0406,20,claim.legacy_support_annotation,True,provenance_only,
M4-FUNG-0406,23,relationship.legacy_support_annotation,True,provenance_only,
M4-FUNG-0407,27,sheet_record_status,True,administrative_excluded,
M4-FUNG-0407,28,annotation_status,True,administrative_excluded,
M4-FUNG-0407,20,claim.legacy_support_annotation,True,provenance_only,
M4-FUNG-0407,23,relationship.legacy_support_annotation,True,provenance_only,
M4-FUNG-0408,27,sheet_record_status,True,administrative_excluded,
M4-FUNG-0408,28,annotation_status,True,administrative_excluded,
M4-FUNG-0408,20,claim.legacy_support_annotation,True,provenance_only,
M4-FUNG-0408,23,relationship.legacy_support_annotation,True,provenance_only,
M4-FUNG-0409,27,sheet_record_status,True,administrative_excluded,
M4-FUNG-0409,28,annotation_status,True,administrative_excluded,
M4-FUNG-0409,20,claim.legacy_support_annotation,True,provenance_only,
M4-FUNG-0409,23,relationship.legacy_support_annotation,True,provenance_only,
M4-FUNG-0410,27,sheet_record_status,True,administrative_excluded,
M4-FUNG-0410,28,annotation_status,True,administrative_excluded,
M4-FUNG-0410,20,claim.legacy_support_annotation,True,provenance_only,
M4-FUNG-0410,23,relationship.legacy_support_annotation,True,provenance_only,
M4-FUNG-0411,27,sheet_record_status,True,administrative_excluded,
M4-FUNG-0411,28,annotation_status,True,administrative_excluded,
M4-FUNG-0411,20,claim.legacy_support_annotation,True,provenance_only,
M4-FUNG-0411,23,relationship.legacy_support_annotation,True,provenance_only,
M4-FUNG-0412,27,sheet_record_status,True,administrative_excluded,
M4-FUNG-0412,28,annotation_status,True,administrative_excluded,
M4-FUNG-0412,20,claim.legacy_support_annotation,True,provenance_only,
M4-FUNG-0412,23,relationship.legacy_support_annotation,True,provenance_only,
M4-FUNG-0413,27,sheet_record_status,True,administrative_excluded,
M4-FUNG-0413,28,annotation_status,True,administrative_excluded,
M4-FUNG-0413,20,claim.legacy_support_annotation,True,provenance_only,
M4-FUNG-0413,23,relationship.legacy_support_annotation,True,provenance_only,
M4-FUNG-0414,27,sheet_record_status,True,administrative_excluded,
M4-FUNG-0414,28,annotation_status,True,administrative_excluded,
M4-FUNG-0414,20,claim.legacy_support_annotation,True,provenance_only,
M4-FUNG-0414,23,relationship.legacy_support_annotation,True,provenance_only,
M4-FUNG-0415,27,sheet_record_status,True,administrative_excluded,
M4-FUNG-0415,28,annotation_status,True,administrative_excluded,
M4-FUNG-0415,20,claim.legacy_support_annotation,True,provenance_only,
M4-FUNG-0415,23,relationship.legacy_support_annotation,True,provenance_only,
M4-FUNG-0416,27,sheet_record_status,True,administrative_excluded,
M4-FUNG-0416,28,annotation_status,True,administrative_excluded,
M4-FUNG-0416,20,claim.legacy_support_annotation,True,provenance_only,
M4-FUNG-0416,23,relationship.legacy_support_annotation,True,provenance_only,
M4-FUNG-0417,27,sheet_record_status,True,administrative_excluded,
M4-FUNG-0417,28,annotation_status,True,administrative_excluded,
M4-FUNG-0417,20,claim.legacy_support_annotation,True,provenance_only,
M4-FUNG-0417,23,relationship.legacy_support_annotation,True,provenance_only,
M4-FUNG-0418,27,sheet_record_status,True,administrative_excluded,
M4-FUNG-0418,28,annotation_status,True,administrative_excluded,
M4-FUNG-0418,20,claim.legacy_support_annotation,True,provenance_only,
M4-FUNG-0418,23,relationship.legacy_support_annotation,True,provenance_only,
M4-FUNG-0419,27,sheet_record_status,True,administrative_excluded,
M4-FUNG-0419,28,annotation_status,True,administrative_excluded,
M4-FUNG-0419,20,claim.legacy_support_annotation,True,provenance_only,
M4-FUNG-0419,23,relationship.legacy_support_annotation,True,provenance_only,
M4-FUNG-0420,27,sheet_record_status,True,administrative_excluded,
M4-FUNG-0420,28,annotation_status,True,administrative_excluded,
M4-FUNG-0420,20,claim.legacy_support_annotation,True,provenance_only,
M4-FUNG-0420,23,relationship.legacy_support_annotation,True,provenance_only,
M4-FUNG-0421,27,sheet_record_status,True,administrative_excluded,
M4-FUNG-0421,28,annotation_status,True,administrative_excluded,
M4-FUNG-0421,20,claim.legacy_support_annotation,True,provenance_only,
M4-FUNG-0421,23,relationship.legacy_support_annotation,True,provenance_only,
M4-FUNG-0422,27,sheet_record_status,True,administrative_excluded,
M4-FUNG-0422,28,annotation_status,True,administrative_excluded,
M4-FUNG-0422,20,claim.legacy_support_annotation,True,provenance_only,
M4-FUNG-0422,23,relationship.legacy_support_annotation,True,provenance_only,
M4-FUNG-0423,27,sheet_record_status,True,administrative_excluded,
M4-FUNG-0423,28,annotation_status,True,administrative_excluded,
M4-FUNG-0423,20,claim.legacy_support_annotation,True,provenance_only,
M4-FUNG-0423,23,relationship.legacy_support_annotation,True,provenance_only,
M4-FUNG-0424,27,sheet_record_status,True,administrative_excluded,
M4-FUNG-0424,28,annotation_status,True,administrative_excluded,
M4-FUNG-0424,20,claim.legacy_support_annotation,True,provenance_only,
M4-FUNG-0424,23,relationship.legacy_support_annotation,True,provenance_only,
M4-FUNG-0425,27,sheet_record_status,True,administrative_excluded,
M4-FUNG-0425,28,annotation_status,True,administrative_excluded,
M4-FUNG-0425,20,claim.legacy_support_annotation,True,provenance_only,
M4-FUNG-0425,23,relationship.legacy_support_annotation,True,provenance_only,
M4-FUNG-0426,7,schema_version,True,administrative_excluded,
M4-FUNG-0426,8,dossier_id,True,administrative_excluded,
M4-FUNG-0426,9,sheet_record_status,True,administrative_excluded,
M4-FUNG-0426,10,annotation_status,True,administrative_excluded,
M4-FUNG-0426,11,annotation_date,True,administrative_excluded,
M4-FUNG-0426,12,inference,False,administrative_excluded,
M4-FUNG-0426,13,last_reviewed_date,True,administrative_excluded,
M4-FUNG-0426,20,mibig_record_status,True,provenance_only,
M4-FUNG-0426,21,source_native_category_value,True,provenance_only,
M4-FUNG-0426,22,mibig_completeness,True,provenance_only,
M4-FUNG-0426,25,primary_reference_source_id,True,provenance_only,
M4-FUNG-0426,57,boundary_confidence,True,provenance_only,
M4-FUNG-0426,58,pathway_identity_confidence,True,provenance_only,
M4-FUNG-0426,89,candidate_bgc_credibility,True,provenance_only,
M4-FUNG-0426,90,coordinated_transcription_evidence,True,provenance_only,
M4-FUNG-0426,91,biochemical_execution_evidence,True,provenance_only,
M4-FUNG-0426,92,product_formation_evidence,True,provenance_only,
M4-FUNG-0426,94,bgc_product_attribution,True,provenance_only,
M4-FUNG-0426,95,gene_product_attribution,True,provenance_only,
M4-FUNG-0426,96,complete_pathway_reconstruction,True,provenance_only,
M4-FUNG-0426,98,major_database_problem,True,provenance_only,
M4-FUNG-0426,99,best_use_case_for_atlas,True,provenance_only,
M4-FUNG-0426,100,overall_note,True,provenance_only,
M4-FUNG-0426,104,gene.legacy_support_annotation,True,provenance_only,S001; S002; S004
M4-FUNG-0426,105,gene.legacy_support_annotation,True,provenance_only,S001; S002; S004
M4-FUNG-0426,106,gene.legacy_support_annotation,True,provenance_only,S001; S004
M4-FUNG-0426,107,gene.legacy_support_annotation,True,provenance_only,S001; S002; S004
M4-FUNG-0426,108,gene.legacy_support_annotation,True,provenance_only,S001; S002; S004
M4-FUNG-0426,113,metabolite.legacy_attribution_annotation,True,provenance_only,S001; S002
M4-FUNG-0426,114,metabolite.legacy_attribution_annotation,True,provenance_only,S001; S002
M4-FUNG-0426,115,metabolite.legacy_attribution_annotation,True,provenance_only,S001; S002
M4-FUNG-0426,116,metabolite.legacy_attribution_annotation,True,provenance_only,S001; S002
M4-FUNG-0426,142,claim.legacy_support_annotation,True,provenance_only,S002
M4-FUNG-0426,143,claim.legacy_support_annotation,True,provenance_only,S002; S004
M4-FUNG-0426,144,claim.legacy_support_annotation,True,provenance_only,S002; S004
M4-FUNG-0426,153,relationship.legacy_support_annotation,True,provenance_only,S002
M4-FUNG-0426,154,relationship.legacy_support_annotation,True,provenance_only,S004
M4-FUNG-0426,155,relationship.legacy_support_annotation,True,provenance_only,S002; S004
M4-FUNG-0427,7,schema_version,True,administrative_excluded,
M4-FUNG-0427,8,dossier_id,True,administrative_excluded,
M4-FUNG-0427,9,sheet_record_status,True,administrative_excluded,
M4-FUNG-0427,10,annotation_status,True,administrative_excluded,
M4-FUNG-0427,11,annotation_date,True,administrative_excluded,
M4-FUNG-0427,12,inference,False,administrative_excluded,
M4-FUNG-0427,13,last_reviewed_date,True,administrative_excluded,
M4-FUNG-0427,20,mibig_record_status,True,provenance_only,S001; S002
M4-FUNG-0427,21,source_native_category_value,True,provenance_only,S001; S002
M4-FUNG-0427,22,mibig_completeness,True,provenance_only,S001; S002
M4-FUNG-0427,25,primary_reference_source_id,True,provenance_only,
M4-FUNG-0427,57,boundary_confidence,True,provenance_only,S002; S003
M4-FUNG-0427,58,pathway_identity_confidence,True,provenance_only,S003; S005
M4-FUNG-0427,89,candidate_bgc_credibility,True,provenance_only,S002; S003
M4-FUNG-0427,90,coordinated_transcription_evidence,True,provenance_only,S003
M4-FUNG-0427,91,biochemical_execution_evidence,True,provenance_only,S003; S005
M4-FUNG-0427,92,product_formation_evidence,True,provenance_only,S003
M4-FUNG-0427,94,bgc_product_attribution,True,provenance_only,S003; S005
M4-FUNG-0427,95,gene_product_attribution,True,provenance_only,S003; S005
M4-FUNG-0427,96,complete_pathway_reconstruction,True,provenance_only,S003; S005
M4-FUNG-0427,98,major_database_problem,True,provenance_only,S001; S002; S003
M4-FUNG-0427,99,best_use_case_for_atlas,True,provenance_only,S003; S005
M4-FUNG-0427,100,overall_note,True,provenance_only,S003; S005
M4-FUNG-0427,146,claim.legacy_support_annotation,True,provenance_only,
M4-FUNG-0427,147,claim.legacy_support_annotation,True,provenance_only,
M4-FUNG-0427,148,claim.legacy_support_annotation,True,provenance_only,
M4-FUNG-0427,149,claim.legacy_support_annotation,True,provenance_only,
M4-FUNG-0427,150,claim.legacy_support_annotation,True,provenance_only,
M4-FUNG-0427,151,claim.legacy_support_annotation,True,provenance_only,
M4-FUNG-0427,157,relationship.legacy_support_annotation,True,provenance_only,
M4-FUNG-0427,158,relationship.legacy_support_annotation,True,provenance_only,
M4-FUNG-0427,159,relationship.legacy_support_annotation,True,provenance_only,
M4-FUNG-0427,160,relationship.legacy_support_annotation,True,provenance_only,
M4-FUNG-0427,161,relationship.legacy_support_annotation,True,provenance_only,
M4-FUNG-0427,162,relationship.legacy_support_annotation,True,provenance_only,
M4-FUNG-0427,163,relationship.legacy_support_annotation,True,provenance_only,
M4-FUNG-0427,164,relationship.legacy_support_annotation,True,provenance_only,
M4-FUNG-0428,7,schema_version,True,administrative_excluded,
M4-FUNG-0428,8,dossier_id,True,administrative_excluded,
M4-FUNG-0428,9,sheet_record_status,True,administrative_excluded,
M4-FUNG-0428,10,annotation_status,True,administrative_excluded,
M4-FUNG-0428,11,annotation_date,True,administrative_excluded,
M4-FUNG-0428,12,inference,False,administrative_excluded,
M4-FUNG-0428,13,last_reviewed_date,True,administrative_excluded,
M4-FUNG-0428,20,mibig_record_status,True,provenance_only,S001; S002
M4-FUNG-0428,21,source_native_category_value,True,provenance_only,S001; S002
M4-FUNG-0428,22,mibig_completeness,True,provenance_only,S001; S002
M4-FUNG-0428,25,primary_reference_source_id,True,provenance_only,
M4-FUNG-0428,57,boundary_confidence,True,provenance_only,S001; S003
M4-FUNG-0428,58,pathway_identity_confidence,True,provenance_only,S003
M4-FUNG-0428,89,candidate_bgc_credibility,True,provenance_only,S003
M4-FUNG-0428,90,coordinated_transcription_evidence,True,provenance_only,S003
M4-FUNG-0428,91,biochemical_execution_evidence,True,provenance_only,S003
M4-FUNG-0428,92,product_formation_evidence,True,provenance_only,S003
M4-FUNG-0428,94,bgc_product_attribution,True,provenance_only,S003
M4-FUNG-0428,95,gene_product_attribution,True,provenance_only,S003
M4-FUNG-0428,96,complete_pathway_reconstruction,True,provenance_only,S003
M4-FUNG-0428,98,major_database_problem,True,provenance_only,S001; S002
M4-FUNG-0428,99,best_use_case_for_atlas,True,provenance_only,S003
M4-FUNG-0428,100,overall_note,True,provenance_only,S003
M4-FUNG-0428,104,gene.legacy_support_annotation,True,provenance_only,S003
M4-FUNG-0428,105,gene.legacy_support_annotation,True,provenance_only,S003
M4-FUNG-0428,113,metabolite.legacy_attribution_annotation,True,provenance_only,S003
M4-FUNG-0428,142,claim.legacy_support_annotation,True,provenance_only,S003
M4-FUNG-0428,143,claim.legacy_support_annotation,True,provenance_only,S003
M4-FUNG-0428,153,relationship.legacy_support_annotation,True,provenance_only,S003
M4-FUNG-0428,154,relationship.legacy_support_annotation,True,provenance_only,S003
M4-FUNG-0429,7,schema_version,True,administrative_excluded,
M4-FUNG-0429,8,dossier_id,True,administrative_excluded,
M4-FUNG-0429,9,sheet_record_status,True,administrative_excluded,
M4-FUNG-0429,10,annotation_status,True,administrative_excluded,
M4-FUNG-0429,11,annotation_date,True,administrative_excluded,
M4-FUNG-0429,12,inference,False,administrative_excluded,
M4-FUNG-0429,13,last_reviewed_date,True,administrative_excluded,
M4-FUNG-0429,20,mibig_record_status,True,provenance_only,S001; S002
M4-FUNG-0429,21,source_native_category_value,True,provenance_only,S001; S002
M4-FUNG-0429,22,mibig_completeness,True,provenance_only,S001; S002
M4-FUNG-0429,25,primary_reference_source_id,True,provenance_only,
M4-FUNG-0429,57,boundary_confidence,True,provenance_only,S001; S002; S005
M4-FUNG-0429,58,pathway_identity_confidence,True,provenance_only,S003; S005
M4-FUNG-0429,89,candidate_bgc_credibility,True,provenance_only,S003; S005
M4-FUNG-0429,90,coordinated_transcription_evidence,True,provenance_only,
M4-FUNG-0429,91,biochemical_execution_evidence,True,provenance_only,S003
M4-FUNG-0429,92,product_formation_evidence,True,provenance_only,S003
M4-FUNG-0429,94,bgc_product_attribution,True,provenance_only,S003; S005
M4-FUNG-0429,95,gene_product_attribution,True,provenance_only,S003; S005
M4-FUNG-0429,96,complete_pathway_reconstruction,True,provenance_only,S003
M4-FUNG-0429,98,major_database_problem,True,provenance_only,S001; S002; S005
M4-FUNG-0429,99,best_use_case_for_atlas,True,provenance_only,S003
M4-FUNG-0429,100,overall_note,True,provenance_only,S003; S005
M4-FUNG-0429,104,gene.legacy_support_annotation,True,provenance_only,S003; S005
M4-FUNG-0429,105,gene.legacy_support_annotation,True,provenance_only,S003; S005
M4-FUNG-0429,106,gene.legacy_support_annotation,True,provenance_only,S003; S005
M4-FUNG-0429,107,gene.legacy_support_annotation,True,provenance_only,S003; S005
M4-FUNG-0429,108,gene.legacy_support_annotation,True,provenance_only,S003; S005
M4-FUNG-0429,109,gene.legacy_support_annotation,True,provenance_only,S003; S005
M4-FUNG-0429,110,gene.legacy_support_annotation,True,provenance_only,S003; S005
M4-FUNG-0429,113,metabolite.legacy_attribution_annotation,True,provenance_only,S003
M4-FUNG-0429,114,metabolite.legacy_attribution_annotation,True,provenance_only,S003
M4-FUNG-0429,115,metabolite.legacy_attribution_annotation,True,provenance_only,S003; S005
M4-FUNG-0429,142,claim.legacy_support_annotation,True,provenance_only,S003; S005
M4-FUNG-0429,143,claim.legacy_support_annotation,True,provenance_only,S003
M4-FUNG-0429,144,claim.legacy_support_annotation,True,provenance_only,S003
M4-FUNG-0429,153,relationship.legacy_support_annotation,True,provenance_only,S003
M4-FUNG-0429,154,relationship.legacy_support_annotation,True,provenance_only,S003
M4-FUNG-0429,155,relationship.legacy_support_annotation,True,provenance_only,S003
M4-FUNG-0430,7,schema_version,True,administrative_excluded,
M4-FUNG-0430,8,dossier_id,True,administrative_excluded,
M4-FUNG-0430,9,sheet_record_status,True,administrative_excluded,
M4-FUNG-0430,10,annotation_status,True,administrative_excluded,
M4-FUNG-0430,11,annotation_date,True,administrative_excluded,
M4-FUNG-0430,12,inference,False,administrative_excluded,
M4-FUNG-0430,13,last_reviewed_date,True,administrative_excluded,
M4-FUNG-0430,20,mibig_record_status,True,provenance_only,S001; S002
M4-FUNG-0430,21,source_native_category_value,True,provenance_only,S001; S002
M4-FUNG-0430,22,mibig_completeness,True,provenance_only,S001; S002
M4-FUNG-0430,25,primary_reference_source_id,True,provenance_only,
M4-FUNG-0430,57,boundary_confidence,True,provenance_only,S001; S002
M4-FUNG-0430,58,pathway_identity_confidence,True,provenance_only,S003
M4-FUNG-0430,89,candidate_bgc_credibility,True,provenance_only,S003
M4-FUNG-0430,90,coordinated_transcription_evidence,True,provenance_only,
M4-FUNG-0430,91,biochemical_execution_evidence,True,provenance_only,S003; S005
M4-FUNG-0430,92,product_formation_evidence,True,provenance_only,S003
M4-FUNG-0430,94,bgc_product_attribution,True,provenance_only,S003
M4-FUNG-0430,95,gene_product_attribution,True,provenance_only,S002; S003
M4-FUNG-0430,96,complete_pathway_reconstruction,True,provenance_only,S003
M4-FUNG-0430,98,major_database_problem,True,provenance_only,S001; S002
M4-FUNG-0430,99,best_use_case_for_atlas,True,provenance_only,S003
M4-FUNG-0430,100,overall_note,True,provenance_only,S002; S003
M4-FUNG-0430,104,gene.legacy_support_annotation,True,provenance_only,S002; S003
M4-FUNG-0430,105,gene.legacy_support_annotation,True,provenance_only,S002
M4-FUNG-0430,106,gene.legacy_support_annotation,True,provenance_only,S002
M4-FUNG-0430,107,gene.legacy_support_annotation,True,provenance_only,S002
M4-FUNG-0430,113,metabolite.legacy_attribution_annotation,True,provenance_only,S003
M4-FUNG-0430,142,claim.legacy_support_annotation,True,provenance_only,S003
M4-FUNG-0430,153,relationship.legacy_support_annotation,True,provenance_only,S003
M4-FUNG-0431,7,schema_version,True,administrative_excluded,
M4-FUNG-0431,8,dossier_id,True,administrative_excluded,
M4-FUNG-0431,9,sheet_record_status,True,administrative_excluded,
M4-FUNG-0431,10,annotation_status,True,administrative_excluded,
M4-FUNG-0431,11,annotation_date,True,administrative_excluded,
M4-FUNG-0431,12,inference,False,administrative_excluded,
M4-FUNG-0431,13,last_reviewed_date,True,administrative_excluded,
M4-FUNG-0431,20,mibig_record_status,True,provenance_only,S001; S002
M4-FUNG-0431,21,source_native_category_value,True,provenance_only,S001; S002
M4-FUNG-0431,22,mibig_completeness,True,provenance_only,S001; S002
M4-FUNG-0431,25,primary_reference_source_id,True,provenance_only,
M4-FUNG-0431,57,boundary_confidence,True,provenance_only,S001; S002
M4-FUNG-0431,58,pathway_identity_confidence,True,provenance_only,S003
M4-FUNG-0431,89,candidate_bgc_credibility,True,provenance_only,S003
M4-FUNG-0431,90,coordinated_transcription_evidence,True,provenance_only,
M4-FUNG-0431,91,biochemical_execution_evidence,True,provenance_only,S002; S003
M4-FUNG-0431,92,product_formation_evidence,True,provenance_only,S003
M4-FUNG-0431,94,bgc_product_attribution,True,provenance_only,S003
M4-FUNG-0431,95,gene_product_attribution,True,provenance_only,S002; S003
M4-FUNG-0431,96,complete_pathway_reconstruction,True,provenance_only,S003
M4-FUNG-0431,98,major_database_problem,True,provenance_only,S001; S002
M4-FUNG-0431,99,best_use_case_for_atlas,True,provenance_only,S003
M4-FUNG-0431,100,overall_note,True,provenance_only,S002; S003
M4-FUNG-0431,104,gene.legacy_support_annotation,True,provenance_only,S002
M4-FUNG-0431,105,gene.legacy_support_annotation,True,provenance_only,S002
M4-FUNG-0431,106,gene.legacy_support_annotation,True,provenance_only,S002
M4-FUNG-0431,107,gene.legacy_support_annotation,True,provenance_only,S002; S003
M4-FUNG-0431,108,gene.legacy_support_annotation,True,provenance_only,S002
M4-FUNG-0431,109,gene.legacy_support_annotation,True,provenance_only,S002
M4-FUNG-0431,113,metabolite.legacy_attribution_annotation,True,provenance_only,S003
M4-FUNG-0431,114,metabolite.legacy_attribution_annotation,True,provenance_only,S003
M4-FUNG-0431,142,claim.legacy_support_annotation,True,provenance_only,S003
M4-FUNG-0431,143,claim.legacy_support_annotation,True,provenance_only,S002
M4-FUNG-0431,153,relationship.legacy_support_annotation,True,provenance_only,S003
M4-FUNG-0432,7,schema_version,True,administrative_excluded,
M4-FUNG-0432,8,dossier_id,True,administrative_excluded,
M4-FUNG-0432,9,sheet_record_status,True,administrative_excluded,
M4-FUNG-0432,10,annotation_status,True,administrative_excluded,
M4-FUNG-0432,11,annotation_date,True,administrative_excluded,
M4-FUNG-0432,12,inference,False,administrative_excluded,
M4-FUNG-0432,13,last_reviewed_date,True,administrative_excluded,
M4-FUNG-0432,20,mibig_record_status,True,provenance_only,S001; S002
M4-FUNG-0432,21,source_native_category_value,True,provenance_only,S001; S002
M4-FUNG-0432,22,mibig_completeness,True,provenance_only,S001; S002
M4-FUNG-0432,25,primary_reference_source_id,True,provenance_only,
M4-FUNG-0432,57,boundary_confidence,True,provenance_only,S001; S002
M4-FUNG-0432,58,pathway_identity_confidence,True,provenance_only,S003
M4-FUNG-0432,89,candidate_bgc_credibility,True,provenance_only,S003
M4-FUNG-0432,90,coordinated_transcription_evidence,True,provenance_only,
M4-FUNG-0432,91,biochemical_execution_evidence,True,provenance_only,S002; S005
M4-FUNG-0432,92,product_formation_evidence,True,provenance_only,S003
M4-FUNG-0432,94,bgc_product_attribution,True,provenance_only,S003
M4-FUNG-0432,95,gene_product_attribution,True,provenance_only,S002; S003
M4-FUNG-0432,96,complete_pathway_reconstruction,True,provenance_only,S003
M4-FUNG-0432,98,major_database_problem,True,provenance_only,S001; S002
M4-FUNG-0432,99,best_use_case_for_atlas,True,provenance_only,S003
M4-FUNG-0432,100,overall_note,True,provenance_only,S002; S003
M4-FUNG-0432,104,gene.legacy_support_annotation,True,provenance_only,S002; S003; S005
M4-FUNG-0432,105,gene.legacy_support_annotation,True,provenance_only,S002
M4-FUNG-0432,106,gene.legacy_support_annotation,True,provenance_only,S002
M4-FUNG-0432,107,gene.legacy_support_annotation,True,provenance_only,S002
M4-FUNG-0432,108,gene.legacy_support_annotation,True,provenance_only,S002
M4-FUNG-0432,109,gene.legacy_support_annotation,True,provenance_only,S002
M4-FUNG-0432,110,gene.legacy_support_annotation,True,provenance_only,S002
M4-FUNG-0432,113,metabolite.legacy_attribution_annotation,True,provenance_only,S003
M4-FUNG-0432,114,metabolite.legacy_attribution_annotation,True,provenance_only,S003; S006
M4-FUNG-0432,142,claim.legacy_support_annotation,True,provenance_only,S003
M4-FUNG-0432,143,claim.legacy_support_annotation,True,provenance_only,S002; S005
M4-FUNG-0432,153,relationship.legacy_support_annotation,True,provenance_only,S003
M4-FUNG-0432,154,relationship.legacy_support_annotation,True,provenance_only,S002; S005
M4-FUNG-0433,7,schema_version,True,administrative_excluded,
M4-FUNG-0433,8,dossier_id,True,administrative_excluded,
M4-FUNG-0433,9,sheet_record_status,True,administrative_excluded,
M4-FUNG-0433,10,annotation_status,True,administrative_excluded,
M4-FUNG-0433,11,annotation_date,True,administrative_excluded,
M4-FUNG-0433,12,inference,False,administrative_excluded,
M4-FUNG-0433,13,last_reviewed_date,True,administrative_excluded,
M4-FUNG-0433,20,mibig_record_status,True,provenance_only,S001; S002
M4-FUNG-0433,21,source_native_category_value,True,provenance_only,S001; S002
M4-FUNG-0433,22,mibig_completeness,True,provenance_only,S001; S002
M4-FUNG-0433,25,primary_reference_source_id,True,provenance_only,
M4-FUNG-0433,57,boundary_confidence,True,provenance_only,S001; S002
M4-FUNG-0433,58,pathway_identity_confidence,True,provenance_only,S003
M4-FUNG-0433,89,candidate_bgc_credibility,True,provenance_only,S003
M4-FUNG-0433,90,coordinated_transcription_evidence,True,provenance_only,
M4-FUNG-0433,91,biochemical_execution_evidence,True,provenance_only,S002
M4-FUNG-0433,92,product_formation_evidence,True,provenance_only,S003
M4-FUNG-0433,94,bgc_product_attribution,True,provenance_only,S003
M4-FUNG-0433,95,gene_product_attribution,True,provenance_only,S003
M4-FUNG-0433,96,complete_pathway_reconstruction,True,provenance_only,S002; S003
M4-FUNG-0433,98,major_database_problem,True,provenance_only,S001; S002
M4-FUNG-0433,99,best_use_case_for_atlas,True,provenance_only,S003
M4-FUNG-0433,100,overall_note,True,provenance_only,S002; S003
M4-FUNG-0433,104,gene.legacy_support_annotation,True,provenance_only,S002; S003
M4-FUNG-0433,113,metabolite.legacy_attribution_annotation,True,provenance_only,S003
M4-FUNG-0433,114,metabolite.legacy_attribution_annotation,True,provenance_only,S001; S003
M4-FUNG-0433,142,claim.legacy_support_annotation,True,provenance_only,S003
M4-FUNG-0433,143,claim.legacy_support_annotation,True,provenance_only,S002
M4-FUNG-0433,153,relationship.legacy_support_annotation,True,provenance_only,S003
M4-FUNG-0433,154,relationship.legacy_support_annotation,True,provenance_only,S002
M4-FUNG-0434,7,schema_version,True,administrative_excluded,
M4-FUNG-0434,8,dossier_id,True,administrative_excluded,
M4-FUNG-0434,9,sheet_record_status,True,administrative_excluded,
M4-FUNG-0434,10,annotation_status,True,administrative_excluded,
M4-FUNG-0434,11,annotation_date,True,administrative_excluded,
M4-FUNG-0434,12,inference,False,administrative_excluded,
M4-FUNG-0434,13,last_reviewed_date,True,administrative_excluded,
M4-FUNG-0434,20,mibig_record_status,True,provenance_only,S001; S002
M4-FUNG-0434,21,source_native_category_value,True,provenance_only,S001; S002
M4-FUNG-0434,22,mibig_completeness,True,provenance_only,S001; S002
M4-FUNG-0434,25,primary_reference_source_id,True,provenance_only,
M4-FUNG-0434,57,boundary_confidence,True,provenance_only,S001; S002
M4-FUNG-0434,58,pathway_identity_confidence,True,provenance_only,S003
M4-FUNG-0434,89,candidate_bgc_credibility,True,provenance_only,S003
M4-FUNG-0434,90,coordinated_transcription_evidence,True,provenance_only,S003
M4-FUNG-0434,91,biochemical_execution_evidence,True,provenance_only,S003
M4-FUNG-0434,92,product_formation_evidence,True,provenance_only,S003
M4-FUNG-0434,94,bgc_product_attribution,True,provenance_only,S003
M4-FUNG-0434,95,gene_product_attribution,True,provenance_only,S003
M4-FUNG-0434,96,complete_pathway_reconstruction,True,provenance_only,S003
M4-FUNG-0434,98,major_database_problem,True,provenance_only,S001; S002
M4-FUNG-0434,99,best_use_case_for_atlas,True,provenance_only,S003
M4-FUNG-0434,100,overall_note,True,provenance_only,S003
M4-FUNG-0434,104,gene.legacy_support_annotation,True,provenance_only,S002; S003
M4-FUNG-0434,105,gene.legacy_support_annotation,True,provenance_only,S002; S003
M4-FUNG-0434,113,metabolite.legacy_attribution_annotation,True,provenance_only,S003
M4-FUNG-0434,114,metabolite.legacy_attribution_annotation,True,provenance_only,S001; S003
M4-FUNG-0434,115,metabolite.legacy_attribution_annotation,True,provenance_only,S003
M4-FUNG-0434,142,claim.legacy_support_annotation,True,provenance_only,S003
M4-FUNG-0434,143,claim.legacy_support_annotation,True,provenance_only,S003
M4-FUNG-0434,144,claim.legacy_support_annotation,True,provenance_only,S003
M4-FUNG-0434,153,relationship.legacy_support_annotation,True,provenance_only,S003
M4-FUNG-0434,154,relationship.legacy_support_annotation,True,provenance_only,S003
M4-FUNG-0434,155,relationship.legacy_support_annotation,True,provenance_only,S003
M4-FUNG-0435,7,schema_version,True,administrative_excluded,
M4-FUNG-0435,8,dossier_id,True,administrative_excluded,
M4-FUNG-0435,9,sheet_record_status,True,administrative_excluded,
M4-FUNG-0435,10,annotation_status,True,administrative_excluded,
M4-FUNG-0435,11,annotation_date,True,administrative_excluded,
M4-FUNG-0435,12,inference,False,administrative_excluded,
M4-FUNG-0435,13,last_reviewed_date,True,administrative_excluded,
M4-FUNG-0435,20,mibig_record_status,True,provenance_only,S001; S002
M4-FUNG-0435,21,source_native_category_value,True,provenance_only,S001; S002
M4-FUNG-0435,22,mibig_completeness,True,provenance_only,S001; S002
M4-FUNG-0435,25,primary_reference_source_id,True,provenance_only,
M4-FUNG-0435,57,boundary_confidence,True,provenance_only,S001; S002
M4-FUNG-0435,58,pathway_identity_confidence,True,provenance_only,S003
M4-FUNG-0435,89,candidate_bgc_credibility,True,provenance_only,S003
M4-FUNG-0435,90,coordinated_transcription_evidence,True,provenance_only,S003
M4-FUNG-0435,91,biochemical_execution_evidence,True,provenance_only,S003
M4-FUNG-0435,92,product_formation_evidence,True,provenance_only,S003
M4-FUNG-0435,94,bgc_product_attribution,True,provenance_only,S003
M4-FUNG-0435,95,gene_product_attribution,True,provenance_only,S003
M4-FUNG-0435,96,complete_pathway_reconstruction,True,provenance_only,S003
M4-FUNG-0435,98,major_database_problem,True,provenance_only,S001; S002; S003
M4-FUNG-0435,99,best_use_case_for_atlas,True,provenance_only,S003
M4-FUNG-0435,100,overall_note,True,provenance_only,S003
M4-FUNG-0435,104,gene.legacy_support_annotation,True,provenance_only,S002; S003
M4-FUNG-0435,113,metabolite.legacy_attribution_annotation,True,provenance_only,S003
M4-FUNG-0435,114,metabolite.legacy_attribution_annotation,True,provenance_only,S003
M4-FUNG-0435,115,metabolite.legacy_attribution_annotation,True,provenance_only,S003
M4-FUNG-0435,142,claim.legacy_support_annotation,True,provenance_only,S003
M4-FUNG-0435,143,claim.legacy_support_annotation,True,provenance_only,S003
M4-FUNG-0435,153,relationship.legacy_support_annotation,True,provenance_only,S003
M4-FUNG-0435,154,relationship.legacy_support_annotation,True,provenance_only,S003
M4-FUNG-0436,7,schema_version,True,administrative_excluded,
M4-FUNG-0436,8,dossier_id,True,administrative_excluded,
M4-FUNG-0436,9,sheet_record_status,True,administrative_excluded,
M4-FUNG-0436,10,annotation_status,True,administrative_excluded,
M4-FUNG-0436,11,annotation_date,True,administrative_excluded,
M4-FUNG-0436,12,inference,False,administrative_excluded,
M4-FUNG-0436,13,last_reviewed_date,True,administrative_excluded,
M4-FUNG-0436,20,mibig_record_status,True,provenance_only,S001; S002
M4-FUNG-0436,21,source_native_category_value,True,provenance_only,S001; S002
M4-FUNG-0436,22,mibig_completeness,True,provenance_only,S001; S002
M4-FUNG-0436,25,primary_reference_source_id,True,provenance_only,
M4-FUNG-0436,57,boundary_confidence,True,provenance_only,S001; S002
M4-FUNG-0436,58,pathway_identity_confidence,True,provenance_only,S003
M4-FUNG-0436,89,candidate_bgc_credibility,True,provenance_only,S003
M4-FUNG-0436,90,coordinated_transcription_evidence,True,provenance_only,S003
M4-FUNG-0436,91,biochemical_execution_evidence,True,provenance_only,S003
M4-FUNG-0436,92,product_formation_evidence,True,provenance_only,S003
M4-FUNG-0436,94,bgc_product_attribution,True,provenance_only,S003
M4-FUNG-0436,95,gene_product_attribution,True,provenance_only,S003
M4-FUNG-0436,96,complete_pathway_reconstruction,True,provenance_only,S003
M4-FUNG-0436,98,major_database_problem,True,provenance_only,S001; S002
M4-FUNG-0436,99,best_use_case_for_atlas,True,provenance_only,S003
M4-FUNG-0436,100,overall_note,True,provenance_only,S002; S003
M4-FUNG-0436,104,gene.legacy_support_annotation,True,provenance_only,S002; S003
M4-FUNG-0436,113,metabolite.legacy_attribution_annotation,True,provenance_only,S002; S003
M4-FUNG-0436,114,metabolite.legacy_attribution_annotation,True,provenance_only,S003
M4-FUNG-0436,142,claim.legacy_support_annotation,True,provenance_only,S003
M4-FUNG-0436,143,claim.legacy_support_annotation,True,provenance_only,S002; S003
M4-FUNG-0436,153,relationship.legacy_support_annotation,True,provenance_only,S003
M4-FUNG-0436,154,relationship.legacy_support_annotation,True,provenance_only,S002; S003
M4-FUNG-0437,7,schema_version,True,administrative_excluded,
M4-FUNG-0437,8,dossier_id,True,administrative_excluded,
M4-FUNG-0437,9,sheet_record_status,True,administrative_excluded,
M4-FUNG-0437,10,annotation_status,True,administrative_excluded,
M4-FUNG-0437,11,annotation_date,True,administrative_excluded,
M4-FUNG-0437,12,inference,False,administrative_excluded,
M4-FUNG-0437,13,last_reviewed_date,True,administrative_excluded,
M4-FUNG-0437,20,mibig_record_status,True,provenance_only,S001; S002
M4-FUNG-0437,21,source_native_category_value,True,provenance_only,S001; S002
M4-FUNG-0437,22,mibig_completeness,True,provenance_only,S001; S002
M4-FUNG-0437,25,primary_reference_source_id,True,provenance_only,
M4-FUNG-0437,57,boundary_confidence,True,provenance_only,S001; S002
M4-FUNG-0437,58,pathway_identity_confidence,True,provenance_only,S003
M4-FUNG-0437,89,candidate_bgc_credibility,True,provenance_only,S003
M4-FUNG-0437,90,coordinated_transcription_evidence,True,provenance_only,S003
M4-FUNG-0437,91,biochemical_execution_evidence,True,provenance_only,S003
M4-FUNG-0437,92,product_formation_evidence,True,provenance_only,S003
M4-FUNG-0437,94,bgc_product_attribution,True,provenance_only,S003
M4-FUNG-0437,95,gene_product_attribution,True,provenance_only,S003
M4-FUNG-0437,96,complete_pathway_reconstruction,True,provenance_only,S003
M4-FUNG-0437,98,major_database_problem,True,provenance_only,S001; S002
M4-FUNG-0437,99,best_use_case_for_atlas,True,provenance_only,S003
M4-FUNG-0437,100,overall_note,True,provenance_only,S003
M4-FUNG-0437,104,gene.legacy_support_annotation,True,provenance_only,S003
M4-FUNG-0437,105,gene.legacy_support_annotation,True,provenance_only,S003
M4-FUNG-0437,106,gene.legacy_support_annotation,True,provenance_only,S003
M4-FUNG-0437,107,gene.legacy_support_annotation,True,provenance_only,S003
M4-FUNG-0437,108,gene.legacy_support_annotation,True,provenance_only,S002; S003
M4-FUNG-0437,113,metabolite.legacy_attribution_annotation,True,provenance_only,S001; S003
M4-FUNG-0437,114,metabolite.legacy_attribution_annotation,True,provenance_only,S001; S003; S005
M4-FUNG-0437,115,metabolite.legacy_attribution_annotation,True,provenance_only,S001; S003; S005
M4-FUNG-0437,116,metabolite.legacy_attribution_annotation,True,provenance_only,S001; S003
M4-FUNG-0437,117,metabolite.legacy_attribution_annotation,True,provenance_only,S001; S003; S005
M4-FUNG-0437,142,claim.legacy_support_annotation,True,provenance_only,S003
M4-FUNG-0437,143,claim.legacy_support_annotation,True,provenance_only,S003
M4-FUNG-0437,144,claim.legacy_support_annotation,True,provenance_only,S003
M4-FUNG-0437,145,claim.legacy_support_annotation,True,provenance_only,S003
M4-FUNG-0437,153,relationship.legacy_support_annotation,True,provenance_only,S003
M4-FUNG-0437,154,relationship.legacy_support_annotation,True,provenance_only,S003
M4-FUNG-0437,155,relationship.legacy_support_annotation,True,provenance_only,S003
M4-FUNG-0437,156,relationship.legacy_support_annotation,True,provenance_only,S003
M4-FUNG-0438,7,schema_version,True,administrative_excluded,
M4-FUNG-0438,8,dossier_id,True,administrative_excluded,
M4-FUNG-0438,9,sheet_record_status,True,administrative_excluded,
M4-FUNG-0438,10,annotation_status,True,administrative_excluded,
M4-FUNG-0438,11,annotation_date,True,administrative_excluded,
M4-FUNG-0438,12,inference,False,administrative_excluded,
M4-FUNG-0438,13,last_reviewed_date,True,administrative_excluded,
M4-FUNG-0438,20,mibig_record_status,True,provenance_only,S001; S002
M4-FUNG-0438,21,source_native_category_value,True,provenance_only,S001; S002
M4-FUNG-0438,22,mibig_completeness,True,provenance_only,S001; S002
M4-FUNG-0438,25,primary_reference_source_id,True,provenance_only,
M4-FUNG-0438,57,boundary_confidence,True,provenance_only,S001; S003
M4-FUNG-0438,58,pathway_identity_confidence,True,provenance_only,S003
M4-FUNG-0438,89,candidate_bgc_credibility,True,provenance_only,S003
M4-FUNG-0438,90,coordinated_transcription_evidence,True,provenance_only,S003
M4-FUNG-0438,91,biochemical_execution_evidence,True,provenance_only,S003
M4-FUNG-0438,92,product_formation_evidence,True,provenance_only,S003
M4-FUNG-0438,94,bgc_product_attribution,True,provenance_only,S001; S003
M4-FUNG-0438,95,gene_product_attribution,True,provenance_only,S003
M4-FUNG-0438,96,complete_pathway_reconstruction,True,provenance_only,S003
M4-FUNG-0438,98,major_database_problem,True,provenance_only,S001; S002
M4-FUNG-0438,99,best_use_case_for_atlas,True,provenance_only,S003
M4-FUNG-0438,100,overall_note,True,provenance_only,S003
M4-FUNG-0438,104,gene.legacy_support_annotation,True,provenance_only,S003
M4-FUNG-0438,105,gene.legacy_support_annotation,True,provenance_only,S003
M4-FUNG-0438,113,metabolite.legacy_attribution_annotation,True,provenance_only,S001; S003
M4-FUNG-0438,114,metabolite.legacy_attribution_annotation,True,provenance_only,S003
M4-FUNG-0438,142,claim.legacy_support_annotation,True,provenance_only,S003
M4-FUNG-0438,143,claim.legacy_support_annotation,True,provenance_only,S003
M4-FUNG-0438,144,claim.legacy_support_annotation,True,provenance_only,S001; S002; S003
M4-FUNG-0438,153,relationship.legacy_support_annotation,True,provenance_only,S003
M4-FUNG-0438,154,relationship.legacy_support_annotation,True,provenance_only,S003
M4-FUNG-0438,155,relationship.legacy_support_annotation,True,provenance_only,S003
M4-FUNG-0439,7,schema_version,True,administrative_excluded,
M4-FUNG-0439,8,dossier_id,True,administrative_excluded,
M4-FUNG-0439,9,sheet_record_status,True,administrative_excluded,
M4-FUNG-0439,10,annotation_status,True,administrative_excluded,
M4-FUNG-0439,11,annotation_date,True,administrative_excluded,
M4-FUNG-0439,12,inference,False,administrative_excluded,
M4-FUNG-0439,13,last_reviewed_date,True,administrative_excluded,
M4-FUNG-0439,20,mibig_record_status,True,provenance_only,S001; S002
M4-FUNG-0439,21,source_native_category_value,True,provenance_only,S001; S002
M4-FUNG-0439,22,mibig_completeness,True,provenance_only,S001; S002
M4-FUNG-0439,25,primary_reference_source_id,True,provenance_only,
M4-FUNG-0439,57,boundary_confidence,True,provenance_only,S001; S003
M4-FUNG-0439,58,pathway_identity_confidence,True,provenance_only,S003
M4-FUNG-0439,89,candidate_bgc_credibility,True,provenance_only,S003
M4-FUNG-0439,90,coordinated_transcription_evidence,True,provenance_only,S003
M4-FUNG-0439,91,biochemical_execution_evidence,True,provenance_only,S003
M4-FUNG-0439,92,product_formation_evidence,True,provenance_only,S003
M4-FUNG-0439,94,bgc_product_attribution,True,provenance_only,S001; S003
M4-FUNG-0439,95,gene_product_attribution,True,provenance_only,S003
M4-FUNG-0439,96,complete_pathway_reconstruction,True,provenance_only,S003
M4-FUNG-0439,98,major_database_problem,True,provenance_only,S001; S002
M4-FUNG-0439,99,best_use_case_for_atlas,True,provenance_only,S003
M4-FUNG-0439,100,overall_note,True,provenance_only,S003
M4-FUNG-0439,104,gene.legacy_support_annotation,True,provenance_only,S003
M4-FUNG-0439,105,gene.legacy_support_annotation,True,provenance_only,S003
M4-FUNG-0439,113,metabolite.legacy_attribution_annotation,True,provenance_only,S001; S003
M4-FUNG-0439,114,metabolite.legacy_attribution_annotation,True,provenance_only,S003
M4-FUNG-0439,142,claim.legacy_support_annotation,True,provenance_only,S003
M4-FUNG-0439,143,claim.legacy_support_annotation,True,provenance_only,S003
M4-FUNG-0439,144,claim.legacy_support_annotation,True,provenance_only,S001; S002; S003
M4-FUNG-0439,153,relationship.legacy_support_annotation,True,provenance_only,S003
M4-FUNG-0439,154,relationship.legacy_support_annotation,True,provenance_only,S003
M4-FUNG-0439,155,relationship.legacy_support_annotation,True,provenance_only,S003
M4-FUNG-0440,7,schema_version,True,administrative_excluded,
M4-FUNG-0440,8,dossier_id,True,administrative_excluded,
M4-FUNG-0440,9,sheet_record_status,True,administrative_excluded,
M4-FUNG-0440,10,annotation_status,True,administrative_excluded,
M4-FUNG-0440,11,annotation_date,True,administrative_excluded,
M4-FUNG-0440,12,inference,False,administrative_excluded,
M4-FUNG-0440,13,last_reviewed_date,True,administrative_excluded,
M4-FUNG-0440,20,mibig_record_status,True,provenance_only,S001; S002
M4-FUNG-0440,21,source_native_category_value,True,provenance_only,S001; S002
M4-FUNG-0440,22,mibig_completeness,True,provenance_only,S001; S002
M4-FUNG-0440,25,primary_reference_source_id,True,provenance_only,
M4-FUNG-0440,57,boundary_confidence,True,provenance_only,S001; S002
M4-FUNG-0440,58,pathway_identity_confidence,True,provenance_only,S003
M4-FUNG-0440,89,candidate_bgc_credibility,True,provenance_only,S003
M4-FUNG-0440,90,coordinated_transcription_evidence,True,provenance_only,S003
M4-FUNG-0440,91,biochemical_execution_evidence,True,provenance_only,S003
M4-FUNG-0440,92,product_formation_evidence,True,provenance_only,S003
M4-FUNG-0440,94,bgc_product_attribution,True,provenance_only,S003
M4-FUNG-0440,95,gene_product_attribution,True,provenance_only,S003
M4-FUNG-0440,96,complete_pathway_reconstruction,True,provenance_only,S003
M4-FUNG-0440,98,major_database_problem,True,provenance_only,S001; S002; S003
M4-FUNG-0440,99,best_use_case_for_atlas,True,provenance_only,S003
M4-FUNG-0440,100,overall_note,True,provenance_only,S003
M4-FUNG-0440,104,gene.legacy_support_annotation,True,provenance_only,S003
M4-FUNG-0440,105,gene.legacy_support_annotation,True,provenance_only,S003
M4-FUNG-0440,106,gene.legacy_support_annotation,True,provenance_only,S003
M4-FUNG-0440,107,gene.legacy_support_annotation,True,provenance_only,S003
M4-FUNG-0440,108,gene.legacy_support_annotation,True,provenance_only,S003
M4-FUNG-0440,109,gene.legacy_support_annotation,True,provenance_only,S003
M4-FUNG-0440,113,metabolite.legacy_attribution_annotation,True,provenance_only,S003
M4-FUNG-0440,114,metabolite.legacy_attribution_annotation,True,provenance_only,S003
M4-FUNG-0440,115,metabolite.legacy_attribution_annotation,True,provenance_only,S003
M4-FUNG-0440,116,metabolite.legacy_attribution_annotation,True,provenance_only,S001; S003
M4-FUNG-0440,142,claim.legacy_support_annotation,True,provenance_only,S003
M4-FUNG-0440,143,claim.legacy_support_annotation,True,provenance_only,S003
M4-FUNG-0440,144,claim.legacy_support_annotation,True,provenance_only,S003
M4-FUNG-0440,145,claim.legacy_support_annotation,True,provenance_only,S003
M4-FUNG-0440,153,relationship.legacy_support_annotation,True,provenance_only,S003
M4-FUNG-0440,154,relationship.legacy_support_annotation,True,provenance_only,S003
M4-FUNG-0440,155,relationship.legacy_support_annotation,True,provenance_only,S003
M4-FUNG-0440,156,relationship.legacy_support_annotation,True,provenance_only,S003
M4-FUNG-0441,7,schema_version,True,administrative_excluded,
M4-FUNG-0441,8,dossier_id,True,administrative_excluded,
M4-FUNG-0441,9,sheet_record_status,True,administrative_excluded,
M4-FUNG-0441,10,annotation_status,True,administrative_excluded,
M4-FUNG-0441,11,annotation_date,True,administrative_excluded,
M4-FUNG-0441,12,inference,False,administrative_excluded,
M4-FUNG-0441,13,last_reviewed_date,True,administrative_excluded,
M4-FUNG-0441,20,mibig_record_status,True,provenance_only,S001; S002
M4-FUNG-0441,21,source_native_category_value,True,provenance_only,S001; S002
M4-FUNG-0441,22,mibig_completeness,True,provenance_only,S001; S002
M4-FUNG-0441,25,primary_reference_source_id,True,provenance_only,
M4-FUNG-0441,57,boundary_confidence,True,provenance_only,S001; S002
M4-FUNG-0441,58,pathway_identity_confidence,True,provenance_only,S003
M4-FUNG-0441,89,candidate_bgc_credibility,True,provenance_only,S003
M4-FUNG-0441,90,coordinated_transcription_evidence,True,provenance_only,S003
M4-FUNG-0441,91,biochemical_execution_evidence,True,provenance_only,S003
M4-FUNG-0441,92,product_formation_evidence,True,provenance_only,S003
M4-FUNG-0441,94,bgc_product_attribution,True,provenance_only,S003
M4-FUNG-0441,95,gene_product_attribution,True,provenance_only,S002; S003
M4-FUNG-0441,96,complete_pathway_reconstruction,True,provenance_only,S003
M4-FUNG-0441,98,major_database_problem,True,provenance_only,S001; S002
M4-FUNG-0441,99,best_use_case_for_atlas,True,provenance_only,S003
M4-FUNG-0441,100,overall_note,True,provenance_only,S003
M4-FUNG-0441,104,gene.legacy_support_annotation,True,provenance_only,S002; S003
M4-FUNG-0441,105,gene.legacy_support_annotation,True,provenance_only,S002; S003
M4-FUNG-0441,106,gene.legacy_support_annotation,True,provenance_only,S002; S003
M4-FUNG-0441,107,gene.legacy_support_annotation,True,provenance_only,S002; S003
M4-FUNG-0441,108,gene.legacy_support_annotation,True,provenance_only,S002; S003
M4-FUNG-0441,109,gene.legacy_support_annotation,True,provenance_only,S003
M4-FUNG-0441,110,gene.legacy_support_annotation,True,provenance_only,S002; S003
M4-FUNG-0441,113,metabolite.legacy_attribution_annotation,True,provenance_only,S001; S003
M4-FUNG-0441,114,metabolite.legacy_attribution_annotation,True,provenance_only,S001; S003
M4-FUNG-0441,115,metabolite.legacy_attribution_annotation,True,provenance_only,S001; S003
M4-FUNG-0441,116,metabolite.legacy_attribution_annotation,True,provenance_only,S001; S003
M4-FUNG-0441,117,metabolite.legacy_attribution_annotation,True,provenance_only,S001; S002; S003
M4-FUNG-0441,142,claim.legacy_support_annotation,True,provenance_only,S003
M4-FUNG-0441,143,claim.legacy_support_annotation,True,provenance_only,S003
M4-FUNG-0441,144,claim.legacy_support_annotation,True,provenance_only,S003
M4-FUNG-0441,145,claim.legacy_support_annotation,True,provenance_only,S001; S002; S003
M4-FUNG-0441,153,relationship.legacy_support_annotation,True,provenance_only,S003
M4-FUNG-0441,154,relationship.legacy_support_annotation,True,provenance_only,S003
M4-FUNG-0441,155,relationship.legacy_support_annotation,True,provenance_only,S003
M4-FUNG-0441,156,relationship.legacy_support_annotation,True,provenance_only,S003
M4-FUNG-0442,7,schema_version,True,administrative_excluded,
M4-FUNG-0442,8,dossier_id,True,administrative_excluded,
M4-FUNG-0442,9,sheet_record_status,True,administrative_excluded,
M4-FUNG-0442,10,annotation_status,True,administrative_excluded,
M4-FUNG-0442,11,annotation_date,True,administrative_excluded,
M4-FUNG-0442,12,inference,False,administrative_excluded,
M4-FUNG-0442,13,last_reviewed_date,True,administrative_excluded,
M4-FUNG-0442,20,mibig_record_status,True,provenance_only,S001; S002
M4-FUNG-0442,21,source_native_category_value,True,provenance_only,S001; S002
M4-FUNG-0442,22,mibig_completeness,True,provenance_only,S001; S002
M4-FUNG-0442,25,primary_reference_source_id,True,provenance_only,
M4-FUNG-0442,57,boundary_confidence,True,provenance_only,S002; S003
M4-FUNG-0442,58,pathway_identity_confidence,True,provenance_only,S003
M4-FUNG-0442,89,candidate_bgc_credibility,True,provenance_only,S003
M4-FUNG-0442,90,coordinated_transcription_evidence,True,provenance_only,
M4-FUNG-0442,91,biochemical_execution_evidence,True,provenance_only,S002; S003
M4-FUNG-0442,92,product_formation_evidence,True,provenance_only,S003
M4-FUNG-0442,94,bgc_product_attribution,True,provenance_only,S003
M4-FUNG-0442,95,gene_product_attribution,True,provenance_only,S002; S003
M4-FUNG-0442,96,complete_pathway_reconstruction,True,provenance_only,S003
M4-FUNG-0442,98,major_database_problem,True,provenance_only,S001; S002
M4-FUNG-0442,99,best_use_case_for_atlas,True,provenance_only,S003
M4-FUNG-0442,100,overall_note,True,provenance_only,S003
M4-FUNG-0442,104,gene.legacy_support_annotation,True,provenance_only,S002; S003
M4-FUNG-0442,105,gene.legacy_support_annotation,True,provenance_only,S002; S003
M4-FUNG-0442,106,gene.legacy_support_annotation,True,provenance_only,S002
M4-FUNG-0442,113,metabolite.legacy_attribution_annotation,True,provenance_only,S003
M4-FUNG-0442,114,metabolite.legacy_attribution_annotation,True,provenance_only,S001; S003
M4-FUNG-0442,142,claim.legacy_support_annotation,True,provenance_only,S003
M4-FUNG-0442,143,claim.legacy_support_annotation,True,provenance_only,S002; S003
M4-FUNG-0442,144,claim.legacy_support_annotation,True,provenance_only,S003
M4-FUNG-0442,153,relationship.legacy_support_annotation,True,provenance_only,S002; S003
M4-FUNG-0442,154,relationship.legacy_support_annotation,True,provenance_only,S003
M4-FUNG-0442,155,relationship.legacy_support_annotation,True,provenance_only,S003
M4-FUNG-0443,7,schema_version,True,administrative_excluded,
M4-FUNG-0443,8,dossier_id,True,administrative_excluded,
M4-FUNG-0443,9,sheet_record_status,True,administrative_excluded,
M4-FUNG-0443,10,annotation_status,True,administrative_excluded,
M4-FUNG-0443,11,annotation_date,True,administrative_excluded,
M4-FUNG-0443,12,inference,False,administrative_excluded,
M4-FUNG-0443,13,last_reviewed_date,True,administrative_excluded,
M4-FUNG-0443,20,mibig_record_status,True,provenance_only,S001; S002
M4-FUNG-0443,21,source_native_category_value,True,provenance_only,S001; S002
M4-FUNG-0443,22,mibig_completeness,True,provenance_only,S001; S002
M4-FUNG-0443,25,primary_reference_source_id,True,provenance_only,
M4-FUNG-0443,57,boundary_confidence,True,provenance_only,S002; S003
M4-FUNG-0443,58,pathway_identity_confidence,True,provenance_only,S003
M4-FUNG-0443,89,candidate_bgc_credibility,True,provenance_only,S003
M4-FUNG-0443,90,coordinated_transcription_evidence,True,provenance_only,S003
M4-FUNG-0443,91,biochemical_execution_evidence,True,provenance_only,S003
M4-FUNG-0443,92,product_formation_evidence,True,provenance_only,S003
M4-FUNG-0443,94,bgc_product_attribution,True,provenance_only,S003
M4-FUNG-0443,95,gene_product_attribution,True,provenance_only,S003
M4-FUNG-0443,96,complete_pathway_reconstruction,True,provenance_only,S003
M4-FUNG-0443,98,major_database_problem,True,provenance_only,S001; S003; S004
M4-FUNG-0443,99,best_use_case_for_atlas,True,provenance_only,S003
M4-FUNG-0443,100,overall_note,True,provenance_only,S003
M4-FUNG-0443,104,gene.legacy_support_annotation,True,provenance_only,S002; S003
M4-FUNG-0443,105,gene.legacy_support_annotation,True,provenance_only,S002; S003
M4-FUNG-0443,106,gene.legacy_support_annotation,True,provenance_only,S002; S003
M4-FUNG-0443,107,gene.legacy_support_annotation,True,provenance_only,S002; S003
M4-FUNG-0443,108,gene.legacy_support_annotation,True,provenance_only,S002; S003
M4-FUNG-0443,109,gene.legacy_support_annotation,True,provenance_only,S002
M4-FUNG-0443,110,gene.legacy_support_annotation,True,provenance_only,S002
M4-FUNG-0443,113,metabolite.legacy_attribution_annotation,True,provenance_only,S001; S003
M4-FUNG-0443,114,metabolite.legacy_attribution_annotation,True,provenance_only,S003
M4-FUNG-0443,115,metabolite.legacy_attribution_annotation,True,provenance_only,S003
M4-FUNG-0443,116,metabolite.legacy_attribution_annotation,True,provenance_only,S003
M4-FUNG-0443,117,metabolite.legacy_attribution_annotation,True,provenance_only,S003
M4-FUNG-0443,142,claim.legacy_support_annotation,True,provenance_only,S003
M4-FUNG-0443,143,claim.legacy_support_annotation,True,provenance_only,S003
M4-FUNG-0443,144,claim.legacy_support_annotation,True,provenance_only,S003
M4-FUNG-0443,145,claim.legacy_support_annotation,True,provenance_only,S003
M4-FUNG-0443,153,relationship.legacy_support_annotation,True,provenance_only,S003
M4-FUNG-0443,154,relationship.legacy_support_annotation,True,provenance_only,S003
M4-FUNG-0443,155,relationship.legacy_support_annotation,True,provenance_only,S003
M4-FUNG-0443,156,relationship.legacy_support_annotation,True,provenance_only,S003
M4-FUNG-0444,7,schema_version,True,administrative_excluded,
M4-FUNG-0444,8,dossier_id,True,administrative_excluded,
M4-FUNG-0444,9,sheet_record_status,True,administrative_excluded,
M4-FUNG-0444,10,annotation_status,True,administrative_excluded,
M4-FUNG-0444,11,annotation_date,True,administrative_excluded,
M4-FUNG-0444,12,inference,False,administrative_excluded,
M4-FUNG-0444,13,last_reviewed_date,True,administrative_excluded,
M4-FUNG-0444,20,mibig_record_status,True,provenance_only,S001; S002
M4-FUNG-0444,21,source_native_category_value,True,provenance_only,S001; S002
M4-FUNG-0444,22,mibig_completeness,True,provenance_only,S001; S002
M4-FUNG-0444,25,primary_reference_source_id,True,provenance_only,
M4-FUNG-0444,57,boundary_confidence,True,provenance_only,S001; S002; S003
M4-FUNG-0444,58,pathway_identity_confidence,True,provenance_only,S003
M4-FUNG-0444,89,candidate_bgc_credibility,True,provenance_only,S003
M4-FUNG-0444,90,coordinated_transcription_evidence,True,provenance_only,
M4-FUNG-0444,91,biochemical_execution_evidence,True,provenance_only,S003
M4-FUNG-0444,92,product_formation_evidence,True,provenance_only,S003
M4-FUNG-0444,94,bgc_product_attribution,True,provenance_only,S003
M4-FUNG-0444,95,gene_product_attribution,True,provenance_only,S003
M4-FUNG-0444,96,complete_pathway_reconstruction,True,provenance_only,S003
M4-FUNG-0444,98,major_database_problem,True,provenance_only,S001; S002
M4-FUNG-0444,99,best_use_case_for_atlas,True,provenance_only,S003
M4-FUNG-0444,100,overall_note,True,provenance_only,S003
M4-FUNG-0444,104,gene.legacy_support_annotation,True,provenance_only,S002; S003
M4-FUNG-0444,105,gene.legacy_support_annotation,True,provenance_only,S002; S003
M4-FUNG-0444,113,metabolite.legacy_attribution_annotation,True,provenance_only,S003
M4-FUNG-0444,114,metabolite.legacy_attribution_annotation,True,provenance_only,S001; S003
M4-FUNG-0444,142,claim.legacy_support_annotation,True,provenance_only,S003
M4-FUNG-0444,143,claim.legacy_support_annotation,True,provenance_only,S003
M4-FUNG-0444,144,claim.legacy_support_annotation,True,provenance_only,S003
M4-FUNG-0444,153,relationship.legacy_support_annotation,True,provenance_only,S003
M4-FUNG-0444,154,relationship.legacy_support_annotation,True,provenance_only,S003
M4-FUNG-0444,155,relationship.legacy_support_annotation,True,provenance_only,S003
M4-FUNG-0445,7,schema_version,True,administrative_excluded,
M4-FUNG-0445,8,dossier_id,True,administrative_excluded,
M4-FUNG-0445,9,sheet_record_status,True,administrative_excluded,
M4-FUNG-0445,10,annotation_status,True,administrative_excluded,
M4-FUNG-0445,11,annotation_date,True,administrative_excluded,
M4-FUNG-0445,12,inference,False,administrative_excluded,
M4-FUNG-0445,13,last_reviewed_date,True,administrative_excluded,
M4-FUNG-0445,20,mibig_record_status,True,provenance_only,S001; S002
M4-FUNG-0445,21,source_native_category_value,True,provenance_only,S001; S002
M4-FUNG-0445,22,mibig_completeness,True,provenance_only,S001; S002
M4-FUNG-0445,25,primary_reference_source_id,True,provenance_only,
M4-FUNG-0445,57,boundary_confidence,True,provenance_only,S001; S002
M4-FUNG-0445,58,pathway_identity_confidence,True,provenance_only,S003
M4-FUNG-0445,89,candidate_bgc_credibility,True,provenance_only,S003
M4-FUNG-0445,90,coordinated_transcription_evidence,True,provenance_only,S003
M4-FUNG-0445,91,biochemical_execution_evidence,True,provenance_only,S002; S003
M4-FUNG-0445,92,product_formation_evidence,True,provenance_only,S003
M4-FUNG-0445,94,bgc_product_attribution,True,provenance_only,S003
M4-FUNG-0445,95,gene_product_attribution,True,provenance_only,S002; S003
M4-FUNG-0445,96,complete_pathway_reconstruction,True,provenance_only,S003
M4-FUNG-0445,98,major_database_problem,True,provenance_only,S001; S002; S003
M4-FUNG-0445,99,best_use_case_for_atlas,True,provenance_only,S003
M4-FUNG-0445,100,overall_note,True,provenance_only,S003
M4-FUNG-0445,104,gene.legacy_support_annotation,True,provenance_only,S002; S003
M4-FUNG-0445,105,gene.legacy_support_annotation,True,provenance_only,S002; S003
M4-FUNG-0445,106,gene.legacy_support_annotation,True,provenance_only,S002; S003
M4-FUNG-0445,107,gene.legacy_support_annotation,True,provenance_only,S002; S003
M4-FUNG-0445,113,metabolite.legacy_attribution_annotation,True,provenance_only,S001; S003
M4-FUNG-0445,114,metabolite.legacy_attribution_annotation,True,provenance_only,S001; S003
M4-FUNG-0445,115,metabolite.legacy_attribution_annotation,True,provenance_only,S001; S003
M4-FUNG-0445,116,metabolite.legacy_attribution_annotation,True,provenance_only,S001; S003
M4-FUNG-0445,142,claim.legacy_support_annotation,True,provenance_only,S003
M4-FUNG-0445,143,claim.legacy_support_annotation,True,provenance_only,S003
M4-FUNG-0445,144,claim.legacy_support_annotation,True,provenance_only,S003
M4-FUNG-0445,145,claim.legacy_support_annotation,True,provenance_only,S003
M4-FUNG-0445,153,relationship.legacy_support_annotation,True,provenance_only,S003
M4-FUNG-0445,154,relationship.legacy_support_annotation,True,provenance_only,S003
M4-FUNG-0445,155,relationship.legacy_support_annotation,True,provenance_only,S003
M4-FUNG-0445,156,relationship.legacy_support_annotation,True,provenance_only,S003
M4-FUNG-0446,7,schema_version,True,administrative_excluded,
M4-FUNG-0446,8,dossier_id,True,administrative_excluded,
M4-FUNG-0446,9,sheet_record_status,True,administrative_excluded,
M4-FUNG-0446,10,annotation_status,True,administrative_excluded,
M4-FUNG-0446,11,annotation_date,True,administrative_excluded,
M4-FUNG-0446,12,inference,False,administrative_excluded,
M4-FUNG-0446,13,last_reviewed_date,True,administrative_excluded,
M4-FUNG-0446,20,mibig_record_status,True,provenance_only,S001; S002
M4-FUNG-0446,21,source_native_category_value,True,provenance_only,S001; S002
M4-FUNG-0446,22,mibig_completeness,True,provenance_only,S001; S002
M4-FUNG-0446,25,primary_reference_source_id,True,provenance_only,
M4-FUNG-0446,57,boundary_confidence,True,provenance_only,S001; S002; S003
M4-FUNG-0446,58,pathway_identity_confidence,True,provenance_only,S003
M4-FUNG-0446,89,candidate_bgc_credibility,True,provenance_only,S003
M4-FUNG-0446,90,coordinated_transcription_evidence,True,provenance_only,S003
M4-FUNG-0446,91,biochemical_execution_evidence,True,provenance_only,S003
M4-FUNG-0446,92,product_formation_evidence,True,provenance_only,S003
M4-FUNG-0446,94,bgc_product_attribution,True,provenance_only,S003
M4-FUNG-0446,95,gene_product_attribution,True,provenance_only,S002; S003
M4-FUNG-0446,96,complete_pathway_reconstruction,True,provenance_only,S003
M4-FUNG-0446,98,major_database_problem,True,provenance_only,S001; S002; S003; S006
M4-FUNG-0446,99,best_use_case_for_atlas,True,provenance_only,S003
M4-FUNG-0446,100,overall_note,True,provenance_only,S003
M4-FUNG-0446,104,gene.legacy_support_annotation,True,provenance_only,S002; S003; S005
M4-FUNG-0446,105,gene.legacy_support_annotation,True,provenance_only,S002; S003
M4-FUNG-0446,106,gene.legacy_support_annotation,True,provenance_only,S002
M4-FUNG-0446,107,gene.legacy_support_annotation,True,provenance_only,S002
M4-FUNG-0446,108,gene.legacy_support_annotation,True,provenance_only,S002
M4-FUNG-0446,109,gene.legacy_support_annotation,True,provenance_only,S002
M4-FUNG-0446,113,metabolite.legacy_attribution_annotation,True,provenance_only,S002; S003
M4-FUNG-0446,114,metabolite.legacy_attribution_annotation,True,provenance_only,S001; S003
M4-FUNG-0446,115,metabolite.legacy_attribution_annotation,True,provenance_only,S003
M4-FUNG-0446,143,claim.legacy_support_annotation,True,provenance_only,S003; S005
M4-FUNG-0446,144,claim.legacy_support_annotation,True,provenance_only,S003
M4-FUNG-0446,145,claim.legacy_support_annotation,True,provenance_only,S003
M4-FUNG-0446,146,claim.legacy_support_annotation,True,provenance_only,S003
M4-FUNG-0446,147,claim.legacy_support_annotation,True,provenance_only,S001; S003; S006
M4-FUNG-0446,154,relationship.legacy_support_annotation,True,provenance_only,S003; S005
M4-FUNG-0446,155,relationship.legacy_support_annotation,True,provenance_only,S003
M4-FUNG-0446,156,relationship.legacy_support_annotation,True,provenance_only,S003
M4-FUNG-0446,157,relationship.legacy_support_annotation,True,provenance_only,S003
M4-FUNG-0446,158,relationship.legacy_support_annotation,True,provenance_only,S003
M4-FUNG-0447,7,schema_version,True,administrative_excluded,
M4-FUNG-0447,8,dossier_id,True,administrative_excluded,
M4-FUNG-0447,9,sheet_record_status,True,administrative_excluded,
M4-FUNG-0447,10,annotation_status,True,administrative_excluded,
M4-FUNG-0447,11,annotation_date,True,administrative_excluded,
M4-FUNG-0447,12,inference,False,administrative_excluded,
M4-FUNG-0447,13,last_reviewed_date,True,administrative_excluded,
M4-FUNG-0447,20,mibig_record_status,True,provenance_only,S001
M4-FUNG-0447,21,source_native_category_value,True,provenance_only,S001
M4-FUNG-0447,22,mibig_completeness,True,provenance_only,S001
M4-FUNG-0447,25,primary_reference_source_id,True,provenance_only,
M4-FUNG-0447,57,boundary_confidence,True,provenance_only,S001; S003; S005
M4-FUNG-0447,58,pathway_identity_confidence,True,provenance_only,S003
M4-FUNG-0447,89,candidate_bgc_credibility,True,provenance_only,S003
M4-FUNG-0447,90,coordinated_transcription_evidence,True,provenance_only,
M4-FUNG-0447,91,biochemical_execution_evidence,True,provenance_only,S003
M4-FUNG-0447,92,product_formation_evidence,True,provenance_only,S003
M4-FUNG-0447,94,bgc_product_attribution,True,provenance_only,S003; S005
M4-FUNG-0447,95,gene_product_attribution,True,provenance_only,S003
M4-FUNG-0447,96,complete_pathway_reconstruction,True,provenance_only,S003
M4-FUNG-0447,98,major_database_problem,True,provenance_only,S001; S005
M4-FUNG-0447,99,best_use_case_for_atlas,True,provenance_only,S003; S005
M4-FUNG-0447,100,overall_note,True,provenance_only,S001; S003; S005
M4-FUNG-0447,104,gene.legacy_support_annotation,True,provenance_only,S003
M4-FUNG-0447,105,gene.legacy_support_annotation,True,provenance_only,S003
M4-FUNG-0447,106,gene.legacy_support_annotation,True,provenance_only,S003
M4-FUNG-0447,107,gene.legacy_support_annotation,True,provenance_only,S003
M4-FUNG-0447,108,gene.legacy_support_annotation,True,provenance_only,S003
M4-FUNG-0447,113,metabolite.legacy_attribution_annotation,True,provenance_only,S003
M4-FUNG-0447,114,metabolite.legacy_attribution_annotation,True,provenance_only,S003
M4-FUNG-0447,115,metabolite.legacy_attribution_annotation,True,provenance_only,S003
M4-FUNG-0447,116,metabolite.legacy_attribution_annotation,True,provenance_only,S003
M4-FUNG-0447,141,claim.legacy_support_annotation,True,provenance_only,S003
M4-FUNG-0447,142,claim.legacy_support_annotation,True,provenance_only,S003
M4-FUNG-0447,143,claim.legacy_support_annotation,True,provenance_only,S003
M4-FUNG-0447,144,claim.legacy_support_annotation,True,provenance_only,S001; S005
M4-FUNG-0447,152,relationship.legacy_support_annotation,True,provenance_only,S003
M4-FUNG-0447,153,relationship.legacy_support_annotation,True,provenance_only,S003
M4-FUNG-0447,154,relationship.legacy_support_annotation,True,provenance_only,S003
M4-FUNG-0447,155,relationship.legacy_support_annotation,True,provenance_only,S005
M4-FUNG-0448,7,schema_version,True,administrative_excluded,
M4-FUNG-0448,8,dossier_id,True,administrative_excluded,
M4-FUNG-0448,9,sheet_record_status,True,administrative_excluded,
M4-FUNG-0448,10,annotation_status,True,administrative_excluded,
M4-FUNG-0448,11,annotation_date,True,administrative_excluded,
M4-FUNG-0448,12,inference,False,administrative_excluded,
M4-FUNG-0448,13,last_reviewed_date,True,administrative_excluded,
M4-FUNG-0448,20,mibig_record_status,True,provenance_only,S001
M4-FUNG-0448,21,source_native_category_value,True,provenance_only,S001
M4-FUNG-0448,22,mibig_completeness,True,provenance_only,S001
M4-FUNG-0448,25,primary_reference_source_id,True,provenance_only,
M4-FUNG-0448,57,boundary_confidence,True,provenance_only,S003; S004
M4-FUNG-0448,58,pathway_identity_confidence,True,provenance_only,S003; S004
M4-FUNG-0448,89,candidate_bgc_credibility,True,provenance_only,S003; S004
M4-FUNG-0448,90,coordinated_transcription_evidence,True,provenance_only,S003; S004
M4-FUNG-0448,91,biochemical_execution_evidence,True,provenance_only,S003; S004
M4-FUNG-0448,92,product_formation_evidence,True,provenance_only,S003
M4-FUNG-0448,94,bgc_product_attribution,True,provenance_only,S003; S004
M4-FUNG-0448,95,gene_product_attribution,True,provenance_only,S004
M4-FUNG-0448,96,complete_pathway_reconstruction,True,provenance_only,S003; S004
M4-FUNG-0448,98,major_database_problem,True,provenance_only,S001; S003
M4-FUNG-0448,99,best_use_case_for_atlas,True,provenance_only,S003; S004
M4-FUNG-0448,100,overall_note,True,provenance_only,S003; S004
M4-FUNG-0448,104,gene.legacy_support_annotation,True,provenance_only,S003; S004
M4-FUNG-0448,105,gene.legacy_support_annotation,True,provenance_only,S004
M4-FUNG-0448,106,gene.legacy_support_annotation,True,provenance_only,S004
M4-FUNG-0448,107,gene.legacy_support_annotation,True,provenance_only,S004
M4-FUNG-0448,108,gene.legacy_support_annotation,True,provenance_only,S004
M4-FUNG-0448,113,metabolite.legacy_attribution_annotation,True,provenance_only,S003
M4-FUNG-0448,114,metabolite.legacy_attribution_annotation,True,provenance_only,S003
M4-FUNG-0448,115,metabolite.legacy_attribution_annotation,True,provenance_only,S003
M4-FUNG-0448,142,claim.legacy_support_annotation,True,provenance_only,S003
M4-FUNG-0448,143,claim.legacy_support_annotation,True,provenance_only,S003; S004
M4-FUNG-0448,144,claim.legacy_support_annotation,True,provenance_only,S003
M4-FUNG-0448,153,relationship.legacy_support_annotation,True,provenance_only,S003
M4-FUNG-0448,154,relationship.legacy_support_annotation,True,provenance_only,S003; S004
M4-FUNG-0449,7,schema_version,True,administrative_excluded,
M4-FUNG-0449,8,dossier_id,True,administrative_excluded,
M4-FUNG-0449,9,sheet_record_status,True,administrative_excluded,
M4-FUNG-0449,10,annotation_status,True,administrative_excluded,
M4-FUNG-0449,11,annotation_date,True,administrative_excluded,
M4-FUNG-0449,12,inference,False,administrative_excluded,
M4-FUNG-0449,13,last_reviewed_date,True,administrative_excluded,
M4-FUNG-0449,20,mibig_record_status,True,provenance_only,S001; S002
M4-FUNG-0449,21,source_native_category_value,True,provenance_only,S001; S002
M4-FUNG-0449,22,mibig_completeness,True,provenance_only,S001; S002
M4-FUNG-0449,25,primary_reference_source_id,True,provenance_only,
M4-FUNG-0449,57,boundary_confidence,True,provenance_only,S001; S002
M4-FUNG-0449,58,pathway_identity_confidence,True,provenance_only,S003
M4-FUNG-0449,89,candidate_bgc_credibility,True,provenance_only,S003
M4-FUNG-0449,90,coordinated_transcription_evidence,True,provenance_only,S003
M4-FUNG-0449,91,biochemical_execution_evidence,True,provenance_only,S003
M4-FUNG-0449,92,product_formation_evidence,True,provenance_only,S003
M4-FUNG-0449,94,bgc_product_attribution,True,provenance_only,S001; S003
M4-FUNG-0449,95,gene_product_attribution,True,provenance_only,S003
M4-FUNG-0449,96,complete_pathway_reconstruction,True,provenance_only,S003
M4-FUNG-0449,98,major_database_problem,True,provenance_only,S001; S002
M4-FUNG-0449,99,best_use_case_for_atlas,True,provenance_only,S003
M4-FUNG-0449,100,overall_note,True,provenance_only,S003
M4-FUNG-0449,104,gene.legacy_support_annotation,True,provenance_only,S002; S003
M4-FUNG-0449,105,gene.legacy_support_annotation,True,provenance_only,S002; S003
M4-FUNG-0449,106,gene.legacy_support_annotation,True,provenance_only,S002
M4-FUNG-0449,107,gene.legacy_support_annotation,True,provenance_only,S002; S003
M4-FUNG-0449,108,gene.legacy_support_annotation,True,provenance_only,S002; S003
M4-FUNG-0449,109,gene.legacy_support_annotation,True,provenance_only,S002; S003
M4-FUNG-0449,113,metabolite.legacy_attribution_annotation,True,provenance_only,S001; S003
M4-FUNG-0449,114,metabolite.legacy_attribution_annotation,True,provenance_only,S001; S003
M4-FUNG-0449,115,metabolite.legacy_attribution_annotation,True,provenance_only,S003
M4-FUNG-0449,141,claim.legacy_support_annotation,True,provenance_only,S003
M4-FUNG-0449,142,claim.legacy_support_annotation,True,provenance_only,S003
M4-FUNG-0449,143,claim.legacy_support_annotation,True,provenance_only,S003
M4-FUNG-0449,144,claim.legacy_support_annotation,True,provenance_only,S001; S003
M4-FUNG-0449,151,relationship.legacy_support_annotation,True,provenance_only,S003
M4-FUNG-0449,152,relationship.legacy_support_annotation,True,provenance_only,S003
M4-FUNG-0449,153,relationship.legacy_support_annotation,True,provenance_only,S003
M4-FUNG-0449,154,relationship.legacy_support_annotation,True,provenance_only,S003
M4-FUNG-0450,7,schema_version,True,administrative_excluded,
M4-FUNG-0450,8,dossier_id,True,administrative_excluded,
M4-FUNG-0450,9,sheet_record_status,True,administrative_excluded,
M4-FUNG-0450,10,annotation_status,True,administrative_excluded,
M4-FUNG-0450,11,annotation_date,True,administrative_excluded,
M4-FUNG-0450,12,inference,False,administrative_excluded,
M4-FUNG-0450,13,last_reviewed_date,True,administrative_excluded,
M4-FUNG-0450,20,mibig_record_status,True,provenance_only,S001; S002
M4-FUNG-0450,21,source_native_category_value,True,provenance_only,S001; S002
M4-FUNG-0450,22,mibig_completeness,True,provenance_only,S001; S002
M4-FUNG-0450,25,primary_reference_source_id,True,provenance_only,
M4-FUNG-0450,57,boundary_confidence,True,provenance_only,S001; S003; S004
M4-FUNG-0450,58,pathway_identity_confidence,True,provenance_only,S003; S004
M4-FUNG-0450,89,candidate_bgc_credibility,True,provenance_only,S003; S004
M4-FUNG-0450,90,coordinated_transcription_evidence,True,provenance_only,S003; S004
M4-FUNG-0450,91,biochemical_execution_evidence,True,provenance_only,S003
M4-FUNG-0450,92,product_formation_evidence,True,provenance_only,S003; S004
M4-FUNG-0450,94,bgc_product_attribution,True,provenance_only,S004
M4-FUNG-0450,95,gene_product_attribution,True,provenance_only,S003; S004
M4-FUNG-0450,96,complete_pathway_reconstruction,True,provenance_only,S003; S004
M4-FUNG-0450,98,major_database_problem,True,provenance_only,S001; S003; S004
M4-FUNG-0450,99,best_use_case_for_atlas,True,provenance_only,S003; S004
M4-FUNG-0450,100,overall_note,True,provenance_only,S004
M4-FUNG-0450,104,gene.legacy_support_annotation,True,provenance_only,S003; S004; S006
M4-FUNG-0450,105,gene.legacy_support_annotation,True,provenance_only,S003; S004
M4-FUNG-0450,106,gene.legacy_support_annotation,True,provenance_only,S003; S006
M4-FUNG-0450,107,gene.legacy_support_annotation,True,provenance_only,S003; S006
M4-FUNG-0450,108,gene.legacy_support_annotation,True,provenance_only,S003; S006
M4-FUNG-0450,109,gene.legacy_support_annotation,True,provenance_only,S003; S006
M4-FUNG-0450,110,gene.legacy_support_annotation,True,provenance_only,S003; S006
M4-FUNG-0450,113,metabolite.legacy_attribution_annotation,True,provenance_only,S001; S003; S004
M4-FUNG-0450,114,metabolite.legacy_attribution_annotation,True,provenance_only,S001; S003; S004
M4-FUNG-0450,115,metabolite.legacy_attribution_annotation,True,provenance_only,S001; S003
M4-FUNG-0450,116,metabolite.legacy_attribution_annotation,True,provenance_only,S001; S003
M4-FUNG-0450,117,metabolite.legacy_attribution_annotation,True,provenance_only,S001
M4-FUNG-0450,141,claim.legacy_support_annotation,True,provenance_only,S003
M4-FUNG-0450,142,claim.legacy_support_annotation,True,provenance_only,S004
M4-FUNG-0450,143,claim.legacy_support_annotation,True,provenance_only,S004
M4-FUNG-0450,144,claim.legacy_support_annotation,True,provenance_only,S001; S003; S004
M4-FUNG-0450,151,relationship.legacy_support_annotation,True,provenance_only,S003
M4-FUNG-0450,152,relationship.legacy_support_annotation,True,provenance_only,S003
M4-FUNG-0450,153,relationship.legacy_support_annotation,True,provenance_only,S003
M4-FUNG-0450,154,relationship.legacy_support_annotation,True,provenance_only,S004
M4-FUNG-0451,7,schema_version,True,administrative_excluded,
M4-FUNG-0451,8,dossier_id,True,administrative_excluded,
M4-FUNG-0451,9,sheet_record_status,True,administrative_excluded,
M4-FUNG-0451,10,annotation_status,True,administrative_excluded,
M4-FUNG-0451,11,annotation_date,True,administrative_excluded,
M4-FUNG-0451,12,inference,False,administrative_excluded,
M4-FUNG-0451,13,last_reviewed_date,True,administrative_excluded,
M4-FUNG-0451,20,mibig_record_status,True,provenance_only,S001; S002
M4-FUNG-0451,21,source_native_category_value,True,provenance_only,S001; S002
M4-FUNG-0451,22,mibig_completeness,True,provenance_only,S001; S002
M4-FUNG-0451,25,primary_reference_source_id,True,provenance_only,
M4-FUNG-0451,57,boundary_confidence,True,provenance_only,S001; S002
M4-FUNG-0451,58,pathway_identity_confidence,True,provenance_only,S003; S004
M4-FUNG-0451,89,candidate_bgc_credibility,True,provenance_only,S003; S004
M4-FUNG-0451,90,coordinated_transcription_evidence,True,provenance_only,S003; S004
M4-FUNG-0451,91,biochemical_execution_evidence,True,provenance_only,S003
M4-FUNG-0451,92,product_formation_evidence,True,provenance_only,S003; S004; S005
M4-FUNG-0451,94,bgc_product_attribution,True,provenance_only,S003; S004
M4-FUNG-0451,95,gene_product_attribution,True,provenance_only,S002; S003
M4-FUNG-0451,96,complete_pathway_reconstruction,True,provenance_only,S003
M4-FUNG-0451,98,major_database_problem,True,provenance_only,S001; S002; S003
M4-FUNG-0451,99,best_use_case_for_atlas,True,provenance_only,S003; S004; S006
M4-FUNG-0451,100,overall_note,True,provenance_only,S003; S004; S006
M4-FUNG-0451,104,gene.legacy_support_annotation,True,provenance_only,S002; S003; S007
M4-FUNG-0451,105,gene.legacy_support_annotation,True,provenance_only,S002; S003; S007
M4-FUNG-0451,106,gene.legacy_support_annotation,True,provenance_only,S002; S003; S007
M4-FUNG-0451,107,gene.legacy_support_annotation,True,provenance_only,S002; S003; S007
M4-FUNG-0451,108,gene.legacy_support_annotation,True,provenance_only,S002; S003; S007
M4-FUNG-0451,109,gene.legacy_support_annotation,True,provenance_only,S002
M4-FUNG-0451,110,gene.legacy_support_annotation,True,provenance_only,S002
M4-FUNG-0451,113,metabolite.legacy_attribution_annotation,True,provenance_only,S001; S005; S006
M4-FUNG-0451,114,metabolite.legacy_attribution_annotation,True,provenance_only,S001; S003; S005
M4-FUNG-0451,115,metabolite.legacy_attribution_annotation,True,provenance_only,S001; S004
M4-FUNG-0451,116,metabolite.legacy_attribution_annotation,True,provenance_only,S001; S005
M4-FUNG-0451,117,metabolite.legacy_attribution_annotation,True,provenance_only,S001; S005
M4-FUNG-0451,141,claim.legacy_support_annotation,True,provenance_only,S003
M4-FUNG-0451,142,claim.legacy_support_annotation,True,provenance_only,S004
M4-FUNG-0451,143,claim.legacy_support_annotation,True,provenance_only,S006
M4-FUNG-0451,144,claim.legacy_support_annotation,True,provenance_only,S005
M4-FUNG-0451,151,relationship.legacy_support_annotation,True,provenance_only,S003
M4-FUNG-0451,152,relationship.legacy_support_annotation,True,provenance_only,S003
M4-FUNG-0451,153,relationship.legacy_support_annotation,True,provenance_only,S003
M4-FUNG-0451,154,relationship.legacy_support_annotation,True,provenance_only,S004
M4-FUNG-0451,155,relationship.legacy_support_annotation,True,provenance_only,S006
M4-FUNG-0452,7,schema_version,True,administrative_excluded,
M4-FUNG-0452,8,dossier_id,True,administrative_excluded,
M4-FUNG-0452,9,sheet_record_status,True,administrative_excluded,
M4-FUNG-0452,10,annotation_status,True,administrative_excluded,
M4-FUNG-0452,11,annotation_date,True,administrative_excluded,
M4-FUNG-0452,12,inference,False,administrative_excluded,
M4-FUNG-0452,13,last_reviewed_date,True,administrative_excluded,
M4-FUNG-0452,20,mibig_record_status,True,provenance_only,S001; S002
M4-FUNG-0452,21,source_native_category_value,True,provenance_only,S001; S002
M4-FUNG-0452,22,mibig_completeness,True,provenance_only,S001; S002
M4-FUNG-0452,25,primary_reference_source_id,True,provenance_only,
M4-FUNG-0452,57,boundary_confidence,True,provenance_only,S003
M4-FUNG-0452,58,pathway_identity_confidence,True,provenance_only,S003
M4-FUNG-0452,89,candidate_bgc_credibility,True,provenance_only,S003
M4-FUNG-0452,90,coordinated_transcription_evidence,True,provenance_only,S003
M4-FUNG-0452,91,biochemical_execution_evidence,True,provenance_only,S003
M4-FUNG-0452,92,product_formation_evidence,True,provenance_only,S003; S005
M4-FUNG-0452,94,bgc_product_attribution,True,provenance_only,S003
M4-FUNG-0452,95,gene_product_attribution,True,provenance_only,S002; S003
M4-FUNG-0452,96,complete_pathway_reconstruction,True,provenance_only,S003
M4-FUNG-0452,98,major_database_problem,True,provenance_only,S002; S003
M4-FUNG-0452,99,best_use_case_for_atlas,True,provenance_only,S003
M4-FUNG-0452,100,overall_note,True,provenance_only,S003
M4-FUNG-0452,104,gene.legacy_support_annotation,True,provenance_only,S002; S003
M4-FUNG-0452,105,gene.legacy_support_annotation,True,provenance_only,S002; S003
M4-FUNG-0452,106,gene.legacy_support_annotation,True,provenance_only,S002; S003
M4-FUNG-0452,107,gene.legacy_support_annotation,True,provenance_only,S002; S003
M4-FUNG-0452,108,gene.legacy_support_annotation,True,provenance_only,S002; S003
M4-FUNG-0452,109,gene.legacy_support_annotation,True,provenance_only,S002; S003
M4-FUNG-0452,110,gene.legacy_support_annotation,True,provenance_only,S002; S003
M4-FUNG-0452,113,metabolite.legacy_attribution_annotation,True,provenance_only,S003; S005
M4-FUNG-0452,114,metabolite.legacy_attribution_annotation,True,provenance_only,S003
M4-FUNG-0452,141,claim.legacy_support_annotation,True,provenance_only,S003; S005
M4-FUNG-0452,142,claim.legacy_support_annotation,True,provenance_only,S003
M4-FUNG-0452,143,claim.legacy_support_annotation,True,provenance_only,S002; S003
M4-FUNG-0452,144,claim.legacy_support_annotation,True,provenance_only,S001; S002; S003
M4-FUNG-0452,151,relationship.legacy_support_annotation,True,provenance_only,S003; S005
M4-FUNG-0452,152,relationship.legacy_support_annotation,True,provenance_only,S003; S005
M4-FUNG-0452,153,relationship.legacy_support_annotation,True,provenance_only,S003
M4-FUNG-0453,7,schema_version,True,administrative_excluded,
M4-FUNG-0453,8,dossier_id,True,administrative_excluded,
M4-FUNG-0453,9,sheet_record_status,True,administrative_excluded,
M4-FUNG-0453,10,annotation_status,True,administrative_excluded,
M4-FUNG-0453,11,annotation_date,True,administrative_excluded,
M4-FUNG-0453,12,inference,False,administrative_excluded,
M4-FUNG-0453,13,last_reviewed_date,True,administrative_excluded,
M4-FUNG-0453,20,mibig_record_status,True,provenance_only,S001; S002
M4-FUNG-0453,21,source_native_category_value,True,provenance_only,S001; S002
M4-FUNG-0453,22,mibig_completeness,True,provenance_only,S001; S002
M4-FUNG-0453,25,primary_reference_source_id,True,provenance_only,
M4-FUNG-0453,57,boundary_confidence,True,provenance_only,S002; S003
M4-FUNG-0453,58,pathway_identity_confidence,True,provenance_only,S003; S005
M4-FUNG-0453,89,candidate_bgc_credibility,True,provenance_only,S003
M4-FUNG-0453,90,coordinated_transcription_evidence,True,provenance_only,S003
M4-FUNG-0453,91,biochemical_execution_evidence,True,provenance_only,S003; S005
M4-FUNG-0453,92,product_formation_evidence,True,provenance_only,S003; S005
M4-FUNG-0453,94,bgc_product_attribution,True,provenance_only,S003
M4-FUNG-0453,95,gene_product_attribution,True,provenance_only,S003; S005
M4-FUNG-0453,96,complete_pathway_reconstruction,True,provenance_only,S003
M4-FUNG-0453,98,major_database_problem,True,provenance_only,S001; S002; S003
M4-FUNG-0453,99,best_use_case_for_atlas,True,provenance_only,S003
M4-FUNG-0453,100,overall_note,True,provenance_only,S003
M4-FUNG-0453,104,gene.legacy_support_annotation,True,provenance_only,S005
M4-FUNG-0453,105,gene.legacy_support_annotation,True,provenance_only,S003
M4-FUNG-0453,106,gene.legacy_support_annotation,True,provenance_only,S003
M4-FUNG-0453,107,gene.legacy_support_annotation,True,provenance_only,S003
M4-FUNG-0453,108,gene.legacy_support_annotation,True,provenance_only,S003
M4-FUNG-0453,109,gene.legacy_support_annotation,True,provenance_only,S003
M4-FUNG-0453,113,metabolite.legacy_attribution_annotation,True,provenance_only,S003; S005
M4-FUNG-0453,114,metabolite.legacy_attribution_annotation,True,provenance_only,S003
M4-FUNG-0453,115,metabolite.legacy_attribution_annotation,True,provenance_only,S001; S003; S005
M4-FUNG-0453,142,claim.legacy_support_annotation,True,provenance_only,S003; S005
M4-FUNG-0453,143,claim.legacy_support_annotation,True,provenance_only,S003
M4-FUNG-0453,144,claim.legacy_support_annotation,True,provenance_only,S003
M4-FUNG-0453,145,claim.legacy_support_annotation,True,provenance_only,S001; S002; S003
M4-FUNG-0453,153,relationship.legacy_support_annotation,True,provenance_only,S003; S005
M4-FUNG-0453,154,relationship.legacy_support_annotation,True,provenance_only,S003
M4-FUNG-0453,155,relationship.legacy_support_annotation,True,provenance_only,S003
M4-FUNG-0453,156,relationship.legacy_support_annotation,True,provenance_only,S003
M4-FUNG-0454,7,schema_version,True,administrative_excluded,
M4-FUNG-0454,8,dossier_id,True,administrative_excluded,
M4-FUNG-0454,9,sheet_record_status,True,administrative_excluded,
M4-FUNG-0454,10,annotation_status,True,administrative_excluded,
M4-FUNG-0454,11,annotation_date,True,administrative_excluded,
M4-FUNG-0454,12,inference,False,administrative_excluded,
M4-FUNG-0454,13,last_reviewed_date,True,administrative_excluded,
M4-FUNG-0454,20,mibig_record_status,True,provenance_only,S001; S002
M4-FUNG-0454,21,source_native_category_value,True,provenance_only,S001; S002
M4-FUNG-0454,22,mibig_completeness,True,provenance_only,S001; S002
M4-FUNG-0454,25,primary_reference_source_id,True,provenance_only,
M4-FUNG-0454,57,boundary_confidence,True,provenance_only,S001; S003
M4-FUNG-0454,58,pathway_identity_confidence,True,provenance_only,S003
M4-FUNG-0454,89,candidate_bgc_credibility,True,provenance_only,S003
M4-FUNG-0454,90,coordinated_transcription_evidence,True,provenance_only,S003
M4-FUNG-0454,91,biochemical_execution_evidence,True,provenance_only,S003
M4-FUNG-0454,92,product_formation_evidence,True,provenance_only,S003
M4-FUNG-0454,94,bgc_product_attribution,True,provenance_only,S003
M4-FUNG-0454,95,gene_product_attribution,True,provenance_only,S003
M4-FUNG-0454,96,complete_pathway_reconstruction,True,provenance_only,S003
M4-FUNG-0454,98,major_database_problem,True,provenance_only,S001; S003
M4-FUNG-0454,99,best_use_case_for_atlas,True,provenance_only,S003
M4-FUNG-0454,100,overall_note,True,provenance_only,S003
M4-FUNG-0454,104,gene.legacy_support_annotation,True,provenance_only,S003
M4-FUNG-0454,105,gene.legacy_support_annotation,True,provenance_only,S003
M4-FUNG-0454,106,gene.legacy_support_annotation,True,provenance_only,S003; S005
M4-FUNG-0454,107,gene.legacy_support_annotation,True,provenance_only,S003; S005
M4-FUNG-0454,108,gene.legacy_support_annotation,True,provenance_only,S003
M4-FUNG-0454,109,gene.legacy_support_annotation,True,provenance_only,S003
M4-FUNG-0454,113,metabolite.legacy_attribution_annotation,True,provenance_only,S001; S003
M4-FUNG-0454,114,metabolite.legacy_attribution_annotation,True,provenance_only,S003; S005
M4-FUNG-0454,115,metabolite.legacy_attribution_annotation,True,provenance_only,S003
M4-FUNG-0454,116,metabolite.legacy_attribution_annotation,True,provenance_only,S003
M4-FUNG-0454,117,metabolite.legacy_attribution_annotation,True,provenance_only,S003
M4-FUNG-0454,142,claim.legacy_support_annotation,True,provenance_only,S003
M4-FUNG-0454,143,claim.legacy_support_annotation,True,provenance_only,S003
M4-FUNG-0454,144,claim.legacy_support_annotation,True,provenance_only,S003
M4-FUNG-0454,145,claim.legacy_support_annotation,True,provenance_only,S003
M4-FUNG-0454,153,relationship.legacy_support_annotation,True,provenance_only,S003
M4-FUNG-0454,154,relationship.legacy_support_annotation,True,provenance_only,S003
M4-FUNG-0454,155,relationship.legacy_support_annotation,True,provenance_only,S003
M4-FUNG-0454,156,relationship.legacy_support_annotation,True,provenance_only,S003
M4-FUNG-0455,7,schema_version,True,administrative_excluded,
M4-FUNG-0455,8,dossier_id,True,administrative_excluded,
M4-FUNG-0455,9,sheet_record_status,True,administrative_excluded,
M4-FUNG-0455,10,annotation_status,True,administrative_excluded,
M4-FUNG-0455,11,annotation_date,True,administrative_excluded,
M4-FUNG-0455,12,inference,False,administrative_excluded,
M4-FUNG-0455,13,last_reviewed_date,True,administrative_excluded,
M4-FUNG-0455,20,mibig_record_status,True,provenance_only,S001; S002
M4-FUNG-0455,21,source_native_category_value,True,provenance_only,S001; S002
M4-FUNG-0455,22,mibig_completeness,True,provenance_only,S001; S002
M4-FUNG-0455,25,primary_reference_source_id,True,provenance_only,
M4-FUNG-0455,57,boundary_confidence,True,provenance_only,S002; S003
M4-FUNG-0455,58,pathway_identity_confidence,True,provenance_only,S003
M4-FUNG-0455,89,candidate_bgc_credibility,True,provenance_only,S003
M4-FUNG-0455,90,coordinated_transcription_evidence,True,provenance_only,S003
M4-FUNG-0455,91,biochemical_execution_evidence,True,provenance_only,S003
M4-FUNG-0455,92,product_formation_evidence,True,provenance_only,S003
M4-FUNG-0455,94,bgc_product_attribution,True,provenance_only,S003
M4-FUNG-0455,95,gene_product_attribution,True,provenance_only,S003
M4-FUNG-0455,96,complete_pathway_reconstruction,True,provenance_only,S003
M4-FUNG-0455,98,major_database_problem,True,provenance_only,S001; S002; S003
M4-FUNG-0455,99,best_use_case_for_atlas,True,provenance_only,S003
M4-FUNG-0455,100,overall_note,True,provenance_only,S003
M4-FUNG-0455,104,gene.legacy_support_annotation,True,provenance_only,S003
M4-FUNG-0455,105,gene.legacy_support_annotation,True,provenance_only,S003; S006
M4-FUNG-0455,106,gene.legacy_support_annotation,True,provenance_only,S002; S003
M4-FUNG-0455,113,metabolite.legacy_attribution_annotation,True,provenance_only,S003
M4-FUNG-0455,114,metabolite.legacy_attribution_annotation,True,provenance_only,S001; S003
M4-FUNG-0455,142,claim.legacy_support_annotation,True,provenance_only,S003
M4-FUNG-0455,143,claim.legacy_support_annotation,True,provenance_only,S003
M4-FUNG-0455,144,claim.legacy_support_annotation,True,provenance_only,S003
M4-FUNG-0455,145,claim.legacy_support_annotation,True,provenance_only,S001; S002; S003
M4-FUNG-0455,153,relationship.legacy_support_annotation,True,provenance_only,S003
M4-FUNG-0455,154,relationship.legacy_support_annotation,True,provenance_only,S003; S006
M4-FUNG-0455,155,relationship.legacy_support_annotation,True,provenance_only,S003
M4-FUNG-0456,7,schema_version,True,administrative_excluded,
M4-FUNG-0456,8,dossier_id,True,administrative_excluded,
M4-FUNG-0456,9,sheet_record_status,True,administrative_excluded,
M4-FUNG-0456,10,annotation_status,True,administrative_excluded,
M4-FUNG-0456,11,annotation_date,True,administrative_excluded,
M4-FUNG-0456,12,inference,False,administrative_excluded,
M4-FUNG-0456,13,last_reviewed_date,True,administrative_excluded,
M4-FUNG-0456,20,mibig_record_status,True,provenance_only,S001; S002
M4-FUNG-0456,21,source_native_category_value,True,provenance_only,S001; S002
M4-FUNG-0456,22,mibig_completeness,True,provenance_only,S001; S002
M4-FUNG-0456,25,primary_reference_source_id,True,provenance_only,
M4-FUNG-0456,57,boundary_confidence,True,provenance_only,S002; S003
M4-FUNG-0456,58,pathway_identity_confidence,True,provenance_only,S003
M4-FUNG-0456,89,candidate_bgc_credibility,True,provenance_only,S003
M4-FUNG-0456,90,coordinated_transcription_evidence,True,provenance_only,S003
M4-FUNG-0456,91,biochemical_execution_evidence,True,provenance_only,S003
M4-FUNG-0456,92,product_formation_evidence,True,provenance_only,S003
M4-FUNG-0456,94,bgc_product_attribution,True,provenance_only,S003
M4-FUNG-0456,95,gene_product_attribution,True,provenance_only,S003
M4-FUNG-0456,96,complete_pathway_reconstruction,True,provenance_only,S003
M4-FUNG-0456,98,major_database_problem,True,provenance_only,S001; S002; S003
M4-FUNG-0456,99,best_use_case_for_atlas,True,provenance_only,S003
M4-FUNG-0456,100,overall_note,True,provenance_only,S003
M4-FUNG-0456,104,gene.legacy_support_annotation,True,provenance_only,S002; S003
M4-FUNG-0456,105,gene.legacy_support_annotation,True,provenance_only,S002; S003
M4-FUNG-0456,106,gene.legacy_support_annotation,True,provenance_only,S002; S003
M4-FUNG-0456,107,gene.legacy_support_annotation,True,provenance_only,S002; S003
M4-FUNG-0456,108,gene.legacy_support_annotation,True,provenance_only,S002; S003
M4-FUNG-0456,109,gene.legacy_support_annotation,True,provenance_only,S002; S003
M4-FUNG-0456,113,metabolite.legacy_attribution_annotation,True,provenance_only,S003
M4-FUNG-0456,114,metabolite.legacy_attribution_annotation,True,provenance_only,S001; S003
M4-FUNG-0456,115,metabolite.legacy_attribution_annotation,True,provenance_only,S001; S003
M4-FUNG-0456,116,metabolite.legacy_attribution_annotation,True,provenance_only,S001; S003
M4-FUNG-0456,117,metabolite.legacy_attribution_annotation,True,provenance_only,S001; S003
M4-FUNG-0456,142,claim.legacy_support_annotation,True,provenance_only,S003
M4-FUNG-0456,143,claim.legacy_support_annotation,True,provenance_only,S003
M4-FUNG-0456,144,claim.legacy_support_annotation,True,provenance_only,S002; S003
M4-FUNG-0456,145,claim.legacy_support_annotation,True,provenance_only,S001; S002; S003
M4-FUNG-0456,153,relationship.legacy_support_annotation,True,provenance_only,S002; S003
M4-FUNG-0456,154,relationship.legacy_support_annotation,True,provenance_only,S003
M4-FUNG-0456,155,relationship.legacy_support_annotation,True,provenance_only,S003
M4-FUNG-0456,156,relationship.legacy_support_annotation,True,provenance_only,S003
M4-FUNG-0457,7,schema_version,True,administrative_excluded,
M4-FUNG-0457,8,dossier_id,True,administrative_excluded,
M4-FUNG-0457,9,sheet_record_status,True,administrative_excluded,
M4-FUNG-0457,10,annotation_status,True,administrative_excluded,
M4-FUNG-0457,11,annotation_date,True,administrative_excluded,
M4-FUNG-0457,12,inference,False,administrative_excluded,
M4-FUNG-0457,13,last_reviewed_date,True,administrative_excluded,
M4-FUNG-0457,20,mibig_record_status,True,provenance_only,S001; S002
M4-FUNG-0457,21,source_native_category_value,True,provenance_only,S001; S002
M4-FUNG-0457,22,mibig_completeness,True,provenance_only,S001; S002
M4-FUNG-0457,25,primary_reference_source_id,True,provenance_only,
M4-FUNG-0457,57,boundary_confidence,True,provenance_only,S002; S003
M4-FUNG-0457,58,pathway_identity_confidence,True,provenance_only,S003; S006
M4-FUNG-0457,89,candidate_bgc_credibility,True,provenance_only,S003
M4-FUNG-0457,90,coordinated_transcription_evidence,True,provenance_only,S003
M4-FUNG-0457,91,biochemical_execution_evidence,True,provenance_only,S003; S006
M4-FUNG-0457,92,product_formation_evidence,True,provenance_only,S003
M4-FUNG-0457,94,bgc_product_attribution,True,provenance_only,S003
M4-FUNG-0457,95,gene_product_attribution,True,provenance_only,S003; S006
M4-FUNG-0457,96,complete_pathway_reconstruction,True,provenance_only,S003
M4-FUNG-0457,98,major_database_problem,True,provenance_only,S001; S002; S006
M4-FUNG-0457,99,best_use_case_for_atlas,True,provenance_only,S003
M4-FUNG-0457,100,overall_note,True,provenance_only,S003
M4-FUNG-0457,104,gene.legacy_support_annotation,True,provenance_only,S003
M4-FUNG-0457,105,gene.legacy_support_annotation,True,provenance_only,S003
M4-FUNG-0457,106,gene.legacy_support_annotation,True,provenance_only,S003; S006
M4-FUNG-0457,107,gene.legacy_support_annotation,True,provenance_only,S003; S006
M4-FUNG-0457,108,gene.legacy_support_annotation,True,provenance_only,S003; S006
M4-FUNG-0457,109,gene.legacy_support_annotation,True,provenance_only,S003; S006
M4-FUNG-0457,113,metabolite.legacy_attribution_annotation,True,provenance_only,S001; S003
M4-FUNG-0457,114,metabolite.legacy_attribution_annotation,True,provenance_only,S001; S003
M4-FUNG-0457,115,metabolite.legacy_attribution_annotation,True,provenance_only,S001; S002; S003
M4-FUNG-0457,142,claim.legacy_support_annotation,True,provenance_only,S003
M4-FUNG-0457,143,claim.legacy_support_annotation,True,provenance_only,S003
M4-FUNG-0457,144,claim.legacy_support_annotation,True,provenance_only,S003
M4-FUNG-0457,145,claim.legacy_support_annotation,True,provenance_only,S003; S006
M4-FUNG-0457,153,relationship.legacy_support_annotation,True,provenance_only,S003
M4-FUNG-0457,154,relationship.legacy_support_annotation,True,provenance_only,S003
M4-FUNG-0457,155,relationship.legacy_support_annotation,True,provenance_only,S003
M4-FUNG-0457,156,relationship.legacy_support_annotation,True,provenance_only,S001; S003
M4-FUNG-0458,7,schema_version,True,administrative_excluded,
M4-FUNG-0458,8,dossier_id,True,administrative_excluded,
M4-FUNG-0458,9,sheet_record_status,True,administrative_excluded,S001; S003
M4-FUNG-0458,10,annotation_status,True,administrative_excluded,S001; S003
M4-FUNG-0458,11,annotation_date,True,administrative_excluded,
M4-FUNG-0458,12,inference,False,administrative_excluded,
M4-FUNG-0458,13,last_reviewed_date,True,administrative_excluded,
M4-FUNG-0458,20,mibig_record_status,True,provenance_only,S001; S002
M4-FUNG-0458,21,source_native_category_value,True,provenance_only,S001; S002
M4-FUNG-0458,22,mibig_completeness,True,provenance_only,S001; S002
M4-FUNG-0458,25,primary_reference_source_id,True,provenance_only,
M4-FUNG-0458,57,boundary_confidence,True,provenance_only,S001; S003
M4-FUNG-0458,58,pathway_identity_confidence,True,provenance_only,S003
M4-FUNG-0458,89,candidate_bgc_credibility,True,provenance_only,S003
M4-FUNG-0458,90,coordinated_transcription_evidence,True,provenance_only,S003
M4-FUNG-0458,91,biochemical_execution_evidence,True,provenance_only,S003
M4-FUNG-0458,92,product_formation_evidence,True,provenance_only,S003
M4-FUNG-0458,94,bgc_product_attribution,True,provenance_only,S003
M4-FUNG-0458,95,gene_product_attribution,True,provenance_only,S003
M4-FUNG-0458,96,complete_pathway_reconstruction,True,provenance_only,S003
M4-FUNG-0458,98,major_database_problem,True,provenance_only,S001; S003
M4-FUNG-0458,99,best_use_case_for_atlas,True,provenance_only,S003
M4-FUNG-0458,100,overall_note,True,provenance_only,S001; S003
M4-FUNG-0458,104,gene.legacy_support_annotation,True,provenance_only,S002; S003
M4-FUNG-0458,105,gene.legacy_support_annotation,True,provenance_only,S002; S003
M4-FUNG-0458,106,gene.legacy_support_annotation,True,provenance_only,S002; S003
M4-FUNG-0458,107,gene.legacy_support_annotation,True,provenance_only,S002; S003
M4-FUNG-0458,108,gene.legacy_support_annotation,True,provenance_only,S002; S003
M4-FUNG-0458,109,gene.legacy_support_annotation,True,provenance_only,S002; S003
M4-FUNG-0458,110,gene.legacy_support_annotation,True,provenance_only,S002; S003
M4-FUNG-0458,114,metabolite.legacy_attribution_annotation,True,provenance_only,S001; S003
M4-FUNG-0458,115,metabolite.legacy_attribution_annotation,True,provenance_only,S003
M4-FUNG-0458,116,metabolite.legacy_attribution_annotation,True,provenance_only,S003
M4-FUNG-0458,117,metabolite.legacy_attribution_annotation,True,provenance_only,S003
M4-FUNG-0458,141,claim.legacy_support_annotation,True,provenance_only,S003
M4-FUNG-0458,142,claim.legacy_support_annotation,True,provenance_only,S003
M4-FUNG-0458,143,claim.legacy_support_annotation,True,provenance_only,S003
M4-FUNG-0458,144,claim.legacy_support_annotation,True,provenance_only,S001; S003
M4-FUNG-0458,145,claim.legacy_support_annotation,True,provenance_only,S001; S003
M4-FUNG-0458,151,relationship.legacy_support_annotation,True,provenance_only,S003
M4-FUNG-0458,152,relationship.legacy_support_annotation,True,provenance_only,S003
M4-FUNG-0458,153,relationship.legacy_support_annotation,True,provenance_only,S003
M4-FUNG-0458,154,relationship.legacy_support_annotation,True,provenance_only,S003
M4-FUNG-0458,155,relationship.legacy_support_annotation,True,provenance_only,S003
M4-FUNG-0459,7,schema_version,True,administrative_excluded,
M4-FUNG-0459,8,dossier_id,True,administrative_excluded,
M4-FUNG-0459,9,sheet_record_status,True,administrative_excluded,S001; S002; S003
M4-FUNG-0459,10,annotation_status,True,administrative_excluded,S001; S002; S003
M4-FUNG-0459,11,annotation_date,True,administrative_excluded,
M4-FUNG-0459,12,inference,False,administrative_excluded,
M4-FUNG-0459,13,last_reviewed_date,True,administrative_excluded,
M4-FUNG-0459,20,mibig_record_status,True,provenance_only,S001; S002
M4-FUNG-0459,21,source_native_category_value,True,provenance_only,S001; S002
M4-FUNG-0459,22,mibig_completeness,True,provenance_only,S001; S002
M4-FUNG-0459,25,primary_reference_source_id,True,provenance_only,
M4-FUNG-0459,57,boundary_confidence,True,provenance_only,S001; S002
M4-FUNG-0459,58,pathway_identity_confidence,True,provenance_only,S003
M4-FUNG-0459,89,candidate_bgc_credibility,True,provenance_only,S003
M4-FUNG-0459,90,coordinated_transcription_evidence,True,provenance_only,
M4-FUNG-0459,91,biochemical_execution_evidence,True,provenance_only,S003; S006
M4-FUNG-0459,92,product_formation_evidence,True,provenance_only,S003
M4-FUNG-0459,94,bgc_product_attribution,True,provenance_only,S003
M4-FUNG-0459,95,gene_product_attribution,True,provenance_only,S002; S003; S006
M4-FUNG-0459,96,complete_pathway_reconstruction,True,provenance_only,S003
M4-FUNG-0459,98,major_database_problem,True,provenance_only,S001; S002; S003
M4-FUNG-0459,99,best_use_case_for_atlas,True,provenance_only,S003
M4-FUNG-0459,100,overall_note,True,provenance_only,S003
M4-FUNG-0459,104,gene.legacy_support_annotation,True,provenance_only,S002; S003
M4-FUNG-0459,105,gene.legacy_support_annotation,True,provenance_only,S002; S003
M4-FUNG-0459,106,gene.legacy_support_annotation,True,provenance_only,S002
M4-FUNG-0459,107,gene.legacy_support_annotation,True,provenance_only,S003
M4-FUNG-0459,108,gene.legacy_support_annotation,True,provenance_only,S003
M4-FUNG-0459,109,gene.legacy_support_annotation,True,provenance_only,S002; S006
M4-FUNG-0459,113,metabolite.legacy_attribution_annotation,True,provenance_only,S003
M4-FUNG-0459,114,metabolite.legacy_attribution_annotation,True,provenance_only,S001; S003
M4-FUNG-0459,145,claim.legacy_support_annotation,True,provenance_only,S003
M4-FUNG-0459,146,claim.legacy_support_annotation,True,provenance_only,S006
M4-FUNG-0459,147,claim.legacy_support_annotation,True,provenance_only,S001; S002; S003
M4-FUNG-0459,157,relationship.legacy_support_annotation,True,provenance_only,S003; S006
M4-FUNG-0459,158,relationship.legacy_support_annotation,True,provenance_only,S003
M4-FUNG-0460,7,schema_version,True,administrative_excluded,
M4-FUNG-0460,8,dossier_id,True,administrative_excluded,
M4-FUNG-0460,9,sheet_record_status,True,administrative_excluded,S001; S002; S003
M4-FUNG-0460,10,annotation_status,True,administrative_excluded,S001; S002; S003
M4-FUNG-0460,11,annotation_date,True,administrative_excluded,
M4-FUNG-0460,12,inference,False,administrative_excluded,
M4-FUNG-0460,13,last_reviewed_date,True,administrative_excluded,
M4-FUNG-0460,20,mibig_record_status,True,provenance_only,S001; S002
M4-FUNG-0460,21,source_native_category_value,True,provenance_only,S001; S002
M4-FUNG-0460,22,mibig_completeness,True,provenance_only,S001; S002
M4-FUNG-0460,25,primary_reference_source_id,True,provenance_only,
M4-FUNG-0460,57,boundary_confidence,True,provenance_only,S001; S003
M4-FUNG-0460,58,pathway_identity_confidence,True,provenance_only,S003
M4-FUNG-0460,89,candidate_bgc_credibility,True,provenance_only,S003
M4-FUNG-0460,90,coordinated_transcription_evidence,True,provenance_only,S003
M4-FUNG-0460,91,biochemical_execution_evidence,True,provenance_only,S003
M4-FUNG-0460,92,product_formation_evidence,True,provenance_only,S003; S005
M4-FUNG-0460,94,bgc_product_attribution,True,provenance_only,S003
M4-FUNG-0460,95,gene_product_attribution,True,provenance_only,S003
M4-FUNG-0460,96,complete_pathway_reconstruction,True,provenance_only,S003
M4-FUNG-0460,98,major_database_problem,True,provenance_only,S001; S002; S003
M4-FUNG-0460,99,best_use_case_for_atlas,True,provenance_only,S003
M4-FUNG-0460,100,overall_note,True,provenance_only,S003
M4-FUNG-0460,104,gene.legacy_support_annotation,True,provenance_only,S003
M4-FUNG-0460,105,gene.legacy_support_annotation,True,provenance_only,S003
M4-FUNG-0460,106,gene.legacy_support_annotation,True,provenance_only,S003
M4-FUNG-0460,107,gene.legacy_support_annotation,True,provenance_only,S003
M4-FUNG-0460,108,gene.legacy_support_annotation,True,provenance_only,S003
M4-FUNG-0460,109,gene.legacy_support_annotation,True,provenance_only,S003
M4-FUNG-0460,113,metabolite.legacy_attribution_annotation,True,provenance_only,S003; S005
M4-FUNG-0460,142,claim.legacy_support_annotation,True,provenance_only,S003
M4-FUNG-0460,143,claim.legacy_support_annotation,True,provenance_only,S003
M4-FUNG-0460,144,claim.legacy_support_annotation,True,provenance_only,S003
M4-FUNG-0460,145,claim.legacy_support_annotation,True,provenance_only,S003
M4-FUNG-0460,146,claim.legacy_support_annotation,True,provenance_only,S005
M4-FUNG-0460,153,relationship.legacy_support_annotation,True,provenance_only,S003
M4-FUNG-0460,154,relationship.legacy_support_annotation,True,provenance_only,S003
M4-FUNG-0460,155,relationship.legacy_support_annotation,True,provenance_only,S003
M4-FUNG-0460,156,relationship.legacy_support_annotation,True,provenance_only,S003
M4-FUNG-0461,7,schema_version,True,administrative_excluded,
M4-FUNG-0461,8,dossier_id,True,administrative_excluded,
M4-FUNG-0461,9,sheet_record_status,True,administrative_excluded,S001; S002; S003
M4-FUNG-0461,10,annotation_status,True,administrative_excluded,S001; S002; S003
M4-FUNG-0461,11,annotation_date,True,administrative_excluded,
M4-FUNG-0461,12,inference,False,administrative_excluded,
M4-FUNG-0461,13,last_reviewed_date,True,administrative_excluded,
M4-FUNG-0461,20,mibig_record_status,True,provenance_only,S001; S002
M4-FUNG-0461,21,source_native_category_value,True,provenance_only,S001; S002
M4-FUNG-0461,22,mibig_completeness,True,provenance_only,S001; S002
M4-FUNG-0461,25,primary_reference_source_id,True,provenance_only,
M4-FUNG-0461,57,boundary_confidence,True,provenance_only,S001; S002
M4-FUNG-0461,58,pathway_identity_confidence,True,provenance_only,S003; S004
M4-FUNG-0461,89,candidate_bgc_credibility,True,provenance_only,S003; S004
M4-FUNG-0461,90,coordinated_transcription_evidence,True,provenance_only,S004
M4-FUNG-0461,91,biochemical_execution_evidence,True,provenance_only,S004
M4-FUNG-0461,92,product_formation_evidence,True,provenance_only,S003
M4-FUNG-0461,94,bgc_product_attribution,True,provenance_only,S002; S004
M4-FUNG-0461,95,gene_product_attribution,True,provenance_only,S004
M4-FUNG-0461,96,complete_pathway_reconstruction,True,provenance_only,S004
M4-FUNG-0461,98,major_database_problem,True,provenance_only,S001; S002
M4-FUNG-0461,99,best_use_case_for_atlas,True,provenance_only,S003; S004
M4-FUNG-0461,100,overall_note,True,provenance_only,S003; S004
M4-FUNG-0461,104,gene.legacy_support_annotation,True,provenance_only,S004
M4-FUNG-0461,114,metabolite.legacy_attribution_annotation,True,provenance_only,S003
M4-FUNG-0461,115,metabolite.legacy_attribution_annotation,True,provenance_only,S001; S002
M4-FUNG-0461,146,claim.legacy_support_annotation,True,provenance_only,S003
M4-FUNG-0461,147,claim.legacy_support_annotation,True,provenance_only,S004
M4-FUNG-0462,7,schema_version,True,administrative_excluded,
M4-FUNG-0462,8,dossier_id,True,administrative_excluded,
M4-FUNG-0462,9,sheet_record_status,True,administrative_excluded,S001; S002; S003
M4-FUNG-0462,10,annotation_status,True,administrative_excluded,S001; S002; S003
M4-FUNG-0462,11,annotation_date,True,administrative_excluded,
M4-FUNG-0462,12,inference,False,administrative_excluded,
M4-FUNG-0462,13,last_reviewed_date,True,administrative_excluded,
M4-FUNG-0462,20,mibig_record_status,True,provenance_only,S001; S002
M4-FUNG-0462,21,source_native_category_value,True,provenance_only,S001; S002
M4-FUNG-0462,22,mibig_completeness,True,provenance_only,S001; S002
M4-FUNG-0462,25,primary_reference_source_id,True,provenance_only,
M4-FUNG-0462,57,boundary_confidence,True,provenance_only,S002; S003
M4-FUNG-0462,58,pathway_identity_confidence,True,provenance_only,S003
M4-FUNG-0462,89,candidate_bgc_credibility,True,provenance_only,S003; S004
M4-FUNG-0462,90,coordinated_transcription_evidence,True,provenance_only,S003
M4-FUNG-0462,91,biochemical_execution_evidence,True,provenance_only,S003; S004
M4-FUNG-0462,92,product_formation_evidence,True,provenance_only,S003
M4-FUNG-0462,94,bgc_product_attribution,True,provenance_only,S003
M4-FUNG-0462,95,gene_product_attribution,True,provenance_only,S003; S004
M4-FUNG-0462,96,complete_pathway_reconstruction,True,provenance_only,S003; S004
M4-FUNG-0462,98,major_database_problem,True,provenance_only,S001; S002; S003
M4-FUNG-0462,99,best_use_case_for_atlas,True,provenance_only,S003; S004
M4-FUNG-0462,100,overall_note,True,provenance_only,S003; S004
M4-FUNG-0462,104,gene.legacy_support_annotation,True,provenance_only,S003
M4-FUNG-0462,105,gene.legacy_support_annotation,True,provenance_only,S004
M4-FUNG-0462,114,metabolite.legacy_attribution_annotation,True,provenance_only,S003
M4-FUNG-0462,115,metabolite.legacy_attribution_annotation,True,provenance_only,S003
M4-FUNG-0462,146,claim.legacy_support_annotation,True,provenance_only,S003
M4-FUNG-0462,147,claim.legacy_support_annotation,True,provenance_only,S004
M4-FUNG-0463,7,schema_version,True,administrative_excluded,
M4-FUNG-0463,8,dossier_id,True,administrative_excluded,
M4-FUNG-0463,9,sheet_record_status,True,administrative_excluded,S001; S002; S003
M4-FUNG-0463,10,annotation_status,True,administrative_excluded,S001; S002; S003
M4-FUNG-0463,11,annotation_date,True,administrative_excluded,
M4-FUNG-0463,12,inference,False,administrative_excluded,
M4-FUNG-0463,13,last_reviewed_date,True,administrative_excluded,
M4-FUNG-0463,20,mibig_record_status,True,provenance_only,S001; S002
M4-FUNG-0463,21,source_native_category_value,True,provenance_only,S001; S002
M4-FUNG-0463,22,mibig_completeness,True,provenance_only,S001; S002
M4-FUNG-0463,25,primary_reference_source_id,True,provenance_only,
M4-FUNG-0463,57,boundary_confidence,True,provenance_only,S001; S002; S003
M4-FUNG-0463,58,pathway_identity_confidence,True,provenance_only,S003
M4-FUNG-0463,89,candidate_bgc_credibility,True,provenance_only,S003
M4-FUNG-0463,90,coordinated_transcription_evidence,True,provenance_only,S003
M4-FUNG-0463,91,biochemical_execution_evidence,True,provenance_only,S003
M4-FUNG-0463,92,product_formation_evidence,True,provenance_only,S003
M4-FUNG-0463,94,bgc_product_attribution,True,provenance_only,S002; S003
M4-FUNG-0463,95,gene_product_attribution,True,provenance_only,S003
M4-FUNG-0463,96,complete_pathway_reconstruction,True,provenance_only,S003
M4-FUNG-0463,98,major_database_problem,True,provenance_only,S001; S002
M4-FUNG-0463,99,best_use_case_for_atlas,True,provenance_only,S003
M4-FUNG-0463,100,overall_note,True,provenance_only,S003
M4-FUNG-0463,104,gene.legacy_support_annotation,True,provenance_only,S003
M4-FUNG-0463,146,claim.legacy_support_annotation,True,provenance_only,S003
M4-FUNG-0463,147,claim.legacy_support_annotation,True,provenance_only,S001; S002; S003
M4-FUNG-0464,7,schema_version,True,administrative_excluded,
M4-FUNG-0464,8,dossier_id,True,administrative_excluded,
M4-FUNG-0464,9,sheet_record_status,True,administrative_excluded,S001; S002; S003
M4-FUNG-0464,10,annotation_status,True,administrative_excluded,S001; S002; S003
M4-FUNG-0464,11,annotation_date,True,administrative_excluded,
M4-FUNG-0464,12,inference,False,administrative_excluded,
M4-FUNG-0464,13,last_reviewed_date,True,administrative_excluded,
M4-FUNG-0464,20,mibig_record_status,True,provenance_only,S001; S002
M4-FUNG-0464,21,source_native_category_value,True,provenance_only,S001; S002
M4-FUNG-0464,22,mibig_completeness,True,provenance_only,S001; S002
M4-FUNG-0464,25,primary_reference_source_id,True,provenance_only,
M4-FUNG-0464,57,boundary_confidence,True,provenance_only,S001; S002; S003
M4-FUNG-0464,58,pathway_identity_confidence,True,provenance_only,S003
M4-FUNG-0464,89,candidate_bgc_credibility,True,provenance_only,S003
M4-FUNG-0464,90,coordinated_transcription_evidence,True,provenance_only,
M4-FUNG-0464,91,biochemical_execution_evidence,True,provenance_only,S003
M4-FUNG-0464,92,product_formation_evidence,True,provenance_only,S003
M4-FUNG-0464,94,bgc_product_attribution,True,provenance_only,S001; S002; S003
M4-FUNG-0464,95,gene_product_attribution,True,provenance_only,S003
M4-FUNG-0464,96,complete_pathway_reconstruction,True,provenance_only,S003
M4-FUNG-0464,98,major_database_problem,True,provenance_only,S001; S002
M4-FUNG-0464,99,best_use_case_for_atlas,True,provenance_only,S003
M4-FUNG-0464,100,overall_note,True,provenance_only,S003
M4-FUNG-0464,114,metabolite.legacy_attribution_annotation,True,provenance_only,S003
M4-FUNG-0464,115,metabolite.legacy_attribution_annotation,True,provenance_only,S003
M4-FUNG-0464,146,claim.legacy_support_annotation,True,provenance_only,S003
M4-FUNG-0464,147,claim.legacy_support_annotation,True,provenance_only,S003
M4-FUNG-0465,7,schema_version,True,administrative_excluded,
M4-FUNG-0465,8,dossier_id,True,administrative_excluded,
M4-FUNG-0465,9,sheet_record_status,True,administrative_excluded,S001; S002; S003
M4-FUNG-0465,10,annotation_status,True,administrative_excluded,S001; S002; S003
M4-FUNG-0465,11,annotation_date,True,administrative_excluded,
M4-FUNG-0465,12,inference,False,administrative_excluded,
M4-FUNG-0465,13,last_reviewed_date,True,administrative_excluded,
M4-FUNG-0465,20,mibig_record_status,True,provenance_only,S001; S002
M4-FUNG-0465,21,source_native_category_value,True,provenance_only,S001; S002
M4-FUNG-0465,22,mibig_completeness,True,provenance_only,S001; S002
M4-FUNG-0465,25,primary_reference_source_id,True,provenance_only,
M4-FUNG-0465,57,boundary_confidence,True,provenance_only,S002; S003
M4-FUNG-0465,58,pathway_identity_confidence,True,provenance_only,S003
M4-FUNG-0465,89,candidate_bgc_credibility,True,provenance_only,S003
M4-FUNG-0465,90,coordinated_transcription_evidence,True,provenance_only,
M4-FUNG-0465,91,biochemical_execution_evidence,True,provenance_only,S003
M4-FUNG-0465,92,product_formation_evidence,True,provenance_only,S003
M4-FUNG-0465,94,bgc_product_attribution,True,provenance_only,S003
M4-FUNG-0465,95,gene_product_attribution,True,provenance_only,S002; S003
M4-FUNG-0465,96,complete_pathway_reconstruction,True,provenance_only,S003
M4-FUNG-0465,98,major_database_problem,True,provenance_only,S002; S003
M4-FUNG-0465,99,best_use_case_for_atlas,True,provenance_only,S003
M4-FUNG-0465,100,overall_note,True,provenance_only,S002; S003
M4-FUNG-0465,104,gene.legacy_support_annotation,True,provenance_only,S002
M4-FUNG-0465,105,gene.legacy_support_annotation,True,provenance_only,S002
M4-FUNG-0465,106,gene.legacy_support_annotation,True,provenance_only,S003
M4-FUNG-0465,107,gene.legacy_support_annotation,True,provenance_only,S002
M4-FUNG-0465,108,gene.legacy_support_annotation,True,provenance_only,S003
M4-FUNG-0465,109,gene.legacy_support_annotation,True,provenance_only,S002
M4-FUNG-0465,110,gene.legacy_support_annotation,True,provenance_only,S002
M4-FUNG-0465,146,claim.legacy_support_annotation,True,provenance_only,S003
M4-FUNG-0465,147,claim.legacy_support_annotation,True,provenance_only,S003
M4-FUNG-0466,7,schema_version,True,administrative_excluded,
M4-FUNG-0466,8,dossier_id,True,administrative_excluded,
M4-FUNG-0466,9,sheet_record_status,True,administrative_excluded,S001; S002; S003
M4-FUNG-0466,10,annotation_status,True,administrative_excluded,S001; S002; S003
M4-FUNG-0466,11,annotation_date,True,administrative_excluded,
M4-FUNG-0466,12,inference,False,administrative_excluded,
M4-FUNG-0466,13,last_reviewed_date,True,administrative_excluded,
M4-FUNG-0466,20,mibig_record_status,True,provenance_only,S001; S002
M4-FUNG-0466,21,source_native_category_value,True,provenance_only,S001; S002
M4-FUNG-0466,22,mibig_completeness,True,provenance_only,S001; S002
M4-FUNG-0466,25,primary_reference_source_id,True,provenance_only,
M4-FUNG-0466,57,boundary_confidence,True,provenance_only,S001; S002
M4-FUNG-0466,58,pathway_identity_confidence,True,provenance_only,S003
M4-FUNG-0466,89,candidate_bgc_credibility,True,provenance_only,S003
M4-FUNG-0466,90,coordinated_transcription_evidence,True,provenance_only,
M4-FUNG-0466,91,biochemical_execution_evidence,True,provenance_only,S003
M4-FUNG-0466,92,product_formation_evidence,True,provenance_only,S003
M4-FUNG-0466,94,bgc_product_attribution,True,provenance_only,S002; S003
M4-FUNG-0466,95,gene_product_attribution,True,provenance_only,S002; S003
M4-FUNG-0466,96,complete_pathway_reconstruction,True,provenance_only,S003
M4-FUNG-0466,98,major_database_problem,True,provenance_only,S001; S003
M4-FUNG-0466,99,best_use_case_for_atlas,True,provenance_only,S003
M4-FUNG-0466,100,overall_note,True,provenance_only,S001; S003
M4-FUNG-0466,104,gene.legacy_support_annotation,True,provenance_only,S003
M4-FUNG-0466,105,gene.legacy_support_annotation,True,provenance_only,S003
M4-FUNG-0466,106,gene.legacy_support_annotation,True,provenance_only,S002; S003
M4-FUNG-0466,107,gene.legacy_support_annotation,True,provenance_only,S002
M4-FUNG-0466,146,claim.legacy_support_annotation,True,provenance_only,S003
M4-FUNG-0466,147,claim.legacy_support_annotation,True,provenance_only,S003
M4-FUNG-0467,7,schema_version,True,administrative_excluded,
M4-FUNG-0467,8,dossier_id,True,administrative_excluded,
M4-FUNG-0467,9,sheet_record_status,True,administrative_excluded,S001; S002; S003
M4-FUNG-0467,10,annotation_status,True,administrative_excluded,S001; S002; S003
M4-FUNG-0467,11,annotation_date,True,administrative_excluded,
M4-FUNG-0467,12,inference,False,administrative_excluded,
M4-FUNG-0467,13,last_reviewed_date,True,administrative_excluded,
M4-FUNG-0467,20,mibig_record_status,True,provenance_only,S001; S002
M4-FUNG-0467,21,source_native_category_value,True,provenance_only,S001; S002
M4-FUNG-0467,22,mibig_completeness,True,provenance_only,S001; S002
M4-FUNG-0467,25,primary_reference_source_id,True,provenance_only,
M4-FUNG-0467,57,boundary_confidence,True,provenance_only,S002; S003
M4-FUNG-0467,58,pathway_identity_confidence,True,provenance_only,S003
M4-FUNG-0467,89,candidate_bgc_credibility,True,provenance_only,S003
M4-FUNG-0467,90,coordinated_transcription_evidence,True,provenance_only,
M4-FUNG-0467,91,biochemical_execution_evidence,True,provenance_only,S003
M4-FUNG-0467,92,product_formation_evidence,True,provenance_only,S003
M4-FUNG-0467,94,bgc_product_attribution,True,provenance_only,S002; S003
M4-FUNG-0467,95,gene_product_attribution,True,provenance_only,S003
M4-FUNG-0467,96,complete_pathway_reconstruction,True,provenance_only,S003
M4-FUNG-0467,98,major_database_problem,True,provenance_only,S001; S002
M4-FUNG-0467,99,best_use_case_for_atlas,True,provenance_only,S003
M4-FUNG-0467,100,overall_note,True,provenance_only,S003
M4-FUNG-0467,104,gene.legacy_support_annotation,True,provenance_only,S003
M4-FUNG-0467,105,gene.legacy_support_annotation,True,provenance_only,S003
M4-FUNG-0467,106,gene.legacy_support_annotation,True,provenance_only,S003
M4-FUNG-0467,146,claim.legacy_support_annotation,True,provenance_only,S003
M4-FUNG-0467,147,claim.legacy_support_annotation,True,provenance_only,S003
M4-FUNG-0468,7,schema_version,True,administrative_excluded,
M4-FUNG-0468,8,dossier_id,True,administrative_excluded,
M4-FUNG-0468,9,sheet_record_status,True,administrative_excluded,S001; S002; S003
M4-FUNG-0468,10,annotation_status,True,administrative_excluded,S001; S002; S003
M4-FUNG-0468,11,annotation_date,True,administrative_excluded,
M4-FUNG-0468,12,inference,False,administrative_excluded,
M4-FUNG-0468,13,last_reviewed_date,True,administrative_excluded,
M4-FUNG-0468,20,mibig_record_status,True,provenance_only,S001; S002
M4-FUNG-0468,21,source_native_category_value,True,provenance_only,S001; S002
M4-FUNG-0468,22,mibig_completeness,True,provenance_only,S001; S002
M4-FUNG-0468,25,primary_reference_source_id,True,provenance_only,
M4-FUNG-0468,57,boundary_confidence,True,provenance_only,S002; S003
M4-FUNG-0468,58,pathway_identity_confidence,True,provenance_only,S003
M4-FUNG-0468,89,candidate_bgc_credibility,True,provenance_only,S003
M4-FUNG-0468,90,coordinated_transcription_evidence,True,provenance_only,
M4-FUNG-0468,91,biochemical_execution_evidence,True,provenance_only,S003
M4-FUNG-0468,92,product_formation_evidence,True,provenance_only,S003
M4-FUNG-0468,94,bgc_product_attribution,True,provenance_only,S002; S003
M4-FUNG-0468,95,gene_product_attribution,True,provenance_only,S003
M4-FUNG-0468,96,complete_pathway_reconstruction,True,provenance_only,S003
M4-FUNG-0468,98,major_database_problem,True,provenance_only,S001; S002
M4-FUNG-0468,99,best_use_case_for_atlas,True,provenance_only,S003
M4-FUNG-0468,100,overall_note,True,provenance_only,S003
M4-FUNG-0468,104,gene.legacy_support_annotation,True,provenance_only,S002; S003
M4-FUNG-0468,105,gene.legacy_support_annotation,True,provenance_only,S002; S003
M4-FUNG-0468,106,gene.legacy_support_annotation,True,provenance_only,S002; S003
M4-FUNG-0468,107,gene.legacy_support_annotation,True,provenance_only,S003
M4-FUNG-0468,146,claim.legacy_support_annotation,True,provenance_only,S003
M4-FUNG-0468,147,claim.legacy_support_annotation,True,provenance_only,S003
M4-FUNG-0468,148,claim.legacy_support_annotation,True,provenance_only,S003
M4-FUNG-0469,7,schema_version,True,administrative_excluded,
M4-FUNG-0469,8,dossier_id,True,administrative_excluded,
M4-FUNG-0469,9,sheet_record_status,True,administrative_excluded,S001; S002; S003
M4-FUNG-0469,10,annotation_status,True,administrative_excluded,S001; S002; S003
M4-FUNG-0469,11,annotation_date,True,administrative_excluded,
M4-FUNG-0469,12,inference,False,administrative_excluded,
M4-FUNG-0469,13,last_reviewed_date,True,administrative_excluded,
M4-FUNG-0469,20,mibig_record_status,True,provenance_only,S001; S002
M4-FUNG-0469,21,source_native_category_value,True,provenance_only,S001; S002
M4-FUNG-0469,22,mibig_completeness,True,provenance_only,S001; S002
M4-FUNG-0469,25,primary_reference_source_id,True,provenance_only,
M4-FUNG-0469,57,boundary_confidence,True,provenance_only,S001; S002
M4-FUNG-0469,58,pathway_identity_confidence,True,provenance_only,S003
M4-FUNG-0469,89,candidate_bgc_credibility,True,provenance_only,S003
M4-FUNG-0469,90,coordinated_transcription_evidence,True,provenance_only,
M4-FUNG-0469,91,biochemical_execution_evidence,True,provenance_only,S003
M4-FUNG-0469,92,product_formation_evidence,True,provenance_only,S003
M4-FUNG-0469,94,bgc_product_attribution,True,provenance_only,S002; S003
M4-FUNG-0469,95,gene_product_attribution,True,provenance_only,S003
M4-FUNG-0469,96,complete_pathway_reconstruction,True,provenance_only,S003
M4-FUNG-0469,98,major_database_problem,True,provenance_only,S001; S002; S003
M4-FUNG-0469,99,best_use_case_for_atlas,True,provenance_only,S003
M4-FUNG-0469,100,overall_note,True,provenance_only,S003
M4-FUNG-0469,104,gene.legacy_support_annotation,True,provenance_only,S002; S003
M4-FUNG-0469,105,gene.legacy_support_annotation,True,provenance_only,S002; S003
M4-FUNG-0469,106,gene.legacy_support_annotation,True,provenance_only,S002; S003
M4-FUNG-0469,107,gene.legacy_support_annotation,True,provenance_only,S002; S003
M4-FUNG-0469,108,gene.legacy_support_annotation,True,provenance_only,S002; S003
M4-FUNG-0469,109,gene.legacy_support_annotation,True,provenance_only,S002; S003
M4-FUNG-0469,110,gene.legacy_support_annotation,True,provenance_only,S002; S003
M4-FUNG-0469,146,claim.legacy_support_annotation,True,provenance_only,S003
M4-FUNG-0469,147,claim.legacy_support_annotation,True,provenance_only,S003
M4-FUNG-0470,7,schema_version,True,administrative_excluded,
M4-FUNG-0470,8,dossier_id,True,administrative_excluded,
M4-FUNG-0470,9,sheet_record_status,True,administrative_excluded,S001; S002; S003
M4-FUNG-0470,10,annotation_status,True,administrative_excluded,S001; S002; S003
M4-FUNG-0470,11,annotation_date,True,administrative_excluded,
M4-FUNG-0470,12,inference,False,administrative_excluded,
M4-FUNG-0470,13,last_reviewed_date,True,administrative_excluded,
M4-FUNG-0470,20,mibig_record_status,True,provenance_only,S001; S002
M4-FUNG-0470,21,source_native_category_value,True,provenance_only,S001; S002
M4-FUNG-0470,22,mibig_completeness,True,provenance_only,S001; S002
M4-FUNG-0470,25,primary_reference_source_id,True,provenance_only,
M4-FUNG-0470,57,boundary_confidence,True,provenance_only,S001; S002; S003
M4-FUNG-0470,58,pathway_identity_confidence,True,provenance_only,S003
M4-FUNG-0470,89,candidate_bgc_credibility,True,provenance_only,S003
M4-FUNG-0470,90,coordinated_transcription_evidence,True,provenance_only,
M4-FUNG-0470,91,biochemical_execution_evidence,True,provenance_only,S003
M4-FUNG-0470,92,product_formation_evidence,True,provenance_only,S003
M4-FUNG-0470,94,bgc_product_attribution,True,provenance_only,S002; S003
M4-FUNG-0470,95,gene_product_attribution,True,provenance_only,S002; S003
M4-FUNG-0470,96,complete_pathway_reconstruction,True,provenance_only,S003
M4-FUNG-0470,98,major_database_problem,True,provenance_only,S001; S002
M4-FUNG-0470,99,best_use_case_for_atlas,True,provenance_only,S003
M4-FUNG-0470,100,overall_note,True,provenance_only,S003
M4-FUNG-0470,104,gene.legacy_support_annotation,True,provenance_only,S002; S003
M4-FUNG-0470,105,gene.legacy_support_annotation,True,provenance_only,S002
M4-FUNG-0470,106,gene.legacy_support_annotation,True,provenance_only,S002
M4-FUNG-0470,107,gene.legacy_support_annotation,True,provenance_only,S002
M4-FUNG-0470,108,gene.legacy_support_annotation,True,provenance_only,S002
M4-FUNG-0470,146,claim.legacy_support_annotation,True,provenance_only,S003
M4-FUNG-0470,147,claim.legacy_support_annotation,True,provenance_only,S002; S003
M4-FUNG-0470,148,claim.legacy_support_annotation,True,provenance_only,S003
M4-FUNG-0471,7,schema_version,True,administrative_excluded,
M4-FUNG-0471,8,dossier_id,True,administrative_excluded,
M4-FUNG-0471,9,sheet_record_status,True,administrative_excluded,S001; S002; S003
M4-FUNG-0471,10,annotation_status,True,administrative_excluded,S001; S002; S003
M4-FUNG-0471,11,annotation_date,True,administrative_excluded,
M4-FUNG-0471,12,inference,False,administrative_excluded,
M4-FUNG-0471,13,last_reviewed_date,True,administrative_excluded,
M4-FUNG-0471,20,mibig_record_status,True,provenance_only,S001; S002
M4-FUNG-0471,21,source_native_category_value,True,provenance_only,S001; S002
M4-FUNG-0471,22,mibig_completeness,True,provenance_only,S001; S002
M4-FUNG-0471,25,primary_reference_source_id,True,provenance_only,
M4-FUNG-0471,57,boundary_confidence,True,provenance_only,S002
M4-FUNG-0471,58,pathway_identity_confidence,True,provenance_only,S003
M4-FUNG-0471,89,candidate_bgc_credibility,True,provenance_only,S002; S003
M4-FUNG-0471,90,coordinated_transcription_evidence,True,provenance_only,S003
M4-FUNG-0471,91,biochemical_execution_evidence,True,provenance_only,S003
M4-FUNG-0471,92,product_formation_evidence,True,provenance_only,S003
M4-FUNG-0471,94,bgc_product_attribution,True,provenance_only,S001; S002; S003
M4-FUNG-0471,95,gene_product_attribution,True,provenance_only,S002
M4-FUNG-0471,96,complete_pathway_reconstruction,True,provenance_only,S003
M4-FUNG-0471,98,major_database_problem,True,provenance_only,S001; S002; S003
M4-FUNG-0471,99,best_use_case_for_atlas,True,provenance_only,S001; S002; S003
M4-FUNG-0471,100,overall_note,True,provenance_only,S001; S002; S003
M4-FUNG-0471,144,claim.legacy_support_annotation,True,provenance_only,S003
M4-FUNG-0471,145,claim.legacy_support_annotation,True,provenance_only,S001; S002; S003
M4-FUNG-0472,7,schema_version,True,administrative_excluded,
M4-FUNG-0472,8,dossier_id,True,administrative_excluded,
M4-FUNG-0472,9,sheet_record_status,True,administrative_excluded,S001; S002; S003
M4-FUNG-0472,10,annotation_status,True,administrative_excluded,S001; S002; S003
M4-FUNG-0472,11,annotation_date,True,administrative_excluded,
M4-FUNG-0472,12,inference,False,administrative_excluded,
M4-FUNG-0472,13,last_reviewed_date,True,administrative_excluded,
M4-FUNG-0472,20,mibig_record_status,True,provenance_only,S001; S002
M4-FUNG-0472,21,source_native_category_value,True,provenance_only,S001; S002
M4-FUNG-0472,22,mibig_completeness,True,provenance_only,S001; S002
M4-FUNG-0472,25,primary_reference_source_id,True,provenance_only,
M4-FUNG-0472,57,boundary_confidence,True,provenance_only,S001; S003
M4-FUNG-0472,58,pathway_identity_confidence,True,provenance_only,S003
M4-FUNG-0472,89,candidate_bgc_credibility,True,provenance_only,S003
M4-FUNG-0472,90,coordinated_transcription_evidence,True,provenance_only,
M4-FUNG-0472,91,biochemical_execution_evidence,True,provenance_only,S003
M4-FUNG-0472,92,product_formation_evidence,True,provenance_only,S003
M4-FUNG-0472,94,bgc_product_attribution,True,provenance_only,S002; S003
M4-FUNG-0472,95,gene_product_attribution,True,provenance_only,S002; S003
M4-FUNG-0472,96,complete_pathway_reconstruction,True,provenance_only,
M4-FUNG-0472,98,major_database_problem,True,provenance_only,S001; S002
M4-FUNG-0472,99,best_use_case_for_atlas,True,provenance_only,
M4-FUNG-0472,100,overall_note,True,provenance_only,S003
M4-FUNG-0472,104,gene.legacy_support_annotation,True,provenance_only,S002; S003
M4-FUNG-0472,105,gene.legacy_support_annotation,True,provenance_only,S002; S003
M4-FUNG-0472,106,gene.legacy_support_annotation,True,provenance_only,S002; S003
M4-FUNG-0472,113,metabolite.legacy_attribution_annotation,True,provenance_only,S003
M4-FUNG-0472,114,metabolite.legacy_attribution_annotation,True,provenance_only,S003
M4-FUNG-0472,144,claim.legacy_support_annotation,True,provenance_only,S003
M4-FUNG-0472,145,claim.legacy_support_annotation,True,provenance_only,S002; S003
M4-FUNG-0473,7,schema_version,True,administrative_excluded,
M4-FUNG-0473,8,dossier_id,True,administrative_excluded,
M4-FUNG-0473,9,sheet_record_status,True,administrative_excluded,S001; S002; S003; S004
M4-FUNG-0473,10,annotation_status,True,administrative_excluded,S001; S002; S003; S004
M4-FUNG-0473,11,annotation_date,True,administrative_excluded,
M4-FUNG-0473,12,inference,False,administrative_excluded,
M4-FUNG-0473,13,last_reviewed_date,True,administrative_excluded,
M4-FUNG-0473,20,mibig_record_status,True,provenance_only,S001; S002
M4-FUNG-0473,21,source_native_category_value,True,provenance_only,S001; S002
M4-FUNG-0473,22,mibig_completeness,True,provenance_only,S001; S002
M4-FUNG-0473,25,primary_reference_source_id,True,provenance_only,
M4-FUNG-0473,57,boundary_confidence,True,provenance_only,S003
M4-FUNG-0473,58,pathway_identity_confidence,True,provenance_only,S003
M4-FUNG-0473,89,candidate_bgc_credibility,True,provenance_only,S003
M4-FUNG-0473,90,coordinated_transcription_evidence,True,provenance_only,S003
M4-FUNG-0473,91,biochemical_execution_evidence,True,provenance_only,S003
M4-FUNG-0473,92,product_formation_evidence,True,provenance_only,S003; S004
M4-FUNG-0473,94,bgc_product_attribution,True,provenance_only,S003
M4-FUNG-0473,95,gene_product_attribution,True,provenance_only,S003
M4-FUNG-0473,96,complete_pathway_reconstruction,True,provenance_only,S003
M4-FUNG-0473,98,major_database_problem,True,provenance_only,S001; S002
M4-FUNG-0473,99,best_use_case_for_atlas,True,provenance_only,
M4-FUNG-0473,100,overall_note,True,provenance_only,S003; S004
M4-FUNG-0473,104,gene.legacy_support_annotation,True,provenance_only,S003
M4-FUNG-0473,105,gene.legacy_support_annotation,True,provenance_only,S003
M4-FUNG-0473,106,gene.legacy_support_annotation,True,provenance_only,S003
M4-FUNG-0473,113,metabolite.legacy_attribution_annotation,True,provenance_only,S003
M4-FUNG-0473,114,metabolite.legacy_attribution_annotation,True,provenance_only,S003; S004
M4-FUNG-0473,144,claim.legacy_support_annotation,True,provenance_only,S003
M4-FUNG-0473,145,claim.legacy_support_annotation,True,provenance_only,S004
M4-FUNG-0474,7,schema_version,True,administrative_excluded,
M4-FUNG-0474,8,dossier_id,True,administrative_excluded,
M4-FUNG-0474,9,sheet_record_status,True,administrative_excluded,S001; S002; S003
M4-FUNG-0474,10,annotation_status,True,administrative_excluded,S001; S002; S003
M4-FUNG-0474,11,annotation_date,True,administrative_excluded,
M4-FUNG-0474,12,inference,False,administrative_excluded,
M4-FUNG-0474,13,last_reviewed_date,True,administrative_excluded,
M4-FUNG-0474,20,mibig_record_status,True,provenance_only,S001; S002
M4-FUNG-0474,21,source_native_category_value,True,provenance_only,S001; S002
M4-FUNG-0474,22,mibig_completeness,True,provenance_only,S001; S002
M4-FUNG-0474,25,primary_reference_source_id,True,provenance_only,
M4-FUNG-0474,57,boundary_confidence,True,provenance_only,S003
M4-FUNG-0474,58,pathway_identity_confidence,True,provenance_only,S003
M4-FUNG-0474,89,candidate_bgc_credibility,True,provenance_only,S003
M4-FUNG-0474,90,coordinated_transcription_evidence,True,provenance_only,S003
M4-FUNG-0474,91,biochemical_execution_evidence,True,provenance_only,S003
M4-FUNG-0474,92,product_formation_evidence,True,provenance_only,S003
M4-FUNG-0474,94,bgc_product_attribution,True,provenance_only,S003
M4-FUNG-0474,95,gene_product_attribution,True,provenance_only,S003
M4-FUNG-0474,96,complete_pathway_reconstruction,True,provenance_only,S003
M4-FUNG-0474,98,major_database_problem,True,provenance_only,S001; S002
M4-FUNG-0474,99,best_use_case_for_atlas,True,provenance_only,
M4-FUNG-0474,100,overall_note,True,provenance_only,S003
M4-FUNG-0474,104,gene.legacy_support_annotation,True,provenance_only,S003
M4-FUNG-0474,105,gene.legacy_support_annotation,True,provenance_only,S003
M4-FUNG-0474,106,gene.legacy_support_annotation,True,provenance_only,S003
M4-FUNG-0474,113,metabolite.legacy_attribution_annotation,True,provenance_only,S003
M4-FUNG-0474,114,metabolite.legacy_attribution_annotation,True,provenance_only,S003
M4-FUNG-0474,144,claim.legacy_support_annotation,True,provenance_only,S003
M4-FUNG-0474,145,claim.legacy_support_annotation,True,provenance_only,S003
M4-FUNG-0475,7,schema_version,True,administrative_excluded,
M4-FUNG-0475,8,dossier_id,True,administrative_excluded,
M4-FUNG-0475,9,sheet_record_status,True,administrative_excluded,S001; S002; S003; S004
M4-FUNG-0475,10,annotation_status,True,administrative_excluded,S001; S002; S003; S004
M4-FUNG-0475,11,annotation_date,True,administrative_excluded,
M4-FUNG-0475,12,inference,False,administrative_excluded,
M4-FUNG-0475,13,last_reviewed_date,True,administrative_excluded,
M4-FUNG-0475,20,mibig_record_status,True,provenance_only,S001; S002
M4-FUNG-0475,21,source_native_category_value,True,provenance_only,S001; S002
M4-FUNG-0475,22,mibig_completeness,True,provenance_only,S001; S002
M4-FUNG-0475,25,primary_reference_source_id,True,provenance_only,
M4-FUNG-0475,57,boundary_confidence,True,provenance_only,S001; S003
M4-FUNG-0475,58,pathway_identity_confidence,True,provenance_only,S003; S004
M4-FUNG-0475,89,candidate_bgc_credibility,True,provenance_only,S003; S004
M4-FUNG-0475,90,coordinated_transcription_evidence,True,provenance_only,
M4-FUNG-0475,91,biochemical_execution_evidence,True,provenance_only,S003
M4-FUNG-0475,92,product_formation_evidence,True,provenance_only,S003
M4-FUNG-0475,94,bgc_product_attribution,True,provenance_only,S003; S004
M4-FUNG-0475,95,gene_product_attribution,True,provenance_only,S003
M4-FUNG-0475,96,complete_pathway_reconstruction,True,provenance_only,S003
M4-FUNG-0475,98,major_database_problem,True,provenance_only,S001; S002; S004
M4-FUNG-0475,99,best_use_case_for_atlas,True,provenance_only,
M4-FUNG-0475,100,overall_note,True,provenance_only,S003; S004
M4-FUNG-0475,104,gene.legacy_support_annotation,True,provenance_only,S003
M4-FUNG-0475,113,metabolite.legacy_attribution_annotation,True,provenance_only,S003
M4-FUNG-0475,114,metabolite.legacy_attribution_annotation,True,provenance_only,S001; S004
M4-FUNG-0475,144,claim.legacy_support_annotation,True,provenance_only,S003
M4-FUNG-0475,145,claim.legacy_support_annotation,True,provenance_only,S004
M4-FUNG-0476,7,schema_version,True,administrative_excluded,
M4-FUNG-0476,8,dossier_id,True,administrative_excluded,
M4-FUNG-0476,9,sheet_record_status,True,administrative_excluded,S001; S002; S003
M4-FUNG-0476,10,annotation_status,True,administrative_excluded,S001; S002; S003
M4-FUNG-0476,11,annotation_date,True,administrative_excluded,
M4-FUNG-0476,12,inference,False,administrative_excluded,
M4-FUNG-0476,13,last_reviewed_date,True,administrative_excluded,
M4-FUNG-0476,20,mibig_record_status,True,provenance_only,S001; S002
M4-FUNG-0476,21,source_native_category_value,True,provenance_only,S001; S002
M4-FUNG-0476,22,mibig_completeness,True,provenance_only,S001; S002
M4-FUNG-0476,25,primary_reference_source_id,True,provenance_only,
M4-FUNG-0476,57,boundary_confidence,True,provenance_only,S001; S003
M4-FUNG-0476,58,pathway_identity_confidence,True,provenance_only,S003
M4-FUNG-0476,89,candidate_bgc_credibility,True,provenance_only,S003
M4-FUNG-0476,90,coordinated_transcription_evidence,True,provenance_only,S003
M4-FUNG-0476,91,biochemical_execution_evidence,True,provenance_only,
M4-FUNG-0476,92,product_formation_evidence,True,provenance_only,S003
M4-FUNG-0476,94,bgc_product_attribution,True,provenance_only,S003
M4-FUNG-0476,95,gene_product_attribution,True,provenance_only,S003
M4-FUNG-0476,96,complete_pathway_reconstruction,True,provenance_only,
M4-FUNG-0476,98,major_database_problem,True,provenance_only,S001; S002
M4-FUNG-0476,99,best_use_case_for_atlas,True,provenance_only,
M4-FUNG-0476,100,overall_note,True,provenance_only,S003
M4-FUNG-0476,104,gene.legacy_support_annotation,True,provenance_only,S003
M4-FUNG-0476,105,gene.legacy_support_annotation,True,provenance_only,S003
M4-FUNG-0476,113,metabolite.legacy_attribution_annotation,True,provenance_only,S003
M4-FUNG-0476,114,metabolite.legacy_attribution_annotation,True,provenance_only,S003
M4-FUNG-0476,144,claim.legacy_support_annotation,True,provenance_only,S003
M4-FUNG-0476,145,claim.legacy_support_annotation,True,provenance_only,S003
M4-FUNG-0477,7,schema_version,True,administrative_excluded,
M4-FUNG-0477,8,dossier_id,True,administrative_excluded,
M4-FUNG-0477,9,sheet_record_status,True,administrative_excluded,S001; S002; S003
M4-FUNG-0477,10,annotation_status,True,administrative_excluded,S001; S002; S003
M4-FUNG-0477,11,annotation_date,True,administrative_excluded,
M4-FUNG-0477,12,inference,False,administrative_excluded,
M4-FUNG-0477,13,last_reviewed_date,True,administrative_excluded,
M4-FUNG-0477,20,mibig_record_status,True,provenance_only,S001; S002
M4-FUNG-0477,21,source_native_category_value,True,provenance_only,S001; S002
M4-FUNG-0477,22,mibig_completeness,True,provenance_only,S001; S002
M4-FUNG-0477,25,primary_reference_source_id,True,provenance_only,
M4-FUNG-0477,57,boundary_confidence,True,provenance_only,S003
M4-FUNG-0477,58,pathway_identity_confidence,True,provenance_only,S003
M4-FUNG-0477,89,candidate_bgc_credibility,True,provenance_only,S003
M4-FUNG-0477,90,coordinated_transcription_evidence,True,provenance_only,
M4-FUNG-0477,91,biochemical_execution_evidence,True,provenance_only,S003
M4-FUNG-0477,92,product_formation_evidence,True,provenance_only,S003
M4-FUNG-0477,94,bgc_product_attribution,True,provenance_only,S003
M4-FUNG-0477,95,gene_product_attribution,True,provenance_only,
M4-FUNG-0477,96,complete_pathway_reconstruction,True,provenance_only,
M4-FUNG-0477,98,major_database_problem,True,provenance_only,S001; S003
M4-FUNG-0477,99,best_use_case_for_atlas,True,provenance_only,
M4-FUNG-0477,100,overall_note,True,provenance_only,S003
M4-FUNG-0477,104,gene.legacy_support_annotation,True,provenance_only,S003
M4-FUNG-0477,113,metabolite.legacy_attribution_annotation,True,provenance_only,S003
M4-FUNG-0477,114,metabolite.legacy_attribution_annotation,True,provenance_only,S003
M4-FUNG-0477,144,claim.legacy_support_annotation,True,provenance_only,S003
M4-FUNG-0477,145,claim.legacy_support_annotation,True,provenance_only,S001; S002; S003
M4-FUNG-0478,7,schema_version,True,administrative_excluded,
M4-FUNG-0478,8,dossier_id,True,administrative_excluded,
M4-FUNG-0478,9,sheet_record_status,True,administrative_excluded,S001; S002; S003
M4-FUNG-0478,10,annotation_status,True,administrative_excluded,S001; S002; S003
M4-FUNG-0478,11,annotation_date,True,administrative_excluded,
M4-FUNG-0478,12,inference,False,administrative_excluded,
M4-FUNG-0478,13,last_reviewed_date,True,administrative_excluded,
M4-FUNG-0478,20,mibig_record_status,True,provenance_only,S001; S002
M4-FUNG-0478,21,source_native_category_value,True,provenance_only,S001; S002
M4-FUNG-0478,22,mibig_completeness,True,provenance_only,S001; S002
M4-FUNG-0478,25,primary_reference_source_id,True,provenance_only,
M4-FUNG-0478,57,boundary_confidence,True,provenance_only,
M4-FUNG-0478,58,pathway_identity_confidence,True,provenance_only,S003
M4-FUNG-0478,89,candidate_bgc_credibility,True,provenance_only,S003
M4-FUNG-0478,90,coordinated_transcription_evidence,True,provenance_only,
M4-FUNG-0478,91,biochemical_execution_evidence,True,provenance_only,
M4-FUNG-0478,92,product_formation_evidence,True,provenance_only,S003
M4-FUNG-0478,94,bgc_product_attribution,True,provenance_only,S003
M4-FUNG-0478,95,gene_product_attribution,True,provenance_only,
M4-FUNG-0478,96,complete_pathway_reconstruction,True,provenance_only,
M4-FUNG-0478,98,major_database_problem,True,provenance_only,S001; S003
M4-FUNG-0478,99,best_use_case_for_atlas,True,provenance_only,
M4-FUNG-0478,100,overall_note,True,provenance_only,S003
M4-FUNG-0478,104,gene.legacy_support_annotation,True,provenance_only,S003
M4-FUNG-0478,113,metabolite.legacy_attribution_annotation,True,provenance_only,S003
M4-FUNG-0478,114,metabolite.legacy_attribution_annotation,True,provenance_only,S003
M4-FUNG-0478,115,metabolite.legacy_attribution_annotation,True,provenance_only,S003
M4-FUNG-0478,144,claim.legacy_support_annotation,True,provenance_only,S003
M4-FUNG-0478,145,claim.legacy_support_annotation,True,provenance_only,S003
M4-FUNG-0479,7,schema_version,True,administrative_excluded,
M4-FUNG-0479,8,dossier_id,True,administrative_excluded,
M4-FUNG-0479,9,sheet_record_status,True,administrative_excluded,S001; S002; S003; S004; S005
M4-FUNG-0479,10,annotation_status,True,administrative_excluded,S001; S002; S003; S004; S005
M4-FUNG-0479,11,annotation_date,True,administrative_excluded,
M4-FUNG-0479,12,inference,False,administrative_excluded,
M4-FUNG-0479,13,last_reviewed_date,True,administrative_excluded,
M4-FUNG-0479,20,mibig_record_status,True,provenance_only,S001; S002
M4-FUNG-0479,21,source_native_category_value,True,provenance_only,S001; S002
M4-FUNG-0479,22,mibig_completeness,True,provenance_only,S001; S002
M4-FUNG-0479,25,primary_reference_source_id,True,provenance_only,
M4-FUNG-0479,57,boundary_confidence,True,provenance_only,S002
M4-FUNG-0479,58,pathway_identity_confidence,True,provenance_only,S003; S004; S005
M4-FUNG-0479,89,candidate_bgc_credibility,True,provenance_only,S002; S003; S004
M4-FUNG-0479,90,coordinated_transcription_evidence,True,provenance_only,S003
M4-FUNG-0479,91,biochemical_execution_evidence,True,provenance_only,S004; S005
M4-FUNG-0479,92,product_formation_evidence,True,provenance_only,S003
M4-FUNG-0479,94,bgc_product_attribution,True,provenance_only,S002; S003; S004
M4-FUNG-0479,95,gene_product_attribution,True,provenance_only,S003; S004; S005
M4-FUNG-0479,96,complete_pathway_reconstruction,True,provenance_only,
M4-FUNG-0479,98,major_database_problem,True,provenance_only,S002; S005
M4-FUNG-0479,99,best_use_case_for_atlas,True,provenance_only,
M4-FUNG-0479,100,overall_note,True,provenance_only,S003; S004; S005
M4-FUNG-0479,104,gene.legacy_support_annotation,True,provenance_only,S002; S004
M4-FUNG-0479,105,gene.legacy_support_annotation,True,provenance_only,S002; S005
M4-FUNG-0479,106,gene.legacy_support_annotation,True,provenance_only,S002; S005
M4-FUNG-0479,107,gene.legacy_support_annotation,True,provenance_only,S002; S003
M4-FUNG-0479,108,gene.legacy_support_annotation,True,provenance_only,S002; S005
M4-FUNG-0479,113,metabolite.legacy_attribution_annotation,True,provenance_only,S003
M4-FUNG-0479,114,metabolite.legacy_attribution_annotation,True,provenance_only,S005
M4-FUNG-0479,144,claim.legacy_support_annotation,True,provenance_only,S003
M4-FUNG-0479,145,claim.legacy_support_annotation,True,provenance_only,S004
M4-FUNG-0479,146,claim.legacy_support_annotation,True,provenance_only,S005
M4-FUNG-0480,7,schema_version,True,administrative_excluded,
M4-FUNG-0480,8,dossier_id,True,administrative_excluded,
M4-FUNG-0480,9,sheet_record_status,True,administrative_excluded,S001; S002; S003
M4-FUNG-0480,10,annotation_status,True,administrative_excluded,S001; S002; S003
M4-FUNG-0480,11,annotation_date,True,administrative_excluded,
M4-FUNG-0480,12,inference,False,administrative_excluded,
M4-FUNG-0480,13,last_reviewed_date,True,administrative_excluded,
M4-FUNG-0480,20,mibig_record_status,True,provenance_only,S001; S002
M4-FUNG-0480,21,source_native_category_value,True,provenance_only,S001; S002
M4-FUNG-0480,22,mibig_completeness,True,provenance_only,S001; S002
M4-FUNG-0480,25,primary_reference_source_id,True,provenance_only,
M4-FUNG-0480,57,boundary_confidence,True,provenance_only,
M4-FUNG-0480,58,pathway_identity_confidence,True,provenance_only,S003
M4-FUNG-0480,89,candidate_bgc_credibility,True,provenance_only,S003
M4-FUNG-0480,90,coordinated_transcription_evidence,True,provenance_only,
M4-FUNG-0480,91,biochemical_execution_evidence,True,provenance_only,S003
M4-FUNG-0480,92,product_formation_evidence,True,provenance_only,S003
M4-FUNG-0480,94,bgc_product_attribution,True,provenance_only,S001; S002; S003
M4-FUNG-0480,95,gene_product_attribution,True,provenance_only,S003
M4-FUNG-0480,96,complete_pathway_reconstruction,True,provenance_only,
M4-FUNG-0480,98,major_database_problem,True,provenance_only,S001; S002; S003
M4-FUNG-0480,99,best_use_case_for_atlas,True,provenance_only,
M4-FUNG-0480,100,overall_note,True,provenance_only,S003
M4-FUNG-0480,144,claim.legacy_support_annotation,True,provenance_only,S003
M4-FUNG-0480,145,claim.legacy_support_annotation,True,provenance_only,S003
M4-FUNG-0481,7,schema_version,True,administrative_excluded,
M4-FUNG-0481,8,dossier_id,True,administrative_excluded,
M4-FUNG-0481,9,sheet_record_status,True,administrative_excluded,S001; S002; S003
M4-FUNG-0481,10,annotation_status,True,administrative_excluded,S001; S002; S003
M4-FUNG-0481,11,annotation_date,True,administrative_excluded,
M4-FUNG-0481,12,inference,False,administrative_excluded,
M4-FUNG-0481,13,last_reviewed_date,True,administrative_excluded,
M4-FUNG-0481,20,mibig_record_status,True,provenance_only,S001; S002
M4-FUNG-0481,21,source_native_category_value,True,provenance_only,S001; S002
M4-FUNG-0481,22,mibig_completeness,True,provenance_only,S001; S002
M4-FUNG-0481,25,primary_reference_source_id,True,provenance_only,
M4-FUNG-0481,57,boundary_confidence,True,provenance_only,S001; S002; S003
M4-FUNG-0481,58,pathway_identity_confidence,True,provenance_only,S003
M4-FUNG-0481,89,candidate_bgc_credibility,True,provenance_only,S002; S003
M4-FUNG-0481,90,coordinated_transcription_evidence,True,provenance_only,
M4-FUNG-0481,91,biochemical_execution_evidence,True,provenance_only,S003
M4-FUNG-0481,92,product_formation_evidence,True,provenance_only,S003
M4-FUNG-0481,94,bgc_product_attribution,True,provenance_only,S002; S003
M4-FUNG-0481,95,gene_product_attribution,True,provenance_only,S003
M4-FUNG-0481,96,complete_pathway_reconstruction,True,provenance_only,S003
M4-FUNG-0481,98,major_database_problem,True,provenance_only,S001; S002; S003
M4-FUNG-0481,99,best_use_case_for_atlas,True,provenance_only,S003
M4-FUNG-0481,100,overall_note,True,provenance_only,S001; S002; S003
M4-FUNG-0481,114,metabolite.legacy_attribution_annotation,True,provenance_only,S001; S002; S003
M4-FUNG-0481,146,claim.legacy_support_annotation,True,provenance_only,S003
M4-FUNG-0481,147,claim.legacy_support_annotation,True,provenance_only,S001; S002; S003
M4-FUNG-0482,7,schema_version,True,administrative_excluded,
M4-FUNG-0482,8,dossier_id,True,administrative_excluded,
M4-FUNG-0482,9,sheet_record_status,True,administrative_excluded,S001; S002; S003
M4-FUNG-0482,10,annotation_status,True,administrative_excluded,S001; S002; S003
M4-FUNG-0482,11,annotation_date,True,administrative_excluded,
M4-FUNG-0482,12,inference,False,administrative_excluded,
M4-FUNG-0482,13,last_reviewed_date,True,administrative_excluded,
M4-FUNG-0482,20,mibig_record_status,True,provenance_only,S001; S002
M4-FUNG-0482,21,source_native_category_value,True,provenance_only,S001; S002
M4-FUNG-0482,22,mibig_completeness,True,provenance_only,S001; S002
M4-FUNG-0482,25,primary_reference_source_id,True,provenance_only,
M4-FUNG-0482,57,boundary_confidence,True,provenance_only,S001; S002; S003
M4-FUNG-0482,58,pathway_identity_confidence,True,provenance_only,S003
M4-FUNG-0482,89,candidate_bgc_credibility,True,provenance_only,S001; S002; S003
M4-FUNG-0482,90,coordinated_transcription_evidence,True,provenance_only,
M4-FUNG-0482,91,biochemical_execution_evidence,True,provenance_only,S003
M4-FUNG-0482,92,product_formation_evidence,True,provenance_only,S003
M4-FUNG-0482,94,bgc_product_attribution,True,provenance_only,S001; S002; S003
M4-FUNG-0482,95,gene_product_attribution,True,provenance_only,S003
M4-FUNG-0482,96,complete_pathway_reconstruction,True,provenance_only,S003
M4-FUNG-0482,98,major_database_problem,True,provenance_only,S001; S002; S003
M4-FUNG-0482,99,best_use_case_for_atlas,True,provenance_only,S003
M4-FUNG-0482,100,overall_note,True,provenance_only,S001; S002; S003
M4-FUNG-0482,114,metabolite.legacy_attribution_annotation,True,provenance_only,S001; S002; S003
M4-FUNG-0482,145,claim.legacy_support_annotation,True,provenance_only,S001; S003
M4-FUNG-0482,146,claim.legacy_support_annotation,True,provenance_only,S001; S002; S003
M4-FUNG-0483,7,schema_version,True,administrative_excluded,
M4-FUNG-0483,8,dossier_id,True,administrative_excluded,
M4-FUNG-0483,9,sheet_record_status,True,administrative_excluded,S001; S002; S003; S004
M4-FUNG-0483,10,annotation_status,True,administrative_excluded,S001; S002; S003; S004
M4-FUNG-0483,11,annotation_date,True,administrative_excluded,
M4-FUNG-0483,12,inference,False,administrative_excluded,
M4-FUNG-0483,13,last_reviewed_date,True,administrative_excluded,
M4-FUNG-0483,20,mibig_record_status,True,provenance_only,S001; S002
M4-FUNG-0483,21,source_native_category_value,True,provenance_only,S001; S002
M4-FUNG-0483,22,mibig_completeness,True,provenance_only,S001; S002
M4-FUNG-0483,25,primary_reference_source_id,True,provenance_only,
M4-FUNG-0483,57,boundary_confidence,True,provenance_only,S001; S003
M4-FUNG-0483,58,pathway_identity_confidence,True,provenance_only,S003
M4-FUNG-0483,89,candidate_bgc_credibility,True,provenance_only,S003
M4-FUNG-0483,90,coordinated_transcription_evidence,True,provenance_only,S003
M4-FUNG-0483,91,biochemical_execution_evidence,True,provenance_only,S003
M4-FUNG-0483,92,product_formation_evidence,True,provenance_only,S003
M4-FUNG-0483,94,bgc_product_attribution,True,provenance_only,S003
M4-FUNG-0483,95,gene_product_attribution,True,provenance_only,S003
M4-FUNG-0483,96,complete_pathway_reconstruction,True,provenance_only,S003
M4-FUNG-0483,98,major_database_problem,True,provenance_only,S001; S003; S004
M4-FUNG-0483,99,best_use_case_for_atlas,True,provenance_only,S003
M4-FUNG-0483,100,overall_note,True,provenance_only,S003
M4-FUNG-0483,104,gene.legacy_support_annotation,True,provenance_only,S003
M4-FUNG-0483,105,gene.legacy_support_annotation,True,provenance_only,S003
M4-FUNG-0483,106,gene.legacy_support_annotation,True,provenance_only,S003
M4-FUNG-0483,114,metabolite.legacy_attribution_annotation,True,provenance_only,S003
M4-FUNG-0483,115,metabolite.legacy_attribution_annotation,True,provenance_only,S003
M4-FUNG-0483,116,metabolite.legacy_attribution_annotation,True,provenance_only,S003
M4-FUNG-0483,145,claim.legacy_support_annotation,True,provenance_only,S003
M4-FUNG-0483,146,claim.legacy_support_annotation,True,provenance_only,S003
M4-FUNG-0483,147,claim.legacy_support_annotation,True,provenance_only,S003
M4-FUNG-0484,7,schema_version,True,administrative_excluded,
M4-FUNG-0484,8,dossier_id,True,administrative_excluded,
M4-FUNG-0484,9,sheet_record_status,True,administrative_excluded,S001; S002; S003; S004
M4-FUNG-0484,10,annotation_status,True,administrative_excluded,S001; S002; S003; S004
M4-FUNG-0484,11,annotation_date,True,administrative_excluded,
M4-FUNG-0484,12,inference,False,administrative_excluded,
M4-FUNG-0484,13,last_reviewed_date,True,administrative_excluded,
M4-FUNG-0484,20,mibig_record_status,True,provenance_only,S001; S002
M4-FUNG-0484,21,source_native_category_value,True,provenance_only,S001; S002
M4-FUNG-0484,22,mibig_completeness,True,provenance_only,S001; S002
M4-FUNG-0484,25,primary_reference_source_id,True,provenance_only,
M4-FUNG-0484,57,boundary_confidence,True,provenance_only,S001; S002
M4-FUNG-0484,58,pathway_identity_confidence,True,provenance_only,S003
M4-FUNG-0484,89,candidate_bgc_credibility,True,provenance_only,S003
M4-FUNG-0484,90,coordinated_transcription_evidence,True,provenance_only,S003
M4-FUNG-0484,91,biochemical_execution_evidence,True,provenance_only,S003
M4-FUNG-0484,92,product_formation_evidence,True,provenance_only,S003
M4-FUNG-0484,94,bgc_product_attribution,True,provenance_only,S003
M4-FUNG-0484,95,gene_product_attribution,True,provenance_only,S003
M4-FUNG-0484,96,complete_pathway_reconstruction,True,provenance_only,S003
M4-FUNG-0484,98,major_database_problem,True,provenance_only,S001; S002; S003
M4-FUNG-0484,99,best_use_case_for_atlas,True,provenance_only,S003
M4-FUNG-0484,100,overall_note,True,provenance_only,S003
M4-FUNG-0484,104,gene.legacy_support_annotation,True,provenance_only,S003
M4-FUNG-0484,105,gene.legacy_support_annotation,True,provenance_only,S003
M4-FUNG-0484,106,gene.legacy_support_annotation,True,provenance_only,S002; S003
M4-FUNG-0484,107,gene.legacy_support_annotation,True,provenance_only,S002; S003
M4-FUNG-0484,114,metabolite.legacy_attribution_annotation,True,provenance_only,S003
M4-FUNG-0484,115,metabolite.legacy_attribution_annotation,True,provenance_only,S003
M4-FUNG-0484,145,claim.legacy_support_annotation,True,provenance_only,S003
M4-FUNG-0484,146,claim.legacy_support_annotation,True,provenance_only,S003
M4-FUNG-0484,147,claim.legacy_support_annotation,True,provenance_only,S003
M4-FUNG-0485,7,schema_version,True,administrative_excluded,
M4-FUNG-0485,8,dossier_id,True,administrative_excluded,
M4-FUNG-0485,9,sheet_record_status,True,administrative_excluded,S001; S002; S003; S004
M4-FUNG-0485,10,annotation_status,True,administrative_excluded,S001; S002; S003; S004
M4-FUNG-0485,11,annotation_date,True,administrative_excluded,
M4-FUNG-0485,12,inference,False,administrative_excluded,
M4-FUNG-0485,13,last_reviewed_date,True,administrative_excluded,
M4-FUNG-0485,20,mibig_record_status,True,provenance_only,S001; S002
M4-FUNG-0485,21,source_native_category_value,True,provenance_only,S001; S002
M4-FUNG-0485,22,mibig_completeness,True,provenance_only,S001; S002
M4-FUNG-0485,25,primary_reference_source_id,True,provenance_only,
M4-FUNG-0485,57,boundary_confidence,True,provenance_only,S001
M4-FUNG-0485,58,pathway_identity_confidence,True,provenance_only,S002; S003
M4-FUNG-0485,89,candidate_bgc_credibility,True,provenance_only,S002; S003
M4-FUNG-0485,90,coordinated_transcription_evidence,True,provenance_only,
M4-FUNG-0485,91,biochemical_execution_evidence,True,provenance_only,S003
M4-FUNG-0485,92,product_formation_evidence,True,provenance_only,S003
M4-FUNG-0485,94,bgc_product_attribution,True,provenance_only,S002; S003
M4-FUNG-0485,95,gene_product_attribution,True,provenance_only,S002; S003
M4-FUNG-0485,96,complete_pathway_reconstruction,True,provenance_only,S003
M4-FUNG-0485,98,major_database_problem,True,provenance_only,S001; S002; S003
M4-FUNG-0485,99,best_use_case_for_atlas,True,provenance_only,S003
M4-FUNG-0485,100,overall_note,True,provenance_only,S002; S003; S004
M4-FUNG-0485,104,gene.legacy_support_annotation,True,provenance_only,S002
M4-FUNG-0485,105,gene.legacy_support_annotation,True,provenance_only,S002
M4-FUNG-0485,114,metabolite.legacy_attribution_annotation,True,provenance_only,S001; S002; S004
M4-FUNG-0485,115,metabolite.legacy_attribution_annotation,True,provenance_only,S003
M4-FUNG-0485,145,claim.legacy_support_annotation,True,provenance_only,S003
M4-FUNG-0485,146,claim.legacy_support_annotation,True,provenance_only,S001; S002; S003
M4-FUNG-0485,147,claim.legacy_support_annotation,True,provenance_only,S002
M4-FUNG-0486,7,schema_version,True,administrative_excluded,
M4-FUNG-0486,8,dossier_id,True,administrative_excluded,
M4-FUNG-0486,9,sheet_record_status,True,administrative_excluded,S001; S002; S003; S004
M4-FUNG-0486,10,annotation_status,True,administrative_excluded,S001; S002; S003; S004
M4-FUNG-0486,11,annotation_date,True,administrative_excluded,
M4-FUNG-0486,12,inference,False,administrative_excluded,
M4-FUNG-0486,13,last_reviewed_date,True,administrative_excluded,
M4-FUNG-0486,20,mibig_record_status,True,provenance_only,S001; S002
M4-FUNG-0486,21,source_native_category_value,True,provenance_only,S001; S002
M4-FUNG-0486,22,mibig_completeness,True,provenance_only,S001; S002
M4-FUNG-0486,25,primary_reference_source_id,True,provenance_only,
M4-FUNG-0486,57,boundary_confidence,True,provenance_only,S001; S003
M4-FUNG-0486,58,pathway_identity_confidence,True,provenance_only,S003; S004
M4-FUNG-0486,89,candidate_bgc_credibility,True,provenance_only,S003
M4-FUNG-0486,90,coordinated_transcription_evidence,True,provenance_only,S003
M4-FUNG-0486,91,biochemical_execution_evidence,True,provenance_only,S003; S004
M4-FUNG-0486,92,product_formation_evidence,True,provenance_only,S003
M4-FUNG-0486,94,bgc_product_attribution,True,provenance_only,S003
M4-FUNG-0486,95,gene_product_attribution,True,provenance_only,S003; S004
M4-FUNG-0486,96,complete_pathway_reconstruction,True,provenance_only,S003
M4-FUNG-0486,98,major_database_problem,True,provenance_only,S001; S002
M4-FUNG-0486,99,best_use_case_for_atlas,True,provenance_only,S003
M4-FUNG-0486,100,overall_note,True,provenance_only,S003; S004
M4-FUNG-0486,104,gene.legacy_support_annotation,True,provenance_only,S003
M4-FUNG-0486,105,gene.legacy_support_annotation,True,provenance_only,S003
M4-FUNG-0486,106,gene.legacy_support_annotation,True,provenance_only,S003
M4-FUNG-0486,107,gene.legacy_support_annotation,True,provenance_only,S003
M4-FUNG-0486,108,gene.legacy_support_annotation,True,provenance_only,S003
M4-FUNG-0486,114,metabolite.legacy_attribution_annotation,True,provenance_only,S003
M4-FUNG-0486,145,claim.legacy_support_annotation,True,provenance_only,S003
M4-FUNG-0486,146,claim.legacy_support_annotation,True,provenance_only,S003
M4-FUNG-0486,147,claim.legacy_support_annotation,True,provenance_only,S004
M4-FUNG-0487,7,schema_version,True,administrative_excluded,
M4-FUNG-0487,8,dossier_id,True,administrative_excluded,
M4-FUNG-0487,9,sheet_record_status,True,administrative_excluded,S001; S002; S003; S004
M4-FUNG-0487,10,annotation_status,True,administrative_excluded,S001; S002; S003; S004
M4-FUNG-0487,11,annotation_date,True,administrative_excluded,
M4-FUNG-0487,12,inference,False,administrative_excluded,
M4-FUNG-0487,13,last_reviewed_date,True,administrative_excluded,
M4-FUNG-0487,20,mibig_record_status,True,provenance_only,S001; S002
M4-FUNG-0487,21,source_native_category_value,True,provenance_only,S001; S002
M4-FUNG-0487,22,mibig_completeness,True,provenance_only,S001; S002
M4-FUNG-0487,25,primary_reference_source_id,True,provenance_only,
M4-FUNG-0487,57,boundary_confidence,True,provenance_only,S001; S003
M4-FUNG-0487,58,pathway_identity_confidence,True,provenance_only,S003; S004
M4-FUNG-0487,89,candidate_bgc_credibility,True,provenance_only,S003
M4-FUNG-0487,90,coordinated_transcription_evidence,True,provenance_only,S003
M4-FUNG-0487,91,biochemical_execution_evidence,True,provenance_only,S003; S004
M4-FUNG-0487,92,product_formation_evidence,True,provenance_only,S003
M4-FUNG-0487,94,bgc_product_attribution,True,provenance_only,S003
M4-FUNG-0487,95,gene_product_attribution,True,provenance_only,S003; S004
M4-FUNG-0487,96,complete_pathway_reconstruction,True,provenance_only,S003
M4-FUNG-0487,98,major_database_problem,True,provenance_only,S001; S002
M4-FUNG-0487,99,best_use_case_for_atlas,True,provenance_only,S003
M4-FUNG-0487,100,overall_note,True,provenance_only,S003; S004
M4-FUNG-0487,104,gene.legacy_support_annotation,True,provenance_only,S003
M4-FUNG-0487,105,gene.legacy_support_annotation,True,provenance_only,S003
M4-FUNG-0487,106,gene.legacy_support_annotation,True,provenance_only,S003
M4-FUNG-0487,107,gene.legacy_support_annotation,True,provenance_only,S003
M4-FUNG-0487,108,gene.legacy_support_annotation,True,provenance_only,S003
M4-FUNG-0487,114,metabolite.legacy_attribution_annotation,True,provenance_only,S003
M4-FUNG-0487,145,claim.legacy_support_annotation,True,provenance_only,S003
M4-FUNG-0487,146,claim.legacy_support_annotation,True,provenance_only,S003
M4-FUNG-0487,147,claim.legacy_support_annotation,True,provenance_only,S004
M4-FUNG-0488,7,schema_version,True,administrative_excluded,
M4-FUNG-0488,8,dossier_id,True,administrative_excluded,
M4-FUNG-0488,9,sheet_record_status,True,administrative_excluded,S001; S002; S003; S004
M4-FUNG-0488,10,annotation_status,True,administrative_excluded,S001; S002; S003; S004
M4-FUNG-0488,11,annotation_date,True,administrative_excluded,
M4-FUNG-0488,12,inference,False,administrative_excluded,
M4-FUNG-0488,13,last_reviewed_date,True,administrative_excluded,
M4-FUNG-0488,20,mibig_record_status,True,provenance_only,S001; S002
M4-FUNG-0488,21,source_native_category_value,True,provenance_only,S001; S002
M4-FUNG-0488,22,mibig_completeness,True,provenance_only,S001; S002
M4-FUNG-0488,25,primary_reference_source_id,True,provenance_only,
M4-FUNG-0488,57,boundary_confidence,True,provenance_only,S001; S003
M4-FUNG-0488,58,pathway_identity_confidence,True,provenance_only,S003; S004
M4-FUNG-0488,89,candidate_bgc_credibility,True,provenance_only,S003
M4-FUNG-0488,90,coordinated_transcription_evidence,True,provenance_only,S003
M4-FUNG-0488,91,biochemical_execution_evidence,True,provenance_only,S003; S004
M4-FUNG-0488,92,product_formation_evidence,True,provenance_only,S003
M4-FUNG-0488,94,bgc_product_attribution,True,provenance_only,S003
M4-FUNG-0488,95,gene_product_attribution,True,provenance_only,S003; S004
M4-FUNG-0488,96,complete_pathway_reconstruction,True,provenance_only,S003
M4-FUNG-0488,98,major_database_problem,True,provenance_only,S001; S002
M4-FUNG-0488,99,best_use_case_for_atlas,True,provenance_only,S003
M4-FUNG-0488,100,overall_note,True,provenance_only,S003; S004
M4-FUNG-0488,104,gene.legacy_support_annotation,True,provenance_only,S003
M4-FUNG-0488,105,gene.legacy_support_annotation,True,provenance_only,S003
M4-FUNG-0488,106,gene.legacy_support_annotation,True,provenance_only,S003
M4-FUNG-0488,107,gene.legacy_support_annotation,True,provenance_only,S003
M4-FUNG-0488,108,gene.legacy_support_annotation,True,provenance_only,S003
M4-FUNG-0488,114,metabolite.legacy_attribution_annotation,True,provenance_only,S003
M4-FUNG-0488,145,claim.legacy_support_annotation,True,provenance_only,S003
M4-FUNG-0488,146,claim.legacy_support_annotation,True,provenance_only,S003
M4-FUNG-0488,147,claim.legacy_support_annotation,True,provenance_only,S004
M4-FUNG-0489,7,schema_version,True,administrative_excluded,
M4-FUNG-0489,8,dossier_id,True,administrative_excluded,
M4-FUNG-0489,9,sheet_record_status,True,administrative_excluded,S001; S002; S003; S004
M4-FUNG-0489,10,annotation_status,True,administrative_excluded,S001; S002; S003; S004
M4-FUNG-0489,11,annotation_date,True,administrative_excluded,
M4-FUNG-0489,12,inference,False,administrative_excluded,
M4-FUNG-0489,13,last_reviewed_date,True,administrative_excluded,
M4-FUNG-0489,20,mibig_record_status,True,provenance_only,S001; S002
M4-FUNG-0489,21,source_native_category_value,True,provenance_only,S001; S002
M4-FUNG-0489,22,mibig_completeness,True,provenance_only,S001; S002
M4-FUNG-0489,25,primary_reference_source_id,True,provenance_only,
M4-FUNG-0489,57,boundary_confidence,True,provenance_only,S001; S003
M4-FUNG-0489,58,pathway_identity_confidence,True,provenance_only,S003; S004
M4-FUNG-0489,89,candidate_bgc_credibility,True,provenance_only,S003
M4-FUNG-0489,90,coordinated_transcription_evidence,True,provenance_only,S003
M4-FUNG-0489,91,biochemical_execution_evidence,True,provenance_only,S003; S004
M4-FUNG-0489,92,product_formation_evidence,True,provenance_only,S003
M4-FUNG-0489,94,bgc_product_attribution,True,provenance_only,S003
M4-FUNG-0489,95,gene_product_attribution,True,provenance_only,S003; S004
M4-FUNG-0489,96,complete_pathway_reconstruction,True,provenance_only,S003
M4-FUNG-0489,98,major_database_problem,True,provenance_only,S001; S002
M4-FUNG-0489,99,best_use_case_for_atlas,True,provenance_only,S003
M4-FUNG-0489,100,overall_note,True,provenance_only,S003; S004
M4-FUNG-0489,104,gene.legacy_support_annotation,True,provenance_only,S003
M4-FUNG-0489,105,gene.legacy_support_annotation,True,provenance_only,S003
M4-FUNG-0489,106,gene.legacy_support_annotation,True,provenance_only,S003
M4-FUNG-0489,107,gene.legacy_support_annotation,True,provenance_only,S003
M4-FUNG-0489,108,gene.legacy_support_annotation,True,provenance_only,S003
M4-FUNG-0489,114,metabolite.legacy_attribution_annotation,True,provenance_only,S003
M4-FUNG-0489,145,claim.legacy_support_annotation,True,provenance_only,S003
M4-FUNG-0489,146,claim.legacy_support_annotation,True,provenance_only,S003
M4-FUNG-0489,147,claim.legacy_support_annotation,True,provenance_only,S004
M4-FUNG-0490,7,schema_version,True,administrative_excluded,
M4-FUNG-0490,8,dossier_id,True,administrative_excluded,
M4-FUNG-0490,9,sheet_record_status,True,administrative_excluded,S001; S002; S003; S004
M4-FUNG-0490,10,annotation_status,True,administrative_excluded,S001; S002; S003; S004
M4-FUNG-0490,11,annotation_date,True,administrative_excluded,
M4-FUNG-0490,12,inference,False,administrative_excluded,
M4-FUNG-0490,13,last_reviewed_date,True,administrative_excluded,
M4-FUNG-0490,20,mibig_record_status,True,provenance_only,S001; S002
M4-FUNG-0490,21,source_native_category_value,True,provenance_only,S001; S002
M4-FUNG-0490,22,mibig_completeness,True,provenance_only,S001; S002
M4-FUNG-0490,25,primary_reference_source_id,True,provenance_only,
M4-FUNG-0490,57,boundary_confidence,True,provenance_only,S001; S002
M4-FUNG-0490,58,pathway_identity_confidence,True,provenance_only,S003
M4-FUNG-0490,89,candidate_bgc_credibility,True,provenance_only,S003
M4-FUNG-0490,90,coordinated_transcription_evidence,True,provenance_only,S003
M4-FUNG-0490,91,biochemical_execution_evidence,True,provenance_only,S003; S004
M4-FUNG-0490,92,product_formation_evidence,True,provenance_only,S003
M4-FUNG-0490,94,bgc_product_attribution,True,provenance_only,S003
M4-FUNG-0490,95,gene_product_attribution,True,provenance_only,S003; S004
M4-FUNG-0490,96,complete_pathway_reconstruction,True,provenance_only,S003
M4-FUNG-0490,98,major_database_problem,True,provenance_only,S001; S002
M4-FUNG-0490,99,best_use_case_for_atlas,True,provenance_only,S003
M4-FUNG-0490,100,overall_note,True,provenance_only,S003; S004
M4-FUNG-0490,104,gene.legacy_support_annotation,True,provenance_only,S003
M4-FUNG-0490,105,gene.legacy_support_annotation,True,provenance_only,S003
M4-FUNG-0490,106,gene.legacy_support_annotation,True,provenance_only,S003
M4-FUNG-0490,107,gene.legacy_support_annotation,True,provenance_only,S003
M4-FUNG-0490,108,gene.legacy_support_annotation,True,provenance_only,S003
M4-FUNG-0490,114,metabolite.legacy_attribution_annotation,True,provenance_only,S003
M4-FUNG-0490,145,claim.legacy_support_annotation,True,provenance_only,S003
M4-FUNG-0490,146,claim.legacy_support_annotation,True,provenance_only,S003
M4-FUNG-0490,147,claim.legacy_support_annotation,True,provenance_only,S004
M4-FUNG-0491,7,schema_version,True,administrative_excluded,
M4-FUNG-0491,8,dossier_id,True,administrative_excluded,
M4-FUNG-0491,9,sheet_record_status,True,administrative_excluded,S001; S002; S003; S004
M4-FUNG-0491,10,annotation_status,True,administrative_excluded,S001; S002; S003; S004
M4-FUNG-0491,11,annotation_date,True,administrative_excluded,
M4-FUNG-0491,12,inference,False,administrative_excluded,
M4-FUNG-0491,13,last_reviewed_date,True,administrative_excluded,
M4-FUNG-0491,20,mibig_record_status,True,provenance_only,S001; S002
M4-FUNG-0491,21,source_native_category_value,True,provenance_only,S001; S002
M4-FUNG-0491,22,mibig_completeness,True,provenance_only,S001; S002
M4-FUNG-0491,25,primary_reference_source_id,True,provenance_only,
M4-FUNG-0491,57,boundary_confidence,True,provenance_only,S002; S003
M4-FUNG-0491,58,pathway_identity_confidence,True,provenance_only,S003
M4-FUNG-0491,89,candidate_bgc_credibility,True,provenance_only,S003
M4-FUNG-0491,90,coordinated_transcription_evidence,True,provenance_only,
M4-FUNG-0491,91,biochemical_execution_evidence,True,provenance_only,S003
M4-FUNG-0491,92,product_formation_evidence,True,provenance_only,S003
M4-FUNG-0491,94,bgc_product_attribution,True,provenance_only,S003
M4-FUNG-0491,95,gene_product_attribution,True,provenance_only,S003
M4-FUNG-0491,96,complete_pathway_reconstruction,True,provenance_only,S003
M4-FUNG-0491,98,major_database_problem,True,provenance_only,S002
M4-FUNG-0491,99,best_use_case_for_atlas,True,provenance_only,S003
M4-FUNG-0491,100,overall_note,True,provenance_only,S003
M4-FUNG-0491,104,gene.legacy_support_annotation,True,provenance_only,S002; S003
M4-FUNG-0491,105,gene.legacy_support_annotation,True,provenance_only,S002; S003
M4-FUNG-0491,114,metabolite.legacy_attribution_annotation,True,provenance_only,S003
M4-FUNG-0491,115,metabolite.legacy_attribution_annotation,True,provenance_only,S001; S003
M4-FUNG-0491,143,claim.legacy_support_annotation,True,provenance_only,S003
M4-FUNG-0491,144,claim.legacy_support_annotation,True,provenance_only,S003
M4-FUNG-0491,145,claim.legacy_support_annotation,True,provenance_only,S002; S003
M4-FUNG-0491,154,relationship.legacy_support_annotation,True,provenance_only,S003
M4-FUNG-0491,155,relationship.legacy_support_annotation,True,provenance_only,S003
M4-FUNG-0492,7,schema_version,True,administrative_excluded,
M4-FUNG-0492,8,dossier_id,True,administrative_excluded,
M4-FUNG-0492,9,sheet_record_status,True,administrative_excluded,S001; S002; S003; S004; S005; S006
M4-FUNG-0492,10,annotation_status,True,administrative_excluded,S001; S002; S003; S004; S005; S006
M4-FUNG-0492,11,annotation_date,True,administrative_excluded,
M4-FUNG-0492,12,inference,False,administrative_excluded,
M4-FUNG-0492,13,last_reviewed_date,True,administrative_excluded,
M4-FUNG-0492,20,mibig_record_status,True,provenance_only,S001; S002
M4-FUNG-0492,21,source_native_category_value,True,provenance_only,S001; S002
M4-FUNG-0492,22,mibig_completeness,True,provenance_only,S001; S002
M4-FUNG-0492,25,primary_reference_source_id,True,provenance_only,
M4-FUNG-0492,57,boundary_confidence,True,provenance_only,S002; S003
M4-FUNG-0492,58,pathway_identity_confidence,True,provenance_only,S003
M4-FUNG-0492,89,candidate_bgc_credibility,True,provenance_only,S002; S003
M4-FUNG-0492,90,coordinated_transcription_evidence,True,provenance_only,
M4-FUNG-0492,91,biochemical_execution_evidence,True,provenance_only,S003
M4-FUNG-0492,92,product_formation_evidence,True,provenance_only,S004
M4-FUNG-0492,94,bgc_product_attribution,True,provenance_only,S002; S003
M4-FUNG-0492,95,gene_product_attribution,True,provenance_only,S003
M4-FUNG-0492,96,complete_pathway_reconstruction,True,provenance_only,S003
M4-FUNG-0492,98,major_database_problem,True,provenance_only,S002
M4-FUNG-0492,99,best_use_case_for_atlas,True,provenance_only,S003; S004
M4-FUNG-0492,100,overall_note,True,provenance_only,S003; S004
M4-FUNG-0492,104,gene.legacy_support_annotation,True,provenance_only,S002; S003
M4-FUNG-0492,105,gene.legacy_support_annotation,True,provenance_only,S002; S003
M4-FUNG-0492,106,gene.legacy_support_annotation,True,provenance_only,S002; S003
M4-FUNG-0492,107,gene.legacy_support_annotation,True,provenance_only,S002; S003
M4-FUNG-0492,108,gene.legacy_support_annotation,True,provenance_only,S002; S003
M4-FUNG-0492,109,gene.legacy_support_annotation,True,provenance_only,S002; S003
M4-FUNG-0492,114,metabolite.legacy_attribution_annotation,True,provenance_only,S002; S004
M4-FUNG-0492,143,claim.legacy_support_annotation,True,provenance_only,S004
M4-FUNG-0492,144,claim.legacy_support_annotation,True,provenance_only,S002; S003
M4-FUNG-0492,145,claim.legacy_support_annotation,True,provenance_only,S002; S003
M4-FUNG-0492,146,claim.legacy_support_annotation,True,provenance_only,S003
M4-FUNG-0492,147,claim.legacy_support_annotation,True,provenance_only,S004; S005; S006
M4-FUNG-0492,154,relationship.legacy_support_annotation,True,provenance_only,S004
M4-FUNG-0492,155,relationship.legacy_support_annotation,True,provenance_only,S002; S003
M4-FUNG-0492,156,relationship.legacy_support_annotation,True,provenance_only,S003
M4-FUNG-0492,157,relationship.legacy_support_annotation,True,provenance_only,S002; S003
M4-FUNG-0493,7,schema_version,True,administrative_excluded,
M4-FUNG-0493,8,dossier_id,True,administrative_excluded,
M4-FUNG-0493,9,sheet_record_status,True,administrative_excluded,S001; S002; S003; S004
M4-FUNG-0493,10,annotation_status,True,administrative_excluded,S001; S002; S003; S004
M4-FUNG-0493,11,annotation_date,True,administrative_excluded,
M4-FUNG-0493,12,inference,False,administrative_excluded,
M4-FUNG-0493,13,last_reviewed_date,True,administrative_excluded,
M4-FUNG-0493,20,mibig_record_status,True,provenance_only,S001; S002
M4-FUNG-0493,21,source_native_category_value,True,provenance_only,S001; S002
M4-FUNG-0493,22,mibig_completeness,True,provenance_only,S001; S002
M4-FUNG-0493,25,primary_reference_source_id,True,provenance_only,
M4-FUNG-0493,57,boundary_confidence,True,provenance_only,S002; S003
M4-FUNG-0493,58,pathway_identity_confidence,True,provenance_only,S003
M4-FUNG-0493,89,candidate_bgc_credibility,True,provenance_only,S003
M4-FUNG-0493,90,coordinated_transcription_evidence,True,provenance_only,
M4-FUNG-0493,91,biochemical_execution_evidence,True,provenance_only,S003
M4-FUNG-0493,92,product_formation_evidence,True,provenance_only,S003
M4-FUNG-0493,94,bgc_product_attribution,True,provenance_only,S003
M4-FUNG-0493,95,gene_product_attribution,True,provenance_only,S003
M4-FUNG-0493,96,complete_pathway_reconstruction,True,provenance_only,S003
M4-FUNG-0493,98,major_database_problem,True,provenance_only,S002; S003
M4-FUNG-0493,99,best_use_case_for_atlas,True,provenance_only,S003
M4-FUNG-0493,100,overall_note,True,provenance_only,S003
M4-FUNG-0493,104,gene.legacy_support_annotation,True,provenance_only,S002; S003
M4-FUNG-0493,105,gene.legacy_support_annotation,True,provenance_only,S002; S003
M4-FUNG-0493,106,gene.legacy_support_annotation,True,provenance_only,S002; S003
M4-FUNG-0493,107,gene.legacy_support_annotation,True,provenance_only,S002; S003
M4-FUNG-0493,108,gene.legacy_support_annotation,True,provenance_only,S002; S003
M4-FUNG-0493,109,gene.legacy_support_annotation,True,provenance_only,S002; S003
M4-FUNG-0493,110,gene.legacy_support_annotation,True,provenance_only,S002; S003
M4-FUNG-0493,111,gene.legacy_support_annotation,True,provenance_only,S002; S003
M4-FUNG-0493,114,metabolite.legacy_attribution_annotation,True,provenance_only,S003
M4-FUNG-0493,115,metabolite.legacy_attribution_annotation,True,provenance_only,S003
M4-FUNG-0493,116,metabolite.legacy_attribution_annotation,True,provenance_only,S003
M4-FUNG-0493,117,metabolite.legacy_attribution_annotation,True,provenance_only,S002; S003
M4-FUNG-0493,143,claim.legacy_support_annotation,True,provenance_only,S003
M4-FUNG-0493,144,claim.legacy_support_annotation,True,provenance_only,S003
M4-FUNG-0493,145,claim.legacy_support_annotation,True,provenance_only,S003
M4-FUNG-0493,146,claim.legacy_support_annotation,True,provenance_only,S003
M4-FUNG-0493,147,claim.legacy_support_annotation,True,provenance_only,S003; S004
M4-FUNG-0493,154,relationship.legacy_support_annotation,True,provenance_only,S003
M4-FUNG-0493,155,relationship.legacy_support_annotation,True,provenance_only,S003
M4-FUNG-0493,156,relationship.legacy_support_annotation,True,provenance_only,S003
M4-FUNG-0493,157,relationship.legacy_support_annotation,True,provenance_only,S003
M4-FUNG-0493,158,relationship.legacy_support_annotation,True,provenance_only,S003
M4-FUNG-0494,7,schema_version,True,administrative_excluded,
M4-FUNG-0494,8,dossier_id,True,administrative_excluded,
M4-FUNG-0494,9,sheet_record_status,True,administrative_excluded,S001; S002; S003; S004; S005
M4-FUNG-0494,10,annotation_status,True,administrative_excluded,S001; S002; S003; S004; S005
M4-FUNG-0494,11,annotation_date,True,administrative_excluded,
M4-FUNG-0494,12,inference,False,administrative_excluded,
M4-FUNG-0494,13,last_reviewed_date,True,administrative_excluded,
M4-FUNG-0494,20,mibig_record_status,True,provenance_only,S002
M4-FUNG-0494,21,source_native_category_value,True,provenance_only,S002
M4-FUNG-0494,22,mibig_completeness,True,provenance_only,S002
M4-FUNG-0494,25,primary_reference_source_id,True,provenance_only,
M4-FUNG-0494,57,boundary_confidence,True,provenance_only,S002; S003
M4-FUNG-0494,58,pathway_identity_confidence,True,provenance_only,S003; S005
M4-FUNG-0494,89,candidate_bgc_credibility,True,provenance_only,S003; S005
M4-FUNG-0494,90,coordinated_transcription_evidence,True,provenance_only,S003; S005
M4-FUNG-0494,91,biochemical_execution_evidence,True,provenance_only,S003; S005
M4-FUNG-0494,92,product_formation_evidence,True,provenance_only,S003; S005
M4-FUNG-0494,94,bgc_product_attribution,True,provenance_only,S002; S003; S005
M4-FUNG-0494,95,gene_product_attribution,True,provenance_only,S003; S005
M4-FUNG-0494,96,complete_pathway_reconstruction,True,provenance_only,S003
M4-FUNG-0494,98,major_database_problem,True,provenance_only,S002; S003
M4-FUNG-0494,99,best_use_case_for_atlas,True,provenance_only,S003; S005
M4-FUNG-0494,100,overall_note,True,provenance_only,S002; S003; S005
M4-FUNG-0494,104,gene.legacy_support_annotation,True,provenance_only,S002; S003; S005
M4-FUNG-0494,105,gene.legacy_support_annotation,True,provenance_only,S002; S003; S005
M4-FUNG-0494,106,gene.legacy_support_annotation,True,provenance_only,S002; S003; S005
M4-FUNG-0494,107,gene.legacy_support_annotation,True,provenance_only,S002; S003; S005
M4-FUNG-0494,108,gene.legacy_support_annotation,True,provenance_only,S002; S003; S005
M4-FUNG-0494,109,gene.legacy_support_annotation,True,provenance_only,S002; S003; S005
M4-FUNG-0494,110,gene.legacy_support_annotation,True,provenance_only,S002; S003; S005
M4-FUNG-0494,111,gene.legacy_support_annotation,True,provenance_only,S002; S003; S005
M4-FUNG-0494,114,metabolite.legacy_attribution_annotation,True,provenance_only,S002; S003
M4-FUNG-0494,115,metabolite.legacy_attribution_annotation,True,provenance_only,S002; S003
M4-FUNG-0494,116,metabolite.legacy_attribution_annotation,True,provenance_only,S002; S003
M4-FUNG-0494,117,metabolite.legacy_attribution_annotation,True,provenance_only,S002; S003
M4-FUNG-0494,118,metabolite.legacy_attribution_annotation,True,provenance_only,S005
M4-FUNG-0494,119,metabolite.legacy_attribution_annotation,True,provenance_only,S003; S005
M4-FUNG-0494,143,claim.legacy_support_annotation,True,provenance_only,S003; S005
M4-FUNG-0494,144,claim.legacy_support_annotation,True,provenance_only,S003; S005
M4-FUNG-0494,145,claim.legacy_support_annotation,True,provenance_only,S003
M4-FUNG-0494,146,claim.legacy_support_annotation,True,provenance_only,S005
M4-FUNG-0494,147,claim.legacy_support_annotation,True,provenance_only,S002; S003
M4-FUNG-0494,148,claim.legacy_support_annotation,True,provenance_only,S005
M4-FUNG-0494,154,relationship.legacy_support_annotation,True,provenance_only,S003; S005
M4-FUNG-0494,155,relationship.legacy_support_annotation,True,provenance_only,S003; S005
M4-FUNG-0494,156,relationship.legacy_support_annotation,True,provenance_only,S003; S005
M4-FUNG-0494,157,relationship.legacy_support_annotation,True,provenance_only,S003; S005
M4-FUNG-0494,158,relationship.legacy_support_annotation,True,provenance_only,S003; S005
M4-FUNG-0494,159,relationship.legacy_support_annotation,True,provenance_only,S003; S005
M4-FUNG-0495,7,schema_version,True,administrative_excluded,
M4-FUNG-0495,8,dossier_id,True,administrative_excluded,
M4-FUNG-0495,9,sheet_record_status,True,administrative_excluded,S001; S002; S003
M4-FUNG-0495,10,annotation_status,True,administrative_excluded,S001; S002; S003
M4-FUNG-0495,11,annotation_date,True,administrative_excluded,
M4-FUNG-0495,12,inference,False,administrative_excluded,
M4-FUNG-0495,13,last_reviewed_date,True,administrative_excluded,
M4-FUNG-0495,20,mibig_record_status,True,provenance_only,S001
M4-FUNG-0495,21,source_native_category_value,True,provenance_only,S001
M4-FUNG-0495,22,mibig_completeness,True,provenance_only,S001
M4-FUNG-0495,25,primary_reference_source_id,True,provenance_only,
M4-FUNG-0495,57,boundary_confidence,False,provenance_only,
M4-FUNG-0495,58,pathway_identity_confidence,False,provenance_only,
M4-FUNG-0495,89,candidate_bgc_credibility,True,provenance_only,S003
M4-FUNG-0495,90,coordinated_transcription_evidence,True,provenance_only,S003
M4-FUNG-0495,91,biochemical_execution_evidence,True,provenance_only,S003
M4-FUNG-0495,92,product_formation_evidence,True,provenance_only,S003
M4-FUNG-0495,94,bgc_product_attribution,True,provenance_only,S003
M4-FUNG-0495,95,gene_product_attribution,True,provenance_only,S003
M4-FUNG-0495,96,complete_pathway_reconstruction,True,provenance_only,S003
M4-FUNG-0495,98,major_database_problem,False,provenance_only,
M4-FUNG-0495,99,best_use_case_for_atlas,False,provenance_only,
M4-FUNG-0495,100,overall_note,False,provenance_only,
M4-FUNG-0495,104,gene.legacy_support_annotation,True,provenance_only,S003
M4-FUNG-0495,105,gene.legacy_support_annotation,True,provenance_only,S003
M4-FUNG-0495,106,gene.legacy_support_annotation,True,provenance_only,S003
M4-FUNG-0495,145,claim.legacy_support_annotation,True,provenance_only,S003
M4-FUNG-0495,146,claim.legacy_support_annotation,True,provenance_only,S003
M4-FUNG-0496,7,schema_version,True,administrative_excluded,
M4-FUNG-0496,8,dossier_id,True,administrative_excluded,
M4-FUNG-0496,9,sheet_record_status,True,administrative_excluded,S001; S002; S003
M4-FUNG-0496,10,annotation_status,True,administrative_excluded,S001; S002; S003
M4-FUNG-0496,11,annotation_date,True,administrative_excluded,
M4-FUNG-0496,12,inference,False,administrative_excluded,
M4-FUNG-0496,13,last_reviewed_date,True,administrative_excluded,
M4-FUNG-0496,20,mibig_record_status,True,provenance_only,S001
M4-FUNG-0496,21,source_native_category_value,True,provenance_only,S001
M4-FUNG-0496,22,mibig_completeness,True,provenance_only,S001
M4-FUNG-0496,25,primary_reference_source_id,True,provenance_only,
M4-FUNG-0496,57,boundary_confidence,False,provenance_only,
M4-FUNG-0496,58,pathway_identity_confidence,False,provenance_only,
M4-FUNG-0496,89,candidate_bgc_credibility,True,provenance_only,S003
M4-FUNG-0496,90,coordinated_transcription_evidence,True,provenance_only,S003
M4-FUNG-0496,91,biochemical_execution_evidence,True,provenance_only,S003
M4-FUNG-0496,92,product_formation_evidence,True,provenance_only,S003
M4-FUNG-0496,94,bgc_product_attribution,True,provenance_only,S003
M4-FUNG-0496,95,gene_product_attribution,True,provenance_only,S003
M4-FUNG-0496,96,complete_pathway_reconstruction,True,provenance_only,S003
M4-FUNG-0496,98,major_database_problem,False,provenance_only,
M4-FUNG-0496,99,best_use_case_for_atlas,False,provenance_only,
M4-FUNG-0496,100,overall_note,False,provenance_only,
M4-FUNG-0496,104,gene.legacy_support_annotation,True,provenance_only,S003
M4-FUNG-0496,105,gene.legacy_support_annotation,True,provenance_only,S003
M4-FUNG-0496,145,claim.legacy_support_annotation,True,provenance_only,S003
M4-FUNG-0496,146,claim.legacy_support_annotation,True,provenance_only,S003
M4-FUNG-0497,7,schema_version,True,administrative_excluded,
M4-FUNG-0497,8,dossier_id,True,administrative_excluded,
M4-FUNG-0497,9,sheet_record_status,True,administrative_excluded,S001; S002; S003
M4-FUNG-0497,10,annotation_status,True,administrative_excluded,S001; S002; S003
M4-FUNG-0497,11,annotation_date,True,administrative_excluded,
M4-FUNG-0497,12,inference,False,administrative_excluded,
M4-FUNG-0497,13,last_reviewed_date,True,administrative_excluded,
M4-FUNG-0497,20,mibig_record_status,True,provenance_only,S001
M4-FUNG-0497,21,source_native_category_value,True,provenance_only,S001
M4-FUNG-0497,22,mibig_completeness,True,provenance_only,S001
M4-FUNG-0497,25,primary_reference_source_id,True,provenance_only,
M4-FUNG-0497,57,boundary_confidence,False,provenance_only,
M4-FUNG-0497,58,pathway_identity_confidence,False,provenance_only,
M4-FUNG-0497,89,candidate_bgc_credibility,True,provenance_only,S003
M4-FUNG-0497,90,coordinated_transcription_evidence,True,provenance_only,
M4-FUNG-0497,91,biochemical_execution_evidence,True,provenance_only,S003
M4-FUNG-0497,92,product_formation_evidence,True,provenance_only,S003
M4-FUNG-0497,94,bgc_product_attribution,True,provenance_only,S003
M4-FUNG-0497,95,gene_product_attribution,True,provenance_only,S003
M4-FUNG-0497,96,complete_pathway_reconstruction,True,provenance_only,S003
M4-FUNG-0497,98,major_database_problem,False,provenance_only,
M4-FUNG-0497,99,best_use_case_for_atlas,False,provenance_only,
M4-FUNG-0497,100,overall_note,False,provenance_only,
M4-FUNG-0497,104,gene.legacy_support_annotation,True,provenance_only,S003
M4-FUNG-0497,145,claim.legacy_support_annotation,True,provenance_only,S003
M4-FUNG-0497,146,claim.legacy_support_annotation,True,provenance_only,S003
M4-FUNG-0498,7,schema_version,True,administrative_excluded,
M4-FUNG-0498,8,dossier_id,True,administrative_excluded,
M4-FUNG-0498,9,sheet_record_status,True,administrative_excluded,S001; S002; S003; S004
M4-FUNG-0498,10,annotation_status,True,administrative_excluded,S001; S002; S003; S004
M4-FUNG-0498,11,annotation_date,True,administrative_excluded,
M4-FUNG-0498,12,inference,False,administrative_excluded,
M4-FUNG-0498,13,last_reviewed_date,True,administrative_excluded,
M4-FUNG-0498,20,mibig_record_status,True,provenance_only,S001
M4-FUNG-0498,21,source_native_category_value,True,provenance_only,S001
M4-FUNG-0498,22,mibig_completeness,True,provenance_only,S001
M4-FUNG-0498,25,primary_reference_source_id,True,provenance_only,
M4-FUNG-0498,57,boundary_confidence,False,provenance_only,
M4-FUNG-0498,58,pathway_identity_confidence,False,provenance_only,
M4-FUNG-0498,89,candidate_bgc_credibility,True,provenance_only,S003; S004
M4-FUNG-0498,90,coordinated_transcription_evidence,True,provenance_only,S004
M4-FUNG-0498,91,biochemical_execution_evidence,True,provenance_only,S004
M4-FUNG-0498,92,product_formation_evidence,True,provenance_only,S003; S004
M4-FUNG-0498,94,bgc_product_attribution,True,provenance_only,S003; S004
M4-FUNG-0498,95,gene_product_attribution,True,provenance_only,S003; S004
M4-FUNG-0498,96,complete_pathway_reconstruction,True,provenance_only,S004
M4-FUNG-0498,98,major_database_problem,False,provenance_only,
M4-FUNG-0498,99,best_use_case_for_atlas,False,provenance_only,
M4-FUNG-0498,100,overall_note,False,provenance_only,
M4-FUNG-0498,104,gene.legacy_support_annotation,True,provenance_only,S003
M4-FUNG-0498,105,gene.legacy_support_annotation,True,provenance_only,S004
M4-FUNG-0498,106,gene.legacy_support_annotation,True,provenance_only,S004
M4-FUNG-0498,145,claim.legacy_support_annotation,True,provenance_only,S003
M4-FUNG-0498,146,claim.legacy_support_annotation,True,provenance_only,S004
M4-FUNG-0499,7,schema_version,True,administrative_excluded,
M4-FUNG-0499,8,dossier_id,True,administrative_excluded,
M4-FUNG-0499,9,sheet_record_status,True,administrative_excluded,S001; S002; S003
M4-FUNG-0499,10,annotation_status,True,administrative_excluded,S001; S002; S003
M4-FUNG-0499,11,annotation_date,True,administrative_excluded,
M4-FUNG-0499,12,inference,False,administrative_excluded,
M4-FUNG-0499,13,last_reviewed_date,True,administrative_excluded,
M4-FUNG-0499,20,mibig_record_status,True,provenance_only,S001
M4-FUNG-0499,21,source_native_category_value,True,provenance_only,S001
M4-FUNG-0499,22,mibig_completeness,True,provenance_only,S001
M4-FUNG-0499,25,primary_reference_source_id,True,provenance_only,
M4-FUNG-0499,57,boundary_confidence,False,provenance_only,
M4-FUNG-0499,58,pathway_identity_confidence,False,provenance_only,
M4-FUNG-0499,89,candidate_bgc_credibility,True,provenance_only,S003
M4-FUNG-0499,90,coordinated_transcription_evidence,True,provenance_only,S003
M4-FUNG-0499,91,biochemical_execution_evidence,True,provenance_only,S003
M4-FUNG-0499,92,product_formation_evidence,True,provenance_only,S003
M4-FUNG-0499,94,bgc_product_attribution,True,provenance_only,S003
M4-FUNG-0499,95,gene_product_attribution,True,provenance_only,S003
M4-FUNG-0499,96,complete_pathway_reconstruction,True,provenance_only,S003
M4-FUNG-0499,98,major_database_problem,False,provenance_only,
M4-FUNG-0499,99,best_use_case_for_atlas,False,provenance_only,
M4-FUNG-0499,100,overall_note,False,provenance_only,
M4-FUNG-0499,104,gene.legacy_support_annotation,True,provenance_only,S003
M4-FUNG-0499,114,metabolite.legacy_attribution_annotation,True,provenance_only,S003
M4-FUNG-0499,115,metabolite.legacy_attribution_annotation,True,provenance_only,S003
M4-FUNG-0499,145,claim.legacy_support_annotation,True,provenance_only,S003
M4-FUNG-0499,146,claim.legacy_support_annotation,True,provenance_only,S003
M4-FUNG-0500,7,schema_version,True,administrative_excluded,
M4-FUNG-0500,8,dossier_id,True,administrative_excluded,
M4-FUNG-0500,9,sheet_record_status,True,administrative_excluded,S001; S002; S003
M4-FUNG-0500,10,annotation_status,True,administrative_excluded,S001; S002; S003
M4-FUNG-0500,11,annotation_date,True,administrative_excluded,
M4-FUNG-0500,12,inference,False,administrative_excluded,
M4-FUNG-0500,13,last_reviewed_date,True,administrative_excluded,
M4-FUNG-0500,20,mibig_record_status,True,provenance_only,S001
M4-FUNG-0500,21,source_native_category_value,True,provenance_only,S001
M4-FUNG-0500,22,mibig_completeness,True,provenance_only,S001
M4-FUNG-0500,25,primary_reference_source_id,True,provenance_only,
M4-FUNG-0500,57,boundary_confidence,False,provenance_only,
M4-FUNG-0500,58,pathway_identity_confidence,False,provenance_only,
M4-FUNG-0500,89,candidate_bgc_credibility,True,provenance_only,S003
M4-FUNG-0500,90,coordinated_transcription_evidence,True,provenance_only,S003
M4-FUNG-0500,91,biochemical_execution_evidence,True,provenance_only,S003
M4-FUNG-0500,92,product_formation_evidence,True,provenance_only,S003
M4-FUNG-0500,94,bgc_product_attribution,True,provenance_only,S003
M4-FUNG-0500,95,gene_product_attribution,True,provenance_only,S003
M4-FUNG-0500,96,complete_pathway_reconstruction,True,provenance_only,S003
M4-FUNG-0500,98,major_database_problem,False,provenance_only,
M4-FUNG-0500,99,best_use_case_for_atlas,False,provenance_only,
M4-FUNG-0500,100,overall_note,False,provenance_only,
M4-FUNG-0500,104,gene.legacy_support_annotation,True,provenance_only,S003
M4-FUNG-0500,105,gene.legacy_support_annotation,True,provenance_only,S003
M4-FUNG-0500,114,metabolite.legacy_attribution_annotation,True,provenance_only,S003
M4-FUNG-0500,115,metabolite.legacy_attribution_annotation,True,provenance_only,S003
M4-FUNG-0500,145,claim.legacy_support_annotation,True,provenance_only,S003
M4-FUNG-0500,146,claim.legacy_support_annotation,True,provenance_only,S003
M4-FUNG-0501,7,schema_version,True,administrative_excluded,
M4-FUNG-0501,8,dossier_id,True,administrative_excluded,
M4-FUNG-0501,9,sheet_record_status,True,administrative_excluded,S001; S002; S003; S004
M4-FUNG-0501,10,annotation_status,True,administrative_excluded,S001; S002; S003; S004
M4-FUNG-0501,11,annotation_date,True,administrative_excluded,
M4-FUNG-0501,12,inference,False,administrative_excluded,
M4-FUNG-0501,13,last_reviewed_date,True,administrative_excluded,
M4-FUNG-0501,20,mibig_record_status,True,provenance_only,S001
M4-FUNG-0501,21,source_native_category_value,True,provenance_only,S001
M4-FUNG-0501,22,mibig_completeness,True,provenance_only,S001
M4-FUNG-0501,25,primary_reference_source_id,True,provenance_only,Canonical record cites preprint; peer-reviewed version added separately.
M4-FUNG-0501,57,boundary_confidence,False,provenance_only,
M4-FUNG-0501,58,pathway_identity_confidence,False,provenance_only,
M4-FUNG-0501,89,candidate_bgc_credibility,True,provenance_only,S004
M4-FUNG-0501,90,coordinated_transcription_evidence,True,provenance_only,S004
M4-FUNG-0501,91,biochemical_execution_evidence,True,provenance_only,S004
M4-FUNG-0501,92,product_formation_evidence,True,provenance_only,S004
M4-FUNG-0501,94,bgc_product_attribution,True,provenance_only,S004
M4-FUNG-0501,95,gene_product_attribution,True,provenance_only,S004
M4-FUNG-0501,96,complete_pathway_reconstruction,True,provenance_only,S004
M4-FUNG-0501,98,major_database_problem,True,provenance_only,S001; S004
M4-FUNG-0501,99,best_use_case_for_atlas,True,provenance_only,S001; S004
M4-FUNG-0501,100,overall_note,True,provenance_only,S004
M4-FUNG-0501,104,gene.legacy_support_annotation,True,provenance_only,S004
M4-FUNG-0501,105,gene.legacy_support_annotation,True,provenance_only,S004
M4-FUNG-0501,114,metabolite.legacy_attribution_annotation,True,provenance_only,S004
M4-FUNG-0501,115,metabolite.legacy_attribution_annotation,True,provenance_only,S001
M4-FUNG-0501,145,claim.legacy_support_annotation,True,provenance_only,S004
M4-FUNG-0501,146,claim.legacy_support_annotation,True,provenance_only,S004
M4-FUNG-0501,147,claim.legacy_support_annotation,True,provenance_only,S004
M4-FUNG-0502,7,schema_version,True,administrative_excluded,
M4-FUNG-0502,8,dossier_id,True,administrative_excluded,
M4-FUNG-0502,9,sheet_record_status,True,administrative_excluded,S001; S002; S003
M4-FUNG-0502,10,annotation_status,True,administrative_excluded,S001; S002; S003
M4-FUNG-0502,11,annotation_date,True,administrative_excluded,
M4-FUNG-0502,12,inference,False,administrative_excluded,
M4-FUNG-0502,13,last_reviewed_date,True,administrative_excluded,
M4-FUNG-0502,20,mibig_record_status,True,provenance_only,S001
M4-FUNG-0502,21,source_native_category_value,True,provenance_only,S001
M4-FUNG-0502,22,mibig_completeness,True,provenance_only,S001
M4-FUNG-0502,25,primary_reference_source_id,True,provenance_only,
M4-FUNG-0502,57,boundary_confidence,True,provenance_only,S001; S003
M4-FUNG-0502,58,pathway_identity_confidence,True,provenance_only,S003
M4-FUNG-0502,89,candidate_bgc_credibility,True,provenance_only,S003
M4-FUNG-0502,90,coordinated_transcription_evidence,True,provenance_only,S003
M4-FUNG-0502,91,biochemical_execution_evidence,True,provenance_only,S003
M4-FUNG-0502,92,product_formation_evidence,True,provenance_only,S003
M4-FUNG-0502,94,bgc_product_attribution,True,provenance_only,S003
M4-FUNG-0502,95,gene_product_attribution,True,provenance_only,S003
M4-FUNG-0502,96,complete_pathway_reconstruction,True,provenance_only,S003
M4-FUNG-0502,98,major_database_problem,True,provenance_only,S001; S003
M4-FUNG-0502,99,best_use_case_for_atlas,True,provenance_only,S003
M4-FUNG-0502,100,overall_note,True,provenance_only,S003
M4-FUNG-0502,104,gene.legacy_support_annotation,True,provenance_only,S003
M4-FUNG-0502,114,metabolite.legacy_attribution_annotation,True,provenance_only,S003
M4-FUNG-0502,115,metabolite.legacy_attribution_annotation,True,provenance_only,S003
M4-FUNG-0502,116,metabolite.legacy_attribution_annotation,True,provenance_only,S003
M4-FUNG-0502,143,claim.legacy_support_annotation,True,provenance_only,S003
M4-FUNG-0502,144,claim.legacy_support_annotation,True,provenance_only,S003
M4-FUNG-0502,145,claim.legacy_support_annotation,True,provenance_only,S003
M4-FUNG-0502,154,relationship.legacy_support_annotation,True,provenance_only,S003
M4-FUNG-0502,155,relationship.legacy_support_annotation,True,provenance_only,S003
M4-FUNG-0503,7,schema_version,True,administrative_excluded,
M4-FUNG-0503,8,dossier_id,True,administrative_excluded,
M4-FUNG-0503,9,sheet_record_status,True,administrative_excluded,S001; S002; S003; S004
M4-FUNG-0503,10,annotation_status,True,administrative_excluded,S001; S002; S003; S004
M4-FUNG-0503,11,annotation_date,True,administrative_excluded,
M4-FUNG-0503,12,inference,False,administrative_excluded,
M4-FUNG-0503,13,last_reviewed_date,True,administrative_excluded,
M4-FUNG-0503,20,mibig_record_status,True,provenance_only,S001
M4-FUNG-0503,21,source_native_category_value,True,provenance_only,S001
M4-FUNG-0503,22,mibig_completeness,True,provenance_only,S001
M4-FUNG-0503,25,primary_reference_source_id,True,provenance_only,
M4-FUNG-0503,57,boundary_confidence,True,provenance_only,S001; S003
M4-FUNG-0503,58,pathway_identity_confidence,True,provenance_only,S003
M4-FUNG-0503,89,candidate_bgc_credibility,True,provenance_only,S003
M4-FUNG-0503,90,coordinated_transcription_evidence,True,provenance_only,S003
M4-FUNG-0503,91,biochemical_execution_evidence,True,provenance_only,S003
M4-FUNG-0503,92,product_formation_evidence,True,provenance_only,S003
M4-FUNG-0503,94,bgc_product_attribution,True,provenance_only,S003
M4-FUNG-0503,95,gene_product_attribution,True,provenance_only,S003
M4-FUNG-0503,96,complete_pathway_reconstruction,True,provenance_only,S003
M4-FUNG-0503,98,major_database_problem,True,provenance_only,S001; S003
M4-FUNG-0503,99,best_use_case_for_atlas,True,provenance_only,S003
M4-FUNG-0503,100,overall_note,True,provenance_only,S003; S004
M4-FUNG-0503,104,gene.legacy_support_annotation,True,provenance_only,S003
M4-FUNG-0503,105,gene.legacy_support_annotation,True,provenance_only,S003
M4-FUNG-0503,106,gene.legacy_support_annotation,True,provenance_only,S003
M4-FUNG-0503,107,gene.legacy_support_annotation,True,provenance_only,S003
M4-FUNG-0503,108,gene.legacy_support_annotation,True,provenance_only,S003
M4-FUNG-0503,109,gene.legacy_support_annotation,True,provenance_only,S003
M4-FUNG-0503,114,metabolite.legacy_attribution_annotation,True,provenance_only,S003
M4-FUNG-0503,115,metabolite.legacy_attribution_annotation,True,provenance_only,S003
M4-FUNG-0503,116,metabolite.legacy_attribution_annotation,True,provenance_only,S001; S003
M4-FUNG-0503,117,metabolite.legacy_attribution_annotation,True,provenance_only,S001; S003
M4-FUNG-0503,144,claim.legacy_support_annotation,True,provenance_only,S003
M4-FUNG-0503,145,claim.legacy_support_annotation,True,provenance_only,S003
M4-FUNG-0503,146,claim.legacy_support_annotation,True,provenance_only,S003
M4-FUNG-0503,147,claim.legacy_support_annotation,True,provenance_only,S003
M4-FUNG-0503,155,relationship.legacy_support_annotation,True,provenance_only,S003
M4-FUNG-0503,156,relationship.legacy_support_annotation,True,provenance_only,S003
M4-FUNG-0503,157,relationship.legacy_support_annotation,True,provenance_only,S003
M4-FUNG-0504,7,schema_version,True,administrative_excluded,
M4-FUNG-0504,8,dossier_id,True,administrative_excluded,
M4-FUNG-0504,9,sheet_record_status,True,administrative_excluded,S001; S002; S003
M4-FUNG-0504,10,annotation_status,True,administrative_excluded,S001; S002; S003
M4-FUNG-0504,11,annotation_date,True,administrative_excluded,
M4-FUNG-0504,12,inference,False,administrative_excluded,
M4-FUNG-0504,13,last_reviewed_date,True,administrative_excluded,
M4-FUNG-0504,20,mibig_record_status,True,provenance_only,S001
M4-FUNG-0504,21,source_native_category_value,True,provenance_only,S001
M4-FUNG-0504,22,mibig_completeness,True,provenance_only,S001
M4-FUNG-0504,25,primary_reference_source_id,True,provenance_only,
M4-FUNG-0504,57,boundary_confidence,True,provenance_only,S001; S003
M4-FUNG-0504,58,pathway_identity_confidence,True,provenance_only,S003
M4-FUNG-0504,89,candidate_bgc_credibility,True,provenance_only,S003
M4-FUNG-0504,90,coordinated_transcription_evidence,True,provenance_only,S003
M4-FUNG-0504,91,biochemical_execution_evidence,True,provenance_only,S003
M4-FUNG-0504,92,product_formation_evidence,True,provenance_only,S003
M4-FUNG-0504,94,bgc_product_attribution,True,provenance_only,S003
M4-FUNG-0504,95,gene_product_attribution,True,provenance_only,S003
M4-FUNG-0504,96,complete_pathway_reconstruction,True,provenance_only,S003
M4-FUNG-0504,98,major_database_problem,True,provenance_only,S001; S003
M4-FUNG-0504,99,best_use_case_for_atlas,True,provenance_only,S003
M4-FUNG-0504,100,overall_note,True,provenance_only,S001; S003
M4-FUNG-0504,104,gene.legacy_support_annotation,True,provenance_only,S003
M4-FUNG-0504,105,gene.legacy_support_annotation,True,provenance_only,S003
M4-FUNG-0504,114,metabolite.legacy_attribution_annotation,True,provenance_only,S003
M4-FUNG-0504,144,claim.legacy_support_annotation,True,provenance_only,S003
M4-FUNG-0504,145,claim.legacy_support_annotation,True,provenance_only,S003
M4-FUNG-0504,146,claim.legacy_support_annotation,True,provenance_only,S003
M4-FUNG-0504,155,relationship.legacy_support_annotation,True,provenance_only,S003
M4-FUNG-0504,156,relationship.legacy_support_annotation,True,provenance_only,S003
M4-FUNG-0505,7,schema_version,True,administrative_excluded,
M4-FUNG-0505,8,dossier_id,True,administrative_excluded,
M4-FUNG-0505,9,sheet_record_status,True,administrative_excluded,S001; S002; S003
M4-FUNG-0505,10,annotation_status,True,administrative_excluded,S001; S002; S003
M4-FUNG-0505,11,annotation_date,True,administrative_excluded,
M4-FUNG-0505,12,inference,False,administrative_excluded,
M4-FUNG-0505,13,last_reviewed_date,True,administrative_excluded,
M4-FUNG-0505,20,mibig_record_status,True,provenance_only,S001
M4-FUNG-0505,21,source_native_category_value,True,provenance_only,S001
M4-FUNG-0505,22,mibig_completeness,True,provenance_only,S001
M4-FUNG-0505,25,primary_reference_source_id,True,provenance_only,
M4-FUNG-0505,57,boundary_confidence,True,provenance_only,S001; S003
M4-FUNG-0505,58,pathway_identity_confidence,True,provenance_only,S003
M4-FUNG-0505,89,candidate_bgc_credibility,True,provenance_only,S003
M4-FUNG-0505,90,coordinated_transcription_evidence,True,provenance_only,S003
M4-FUNG-0505,91,biochemical_execution_evidence,True,provenance_only,S003
M4-FUNG-0505,92,product_formation_evidence,True,provenance_only,S003
M4-FUNG-0505,94,bgc_product_attribution,True,provenance_only,S003
M4-FUNG-0505,95,gene_product_attribution,True,provenance_only,S003
M4-FUNG-0505,96,complete_pathway_reconstruction,True,provenance_only,S003
M4-FUNG-0505,98,major_database_problem,True,provenance_only,S001; S003
M4-FUNG-0505,99,best_use_case_for_atlas,True,provenance_only,S003
M4-FUNG-0505,100,overall_note,True,provenance_only,S003
M4-FUNG-0505,104,gene.legacy_support_annotation,True,provenance_only,S003
M4-FUNG-0505,105,gene.legacy_support_annotation,True,provenance_only,S003
M4-FUNG-0505,106,gene.legacy_support_annotation,True,provenance_only,S003
M4-FUNG-0505,107,gene.legacy_support_annotation,True,provenance_only,S003
M4-FUNG-0505,114,metabolite.legacy_attribution_annotation,True,provenance_only,S001; S003
M4-FUNG-0505,115,metabolite.legacy_attribution_annotation,True,provenance_only,S003
M4-FUNG-0505,116,metabolite.legacy_attribution_annotation,True,provenance_only,S003
M4-FUNG-0505,117,metabolite.legacy_attribution_annotation,True,provenance_only,S003
M4-FUNG-0505,144,claim.legacy_support_annotation,True,provenance_only,S003
M4-FUNG-0505,145,claim.legacy_support_annotation,True,provenance_only,S003
M4-FUNG-0505,146,claim.legacy_support_annotation,True,provenance_only,S003
M4-FUNG-0505,155,relationship.legacy_support_annotation,True,provenance_only,S003
M4-FUNG-0505,156,relationship.legacy_support_annotation,True,provenance_only,S003
M4-FUNG-0505,157,relationship.legacy_support_annotation,True,provenance_only,S003
M4-FUNG-0506,7,schema_version,True,administrative_excluded,
M4-FUNG-0506,8,dossier_id,True,administrative_excluded,
M4-FUNG-0506,9,sheet_record_status,True,administrative_excluded,S001; S002; S003
M4-FUNG-0506,10,annotation_status,True,administrative_excluded,S001; S002; S003
M4-FUNG-0506,11,annotation_date,True,administrative_excluded,
M4-FUNG-0506,12,inference,False,administrative_excluded,
M4-FUNG-0506,13,last_reviewed_date,True,administrative_excluded,
M4-FUNG-0506,20,mibig_record_status,True,provenance_only,S001
M4-FUNG-0506,21,source_native_category_value,True,provenance_only,S001
M4-FUNG-0506,22,mibig_completeness,True,provenance_only,S001
M4-FUNG-0506,25,primary_reference_source_id,True,provenance_only,
M4-FUNG-0506,57,boundary_confidence,True,provenance_only,S001; S003
M4-FUNG-0506,58,pathway_identity_confidence,True,provenance_only,S003
M4-FUNG-0506,89,candidate_bgc_credibility,True,provenance_only,S001; S003
M4-FUNG-0506,90,coordinated_transcription_evidence,True,provenance_only,S003
M4-FUNG-0506,91,biochemical_execution_evidence,True,provenance_only,S003
M4-FUNG-0506,92,product_formation_evidence,True,provenance_only,S003
M4-FUNG-0506,94,bgc_product_attribution,True,provenance_only,S001; S003
M4-FUNG-0506,95,gene_product_attribution,True,provenance_only,S001; S003
M4-FUNG-0506,96,complete_pathway_reconstruction,True,provenance_only,S003
M4-FUNG-0506,98,major_database_problem,True,provenance_only,S001
M4-FUNG-0506,99,best_use_case_for_atlas,True,provenance_only,S003
M4-FUNG-0506,100,overall_note,True,provenance_only,S001; S003
M4-FUNG-0506,104,gene.legacy_support_annotation,True,provenance_only,S001; S003
M4-FUNG-0506,105,gene.legacy_support_annotation,True,provenance_only,S001; S003
M4-FUNG-0506,114,metabolite.legacy_attribution_annotation,True,provenance_only,S003
M4-FUNG-0506,115,metabolite.legacy_attribution_annotation,True,provenance_only,S003
M4-FUNG-0506,144,claim.legacy_support_annotation,True,provenance_only,S003
M4-FUNG-0506,145,claim.legacy_support_annotation,True,provenance_only,S003
M4-FUNG-0506,146,claim.legacy_support_annotation,True,provenance_only,S001; S003
M4-FUNG-0506,155,relationship.legacy_support_annotation,True,provenance_only,S003
M4-FUNG-0506,156,relationship.legacy_support_annotation,True,provenance_only,S003
M4-FUNG-0507,7,schema_version,True,administrative_excluded,
M4-FUNG-0507,8,dossier_id,True,administrative_excluded,
M4-FUNG-0507,9,sheet_record_status,True,administrative_excluded,S001; S002; S003; S004
M4-FUNG-0507,10,annotation_status,True,administrative_excluded,S001; S002; S003; S004
M4-FUNG-0507,11,annotation_date,True,administrative_excluded,
M4-FUNG-0507,12,inference,False,administrative_excluded,
M4-FUNG-0507,13,last_reviewed_date,True,administrative_excluded,
M4-FUNG-0507,20,mibig_record_status,True,provenance_only,S001
M4-FUNG-0507,21,source_native_category_value,True,provenance_only,S001
M4-FUNG-0507,22,mibig_completeness,True,provenance_only,S001
M4-FUNG-0507,25,primary_reference_source_id,True,provenance_only,
M4-FUNG-0507,57,boundary_confidence,True,provenance_only,S001; S003
M4-FUNG-0507,58,pathway_identity_confidence,True,provenance_only,S003; S004
M4-FUNG-0507,89,candidate_bgc_credibility,True,provenance_only,S001; S003; S004
M4-FUNG-0507,90,coordinated_transcription_evidence,True,provenance_only,S003
M4-FUNG-0507,91,biochemical_execution_evidence,True,provenance_only,S003; S004
M4-FUNG-0507,92,product_formation_evidence,True,provenance_only,S003
M4-FUNG-0507,94,bgc_product_attribution,True,provenance_only,S001; S003; S004
M4-FUNG-0507,95,gene_product_attribution,True,provenance_only,S003; S004
M4-FUNG-0507,96,complete_pathway_reconstruction,True,provenance_only,S003
M4-FUNG-0507,98,major_database_problem,True,provenance_only,S001
M4-FUNG-0507,99,best_use_case_for_atlas,True,provenance_only,S003; S004
M4-FUNG-0507,100,overall_note,True,provenance_only,S003; S004
M4-FUNG-0507,104,gene.legacy_support_annotation,True,provenance_only,S001; S003; S004
M4-FUNG-0507,114,metabolite.legacy_attribution_annotation,True,provenance_only,S003
M4-FUNG-0507,115,metabolite.legacy_attribution_annotation,True,provenance_only,S003
M4-FUNG-0507,144,claim.legacy_support_annotation,True,provenance_only,S003; S004
M4-FUNG-0507,145,claim.legacy_support_annotation,True,provenance_only,S003
M4-FUNG-0507,146,claim.legacy_support_annotation,True,provenance_only,S003; S004
M4-FUNG-0507,155,relationship.legacy_support_annotation,True,provenance_only,S003; S004
M4-FUNG-0507,156,relationship.legacy_support_annotation,True,provenance_only,S003
M4-FUNG-0507,157,relationship.legacy_support_annotation,True,provenance_only,S004
M4-FUNG-0508,7,schema_version,True,administrative_excluded,
M4-FUNG-0508,8,dossier_id,True,administrative_excluded,
M4-FUNG-0508,9,sheet_record_status,True,administrative_excluded,S001; S002; S003; S004; S005
M4-FUNG-0508,10,annotation_status,True,administrative_excluded,S001; S002; S003; S004; S005
M4-FUNG-0508,11,annotation_date,True,administrative_excluded,
M4-FUNG-0508,12,inference,False,administrative_excluded,
M4-FUNG-0508,13,last_reviewed_date,True,administrative_excluded,
M4-FUNG-0508,20,mibig_record_status,True,provenance_only,S001
M4-FUNG-0508,21,source_native_category_value,True,provenance_only,S001
M4-FUNG-0508,22,mibig_completeness,True,provenance_only,S001
M4-FUNG-0508,25,primary_reference_source_id,True,provenance_only,
M4-FUNG-0508,57,boundary_confidence,True,provenance_only,S003; S004; S005
M4-FUNG-0508,58,pathway_identity_confidence,True,provenance_only,S003; S004; S005
M4-FUNG-0508,89,candidate_bgc_credibility,True,provenance_only,S003; S004; S005
M4-FUNG-0508,90,coordinated_transcription_evidence,True,provenance_only,S003; S004
M4-FUNG-0508,91,biochemical_execution_evidence,True,provenance_only,S003; S005
M4-FUNG-0508,92,product_formation_evidence,True,provenance_only,S003; S004
M4-FUNG-0508,94,bgc_product_attribution,True,provenance_only,S003; S004; S005
M4-FUNG-0508,95,gene_product_attribution,True,provenance_only,S003; S004; S005
M4-FUNG-0508,96,complete_pathway_reconstruction,True,provenance_only,S003; S005
M4-FUNG-0508,98,major_database_problem,True,provenance_only,S001; S003; S005
M4-FUNG-0508,99,best_use_case_for_atlas,True,provenance_only,S003; S004; S005
M4-FUNG-0508,100,overall_note,True,provenance_only,S003; S005
M4-FUNG-0508,104,gene.legacy_support_annotation,True,provenance_only,S003; S005
M4-FUNG-0508,105,gene.legacy_support_annotation,True,provenance_only,S003; S004
M4-FUNG-0508,106,gene.legacy_support_annotation,True,provenance_only,S005
M4-FUNG-0508,107,gene.legacy_support_annotation,True,provenance_only,S003; S005
M4-FUNG-0508,108,gene.legacy_support_annotation,True,provenance_only,S003; S005
M4-FUNG-0508,109,gene.legacy_support_annotation,True,provenance_only,S005
M4-FUNG-0508,114,metabolite.legacy_attribution_annotation,True,provenance_only,S001; S003
M4-FUNG-0508,115,metabolite.legacy_attribution_annotation,True,provenance_only,S005
M4-FUNG-0508,116,metabolite.legacy_attribution_annotation,True,provenance_only,S003; S005
M4-FUNG-0508,144,claim.legacy_support_annotation,True,provenance_only,S003; S004; S005
M4-FUNG-0508,145,claim.legacy_support_annotation,True,provenance_only,S005
M4-FUNG-0508,146,claim.legacy_support_annotation,True,provenance_only,S005
M4-FUNG-0508,155,relationship.legacy_support_annotation,True,provenance_only,S005
M4-FUNG-0508,156,relationship.legacy_support_annotation,True,provenance_only,S003; S004
M4-FUNG-0508,157,relationship.legacy_support_annotation,True,provenance_only,S005
M4-FUNG-0509,7,schema_version,True,administrative_excluded,
M4-FUNG-0509,8,dossier_id,True,administrative_excluded,
M4-FUNG-0509,9,sheet_record_status,True,administrative_excluded,S001; S002; S003; S004
M4-FUNG-0509,10,annotation_status,True,administrative_excluded,S001; S002; S003; S004
M4-FUNG-0509,11,annotation_date,True,administrative_excluded,
M4-FUNG-0509,12,inference,False,administrative_excluded,
M4-FUNG-0509,13,last_reviewed_date,True,administrative_excluded,
M4-FUNG-0509,20,mibig_record_status,True,provenance_only,S001
M4-FUNG-0509,21,source_native_category_value,True,provenance_only,S001
M4-FUNG-0509,22,mibig_completeness,True,provenance_only,S001
M4-FUNG-0509,25,primary_reference_source_id,True,provenance_only,
M4-FUNG-0509,57,boundary_confidence,True,provenance_only,S001; S003
M4-FUNG-0509,58,pathway_identity_confidence,True,provenance_only,S003
M4-FUNG-0509,89,candidate_bgc_credibility,True,provenance_only,S003
M4-FUNG-0509,90,coordinated_transcription_evidence,True,provenance_only,S003
M4-FUNG-0509,91,biochemical_execution_evidence,True,provenance_only,S003
M4-FUNG-0509,92,product_formation_evidence,True,provenance_only,S003
M4-FUNG-0509,94,bgc_product_attribution,True,provenance_only,S003
M4-FUNG-0509,95,gene_product_attribution,True,provenance_only,S003
M4-FUNG-0509,96,complete_pathway_reconstruction,True,provenance_only,S003
M4-FUNG-0509,98,major_database_problem,True,provenance_only,S001; S003
M4-FUNG-0509,99,best_use_case_for_atlas,True,provenance_only,S003
M4-FUNG-0509,100,overall_note,True,provenance_only,S003
M4-FUNG-0509,104,gene.legacy_support_annotation,True,provenance_only,S003
M4-FUNG-0509,105,gene.legacy_support_annotation,True,provenance_only,S003
M4-FUNG-0509,106,gene.legacy_support_annotation,True,provenance_only,S003
M4-FUNG-0509,114,metabolite.legacy_attribution_annotation,True,provenance_only,S003
M4-FUNG-0509,115,metabolite.legacy_attribution_annotation,True,provenance_only,S003
M4-FUNG-0509,116,metabolite.legacy_attribution_annotation,True,provenance_only,S003
M4-FUNG-0509,144,claim.legacy_support_annotation,True,provenance_only,S003
M4-FUNG-0509,145,claim.legacy_support_annotation,True,provenance_only,S003
M4-FUNG-0509,146,claim.legacy_support_annotation,True,provenance_only,S003
M4-FUNG-0509,155,relationship.legacy_support_annotation,True,provenance_only,S003
M4-FUNG-0509,156,relationship.legacy_support_annotation,True,provenance_only,S003
M4-FUNG-0509,157,relationship.legacy_support_annotation,True,provenance_only,S003
M4-FUNG-0510,7,schema_version,True,administrative_excluded,
M4-FUNG-0510,8,dossier_id,True,administrative_excluded,
M4-FUNG-0510,9,sheet_record_status,True,administrative_excluded,S001; S002; S003; S004
M4-FUNG-0510,10,annotation_status,True,administrative_excluded,S001; S002; S003; S004
M4-FUNG-0510,11,annotation_date,True,administrative_excluded,
M4-FUNG-0510,12,inference,False,administrative_excluded,
M4-FUNG-0510,13,last_reviewed_date,True,administrative_excluded,
M4-FUNG-0510,20,mibig_record_status,True,provenance_only,S001
M4-FUNG-0510,21,source_native_category_value,True,provenance_only,S001
M4-FUNG-0510,22,mibig_completeness,True,provenance_only,S001
M4-FUNG-0510,25,primary_reference_source_id,True,provenance_only,
M4-FUNG-0510,57,boundary_confidence,True,provenance_only,S001; S003
M4-FUNG-0510,58,pathway_identity_confidence,True,provenance_only,S003
M4-FUNG-0510,89,candidate_bgc_credibility,True,provenance_only,S003
M4-FUNG-0510,90,coordinated_transcription_evidence,True,provenance_only,S003
M4-FUNG-0510,91,biochemical_execution_evidence,True,provenance_only,S003
M4-FUNG-0510,92,product_formation_evidence,True,provenance_only,S003
M4-FUNG-0510,94,bgc_product_attribution,True,provenance_only,S003
M4-FUNG-0510,95,gene_product_attribution,True,provenance_only,S003
M4-FUNG-0510,96,complete_pathway_reconstruction,True,provenance_only,S003
M4-FUNG-0510,98,major_database_problem,True,provenance_only,S001; S003; S004
M4-FUNG-0510,99,best_use_case_for_atlas,True,provenance_only,S003
M4-FUNG-0510,100,overall_note,True,provenance_only,S001; S003; S004
M4-FUNG-0510,104,gene.legacy_support_annotation,True,provenance_only,S003
M4-FUNG-0510,105,gene.legacy_support_annotation,True,provenance_only,S003
M4-FUNG-0510,114,metabolite.legacy_attribution_annotation,True,provenance_only,S001; S003
M4-FUNG-0510,115,metabolite.legacy_attribution_annotation,True,provenance_only,S001; S003
M4-FUNG-0510,144,claim.legacy_support_annotation,True,provenance_only,S003
M4-FUNG-0510,145,claim.legacy_support_annotation,True,provenance_only,S003
M4-FUNG-0510,146,claim.legacy_support_annotation,True,provenance_only,S003
M4-FUNG-0510,155,relationship.legacy_support_annotation,True,provenance_only,S003
M4-FUNG-0510,156,relationship.legacy_support_annotation,True,provenance_only,S003
M4-FUNG-0511,7,schema_version,True,administrative_excluded,
M4-FUNG-0511,8,dossier_id,True,administrative_excluded,
M4-FUNG-0511,9,sheet_record_status,True,administrative_excluded,S001; S002; S003
M4-FUNG-0511,10,annotation_status,True,administrative_excluded,S001; S002; S003
M4-FUNG-0511,11,annotation_date,True,administrative_excluded,
M4-FUNG-0511,12,inference,False,administrative_excluded,
M4-FUNG-0511,13,last_reviewed_date,True,administrative_excluded,
M4-FUNG-0511,20,mibig_record_status,True,provenance_only,S001
M4-FUNG-0511,21,source_native_category_value,True,provenance_only,S001
M4-FUNG-0511,22,mibig_completeness,True,provenance_only,S001
M4-FUNG-0511,25,primary_reference_source_id,True,provenance_only,
M4-FUNG-0511,57,boundary_confidence,True,provenance_only,S001; S003
M4-FUNG-0511,58,pathway_identity_confidence,True,provenance_only,S003
M4-FUNG-0511,89,candidate_bgc_credibility,True,provenance_only,S003
M4-FUNG-0511,90,coordinated_transcription_evidence,True,provenance_only,S003
M4-FUNG-0511,91,biochemical_execution_evidence,True,provenance_only,S003
M4-FUNG-0511,92,product_formation_evidence,True,provenance_only,S003
M4-FUNG-0511,94,bgc_product_attribution,True,provenance_only,S003
M4-FUNG-0511,95,gene_product_attribution,True,provenance_only,S003
M4-FUNG-0511,96,complete_pathway_reconstruction,True,provenance_only,S003
M4-FUNG-0511,98,major_database_problem,True,provenance_only,S001; S003
M4-FUNG-0511,99,best_use_case_for_atlas,True,provenance_only,S003
M4-FUNG-0511,100,overall_note,True,provenance_only,S003
M4-FUNG-0511,104,gene.legacy_support_annotation,True,provenance_only,S003
M4-FUNG-0511,105,gene.legacy_support_annotation,True,provenance_only,S003
M4-FUNG-0511,106,gene.legacy_support_annotation,True,provenance_only,S003
M4-FUNG-0511,107,gene.legacy_support_annotation,True,provenance_only,S003
M4-FUNG-0511,108,gene.legacy_support_annotation,True,provenance_only,S003
M4-FUNG-0511,115,metabolite.legacy_attribution_annotation,True,provenance_only,S003
M4-FUNG-0511,116,metabolite.legacy_attribution_annotation,True,provenance_only,S003
M4-FUNG-0511,147,claim.legacy_support_annotation,True,provenance_only,S003
M4-FUNG-0511,148,claim.legacy_support_annotation,True,provenance_only,S003
M4-FUNG-0511,159,relationship.legacy_support_annotation,True,provenance_only,S003
M4-FUNG-0512,7,schema_version,True,administrative_excluded,
M4-FUNG-0512,8,dossier_id,True,administrative_excluded,
M4-FUNG-0512,9,sheet_record_status,True,administrative_excluded,S001; S002; S003
M4-FUNG-0512,10,annotation_status,True,administrative_excluded,S001; S002; S003
M4-FUNG-0512,11,annotation_date,True,administrative_excluded,
M4-FUNG-0512,12,inference,False,administrative_excluded,
M4-FUNG-0512,13,last_reviewed_date,True,administrative_excluded,
M4-FUNG-0512,20,mibig_record_status,True,provenance_only,S001
M4-FUNG-0512,21,source_native_category_value,True,provenance_only,S001
M4-FUNG-0512,22,mibig_completeness,True,provenance_only,S001
M4-FUNG-0512,25,primary_reference_source_id,True,provenance_only,S003
M4-FUNG-0512,57,boundary_confidence,True,provenance_only,S001; S003
M4-FUNG-0512,58,pathway_identity_confidence,True,provenance_only,S003
M4-FUNG-0512,89,candidate_bgc_credibility,True,provenance_only,S003
M4-FUNG-0512,90,coordinated_transcription_evidence,True,provenance_only,S003
M4-FUNG-0512,91,biochemical_execution_evidence,True,provenance_only,S003
M4-FUNG-0512,92,product_formation_evidence,True,provenance_only,S003
M4-FUNG-0512,94,bgc_product_attribution,True,provenance_only,S003
M4-FUNG-0512,95,gene_product_attribution,True,provenance_only,S003
M4-FUNG-0512,96,complete_pathway_reconstruction,True,provenance_only,S003
M4-FUNG-0512,98,major_database_problem,True,provenance_only,S001; S003
M4-FUNG-0512,99,best_use_case_for_atlas,True,provenance_only,S003
M4-FUNG-0512,100,overall_note,True,provenance_only,S003
M4-FUNG-0512,104,gene.legacy_support_annotation,True,provenance_only,S003
M4-FUNG-0512,105,gene.legacy_support_annotation,True,provenance_only,S003
M4-FUNG-0512,106,gene.legacy_support_annotation,True,provenance_only,S003
M4-FUNG-0512,107,gene.legacy_support_annotation,True,provenance_only,S003
M4-FUNG-0512,108,gene.legacy_support_annotation,True,provenance_only,S003
M4-FUNG-0512,109,gene.legacy_support_annotation,True,provenance_only,S003
M4-FUNG-0512,110,gene.legacy_support_annotation,True,provenance_only,S003
M4-FUNG-0512,114,metabolite.legacy_attribution_annotation,True,provenance_only,S001; S003
M4-FUNG-0512,115,metabolite.legacy_attribution_annotation,True,provenance_only,S001; S003
M4-FUNG-0512,116,metabolite.legacy_attribution_annotation,True,provenance_only,S001; S003
M4-FUNG-0512,117,metabolite.legacy_attribution_annotation,True,provenance_only,S001; S003
M4-FUNG-0512,143,claim.legacy_support_annotation,True,provenance_only,S003
M4-FUNG-0512,144,claim.legacy_support_annotation,True,provenance_only,S003
M4-FUNG-0512,145,claim.legacy_support_annotation,True,provenance_only,S003
M4-FUNG-0512,146,claim.legacy_support_annotation,True,provenance_only,S003
M4-FUNG-0512,154,relationship.legacy_support_annotation,True,provenance_only,S003
M4-FUNG-0512,155,relationship.legacy_support_annotation,True,provenance_only,S003
M4-FUNG-0512,156,relationship.legacy_support_annotation,True,provenance_only,S003
M4-FUNG-0512,157,relationship.legacy_support_annotation,True,provenance_only,S003
M4-FUNG-0512,158,relationship.legacy_support_annotation,True,provenance_only,S003
M4-FUNG-0513,7,schema_version,True,administrative_excluded,
M4-FUNG-0513,8,dossier_id,True,administrative_excluded,
M4-FUNG-0513,9,sheet_record_status,True,administrative_excluded,S001; S002; S003
M4-FUNG-0513,10,annotation_status,True,administrative_excluded,S001; S002; S003
M4-FUNG-0513,11,annotation_date,True,administrative_excluded,
M4-FUNG-0513,12,inference,False,administrative_excluded,
M4-FUNG-0513,13,last_reviewed_date,True,administrative_excluded,
M4-FUNG-0513,20,mibig_record_status,True,provenance_only,S001
M4-FUNG-0513,21,source_native_category_value,True,provenance_only,S001
M4-FUNG-0513,22,mibig_completeness,True,provenance_only,S001
M4-FUNG-0513,25,primary_reference_source_id,True,provenance_only,S003
M4-FUNG-0513,57,boundary_confidence,True,provenance_only,S001; S003
M4-FUNG-0513,58,pathway_identity_confidence,True,provenance_only,S003
M4-FUNG-0513,89,candidate_bgc_credibility,True,provenance_only,S003
M4-FUNG-0513,90,coordinated_transcription_evidence,True,provenance_only,S003
M4-FUNG-0513,91,biochemical_execution_evidence,True,provenance_only,S003
M4-FUNG-0513,92,product_formation_evidence,True,provenance_only,S003
M4-FUNG-0513,94,bgc_product_attribution,True,provenance_only,S003
M4-FUNG-0513,95,gene_product_attribution,True,provenance_only,S003
M4-FUNG-0513,96,complete_pathway_reconstruction,True,provenance_only,S003
M4-FUNG-0513,98,major_database_problem,True,provenance_only,S001
M4-FUNG-0513,99,best_use_case_for_atlas,True,provenance_only,S003
M4-FUNG-0513,100,overall_note,True,provenance_only,S003
M4-FUNG-0513,104,gene.legacy_support_annotation,True,provenance_only,S003
M4-FUNG-0513,105,gene.legacy_support_annotation,True,provenance_only,S003
M4-FUNG-0513,106,gene.legacy_support_annotation,True,provenance_only,S003
M4-FUNG-0513,107,gene.legacy_support_annotation,True,provenance_only,S003
M4-FUNG-0513,108,gene.legacy_support_annotation,True,provenance_only,S003
M4-FUNG-0513,109,gene.legacy_support_annotation,True,provenance_only,S003
M4-FUNG-0513,110,gene.legacy_support_annotation,True,provenance_only,S003
M4-FUNG-0513,114,metabolite.legacy_attribution_annotation,True,provenance_only,S003
M4-FUNG-0513,115,metabolite.legacy_attribution_annotation,True,provenance_only,S003
M4-FUNG-0513,116,metabolite.legacy_attribution_annotation,True,provenance_only,S003
M4-FUNG-0513,143,claim.legacy_support_annotation,True,provenance_only,S003
M4-FUNG-0513,144,claim.legacy_support_annotation,True,provenance_only,S003
M4-FUNG-0513,145,claim.legacy_support_annotation,True,provenance_only,S003
M4-FUNG-0513,146,claim.legacy_support_annotation,True,provenance_only,S003
M4-FUNG-0513,154,relationship.legacy_support_annotation,True,provenance_only,S003
M4-FUNG-0513,155,relationship.legacy_support_annotation,True,provenance_only,S003
M4-FUNG-0513,156,relationship.legacy_support_annotation,True,provenance_only,S003
M4-FUNG-0513,157,relationship.legacy_support_annotation,True,provenance_only,S003
M4-FUNG-0514,7,schema_version,True,administrative_excluded,
M4-FUNG-0514,8,dossier_id,True,administrative_excluded,
M4-FUNG-0514,9,sheet_record_status,True,administrative_excluded,S001; S002; S003
M4-FUNG-0514,10,annotation_status,True,administrative_excluded,S001; S002; S003
M4-FUNG-0514,11,annotation_date,True,administrative_excluded,
M4-FUNG-0514,12,inference,False,administrative_excluded,
M4-FUNG-0514,13,last_reviewed_date,True,administrative_excluded,
M4-FUNG-0514,20,mibig_record_status,True,provenance_only,S001
M4-FUNG-0514,21,source_native_category_value,True,provenance_only,S001
M4-FUNG-0514,22,mibig_completeness,True,provenance_only,S001
M4-FUNG-0514,25,primary_reference_source_id,True,provenance_only,S003
M4-FUNG-0514,57,boundary_confidence,True,provenance_only,S001; S003
M4-FUNG-0514,58,pathway_identity_confidence,True,provenance_only,S003
M4-FUNG-0514,89,candidate_bgc_credibility,True,provenance_only,S003
M4-FUNG-0514,90,coordinated_transcription_evidence,True,provenance_only,S003
M4-FUNG-0514,91,biochemical_execution_evidence,True,provenance_only,S003
M4-FUNG-0514,92,product_formation_evidence,True,provenance_only,S003
M4-FUNG-0514,94,bgc_product_attribution,True,provenance_only,S003
M4-FUNG-0514,95,gene_product_attribution,True,provenance_only,S003
M4-FUNG-0514,96,complete_pathway_reconstruction,True,provenance_only,S003
M4-FUNG-0514,98,major_database_problem,True,provenance_only,S001; S003
M4-FUNG-0514,99,best_use_case_for_atlas,True,provenance_only,S003
M4-FUNG-0514,100,overall_note,True,provenance_only,S003
M4-FUNG-0514,104,gene.legacy_support_annotation,True,provenance_only,S003
M4-FUNG-0514,105,gene.legacy_support_annotation,True,provenance_only,S003
M4-FUNG-0514,106,gene.legacy_support_annotation,True,provenance_only,S003
M4-FUNG-0514,107,gene.legacy_support_annotation,True,provenance_only,S003
M4-FUNG-0514,114,metabolite.legacy_attribution_annotation,True,provenance_only,S003
M4-FUNG-0514,115,metabolite.legacy_attribution_annotation,True,provenance_only,S003
M4-FUNG-0514,116,metabolite.legacy_attribution_annotation,True,provenance_only,S003
M4-FUNG-0514,117,metabolite.legacy_attribution_annotation,True,provenance_only,S001; S003
M4-FUNG-0514,143,claim.legacy_support_annotation,True,provenance_only,S003
M4-FUNG-0514,144,claim.legacy_support_annotation,True,provenance_only,S003
M4-FUNG-0514,145,claim.legacy_support_annotation,True,provenance_only,S003
M4-FUNG-0514,146,claim.legacy_support_annotation,True,provenance_only,S003
M4-FUNG-0514,154,relationship.legacy_support_annotation,True,provenance_only,S003
M4-FUNG-0514,155,relationship.legacy_support_annotation,True,provenance_only,S003
M4-FUNG-0514,156,relationship.legacy_support_annotation,True,provenance_only,S003
M4-FUNG-0515,7,schema_version,True,administrative_excluded,
M4-FUNG-0515,8,dossier_id,True,administrative_excluded,
M4-FUNG-0515,9,sheet_record_status,True,administrative_excluded,S001; S002; S003
M4-FUNG-0515,10,annotation_status,True,administrative_excluded,S001; S002; S003
M4-FUNG-0515,11,annotation_date,True,administrative_excluded,
M4-FUNG-0515,12,inference,False,administrative_excluded,
M4-FUNG-0515,13,last_reviewed_date,True,administrative_excluded,
M4-FUNG-0515,20,mibig_record_status,True,provenance_only,S001
M4-FUNG-0515,21,source_native_category_value,True,provenance_only,S001
M4-FUNG-0515,22,mibig_completeness,True,provenance_only,S001
M4-FUNG-0515,25,primary_reference_source_id,True,provenance_only,S003
M4-FUNG-0515,57,boundary_confidence,True,provenance_only,S001; S003
M4-FUNG-0515,58,pathway_identity_confidence,True,provenance_only,S003
M4-FUNG-0515,89,candidate_bgc_credibility,True,provenance_only,S003
M4-FUNG-0515,90,coordinated_transcription_evidence,True,provenance_only,S003
M4-FUNG-0515,91,biochemical_execution_evidence,True,provenance_only,S003
M4-FUNG-0515,92,product_formation_evidence,True,provenance_only,S003
M4-FUNG-0515,94,bgc_product_attribution,True,provenance_only,S003
M4-FUNG-0515,95,gene_product_attribution,True,provenance_only,S003
M4-FUNG-0515,96,complete_pathway_reconstruction,True,provenance_only,S003
M4-FUNG-0515,98,major_database_problem,True,provenance_only,S001; S003
M4-FUNG-0515,99,best_use_case_for_atlas,True,provenance_only,S003
M4-FUNG-0515,100,overall_note,True,provenance_only,S003
M4-FUNG-0515,104,gene.legacy_support_annotation,True,provenance_only,S003
M4-FUNG-0515,105,gene.legacy_support_annotation,True,provenance_only,S003
M4-FUNG-0515,106,gene.legacy_support_annotation,True,provenance_only,S001; S003
M4-FUNG-0515,114,metabolite.legacy_attribution_annotation,True,provenance_only,S001; S003
M4-FUNG-0515,115,metabolite.legacy_attribution_annotation,True,provenance_only,S001; S003
M4-FUNG-0515,116,metabolite.legacy_attribution_annotation,True,provenance_only,S001; S003
M4-FUNG-0515,143,claim.legacy_support_annotation,True,provenance_only,S003
M4-FUNG-0515,144,claim.legacy_support_annotation,True,provenance_only,S003
M4-FUNG-0515,145,claim.legacy_support_annotation,True,provenance_only,S003
M4-FUNG-0515,154,relationship.legacy_support_annotation,True,provenance_only,S003
M4-FUNG-0515,155,relationship.legacy_support_annotation,True,provenance_only,S003
M4-FUNG-0515,156,relationship.legacy_support_annotation,True,provenance_only,S003
M4-FUNG-0516,7,schema_version,True,administrative_excluded,
M4-FUNG-0516,8,dossier_id,True,administrative_excluded,
M4-FUNG-0516,9,sheet_record_status,True,administrative_excluded,S001; S002; S003; S004
M4-FUNG-0516,10,annotation_status,True,administrative_excluded,S001; S002; S003; S004
M4-FUNG-0516,11,annotation_date,True,administrative_excluded,
M4-FUNG-0516,12,inference,False,administrative_excluded,
M4-FUNG-0516,13,last_reviewed_date,True,administrative_excluded,
M4-FUNG-0516,20,mibig_record_status,True,provenance_only,S001
M4-FUNG-0516,21,source_native_category_value,True,provenance_only,S001
M4-FUNG-0516,22,mibig_completeness,True,provenance_only,S001
M4-FUNG-0516,25,primary_reference_source_id,True,provenance_only,S003
M4-FUNG-0516,57,boundary_confidence,True,provenance_only,S001; S003
M4-FUNG-0516,58,pathway_identity_confidence,True,provenance_only,S003
M4-FUNG-0516,89,candidate_bgc_credibility,True,provenance_only,S003
M4-FUNG-0516,90,coordinated_transcription_evidence,True,provenance_only,S003
M4-FUNG-0516,91,biochemical_execution_evidence,True,provenance_only,S003
M4-FUNG-0516,92,product_formation_evidence,True,provenance_only,S003
M4-FUNG-0516,94,bgc_product_attribution,True,provenance_only,S003
M4-FUNG-0516,95,gene_product_attribution,True,provenance_only,S003
M4-FUNG-0516,96,complete_pathway_reconstruction,True,provenance_only,S003
M4-FUNG-0516,98,major_database_problem,True,provenance_only,S001; S003
M4-FUNG-0516,99,best_use_case_for_atlas,True,provenance_only,S003
M4-FUNG-0516,100,overall_note,True,provenance_only,S003
M4-FUNG-0516,104,gene.legacy_support_annotation,True,provenance_only,S003
M4-FUNG-0516,105,gene.legacy_support_annotation,True,provenance_only,S003
M4-FUNG-0516,114,metabolite.legacy_attribution_annotation,True,provenance_only,S001; S003
M4-FUNG-0516,115,metabolite.legacy_attribution_annotation,True,provenance_only,S003
M4-FUNG-0516,143,claim.legacy_support_annotation,True,provenance_only,S003
M4-FUNG-0516,144,claim.legacy_support_annotation,True,provenance_only,S003
M4-FUNG-0516,145,claim.legacy_support_annotation,True,provenance_only,S003
M4-FUNG-0516,154,relationship.legacy_support_annotation,True,provenance_only,S003
M4-FUNG-0516,155,relationship.legacy_support_annotation,True,provenance_only,S003
M4-FUNG-0516,156,relationship.legacy_support_annotation,True,provenance_only,S003
M4-FUNG-0517,7,schema_version,True,administrative_excluded,
M4-FUNG-0517,8,dossier_id,True,administrative_excluded,
M4-FUNG-0517,9,sheet_record_status,True,administrative_excluded,S001; S002; S003
M4-FUNG-0517,10,annotation_status,True,administrative_excluded,S001; S002; S003
M4-FUNG-0517,11,annotation_date,True,administrative_excluded,
M4-FUNG-0517,12,inference,False,administrative_excluded,
M4-FUNG-0517,13,last_reviewed_date,True,administrative_excluded,
M4-FUNG-0517,20,mibig_record_status,True,provenance_only,S001
M4-FUNG-0517,21,source_native_category_value,True,provenance_only,S001
M4-FUNG-0517,22,mibig_completeness,True,provenance_only,S001
M4-FUNG-0517,25,primary_reference_source_id,True,provenance_only,S003
M4-FUNG-0517,57,boundary_confidence,True,provenance_only,S001; S003
M4-FUNG-0517,58,pathway_identity_confidence,True,provenance_only,S003
M4-FUNG-0517,89,candidate_bgc_credibility,True,provenance_only,S003
M4-FUNG-0517,90,coordinated_transcription_evidence,True,provenance_only,S003
M4-FUNG-0517,91,biochemical_execution_evidence,True,provenance_only,S003
M4-FUNG-0517,92,product_formation_evidence,True,provenance_only,S003
M4-FUNG-0517,94,bgc_product_attribution,True,provenance_only,S003
M4-FUNG-0517,95,gene_product_attribution,True,provenance_only,S003
M4-FUNG-0517,96,complete_pathway_reconstruction,True,provenance_only,S003
M4-FUNG-0517,98,major_database_problem,True,provenance_only,S001; S003
M4-FUNG-0517,99,best_use_case_for_atlas,True,provenance_only,S003
M4-FUNG-0517,100,overall_note,True,provenance_only,S003
M4-FUNG-0517,104,gene.legacy_support_annotation,True,provenance_only,S001; S003
M4-FUNG-0517,105,gene.legacy_support_annotation,True,provenance_only,S001; S003
M4-FUNG-0517,114,metabolite.legacy_attribution_annotation,True,provenance_only,S001; S003
M4-FUNG-0517,115,metabolite.legacy_attribution_annotation,True,provenance_only,S003
M4-FUNG-0517,143,claim.legacy_support_annotation,True,provenance_only,S003
M4-FUNG-0517,144,claim.legacy_support_annotation,True,provenance_only,S003
M4-FUNG-0517,145,claim.legacy_support_annotation,True,provenance_only,S003
M4-FUNG-0517,154,relationship.legacy_support_annotation,True,provenance_only,S003
M4-FUNG-0517,155,relationship.legacy_support_annotation,True,provenance_only,S003
M4-FUNG-0517,156,relationship.legacy_support_annotation,True,provenance_only,S003
M4-FUNG-0518,7,schema_version,True,administrative_excluded,
M4-FUNG-0518,8,dossier_id,True,administrative_excluded,
M4-FUNG-0518,9,sheet_record_status,True,administrative_excluded,S001; S002; S003; S004; S005
M4-FUNG-0518,10,annotation_status,True,administrative_excluded,S001; S002; S003; S004; S005
M4-FUNG-0518,11,annotation_date,True,administrative_excluded,
M4-FUNG-0518,12,inference,False,administrative_excluded,
M4-FUNG-0518,13,last_reviewed_date,True,administrative_excluded,
M4-FUNG-0518,20,mibig_record_status,True,provenance_only,S001
M4-FUNG-0518,21,source_native_category_value,True,provenance_only,S001
M4-FUNG-0518,22,mibig_completeness,True,provenance_only,S001
M4-FUNG-0518,25,primary_reference_source_id,True,provenance_only,S003
M4-FUNG-0518,57,boundary_confidence,True,provenance_only,S001; S003
M4-FUNG-0518,58,pathway_identity_confidence,True,provenance_only,S003; S005
M4-FUNG-0518,89,candidate_bgc_credibility,True,provenance_only,S003
M4-FUNG-0518,90,coordinated_transcription_evidence,True,provenance_only,S003
M4-FUNG-0518,91,biochemical_execution_evidence,True,provenance_only,S003; S005
M4-FUNG-0518,92,product_formation_evidence,True,provenance_only,S003
M4-FUNG-0518,94,bgc_product_attribution,True,provenance_only,S003
M4-FUNG-0518,95,gene_product_attribution,True,provenance_only,S003; S005
M4-FUNG-0518,96,complete_pathway_reconstruction,True,provenance_only,S003; S005
M4-FUNG-0518,98,major_database_problem,True,provenance_only,S001
M4-FUNG-0518,99,best_use_case_for_atlas,True,provenance_only,S003; S005
M4-FUNG-0518,100,overall_note,True,provenance_only,S003; S005
M4-FUNG-0518,104,gene.legacy_support_annotation,True,provenance_only,S003
M4-FUNG-0518,105,gene.legacy_support_annotation,True,provenance_only,S003
M4-FUNG-0518,106,gene.legacy_support_annotation,True,provenance_only,S003
M4-FUNG-0518,107,gene.legacy_support_annotation,True,provenance_only,S003
M4-FUNG-0518,108,gene.legacy_support_annotation,True,provenance_only,S003
M4-FUNG-0518,109,gene.legacy_support_annotation,True,provenance_only,S003
M4-FUNG-0518,114,metabolite.legacy_attribution_annotation,True,provenance_only,S001; S003; S004
M4-FUNG-0518,115,metabolite.legacy_attribution_annotation,True,provenance_only,S005
M4-FUNG-0518,143,claim.legacy_support_annotation,True,provenance_only,S003
M4-FUNG-0518,144,claim.legacy_support_annotation,True,provenance_only,S003
M4-FUNG-0518,145,claim.legacy_support_annotation,True,provenance_only,S003
M4-FUNG-0518,146,claim.legacy_support_annotation,True,provenance_only,S005
M4-FUNG-0518,147,claim.legacy_support_annotation,True,provenance_only,S003
M4-FUNG-0518,154,relationship.legacy_support_annotation,True,provenance_only,S003
M4-FUNG-0518,155,relationship.legacy_support_annotation,True,provenance_only,S003
M4-FUNG-0518,156,relationship.legacy_support_annotation,True,provenance_only,S003
M4-FUNG-0518,157,relationship.legacy_support_annotation,True,provenance_only,S005
M4-FUNG-0518,158,relationship.legacy_support_annotation,True,provenance_only,S003
M4-FUNG-0519,7,schema_version,True,administrative_excluded,
M4-FUNG-0519,8,dossier_id,True,administrative_excluded,
M4-FUNG-0519,9,sheet_record_status,True,administrative_excluded,S001; S002; S003; S004
M4-FUNG-0519,10,annotation_status,True,administrative_excluded,S001; S002; S003; S004
M4-FUNG-0519,11,annotation_date,True,administrative_excluded,
M4-FUNG-0519,12,inference,False,administrative_excluded,
M4-FUNG-0519,13,last_reviewed_date,True,administrative_excluded,
M4-FUNG-0519,20,mibig_record_status,True,provenance_only,S001
M4-FUNG-0519,21,source_native_category_value,True,provenance_only,S001
M4-FUNG-0519,22,mibig_completeness,True,provenance_only,S001
M4-FUNG-0519,25,primary_reference_source_id,True,provenance_only,S003
M4-FUNG-0519,57,boundary_confidence,True,provenance_only,S001; S003
M4-FUNG-0519,58,pathway_identity_confidence,True,provenance_only,S003
M4-FUNG-0519,89,candidate_bgc_credibility,True,provenance_only,S003
M4-FUNG-0519,90,coordinated_transcription_evidence,True,provenance_only,S003
M4-FUNG-0519,91,biochemical_execution_evidence,True,provenance_only,S003
M4-FUNG-0519,92,product_formation_evidence,True,provenance_only,S003
M4-FUNG-0519,94,bgc_product_attribution,True,provenance_only,S003
M4-FUNG-0519,95,gene_product_attribution,True,provenance_only,S003
M4-FUNG-0519,96,complete_pathway_reconstruction,True,provenance_only,S003
M4-FUNG-0519,98,major_database_problem,True,provenance_only,S001; S003
M4-FUNG-0519,99,best_use_case_for_atlas,True,provenance_only,S003
M4-FUNG-0519,100,overall_note,True,provenance_only,S003
M4-FUNG-0519,104,gene.legacy_support_annotation,True,provenance_only,S003
M4-FUNG-0519,105,gene.legacy_support_annotation,True,provenance_only,S003
M4-FUNG-0519,106,gene.legacy_support_annotation,True,provenance_only,S003
M4-FUNG-0519,114,metabolite.legacy_attribution_annotation,True,provenance_only,S001; S003
M4-FUNG-0519,115,metabolite.legacy_attribution_annotation,True,provenance_only,S003
M4-FUNG-0519,143,claim.legacy_support_annotation,True,provenance_only,S003
M4-FUNG-0519,144,claim.legacy_support_annotation,True,provenance_only,S003
M4-FUNG-0519,145,claim.legacy_support_annotation,True,provenance_only,S003
M4-FUNG-0519,146,claim.legacy_support_annotation,True,provenance_only,S003
M4-FUNG-0519,147,claim.legacy_support_annotation,True,provenance_only,S003
M4-FUNG-0519,154,relationship.legacy_support_annotation,True,provenance_only,S003
M4-FUNG-0519,155,relationship.legacy_support_annotation,True,provenance_only,S003
M4-FUNG-0519,156,relationship.legacy_support_annotation,True,provenance_only,S003
M4-FUNG-0519,157,relationship.legacy_support_annotation,True,provenance_only,S003
M4-FUNG-0519,158,relationship.legacy_support_annotation,True,provenance_only,S003
M4-FUNG-0520,7,schema_version,True,administrative_excluded,
M4-FUNG-0520,8,dossier_id,True,administrative_excluded,
M4-FUNG-0520,9,sheet_record_status,True,administrative_excluded,S001; S002; S003; S004
M4-FUNG-0520,10,annotation_status,True,administrative_excluded,S001; S002; S003; S004
M4-FUNG-0520,11,annotation_date,True,administrative_excluded,
M4-FUNG-0520,12,inference,False,administrative_excluded,
M4-FUNG-0520,13,last_reviewed_date,True,administrative_excluded,
M4-FUNG-0520,20,mibig_record_status,True,provenance_only,S001
M4-FUNG-0520,21,source_native_category_value,True,provenance_only,S001
M4-FUNG-0520,22,mibig_completeness,True,provenance_only,S001
M4-FUNG-0520,25,primary_reference_source_id,True,provenance_only,S003
M4-FUNG-0520,57,boundary_confidence,True,provenance_only,S001; S003
M4-FUNG-0520,58,pathway_identity_confidence,True,provenance_only,S003
M4-FUNG-0520,89,candidate_bgc_credibility,True,provenance_only,S003
M4-FUNG-0520,90,coordinated_transcription_evidence,True,provenance_only,S003
M4-FUNG-0520,91,biochemical_execution_evidence,True,provenance_only,S003
M4-FUNG-0520,92,product_formation_evidence,True,provenance_only,S003
M4-FUNG-0520,94,bgc_product_attribution,True,provenance_only,S003
M4-FUNG-0520,95,gene_product_attribution,True,provenance_only,S003
M4-FUNG-0520,96,complete_pathway_reconstruction,True,provenance_only,S003
M4-FUNG-0520,98,major_database_problem,True,provenance_only,S001; S003
M4-FUNG-0520,99,best_use_case_for_atlas,True,provenance_only,S003
M4-FUNG-0520,100,overall_note,True,provenance_only,S003
M4-FUNG-0520,104,gene.legacy_support_annotation,True,provenance_only,S003
M4-FUNG-0520,105,gene.legacy_support_annotation,True,provenance_only,S003
M4-FUNG-0520,106,gene.legacy_support_annotation,True,provenance_only,S003
M4-FUNG-0520,114,metabolite.legacy_attribution_annotation,True,provenance_only,S001; S003
M4-FUNG-0520,115,metabolite.legacy_attribution_annotation,True,provenance_only,S003
M4-FUNG-0520,143,claim.legacy_support_annotation,True,provenance_only,S003
M4-FUNG-0520,144,claim.legacy_support_annotation,True,provenance_only,S003
M4-FUNG-0520,145,claim.legacy_support_annotation,True,provenance_only,S003
M4-FUNG-0520,146,claim.legacy_support_annotation,True,provenance_only,S003
M4-FUNG-0520,147,claim.legacy_support_annotation,True,provenance_only,S003
M4-FUNG-0520,154,relationship.legacy_support_annotation,True,provenance_only,S003
M4-FUNG-0520,155,relationship.legacy_support_annotation,True,provenance_only,S003
M4-FUNG-0520,156,relationship.legacy_support_annotation,True,provenance_only,S003
M4-FUNG-0520,157,relationship.legacy_support_annotation,True,provenance_only,S003
M4-FUNG-0520,158,relationship.legacy_support_annotation,True,provenance_only,S003
M4-FUNG-0521,7,schema_version,True,administrative_excluded,
M4-FUNG-0521,8,dossier_id,True,administrative_excluded,
M4-FUNG-0521,9,sheet_record_status,True,administrative_excluded,S001; S002; S003; S004
M4-FUNG-0521,10,annotation_status,True,administrative_excluded,S001; S002; S003; S004
M4-FUNG-0521,11,annotation_date,True,administrative_excluded,
M4-FUNG-0521,12,inference,False,administrative_excluded,
M4-FUNG-0521,13,last_reviewed_date,True,administrative_excluded,
M4-FUNG-0521,20,mibig_record_status,True,provenance_only,S001
M4-FUNG-0521,21,source_native_category_value,True,provenance_only,S001
M4-FUNG-0521,22,mibig_completeness,True,provenance_only,S001
M4-FUNG-0521,25,primary_reference_source_id,True,provenance_only,S003
M4-FUNG-0521,57,boundary_confidence,True,provenance_only,S001; S004
M4-FUNG-0521,58,pathway_identity_confidence,True,provenance_only,S003
M4-FUNG-0521,89,candidate_bgc_credibility,True,provenance_only,S003
M4-FUNG-0521,90,coordinated_transcription_evidence,True,provenance_only,S003
M4-FUNG-0521,91,biochemical_execution_evidence,True,provenance_only,S001; S003
M4-FUNG-0521,92,product_formation_evidence,True,provenance_only,S003
M4-FUNG-0521,94,bgc_product_attribution,True,provenance_only,S003
M4-FUNG-0521,95,gene_product_attribution,True,provenance_only,S001; S003
M4-FUNG-0521,96,complete_pathway_reconstruction,True,provenance_only,S003
M4-FUNG-0521,98,major_database_problem,True,provenance_only,S001; S004
M4-FUNG-0521,99,best_use_case_for_atlas,True,provenance_only,S003
M4-FUNG-0521,100,overall_note,True,provenance_only,S003
M4-FUNG-0521,104,gene.legacy_support_annotation,True,provenance_only,S001; S003
M4-FUNG-0521,105,gene.legacy_support_annotation,True,provenance_only,S001; S003
M4-FUNG-0521,106,gene.legacy_support_annotation,True,provenance_only,S001; S003
M4-FUNG-0521,114,metabolite.legacy_attribution_annotation,True,provenance_only,S001; S003
M4-FUNG-0521,115,metabolite.legacy_attribution_annotation,True,provenance_only,S003
M4-FUNG-0521,143,claim.legacy_support_annotation,True,provenance_only,S003
M4-FUNG-0521,144,claim.legacy_support_annotation,True,provenance_only,S003
M4-FUNG-0521,145,claim.legacy_support_annotation,True,provenance_only,S001; S003
M4-FUNG-0521,146,claim.legacy_support_annotation,True,provenance_only,S001; S003
M4-FUNG-0521,147,claim.legacy_support_annotation,True,provenance_only,S001; S004
M4-FUNG-0521,154,relationship.legacy_support_annotation,True,provenance_only,S001; S003
M4-FUNG-0521,155,relationship.legacy_support_annotation,True,provenance_only,S003
M4-FUNG-0521,156,relationship.legacy_support_annotation,True,provenance_only,S003
M4-FUNG-0521,157,relationship.legacy_support_annotation,True,provenance_only,S003
M4-FUNG-0521,158,relationship.legacy_support_annotation,True,provenance_only,S001
M4-FUNG-0522,7,schema_version,True,administrative_excluded,
M4-FUNG-0522,8,dossier_id,True,administrative_excluded,
M4-FUNG-0522,9,sheet_record_status,True,administrative_excluded,S001; S002; S003; S004
M4-FUNG-0522,10,annotation_status,True,administrative_excluded,S001; S002; S003; S004
M4-FUNG-0522,11,annotation_date,True,administrative_excluded,
M4-FUNG-0522,12,inference,False,administrative_excluded,
M4-FUNG-0522,13,last_reviewed_date,True,administrative_excluded,
M4-FUNG-0522,20,mibig_record_status,True,provenance_only,S001
M4-FUNG-0522,21,source_native_category_value,True,provenance_only,S001
M4-FUNG-0522,22,mibig_completeness,True,provenance_only,S001
M4-FUNG-0522,25,primary_reference_source_id,True,provenance_only,S004
M4-FUNG-0522,57,boundary_confidence,True,provenance_only,S001; S004
M4-FUNG-0522,58,pathway_identity_confidence,True,provenance_only,S003; S004
M4-FUNG-0522,89,candidate_bgc_credibility,True,provenance_only,S003; S004
M4-FUNG-0522,90,coordinated_transcription_evidence,True,provenance_only,S004
M4-FUNG-0522,91,biochemical_execution_evidence,True,provenance_only,S004
M4-FUNG-0522,92,product_formation_evidence,True,provenance_only,S004
M4-FUNG-0522,94,bgc_product_attribution,True,provenance_only,S003; S004
M4-FUNG-0522,95,gene_product_attribution,True,provenance_only,S004
M4-FUNG-0522,96,complete_pathway_reconstruction,True,provenance_only,S001; S004
M4-FUNG-0522,98,major_database_problem,True,provenance_only,S001; S003; S004
M4-FUNG-0522,99,best_use_case_for_atlas,True,provenance_only,S003; S004
M4-FUNG-0522,100,overall_note,True,provenance_only,S001; S004
M4-FUNG-0522,104,gene.legacy_support_annotation,True,provenance_only,S001; S004
M4-FUNG-0522,105,gene.legacy_support_annotation,True,provenance_only,S001; S003; S004
M4-FUNG-0522,106,gene.legacy_support_annotation,True,provenance_only,S001; S004
M4-FUNG-0522,107,gene.legacy_support_annotation,True,provenance_only,S001; S004
M4-FUNG-0522,108,gene.legacy_support_annotation,True,provenance_only,S001; S004
M4-FUNG-0522,109,gene.legacy_support_annotation,True,provenance_only,S001; S003; S004
M4-FUNG-0522,114,metabolite.legacy_attribution_annotation,True,provenance_only,S001; S004
M4-FUNG-0522,115,metabolite.legacy_attribution_annotation,True,provenance_only,S001; S004
M4-FUNG-0522,116,metabolite.legacy_attribution_annotation,True,provenance_only,S001; S004
M4-FUNG-0522,117,metabolite.legacy_attribution_annotation,True,provenance_only,S001; S004
M4-FUNG-0522,118,metabolite.legacy_attribution_annotation,True,provenance_only,S001; S004
M4-FUNG-0522,119,metabolite.legacy_attribution_annotation,True,provenance_only,S004
M4-FUNG-0522,143,claim.legacy_support_annotation,True,provenance_only,S003; S004
M4-FUNG-0522,144,claim.legacy_support_annotation,True,provenance_only,S003; S004
M4-FUNG-0522,145,claim.legacy_support_annotation,True,provenance_only,S004
M4-FUNG-0522,146,claim.legacy_support_annotation,True,provenance_only,S004
M4-FUNG-0522,147,claim.legacy_support_annotation,True,provenance_only,S004
M4-FUNG-0522,148,claim.legacy_support_annotation,True,provenance_only,S004
M4-FUNG-0522,154,relationship.legacy_support_annotation,True,provenance_only,S003; S004
M4-FUNG-0522,155,relationship.legacy_support_annotation,True,provenance_only,S004
M4-FUNG-0522,156,relationship.legacy_support_annotation,True,provenance_only,S004
M4-FUNG-0522,157,relationship.legacy_support_annotation,True,provenance_only,S004
M4-FUNG-0522,158,relationship.legacy_support_annotation,True,provenance_only,S004
M4-FUNG-0522,159,relationship.legacy_support_annotation,True,provenance_only,S004
M4-FUNG-0523,7,schema_version,True,administrative_excluded,
M4-FUNG-0523,8,dossier_id,True,administrative_excluded,
M4-FUNG-0523,9,sheet_record_status,True,administrative_excluded,S001; S002; S003
M4-FUNG-0523,10,annotation_status,True,administrative_excluded,S001; S002; S003
M4-FUNG-0523,11,annotation_date,True,administrative_excluded,
M4-FUNG-0523,12,inference,False,administrative_excluded,
M4-FUNG-0523,13,last_reviewed_date,True,administrative_excluded,
M4-FUNG-0523,20,mibig_record_status,True,provenance_only,S001
M4-FUNG-0523,21,source_native_category_value,True,provenance_only,S001
M4-FUNG-0523,22,mibig_completeness,True,provenance_only,S001
M4-FUNG-0523,25,primary_reference_source_id,True,provenance_only,S003
M4-FUNG-0523,57,boundary_confidence,True,provenance_only,S001; S003
M4-FUNG-0523,58,pathway_identity_confidence,True,provenance_only,S001; S003
M4-FUNG-0523,89,candidate_bgc_credibility,True,provenance_only,S003
M4-FUNG-0523,90,coordinated_transcription_evidence,True,provenance_only,S003
M4-FUNG-0523,91,biochemical_execution_evidence,True,provenance_only,S003
M4-FUNG-0523,92,product_formation_evidence,True,provenance_only,S003
M4-FUNG-0523,94,bgc_product_attribution,True,provenance_only,S003
M4-FUNG-0523,95,gene_product_attribution,True,provenance_only,S003
M4-FUNG-0523,96,complete_pathway_reconstruction,True,provenance_only,S003
M4-FUNG-0523,98,major_database_problem,True,provenance_only,S001; S003
M4-FUNG-0523,99,best_use_case_for_atlas,True,provenance_only,S003
M4-FUNG-0523,100,overall_note,True,provenance_only,S003
M4-FUNG-0523,104,gene.legacy_support_annotation,True,provenance_only,S001; S003
M4-FUNG-0523,105,gene.legacy_support_annotation,True,provenance_only,S001; S003
M4-FUNG-0523,106,gene.legacy_support_annotation,True,provenance_only,S001; S003
M4-FUNG-0523,107,gene.legacy_support_annotation,True,provenance_only,S001; S003
M4-FUNG-0523,108,gene.legacy_support_annotation,True,provenance_only,S001; S003
M4-FUNG-0523,109,gene.legacy_support_annotation,True,provenance_only,S001; S003
M4-FUNG-0523,110,gene.legacy_support_annotation,True,provenance_only,S001; S003
M4-FUNG-0523,111,gene.legacy_support_annotation,True,provenance_only,S001; S003
M4-FUNG-0523,114,metabolite.legacy_attribution_annotation,True,provenance_only,S001; S003
M4-FUNG-0523,115,metabolite.legacy_attribution_annotation,True,provenance_only,S001; S003
M4-FUNG-0523,116,metabolite.legacy_attribution_annotation,True,provenance_only,S003
M4-FUNG-0523,117,metabolite.legacy_attribution_annotation,True,provenance_only,S003
M4-FUNG-0523,143,claim.legacy_support_annotation,True,provenance_only,S003
M4-FUNG-0523,144,claim.legacy_support_annotation,True,provenance_only,S003
M4-FUNG-0523,145,claim.legacy_support_annotation,True,provenance_only,S003
M4-FUNG-0523,146,claim.legacy_support_annotation,True,provenance_only,S003
M4-FUNG-0523,147,claim.legacy_support_annotation,True,provenance_only,S001; S003
M4-FUNG-0523,154,relationship.legacy_support_annotation,True,provenance_only,S003
M4-FUNG-0523,155,relationship.legacy_support_annotation,True,provenance_only,S003
M4-FUNG-0523,156,relationship.legacy_support_annotation,True,provenance_only,S003
M4-FUNG-0523,157,relationship.legacy_support_annotation,True,provenance_only,S003
M4-FUNG-0523,158,relationship.legacy_support_annotation,True,provenance_only,S003
M4-FUNG-0524,7,schema_version,True,administrative_excluded,
M4-FUNG-0524,8,dossier_id,True,administrative_excluded,
M4-FUNG-0524,9,sheet_record_status,True,administrative_excluded,S001; S002; S003; S004
M4-FUNG-0524,10,annotation_status,True,administrative_excluded,S001; S002; S003; S004
M4-FUNG-0524,11,annotation_date,True,administrative_excluded,
M4-FUNG-0524,12,inference,False,administrative_excluded,
M4-FUNG-0524,13,last_reviewed_date,True,administrative_excluded,
M4-FUNG-0524,20,mibig_record_status,True,provenance_only,S001
M4-FUNG-0524,21,source_native_category_value,True,provenance_only,S001
M4-FUNG-0524,22,mibig_completeness,True,provenance_only,S001
M4-FUNG-0524,25,primary_reference_source_id,True,provenance_only,S003
M4-FUNG-0524,57,boundary_confidence,True,provenance_only,S001; S003
M4-FUNG-0524,58,pathway_identity_confidence,True,provenance_only,S003
M4-FUNG-0524,89,candidate_bgc_credibility,True,provenance_only,S003
M4-FUNG-0524,90,coordinated_transcription_evidence,True,provenance_only,S003; S004
M4-FUNG-0524,91,biochemical_execution_evidence,True,provenance_only,S003
M4-FUNG-0524,92,product_formation_evidence,True,provenance_only,S003; S004
M4-FUNG-0524,94,bgc_product_attribution,True,provenance_only,S003
M4-FUNG-0524,95,gene_product_attribution,True,provenance_only,S003
M4-FUNG-0524,96,complete_pathway_reconstruction,True,provenance_only,S003
M4-FUNG-0524,98,major_database_problem,True,provenance_only,S001; S003
M4-FUNG-0524,99,best_use_case_for_atlas,True,provenance_only,S003; S004
M4-FUNG-0524,100,overall_note,True,provenance_only,S003; S004
M4-FUNG-0524,104,gene.legacy_support_annotation,True,provenance_only,S001; S003
M4-FUNG-0524,105,gene.legacy_support_annotation,True,provenance_only,S001; S003
M4-FUNG-0524,106,gene.legacy_support_annotation,True,provenance_only,S001; S003
M4-FUNG-0524,107,gene.legacy_support_annotation,True,provenance_only,S001; S003
M4-FUNG-0524,114,metabolite.legacy_attribution_annotation,True,provenance_only,S001; S004
M4-FUNG-0524,115,metabolite.legacy_attribution_annotation,True,provenance_only,S001; S004
M4-FUNG-0524,116,metabolite.legacy_attribution_annotation,True,provenance_only,S001; S003; S004
M4-FUNG-0524,117,metabolite.legacy_attribution_annotation,True,provenance_only,S001; S003; S004
M4-FUNG-0524,118,metabolite.legacy_attribution_annotation,True,provenance_only,S001; S003; S004
M4-FUNG-0524,119,metabolite.legacy_attribution_annotation,True,provenance_only,S001; S003; S004
M4-FUNG-0524,120,metabolite.legacy_attribution_annotation,True,provenance_only,S001; S003
M4-FUNG-0524,121,metabolite.legacy_attribution_annotation,True,provenance_only,S001; S003
M4-FUNG-0524,143,claim.legacy_support_annotation,True,provenance_only,S003
M4-FUNG-0524,144,claim.legacy_support_annotation,True,provenance_only,S003
M4-FUNG-0524,145,claim.legacy_support_annotation,True,provenance_only,S003
M4-FUNG-0524,146,claim.legacy_support_annotation,True,provenance_only,S004
M4-FUNG-0524,147,claim.legacy_support_annotation,True,provenance_only,S001
M4-FUNG-0524,154,relationship.legacy_support_annotation,True,provenance_only,S003
M4-FUNG-0524,155,relationship.legacy_support_annotation,True,provenance_only,S003
M4-FUNG-0524,156,relationship.legacy_support_annotation,True,provenance_only,S003
M4-FUNG-0524,157,relationship.legacy_support_annotation,True,provenance_only,S004
M4-FUNG-0524,158,relationship.legacy_support_annotation,True,provenance_only,S003
M4-FUNG-0525,7,schema_version,True,administrative_excluded,
M4-FUNG-0525,8,dossier_id,True,administrative_excluded,
M4-FUNG-0525,9,sheet_record_status,True,administrative_excluded,S001; S002; S003; S005; S006
M4-FUNG-0525,10,annotation_status,True,administrative_excluded,S001; S002; S003; S004; S005; S006
M4-FUNG-0525,11,annotation_date,True,administrative_excluded,NA
M4-FUNG-0525,12,inference,False,administrative_excluded,NA
M4-FUNG-0525,13,last_reviewed_date,True,administrative_excluded,NA
M4-FUNG-0525,20,mibig_record_status,True,provenance_only,S001; S002
M4-FUNG-0525,21,source_native_category_value,True,provenance_only,S001; S002
M4-FUNG-0525,22,mibig_completeness,True,provenance_only,S001; S002
M4-FUNG-0525,25,primary_reference_source_id,True,provenance_only,S003
M4-FUNG-0525,57,boundary_confidence,True,provenance_only,S001; S002; S003
M4-FUNG-0525,58,pathway_identity_confidence,True,provenance_only,S003
M4-FUNG-0525,89,candidate_bgc_credibility,True,provenance_only,S003
M4-FUNG-0525,90,coordinated_transcription_evidence,True,provenance_only,S003
M4-FUNG-0525,91,biochemical_execution_evidence,True,provenance_only,S003; S006
M4-FUNG-0525,92,product_formation_evidence,True,provenance_only,S003
M4-FUNG-0525,94,bgc_product_attribution,True,provenance_only,S003
M4-FUNG-0525,95,gene_product_attribution,True,provenance_only,S003; S006
M4-FUNG-0525,96,complete_pathway_reconstruction,True,provenance_only,S003
M4-FUNG-0525,98,major_database_problem,True,provenance_only,S001; S002; S003
M4-FUNG-0525,99,best_use_case_for_atlas,True,provenance_only,S001; S003
M4-FUNG-0525,100,overall_note,True,provenance_only,S001; S002; S003; S006
M4-FUNG-0525,104,gene.legacy_support_annotation,True,provenance_only,S003
M4-FUNG-0525,105,gene.legacy_support_annotation,True,provenance_only,S003
M4-FUNG-0525,106,gene.legacy_support_annotation,True,provenance_only,S003
M4-FUNG-0525,107,gene.legacy_support_annotation,True,provenance_only,S003; S006
M4-FUNG-0525,108,gene.legacy_support_annotation,True,provenance_only,S003
M4-FUNG-0525,109,gene.legacy_support_annotation,True,provenance_only,S003
M4-FUNG-0525,114,metabolite.legacy_attribution_annotation,True,provenance_only,S003
M4-FUNG-0525,115,metabolite.legacy_attribution_annotation,True,provenance_only,S003; S004
M4-FUNG-0525,116,metabolite.legacy_attribution_annotation,True,provenance_only,S003
M4-FUNG-0525,117,metabolite.legacy_attribution_annotation,True,provenance_only,S003
M4-FUNG-0525,118,metabolite.legacy_attribution_annotation,True,provenance_only,S003
M4-FUNG-0525,119,metabolite.legacy_attribution_annotation,True,provenance_only,S003
M4-FUNG-0525,120,metabolite.legacy_attribution_annotation,True,provenance_only,S003
M4-FUNG-0525,121,metabolite.legacy_attribution_annotation,True,provenance_only,S003
M4-FUNG-0525,143,claim.legacy_support_annotation,True,provenance_only,S003
M4-FUNG-0525,144,claim.legacy_support_annotation,True,provenance_only,S003
M4-FUNG-0525,145,claim.legacy_support_annotation,True,provenance_only,S003
M4-FUNG-0525,146,claim.legacy_support_annotation,True,provenance_only,S003; S006
M4-FUNG-0525,147,claim.legacy_support_annotation,True,provenance_only,S003
M4-FUNG-0525,148,claim.legacy_support_annotation,True,provenance_only,S001; S002; S003
M4-FUNG-0525,154,relationship.legacy_support_annotation,True,provenance_only,S003
M4-FUNG-0525,155,relationship.legacy_support_annotation,True,provenance_only,S003
M4-FUNG-0525,156,relationship.legacy_support_annotation,True,provenance_only,S003
M4-FUNG-0525,157,relationship.legacy_support_annotation,True,provenance_only,S003; S006
M4-FUNG-0525,158,relationship.legacy_support_annotation,True,provenance_only,S003
M4-FUNG-0525,159,relationship.legacy_support_annotation,True,provenance_only,S003
M4-FUNG-0526,7,schema_version,True,administrative_excluded,
M4-FUNG-0526,8,dossier_id,True,administrative_excluded,
M4-FUNG-0526,9,sheet_record_status,True,administrative_excluded,S001; S002; S003; S004
M4-FUNG-0526,10,annotation_status,True,administrative_excluded,S001; S002; S003; S004
M4-FUNG-0526,11,annotation_date,True,administrative_excluded,NA
M4-FUNG-0526,12,inference,False,administrative_excluded,NA
M4-FUNG-0526,13,last_reviewed_date,True,administrative_excluded,NA
M4-FUNG-0526,20,mibig_record_status,True,provenance_only,S001; S002
M4-FUNG-0526,21,source_native_category_value,True,provenance_only,S001; S002
M4-FUNG-0526,22,mibig_completeness,True,provenance_only,S001; S002
M4-FUNG-0526,25,primary_reference_source_id,True,provenance_only,S003
M4-FUNG-0526,57,boundary_confidence,True,provenance_only,S001; S002; S003
M4-FUNG-0526,58,pathway_identity_confidence,True,provenance_only,S003
M4-FUNG-0526,89,candidate_bgc_credibility,True,provenance_only,S003
M4-FUNG-0526,90,coordinated_transcription_evidence,True,provenance_only,S003
M4-FUNG-0526,91,biochemical_execution_evidence,True,provenance_only,S003
M4-FUNG-0526,92,product_formation_evidence,True,provenance_only,S003
M4-FUNG-0526,94,bgc_product_attribution,True,provenance_only,S001; S002; S003
M4-FUNG-0526,95,gene_product_attribution,True,provenance_only,S003
M4-FUNG-0526,96,complete_pathway_reconstruction,True,provenance_only,S003
M4-FUNG-0526,98,major_database_problem,True,provenance_only,S001; S002; S003
M4-FUNG-0526,99,best_use_case_for_atlas,True,provenance_only,S003
M4-FUNG-0526,100,overall_note,True,provenance_only,S001; S002; S003
M4-FUNG-0526,144,claim.legacy_support_annotation,True,provenance_only,S003
M4-FUNG-0526,145,claim.legacy_support_annotation,True,provenance_only,S003
M4-FUNG-0526,146,claim.legacy_support_annotation,True,provenance_only,S001; S002; S003
M4-FUNG-0526,147,claim.legacy_support_annotation,True,provenance_only,S002; S003
M4-FUNG-0526,155,relationship.legacy_support_annotation,True,provenance_only,S003
M4-FUNG-0526,156,relationship.legacy_support_annotation,True,provenance_only,S003
M4-FUNG-0526,157,relationship.legacy_support_annotation,True,provenance_only,S003
M4-FUNG-0527,7,schema_version,True,administrative_excluded,
M4-FUNG-0527,8,dossier_id,True,administrative_excluded,
M4-FUNG-0527,9,sheet_record_status,True,administrative_excluded,S001; S002; S003
M4-FUNG-0527,10,annotation_status,True,administrative_excluded,S001; S002; S003
M4-FUNG-0527,11,annotation_date,True,administrative_excluded,NA
M4-FUNG-0527,12,inference,False,administrative_excluded,NA
M4-FUNG-0527,13,last_reviewed_date,True,administrative_excluded,NA
M4-FUNG-0527,20,mibig_record_status,True,provenance_only,S001; S002
M4-FUNG-0527,21,source_native_category_value,True,provenance_only,S001
M4-FUNG-0527,22,mibig_completeness,True,provenance_only,S001
M4-FUNG-0527,25,primary_reference_source_id,True,provenance_only,S003
M4-FUNG-0527,57,boundary_confidence,True,provenance_only,S001; S003
M4-FUNG-0527,58,pathway_identity_confidence,True,provenance_only,S003
M4-FUNG-0527,89,candidate_bgc_credibility,True,provenance_only,S003
M4-FUNG-0527,90,coordinated_transcription_evidence,True,provenance_only,S003
M4-FUNG-0527,91,biochemical_execution_evidence,True,provenance_only,S003
M4-FUNG-0527,92,product_formation_evidence,True,provenance_only,S003
M4-FUNG-0527,94,bgc_product_attribution,True,provenance_only,S003
M4-FUNG-0527,95,gene_product_attribution,True,provenance_only,S003
M4-FUNG-0527,96,complete_pathway_reconstruction,True,provenance_only,S003
M4-FUNG-0527,98,major_database_problem,True,provenance_only,S001; S002; S003
M4-FUNG-0527,99,best_use_case_for_atlas,True,provenance_only,S003
M4-FUNG-0527,100,overall_note,True,provenance_only,S001; S003
M4-FUNG-0527,144,claim.legacy_support_annotation,True,provenance_only,S003
M4-FUNG-0527,145,claim.legacy_support_annotation,True,provenance_only,S003
M4-FUNG-0527,146,claim.legacy_support_annotation,True,provenance_only,S003
M4-FUNG-0527,155,relationship.legacy_support_annotation,True,provenance_only,S003
M4-FUNG-0527,156,relationship.legacy_support_annotation,True,provenance_only,S003
M4-FUNG-0527,157,relationship.legacy_support_annotation,True,provenance_only,S003
M4-FUNG-0528,7,schema_version,True,administrative_excluded,
M4-FUNG-0528,8,dossier_id,True,administrative_excluded,
M4-FUNG-0528,9,sheet_record_status,True,administrative_excluded,S001; S002; S003
M4-FUNG-0528,10,annotation_status,True,administrative_excluded,S001; S002; S003
M4-FUNG-0528,11,annotation_date,True,administrative_excluded,NA
M4-FUNG-0528,12,inference,False,administrative_excluded,NA
M4-FUNG-0528,13,last_reviewed_date,True,administrative_excluded,NA
M4-FUNG-0528,20,mibig_record_status,True,provenance_only,S001
M4-FUNG-0528,21,source_native_category_value,True,provenance_only,S001
M4-FUNG-0528,22,mibig_completeness,True,provenance_only,S001
M4-FUNG-0528,25,primary_reference_source_id,True,provenance_only,S003
M4-FUNG-0528,57,boundary_confidence,True,provenance_only,S003
M4-FUNG-0528,58,pathway_identity_confidence,True,provenance_only,S003
M4-FUNG-0528,89,candidate_bgc_credibility,True,provenance_only,S003
M4-FUNG-0528,90,coordinated_transcription_evidence,True,provenance_only,S003
M4-FUNG-0528,91,biochemical_execution_evidence,True,provenance_only,S003
M4-FUNG-0528,92,product_formation_evidence,True,provenance_only,S003
M4-FUNG-0528,94,bgc_product_attribution,True,provenance_only,S003
M4-FUNG-0528,95,gene_product_attribution,True,provenance_only,S003
M4-FUNG-0528,96,complete_pathway_reconstruction,True,provenance_only,S003
M4-FUNG-0528,98,major_database_problem,True,provenance_only,S001; S003
M4-FUNG-0528,99,best_use_case_for_atlas,True,provenance_only,S003
M4-FUNG-0528,100,overall_note,True,provenance_only,S003
M4-FUNG-0528,144,claim.legacy_support_annotation,True,provenance_only,S003
M4-FUNG-0528,145,claim.legacy_support_annotation,True,provenance_only,S003
M4-FUNG-0528,146,claim.legacy_support_annotation,True,provenance_only,S003
M4-FUNG-0528,147,claim.legacy_support_annotation,True,provenance_only,S003
M4-FUNG-0528,148,claim.legacy_support_annotation,True,provenance_only,S003
M4-FUNG-0528,155,relationship.legacy_support_annotation,True,provenance_only,S003
M4-FUNG-0528,156,relationship.legacy_support_annotation,True,provenance_only,S003
M4-FUNG-0528,157,relationship.legacy_support_annotation,True,provenance_only,S003
M4-FUNG-0528,158,relationship.legacy_support_annotation,True,provenance_only,S003
M4-FUNG-0529,7,schema_version,True,administrative_excluded,
M4-FUNG-0529,8,dossier_id,True,administrative_excluded,
M4-FUNG-0529,9,sheet_record_status,True,administrative_excluded,S001; S002; S003
M4-FUNG-0529,10,annotation_status,True,administrative_excluded,S001; S002; S003
M4-FUNG-0529,11,annotation_date,True,administrative_excluded,NA
M4-FUNG-0529,12,inference,False,administrative_excluded,NA
M4-FUNG-0529,13,last_reviewed_date,True,administrative_excluded,NA
M4-FUNG-0529,20,mibig_record_status,True,provenance_only,S001
M4-FUNG-0529,21,source_native_category_value,True,provenance_only,S001
M4-FUNG-0529,22,mibig_completeness,True,provenance_only,S001
M4-FUNG-0529,25,primary_reference_source_id,True,provenance_only,S003
M4-FUNG-0529,57,boundary_confidence,True,provenance_only,S001; S003
M4-FUNG-0529,58,pathway_identity_confidence,True,provenance_only,S003
M4-FUNG-0529,89,candidate_bgc_credibility,True,provenance_only,S003
M4-FUNG-0529,90,coordinated_transcription_evidence,True,provenance_only,S003
M4-FUNG-0529,91,biochemical_execution_evidence,True,provenance_only,S003
M4-FUNG-0529,92,product_formation_evidence,True,provenance_only,S003
M4-FUNG-0529,94,bgc_product_attribution,True,provenance_only,S001; S003
M4-FUNG-0529,95,gene_product_attribution,True,provenance_only,S003
M4-FUNG-0529,96,complete_pathway_reconstruction,True,provenance_only,S003
M4-FUNG-0529,98,major_database_problem,True,provenance_only,S001; S003
M4-FUNG-0529,99,best_use_case_for_atlas,True,provenance_only,S003
M4-FUNG-0529,100,overall_note,True,provenance_only,S001; S003
M4-FUNG-0529,144,claim.legacy_support_annotation,True,provenance_only,S003
M4-FUNG-0529,145,claim.legacy_support_annotation,True,provenance_only,S003
M4-FUNG-0529,146,claim.legacy_support_annotation,True,provenance_only,S003
M4-FUNG-0529,147,claim.legacy_support_annotation,True,provenance_only,S001; S003
M4-FUNG-0529,155,relationship.legacy_support_annotation,True,provenance_only,S003
M4-FUNG-0530,7,schema_version,True,administrative_excluded,
M4-FUNG-0530,8,dossier_id,True,administrative_excluded,
M4-FUNG-0530,9,sheet_record_status,True,administrative_excluded,S001; S002; S003; S004
M4-FUNG-0530,10,annotation_status,True,administrative_excluded,S001; S002; S003; S004
M4-FUNG-0530,11,annotation_date,True,administrative_excluded,NA
M4-FUNG-0530,12,inference,False,administrative_excluded,NA
M4-FUNG-0530,13,last_reviewed_date,True,administrative_excluded,NA
M4-FUNG-0530,20,mibig_record_status,True,provenance_only,S001
M4-FUNG-0530,21,source_native_category_value,True,provenance_only,S001
M4-FUNG-0530,22,mibig_completeness,True,provenance_only,S001
M4-FUNG-0530,25,primary_reference_source_id,True,provenance_only,S003
M4-FUNG-0530,57,boundary_confidence,True,provenance_only,S003
M4-FUNG-0530,58,pathway_identity_confidence,True,provenance_only,S003
M4-FUNG-0530,89,candidate_bgc_credibility,True,provenance_only,S003
M4-FUNG-0530,90,coordinated_transcription_evidence,True,provenance_only,S003
M4-FUNG-0530,91,biochemical_execution_evidence,True,provenance_only,S003
M4-FUNG-0530,92,product_formation_evidence,True,provenance_only,S003
M4-FUNG-0530,94,bgc_product_attribution,True,provenance_only,S003
M4-FUNG-0530,95,gene_product_attribution,True,provenance_only,S003
M4-FUNG-0530,96,complete_pathway_reconstruction,True,provenance_only,S003
M4-FUNG-0530,98,major_database_problem,True,provenance_only,S003
M4-FUNG-0530,99,best_use_case_for_atlas,True,provenance_only,S003
M4-FUNG-0530,100,overall_note,True,provenance_only,S003; S004
M4-FUNG-0530,144,claim.legacy_support_annotation,True,provenance_only,S003
M4-FUNG-0530,145,claim.legacy_support_annotation,True,provenance_only,S003
M4-FUNG-0530,146,claim.legacy_support_annotation,True,provenance_only,S003; S004
M4-FUNG-0530,155,relationship.legacy_support_annotation,True,provenance_only,S003
M4-FUNG-0531,7,schema_version,True,administrative_excluded,
M4-FUNG-0531,8,dossier_id,True,administrative_excluded,
M4-FUNG-0531,9,sheet_record_status,True,administrative_excluded,S001; S002; S003
M4-FUNG-0531,10,annotation_status,True,administrative_excluded,S001; S002; S003
M4-FUNG-0531,11,annotation_date,True,administrative_excluded,NA
M4-FUNG-0531,12,inference,False,administrative_excluded,NA
M4-FUNG-0531,13,last_reviewed_date,True,administrative_excluded,NA
M4-FUNG-0531,20,mibig_record_status,True,provenance_only,S001
M4-FUNG-0531,21,source_native_category_value,True,provenance_only,S001
M4-FUNG-0531,22,mibig_completeness,True,provenance_only,S001
M4-FUNG-0531,25,primary_reference_source_id,True,provenance_only,S003
M4-FUNG-0531,57,boundary_confidence,True,provenance_only,S003
M4-FUNG-0531,58,pathway_identity_confidence,True,provenance_only,S003
M4-FUNG-0531,89,candidate_bgc_credibility,True,provenance_only,S003
M4-FUNG-0531,90,coordinated_transcription_evidence,True,provenance_only,S003
M4-FUNG-0531,91,biochemical_execution_evidence,True,provenance_only,S003
M4-FUNG-0531,92,product_formation_evidence,True,provenance_only,S003
M4-FUNG-0531,94,bgc_product_attribution,True,provenance_only,S003
M4-FUNG-0531,95,gene_product_attribution,True,provenance_only,S003
M4-FUNG-0531,96,complete_pathway_reconstruction,True,provenance_only,S003
M4-FUNG-0531,98,major_database_problem,True,provenance_only,S001; S003
M4-FUNG-0531,99,best_use_case_for_atlas,True,provenance_only,S003
M4-FUNG-0531,100,overall_note,True,provenance_only,S003
M4-FUNG-0531,144,claim.legacy_support_annotation,True,provenance_only,S003
M4-FUNG-0531,145,claim.legacy_support_annotation,True,provenance_only,S003
M4-FUNG-0531,146,claim.legacy_support_annotation,True,provenance_only,S003
M4-FUNG-0531,147,claim.legacy_support_annotation,True,provenance_only,S003
M4-FUNG-0531,155,relationship.legacy_support_annotation,True,provenance_only,S003
M4-FUNG-0531,156,relationship.legacy_support_annotation,True,provenance_only,S003
M4-FUNG-0531,157,relationship.legacy_support_annotation,True,provenance_only,S003
M4-FUNG-0532,7,schema_version,True,administrative_excluded,
M4-FUNG-0532,8,dossier_id,True,administrative_excluded,
M4-FUNG-0532,9,sheet_record_status,True,administrative_excluded,S001; S002; S003
M4-FUNG-0532,10,annotation_status,True,administrative_excluded,S001; S002; S003
M4-FUNG-0532,11,annotation_date,True,administrative_excluded,NA
M4-FUNG-0532,12,inference,False,administrative_excluded,NA
M4-FUNG-0532,13,last_reviewed_date,True,administrative_excluded,NA
M4-FUNG-0532,20,mibig_record_status,True,provenance_only,S001
M4-FUNG-0532,21,source_native_category_value,True,provenance_only,S001
M4-FUNG-0532,22,mibig_completeness,True,provenance_only,S001
M4-FUNG-0532,25,primary_reference_source_id,True,provenance_only,S003
M4-FUNG-0532,57,boundary_confidence,True,provenance_only,S003
M4-FUNG-0532,58,pathway_identity_confidence,True,provenance_only,S003
M4-FUNG-0532,89,candidate_bgc_credibility,True,provenance_only,S003
M4-FUNG-0532,90,coordinated_transcription_evidence,True,provenance_only,S003
M4-FUNG-0532,91,biochemical_execution_evidence,True,provenance_only,S003
M4-FUNG-0532,92,product_formation_evidence,True,provenance_only,S003
M4-FUNG-0532,94,bgc_product_attribution,True,provenance_only,S003
M4-FUNG-0532,95,gene_product_attribution,True,provenance_only,S003
M4-FUNG-0532,96,complete_pathway_reconstruction,True,provenance_only,S003
M4-FUNG-0532,98,major_database_problem,True,provenance_only,S001; S003
M4-FUNG-0532,99,best_use_case_for_atlas,True,provenance_only,S003
M4-FUNG-0532,100,overall_note,True,provenance_only,S003
M4-FUNG-0532,144,claim.legacy_support_annotation,True,provenance_only,S003
M4-FUNG-0532,145,claim.legacy_support_annotation,True,provenance_only,S003
M4-FUNG-0532,146,claim.legacy_support_annotation,True,provenance_only,S003
M4-FUNG-0532,155,relationship.legacy_support_annotation,True,provenance_only,S003
M4-FUNG-0532,156,relationship.legacy_support_annotation,True,provenance_only,S003
M4-FUNG-0533,7,schema_version,True,administrative_excluded,
M4-FUNG-0533,8,dossier_id,True,administrative_excluded,
M4-FUNG-0533,9,sheet_record_status,True,administrative_excluded,S001; S002; S003
M4-FUNG-0533,10,annotation_status,True,administrative_excluded,S001; S002; S003
M4-FUNG-0533,11,annotation_date,True,administrative_excluded,NA
M4-FUNG-0533,12,inference,False,administrative_excluded,NA
M4-FUNG-0533,13,last_reviewed_date,True,administrative_excluded,NA
M4-FUNG-0533,20,mibig_record_status,True,provenance_only,S001
M4-FUNG-0533,21,source_native_category_value,True,provenance_only,S001
M4-FUNG-0533,22,mibig_completeness,True,provenance_only,S001
M4-FUNG-0533,25,primary_reference_source_id,True,provenance_only,S003
M4-FUNG-0533,57,boundary_confidence,True,provenance_only,S001; S003
M4-FUNG-0533,58,pathway_identity_confidence,True,provenance_only,S003
M4-FUNG-0533,89,candidate_bgc_credibility,True,provenance_only,S003
M4-FUNG-0533,90,coordinated_transcription_evidence,True,provenance_only,S003
M4-FUNG-0533,91,biochemical_execution_evidence,True,provenance_only,S003
M4-FUNG-0533,92,product_formation_evidence,True,provenance_only,S003
M4-FUNG-0533,94,bgc_product_attribution,True,provenance_only,S003
M4-FUNG-0533,95,gene_product_attribution,True,provenance_only,S003
M4-FUNG-0533,96,complete_pathway_reconstruction,True,provenance_only,S003
M4-FUNG-0533,98,major_database_problem,True,provenance_only,S001; S003
M4-FUNG-0533,99,best_use_case_for_atlas,True,provenance_only,S003
M4-FUNG-0533,100,overall_note,True,provenance_only,S003
M4-FUNG-0533,144,claim.legacy_support_annotation,True,provenance_only,S003
M4-FUNG-0533,145,claim.legacy_support_annotation,True,provenance_only,S003
M4-FUNG-0533,146,claim.legacy_support_annotation,True,provenance_only,S003
M4-FUNG-0533,147,claim.legacy_support_annotation,True,provenance_only,S003
M4-FUNG-0533,155,relationship.legacy_support_annotation,True,provenance_only,S003
M4-FUNG-0533,156,relationship.legacy_support_annotation,True,provenance_only,S003
M4-FUNG-0533,157,relationship.legacy_support_annotation,True,provenance_only,S003
M4-FUNG-0534,7,schema_version,True,administrative_excluded,
M4-FUNG-0534,8,dossier_id,True,administrative_excluded,
M4-FUNG-0534,9,sheet_record_status,True,administrative_excluded,S001; S002; S003
M4-FUNG-0534,10,annotation_status,True,administrative_excluded,S001; S002; S003
M4-FUNG-0534,11,annotation_date,True,administrative_excluded,NA
M4-FUNG-0534,12,inference,False,administrative_excluded,NA
M4-FUNG-0534,13,last_reviewed_date,True,administrative_excluded,NA
M4-FUNG-0534,20,mibig_record_status,True,provenance_only,S001
M4-FUNG-0534,21,source_native_category_value,True,provenance_only,S001
M4-FUNG-0534,22,mibig_completeness,True,provenance_only,S001
M4-FUNG-0534,25,primary_reference_source_id,True,provenance_only,S003
M4-FUNG-0534,57,boundary_confidence,True,provenance_only,S003
M4-FUNG-0534,58,pathway_identity_confidence,True,provenance_only,S003
M4-FUNG-0534,89,candidate_bgc_credibility,True,provenance_only,S003
M4-FUNG-0534,90,coordinated_transcription_evidence,True,provenance_only,S003
M4-FUNG-0534,91,biochemical_execution_evidence,True,provenance_only,S003
M4-FUNG-0534,92,product_formation_evidence,True,provenance_only,S003
M4-FUNG-0534,94,bgc_product_attribution,True,provenance_only,S003
M4-FUNG-0534,95,gene_product_attribution,True,provenance_only,S003
M4-FUNG-0534,96,complete_pathway_reconstruction,True,provenance_only,S003
M4-FUNG-0534,98,major_database_problem,True,provenance_only,S001; S003
M4-FUNG-0534,99,best_use_case_for_atlas,True,provenance_only,S003
M4-FUNG-0534,100,overall_note,True,provenance_only,S003
M4-FUNG-0534,145,claim.legacy_support_annotation,True,provenance_only,S003
M4-FUNG-0534,146,claim.legacy_support_annotation,True,provenance_only,S003
M4-FUNG-0534,147,claim.legacy_support_annotation,True,provenance_only,S003
M4-FUNG-0534,156,relationship.legacy_support_annotation,True,provenance_only,S003
M4-FUNG-0534,157,relationship.legacy_support_annotation,True,provenance_only,S003
M4-FUNG-0535,7,schema_version,True,administrative_excluded,
M4-FUNG-0535,8,dossier_id,True,administrative_excluded,
M4-FUNG-0535,9,sheet_record_status,True,administrative_excluded,S001; S002; S003
M4-FUNG-0535,10,annotation_status,True,administrative_excluded,S001; S002; S003
M4-FUNG-0535,11,annotation_date,True,administrative_excluded,NA
M4-FUNG-0535,12,inference,False,administrative_excluded,NA
M4-FUNG-0535,13,last_reviewed_date,True,administrative_excluded,NA
M4-FUNG-0535,20,mibig_record_status,True,provenance_only,S001
M4-FUNG-0535,21,source_native_category_value,True,provenance_only,S001
M4-FUNG-0535,22,mibig_completeness,True,provenance_only,S001
M4-FUNG-0535,25,primary_reference_source_id,True,provenance_only,S003
M4-FUNG-0535,57,boundary_confidence,True,provenance_only,S001; S003
M4-FUNG-0535,58,pathway_identity_confidence,True,provenance_only,S003
M4-FUNG-0535,89,candidate_bgc_credibility,True,provenance_only,S001; S003
M4-FUNG-0535,90,coordinated_transcription_evidence,True,provenance_only,S003
M4-FUNG-0535,91,biochemical_execution_evidence,True,provenance_only,S003
M4-FUNG-0535,92,product_formation_evidence,True,provenance_only,S003
M4-FUNG-0535,94,bgc_product_attribution,True,provenance_only,S001; S003
M4-FUNG-0535,95,gene_product_attribution,True,provenance_only,S003
M4-FUNG-0535,96,complete_pathway_reconstruction,True,provenance_only,S003
M4-FUNG-0535,98,major_database_problem,True,provenance_only,S001; S003
M4-FUNG-0535,99,best_use_case_for_atlas,True,provenance_only,S003
M4-FUNG-0535,100,overall_note,True,provenance_only,S001; S003
M4-FUNG-0535,144,claim.legacy_support_annotation,True,provenance_only,S003
M4-FUNG-0535,145,claim.legacy_support_annotation,True,provenance_only,S003
M4-FUNG-0535,146,claim.legacy_support_annotation,True,provenance_only,S003
M4-FUNG-0535,147,claim.legacy_support_annotation,True,provenance_only,S001; S003
M4-FUNG-0535,155,relationship.legacy_support_annotation,True,provenance_only,S003
M4-FUNG-0535,156,relationship.legacy_support_annotation,True,provenance_only,S003
M4-FUNG-0536,7,schema_version,True,administrative_excluded,
M4-FUNG-0536,8,dossier_id,True,administrative_excluded,
M4-FUNG-0536,9,sheet_record_status,True,administrative_excluded,S001; S002; S003
M4-FUNG-0536,10,annotation_status,True,administrative_excluded,S001; S002; S003
M4-FUNG-0536,11,annotation_date,True,administrative_excluded,NA
M4-FUNG-0536,12,inference,False,administrative_excluded,NA
M4-FUNG-0536,13,last_reviewed_date,True,administrative_excluded,NA
M4-FUNG-0536,20,mibig_record_status,True,provenance_only,S001; S002
M4-FUNG-0536,21,source_native_category_value,True,provenance_only,S001; S002
M4-FUNG-0536,22,mibig_completeness,True,provenance_only,S001; S002
M4-FUNG-0536,25,primary_reference_source_id,True,provenance_only,S003
M4-FUNG-0536,57,boundary_confidence,True,provenance_only,S002; S003
M4-FUNG-0536,58,pathway_identity_confidence,True,provenance_only,S003
M4-FUNG-0536,89,candidate_bgc_credibility,True,provenance_only,S003
M4-FUNG-0536,90,coordinated_transcription_evidence,True,provenance_only,S003
M4-FUNG-0536,91,biochemical_execution_evidence,True,provenance_only,S003
M4-FUNG-0536,92,product_formation_evidence,True,provenance_only,S003
M4-FUNG-0536,94,bgc_product_attribution,True,provenance_only,S003
M4-FUNG-0536,95,gene_product_attribution,True,provenance_only,S002; S003
M4-FUNG-0536,96,complete_pathway_reconstruction,True,provenance_only,S003
M4-FUNG-0536,98,major_database_problem,True,provenance_only,S001; S002; S003
M4-FUNG-0536,99,best_use_case_for_atlas,True,provenance_only,S002; S003
M4-FUNG-0536,100,overall_note,True,provenance_only,S001; S002; S003
M4-FUNG-0536,143,claim.legacy_support_annotation,True,provenance_only,S003
M4-FUNG-0536,144,claim.legacy_support_annotation,True,provenance_only,S002; S003
M4-FUNG-0536,145,claim.legacy_support_annotation,True,provenance_only,S003
M4-FUNG-0536,146,claim.legacy_support_annotation,True,provenance_only,S002; S003
M4-FUNG-0536,154,relationship.legacy_support_annotation,True,provenance_only,S002; S003
M4-FUNG-0536,155,relationship.legacy_support_annotation,True,provenance_only,S002; S003
M4-FUNG-0536,156,relationship.legacy_support_annotation,True,provenance_only,S003
M4-FUNG-0537,7,schema_version,True,administrative_excluded,
M4-FUNG-0537,8,dossier_id,True,administrative_excluded,
M4-FUNG-0537,9,sheet_record_status,True,administrative_excluded,S001; S002; S003; S004
M4-FUNG-0537,10,annotation_status,True,administrative_excluded,S001; S002; S003; S004
M4-FUNG-0537,11,annotation_date,True,administrative_excluded,NA
M4-FUNG-0537,12,inference,False,administrative_excluded,NA
M4-FUNG-0537,13,last_reviewed_date,True,administrative_excluded,NA
M4-FUNG-0537,20,mibig_record_status,True,provenance_only,
M4-FUNG-0537,21,source_native_category_value,True,provenance_only,
M4-FUNG-0537,22,mibig_completeness,True,provenance_only,
M4-FUNG-0537,25,primary_reference_source_id,True,provenance_only,
M4-FUNG-0537,57,boundary_confidence,True,provenance_only,
M4-FUNG-0537,58,pathway_identity_confidence,True,provenance_only,
M4-FUNG-0537,89,candidate_bgc_credibility,True,provenance_only,
M4-FUNG-0537,90,coordinated_transcription_evidence,True,provenance_only,
M4-FUNG-0537,91,biochemical_execution_evidence,True,provenance_only,
M4-FUNG-0537,92,product_formation_evidence,True,provenance_only,
M4-FUNG-0537,94,bgc_product_attribution,True,provenance_only,
M4-FUNG-0537,95,gene_product_attribution,True,provenance_only,
M4-FUNG-0537,96,complete_pathway_reconstruction,True,provenance_only,
M4-FUNG-0537,98,major_database_problem,True,provenance_only,
M4-FUNG-0537,99,best_use_case_for_atlas,True,provenance_only,
M4-FUNG-0537,100,overall_note,True,provenance_only,
M4-FUNG-0537,143,claim.legacy_support_annotation,True,provenance_only,S003
M4-FUNG-0537,144,claim.legacy_support_annotation,True,provenance_only,S003
M4-FUNG-0537,145,claim.legacy_support_annotation,True,provenance_only,S003
M4-FUNG-0537,154,relationship.legacy_support_annotation,True,provenance_only,S003
M4-FUNG-0538,7,schema_version,True,administrative_excluded,
M4-FUNG-0538,8,dossier_id,True,administrative_excluded,
M4-FUNG-0538,9,sheet_record_status,True,administrative_excluded,S001; S002; S003
M4-FUNG-0538,10,annotation_status,True,administrative_excluded,S001; S002; S003
M4-FUNG-0538,11,annotation_date,True,administrative_excluded,NA
M4-FUNG-0538,12,inference,False,administrative_excluded,NA
M4-FUNG-0538,13,last_reviewed_date,True,administrative_excluded,NA
M4-FUNG-0538,20,mibig_record_status,True,provenance_only,
M4-FUNG-0538,21,source_native_category_value,True,provenance_only,
M4-FUNG-0538,22,mibig_completeness,True,provenance_only,
M4-FUNG-0538,25,primary_reference_source_id,True,provenance_only,
M4-FUNG-0538,57,boundary_confidence,True,provenance_only,
M4-FUNG-0538,58,pathway_identity_confidence,True,provenance_only,
M4-FUNG-0538,89,candidate_bgc_credibility,True,provenance_only,
M4-FUNG-0538,90,coordinated_transcription_evidence,True,provenance_only,
M4-FUNG-0538,91,biochemical_execution_evidence,True,provenance_only,
M4-FUNG-0538,92,product_formation_evidence,True,provenance_only,
M4-FUNG-0538,94,bgc_product_attribution,True,provenance_only,
M4-FUNG-0538,95,gene_product_attribution,True,provenance_only,
M4-FUNG-0538,96,complete_pathway_reconstruction,True,provenance_only,
M4-FUNG-0538,98,major_database_problem,True,provenance_only,
M4-FUNG-0538,99,best_use_case_for_atlas,True,provenance_only,
M4-FUNG-0538,100,overall_note,True,provenance_only,
M4-FUNG-0538,143,claim.legacy_support_annotation,True,provenance_only,S003
M4-FUNG-0538,144,claim.legacy_support_annotation,True,provenance_only,S003
M4-FUNG-0538,145,claim.legacy_support_annotation,True,provenance_only,S003
M4-FUNG-0538,146,claim.legacy_support_annotation,True,provenance_only,S003
M4-FUNG-0538,154,relationship.legacy_support_annotation,True,provenance_only,S003
M4-FUNG-0538,155,relationship.legacy_support_annotation,True,provenance_only,S003
M4-FUNG-0538,156,relationship.legacy_support_annotation,True,provenance_only,S003
M4-FUNG-0539,7,schema_version,True,administrative_excluded,
M4-FUNG-0539,8,dossier_id,True,administrative_excluded,
M4-FUNG-0539,9,sheet_record_status,True,administrative_excluded,S001; S002; S003; S004
M4-FUNG-0539,10,annotation_status,True,administrative_excluded,S001; S002; S003; S004
M4-FUNG-0539,11,annotation_date,True,administrative_excluded,NA
M4-FUNG-0539,12,inference,False,administrative_excluded,NA
M4-FUNG-0539,13,last_reviewed_date,True,administrative_excluded,NA
M4-FUNG-0539,20,mibig_record_status,True,provenance_only,
M4-FUNG-0539,21,source_native_category_value,True,provenance_only,
M4-FUNG-0539,22,mibig_completeness,True,provenance_only,
M4-FUNG-0539,25,primary_reference_source_id,True,provenance_only,
M4-FUNG-0539,57,boundary_confidence,True,provenance_only,
M4-FUNG-0539,58,pathway_identity_confidence,True,provenance_only,
M4-FUNG-0539,89,candidate_bgc_credibility,True,provenance_only,
M4-FUNG-0539,90,coordinated_transcription_evidence,True,provenance_only,
M4-FUNG-0539,91,biochemical_execution_evidence,True,provenance_only,
M4-FUNG-0539,92,product_formation_evidence,True,provenance_only,
M4-FUNG-0539,94,bgc_product_attribution,True,provenance_only,
M4-FUNG-0539,95,gene_product_attribution,True,provenance_only,
M4-FUNG-0539,96,complete_pathway_reconstruction,True,provenance_only,
M4-FUNG-0539,98,major_database_problem,True,provenance_only,
M4-FUNG-0539,99,best_use_case_for_atlas,True,provenance_only,
M4-FUNG-0539,100,overall_note,True,provenance_only,
M4-FUNG-0539,143,claim.legacy_support_annotation,True,provenance_only,S003
M4-FUNG-0539,144,claim.legacy_support_annotation,True,provenance_only,S003; S004
M4-FUNG-0539,145,claim.legacy_support_annotation,True,provenance_only,S003
M4-FUNG-0540,7,schema_version,True,administrative_excluded,
M4-FUNG-0540,8,dossier_id,True,administrative_excluded,
M4-FUNG-0540,9,sheet_record_status,True,administrative_excluded,S001; S002; S003
M4-FUNG-0540,10,annotation_status,True,administrative_excluded,S001; S002; S003
M4-FUNG-0540,11,annotation_date,True,administrative_excluded,NA
M4-FUNG-0540,12,inference,False,administrative_excluded,NA
M4-FUNG-0540,13,last_reviewed_date,True,administrative_excluded,NA
M4-FUNG-0540,20,mibig_record_status,True,provenance_only,
M4-FUNG-0540,21,source_native_category_value,True,provenance_only,
M4-FUNG-0540,22,mibig_completeness,True,provenance_only,
M4-FUNG-0540,25,primary_reference_source_id,True,provenance_only,
M4-FUNG-0540,57,boundary_confidence,True,provenance_only,
M4-FUNG-0540,58,pathway_identity_confidence,True,provenance_only,
M4-FUNG-0540,89,candidate_bgc_credibility,True,provenance_only,
M4-FUNG-0540,90,coordinated_transcription_evidence,True,provenance_only,
M4-FUNG-0540,91,biochemical_execution_evidence,True,provenance_only,
M4-FUNG-0540,92,product_formation_evidence,True,provenance_only,
M4-FUNG-0540,94,bgc_product_attribution,True,provenance_only,
M4-FUNG-0540,95,gene_product_attribution,True,provenance_only,
M4-FUNG-0540,96,complete_pathway_reconstruction,True,provenance_only,
M4-FUNG-0540,98,major_database_problem,True,provenance_only,
M4-FUNG-0540,99,best_use_case_for_atlas,True,provenance_only,
M4-FUNG-0540,100,overall_note,True,provenance_only,
M4-FUNG-0540,143,claim.legacy_support_annotation,True,provenance_only,S003
M4-FUNG-0540,144,claim.legacy_support_annotation,True,provenance_only,S003
M4-FUNG-0540,145,claim.legacy_support_annotation,True,provenance_only,S003
M4-FUNG-0540,146,claim.legacy_support_annotation,True,provenance_only,S003
M4-FUNG-0540,147,claim.legacy_support_annotation,True,provenance_only,S001; S003
M4-FUNG-0540,154,relationship.legacy_support_annotation,True,provenance_only,S003
M4-FUNG-0540,155,relationship.legacy_support_annotation,True,provenance_only,S003
M4-FUNG-0540,156,relationship.legacy_support_annotation,True,provenance_only,S003
M4-FUNG-0540,157,relationship.legacy_support_annotation,True,provenance_only,S003
M4-FUNG-0541,7,schema_version,True,administrative_excluded,
M4-FUNG-0541,8,dossier_id,True,administrative_excluded,
M4-FUNG-0541,9,sheet_record_status,True,administrative_excluded,S001; S002; S003; S004
M4-FUNG-0541,10,annotation_status,True,administrative_excluded,S001; S002; S003; S004
M4-FUNG-0541,11,annotation_date,True,administrative_excluded,NA
M4-FUNG-0541,12,inference,False,administrative_excluded,NA
M4-FUNG-0541,13,last_reviewed_date,True,administrative_excluded,NA
M4-FUNG-0541,20,mibig_record_status,True,provenance_only,
M4-FUNG-0541,21,source_native_category_value,True,provenance_only,
M4-FUNG-0541,22,mibig_completeness,True,provenance_only,
M4-FUNG-0541,25,primary_reference_source_id,True,provenance_only,
M4-FUNG-0541,57,boundary_confidence,True,provenance_only,
M4-FUNG-0541,58,pathway_identity_confidence,True,provenance_only,
M4-FUNG-0541,89,candidate_bgc_credibility,True,provenance_only,
M4-FUNG-0541,90,coordinated_transcription_evidence,True,provenance_only,
M4-FUNG-0541,91,biochemical_execution_evidence,True,provenance_only,
M4-FUNG-0541,92,product_formation_evidence,True,provenance_only,
M4-FUNG-0541,94,bgc_product_attribution,True,provenance_only,
M4-FUNG-0541,95,gene_product_attribution,True,provenance_only,
M4-FUNG-0541,96,complete_pathway_reconstruction,True,provenance_only,
M4-FUNG-0541,98,major_database_problem,True,provenance_only,
M4-FUNG-0541,99,best_use_case_for_atlas,True,provenance_only,
M4-FUNG-0541,100,overall_note,True,provenance_only,
M4-FUNG-0541,143,claim.legacy_support_annotation,True,provenance_only,S003
M4-FUNG-0541,144,claim.legacy_support_annotation,True,provenance_only,S003
M4-FUNG-0541,145,claim.legacy_support_annotation,True,provenance_only,S003
M4-FUNG-0541,146,claim.legacy_support_annotation,True,provenance_only,S003
M4-FUNG-0542,7,schema_version,True,administrative_excluded,
M4-FUNG-0542,8,dossier_id,True,administrative_excluded,
M4-FUNG-0542,9,sheet_record_status,True,administrative_excluded,S001; S002; S003
M4-FUNG-0542,10,annotation_status,True,administrative_excluded,S001; S002; S003
M4-FUNG-0542,11,annotation_date,True,administrative_excluded,NA
M4-FUNG-0542,12,inference,False,administrative_excluded,NA
M4-FUNG-0542,13,last_reviewed_date,True,administrative_excluded,NA
M4-FUNG-0542,20,mibig_record_status,True,provenance_only,
M4-FUNG-0542,21,source_native_category_value,True,provenance_only,
M4-FUNG-0542,22,mibig_completeness,True,provenance_only,
M4-FUNG-0542,25,primary_reference_source_id,True,provenance_only,
M4-FUNG-0542,57,boundary_confidence,True,provenance_only,
M4-FUNG-0542,58,pathway_identity_confidence,True,provenance_only,
M4-FUNG-0542,89,candidate_bgc_credibility,True,provenance_only,
M4-FUNG-0542,90,coordinated_transcription_evidence,True,provenance_only,
M4-FUNG-0542,91,biochemical_execution_evidence,True,provenance_only,
M4-FUNG-0542,92,product_formation_evidence,True,provenance_only,
M4-FUNG-0542,94,bgc_product_attribution,True,provenance_only,
M4-FUNG-0542,95,gene_product_attribution,True,provenance_only,
M4-FUNG-0542,96,complete_pathway_reconstruction,True,provenance_only,
M4-FUNG-0542,98,major_database_problem,True,provenance_only,
M4-FUNG-0542,99,best_use_case_for_atlas,True,provenance_only,
M4-FUNG-0542,100,overall_note,True,provenance_only,
M4-FUNG-0542,143,claim.legacy_support_annotation,True,provenance_only,S003
M4-FUNG-0542,144,claim.legacy_support_annotation,True,provenance_only,S003
M4-FUNG-0542,145,claim.legacy_support_annotation,True,provenance_only,S003
M4-FUNG-0542,146,claim.legacy_support_annotation,True,provenance_only,S003
M4-FUNG-0542,147,claim.legacy_support_annotation,True,provenance_only,S001; S003
M4-FUNG-0542,154,relationship.legacy_support_annotation,True,provenance_only,S003
M4-FUNG-0542,155,relationship.legacy_support_annotation,True,provenance_only,S003
M4-FUNG-0543,7,schema_version,True,administrative_excluded,
M4-FUNG-0543,8,dossier_id,True,administrative_excluded,
M4-FUNG-0543,9,sheet_record_status,True,administrative_excluded,S001; S002; S003
M4-FUNG-0543,10,annotation_status,True,administrative_excluded,S001; S002; S003
M4-FUNG-0543,11,annotation_date,True,administrative_excluded,NA
M4-FUNG-0543,12,inference,False,administrative_excluded,NA
M4-FUNG-0543,13,last_reviewed_date,True,administrative_excluded,NA
M4-FUNG-0543,20,mibig_record_status,True,provenance_only,
M4-FUNG-0543,21,source_native_category_value,True,provenance_only,
M4-FUNG-0543,22,mibig_completeness,True,provenance_only,
M4-FUNG-0543,25,primary_reference_source_id,True,provenance_only,
M4-FUNG-0543,57,boundary_confidence,True,provenance_only,
M4-FUNG-0543,58,pathway_identity_confidence,True,provenance_only,
M4-FUNG-0543,89,candidate_bgc_credibility,True,provenance_only,
M4-FUNG-0543,90,coordinated_transcription_evidence,True,provenance_only,
M4-FUNG-0543,91,biochemical_execution_evidence,True,provenance_only,
M4-FUNG-0543,92,product_formation_evidence,True,provenance_only,
M4-FUNG-0543,94,bgc_product_attribution,True,provenance_only,
M4-FUNG-0543,95,gene_product_attribution,True,provenance_only,
M4-FUNG-0543,96,complete_pathway_reconstruction,True,provenance_only,
M4-FUNG-0543,98,major_database_problem,True,provenance_only,
M4-FUNG-0543,99,best_use_case_for_atlas,True,provenance_only,
M4-FUNG-0543,100,overall_note,True,provenance_only,
M4-FUNG-0543,143,claim.legacy_support_annotation,True,provenance_only,S003
M4-FUNG-0543,144,claim.legacy_support_annotation,True,provenance_only,S003
M4-FUNG-0543,145,claim.legacy_support_annotation,True,provenance_only,S003
M4-FUNG-0543,146,claim.legacy_support_annotation,True,provenance_only,S003
M4-FUNG-0543,147,claim.legacy_support_annotation,True,provenance_only,S003
M4-FUNG-0543,154,relationship.legacy_support_annotation,True,provenance_only,S003
M4-FUNG-0543,155,relationship.legacy_support_annotation,True,provenance_only,S003
M4-FUNG-0544,7,schema_version,True,administrative_excluded,
M4-FUNG-0544,8,dossier_id,True,administrative_excluded,
M4-FUNG-0544,9,sheet_record_status,True,administrative_excluded,S001; S002; S003; S004; S005
M4-FUNG-0544,10,annotation_status,True,administrative_excluded,S001; S002; S003; S004; S005
M4-FUNG-0544,11,annotation_date,True,administrative_excluded,NA
M4-FUNG-0544,12,inference,False,administrative_excluded,NA
M4-FUNG-0544,13,last_reviewed_date,True,administrative_excluded,NA
M4-FUNG-0544,20,mibig_record_status,True,provenance_only,
M4-FUNG-0544,21,source_native_category_value,True,provenance_only,
M4-FUNG-0544,22,mibig_completeness,True,provenance_only,
M4-FUNG-0544,25,primary_reference_source_id,True,provenance_only,
M4-FUNG-0544,57,boundary_confidence,True,provenance_only,
M4-FUNG-0544,58,pathway_identity_confidence,True,provenance_only,
M4-FUNG-0544,89,candidate_bgc_credibility,True,provenance_only,
M4-FUNG-0544,90,coordinated_transcription_evidence,True,provenance_only,
M4-FUNG-0544,91,biochemical_execution_evidence,True,provenance_only,
M4-FUNG-0544,92,product_formation_evidence,True,provenance_only,
M4-FUNG-0544,94,bgc_product_attribution,True,provenance_only,
M4-FUNG-0544,95,gene_product_attribution,True,provenance_only,
M4-FUNG-0544,96,complete_pathway_reconstruction,True,provenance_only,
M4-FUNG-0544,98,major_database_problem,True,provenance_only,
M4-FUNG-0544,99,best_use_case_for_atlas,True,provenance_only,
M4-FUNG-0544,100,overall_note,True,provenance_only,
M4-FUNG-0544,143,claim.legacy_support_annotation,True,provenance_only,S003
M4-FUNG-0544,144,claim.legacy_support_annotation,True,provenance_only,S003
M4-FUNG-0544,145,claim.legacy_support_annotation,True,provenance_only,S003
M4-FUNG-0544,146,claim.legacy_support_annotation,True,provenance_only,S003
M4-FUNG-0544,147,claim.legacy_support_annotation,True,provenance_only,S003
M4-FUNG-0544,148,claim.legacy_support_annotation,True,provenance_only,S003
M4-FUNG-0544,149,claim.legacy_support_annotation,True,provenance_only,S001; S002; S003
M4-FUNG-0544,154,relationship.legacy_support_annotation,True,provenance_only,S003
M4-FUNG-0544,155,relationship.legacy_support_annotation,True,provenance_only,S003
M4-FUNG-0544,156,relationship.legacy_support_annotation,True,provenance_only,S003
M4-FUNG-0544,157,relationship.legacy_support_annotation,True,provenance_only,S003
M4-FUNG-0544,158,relationship.legacy_support_annotation,True,provenance_only,S003
M4-FUNG-0545,7,schema_version,True,administrative_excluded,
M4-FUNG-0545,8,dossier_id,True,administrative_excluded,
M4-FUNG-0545,9,sheet_record_status,True,administrative_excluded,S001; S002; S003
M4-FUNG-0545,10,annotation_status,True,administrative_excluded,S001; S002; S003
M4-FUNG-0545,11,annotation_date,True,administrative_excluded,NA
M4-FUNG-0545,12,inference,False,administrative_excluded,NA
M4-FUNG-0545,13,last_reviewed_date,True,administrative_excluded,NA
M4-FUNG-0545,20,mibig_record_status,True,provenance_only,
M4-FUNG-0545,21,source_native_category_value,True,provenance_only,
M4-FUNG-0545,22,mibig_completeness,True,provenance_only,
M4-FUNG-0545,25,primary_reference_source_id,True,provenance_only,
M4-FUNG-0545,57,boundary_confidence,True,provenance_only,
M4-FUNG-0545,58,pathway_identity_confidence,True,provenance_only,
M4-FUNG-0545,89,candidate_bgc_credibility,True,provenance_only,
M4-FUNG-0545,90,coordinated_transcription_evidence,True,provenance_only,
M4-FUNG-0545,91,biochemical_execution_evidence,True,provenance_only,
M4-FUNG-0545,92,product_formation_evidence,True,provenance_only,
M4-FUNG-0545,94,bgc_product_attribution,True,provenance_only,
M4-FUNG-0545,95,gene_product_attribution,True,provenance_only,
M4-FUNG-0545,96,complete_pathway_reconstruction,True,provenance_only,
M4-FUNG-0545,98,major_database_problem,True,provenance_only,
M4-FUNG-0545,99,best_use_case_for_atlas,True,provenance_only,
M4-FUNG-0545,100,overall_note,True,provenance_only,
M4-FUNG-0545,143,claim.legacy_support_annotation,True,provenance_only,S003
M4-FUNG-0545,144,claim.legacy_support_annotation,True,provenance_only,S003
M4-FUNG-0545,145,claim.legacy_support_annotation,True,provenance_only,S003
M4-FUNG-0545,146,claim.legacy_support_annotation,True,provenance_only,S003
M4-FUNG-0545,147,claim.legacy_support_annotation,True,provenance_only,S001; S003
M4-FUNG-0545,148,claim.legacy_support_annotation,True,provenance_only,S001; S003
M4-FUNG-0545,154,relationship.legacy_support_annotation,True,provenance_only,S003
M4-FUNG-0545,155,relationship.legacy_support_annotation,True,provenance_only,S003
M4-FUNG-0545,156,relationship.legacy_support_annotation,True,provenance_only,S003
M4-FUNG-0546,7,schema_version,True,administrative_excluded,
M4-FUNG-0546,8,dossier_id,True,administrative_excluded,
M4-FUNG-0546,9,sheet_record_status,True,administrative_excluded,S001; S002; S003; S004
M4-FUNG-0546,10,annotation_status,True,administrative_excluded,S001; S002; S003; S004
M4-FUNG-0546,11,annotation_date,True,administrative_excluded,NA
M4-FUNG-0546,12,inference,False,administrative_excluded,NA
M4-FUNG-0546,13,last_reviewed_date,True,administrative_excluded,NA
M4-FUNG-0546,20,mibig_record_status,True,provenance_only,
M4-FUNG-0546,21,source_native_category_value,True,provenance_only,
M4-FUNG-0546,22,mibig_completeness,True,provenance_only,
M4-FUNG-0546,25,primary_reference_source_id,True,provenance_only,
M4-FUNG-0546,57,boundary_confidence,True,provenance_only,
M4-FUNG-0546,58,pathway_identity_confidence,True,provenance_only,
M4-FUNG-0546,89,candidate_bgc_credibility,True,provenance_only,
M4-FUNG-0546,90,coordinated_transcription_evidence,True,provenance_only,
M4-FUNG-0546,91,biochemical_execution_evidence,True,provenance_only,
M4-FUNG-0546,92,product_formation_evidence,True,provenance_only,
M4-FUNG-0546,94,bgc_product_attribution,True,provenance_only,
M4-FUNG-0546,95,gene_product_attribution,True,provenance_only,
M4-FUNG-0546,96,complete_pathway_reconstruction,True,provenance_only,
M4-FUNG-0546,98,major_database_problem,True,provenance_only,
M4-FUNG-0546,99,best_use_case_for_atlas,True,provenance_only,
M4-FUNG-0546,100,overall_note,True,provenance_only,
M4-FUNG-0546,143,claim.legacy_support_annotation,True,provenance_only,S003
M4-FUNG-0546,144,claim.legacy_support_annotation,True,provenance_only,S003
M4-FUNG-0546,145,claim.legacy_support_annotation,True,provenance_only,S003
M4-FUNG-0546,146,claim.legacy_support_annotation,True,provenance_only,S003
M4-FUNG-0546,147,claim.legacy_support_annotation,True,provenance_only,S003
M4-FUNG-0546,148,claim.legacy_support_annotation,True,provenance_only,S001; S002; S003
M4-FUNG-0546,154,relationship.legacy_support_annotation,True,provenance_only,S003
M4-FUNG-0546,155,relationship.legacy_support_annotation,True,provenance_only,S003
M4-FUNG-0547,7,schema_version,True,administrative_excluded,
M4-FUNG-0547,8,dossier_id,True,administrative_excluded,
M4-FUNG-0547,9,sheet_record_status,True,administrative_excluded,
M4-FUNG-0547,10,annotation_status,True,administrative_excluded,
M4-FUNG-0547,11,annotation_date,True,administrative_excluded,
M4-FUNG-0547,12,inference,False,administrative_excluded,
M4-FUNG-0547,13,last_reviewed_date,True,administrative_excluded,
M4-FUNG-0547,20,mibig_record_status,True,provenance_only,
M4-FUNG-0547,21,source_native_category_value,True,provenance_only,
M4-FUNG-0547,22,mibig_completeness,True,provenance_only,
M4-FUNG-0547,25,primary_reference_source_id,True,provenance_only,
M4-FUNG-0547,57,boundary_confidence,True,provenance_only,
M4-FUNG-0547,58,pathway_identity_confidence,True,provenance_only,
M4-FUNG-0547,89,candidate_bgc_credibility,True,provenance_only,
M4-FUNG-0547,90,coordinated_transcription_evidence,True,provenance_only,
M4-FUNG-0547,91,biochemical_execution_evidence,True,provenance_only,
M4-FUNG-0547,92,product_formation_evidence,True,provenance_only,
M4-FUNG-0547,94,bgc_product_attribution,True,provenance_only,
M4-FUNG-0547,95,gene_product_attribution,True,provenance_only,
M4-FUNG-0547,96,complete_pathway_reconstruction,True,provenance_only,
M4-FUNG-0547,98,major_database_problem,True,provenance_only,
M4-FUNG-0547,99,best_use_case_for_atlas,True,provenance_only,
M4-FUNG-0547,100,overall_note,True,provenance_only,
M4-FUNG-0548,7,schema_version,True,administrative_excluded,
M4-FUNG-0548,8,dossier_id,True,administrative_excluded,
M4-FUNG-0548,9,sheet_record_status,True,administrative_excluded,
M4-FUNG-0548,10,annotation_status,True,administrative_excluded,
M4-FUNG-0548,11,annotation_date,True,administrative_excluded,
M4-FUNG-0548,12,inference,False,administrative_excluded,
M4-FUNG-0548,13,last_reviewed_date,True,administrative_excluded,
M4-FUNG-0548,20,mibig_record_status,True,provenance_only,
M4-FUNG-0548,21,source_native_category_value,True,provenance_only,
M4-FUNG-0548,22,mibig_completeness,True,provenance_only,
M4-FUNG-0548,25,primary_reference_source_id,True,provenance_only,
M4-FUNG-0548,57,boundary_confidence,True,provenance_only,
M4-FUNG-0548,58,pathway_identity_confidence,True,provenance_only,
M4-FUNG-0548,89,candidate_bgc_credibility,True,provenance_only,
M4-FUNG-0548,90,coordinated_transcription_evidence,True,provenance_only,
M4-FUNG-0548,91,biochemical_execution_evidence,True,provenance_only,
M4-FUNG-0548,92,product_formation_evidence,True,provenance_only,
M4-FUNG-0548,94,bgc_product_attribution,True,provenance_only,
M4-FUNG-0548,95,gene_product_attribution,True,provenance_only,
M4-FUNG-0548,96,complete_pathway_reconstruction,True,provenance_only,
M4-FUNG-0548,98,major_database_problem,True,provenance_only,
M4-FUNG-0548,99,best_use_case_for_atlas,True,provenance_only,
M4-FUNG-0548,100,overall_note,True,provenance_only,
M4-FUNG-0549,7,schema_version,True,administrative_excluded,
M4-FUNG-0549,8,dossier_id,True,administrative_excluded,
M4-FUNG-0549,9,sheet_record_status,True,administrative_excluded,
M4-FUNG-0549,10,annotation_status,True,administrative_excluded,
M4-FUNG-0549,11,annotation_date,True,administrative_excluded,
M4-FUNG-0549,12,inference,False,administrative_excluded,
M4-FUNG-0549,13,last_reviewed_date,True,administrative_excluded,
M4-FUNG-0549,20,mibig_record_status,True,provenance_only,
M4-FUNG-0549,21,source_native_category_value,True,provenance_only,
M4-FUNG-0549,22,mibig_completeness,True,provenance_only,
M4-FUNG-0549,25,primary_reference_source_id,True,provenance_only,
M4-FUNG-0549,57,boundary_confidence,True,provenance_only,
M4-FUNG-0549,58,pathway_identity_confidence,True,provenance_only,
M4-FUNG-0549,89,candidate_bgc_credibility,True,provenance_only,
M4-FUNG-0549,90,coordinated_transcription_evidence,True,provenance_only,
M4-FUNG-0549,91,biochemical_execution_evidence,True,provenance_only,
M4-FUNG-0549,92,product_formation_evidence,True,provenance_only,
M4-FUNG-0549,94,bgc_product_attribution,True,provenance_only,
M4-FUNG-0549,95,gene_product_attribution,True,provenance_only,
M4-FUNG-0549,96,complete_pathway_reconstruction,True,provenance_only,
M4-FUNG-0549,98,major_database_problem,True,provenance_only,
M4-FUNG-0549,99,best_use_case_for_atlas,True,provenance_only,
M4-FUNG-0549,100,overall_note,True,provenance_only,
M4-FUNG-0550,7,schema_version,True,administrative_excluded,
M4-FUNG-0550,8,dossier_id,True,administrative_excluded,
M4-FUNG-0550,9,sheet_record_status,True,administrative_excluded,
M4-FUNG-0550,10,annotation_status,True,administrative_excluded,
M4-FUNG-0550,11,annotation_date,True,administrative_excluded,
M4-FUNG-0550,12,inference,False,administrative_excluded,
M4-FUNG-0550,13,last_reviewed_date,True,administrative_excluded,
M4-FUNG-0550,20,mibig_record_status,True,provenance_only,
M4-FUNG-0550,21,source_native_category_value,True,provenance_only,
M4-FUNG-0550,22,mibig_completeness,True,provenance_only,
M4-FUNG-0550,25,primary_reference_source_id,True,provenance_only,
M4-FUNG-0550,57,boundary_confidence,True,provenance_only,
M4-FUNG-0550,58,pathway_identity_confidence,True,provenance_only,
M4-FUNG-0550,89,candidate_bgc_credibility,True,provenance_only,
M4-FUNG-0550,90,coordinated_transcription_evidence,True,provenance_only,
M4-FUNG-0550,91,biochemical_execution_evidence,True,provenance_only,
M4-FUNG-0550,92,product_formation_evidence,True,provenance_only,
M4-FUNG-0550,94,bgc_product_attribution,True,provenance_only,
M4-FUNG-0550,95,gene_product_attribution,True,provenance_only,
M4-FUNG-0550,96,complete_pathway_reconstruction,True,provenance_only,
M4-FUNG-0550,98,major_database_problem,True,provenance_only,
M4-FUNG-0550,99,best_use_case_for_atlas,True,provenance_only,
M4-FUNG-0550,100,overall_note,True,provenance_only,
M4-FUNG-0551,7,schema_version,True,administrative_excluded,
M4-FUNG-0551,8,dossier_id,True,administrative_excluded,
M4-FUNG-0551,9,sheet_record_status,True,administrative_excluded,
M4-FUNG-0551,10,annotation_status,True,administrative_excluded,
M4-FUNG-0551,11,annotation_date,True,administrative_excluded,
M4-FUNG-0551,12,inference,False,administrative_excluded,
M4-FUNG-0551,13,last_reviewed_date,True,administrative_excluded,
M4-FUNG-0551,20,mibig_record_status,True,provenance_only,
M4-FUNG-0551,21,source_native_category_value,True,provenance_only,
M4-FUNG-0551,22,mibig_completeness,True,provenance_only,
M4-FUNG-0551,25,primary_reference_source_id,True,provenance_only,
M4-FUNG-0551,57,boundary_confidence,True,provenance_only,
M4-FUNG-0551,58,pathway_identity_confidence,True,provenance_only,
M4-FUNG-0551,89,candidate_bgc_credibility,True,provenance_only,
M4-FUNG-0551,90,coordinated_transcription_evidence,True,provenance_only,
M4-FUNG-0551,91,biochemical_execution_evidence,True,provenance_only,
M4-FUNG-0551,92,product_formation_evidence,True,provenance_only,
M4-FUNG-0551,94,bgc_product_attribution,True,provenance_only,
M4-FUNG-0551,95,gene_product_attribution,True,provenance_only,
M4-FUNG-0551,96,complete_pathway_reconstruction,True,provenance_only,
M4-FUNG-0551,98,major_database_problem,True,provenance_only,
M4-FUNG-0551,99,best_use_case_for_atlas,True,provenance_only,
M4-FUNG-0551,100,overall_note,True,provenance_only,
M4-FUNG-0552,7,schema_version,True,administrative_excluded,
M4-FUNG-0552,8,dossier_id,True,administrative_excluded,
M4-FUNG-0552,9,sheet_record_status,True,administrative_excluded,
M4-FUNG-0552,10,annotation_status,True,administrative_excluded,
M4-FUNG-0552,11,annotation_date,True,administrative_excluded,
M4-FUNG-0552,12,inference,False,administrative_excluded,
M4-FUNG-0552,13,last_reviewed_date,True,administrative_excluded,
M4-FUNG-0552,20,mibig_record_status,True,provenance_only,
M4-FUNG-0552,21,source_native_category_value,True,provenance_only,
M4-FUNG-0552,22,mibig_completeness,True,provenance_only,
M4-FUNG-0552,25,primary_reference_source_id,True,provenance_only,
M4-FUNG-0552,57,boundary_confidence,True,provenance_only,
M4-FUNG-0552,58,pathway_identity_confidence,True,provenance_only,
M4-FUNG-0552,89,candidate_bgc_credibility,True,provenance_only,
M4-FUNG-0552,90,coordinated_transcription_evidence,True,provenance_only,
M4-FUNG-0552,91,biochemical_execution_evidence,True,provenance_only,
M4-FUNG-0552,92,product_formation_evidence,True,provenance_only,
M4-FUNG-0552,94,bgc_product_attribution,True,provenance_only,
M4-FUNG-0552,95,gene_product_attribution,True,provenance_only,
M4-FUNG-0552,96,complete_pathway_reconstruction,True,provenance_only,
M4-FUNG-0552,98,major_database_problem,True,provenance_only,
M4-FUNG-0552,99,best_use_case_for_atlas,True,provenance_only,
M4-FUNG-0552,100,overall_note,True,provenance_only,
M4-FUNG-0553,7,schema_version,True,administrative_excluded,
M4-FUNG-0553,8,dossier_id,True,administrative_excluded,
M4-FUNG-0553,9,sheet_record_status,True,administrative_excluded,
M4-FUNG-0553,10,annotation_status,True,administrative_excluded,
M4-FUNG-0553,11,annotation_date,True,administrative_excluded,
M4-FUNG-0553,12,inference,False,administrative_excluded,
M4-FUNG-0553,13,last_reviewed_date,True,administrative_excluded,
M4-FUNG-0553,20,mibig_record_status,True,provenance_only,
M4-FUNG-0553,21,source_native_category_value,True,provenance_only,
M4-FUNG-0553,22,mibig_completeness,True,provenance_only,
M4-FUNG-0553,25,primary_reference_source_id,True,provenance_only,
M4-FUNG-0553,57,boundary_confidence,True,provenance_only,
M4-FUNG-0553,58,pathway_identity_confidence,True,provenance_only,
M4-FUNG-0553,89,candidate_bgc_credibility,True,provenance_only,
M4-FUNG-0553,90,coordinated_transcription_evidence,True,provenance_only,
M4-FUNG-0553,91,biochemical_execution_evidence,True,provenance_only,
M4-FUNG-0553,92,product_formation_evidence,True,provenance_only,
M4-FUNG-0553,94,bgc_product_attribution,True,provenance_only,
M4-FUNG-0553,95,gene_product_attribution,True,provenance_only,
M4-FUNG-0553,96,complete_pathway_reconstruction,True,provenance_only,
M4-FUNG-0553,98,major_database_problem,True,provenance_only,
M4-FUNG-0553,99,best_use_case_for_atlas,True,provenance_only,
M4-FUNG-0553,100,overall_note,True,provenance_only,
M4-FUNG-0554,7,schema_version,True,administrative_excluded,
M4-FUNG-0554,8,dossier_id,True,administrative_excluded,
M4-FUNG-0554,9,sheet_record_status,True,administrative_excluded,
M4-FUNG-0554,10,annotation_status,True,administrative_excluded,
M4-FUNG-0554,11,annotation_date,True,administrative_excluded,
M4-FUNG-0554,12,inference,False,administrative_excluded,
M4-FUNG-0554,13,last_reviewed_date,True,administrative_excluded,
M4-FUNG-0554,20,mibig_record_status,True,provenance_only,
M4-FUNG-0554,21,source_native_category_value,True,provenance_only,
M4-FUNG-0554,22,mibig_completeness,True,provenance_only,
M4-FUNG-0554,25,primary_reference_source_id,True,provenance_only,
M4-FUNG-0554,57,boundary_confidence,True,provenance_only,
M4-FUNG-0554,58,pathway_identity_confidence,True,provenance_only,
M4-FUNG-0554,89,candidate_bgc_credibility,True,provenance_only,
M4-FUNG-0554,90,coordinated_transcription_evidence,True,provenance_only,
M4-FUNG-0554,91,biochemical_execution_evidence,True,provenance_only,
M4-FUNG-0554,92,product_formation_evidence,True,provenance_only,
M4-FUNG-0554,94,bgc_product_attribution,True,provenance_only,
M4-FUNG-0554,95,gene_product_attribution,True,provenance_only,
M4-FUNG-0554,96,complete_pathway_reconstruction,True,provenance_only,
M4-FUNG-0554,98,major_database_problem,True,provenance_only,
M4-FUNG-0554,99,best_use_case_for_atlas,True,provenance_only,
M4-FUNG-0554,100,overall_note,True,provenance_only,
M4-FUNG-0555,7,schema_version,True,administrative_excluded,
M4-FUNG-0555,8,dossier_id,True,administrative_excluded,
M4-FUNG-0555,9,sheet_record_status,True,administrative_excluded,
M4-FUNG-0555,10,annotation_status,True,administrative_excluded,
M4-FUNG-0555,11,annotation_date,True,administrative_excluded,
M4-FUNG-0555,12,inference,False,administrative_excluded,
M4-FUNG-0555,13,last_reviewed_date,True,administrative_excluded,
M4-FUNG-0555,20,mibig_record_status,True,provenance_only,
M4-FUNG-0555,21,source_native_category_value,True,provenance_only,
M4-FUNG-0555,22,mibig_completeness,True,provenance_only,
M4-FUNG-0555,25,primary_reference_source_id,True,provenance_only,
M4-FUNG-0555,57,boundary_confidence,True,provenance_only,
M4-FUNG-0555,58,pathway_identity_confidence,True,provenance_only,
M4-FUNG-0555,89,candidate_bgc_credibility,True,provenance_only,
M4-FUNG-0555,90,coordinated_transcription_evidence,True,provenance_only,
M4-FUNG-0555,91,biochemical_execution_evidence,True,provenance_only,
M4-FUNG-0555,92,product_formation_evidence,True,provenance_only,
M4-FUNG-0555,94,bgc_product_attribution,True,provenance_only,
M4-FUNG-0555,95,gene_product_attribution,True,provenance_only,
M4-FUNG-0555,96,complete_pathway_reconstruction,True,provenance_only,
M4-FUNG-0555,98,major_database_problem,True,provenance_only,
M4-FUNG-0555,99,best_use_case_for_atlas,True,provenance_only,
M4-FUNG-0555,100,overall_note,True,provenance_only,
M4-FUNG-0556,7,schema_version,True,administrative_excluded,
M4-FUNG-0556,8,dossier_id,True,administrative_excluded,
M4-FUNG-0556,9,sheet_record_status,True,administrative_excluded,
M4-FUNG-0556,10,annotation_status,True,administrative_excluded,
M4-FUNG-0556,11,annotation_date,True,administrative_excluded,
M4-FUNG-0556,12,inference,False,administrative_excluded,
M4-FUNG-0556,13,last_reviewed_date,True,administrative_excluded,
M4-FUNG-0556,20,mibig_record_status,True,provenance_only,
M4-FUNG-0556,21,source_native_category_value,True,provenance_only,
M4-FUNG-0556,22,mibig_completeness,True,provenance_only,
M4-FUNG-0556,25,primary_reference_source_id,True,provenance_only,
M4-FUNG-0556,57,boundary_confidence,True,provenance_only,
M4-FUNG-0556,58,pathway_identity_confidence,True,provenance_only,
M4-FUNG-0556,89,candidate_bgc_credibility,True,provenance_only,
M4-FUNG-0556,90,coordinated_transcription_evidence,True,provenance_only,
M4-FUNG-0556,91,biochemical_execution_evidence,True,provenance_only,
M4-FUNG-0556,92,product_formation_evidence,True,provenance_only,
M4-FUNG-0556,94,bgc_product_attribution,True,provenance_only,
M4-FUNG-0556,95,gene_product_attribution,True,provenance_only,
M4-FUNG-0556,96,complete_pathway_reconstruction,True,provenance_only,
M4-FUNG-0556,98,major_database_problem,True,provenance_only,
M4-FUNG-0556,99,best_use_case_for_atlas,True,provenance_only,
M4-FUNG-0556,100,overall_note,True,provenance_only,
M4-FUNG-0557,7,schema_version,True,administrative_excluded,
M4-FUNG-0557,8,dossier_id,True,administrative_excluded,
M4-FUNG-0557,9,sheet_record_status,True,administrative_excluded,
M4-FUNG-0557,10,annotation_status,True,administrative_excluded,
M4-FUNG-0557,11,annotation_date,True,administrative_excluded,
M4-FUNG-0557,12,inference,False,administrative_excluded,
M4-FUNG-0557,13,last_reviewed_date,True,administrative_excluded,
M4-FUNG-0557,20,mibig_record_status,True,provenance_only,
M4-FUNG-0557,21,source_native_category_value,True,provenance_only,
M4-FUNG-0557,22,mibig_completeness,True,provenance_only,
M4-FUNG-0557,25,primary_reference_source_id,True,provenance_only,
M4-FUNG-0557,57,boundary_confidence,True,provenance_only,
M4-FUNG-0557,58,pathway_identity_confidence,True,provenance_only,
M4-FUNG-0557,89,candidate_bgc_credibility,True,provenance_only,
M4-FUNG-0557,90,coordinated_transcription_evidence,True,provenance_only,
M4-FUNG-0557,91,biochemical_execution_evidence,True,provenance_only,
M4-FUNG-0557,92,product_formation_evidence,True,provenance_only,
M4-FUNG-0557,94,bgc_product_attribution,True,provenance_only,
M4-FUNG-0557,95,gene_product_attribution,True,provenance_only,
M4-FUNG-0557,96,complete_pathway_reconstruction,True,provenance_only,
M4-FUNG-0557,98,major_database_problem,True,provenance_only,
M4-FUNG-0557,99,best_use_case_for_atlas,True,provenance_only,
M4-FUNG-0557,100,overall_note,True,provenance_only,
M4-FUNG-0557,143,claim.legacy_support_annotation,True,provenance_only,S003
M4-FUNG-0557,144,claim.legacy_support_annotation,True,provenance_only,S003
M4-FUNG-0557,145,claim.legacy_support_annotation,True,provenance_only,S003
M4-FUNG-0557,154,relationship.legacy_support_annotation,True,provenance_only,S003
M4-FUNG-0557,155,relationship.legacy_support_annotation,True,provenance_only,S003
M4-FUNG-0558,7,schema_version,True,administrative_excluded,
M4-FUNG-0558,8,dossier_id,True,administrative_excluded,
M4-FUNG-0558,9,sheet_record_status,True,administrative_excluded,
M4-FUNG-0558,10,annotation_status,True,administrative_excluded,
M4-FUNG-0558,11,annotation_date,True,administrative_excluded,
M4-FUNG-0558,12,inference,False,administrative_excluded,
M4-FUNG-0558,13,last_reviewed_date,True,administrative_excluded,
M4-FUNG-0558,20,mibig_record_status,True,provenance_only,
M4-FUNG-0558,21,source_native_category_value,True,provenance_only,
M4-FUNG-0558,22,mibig_completeness,True,provenance_only,
M4-FUNG-0558,25,primary_reference_source_id,True,provenance_only,
M4-FUNG-0558,57,boundary_confidence,True,provenance_only,
M4-FUNG-0558,58,pathway_identity_confidence,True,provenance_only,
M4-FUNG-0558,89,candidate_bgc_credibility,True,provenance_only,
M4-FUNG-0558,90,coordinated_transcription_evidence,True,provenance_only,
M4-FUNG-0558,91,biochemical_execution_evidence,True,provenance_only,
M4-FUNG-0558,92,product_formation_evidence,True,provenance_only,
M4-FUNG-0558,94,bgc_product_attribution,True,provenance_only,
M4-FUNG-0558,95,gene_product_attribution,True,provenance_only,
M4-FUNG-0558,96,complete_pathway_reconstruction,True,provenance_only,
M4-FUNG-0558,98,major_database_problem,True,provenance_only,
M4-FUNG-0558,99,best_use_case_for_atlas,True,provenance_only,
M4-FUNG-0558,100,overall_note,True,provenance_only,
M4-FUNG-0558,143,claim.legacy_support_annotation,True,provenance_only,S003
M4-FUNG-0558,144,claim.legacy_support_annotation,True,provenance_only,S003
M4-FUNG-0558,145,claim.legacy_support_annotation,True,provenance_only,S003
M4-FUNG-0558,154,relationship.legacy_support_annotation,True,provenance_only,S003
M4-FUNG-0558,155,relationship.legacy_support_annotation,True,provenance_only,S003
M4-FUNG-0559,7,schema_version,True,administrative_excluded,
M4-FUNG-0559,8,dossier_id,True,administrative_excluded,
M4-FUNG-0559,9,sheet_record_status,True,administrative_excluded,
M4-FUNG-0559,10,annotation_status,True,administrative_excluded,
M4-FUNG-0559,11,annotation_date,True,administrative_excluded,
M4-FUNG-0559,12,inference,False,administrative_excluded,
M4-FUNG-0559,13,last_reviewed_date,True,administrative_excluded,
M4-FUNG-0559,20,mibig_record_status,True,provenance_only,
M4-FUNG-0559,21,source_native_category_value,True,provenance_only,
M4-FUNG-0559,22,mibig_completeness,True,provenance_only,
M4-FUNG-0559,25,primary_reference_source_id,True,provenance_only,
M4-FUNG-0559,57,boundary_confidence,True,provenance_only,
M4-FUNG-0559,58,pathway_identity_confidence,True,provenance_only,
M4-FUNG-0559,89,candidate_bgc_credibility,True,provenance_only,
M4-FUNG-0559,90,coordinated_transcription_evidence,True,provenance_only,
M4-FUNG-0559,91,biochemical_execution_evidence,True,provenance_only,
M4-FUNG-0559,92,product_formation_evidence,True,provenance_only,
M4-FUNG-0559,94,bgc_product_attribution,True,provenance_only,
M4-FUNG-0559,95,gene_product_attribution,True,provenance_only,
M4-FUNG-0559,96,complete_pathway_reconstruction,True,provenance_only,
M4-FUNG-0559,98,major_database_problem,True,provenance_only,
M4-FUNG-0559,99,best_use_case_for_atlas,True,provenance_only,
M4-FUNG-0559,100,overall_note,True,provenance_only,
M4-FUNG-0559,143,claim.legacy_support_annotation,True,provenance_only,S003
M4-FUNG-0559,144,claim.legacy_support_annotation,True,provenance_only,S003
M4-FUNG-0559,145,claim.legacy_support_annotation,True,provenance_only,S003
M4-FUNG-0559,154,relationship.legacy_support_annotation,True,provenance_only,S003
M4-FUNG-0559,155,relationship.legacy_support_annotation,True,provenance_only,S003
M4-FUNG-0560,7,schema_version,True,administrative_excluded,
M4-FUNG-0560,8,dossier_id,True,administrative_excluded,
M4-FUNG-0560,9,sheet_record_status,True,administrative_excluded,
M4-FUNG-0560,10,annotation_status,True,administrative_excluded,
M4-FUNG-0560,11,annotation_date,True,administrative_excluded,
M4-FUNG-0560,12,inference,False,administrative_excluded,
M4-FUNG-0560,13,last_reviewed_date,True,administrative_excluded,
M4-FUNG-0560,20,mibig_record_status,True,provenance_only,
M4-FUNG-0560,21,source_native_category_value,True,provenance_only,
M4-FUNG-0560,22,mibig_completeness,True,provenance_only,
M4-FUNG-0560,25,primary_reference_source_id,True,provenance_only,
M4-FUNG-0560,57,boundary_confidence,True,provenance_only,
M4-FUNG-0560,58,pathway_identity_confidence,True,provenance_only,
M4-FUNG-0560,89,candidate_bgc_credibility,True,provenance_only,
M4-FUNG-0560,90,coordinated_transcription_evidence,True,provenance_only,
M4-FUNG-0560,91,biochemical_execution_evidence,True,provenance_only,
M4-FUNG-0560,92,product_formation_evidence,True,provenance_only,
M4-FUNG-0560,94,bgc_product_attribution,True,provenance_only,
M4-FUNG-0560,95,gene_product_attribution,True,provenance_only,
M4-FUNG-0560,96,complete_pathway_reconstruction,True,provenance_only,
M4-FUNG-0560,98,major_database_problem,True,provenance_only,
M4-FUNG-0560,99,best_use_case_for_atlas,True,provenance_only,
M4-FUNG-0560,100,overall_note,True,provenance_only,
M4-FUNG-0560,143,claim.legacy_support_annotation,True,provenance_only,S003
M4-FUNG-0560,144,claim.legacy_support_annotation,True,provenance_only,S003
M4-FUNG-0560,145,claim.legacy_support_annotation,True,provenance_only,S003
M4-FUNG-0560,154,relationship.legacy_support_annotation,True,provenance_only,S003
M4-FUNG-0561,7,schema_version,True,administrative_excluded,
M4-FUNG-0561,8,dossier_id,True,administrative_excluded,
M4-FUNG-0561,9,sheet_record_status,True,administrative_excluded,
M4-FUNG-0561,10,annotation_status,True,administrative_excluded,
M4-FUNG-0561,11,annotation_date,True,administrative_excluded,
M4-FUNG-0561,12,inference,False,administrative_excluded,
M4-FUNG-0561,13,last_reviewed_date,True,administrative_excluded,
M4-FUNG-0561,20,mibig_record_status,True,provenance_only,
M4-FUNG-0561,21,source_native_category_value,True,provenance_only,
M4-FUNG-0561,22,mibig_completeness,True,provenance_only,
M4-FUNG-0561,25,primary_reference_source_id,True,provenance_only,
M4-FUNG-0561,57,boundary_confidence,True,provenance_only,
M4-FUNG-0561,58,pathway_identity_confidence,True,provenance_only,
M4-FUNG-0561,89,candidate_bgc_credibility,True,provenance_only,
M4-FUNG-0561,90,coordinated_transcription_evidence,True,provenance_only,
M4-FUNG-0561,91,biochemical_execution_evidence,True,provenance_only,
M4-FUNG-0561,92,product_formation_evidence,True,provenance_only,
M4-FUNG-0561,94,bgc_product_attribution,True,provenance_only,
M4-FUNG-0561,95,gene_product_attribution,True,provenance_only,
M4-FUNG-0561,96,complete_pathway_reconstruction,True,provenance_only,
M4-FUNG-0561,98,major_database_problem,True,provenance_only,
M4-FUNG-0561,99,best_use_case_for_atlas,True,provenance_only,
M4-FUNG-0561,100,overall_note,True,provenance_only,
M4-FUNG-0561,143,claim.legacy_support_annotation,True,provenance_only,S003
M4-FUNG-0561,144,claim.legacy_support_annotation,True,provenance_only,S003
M4-FUNG-0561,145,claim.legacy_support_annotation,True,provenance_only,S003
M4-FUNG-0561,154,relationship.legacy_support_annotation,True,provenance_only,S003
M4-FUNG-0562,7,schema_version,True,administrative_excluded,
M4-FUNG-0562,8,dossier_id,True,administrative_excluded,
M4-FUNG-0562,9,sheet_record_status,True,administrative_excluded,
M4-FUNG-0562,10,annotation_status,True,administrative_excluded,
M4-FUNG-0562,11,annotation_date,True,administrative_excluded,
M4-FUNG-0562,12,inference,False,administrative_excluded,
M4-FUNG-0562,13,last_reviewed_date,True,administrative_excluded,
M4-FUNG-0562,20,mibig_record_status,True,provenance_only,
M4-FUNG-0562,21,source_native_category_value,True,provenance_only,
M4-FUNG-0562,22,mibig_completeness,True,provenance_only,
M4-FUNG-0562,25,primary_reference_source_id,True,provenance_only,
M4-FUNG-0562,57,boundary_confidence,True,provenance_only,
M4-FUNG-0562,58,pathway_identity_confidence,True,provenance_only,
M4-FUNG-0562,89,candidate_bgc_credibility,True,provenance_only,
M4-FUNG-0562,90,coordinated_transcription_evidence,True,provenance_only,
M4-FUNG-0562,91,biochemical_execution_evidence,True,provenance_only,
M4-FUNG-0562,92,product_formation_evidence,True,provenance_only,
M4-FUNG-0562,94,bgc_product_attribution,True,provenance_only,
M4-FUNG-0562,95,gene_product_attribution,True,provenance_only,
M4-FUNG-0562,96,complete_pathway_reconstruction,True,provenance_only,
M4-FUNG-0562,98,major_database_problem,True,provenance_only,
M4-FUNG-0562,99,best_use_case_for_atlas,True,provenance_only,
M4-FUNG-0562,100,overall_note,True,provenance_only,
M4-FUNG-0562,143,claim.legacy_support_annotation,True,provenance_only,S003
M4-FUNG-0562,144,claim.legacy_support_annotation,True,provenance_only,S003
M4-FUNG-0562,145,claim.legacy_support_annotation,True,provenance_only,S003
M4-FUNG-0562,154,relationship.legacy_support_annotation,True,provenance_only,S003
M4-FUNG-0563,7,schema_version,True,administrative_excluded,
M4-FUNG-0563,8,dossier_id,True,administrative_excluded,
M4-FUNG-0563,9,sheet_record_status,True,administrative_excluded,
M4-FUNG-0563,10,annotation_status,True,administrative_excluded,
M4-FUNG-0563,11,annotation_date,True,administrative_excluded,
M4-FUNG-0563,12,inference,False,administrative_excluded,
M4-FUNG-0563,13,last_reviewed_date,True,administrative_excluded,
M4-FUNG-0563,20,mibig_record_status,True,provenance_only,
M4-FUNG-0563,21,source_native_category_value,True,provenance_only,
M4-FUNG-0563,22,mibig_completeness,True,provenance_only,
M4-FUNG-0563,25,primary_reference_source_id,True,provenance_only,
M4-FUNG-0563,57,boundary_confidence,True,provenance_only,
M4-FUNG-0563,58,pathway_identity_confidence,True,provenance_only,
M4-FUNG-0563,89,candidate_bgc_credibility,True,provenance_only,
M4-FUNG-0563,90,coordinated_transcription_evidence,True,provenance_only,
M4-FUNG-0563,91,biochemical_execution_evidence,True,provenance_only,
M4-FUNG-0563,92,product_formation_evidence,True,provenance_only,
M4-FUNG-0563,94,bgc_product_attribution,True,provenance_only,
M4-FUNG-0563,95,gene_product_attribution,True,provenance_only,
M4-FUNG-0563,96,complete_pathway_reconstruction,True,provenance_only,
M4-FUNG-0563,98,major_database_problem,True,provenance_only,
M4-FUNG-0563,99,best_use_case_for_atlas,True,provenance_only,
M4-FUNG-0563,100,overall_note,True,provenance_only,
M4-FUNG-0563,143,claim.legacy_support_annotation,True,provenance_only,S003
M4-FUNG-0563,144,claim.legacy_support_annotation,True,provenance_only,S003
M4-FUNG-0563,145,claim.legacy_support_annotation,True,provenance_only,S003
M4-FUNG-0563,154,relationship.legacy_support_annotation,True,provenance_only,S003
M4-FUNG-0564,7,schema_version,True,administrative_excluded,
M4-FUNG-0564,8,dossier_id,True,administrative_excluded,
M4-FUNG-0564,9,sheet_record_status,True,administrative_excluded,
M4-FUNG-0564,10,annotation_status,True,administrative_excluded,
M4-FUNG-0564,11,annotation_date,True,administrative_excluded,
M4-FUNG-0564,12,inference,False,administrative_excluded,
M4-FUNG-0564,13,last_reviewed_date,True,administrative_excluded,
M4-FUNG-0564,20,mibig_record_status,True,provenance_only,
M4-FUNG-0564,21,source_native_category_value,True,provenance_only,
M4-FUNG-0564,22,mibig_completeness,True,provenance_only,
M4-FUNG-0564,25,primary_reference_source_id,True,provenance_only,
M4-FUNG-0564,57,boundary_confidence,True,provenance_only,
M4-FUNG-0564,58,pathway_identity_confidence,True,provenance_only,
M4-FUNG-0564,89,candidate_bgc_credibility,True,provenance_only,
M4-FUNG-0564,90,coordinated_transcription_evidence,True,provenance_only,
M4-FUNG-0564,91,biochemical_execution_evidence,True,provenance_only,
M4-FUNG-0564,92,product_formation_evidence,True,provenance_only,
M4-FUNG-0564,94,bgc_product_attribution,True,provenance_only,
M4-FUNG-0564,95,gene_product_attribution,True,provenance_only,
M4-FUNG-0564,96,complete_pathway_reconstruction,True,provenance_only,
M4-FUNG-0564,98,major_database_problem,True,provenance_only,
M4-FUNG-0564,99,best_use_case_for_atlas,True,provenance_only,
M4-FUNG-0564,100,overall_note,True,provenance_only,
M4-FUNG-0564,143,claim.legacy_support_annotation,True,provenance_only,S003
M4-FUNG-0564,144,claim.legacy_support_annotation,True,provenance_only,S003
M4-FUNG-0564,145,claim.legacy_support_annotation,True,provenance_only,S003
M4-FUNG-0564,154,relationship.legacy_support_annotation,True,provenance_only,S003
M4-FUNG-0565,7,schema_version,True,administrative_excluded,
M4-FUNG-0565,8,dossier_id,True,administrative_excluded,
M4-FUNG-0565,9,sheet_record_status,True,administrative_excluded,
M4-FUNG-0565,10,annotation_status,True,administrative_excluded,
M4-FUNG-0565,11,annotation_date,True,administrative_excluded,
M4-FUNG-0565,12,inference,False,administrative_excluded,
M4-FUNG-0565,13,last_reviewed_date,True,administrative_excluded,
M4-FUNG-0565,20,mibig_record_status,True,provenance_only,
M4-FUNG-0565,21,source_native_category_value,True,provenance_only,
M4-FUNG-0565,22,mibig_completeness,True,provenance_only,
M4-FUNG-0565,25,primary_reference_source_id,True,provenance_only,
M4-FUNG-0565,57,boundary_confidence,True,provenance_only,
M4-FUNG-0565,58,pathway_identity_confidence,True,provenance_only,
M4-FUNG-0565,89,candidate_bgc_credibility,True,provenance_only,
M4-FUNG-0565,90,coordinated_transcription_evidence,True,provenance_only,
M4-FUNG-0565,91,biochemical_execution_evidence,True,provenance_only,
M4-FUNG-0565,92,product_formation_evidence,True,provenance_only,
M4-FUNG-0565,94,bgc_product_attribution,True,provenance_only,
M4-FUNG-0565,95,gene_product_attribution,True,provenance_only,
M4-FUNG-0565,96,complete_pathway_reconstruction,True,provenance_only,
M4-FUNG-0565,98,major_database_problem,True,provenance_only,
M4-FUNG-0565,99,best_use_case_for_atlas,True,provenance_only,
M4-FUNG-0565,100,overall_note,True,provenance_only,
M4-FUNG-0565,143,claim.legacy_support_annotation,True,provenance_only,S003
M4-FUNG-0565,144,claim.legacy_support_annotation,True,provenance_only,S003
M4-FUNG-0565,154,relationship.legacy_support_annotation,True,provenance_only,S003
M4-FUNG-0566,7,schema_version,True,administrative_excluded,
M4-FUNG-0566,8,dossier_id,True,administrative_excluded,
M4-FUNG-0566,9,sheet_record_status,True,administrative_excluded,
M4-FUNG-0566,10,annotation_status,True,administrative_excluded,
M4-FUNG-0566,11,annotation_date,True,administrative_excluded,
M4-FUNG-0566,12,inference,False,administrative_excluded,
M4-FUNG-0566,13,last_reviewed_date,True,administrative_excluded,
M4-FUNG-0566,20,mibig_record_status,True,provenance_only,
M4-FUNG-0566,21,source_native_category_value,True,provenance_only,
M4-FUNG-0566,22,mibig_completeness,True,provenance_only,
M4-FUNG-0566,25,primary_reference_source_id,True,provenance_only,
M4-FUNG-0566,57,boundary_confidence,True,provenance_only,
M4-FUNG-0566,58,pathway_identity_confidence,True,provenance_only,
M4-FUNG-0566,89,candidate_bgc_credibility,True,provenance_only,
M4-FUNG-0566,90,coordinated_transcription_evidence,True,provenance_only,
M4-FUNG-0566,91,biochemical_execution_evidence,True,provenance_only,
M4-FUNG-0566,92,product_formation_evidence,True,provenance_only,
M4-FUNG-0566,94,bgc_product_attribution,True,provenance_only,
M4-FUNG-0566,95,gene_product_attribution,True,provenance_only,
M4-FUNG-0566,96,complete_pathway_reconstruction,True,provenance_only,
M4-FUNG-0566,98,major_database_problem,True,provenance_only,
M4-FUNG-0566,99,best_use_case_for_atlas,True,provenance_only,
M4-FUNG-0566,100,overall_note,True,provenance_only,
M4-FUNG-0566,143,claim.legacy_support_annotation,True,provenance_only,S003
M4-FUNG-0566,144,claim.legacy_support_annotation,True,provenance_only,S003
M4-FUNG-0566,145,claim.legacy_support_annotation,True,provenance_only,S003
M4-FUNG-0566,154,relationship.legacy_support_annotation,True,provenance_only,S003
M4-FUNG-0567,7,schema_version,True,administrative_excluded,S001;S002
M4-FUNG-0567,8,dossier_id,True,administrative_excluded,S001
M4-FUNG-0567,9,sheet_record_status,True,administrative_excluded,S001;S003
M4-FUNG-0567,10,annotation_status,True,administrative_excluded,S001;S003
M4-FUNG-0567,11,annotation_date,True,administrative_excluded,S001;S002;S003
M4-FUNG-0567,12,inference,False,administrative_excluded,S001;S002;S003
M4-FUNG-0567,13,last_reviewed_date,True,administrative_excluded,S003
M4-FUNG-0567,20,mibig_record_status,True,provenance_only,S001
M4-FUNG-0567,21,source_native_category_value,True,provenance_only,S001
M4-FUNG-0567,22,mibig_completeness,True,provenance_only,S001;S003
M4-FUNG-0567,25,primary_reference_source_id,True,provenance_only,S003
M4-FUNG-0567,57,boundary_confidence,True,provenance_only,S001;S003
M4-FUNG-0567,58,pathway_identity_confidence,True,provenance_only,S003
M4-FUNG-0567,89,candidate_bgc_credibility,True,provenance_only,S003
M4-FUNG-0567,90,coordinated_transcription_evidence,True,provenance_only,S003
M4-FUNG-0567,91,biochemical_execution_evidence,True,provenance_only,S003
M4-FUNG-0567,92,product_formation_evidence,True,provenance_only,S003
M4-FUNG-0567,94,bgc_product_attribution,True,provenance_only,S003
M4-FUNG-0567,95,gene_product_attribution,True,provenance_only,S003
M4-FUNG-0567,96,complete_pathway_reconstruction,True,provenance_only,S003
M4-FUNG-0567,98,major_database_problem,True,provenance_only,S001;S003
M4-FUNG-0567,99,best_use_case_for_atlas,True,provenance_only,S003
M4-FUNG-0567,100,overall_note,True,provenance_only,S001;S003
M4-FUNG-0567,143,claim.legacy_support_annotation,True,provenance_only,S003
M4-FUNG-0567,144,claim.legacy_support_annotation,True,provenance_only,S003
M4-FUNG-0567,145,claim.legacy_support_annotation,True,provenance_only,S003
M4-FUNG-0567,154,relationship.legacy_support_annotation,True,provenance_only,S003
M4-FUNG-0567,155,relationship.legacy_support_annotation,True,provenance_only,S003
M4-FUNG-0567,156,relationship.legacy_support_annotation,True,provenance_only,S003
M4-FUNG-0568,7,schema_version,True,administrative_excluded,S001;S002
M4-FUNG-0568,8,dossier_id,True,administrative_excluded,S001
M4-FUNG-0568,9,sheet_record_status,True,administrative_excluded,S001;S003
M4-FUNG-0568,10,annotation_status,True,administrative_excluded,S001;S003
M4-FUNG-0568,11,annotation_date,True,administrative_excluded,S001;S003
M4-FUNG-0568,12,inference,False,administrative_excluded,S001;S003
M4-FUNG-0568,13,last_reviewed_date,True,administrative_excluded,S003
M4-FUNG-0568,20,mibig_record_status,True,provenance_only,S001
M4-FUNG-0568,21,source_native_category_value,True,provenance_only,S001
M4-FUNG-0568,22,mibig_completeness,True,provenance_only,S001
M4-FUNG-0568,25,primary_reference_source_id,True,provenance_only,S003
M4-FUNG-0568,57,boundary_confidence,True,provenance_only,S001;S003
M4-FUNG-0568,58,pathway_identity_confidence,True,provenance_only,S003
M4-FUNG-0568,89,candidate_bgc_credibility,True,provenance_only,S003
M4-FUNG-0568,90,coordinated_transcription_evidence,True,provenance_only,S003
M4-FUNG-0568,91,biochemical_execution_evidence,True,provenance_only,S003
M4-FUNG-0568,92,product_formation_evidence,True,provenance_only,S003
M4-FUNG-0568,94,bgc_product_attribution,True,provenance_only,S003
M4-FUNG-0568,95,gene_product_attribution,True,provenance_only,S003
M4-FUNG-0568,96,complete_pathway_reconstruction,True,provenance_only,S003
M4-FUNG-0568,98,major_database_problem,True,provenance_only,S001;S003
M4-FUNG-0568,99,best_use_case_for_atlas,True,provenance_only,S003
M4-FUNG-0568,100,overall_note,True,provenance_only,S003
M4-FUNG-0568,143,claim.legacy_support_annotation,True,provenance_only,S003
M4-FUNG-0568,144,claim.legacy_support_annotation,True,provenance_only,S003
M4-FUNG-0568,145,claim.legacy_support_annotation,True,provenance_only,S003
M4-FUNG-0568,154,relationship.legacy_support_annotation,True,provenance_only,S003
M4-FUNG-0568,155,relationship.legacy_support_annotation,True,provenance_only,S003
M4-FUNG-0568,156,relationship.legacy_support_annotation,True,provenance_only,S003
M4-FUNG-0569,7,schema_version,True,administrative_excluded,S001;S002
M4-FUNG-0569,8,dossier_id,True,administrative_excluded,S001
M4-FUNG-0569,9,sheet_record_status,True,administrative_excluded,S001;S003
M4-FUNG-0569,10,annotation_status,True,administrative_excluded,S001;S003
M4-FUNG-0569,11,annotation_date,True,administrative_excluded,S001;S003
M4-FUNG-0569,12,inference,False,administrative_excluded,S001;S003
M4-FUNG-0569,13,last_reviewed_date,True,administrative_excluded,S003
M4-FUNG-0569,20,mibig_record_status,True,provenance_only,S001
M4-FUNG-0569,21,source_native_category_value,True,provenance_only,S001
M4-FUNG-0569,22,mibig_completeness,True,provenance_only,S001
M4-FUNG-0569,25,primary_reference_source_id,True,provenance_only,S003
M4-FUNG-0569,57,boundary_confidence,True,provenance_only,S001;S003
M4-FUNG-0569,58,pathway_identity_confidence,True,provenance_only,S003
M4-FUNG-0569,89,candidate_bgc_credibility,True,provenance_only,S003
M4-FUNG-0569,90,coordinated_transcription_evidence,True,provenance_only,S003
M4-FUNG-0569,91,biochemical_execution_evidence,True,provenance_only,S003
M4-FUNG-0569,92,product_formation_evidence,True,provenance_only,S003
M4-FUNG-0569,94,bgc_product_attribution,True,provenance_only,S003
M4-FUNG-0569,95,gene_product_attribution,True,provenance_only,S003
M4-FUNG-0569,96,complete_pathway_reconstruction,True,provenance_only,S003
M4-FUNG-0569,98,major_database_problem,True,provenance_only,S001;S003
M4-FUNG-0569,99,best_use_case_for_atlas,True,provenance_only,S003
M4-FUNG-0569,100,overall_note,True,provenance_only,S003
M4-FUNG-0569,143,claim.legacy_support_annotation,True,provenance_only,S003
M4-FUNG-0569,144,claim.legacy_support_annotation,True,provenance_only,S003
M4-FUNG-0569,145,claim.legacy_support_annotation,True,provenance_only,S003
M4-FUNG-0569,154,relationship.legacy_support_annotation,True,provenance_only,S003
M4-FUNG-0569,155,relationship.legacy_support_annotation,True,provenance_only,S003
M4-FUNG-0569,156,relationship.legacy_support_annotation,True,provenance_only,S003
M4-FUNG-0570,7,schema_version,True,administrative_excluded,S001;S002
M4-FUNG-0570,8,dossier_id,True,administrative_excluded,S001
M4-FUNG-0570,9,sheet_record_status,True,administrative_excluded,S001;S003
M4-FUNG-0570,10,annotation_status,True,administrative_excluded,S001;S003
M4-FUNG-0570,11,annotation_date,True,administrative_excluded,S001;S003
M4-FUNG-0570,12,inference,False,administrative_excluded,S001;S003
M4-FUNG-0570,13,last_reviewed_date,True,administrative_excluded,S003
M4-FUNG-0570,20,mibig_record_status,True,provenance_only,S001
M4-FUNG-0570,21,source_native_category_value,True,provenance_only,S001
M4-FUNG-0570,22,mibig_completeness,True,provenance_only,S001
M4-FUNG-0570,25,primary_reference_source_id,True,provenance_only,S003
M4-FUNG-0570,57,boundary_confidence,True,provenance_only,S003
M4-FUNG-0570,58,pathway_identity_confidence,True,provenance_only,S003
M4-FUNG-0570,89,candidate_bgc_credibility,True,provenance_only,S003
M4-FUNG-0570,90,coordinated_transcription_evidence,True,provenance_only,S003
M4-FUNG-0570,91,biochemical_execution_evidence,True,provenance_only,S003
M4-FUNG-0570,92,product_formation_evidence,True,provenance_only,S003
M4-FUNG-0570,94,bgc_product_attribution,True,provenance_only,S003
M4-FUNG-0570,95,gene_product_attribution,True,provenance_only,S003
M4-FUNG-0570,96,complete_pathway_reconstruction,True,provenance_only,S003
M4-FUNG-0570,98,major_database_problem,True,provenance_only,S001;S003
M4-FUNG-0570,99,best_use_case_for_atlas,True,provenance_only,S003
M4-FUNG-0570,100,overall_note,True,provenance_only,S003
M4-FUNG-0570,143,claim.legacy_support_annotation,True,provenance_only,S003
M4-FUNG-0570,144,claim.legacy_support_annotation,True,provenance_only,S003
M4-FUNG-0570,145,claim.legacy_support_annotation,True,provenance_only,S003
M4-FUNG-0570,146,claim.legacy_support_annotation,True,provenance_only,S003
M4-FUNG-0570,154,relationship.legacy_support_annotation,True,provenance_only,S003
M4-FUNG-0570,155,relationship.legacy_support_annotation,True,provenance_only,S003
M4-FUNG-0570,156,relationship.legacy_support_annotation,True,provenance_only,S003
M4-FUNG-0571,7,schema_version,True,administrative_excluded,S001;S002
M4-FUNG-0571,8,dossier_id,True,administrative_excluded,S001
M4-FUNG-0571,9,sheet_record_status,True,administrative_excluded,S001;S003
M4-FUNG-0571,10,annotation_status,True,administrative_excluded,S001;S003
M4-FUNG-0571,11,annotation_date,True,administrative_excluded,S001;S003
M4-FUNG-0571,12,inference,False,administrative_excluded,S003
M4-FUNG-0571,13,last_reviewed_date,True,administrative_excluded,S003
M4-FUNG-0571,20,mibig_record_status,True,provenance_only,S001
M4-FUNG-0571,21,source_native_category_value,True,provenance_only,S001
M4-FUNG-0571,22,mibig_completeness,True,provenance_only,S001
M4-FUNG-0571,25,primary_reference_source_id,True,provenance_only,S003
M4-FUNG-0571,57,boundary_confidence,True,provenance_only,S001;S003
M4-FUNG-0571,58,pathway_identity_confidence,True,provenance_only,S003
M4-FUNG-0571,89,candidate_bgc_credibility,True,provenance_only,S003
M4-FUNG-0571,90,coordinated_transcription_evidence,True,provenance_only,S003
M4-FUNG-0571,91,biochemical_execution_evidence,True,provenance_only,S003
M4-FUNG-0571,92,product_formation_evidence,True,provenance_only,S003
M4-FUNG-0571,94,bgc_product_attribution,True,provenance_only,S003
M4-FUNG-0571,95,gene_product_attribution,True,provenance_only,S003
M4-FUNG-0571,96,complete_pathway_reconstruction,True,provenance_only,S003
M4-FUNG-0571,98,major_database_problem,True,provenance_only,S001;S003
M4-FUNG-0571,99,best_use_case_for_atlas,True,provenance_only,S003
M4-FUNG-0571,100,overall_note,True,provenance_only,S003
M4-FUNG-0571,143,claim.legacy_support_annotation,True,provenance_only,S003
M4-FUNG-0571,144,claim.legacy_support_annotation,True,provenance_only,S003
M4-FUNG-0571,145,claim.legacy_support_annotation,True,provenance_only,S003
M4-FUNG-0571,146,claim.legacy_support_annotation,True,provenance_only,S001;S003
M4-FUNG-0571,154,relationship.legacy_support_annotation,True,provenance_only,S003
M4-FUNG-0571,155,relationship.legacy_support_annotation,True,provenance_only,S003
M4-FUNG-0571,156,relationship.legacy_support_annotation,True,provenance_only,S003
M4-FUNG-0572,7,schema_version,True,administrative_excluded,S001;S002
M4-FUNG-0572,8,dossier_id,True,administrative_excluded,S001
M4-FUNG-0572,9,sheet_record_status,True,administrative_excluded,S001;S003
M4-FUNG-0572,10,annotation_status,True,administrative_excluded,S001;S003
M4-FUNG-0572,11,annotation_date,True,administrative_excluded,S001;S003
M4-FUNG-0572,12,inference,False,administrative_excluded,S003
M4-FUNG-0572,13,last_reviewed_date,True,administrative_excluded,S003
M4-FUNG-0572,20,mibig_record_status,True,provenance_only,S001
M4-FUNG-0572,21,source_native_category_value,True,provenance_only,S001
M4-FUNG-0572,22,mibig_completeness,True,provenance_only,S001
M4-FUNG-0572,25,primary_reference_source_id,True,provenance_only,S003
M4-FUNG-0572,57,boundary_confidence,True,provenance_only,S001;S003
M4-FUNG-0572,58,pathway_identity_confidence,True,provenance_only,S003
M4-FUNG-0572,89,candidate_bgc_credibility,True,provenance_only,S003
M4-FUNG-0572,90,coordinated_transcription_evidence,True,provenance_only,S003
M4-FUNG-0572,91,biochemical_execution_evidence,True,provenance_only,S003
M4-FUNG-0572,92,product_formation_evidence,True,provenance_only,S003
M4-FUNG-0572,94,bgc_product_attribution,True,provenance_only,S003
M4-FUNG-0572,95,gene_product_attribution,True,provenance_only,S003
M4-FUNG-0572,96,complete_pathway_reconstruction,True,provenance_only,S003
M4-FUNG-0572,98,major_database_problem,True,provenance_only,S001;S003
M4-FUNG-0572,99,best_use_case_for_atlas,True,provenance_only,S003
M4-FUNG-0572,100,overall_note,True,provenance_only,S001;S003
M4-FUNG-0572,143,claim.legacy_support_annotation,True,provenance_only,S003
M4-FUNG-0572,144,claim.legacy_support_annotation,True,provenance_only,S003
M4-FUNG-0572,145,claim.legacy_support_annotation,True,provenance_only,S003
M4-FUNG-0572,146,claim.legacy_support_annotation,True,provenance_only,S003
M4-FUNG-0572,147,claim.legacy_support_annotation,True,provenance_only,S001;S003
M4-FUNG-0572,154,relationship.legacy_support_annotation,True,provenance_only,S003
M4-FUNG-0572,155,relationship.legacy_support_annotation,True,provenance_only,S003
M4-FUNG-0572,156,relationship.legacy_support_annotation,True,provenance_only,S003
M4-FUNG-0572,157,relationship.legacy_support_annotation,True,provenance_only,S003
M4-FUNG-0573,7,schema_version,True,administrative_excluded,S001;S002
M4-FUNG-0573,8,dossier_id,True,administrative_excluded,S001
M4-FUNG-0573,9,sheet_record_status,True,administrative_excluded,S001;S003;S004
M4-FUNG-0573,10,annotation_status,True,administrative_excluded,S001;S003;S004
M4-FUNG-0573,11,annotation_date,True,administrative_excluded,S001;S003;S004
M4-FUNG-0573,12,inference,False,administrative_excluded,S003;S004
M4-FUNG-0573,13,last_reviewed_date,True,administrative_excluded,S003;S004
M4-FUNG-0573,20,mibig_record_status,True,provenance_only,S001
M4-FUNG-0573,21,source_native_category_value,True,provenance_only,S001
M4-FUNG-0573,22,mibig_completeness,True,provenance_only,S001
M4-FUNG-0573,25,primary_reference_source_id,True,provenance_only,S003
M4-FUNG-0573,57,boundary_confidence,True,provenance_only,S001;S003
M4-FUNG-0573,58,pathway_identity_confidence,True,provenance_only,S003
M4-FUNG-0573,89,candidate_bgc_credibility,True,provenance_only,S003
M4-FUNG-0573,90,coordinated_transcription_evidence,True,provenance_only,S003
M4-FUNG-0573,91,biochemical_execution_evidence,True,provenance_only,S003
M4-FUNG-0573,92,product_formation_evidence,True,provenance_only,S003;S004
M4-FUNG-0573,94,bgc_product_attribution,True,provenance_only,S003
M4-FUNG-0573,95,gene_product_attribution,True,provenance_only,S003
M4-FUNG-0573,96,complete_pathway_reconstruction,True,provenance_only,S003
M4-FUNG-0573,98,major_database_problem,True,provenance_only,S001;S003
M4-FUNG-0573,99,best_use_case_for_atlas,True,provenance_only,S003
M4-FUNG-0573,100,overall_note,True,provenance_only,S003;S004
M4-FUNG-0573,143,claim.legacy_support_annotation,True,provenance_only,S003
M4-FUNG-0573,144,claim.legacy_support_annotation,True,provenance_only,S003
M4-FUNG-0573,145,claim.legacy_support_annotation,True,provenance_only,S003
M4-FUNG-0573,146,claim.legacy_support_annotation,True,provenance_only,S003
M4-FUNG-0573,154,relationship.legacy_support_annotation,True,provenance_only,S003
M4-FUNG-0573,155,relationship.legacy_support_annotation,True,provenance_only,S003
M4-FUNG-0573,156,relationship.legacy_support_annotation,True,provenance_only,S003
M4-FUNG-0574,7,schema_version,True,administrative_excluded,S001;S002
M4-FUNG-0574,8,dossier_id,True,administrative_excluded,S001
M4-FUNG-0574,9,sheet_record_status,True,administrative_excluded,S001;S003;S004
M4-FUNG-0574,10,annotation_status,True,administrative_excluded,S001;S003;S004
M4-FUNG-0574,11,annotation_date,True,administrative_excluded,S001;S003;S004
M4-FUNG-0574,12,inference,False,administrative_excluded,S003;S004
M4-FUNG-0574,13,last_reviewed_date,True,administrative_excluded,S003
M4-FUNG-0574,20,mibig_record_status,True,provenance_only,S001
M4-FUNG-0574,21,source_native_category_value,True,provenance_only,S001
M4-FUNG-0574,22,mibig_completeness,True,provenance_only,S001
M4-FUNG-0574,25,primary_reference_source_id,True,provenance_only,S003
M4-FUNG-0574,57,boundary_confidence,True,provenance_only,S001;S003
M4-FUNG-0574,58,pathway_identity_confidence,True,provenance_only,S003
M4-FUNG-0574,89,candidate_bgc_credibility,True,provenance_only,S003
M4-FUNG-0574,90,coordinated_transcription_evidence,True,provenance_only,S003
M4-FUNG-0574,91,biochemical_execution_evidence,True,provenance_only,S003
M4-FUNG-0574,92,product_formation_evidence,True,provenance_only,S003;S004
M4-FUNG-0574,94,bgc_product_attribution,True,provenance_only,S003
M4-FUNG-0574,95,gene_product_attribution,True,provenance_only,S003
M4-FUNG-0574,96,complete_pathway_reconstruction,True,provenance_only,S003
M4-FUNG-0574,98,major_database_problem,True,provenance_only,S001;S003
M4-FUNG-0574,99,best_use_case_for_atlas,True,provenance_only,S003
M4-FUNG-0574,100,overall_note,True,provenance_only,S003;S004
M4-FUNG-0574,143,claim.legacy_support_annotation,True,provenance_only,S003
M4-FUNG-0574,144,claim.legacy_support_annotation,True,provenance_only,S003
M4-FUNG-0574,145,claim.legacy_support_annotation,True,provenance_only,S003
M4-FUNG-0574,146,claim.legacy_support_annotation,True,provenance_only,S003
M4-FUNG-0574,154,relationship.legacy_support_annotation,True,provenance_only,S003
M4-FUNG-0574,155,relationship.legacy_support_annotation,True,provenance_only,S003
M4-FUNG-0574,156,relationship.legacy_support_annotation,True,provenance_only,S003
M4-FUNG-0575,7,schema_version,True,administrative_excluded,S001;S002
M4-FUNG-0575,8,dossier_id,True,administrative_excluded,S001
M4-FUNG-0575,9,sheet_record_status,True,administrative_excluded,S001;S003
M4-FUNG-0575,10,annotation_status,True,administrative_excluded,S001;S003
M4-FUNG-0575,11,annotation_date,True,administrative_excluded,S001;S003
M4-FUNG-0575,12,inference,False,administrative_excluded,S003
M4-FUNG-0575,13,last_reviewed_date,True,administrative_excluded,S003
M4-FUNG-0575,20,mibig_record_status,True,provenance_only,S001
M4-FUNG-0575,21,source_native_category_value,True,provenance_only,S001
M4-FUNG-0575,22,mibig_completeness,True,provenance_only,S001
M4-FUNG-0575,25,primary_reference_source_id,True,provenance_only,S003
M4-FUNG-0575,57,boundary_confidence,True,provenance_only,S001;S003
M4-FUNG-0575,58,pathway_identity_confidence,True,provenance_only,S003
M4-FUNG-0575,89,candidate_bgc_credibility,True,provenance_only,S003
M4-FUNG-0575,90,coordinated_transcription_evidence,True,provenance_only,S003
M4-FUNG-0575,91,biochemical_execution_evidence,True,provenance_only,S003
M4-FUNG-0575,92,product_formation_evidence,True,provenance_only,S003
M4-FUNG-0575,94,bgc_product_attribution,True,provenance_only,S003
M4-FUNG-0575,95,gene_product_attribution,True,provenance_only,S003
M4-FUNG-0575,96,complete_pathway_reconstruction,True,provenance_only,S003
M4-FUNG-0575,98,major_database_problem,True,provenance_only,S001;S003
M4-FUNG-0575,99,best_use_case_for_atlas,True,provenance_only,S003
M4-FUNG-0575,100,overall_note,True,provenance_only,S003
M4-FUNG-0575,143,claim.legacy_support_annotation,True,provenance_only,S003
M4-FUNG-0575,144,claim.legacy_support_annotation,True,provenance_only,S003
M4-FUNG-0575,145,claim.legacy_support_annotation,True,provenance_only,S003
M4-FUNG-0575,146,claim.legacy_support_annotation,True,provenance_only,S003
M4-FUNG-0575,147,claim.legacy_support_annotation,True,provenance_only,S003
M4-FUNG-0575,154,relationship.legacy_support_annotation,True,provenance_only,S003
M4-FUNG-0575,155,relationship.legacy_support_annotation,True,provenance_only,S003
M4-FUNG-0575,156,relationship.legacy_support_annotation,True,provenance_only,S003
M4-FUNG-0575,157,relationship.legacy_support_annotation,True,provenance_only,S003
M4-FUNG-0576,7,schema_version,True,administrative_excluded,S001;S002
M4-FUNG-0576,8,dossier_id,True,administrative_excluded,S001
M4-FUNG-0576,9,sheet_record_status,True,administrative_excluded,S001;S003
M4-FUNG-0576,10,annotation_status,True,administrative_excluded,S001;S003
M4-FUNG-0576,11,annotation_date,True,administrative_excluded,S001;S003
M4-FUNG-0576,12,inference,False,administrative_excluded,S003
M4-FUNG-0576,13,last_reviewed_date,True,administrative_excluded,S003
M4-FUNG-0576,20,mibig_record_status,True,provenance_only,S001
M4-FUNG-0576,21,source_native_category_value,True,provenance_only,S001
M4-FUNG-0576,22,mibig_completeness,True,provenance_only,S001
M4-FUNG-0576,25,primary_reference_source_id,True,provenance_only,S003
M4-FUNG-0576,57,boundary_confidence,True,provenance_only,S001;S003
M4-FUNG-0576,58,pathway_identity_confidence,True,provenance_only,S003
M4-FUNG-0576,89,candidate_bgc_credibility,True,provenance_only,S003
M4-FUNG-0576,90,coordinated_transcription_evidence,True,provenance_only,S003
M4-FUNG-0576,91,biochemical_execution_evidence,True,provenance_only,S003
M4-FUNG-0576,92,product_formation_evidence,True,provenance_only,S003
M4-FUNG-0576,94,bgc_product_attribution,True,provenance_only,S003
M4-FUNG-0576,95,gene_product_attribution,True,provenance_only,S003
M4-FUNG-0576,96,complete_pathway_reconstruction,True,provenance_only,S003
M4-FUNG-0576,98,major_database_problem,True,provenance_only,S001;S003
M4-FUNG-0576,99,best_use_case_for_atlas,True,provenance_only,S003
M4-FUNG-0576,100,overall_note,True,provenance_only,S001;S003
M4-FUNG-0576,143,claim.legacy_support_annotation,True,provenance_only,S003
M4-FUNG-0576,144,claim.legacy_support_annotation,True,provenance_only,S003
M4-FUNG-0576,145,claim.legacy_support_annotation,True,provenance_only,S003
M4-FUNG-0576,146,claim.legacy_support_annotation,True,provenance_only,S003
M4-FUNG-0576,147,claim.legacy_support_annotation,True,provenance_only,S001;S003
M4-FUNG-0576,154,relationship.legacy_support_annotation,True,provenance_only,S003
M4-FUNG-0576,155,relationship.legacy_support_annotation,True,provenance_only,S003
M4-FUNG-0576,156,relationship.legacy_support_annotation,True,provenance_only,S003
M4-FUNG-0576,157,relationship.legacy_support_annotation,True,provenance_only,S003
M4-FUNG-0577,7,schema_version,True,administrative_excluded,S001;S002
M4-FUNG-0577,8,dossier_id,True,administrative_excluded,S001
M4-FUNG-0577,9,sheet_record_status,True,administrative_excluded,S001;S003;S004;S005
M4-FUNG-0577,10,annotation_status,True,administrative_excluded,S001;S003;S004;S005
M4-FUNG-0577,11,annotation_date,True,administrative_excluded,S001;S003
M4-FUNG-0577,12,inference,False,administrative_excluded,S003;S004
M4-FUNG-0577,13,last_reviewed_date,True,administrative_excluded,S003;S004
M4-FUNG-0577,20,mibig_record_status,True,provenance_only,S001
M4-FUNG-0577,21,source_native_category_value,True,provenance_only,S001
M4-FUNG-0577,22,mibig_completeness,True,provenance_only,S001
M4-FUNG-0577,25,primary_reference_source_id,True,provenance_only,S003
M4-FUNG-0577,57,boundary_confidence,True,provenance_only,S001;S003;S004;S005
M4-FUNG-0577,58,pathway_identity_confidence,True,provenance_only,S003;S004
M4-FUNG-0577,89,candidate_bgc_credibility,True,provenance_only,S003;S004
M4-FUNG-0577,90,coordinated_transcription_evidence,True,provenance_only,S003
M4-FUNG-0577,91,biochemical_execution_evidence,True,provenance_only,S003;S004
M4-FUNG-0577,92,product_formation_evidence,True,provenance_only,S003;S004
M4-FUNG-0577,94,bgc_product_attribution,True,provenance_only,S003
M4-FUNG-0577,95,gene_product_attribution,True,provenance_only,S003;S004
M4-FUNG-0577,96,complete_pathway_reconstruction,True,provenance_only,S003
M4-FUNG-0577,98,major_database_problem,True,provenance_only,S001;S003;S004;S005
M4-FUNG-0577,99,best_use_case_for_atlas,True,provenance_only,S003;S004
M4-FUNG-0577,100,overall_note,True,provenance_only,S001;S003;S004;S005
M4-FUNG-0577,141,claim.legacy_support_annotation,True,provenance_only,S003
M4-FUNG-0577,142,claim.legacy_support_annotation,True,provenance_only,S004
M4-FUNG-0577,143,claim.legacy_support_annotation,True,provenance_only,S004
M4-FUNG-0577,144,claim.legacy_support_annotation,True,provenance_only,S003
M4-FUNG-0577,145,claim.legacy_support_annotation,True,provenance_only,S003
M4-FUNG-0577,146,claim.legacy_support_annotation,True,provenance_only,S001;S003;S004;S005
M4-FUNG-0577,152,relationship.legacy_support_annotation,True,provenance_only,S004
M4-FUNG-0577,153,relationship.legacy_support_annotation,True,provenance_only,S003;S004
M4-FUNG-0577,154,relationship.legacy_support_annotation,True,provenance_only,S003
M4-FUNG-0577,155,relationship.legacy_support_annotation,True,provenance_only,S003
M4-FUNG-0577,156,relationship.legacy_support_annotation,True,provenance_only,S003
M4-FUNG-0578,7,schema_version,True,administrative_excluded,S001;S002
M4-FUNG-0578,8,dossier_id,True,administrative_excluded,S001
M4-FUNG-0578,9,sheet_record_status,True,administrative_excluded,S001;S003;S004;S005
M4-FUNG-0578,10,annotation_status,True,administrative_excluded,S001;S003;S004;S005
M4-FUNG-0578,11,annotation_date,True,administrative_excluded,S001;S003
M4-FUNG-0578,12,inference,False,administrative_excluded,S003;S004
M4-FUNG-0578,13,last_reviewed_date,True,administrative_excluded,S003;S004
M4-FUNG-0578,20,mibig_record_status,True,provenance_only,S001;S002
M4-FUNG-0578,21,source_native_category_value,True,provenance_only,S001;S002
M4-FUNG-0578,22,mibig_completeness,True,provenance_only,S001;S002
M4-FUNG-0578,25,primary_reference_source_id,True,provenance_only,S003
M4-FUNG-0578,57,boundary_confidence,True,provenance_only,S001;S003
M4-FUNG-0578,58,pathway_identity_confidence,True,provenance_only,S003;S004
M4-FUNG-0578,89,candidate_bgc_credibility,True,provenance_only,S003;S004
M4-FUNG-0578,90,coordinated_transcription_evidence,True,provenance_only,S003
M4-FUNG-0578,91,biochemical_execution_evidence,True,provenance_only,S003;S004
M4-FUNG-0578,92,product_formation_evidence,True,provenance_only,S003
M4-FUNG-0578,94,bgc_product_attribution,True,provenance_only,S003
M4-FUNG-0578,95,gene_product_attribution,True,provenance_only,S003;S004
M4-FUNG-0578,96,complete_pathway_reconstruction,True,provenance_only,S003
M4-FUNG-0578,98,major_database_problem,True,provenance_only,S001;S003
M4-FUNG-0578,99,best_use_case_for_atlas,True,provenance_only,S003;S004
M4-FUNG-0578,100,overall_note,True,provenance_only,S003;S004
M4-FUNG-0578,141,claim.legacy_support_annotation,True,provenance_only,S003
M4-FUNG-0578,142,claim.legacy_support_annotation,True,provenance_only,S003
M4-FUNG-0578,143,claim.legacy_support_annotation,True,provenance_only,S003
M4-FUNG-0578,144,claim.legacy_support_annotation,True,provenance_only,S004
M4-FUNG-0578,145,claim.legacy_support_annotation,True,provenance_only,S003;S004
M4-FUNG-0578,146,claim.legacy_support_annotation,True,provenance_only,S001;S003
M4-FUNG-0578,152,relationship.legacy_support_annotation,True,provenance_only,S003;S004
M4-FUNG-0578,153,relationship.legacy_support_annotation,True,provenance_only,S003
M4-FUNG-0578,154,relationship.legacy_support_annotation,True,provenance_only,S003;S004
M4-FUNG-0578,155,relationship.legacy_support_annotation,True,provenance_only,S003;S004
M4-FUNG-0578,156,relationship.legacy_support_annotation,True,provenance_only,S003
M4-FUNG-0578,157,relationship.legacy_support_annotation,True,provenance_only,S004
M4-FUNG-0579,7,schema_version,True,administrative_excluded,S001;S002
M4-FUNG-0579,8,dossier_id,True,administrative_excluded,S001
M4-FUNG-0579,9,sheet_record_status,True,administrative_excluded,S001;S002;S003;S004
M4-FUNG-0579,10,annotation_status,True,administrative_excluded,S001;S002;S003;S004
M4-FUNG-0579,11,annotation_date,True,administrative_excluded,S003
M4-FUNG-0579,12,inference,False,administrative_excluded,S003
M4-FUNG-0579,13,last_reviewed_date,True,administrative_excluded,S003
M4-FUNG-0579,20,mibig_record_status,True,provenance_only,S001;S002
M4-FUNG-0579,21,source_native_category_value,True,provenance_only,S001;S002
M4-FUNG-0579,22,mibig_completeness,True,provenance_only,S001;S002
M4-FUNG-0579,25,primary_reference_source_id,True,provenance_only,S003
M4-FUNG-0579,57,boundary_confidence,True,provenance_only,S003
M4-FUNG-0579,58,pathway_identity_confidence,True,provenance_only,S003
M4-FUNG-0579,89,candidate_bgc_credibility,True,provenance_only,S003
M4-FUNG-0579,90,coordinated_transcription_evidence,True,provenance_only,S003
M4-FUNG-0579,91,biochemical_execution_evidence,True,provenance_only,S003
M4-FUNG-0579,92,product_formation_evidence,True,provenance_only,S003
M4-FUNG-0579,94,bgc_product_attribution,True,provenance_only,S003
M4-FUNG-0579,95,gene_product_attribution,True,provenance_only,S003
M4-FUNG-0579,96,complete_pathway_reconstruction,True,provenance_only,S003
M4-FUNG-0579,98,major_database_problem,True,provenance_only,S001;S002;S003
M4-FUNG-0579,99,best_use_case_for_atlas,True,provenance_only,S003
M4-FUNG-0579,100,overall_note,True,provenance_only,S003
M4-FUNG-0579,141,claim.legacy_support_annotation,True,provenance_only,S003
M4-FUNG-0579,142,claim.legacy_support_annotation,True,provenance_only,S003
M4-FUNG-0579,143,claim.legacy_support_annotation,True,provenance_only,S003
M4-FUNG-0579,144,claim.legacy_support_annotation,True,provenance_only,S001;S002;S003
M4-FUNG-0579,145,claim.legacy_support_annotation,True,provenance_only,S003
M4-FUNG-0579,152,relationship.legacy_support_annotation,True,provenance_only,S003
M4-FUNG-0579,153,relationship.legacy_support_annotation,True,provenance_only,S003
M4-FUNG-0579,154,relationship.legacy_support_annotation,True,provenance_only,S003
M4-FUNG-0579,155,relationship.legacy_support_annotation,True,provenance_only,S003
M4-FUNG-0580,7,schema_version,True,administrative_excluded,S001;S002
M4-FUNG-0580,8,dossier_id,True,administrative_excluded,S001
M4-FUNG-0580,9,sheet_record_status,True,administrative_excluded,S001;S002;S003;S004
M4-FUNG-0580,10,annotation_status,True,administrative_excluded,S001;S002;S003;S004
M4-FUNG-0580,11,annotation_date,True,administrative_excluded,S003
M4-FUNG-0580,12,inference,False,administrative_excluded,S003
M4-FUNG-0580,13,last_reviewed_date,True,administrative_excluded,S003
M4-FUNG-0580,20,mibig_record_status,True,provenance_only,S001;S002
M4-FUNG-0580,21,source_native_category_value,True,provenance_only,S001;S002
M4-FUNG-0580,22,mibig_completeness,True,provenance_only,S001;S002
M4-FUNG-0580,25,primary_reference_source_id,True,provenance_only,S003
M4-FUNG-0580,57,boundary_confidence,True,provenance_only,S003
M4-FUNG-0580,58,pathway_identity_confidence,True,provenance_only,S003
M4-FUNG-0580,89,candidate_bgc_credibility,True,provenance_only,S003
M4-FUNG-0580,90,coordinated_transcription_evidence,True,provenance_only,S003
M4-FUNG-0580,91,biochemical_execution_evidence,True,provenance_only,S003
M4-FUNG-0580,92,product_formation_evidence,True,provenance_only,S003
M4-FUNG-0580,94,bgc_product_attribution,True,provenance_only,S003
M4-FUNG-0580,95,gene_product_attribution,True,provenance_only,S003
M4-FUNG-0580,96,complete_pathway_reconstruction,True,provenance_only,S003
M4-FUNG-0580,98,major_database_problem,True,provenance_only,S001;S003
M4-FUNG-0580,99,best_use_case_for_atlas,True,provenance_only,S003
M4-FUNG-0580,100,overall_note,True,provenance_only,S003
M4-FUNG-0580,141,claim.legacy_support_annotation,True,provenance_only,S003
M4-FUNG-0580,142,claim.legacy_support_annotation,True,provenance_only,S003
M4-FUNG-0580,143,claim.legacy_support_annotation,True,provenance_only,S003
M4-FUNG-0580,144,claim.legacy_support_annotation,True,provenance_only,S003
M4-FUNG-0580,145,claim.legacy_support_annotation,True,provenance_only,S003
M4-FUNG-0580,146,claim.legacy_support_annotation,True,provenance_only,S003
M4-FUNG-0580,152,relationship.legacy_support_annotation,True,provenance_only,S003
M4-FUNG-0580,153,relationship.legacy_support_annotation,True,provenance_only,S003
M4-FUNG-0580,154,relationship.legacy_support_annotation,True,provenance_only,S003
M4-FUNG-0580,155,relationship.legacy_support_annotation,True,provenance_only,S003
M4-FUNG-0580,156,relationship.legacy_support_annotation,True,provenance_only,S003
M4-FUNG-0580,157,relationship.legacy_support_annotation,True,provenance_only,S003
M4-FUNG-0581,7,schema_version,True,administrative_excluded,S001;S002
M4-FUNG-0581,8,dossier_id,True,administrative_excluded,S001
M4-FUNG-0581,9,sheet_record_status,True,administrative_excluded,S001;S002;S003;S004;S005
M4-FUNG-0581,10,annotation_status,True,administrative_excluded,S001;S002;S003;S004;S005
M4-FUNG-0581,11,annotation_date,True,administrative_excluded,S003;S004
M4-FUNG-0581,12,inference,False,administrative_excluded,S003;S004
M4-FUNG-0581,13,last_reviewed_date,True,administrative_excluded,S003;S004
M4-FUNG-0581,20,mibig_record_status,True,provenance_only,S002
M4-FUNG-0581,21,source_native_category_value,True,provenance_only,S002;S003;S004
M4-FUNG-0581,22,mibig_completeness,True,provenance_only,S001;S002;S003;S004
M4-FUNG-0581,25,primary_reference_source_id,True,provenance_only,S003
M4-FUNG-0581,57,boundary_confidence,True,provenance_only,S002;S003;S004
M4-FUNG-0581,58,pathway_identity_confidence,True,provenance_only,S003;S004
M4-FUNG-0581,89,candidate_bgc_credibility,True,provenance_only,S002;S003;S004
M4-FUNG-0581,90,coordinated_transcription_evidence,True,provenance_only,S003
M4-FUNG-0581,91,biochemical_execution_evidence,True,provenance_only,S003;S004
M4-FUNG-0581,92,product_formation_evidence,True,provenance_only,S003;S004
M4-FUNG-0581,94,bgc_product_attribution,True,provenance_only,S002;S003;S004
M4-FUNG-0581,95,gene_product_attribution,True,provenance_only,S003;S004
M4-FUNG-0581,96,complete_pathway_reconstruction,True,provenance_only,S002;S003
M4-FUNG-0581,98,major_database_problem,True,provenance_only,S002;S003;S004
M4-FUNG-0581,99,best_use_case_for_atlas,True,provenance_only,S002;S003;S004
M4-FUNG-0581,100,overall_note,True,provenance_only,S002;S003;S004
M4-FUNG-0581,147,claim.legacy_support_annotation,True,provenance_only,S003
M4-FUNG-0581,148,claim.legacy_support_annotation,True,provenance_only,S003
M4-FUNG-0581,149,claim.legacy_support_annotation,True,provenance_only,S003
M4-FUNG-0581,150,claim.legacy_support_annotation,True,provenance_only,S004
M4-FUNG-0581,151,claim.legacy_support_annotation,True,provenance_only,S002;S003;S004
M4-FUNG-0581,152,claim.legacy_support_annotation,True,provenance_only,S004
M4-FUNG-0581,158,relationship.legacy_support_annotation,True,provenance_only,S004
M4-FUNG-0581,159,relationship.legacy_support_annotation,True,provenance_only,S003
M4-FUNG-0581,160,relationship.legacy_support_annotation,True,provenance_only,S003
M4-FUNG-0581,161,relationship.legacy_support_annotation,True,provenance_only,S003
M4-FUNG-0581,162,relationship.legacy_support_annotation,True,provenance_only,S002
M4-FUNG-0581,163,relationship.legacy_support_annotation,True,provenance_only,S004
M4-FUNG-0582,7,schema_version,True,administrative_excluded,S001;S002
M4-FUNG-0582,8,dossier_id,True,administrative_excluded,S001
M4-FUNG-0582,9,sheet_record_status,True,administrative_excluded,S001;S002;S003;S004
M4-FUNG-0582,10,annotation_status,True,administrative_excluded,S001;S002;S003;S004
M4-FUNG-0582,11,annotation_date,True,administrative_excluded,S003
M4-FUNG-0582,12,inference,False,administrative_excluded,S003
M4-FUNG-0582,13,last_reviewed_date,True,administrative_excluded,S003
M4-FUNG-0582,20,mibig_record_status,True,provenance_only,S002
M4-FUNG-0582,21,source_native_category_value,True,provenance_only,S002
M4-FUNG-0582,22,mibig_completeness,True,provenance_only,S002
M4-FUNG-0582,25,primary_reference_source_id,True,provenance_only,S003
M4-FUNG-0582,57,boundary_confidence,True,provenance_only,S002;S003
M4-FUNG-0582,58,pathway_identity_confidence,True,provenance_only,S003
M4-FUNG-0582,89,candidate_bgc_credibility,True,provenance_only,S003
M4-FUNG-0582,90,coordinated_transcription_evidence,True,provenance_only,S003
M4-FUNG-0582,91,biochemical_execution_evidence,True,provenance_only,S003
M4-FUNG-0582,92,product_formation_evidence,True,provenance_only,S003
M4-FUNG-0582,94,bgc_product_attribution,True,provenance_only,S003
M4-FUNG-0582,95,gene_product_attribution,True,provenance_only,S003
M4-FUNG-0582,96,complete_pathway_reconstruction,True,provenance_only,S003
M4-FUNG-0582,98,major_database_problem,True,provenance_only,S002;S003
M4-FUNG-0582,99,best_use_case_for_atlas,True,provenance_only,S003
M4-FUNG-0582,100,overall_note,True,provenance_only,S003
M4-FUNG-0582,143,claim.legacy_support_annotation,True,provenance_only,S003
M4-FUNG-0582,144,claim.legacy_support_annotation,True,provenance_only,S003
M4-FUNG-0582,145,claim.legacy_support_annotation,True,provenance_only,S003
M4-FUNG-0582,146,claim.legacy_support_annotation,True,provenance_only,S003
M4-FUNG-0582,147,claim.legacy_support_annotation,True,provenance_only,S003
M4-FUNG-0582,148,claim.legacy_support_annotation,True,provenance_only,S003
M4-FUNG-0582,154,relationship.legacy_support_annotation,True,provenance_only,S003
M4-FUNG-0582,155,relationship.legacy_support_annotation,True,provenance_only,S003
M4-FUNG-0582,156,relationship.legacy_support_annotation,True,provenance_only,S003
M4-FUNG-0582,157,relationship.legacy_support_annotation,True,provenance_only,S003
M4-FUNG-0582,158,relationship.legacy_support_annotation,True,provenance_only,S003
M4-FUNG-0582,159,relationship.legacy_support_annotation,True,provenance_only,S003
M4-FUNG-0583,7,schema_version,True,administrative_excluded,S001;S002
M4-FUNG-0583,8,dossier_id,True,administrative_excluded,S001
M4-FUNG-0583,9,sheet_record_status,True,administrative_excluded,S001;S002;S003;S004
M4-FUNG-0583,10,annotation_status,True,administrative_excluded,S001;S002;S003;S004
M4-FUNG-0583,11,annotation_date,True,administrative_excluded,S003
M4-FUNG-0583,12,inference,False,administrative_excluded,S003
M4-FUNG-0583,13,last_reviewed_date,True,administrative_excluded,S003
M4-FUNG-0583,20,mibig_record_status,True,provenance_only,S002
M4-FUNG-0583,21,source_native_category_value,True,provenance_only,S002
M4-FUNG-0583,22,mibig_completeness,True,provenance_only,S002
M4-FUNG-0583,25,primary_reference_source_id,True,provenance_only,S003
M4-FUNG-0583,57,boundary_confidence,True,provenance_only,S003
M4-FUNG-0583,58,pathway_identity_confidence,True,provenance_only,S003
M4-FUNG-0583,89,candidate_bgc_credibility,True,provenance_only,S003
M4-FUNG-0583,90,coordinated_transcription_evidence,True,provenance_only,S003
M4-FUNG-0583,91,biochemical_execution_evidence,True,provenance_only,S003
M4-FUNG-0583,92,product_formation_evidence,True,provenance_only,S003
M4-FUNG-0583,94,bgc_product_attribution,True,provenance_only,S003
M4-FUNG-0583,95,gene_product_attribution,True,provenance_only,S003
M4-FUNG-0583,96,complete_pathway_reconstruction,True,provenance_only,S003
M4-FUNG-0583,98,major_database_problem,True,provenance_only,S002;S003
M4-FUNG-0583,99,best_use_case_for_atlas,True,provenance_only,S003
M4-FUNG-0583,100,overall_note,True,provenance_only,S003
M4-FUNG-0583,141,claim.legacy_support_annotation,True,provenance_only,S003
M4-FUNG-0583,142,claim.legacy_support_annotation,True,provenance_only,S003
M4-FUNG-0583,143,claim.legacy_support_annotation,True,provenance_only,S003
M4-FUNG-0583,144,claim.legacy_support_annotation,True,provenance_only,S003
M4-FUNG-0583,145,claim.legacy_support_annotation,True,provenance_only,S003
M4-FUNG-0583,146,claim.legacy_support_annotation,True,provenance_only,S002;S003
M4-FUNG-0583,152,relationship.legacy_support_annotation,True,provenance_only,S003
M4-FUNG-0583,153,relationship.legacy_support_annotation,True,provenance_only,S003
M4-FUNG-0583,154,relationship.legacy_support_annotation,True,provenance_only,S003
M4-FUNG-0583,155,relationship.legacy_support_annotation,True,provenance_only,S003
M4-FUNG-0583,156,relationship.legacy_support_annotation,True,provenance_only,S003
M4-FUNG-0583,157,relationship.legacy_support_annotation,True,provenance_only,S003
M4-FUNG-0584,7,schema_version,True,administrative_excluded,S001;S002
M4-FUNG-0584,8,dossier_id,True,administrative_excluded,S001
M4-FUNG-0584,9,sheet_record_status,True,administrative_excluded,S001;S002;S003
M4-FUNG-0584,10,annotation_status,True,administrative_excluded,S001;S002;S003
M4-FUNG-0584,11,annotation_date,True,administrative_excluded,S003
M4-FUNG-0584,12,inference,False,administrative_excluded,S003
M4-FUNG-0584,13,last_reviewed_date,True,administrative_excluded,S003
M4-FUNG-0584,20,mibig_record_status,True,provenance_only,S002
M4-FUNG-0584,21,source_native_category_value,True,provenance_only,S002
M4-FUNG-0584,22,mibig_completeness,True,provenance_only,S002
M4-FUNG-0584,25,primary_reference_source_id,True,provenance_only,S003
M4-FUNG-0584,57,boundary_confidence,True,provenance_only,S002;S003
M4-FUNG-0584,58,pathway_identity_confidence,True,provenance_only,S003
M4-FUNG-0584,89,candidate_bgc_credibility,True,provenance_only,S002;S003
M4-FUNG-0584,90,coordinated_transcription_evidence,True,provenance_only,S003
M4-FUNG-0584,91,biochemical_execution_evidence,True,provenance_only,S002;S003
M4-FUNG-0584,92,product_formation_evidence,True,provenance_only,S003
M4-FUNG-0584,94,bgc_product_attribution,True,provenance_only,S003
M4-FUNG-0584,95,gene_product_attribution,True,provenance_only,S002;S003
M4-FUNG-0584,96,complete_pathway_reconstruction,True,provenance_only,S002;S003
M4-FUNG-0584,98,major_database_problem,True,provenance_only,S002;S003
M4-FUNG-0584,99,best_use_case_for_atlas,True,provenance_only,S003
M4-FUNG-0584,100,overall_note,True,provenance_only,S002;S003
M4-FUNG-0584,141,claim.legacy_support_annotation,True,provenance_only,S003
M4-FUNG-0584,142,claim.legacy_support_annotation,True,provenance_only,S003
M4-FUNG-0584,143,claim.legacy_support_annotation,True,provenance_only,S002;S003
M4-FUNG-0584,144,claim.legacy_support_annotation,True,provenance_only,S003
M4-FUNG-0584,152,relationship.legacy_support_annotation,True,provenance_only,S002;S003
M4-FUNG-0584,153,relationship.legacy_support_annotation,True,provenance_only,S002;S003
M4-FUNG-0584,154,relationship.legacy_support_annotation,True,provenance_only,S002;S003
M4-FUNG-0585,7,schema_version,True,administrative_excluded,S001;S002
M4-FUNG-0585,8,dossier_id,True,administrative_excluded,S001
M4-FUNG-0585,9,sheet_record_status,True,administrative_excluded,S001;S003
M4-FUNG-0585,10,annotation_status,True,administrative_excluded,S001;S003
M4-FUNG-0585,11,annotation_date,True,administrative_excluded,S003
M4-FUNG-0585,12,inference,False,administrative_excluded,S003
M4-FUNG-0585,13,last_reviewed_date,True,administrative_excluded,S003
M4-FUNG-0585,20,mibig_record_status,True,provenance_only,S001;S002
M4-FUNG-0585,21,source_native_category_value,True,provenance_only,S001;S002
M4-FUNG-0585,22,mibig_completeness,True,provenance_only,S001;S002
M4-FUNG-0585,25,primary_reference_source_id,True,provenance_only,S003
M4-FUNG-0585,57,boundary_confidence,True,provenance_only,S001;S003
M4-FUNG-0585,58,pathway_identity_confidence,True,provenance_only,S003
M4-FUNG-0585,89,candidate_bgc_credibility,True,provenance_only,S003
M4-FUNG-0585,90,coordinated_transcription_evidence,True,provenance_only,S003
M4-FUNG-0585,91,biochemical_execution_evidence,True,provenance_only,S003
M4-FUNG-0585,92,product_formation_evidence,True,provenance_only,S003
M4-FUNG-0585,94,bgc_product_attribution,True,provenance_only,S003
M4-FUNG-0585,95,gene_product_attribution,True,provenance_only,S003
M4-FUNG-0585,96,complete_pathway_reconstruction,True,provenance_only,S003
M4-FUNG-0585,98,major_database_problem,True,provenance_only,S001;S002
M4-FUNG-0585,99,best_use_case_for_atlas,True,provenance_only,S003
M4-FUNG-0585,100,overall_note,True,provenance_only,S003
M4-FUNG-0585,141,claim.legacy_support_annotation,True,provenance_only,S003
M4-FUNG-0585,142,claim.legacy_support_annotation,True,provenance_only,S003
M4-FUNG-0585,143,claim.legacy_support_annotation,True,provenance_only,S003
M4-FUNG-0585,152,relationship.legacy_support_annotation,True,provenance_only,S003
M4-FUNG-0585,153,relationship.legacy_support_annotation,True,provenance_only,S003
M4-FUNG-0586,7,schema_version,True,administrative_excluded,S001;S002
M4-FUNG-0586,8,dossier_id,True,administrative_excluded,S001
M4-FUNG-0586,9,sheet_record_status,True,administrative_excluded,S001;S002;S003;S004
M4-FUNG-0586,10,annotation_status,True,administrative_excluded,S001;S002;S003;S004
M4-FUNG-0586,11,annotation_date,True,administrative_excluded,S003;S004
M4-FUNG-0586,12,inference,False,administrative_excluded,S003;S004
M4-FUNG-0586,13,last_reviewed_date,True,administrative_excluded,S003;S004
M4-FUNG-0586,20,mibig_record_status,True,provenance_only,S001;S002
M4-FUNG-0586,21,source_native_category_value,True,provenance_only,S001
M4-FUNG-0586,22,mibig_completeness,True,provenance_only,S001
M4-FUNG-0586,25,primary_reference_source_id,True,provenance_only,S003
M4-FUNG-0586,57,boundary_confidence,True,provenance_only,S001;S002;S003
M4-FUNG-0586,58,pathway_identity_confidence,True,provenance_only,S003;S004
M4-FUNG-0586,89,candidate_bgc_credibility,True,provenance_only,S002;S003;S004
M4-FUNG-0586,90,coordinated_transcription_evidence,True,provenance_only,S003
M4-FUNG-0586,91,biochemical_execution_evidence,True,provenance_only,S003
M4-FUNG-0586,92,product_formation_evidence,True,provenance_only,S004
M4-FUNG-0586,94,bgc_product_attribution,True,provenance_only,S002;S003
M4-FUNG-0586,95,gene_product_attribution,True,provenance_only,S003
M4-FUNG-0586,96,complete_pathway_reconstruction,True,provenance_only,S003
M4-FUNG-0586,98,major_database_problem,True,provenance_only,S002
M4-FUNG-0586,99,best_use_case_for_atlas,True,provenance_only,S002;S003;S004
M4-FUNG-0586,100,overall_note,True,provenance_only,S002;S003;S004
M4-FUNG-0586,141,claim.legacy_support_annotation,True,provenance_only,S004
M4-FUNG-0586,142,claim.legacy_support_annotation,True,provenance_only,S003
M4-FUNG-0586,143,claim.legacy_support_annotation,True,provenance_only,S001;S002;S003
M4-FUNG-0586,152,relationship.legacy_support_annotation,True,provenance_only,S003
M4-FUNG-0586,153,relationship.legacy_support_annotation,True,provenance_only,S004
M4-FUNG-0587,7,schema_version,True,administrative_excluded,S001;S002
M4-FUNG-0587,8,dossier_id,True,administrative_excluded,S001
M4-FUNG-0587,9,sheet_record_status,True,administrative_excluded,S001;S002;S003
M4-FUNG-0587,10,annotation_status,True,administrative_excluded,S001;S002;S003
M4-FUNG-0587,11,annotation_date,True,administrative_excluded,S003
M4-FUNG-0587,12,inference,False,administrative_excluded,S003
M4-FUNG-0587,13,last_reviewed_date,True,administrative_excluded,S003
M4-FUNG-0587,20,mibig_record_status,True,provenance_only,S001;S002
M4-FUNG-0587,21,source_native_category_value,True,provenance_only,S001;S002
M4-FUNG-0587,22,mibig_completeness,True,provenance_only,S001;S002
M4-FUNG-0587,25,primary_reference_source_id,True,provenance_only,S003
M4-FUNG-0587,57,boundary_confidence,True,provenance_only,S002;S003
M4-FUNG-0587,58,pathway_identity_confidence,True,provenance_only,S003
M4-FUNG-0587,89,candidate_bgc_credibility,True,provenance_only,S002;S003
M4-FUNG-0587,90,coordinated_transcription_evidence,True,provenance_only,S003
M4-FUNG-0587,91,biochemical_execution_evidence,True,provenance_only,S003
M4-FUNG-0587,92,product_formation_evidence,True,provenance_only,S003
M4-FUNG-0587,94,bgc_product_attribution,True,provenance_only,S003
M4-FUNG-0587,95,gene_product_attribution,True,provenance_only,S003
M4-FUNG-0587,96,complete_pathway_reconstruction,True,provenance_only,S001;S003
M4-FUNG-0587,98,major_database_problem,True,provenance_only,S001;S003
M4-FUNG-0587,99,best_use_case_for_atlas,True,provenance_only,S003
M4-FUNG-0587,100,overall_note,True,provenance_only,S003
M4-FUNG-0587,141,claim.legacy_support_annotation,True,provenance_only,S003
M4-FUNG-0587,142,claim.legacy_support_annotation,True,provenance_only,S003
M4-FUNG-0587,143,claim.legacy_support_annotation,True,provenance_only,S003
M4-FUNG-0587,144,claim.legacy_support_annotation,True,provenance_only,S003
M4-FUNG-0587,152,relationship.legacy_support_annotation,True,provenance_only,S003
M4-FUNG-0587,153,relationship.legacy_support_annotation,True,provenance_only,S003
M4-FUNG-0588,7,schema_version,True,administrative_excluded,S001;S002
M4-FUNG-0588,8,dossier_id,True,administrative_excluded,S001
M4-FUNG-0588,9,sheet_record_status,True,administrative_excluded,S001;S002;S003
M4-FUNG-0588,10,annotation_status,True,administrative_excluded,S001;S002;S003
M4-FUNG-0588,11,annotation_date,True,administrative_excluded,S003
M4-FUNG-0588,12,inference,False,administrative_excluded,S003
M4-FUNG-0588,13,last_reviewed_date,True,administrative_excluded,S003
M4-FUNG-0588,20,mibig_record_status,True,provenance_only,S001;S002
M4-FUNG-0588,21,source_native_category_value,True,provenance_only,S001
M4-FUNG-0588,22,mibig_completeness,True,provenance_only,S001
M4-FUNG-0588,25,primary_reference_source_id,True,provenance_only,S003
M4-FUNG-0588,57,boundary_confidence,True,provenance_only,S002;S003
M4-FUNG-0588,58,pathway_identity_confidence,True,provenance_only,S003
M4-FUNG-0588,89,candidate_bgc_credibility,True,provenance_only,S002;S003
M4-FUNG-0588,90,coordinated_transcription_evidence,True,provenance_only,S003
M4-FUNG-0588,91,biochemical_execution_evidence,True,provenance_only,S003
M4-FUNG-0588,92,product_formation_evidence,True,provenance_only,S003
M4-FUNG-0588,94,bgc_product_attribution,True,provenance_only,S002;S003
M4-FUNG-0588,95,gene_product_attribution,True,provenance_only,S003
M4-FUNG-0588,96,complete_pathway_reconstruction,True,provenance_only,S003
M4-FUNG-0588,98,major_database_problem,True,provenance_only,S001;S002
M4-FUNG-0588,99,best_use_case_for_atlas,True,provenance_only,S003
M4-FUNG-0588,100,overall_note,True,provenance_only,S002;S003
M4-FUNG-0588,141,claim.legacy_support_annotation,True,provenance_only,S003
M4-FUNG-0588,142,claim.legacy_support_annotation,True,provenance_only,S003
M4-FUNG-0588,143,claim.legacy_support_annotation,True,provenance_only,S003
M4-FUNG-0588,144,claim.legacy_support_annotation,True,provenance_only,S001;S002;S003
M4-FUNG-0588,152,relationship.legacy_support_annotation,True,provenance_only,S003
M4-FUNG-0588,153,relationship.legacy_support_annotation,True,provenance_only,S003
M4-FUNG-0588,154,relationship.legacy_support_annotation,True,provenance_only,S003
M4-FUNG-0589,7,schema_version,True,administrative_excluded,S001;S002
M4-FUNG-0589,8,dossier_id,True,administrative_excluded,S001
M4-FUNG-0589,9,sheet_record_status,True,administrative_excluded,S001;S003
M4-FUNG-0589,10,annotation_status,True,administrative_excluded,S001;S003
M4-FUNG-0589,11,annotation_date,True,administrative_excluded,S003
M4-FUNG-0589,12,inference,False,administrative_excluded,S003
M4-FUNG-0589,13,last_reviewed_date,True,administrative_excluded,S003
M4-FUNG-0589,20,mibig_record_status,True,provenance_only,S001;S002
M4-FUNG-0589,21,source_native_category_value,True,provenance_only,S001;S002
M4-FUNG-0589,22,mibig_completeness,True,provenance_only,S001;S002
M4-FUNG-0589,25,primary_reference_source_id,True,provenance_only,S003
M4-FUNG-0589,57,boundary_confidence,True,provenance_only,S002;S003
M4-FUNG-0589,58,pathway_identity_confidence,True,provenance_only,S003
M4-FUNG-0589,89,candidate_bgc_credibility,True,provenance_only,S003
M4-FUNG-0589,90,coordinated_transcription_evidence,True,provenance_only,S003
M4-FUNG-0589,91,biochemical_execution_evidence,True,provenance_only,S003
M4-FUNG-0589,92,product_formation_evidence,True,provenance_only,S003
M4-FUNG-0589,94,bgc_product_attribution,True,provenance_only,S003
M4-FUNG-0589,95,gene_product_attribution,True,provenance_only,S003
M4-FUNG-0589,96,complete_pathway_reconstruction,True,provenance_only,S003
M4-FUNG-0589,98,major_database_problem,True,provenance_only,S002;S003
M4-FUNG-0589,99,best_use_case_for_atlas,True,provenance_only,S003
M4-FUNG-0589,100,overall_note,True,provenance_only,S003
M4-FUNG-0589,141,claim.legacy_support_annotation,True,provenance_only,S003
M4-FUNG-0589,142,claim.legacy_support_annotation,True,provenance_only,S003
M4-FUNG-0589,143,claim.legacy_support_annotation,True,provenance_only,S003
M4-FUNG-0589,152,relationship.legacy_support_annotation,True,provenance_only,S003
M4-FUNG-0589,153,relationship.legacy_support_annotation,True,provenance_only,S003
M4-FUNG-0590,7,schema_version,True,administrative_excluded,S001;S002
M4-FUNG-0590,8,dossier_id,True,administrative_excluded,S001
M4-FUNG-0590,9,sheet_record_status,True,administrative_excluded,S001;S002;S003;S004
M4-FUNG-0590,10,annotation_status,True,administrative_excluded,S001;S002;S003;S004
M4-FUNG-0590,11,annotation_date,True,administrative_excluded,S003;S004
M4-FUNG-0590,12,inference,False,administrative_excluded,S003;S004
M4-FUNG-0590,13,last_reviewed_date,True,administrative_excluded,S003;S004
M4-FUNG-0590,20,mibig_record_status,True,provenance_only,S001;S002
M4-FUNG-0590,21,source_native_category_value,True,provenance_only,S001
M4-FUNG-0590,22,mibig_completeness,True,provenance_only,S001
M4-FUNG-0590,25,primary_reference_source_id,True,provenance_only,S003
M4-FUNG-0590,57,boundary_confidence,True,provenance_only,S001;S002;S004
M4-FUNG-0590,58,pathway_identity_confidence,True,provenance_only,S003;S004
M4-FUNG-0590,89,candidate_bgc_credibility,True,provenance_only,S002;S003;S004
M4-FUNG-0590,90,coordinated_transcription_evidence,True,provenance_only,S004
M4-FUNG-0590,91,biochemical_execution_evidence,True,provenance_only,S004
M4-FUNG-0590,92,product_formation_evidence,True,provenance_only,S003
M4-FUNG-0590,94,bgc_product_attribution,True,provenance_only,S002;S004
M4-FUNG-0590,95,gene_product_attribution,True,provenance_only,S004
M4-FUNG-0590,96,complete_pathway_reconstruction,True,provenance_only,S004
M4-FUNG-0590,98,major_database_problem,True,provenance_only,S002
M4-FUNG-0590,99,best_use_case_for_atlas,True,provenance_only,S002;S003;S004
M4-FUNG-0590,100,overall_note,True,provenance_only,S002;S003;S004
M4-FUNG-0590,141,claim.legacy_support_annotation,True,provenance_only,S003
M4-FUNG-0590,142,claim.legacy_support_annotation,True,provenance_only,S004
M4-FUNG-0590,143,claim.legacy_support_annotation,True,provenance_only,S001;S002;S004
M4-FUNG-0590,152,relationship.legacy_support_annotation,True,provenance_only,S004
M4-FUNG-0590,153,relationship.legacy_support_annotation,True,provenance_only,S003
M4-FUNG-0591,7,schema_version,True,administrative_excluded,S001;S002
M4-FUNG-0591,8,dossier_id,True,administrative_excluded,S001
M4-FUNG-0591,9,sheet_record_status,True,administrative_excluded,S001;S002;S003
M4-FUNG-0591,10,annotation_status,True,administrative_excluded,S001;S002;S003
M4-FUNG-0591,11,annotation_date,True,administrative_excluded,S003
M4-FUNG-0591,12,inference,False,administrative_excluded,S003
M4-FUNG-0591,13,last_reviewed_date,True,administrative_excluded,S003
M4-FUNG-0591,20,mibig_record_status,True,provenance_only,S001;S002
M4-FUNG-0591,21,source_native_category_value,True,provenance_only,S001;S002
M4-FUNG-0591,22,mibig_completeness,True,provenance_only,S001;S002
M4-FUNG-0591,25,primary_reference_source_id,True,provenance_only,S003
M4-FUNG-0591,57,boundary_confidence,True,provenance_only,S002;S003
M4-FUNG-0591,58,pathway_identity_confidence,True,provenance_only,S003
M4-FUNG-0591,89,candidate_bgc_credibility,True,provenance_only,S003
M4-FUNG-0591,90,coordinated_transcription_evidence,True,provenance_only,S003
M4-FUNG-0591,91,biochemical_execution_evidence,True,provenance_only,S003
M4-FUNG-0591,92,product_formation_evidence,True,provenance_only,S003
M4-FUNG-0591,94,bgc_product_attribution,True,provenance_only,S003
M4-FUNG-0591,95,gene_product_attribution,True,provenance_only,S003
M4-FUNG-0591,96,complete_pathway_reconstruction,True,provenance_only,S003
M4-FUNG-0591,98,major_database_problem,True,provenance_only,S001;S003
M4-FUNG-0591,99,best_use_case_for_atlas,True,provenance_only,S003
M4-FUNG-0591,100,overall_note,True,provenance_only,S003
M4-FUNG-0591,141,claim.legacy_support_annotation,True,provenance_only,S003
M4-FUNG-0591,142,claim.legacy_support_annotation,True,provenance_only,S003
M4-FUNG-0591,152,relationship.legacy_support_annotation,True,provenance_only,S003
M4-FUNG-0591,153,relationship.legacy_support_annotation,True,provenance_only,S003
M4-FUNG-0592,7,schema_version,True,administrative_excluded,S001;S002
M4-FUNG-0592,8,dossier_id,True,administrative_excluded,S001
M4-FUNG-0592,9,sheet_record_status,True,administrative_excluded,S001;S002;S003;S004
M4-FUNG-0592,10,annotation_status,True,administrative_excluded,S001;S002;S003;S004
M4-FUNG-0592,11,annotation_date,True,administrative_excluded,S003;S004
M4-FUNG-0592,12,inference,False,administrative_excluded,S003;S004
M4-FUNG-0592,13,last_reviewed_date,True,administrative_excluded,S003;S004
M4-FUNG-0592,20,mibig_record_status,True,provenance_only,S001;S002
M4-FUNG-0592,21,source_native_category_value,True,provenance_only,S001;S002
M4-FUNG-0592,22,mibig_completeness,True,provenance_only,S001;S002
M4-FUNG-0592,25,primary_reference_source_id,True,provenance_only,S003
M4-FUNG-0592,57,boundary_confidence,True,provenance_only,S003;S004
M4-FUNG-0592,58,pathway_identity_confidence,True,provenance_only,S003;S004
M4-FUNG-0592,89,candidate_bgc_credibility,True,provenance_only,S003;S004
M4-FUNG-0592,90,coordinated_transcription_evidence,True,provenance_only,S003;S004
M4-FUNG-0592,91,biochemical_execution_evidence,True,provenance_only,S003;S004
M4-FUNG-0592,92,product_formation_evidence,True,provenance_only,S003;S004
M4-FUNG-0592,94,bgc_product_attribution,True,provenance_only,S003
M4-FUNG-0592,95,gene_product_attribution,True,provenance_only,S003;S004
M4-FUNG-0592,96,complete_pathway_reconstruction,True,provenance_only,S003;S004
M4-FUNG-0592,98,major_database_problem,True,provenance_only,S001;S003;S004
M4-FUNG-0592,99,best_use_case_for_atlas,True,provenance_only,S003;S004
M4-FUNG-0592,100,overall_note,True,provenance_only,S003;S004
M4-FUNG-0592,141,claim.legacy_support_annotation,True,provenance_only,S003;S004
M4-FUNG-0592,142,claim.legacy_support_annotation,True,provenance_only,S003
M4-FUNG-0592,143,claim.legacy_support_annotation,True,provenance_only,S003
M4-FUNG-0592,152,relationship.legacy_support_annotation,True,provenance_only,S003;S004
M4-FUNG-0592,153,relationship.legacy_support_annotation,True,provenance_only,S003
M4-FUNG-0593,7,schema_version,True,administrative_excluded,S001;S002
M4-FUNG-0593,8,dossier_id,True,administrative_excluded,S001
M4-FUNG-0593,9,sheet_record_status,True,administrative_excluded,S001;S002;S003
M4-FUNG-0593,10,annotation_status,True,administrative_excluded,S001;S002;S003
M4-FUNG-0593,11,annotation_date,True,administrative_excluded,S003
M4-FUNG-0593,12,inference,False,administrative_excluded,S003
M4-FUNG-0593,13,last_reviewed_date,True,administrative_excluded,S003
M4-FUNG-0593,20,mibig_record_status,True,provenance_only,S001;S002
M4-FUNG-0593,21,source_native_category_value,True,provenance_only,S001;S002
M4-FUNG-0593,22,mibig_completeness,True,provenance_only,S001;S002
M4-FUNG-0593,25,primary_reference_source_id,True,provenance_only,S003
M4-FUNG-0593,57,boundary_confidence,True,provenance_only,S002;S003
M4-FUNG-0593,58,pathway_identity_confidence,True,provenance_only,S003
M4-FUNG-0593,89,candidate_bgc_credibility,True,provenance_only,S002;S003
M4-FUNG-0593,90,coordinated_transcription_evidence,True,provenance_only,S003
M4-FUNG-0593,91,biochemical_execution_evidence,True,provenance_only,S003
M4-FUNG-0593,92,product_formation_evidence,True,provenance_only,S003
M4-FUNG-0593,94,bgc_product_attribution,True,provenance_only,S002;S003
M4-FUNG-0593,95,gene_product_attribution,True,provenance_only,S003
M4-FUNG-0593,96,complete_pathway_reconstruction,True,provenance_only,S001;S003
M4-FUNG-0593,98,major_database_problem,True,provenance_only,S001;S002;S003
M4-FUNG-0593,99,best_use_case_for_atlas,True,provenance_only,S003
M4-FUNG-0593,100,overall_note,True,provenance_only,S001;S003
M4-FUNG-0593,141,claim.legacy_support_annotation,True,provenance_only,S003
M4-FUNG-0593,142,claim.legacy_support_annotation,True,provenance_only,S003
M4-FUNG-0593,143,claim.legacy_support_annotation,True,provenance_only,S003
M4-FUNG-0593,152,relationship.legacy_support_annotation,True,provenance_only,S003
M4-FUNG-0593,153,relationship.legacy_support_annotation,True,provenance_only,S003
M4-FUNG-0594,7,schema_version,True,administrative_excluded,S001;S002
M4-FUNG-0594,8,dossier_id,True,administrative_excluded,S001
M4-FUNG-0594,9,sheet_record_status,True,administrative_excluded,S001;S002;S003;S004;S005
M4-FUNG-0594,10,annotation_status,True,administrative_excluded,S001;S002;S003;S004;S005
M4-FUNG-0594,11,annotation_date,True,administrative_excluded,S003;S004
M4-FUNG-0594,12,inference,False,administrative_excluded,S003;S004
M4-FUNG-0594,13,last_reviewed_date,True,administrative_excluded,S003;S004
M4-FUNG-0594,20,mibig_record_status,True,provenance_only,S001;S002
M4-FUNG-0594,21,source_native_category_value,True,provenance_only,S001
M4-FUNG-0594,22,mibig_completeness,True,provenance_only,S001
M4-FUNG-0594,25,primary_reference_source_id,True,provenance_only,S003
M4-FUNG-0594,57,boundary_confidence,True,provenance_only,S002;S003;S004
M4-FUNG-0594,58,pathway_identity_confidence,True,provenance_only,S003;S004
M4-FUNG-0594,89,candidate_bgc_credibility,True,provenance_only,S002;S003;S004
M4-FUNG-0594,90,coordinated_transcription_evidence,True,provenance_only,S004
M4-FUNG-0594,91,biochemical_execution_evidence,True,provenance_only,S003;S004
M4-FUNG-0594,92,product_formation_evidence,True,provenance_only,S003;S004
M4-FUNG-0594,94,bgc_product_attribution,True,provenance_only,S002;S003;S004
M4-FUNG-0594,95,gene_product_attribution,True,provenance_only,S003;S004
M4-FUNG-0594,96,complete_pathway_reconstruction,True,provenance_only,S003
M4-FUNG-0594,98,major_database_problem,True,provenance_only,S002;S003;S004
M4-FUNG-0594,99,best_use_case_for_atlas,True,provenance_only,S003;S004
M4-FUNG-0594,100,overall_note,True,provenance_only,S002;S003;S004
M4-FUNG-0594,138,claim.legacy_support_annotation,True,provenance_only,S003
M4-FUNG-0594,139,claim.legacy_support_annotation,True,provenance_only,S004
M4-FUNG-0594,140,claim.legacy_support_annotation,True,provenance_only,S004
M4-FUNG-0594,141,claim.legacy_support_annotation,True,provenance_only,S004
M4-FUNG-0594,142,claim.legacy_support_annotation,True,provenance_only,S004
M4-FUNG-0594,143,claim.legacy_support_annotation,True,provenance_only,S003;S004
M4-FUNG-0594,144,claim.legacy_support_annotation,True,provenance_only,S001;S002;S003;S004
M4-FUNG-0594,148,relationship.legacy_support_annotation,True,provenance_only,S003;S004
M4-FUNG-0594,149,relationship.legacy_support_annotation,True,provenance_only,S003;S004
M4-FUNG-0594,150,relationship.legacy_support_annotation,True,provenance_only,S003
M4-FUNG-0594,151,relationship.legacy_support_annotation,True,provenance_only,S003
M4-FUNG-0594,152,relationship.legacy_support_annotation,True,provenance_only,S004
M4-FUNG-0594,153,relationship.legacy_support_annotation,True,provenance_only,S004
M4-FUNG-0594,154,relationship.legacy_support_annotation,True,provenance_only,S004
M4-FUNG-0595,7,schema_version,True,administrative_excluded,S001;S002;S003
M4-FUNG-0595,8,dossier_id,True,administrative_excluded,S001
M4-FUNG-0595,9,sheet_record_status,True,administrative_excluded,S001;S002;S003
M4-FUNG-0595,10,annotation_status,True,administrative_excluded,S001;S002;S003
M4-FUNG-0595,11,annotation_date,True,administrative_excluded,S003
M4-FUNG-0595,12,inference,False,administrative_excluded,S003
M4-FUNG-0595,13,last_reviewed_date,True,administrative_excluded,S003
M4-FUNG-0595,20,mibig_record_status,True,provenance_only,S001;S002
M4-FUNG-0595,21,source_native_category_value,True,provenance_only,S001
M4-FUNG-0595,22,mibig_completeness,True,provenance_only,S001;S002
M4-FUNG-0595,25,primary_reference_source_id,True,provenance_only,S003
M4-FUNG-0595,57,boundary_confidence,True,provenance_only,S001;S002;S003
M4-FUNG-0595,58,pathway_identity_confidence,True,provenance_only,S003
M4-FUNG-0595,89,candidate_bgc_credibility,True,provenance_only,S003
M4-FUNG-0595,90,coordinated_transcription_evidence,True,provenance_only,S003
M4-FUNG-0595,91,biochemical_execution_evidence,True,provenance_only,S003
M4-FUNG-0595,92,product_formation_evidence,True,provenance_only,S003
M4-FUNG-0595,94,bgc_product_attribution,True,provenance_only,S003
M4-FUNG-0595,95,gene_product_attribution,True,provenance_only,S003
M4-FUNG-0595,96,complete_pathway_reconstruction,True,provenance_only,S003
M4-FUNG-0595,98,major_database_problem,True,provenance_only,S001;S002;S003
M4-FUNG-0595,99,best_use_case_for_atlas,True,provenance_only,S001;S002;S003
M4-FUNG-0595,100,overall_note,True,provenance_only,S001;S002;S003
M4-FUNG-0595,138,claim.legacy_support_annotation,True,provenance_only,
M4-FUNG-0595,139,claim.legacy_support_annotation,True,provenance_only,
M4-FUNG-0595,140,claim.legacy_support_annotation,True,provenance_only,
M4-FUNG-0595,141,claim.legacy_support_annotation,True,provenance_only,
M4-FUNG-0595,142,claim.legacy_support_annotation,True,provenance_only,
M4-FUNG-0595,143,claim.legacy_support_annotation,True,provenance_only,
M4-FUNG-0595,144,claim.legacy_support_annotation,True,provenance_only,
M4-FUNG-0595,148,relationship.legacy_support_annotation,True,provenance_only,
M4-FUNG-0595,149,relationship.legacy_support_annotation,True,provenance_only,
M4-FUNG-0595,150,relationship.legacy_support_annotation,True,provenance_only,
M4-FUNG-0595,151,relationship.legacy_support_annotation,True,provenance_only,
M4-FUNG-0595,152,relationship.legacy_support_annotation,True,provenance_only,
M4-FUNG-0595,153,relationship.legacy_support_annotation,True,provenance_only,
M4-FUNG-0595,154,relationship.legacy_support_annotation,True,provenance_only,
M4-FUNG-0596,7,schema_version,True,administrative_excluded,S001;S002
M4-FUNG-0596,8,dossier_id,True,administrative_excluded,S001
M4-FUNG-0596,9,sheet_record_status,True,administrative_excluded,S001;S002
M4-FUNG-0596,10,annotation_status,True,administrative_excluded,S001;S002
M4-FUNG-0596,11,annotation_date,True,administrative_excluded,S002
M4-FUNG-0596,12,inference,False,administrative_excluded,S002
M4-FUNG-0596,13,last_reviewed_date,True,administrative_excluded,S002
M4-FUNG-0596,20,mibig_record_status,True,provenance_only,S001
M4-FUNG-0596,21,source_native_category_value,True,provenance_only,S001
M4-FUNG-0596,22,mibig_completeness,True,provenance_only,S001
M4-FUNG-0596,25,primary_reference_source_id,True,provenance_only,S002
M4-FUNG-0596,57,boundary_confidence,True,provenance_only,S001;S002
M4-FUNG-0596,58,pathway_identity_confidence,True,provenance_only,S002
M4-FUNG-0596,89,candidate_bgc_credibility,True,provenance_only,S002
M4-FUNG-0596,90,coordinated_transcription_evidence,True,provenance_only,S002
M4-FUNG-0596,91,biochemical_execution_evidence,True,provenance_only,S002
M4-FUNG-0596,92,product_formation_evidence,True,provenance_only,S002
M4-FUNG-0596,94,bgc_product_attribution,True,provenance_only,S002
M4-FUNG-0596,95,gene_product_attribution,True,provenance_only,S002
M4-FUNG-0596,96,complete_pathway_reconstruction,True,provenance_only,S002
M4-FUNG-0596,98,major_database_problem,True,provenance_only,S001;S002
M4-FUNG-0596,99,best_use_case_for_atlas,True,provenance_only,S002
M4-FUNG-0596,100,overall_note,True,provenance_only,S001;S002
M4-FUNG-0596,138,claim.legacy_support_annotation,True,provenance_only,
M4-FUNG-0596,139,claim.legacy_support_annotation,True,provenance_only,
M4-FUNG-0596,140,claim.legacy_support_annotation,True,provenance_only,
M4-FUNG-0596,141,claim.legacy_support_annotation,True,provenance_only,
M4-FUNG-0596,148,relationship.legacy_support_annotation,True,provenance_only,
M4-FUNG-0596,149,relationship.legacy_support_annotation,True,provenance_only,
M4-FUNG-0596,150,relationship.legacy_support_annotation,True,provenance_only,
M4-FUNG-0597,7,schema_version,True,administrative_excluded,S001;S002
M4-FUNG-0597,8,dossier_id,True,administrative_excluded,S001
M4-FUNG-0597,9,sheet_record_status,True,administrative_excluded,S001;S002
M4-FUNG-0597,10,annotation_status,True,administrative_excluded,S001;S002
M4-FUNG-0597,11,annotation_date,True,administrative_excluded,S002
M4-FUNG-0597,12,inference,False,administrative_excluded,S002
M4-FUNG-0597,13,last_reviewed_date,True,administrative_excluded,S002
M4-FUNG-0597,20,mibig_record_status,True,provenance_only,S001
M4-FUNG-0597,21,source_native_category_value,True,provenance_only,S001
M4-FUNG-0597,22,mibig_completeness,True,provenance_only,S001
M4-FUNG-0597,25,primary_reference_source_id,True,provenance_only,S002
M4-FUNG-0597,57,boundary_confidence,True,provenance_only,S001;S002
M4-FUNG-0597,58,pathway_identity_confidence,True,provenance_only,S002
M4-FUNG-0597,89,candidate_bgc_credibility,True,provenance_only,S001;S002
M4-FUNG-0597,90,coordinated_transcription_evidence,True,provenance_only,S002
M4-FUNG-0597,91,biochemical_execution_evidence,True,provenance_only,S002
M4-FUNG-0597,92,product_formation_evidence,True,provenance_only,S002
M4-FUNG-0597,94,bgc_product_attribution,True,provenance_only,S001;S002
M4-FUNG-0597,95,gene_product_attribution,True,provenance_only,S002
M4-FUNG-0597,96,complete_pathway_reconstruction,True,provenance_only,S002
M4-FUNG-0597,98,major_database_problem,True,provenance_only,S001
M4-FUNG-0597,99,best_use_case_for_atlas,True,provenance_only,S001;S002
M4-FUNG-0597,100,overall_note,True,provenance_only,S001;S002
M4-FUNG-0597,138,claim.legacy_support_annotation,True,provenance_only,
M4-FUNG-0597,139,claim.legacy_support_annotation,True,provenance_only,
M4-FUNG-0597,140,claim.legacy_support_annotation,True,provenance_only,
M4-FUNG-0597,148,relationship.legacy_support_annotation,True,provenance_only,
M4-FUNG-0597,149,relationship.legacy_support_annotation,True,provenance_only,
M4-FUNG-0598,7,schema_version,True,administrative_excluded,S001;S002
M4-FUNG-0598,8,dossier_id,True,administrative_excluded,S001
M4-FUNG-0598,9,sheet_record_status,True,administrative_excluded,S001;S002
M4-FUNG-0598,10,annotation_status,True,administrative_excluded,S001;S002
M4-FUNG-0598,11,annotation_date,True,administrative_excluded,S002
M4-FUNG-0598,12,inference,False,administrative_excluded,S002
M4-FUNG-0598,13,last_reviewed_date,True,administrative_excluded,S002
M4-FUNG-0598,20,mibig_record_status,True,provenance_only,S001
M4-FUNG-0598,21,source_native_category_value,True,provenance_only,S001
M4-FUNG-0598,22,mibig_completeness,True,provenance_only,S001
M4-FUNG-0598,25,primary_reference_source_id,True,provenance_only,S002
M4-FUNG-0598,57,boundary_confidence,True,provenance_only,S001;S002
M4-FUNG-0598,58,pathway_identity_confidence,True,provenance_only,S002
M4-FUNG-0598,89,candidate_bgc_credibility,True,provenance_only,S002
M4-FUNG-0598,90,coordinated_transcription_evidence,True,provenance_only,S002
M4-FUNG-0598,91,biochemical_execution_evidence,True,provenance_only,S002
M4-FUNG-0598,92,product_formation_evidence,True,provenance_only,S002
M4-FUNG-0598,94,bgc_product_attribution,True,provenance_only,S002
M4-FUNG-0598,95,gene_product_attribution,True,provenance_only,S002
M4-FUNG-0598,96,complete_pathway_reconstruction,True,provenance_only,S002
M4-FUNG-0598,98,major_database_problem,True,provenance_only,S001;S002
M4-FUNG-0598,99,best_use_case_for_atlas,True,provenance_only,S002
M4-FUNG-0598,100,overall_note,True,provenance_only,S001;S002
M4-FUNG-0598,138,claim.legacy_support_annotation,True,provenance_only,
M4-FUNG-0598,139,claim.legacy_support_annotation,True,provenance_only,
M4-FUNG-0598,148,relationship.legacy_support_annotation,True,provenance_only,
M4-FUNG-0598,149,relationship.legacy_support_annotation,True,provenance_only,
M4-FUNG-0599,7,schema_version,True,administrative_excluded,S001;S002
M4-FUNG-0599,8,dossier_id,True,administrative_excluded,S001
M4-FUNG-0599,9,sheet_record_status,True,administrative_excluded,S001;S002
M4-FUNG-0599,10,annotation_status,True,administrative_excluded,S001;S002
M4-FUNG-0599,11,annotation_date,True,administrative_excluded,S002
M4-FUNG-0599,12,inference,False,administrative_excluded,S002
M4-FUNG-0599,13,last_reviewed_date,True,administrative_excluded,S002
M4-FUNG-0599,20,mibig_record_status,True,provenance_only,S001
M4-FUNG-0599,21,source_native_category_value,True,provenance_only,S001
M4-FUNG-0599,22,mibig_completeness,True,provenance_only,S001
M4-FUNG-0599,25,primary_reference_source_id,True,provenance_only,S002
M4-FUNG-0599,57,boundary_confidence,True,provenance_only,S001;S002
M4-FUNG-0599,58,pathway_identity_confidence,True,provenance_only,S002
M4-FUNG-0599,89,candidate_bgc_credibility,True,provenance_only,S001;S002
M4-FUNG-0599,90,coordinated_transcription_evidence,True,provenance_only,S002
M4-FUNG-0599,91,biochemical_execution_evidence,True,provenance_only,S002
M4-FUNG-0599,92,product_formation_evidence,True,provenance_only,S002
M4-FUNG-0599,94,bgc_product_attribution,True,provenance_only,S001;S002
M4-FUNG-0599,95,gene_product_attribution,True,provenance_only,S002
M4-FUNG-0599,96,complete_pathway_reconstruction,True,provenance_only,S002
M4-FUNG-0599,98,major_database_problem,True,provenance_only,S001
M4-FUNG-0599,99,best_use_case_for_atlas,True,provenance_only,S001;S002
M4-FUNG-0599,100,overall_note,True,provenance_only,S001;S002
M4-FUNG-0599,138,claim.legacy_support_annotation,True,provenance_only,
M4-FUNG-0599,139,claim.legacy_support_annotation,True,provenance_only,
M4-FUNG-0599,140,claim.legacy_support_annotation,True,provenance_only,
M4-FUNG-0599,148,relationship.legacy_support_annotation,True,provenance_only,
M4-FUNG-0599,149,relationship.legacy_support_annotation,True,provenance_only,
M4-FUNG-0600,7,schema_version,True,administrative_excluded,S001;S002
M4-FUNG-0600,8,dossier_id,True,administrative_excluded,S001
M4-FUNG-0600,9,sheet_record_status,True,administrative_excluded,S001;S002
M4-FUNG-0600,10,annotation_status,True,administrative_excluded,S001;S002
M4-FUNG-0600,11,annotation_date,True,administrative_excluded,S002
M4-FUNG-0600,12,inference,False,administrative_excluded,S002
M4-FUNG-0600,13,last_reviewed_date,True,administrative_excluded,S002
M4-FUNG-0600,20,mibig_record_status,True,provenance_only,S001
M4-FUNG-0600,21,source_native_category_value,True,provenance_only,S001
M4-FUNG-0600,22,mibig_completeness,True,provenance_only,S001
M4-FUNG-0600,25,primary_reference_source_id,True,provenance_only,S002
M4-FUNG-0600,57,boundary_confidence,True,provenance_only,S001;S002
M4-FUNG-0600,58,pathway_identity_confidence,True,provenance_only,S002
M4-FUNG-0600,89,candidate_bgc_credibility,True,provenance_only,S001;S002
M4-FUNG-0600,90,coordinated_transcription_evidence,True,provenance_only,S002
M4-FUNG-0600,91,biochemical_execution_evidence,True,provenance_only,S002
M4-FUNG-0600,92,product_formation_evidence,True,provenance_only,S002
M4-FUNG-0600,94,bgc_product_attribution,True,provenance_only,S001;S002
M4-FUNG-0600,95,gene_product_attribution,True,provenance_only,S002
M4-FUNG-0600,96,complete_pathway_reconstruction,True,provenance_only,S002
M4-FUNG-0600,98,major_database_problem,True,provenance_only,S001;S002
M4-FUNG-0600,99,best_use_case_for_atlas,True,provenance_only,S001;S002
M4-FUNG-0600,100,overall_note,True,provenance_only,S001;S002
M4-FUNG-0600,138,claim.legacy_support_annotation,True,provenance_only,
M4-FUNG-0600,139,claim.legacy_support_annotation,True,provenance_only,
M4-FUNG-0600,140,claim.legacy_support_annotation,True,provenance_only,
M4-FUNG-0600,141,claim.legacy_support_annotation,True,provenance_only,
M4-FUNG-0600,148,relationship.legacy_support_annotation,True,provenance_only,
M4-FUNG-0600,149,relationship.legacy_support_annotation,True,provenance_only,
M4-FUNG-0601,7,schema_version,True,administrative_excluded,S001;S002
M4-FUNG-0601,8,dossier_id,True,administrative_excluded,S001
M4-FUNG-0601,9,sheet_record_status,True,administrative_excluded,S001;S002
M4-FUNG-0601,10,annotation_status,True,administrative_excluded,S001;S002
M4-FUNG-0601,11,annotation_date,True,administrative_excluded,S002
M4-FUNG-0601,12,inference,False,administrative_excluded,S002
M4-FUNG-0601,13,last_reviewed_date,True,administrative_excluded,S002
M4-FUNG-0601,20,mibig_record_status,True,provenance_only,S001
M4-FUNG-0601,21,source_native_category_value,True,provenance_only,S001
M4-FUNG-0601,22,mibig_completeness,True,provenance_only,S001
M4-FUNG-0601,25,primary_reference_source_id,True,provenance_only,S002
M4-FUNG-0601,57,boundary_confidence,True,provenance_only,S001;S002
M4-FUNG-0601,58,pathway_identity_confidence,True,provenance_only,S002
M4-FUNG-0601,89,candidate_bgc_credibility,True,provenance_only,S002
M4-FUNG-0601,90,coordinated_transcription_evidence,True,provenance_only,S002
M4-FUNG-0601,91,biochemical_execution_evidence,True,provenance_only,S002
M4-FUNG-0601,92,product_formation_evidence,True,provenance_only,S002
M4-FUNG-0601,94,bgc_product_attribution,True,provenance_only,S002
M4-FUNG-0601,95,gene_product_attribution,True,provenance_only,S002
M4-FUNG-0601,96,complete_pathway_reconstruction,True,provenance_only,S002
M4-FUNG-0601,98,major_database_problem,True,provenance_only,S001
M4-FUNG-0601,99,best_use_case_for_atlas,True,provenance_only,S002
M4-FUNG-0601,100,overall_note,True,provenance_only,S001;S002
M4-FUNG-0601,138,claim.legacy_support_annotation,True,provenance_only,
M4-FUNG-0601,139,claim.legacy_support_annotation,True,provenance_only,
M4-FUNG-0601,148,relationship.legacy_support_annotation,True,provenance_only,
M4-FUNG-0601,149,relationship.legacy_support_annotation,True,provenance_only,
M4-FUNG-0601,150,relationship.legacy_support_annotation,True,provenance_only,
M4-FUNG-0602,7,schema_version,True,administrative_excluded,S001;S002
M4-FUNG-0602,8,dossier_id,True,administrative_excluded,S001
M4-FUNG-0602,9,sheet_record_status,True,administrative_excluded,S001;S002
M4-FUNG-0602,10,annotation_status,True,administrative_excluded,S001;S002
M4-FUNG-0602,11,annotation_date,True,administrative_excluded,S002
M4-FUNG-0602,12,inference,False,administrative_excluded,S002
M4-FUNG-0602,13,last_reviewed_date,True,administrative_excluded,S002
M4-FUNG-0602,20,mibig_record_status,True,provenance_only,S001
M4-FUNG-0602,21,source_native_category_value,True,provenance_only,S001
M4-FUNG-0602,22,mibig_completeness,True,provenance_only,S001
M4-FUNG-0602,25,primary_reference_source_id,True,provenance_only,S002
M4-FUNG-0602,57,boundary_confidence,True,provenance_only,S001;S002
M4-FUNG-0602,58,pathway_identity_confidence,True,provenance_only,S002
M4-FUNG-0602,89,candidate_bgc_credibility,True,provenance_only,S002
M4-FUNG-0602,90,coordinated_transcription_evidence,True,provenance_only,S002
M4-FUNG-0602,91,biochemical_execution_evidence,True,provenance_only,S002
M4-FUNG-0602,92,product_formation_evidence,True,provenance_only,S002
M4-FUNG-0602,94,bgc_product_attribution,True,provenance_only,S002
M4-FUNG-0602,95,gene_product_attribution,True,provenance_only,S002
M4-FUNG-0602,96,complete_pathway_reconstruction,True,provenance_only,S002
M4-FUNG-0602,98,major_database_problem,True,provenance_only,S001
M4-FUNG-0602,99,best_use_case_for_atlas,True,provenance_only,S002
M4-FUNG-0602,100,overall_note,True,provenance_only,S001;S002
M4-FUNG-0602,138,claim.legacy_support_annotation,True,provenance_only,
M4-FUNG-0602,139,claim.legacy_support_annotation,True,provenance_only,
M4-FUNG-0602,140,claim.legacy_support_annotation,True,provenance_only,
M4-FUNG-0602,141,claim.legacy_support_annotation,True,provenance_only,
M4-FUNG-0602,148,relationship.legacy_support_annotation,True,provenance_only,
M4-FUNG-0602,149,relationship.legacy_support_annotation,True,provenance_only,
M4-FUNG-0602,150,relationship.legacy_support_annotation,True,provenance_only,
M4-FUNG-0603,7,schema_version,True,administrative_excluded,S001;S002;S003;S004;S005
M4-FUNG-0603,8,dossier_id,True,administrative_excluded,S001
M4-FUNG-0603,9,sheet_record_status,True,administrative_excluded,S001;S002;S003;S004;S005
M4-FUNG-0603,10,annotation_status,True,administrative_excluded,S002;S003;S004;S005
M4-FUNG-0603,11,annotation_date,True,administrative_excluded,S002
M4-FUNG-0603,12,inference,False,administrative_excluded,S002;S003;S004;S005
M4-FUNG-0603,13,last_reviewed_date,True,administrative_excluded,S002
M4-FUNG-0603,20,mibig_record_status,True,provenance_only,S001
M4-FUNG-0603,21,source_native_category_value,True,provenance_only,S001
M4-FUNG-0603,22,mibig_completeness,True,provenance_only,S001
M4-FUNG-0603,25,primary_reference_source_id,True,provenance_only,S002
M4-FUNG-0603,57,boundary_confidence,True,provenance_only,S001;S002
M4-FUNG-0603,58,pathway_identity_confidence,True,provenance_only,S002;S003;S004;S005
M4-FUNG-0603,89,candidate_bgc_credibility,True,provenance_only,S002;S003;S004
M4-FUNG-0603,90,coordinated_transcription_evidence,True,provenance_only,S002
M4-FUNG-0603,91,biochemical_execution_evidence,True,provenance_only,S003;S004
M4-FUNG-0603,92,product_formation_evidence,True,provenance_only,S002;S003
M4-FUNG-0603,94,bgc_product_attribution,True,provenance_only,S002;S003;S004
M4-FUNG-0603,95,gene_product_attribution,True,provenance_only,S002;S003;S004
M4-FUNG-0603,96,complete_pathway_reconstruction,True,provenance_only,S002;S003;S004
M4-FUNG-0603,98,major_database_problem,True,provenance_only,S001
M4-FUNG-0603,99,best_use_case_for_atlas,True,provenance_only,S002;S003;S004
M4-FUNG-0603,100,overall_note,True,provenance_only,S001;S002;S003;S004;S005
M4-FUNG-0603,138,claim.legacy_support_annotation,True,provenance_only,
M4-FUNG-0603,139,claim.legacy_support_annotation,True,provenance_only,
M4-FUNG-0603,140,claim.legacy_support_annotation,True,provenance_only,
M4-FUNG-0603,148,relationship.legacy_support_annotation,True,provenance_only,
M4-FUNG-0603,149,relationship.legacy_support_annotation,True,provenance_only,
M4-FUNG-0603,150,relationship.legacy_support_annotation,True,provenance_only,
M4-FUNG-0604,7,schema_version,True,administrative_excluded,S001;S002
M4-FUNG-0604,8,dossier_id,True,administrative_excluded,S001
M4-FUNG-0604,9,sheet_record_status,True,administrative_excluded,S001;S002
M4-FUNG-0604,10,annotation_status,True,administrative_excluded,S001;S002
M4-FUNG-0604,11,annotation_date,True,administrative_excluded,S002
M4-FUNG-0604,12,inference,False,administrative_excluded,S002
M4-FUNG-0604,13,last_reviewed_date,True,administrative_excluded,S002
M4-FUNG-0604,20,mibig_record_status,True,provenance_only,S001
M4-FUNG-0604,21,source_native_category_value,True,provenance_only,S001
M4-FUNG-0604,22,mibig_completeness,True,provenance_only,S001
M4-FUNG-0604,25,primary_reference_source_id,True,provenance_only,S002
M4-FUNG-0604,57,boundary_confidence,True,provenance_only,S001;S002
M4-FUNG-0604,58,pathway_identity_confidence,True,provenance_only,S002
M4-FUNG-0604,89,candidate_bgc_credibility,True,provenance_only,S002
M4-FUNG-0604,90,coordinated_transcription_evidence,True,provenance_only,S002
M4-FUNG-0604,91,biochemical_execution_evidence,True,provenance_only,S002
M4-FUNG-0604,92,product_formation_evidence,True,provenance_only,S002
M4-FUNG-0604,94,bgc_product_attribution,True,provenance_only,S001;S002
M4-FUNG-0604,95,gene_product_attribution,True,provenance_only,S002
M4-FUNG-0604,96,complete_pathway_reconstruction,True,provenance_only,S002
M4-FUNG-0604,98,major_database_problem,True,provenance_only,S001
M4-FUNG-0604,99,best_use_case_for_atlas,True,provenance_only,S002
M4-FUNG-0604,100,overall_note,True,provenance_only,S001;S002
M4-FUNG-0604,138,claim.legacy_support_annotation,True,provenance_only,
M4-FUNG-0604,139,claim.legacy_support_annotation,True,provenance_only,
M4-FUNG-0604,140,claim.legacy_support_annotation,True,provenance_only,
M4-FUNG-0604,148,relationship.legacy_support_annotation,True,provenance_only,
M4-FUNG-0604,149,relationship.legacy_support_annotation,True,provenance_only,
M4-FUNG-0604,150,relationship.legacy_support_annotation,True,provenance_only,
M4-FUNG-0605,7,schema_version,True,administrative_excluded,S001;S002
M4-FUNG-0605,8,dossier_id,True,administrative_excluded,S001
M4-FUNG-0605,9,sheet_record_status,True,administrative_excluded,S001;S002
M4-FUNG-0605,10,annotation_status,True,administrative_excluded,S001;S002
M4-FUNG-0605,11,annotation_date,True,administrative_excluded,S002
M4-FUNG-0605,12,inference,False,administrative_excluded,S002
M4-FUNG-0605,13,last_reviewed_date,True,administrative_excluded,S002
M4-FUNG-0605,20,mibig_record_status,True,provenance_only,S001
M4-FUNG-0605,21,source_native_category_value,True,provenance_only,S001
M4-FUNG-0605,22,mibig_completeness,True,provenance_only,S001
M4-FUNG-0605,25,primary_reference_source_id,True,provenance_only,S002
M4-FUNG-0605,57,boundary_confidence,True,provenance_only,S001;S002
M4-FUNG-0605,58,pathway_identity_confidence,True,provenance_only,S002
M4-FUNG-0605,89,candidate_bgc_credibility,True,provenance_only,S002
M4-FUNG-0605,90,coordinated_transcription_evidence,True,provenance_only,S002
M4-FUNG-0605,91,biochemical_execution_evidence,True,provenance_only,S002
M4-FUNG-0605,92,product_formation_evidence,True,provenance_only,S002
M4-FUNG-0605,94,bgc_product_attribution,True,provenance_only,S001;S002
M4-FUNG-0605,95,gene_product_attribution,True,provenance_only,S002
M4-FUNG-0605,96,complete_pathway_reconstruction,True,provenance_only,S002
M4-FUNG-0605,98,major_database_problem,True,provenance_only,S001
M4-FUNG-0605,99,best_use_case_for_atlas,True,provenance_only,S002
M4-FUNG-0605,100,overall_note,True,provenance_only,S001;S002
M4-FUNG-0605,138,claim.legacy_support_annotation,True,provenance_only,
M4-FUNG-0605,139,claim.legacy_support_annotation,True,provenance_only,
M4-FUNG-0605,140,claim.legacy_support_annotation,True,provenance_only,
M4-FUNG-0605,148,relationship.legacy_support_annotation,True,provenance_only,
M4-FUNG-0605,149,relationship.legacy_support_annotation,True,provenance_only,
M4-FUNG-0605,150,relationship.legacy_support_annotation,True,provenance_only,
M4-FUNG-0606,7,schema_version,True,administrative_excluded,S001;S002;S003
M4-FUNG-0606,8,dossier_id,True,administrative_excluded,S001
M4-FUNG-0606,9,sheet_record_status,True,administrative_excluded,S001;S002;S003
M4-FUNG-0606,10,annotation_status,True,administrative_excluded,S001;S002;S003
M4-FUNG-0606,11,annotation_date,True,administrative_excluded,S002
M4-FUNG-0606,12,inference,False,administrative_excluded,S002
M4-FUNG-0606,13,last_reviewed_date,True,administrative_excluded,S002
M4-FUNG-0606,20,mibig_record_status,True,provenance_only,S001
M4-FUNG-0606,21,source_native_category_value,True,provenance_only,S001
M4-FUNG-0606,22,mibig_completeness,True,provenance_only,S001
M4-FUNG-0606,25,primary_reference_source_id,True,provenance_only,S002
M4-FUNG-0606,57,boundary_confidence,True,provenance_only,S001;S002
M4-FUNG-0606,58,pathway_identity_confidence,True,provenance_only,S002
M4-FUNG-0606,89,candidate_bgc_credibility,True,provenance_only,S001;S002
M4-FUNG-0606,90,coordinated_transcription_evidence,True,provenance_only,S002
M4-FUNG-0606,91,biochemical_execution_evidence,True,provenance_only,S002
M4-FUNG-0606,92,product_formation_evidence,True,provenance_only,S002
M4-FUNG-0606,94,bgc_product_attribution,True,provenance_only,S001;S002
M4-FUNG-0606,95,gene_product_attribution,True,provenance_only,S002
M4-FUNG-0606,96,complete_pathway_reconstruction,True,provenance_only,S002
M4-FUNG-0606,98,major_database_problem,True,provenance_only,S001;S002
M4-FUNG-0606,99,best_use_case_for_atlas,True,provenance_only,S001;S002
M4-FUNG-0606,100,overall_note,True,provenance_only,S001;S002;S003
M4-FUNG-0606,138,claim.legacy_support_annotation,True,provenance_only,
M4-FUNG-0606,139,claim.legacy_support_annotation,True,provenance_only,
M4-FUNG-0606,140,claim.legacy_support_annotation,True,provenance_only,
M4-FUNG-0606,141,claim.legacy_support_annotation,True,provenance_only,
M4-FUNG-0606,148,relationship.legacy_support_annotation,True,provenance_only,
M4-FUNG-0606,149,relationship.legacy_support_annotation,True,provenance_only,
M4-FUNG-0606,150,relationship.legacy_support_annotation,True,provenance_only,
M4-FUNG-0607,7,schema_version,True,administrative_excluded,S001;S002;S003
M4-FUNG-0607,8,dossier_id,True,administrative_excluded,S001
M4-FUNG-0607,9,sheet_record_status,True,administrative_excluded,S001;S002;S003
M4-FUNG-0607,10,annotation_status,True,administrative_excluded,S001;S002;S003
M4-FUNG-0607,11,annotation_date,True,administrative_excluded,S002
M4-FUNG-0607,12,inference,False,administrative_excluded,S002
M4-FUNG-0607,13,last_reviewed_date,True,administrative_excluded,S002
M4-FUNG-0607,20,mibig_record_status,True,provenance_only,S001
M4-FUNG-0607,21,source_native_category_value,True,provenance_only,S001
M4-FUNG-0607,22,mibig_completeness,True,provenance_only,S001
M4-FUNG-0607,25,primary_reference_source_id,True,provenance_only,S002
M4-FUNG-0607,57,boundary_confidence,True,provenance_only,S001;S002
M4-FUNG-0607,58,pathway_identity_confidence,True,provenance_only,S002
M4-FUNG-0607,89,candidate_bgc_credibility,True,provenance_only,S001;S002
M4-FUNG-0607,90,coordinated_transcription_evidence,True,provenance_only,S002
M4-FUNG-0607,91,biochemical_execution_evidence,True,provenance_only,S002
M4-FUNG-0607,92,product_formation_evidence,True,provenance_only,S002
M4-FUNG-0607,94,bgc_product_attribution,True,provenance_only,S002
M4-FUNG-0607,95,gene_product_attribution,True,provenance_only,S002
M4-FUNG-0607,96,complete_pathway_reconstruction,True,provenance_only,S002
M4-FUNG-0607,98,major_database_problem,True,provenance_only,S001;S002
M4-FUNG-0607,99,best_use_case_for_atlas,True,provenance_only,S001;S002
M4-FUNG-0607,100,overall_note,True,provenance_only,S001;S002;S003
M4-FUNG-0607,138,claim.legacy_support_annotation,True,provenance_only,
M4-FUNG-0607,139,claim.legacy_support_annotation,True,provenance_only,
M4-FUNG-0607,140,claim.legacy_support_annotation,True,provenance_only,
M4-FUNG-0607,141,claim.legacy_support_annotation,True,provenance_only,
M4-FUNG-0607,148,relationship.legacy_support_annotation,True,provenance_only,
M4-FUNG-0607,149,relationship.legacy_support_annotation,True,provenance_only,
M4-FUNG-0607,150,relationship.legacy_support_annotation,True,provenance_only,
M4-FUNG-0607,151,relationship.legacy_support_annotation,True,provenance_only,
M4-FUNG-0608,7,schema_version,True,administrative_excluded,S001;S002;S003;S004
M4-FUNG-0608,8,dossier_id,True,administrative_excluded,S001
M4-FUNG-0608,9,sheet_record_status,True,administrative_excluded,S001;S002;S003;S004
M4-FUNG-0608,10,annotation_status,True,administrative_excluded,S001;S002;S003;S004
M4-FUNG-0608,11,annotation_date,True,administrative_excluded,S002
M4-FUNG-0608,12,inference,False,administrative_excluded,S002;S003
M4-FUNG-0608,13,last_reviewed_date,True,administrative_excluded,S002
M4-FUNG-0608,20,mibig_record_status,True,provenance_only,S001
M4-FUNG-0608,21,source_native_category_value,True,provenance_only,S001
M4-FUNG-0608,22,mibig_completeness,True,provenance_only,S001
M4-FUNG-0608,25,primary_reference_source_id,True,provenance_only,S002
M4-FUNG-0608,57,boundary_confidence,True,provenance_only,S001
M4-FUNG-0608,58,pathway_identity_confidence,True,provenance_only,S002;S003
M4-FUNG-0608,89,candidate_bgc_credibility,True,provenance_only,S001;S002
M4-FUNG-0608,90,coordinated_transcription_evidence,True,provenance_only,S002
M4-FUNG-0608,91,biochemical_execution_evidence,True,provenance_only,S002;S003
M4-FUNG-0608,92,product_formation_evidence,True,provenance_only,S002
M4-FUNG-0608,94,bgc_product_attribution,True,provenance_only,S002
M4-FUNG-0608,95,gene_product_attribution,True,provenance_only,S002;S003
M4-FUNG-0608,96,complete_pathway_reconstruction,True,provenance_only,S002;S003
M4-FUNG-0608,98,major_database_problem,True,provenance_only,S001;S002;S003
M4-FUNG-0608,99,best_use_case_for_atlas,True,provenance_only,S001;S002
M4-FUNG-0608,100,overall_note,True,provenance_only,S001;S002;S003;S004
M4-FUNG-0608,138,claim.legacy_support_annotation,True,provenance_only,
M4-FUNG-0608,139,claim.legacy_support_annotation,True,provenance_only,
M4-FUNG-0608,140,claim.legacy_support_annotation,True,provenance_only,
M4-FUNG-0608,141,claim.legacy_support_annotation,True,provenance_only,
M4-FUNG-0608,142,claim.legacy_support_annotation,True,provenance_only,
M4-FUNG-0608,148,relationship.legacy_support_annotation,True,provenance_only,
M4-FUNG-0608,149,relationship.legacy_support_annotation,True,provenance_only,
M4-FUNG-0608,150,relationship.legacy_support_annotation,True,provenance_only,
M4-FUNG-0608,151,relationship.legacy_support_annotation,True,provenance_only,
M4-FUNG-0609,7,schema_version,True,administrative_excluded,S001;S002;S003
M4-FUNG-0609,8,dossier_id,True,administrative_excluded,S001
M4-FUNG-0609,9,sheet_record_status,True,administrative_excluded,S001;S002;S003
M4-FUNG-0609,10,annotation_status,True,administrative_excluded,S001;S002;S003
M4-FUNG-0609,11,annotation_date,True,administrative_excluded,S002
M4-FUNG-0609,12,inference,False,administrative_excluded,S002
M4-FUNG-0609,13,last_reviewed_date,True,administrative_excluded,S002
M4-FUNG-0609,20,mibig_record_status,True,provenance_only,S001
M4-FUNG-0609,21,source_native_category_value,True,provenance_only,S001
M4-FUNG-0609,22,mibig_completeness,True,provenance_only,S001
M4-FUNG-0609,25,primary_reference_source_id,True,provenance_only,S002
M4-FUNG-0609,57,boundary_confidence,True,provenance_only,S001
M4-FUNG-0609,58,pathway_identity_confidence,True,provenance_only,S002
M4-FUNG-0609,89,candidate_bgc_credibility,True,provenance_only,S001;S002
M4-FUNG-0609,90,coordinated_transcription_evidence,True,provenance_only,S002
M4-FUNG-0609,91,biochemical_execution_evidence,True,provenance_only,S002
M4-FUNG-0609,92,product_formation_evidence,True,provenance_only,S001;S002
M4-FUNG-0609,94,bgc_product_attribution,True,provenance_only,S002
M4-FUNG-0609,95,gene_product_attribution,True,provenance_only,S002
M4-FUNG-0609,96,complete_pathway_reconstruction,True,provenance_only,S002
M4-FUNG-0609,98,major_database_problem,True,provenance_only,S001;S002
M4-FUNG-0609,99,best_use_case_for_atlas,True,provenance_only,S001;S002
M4-FUNG-0609,100,overall_note,True,provenance_only,S001;S002;S003
M4-FUNG-0609,138,claim.legacy_support_annotation,True,provenance_only,
M4-FUNG-0609,139,claim.legacy_support_annotation,True,provenance_only,
M4-FUNG-0609,140,claim.legacy_support_annotation,True,provenance_only,
M4-FUNG-0609,141,claim.legacy_support_annotation,True,provenance_only,
M4-FUNG-0609,148,relationship.legacy_support_annotation,True,provenance_only,
M4-FUNG-0609,149,relationship.legacy_support_annotation,True,provenance_only,
M4-FUNG-0609,150,relationship.legacy_support_annotation,True,provenance_only,
M4-FUNG-0609,151,relationship.legacy_support_annotation,True,provenance_only,
