relationship_key,dossier_id,relationship_id,subject_raw,predicate_raw,object_raw,relationship_text_raw,source_ids,note,source_row,normalization_status
M4-FUNG-0001:R001,M4-FUNG-0001,R001,BGC0000003,is_segment_of,wider AFT functional programme,,S001; S003,Database boundary versus functional programme boundary,169,mapped_triplet
M4-FUNG-0001:R002,M4-FUNG-0001,R002,wider AFT functional programme,located_on,conditionally dispensable/accessory chromosome,,S003,,170,mapped_triplet
M4-FUNG-0001:R003,M4-FUNG-0001,R003,E001,uses_strain,NAF8,,S002,,171,mapped_triplet
M4-FUNG-0001:R004,M4-FUNG-0001,R004,E002,uses_strain,YM-19,,S004,Do not merge strain-specific results,172,mapped_triplet
M4-FUNG-0002:R001,M4-FUNG-0002,R001,BGC0000004,homologous_to,canonical aflatoxin biosynthetic gene cluster,,S001; S002,Synteny and protein homology.,182,mapped_triplet
M4-FUNG-0002:R002,M4-FUNG-0002,R002,RIB40 aflJ/aflS allele,has_functional_state,loss-of-function in regulatory assay,,S003,Four amino-acid substitutions reported relative to functional comparator.,183,mapped_triplet
M4-FUNG-0002:R003,M4-FUNG-0002,R003,E001,uses_strain,A. oryzae RIB40,,S002,,184,mapped_triplet
M4-FUNG-0002:R004,M4-FUNG-0002,R004,E003,uses_recipient,A. oryzae RIB67,,S003,Do not interpret as full-pathway rescue in RIB40.,185,mapped_triplet
M4-FUNG-0002:R005,M4-FUNG-0002,R005,MIBiG compound annotation,references_structure_evidence,aflatoxin G1 NMR characterization,,S001; S007,"Independent compound evidence, not direct RIB40 production.",186,mapped_triplet
M4-FUNG-0003:R001,M4-FUNG-0003,R001,AY371490.1:1-82081,contains,~70-kb 25-gene aflatoxin biosynthetic cluster,,S002; S003; S004,Sequence region is larger than the core functional programme.,188,mapped_triplet
M4-FUNG-0003:R002,M4-FUNG-0003,R002,AY371490.1:1-82081,contains_historical_adjacent_block,nadA-hxtA-glcA-sugR; nadA later shown to participate in G-aflatoxin formation,,S003; S004; S015; S016,Do not treat all four genes as functionally equivalent boundary markers.,189,mapped_triplet
M4-FUNG-0003:R003,M4-FUNG-0003,R003,aflR,activates,multiple aflatoxin structural genes,,S006; S007,"nor-1, ver-1 and omtA/omt-1 provide direct experimental readouts.",190,mapped_triplet
M4-FUNG-0003:R004,M4-FUNG-0003,R004,nitrate,inhibits,aflatoxin pathway expression/production under tested condition,,S006,Elevated AflR can overcome this inhibition.,191,mapped_triplet
M4-FUNG-0003:R005,M4-FUNG-0003,R005,native chromosomal cluster position,supports,nor-1 expression under inducing conditions,,S008,Ectopic reporter integration is poorly expressed.,192,mapped_triplet
M4-FUNG-0003:R006,M4-FUNG-0003,R006,aflU/cypA,required_for,G-aflatoxin branch,,S009,B-aflatoxin branch remains.,193,mapped_triplet
M4-FUNG-0003:R007,M4-FUNG-0003,R007,ATCC 56775,contains,partial duplicated aflatoxin-cluster module,,S010,Not a second intact cluster.,194,mapped_triplet
M4-FUNG-0003:R008,M4-FUNG-0003,R008,BGC0000005.3,database_status,retired,,S001,Preserve status in Atlas rather than silently treating as active MIBiG entry.,195,mapped_triplet
M4-FUNG-0003:R009,M4-FUNG-0003,R009,nadA,contributes_to,late G-group aflatoxin biosynthesis beyond the historical 25-gene core,,S015; S016,Boundary-extending functional relationship.,196,mapped_triplet
M4-FUNG-0004:R001,M4-FUNG-0004,R001,BGC0000006,encoded_by,AY510451.1:1-88318,,S001; S002,Exact deposited AF13 locus.,179,mapped_triplet
M4-FUNG-0004:R002,M4-FUNG-0004,R002,AF13,produces,aflatoxin B1 and aflatoxin B2,,S001; S005,Natural producer phenotype.,180,mapped_triplet
M4-FUNG-0004:R003,M4-FUNG-0004,R003,AF13 norB–cypA proximal module,has_state,degenerated by 32-bp + 854-bp deletions,,S004,Explains loss of G-aflatoxin branch capacity.,181,mapped_triplet
M4-FUNG-0004:R004,M4-FUNG-0004,R004,norB–cypA deletion,constrains,G-aflatoxin formation,,S004,Supported by absent AF13 transcription plus A. parasiticus cypA-disruption phenotype.,182,mapped_triplet
M4-FUNG-0004:R005,M4-FUNG-0004,R005,cottonseed lipids,promote_contextually,AFB1 production by AF13,,S006,Removal/reconstitution experiment.,183,mapped_triplet
M4-FUNG-0004:R006,M4-FUNG-0004,R006,atoxigenic A. flavus AF36,suppresses_contextually,realized AF13 aflatoxin contamination in cotton,,S008,Co-inoculation/ecological interaction.,184,mapped_triplet
M4-FUNG-0004:R007,M4-FUNG-0004,R007,atfC,located_outside,BGC0000006,,S005,atfC lies in a 310-kb AF13-specific chromosome-1 insertion.,185,mapped_triplet
M4-FUNG-0004:R008,M4-FUNG-0004,R008,atfC,modifies,oxidative-stress tolerance; aflatoxin effect remains context-dependent,,S005,Do not encode as a direct BGC regulator.,186,mapped_triplet
M4-FUNG-0005:R001,M4-FUNG-0005,R001,BGC0000007,encoded_by,AY510452.1:1-82511,,S001,,182,mapped_triplet
M4-FUNG-0005:R002,M4-FUNG-0005,R002,BN008R / ATCC MYA-379,current_literature_assignment,Aspergillus aflatoxiformans,,S007; S008,MIBiG retains historical A. flavus label.,183,mapped_triplet
M4-FUNG-0005:R003,M4-FUNG-0005,R003,BN008R,produces,aflatoxin B1 and aflatoxin G1,,S001; S002; S003; S005,,184,mapped_triplet
M4-FUNG-0005:R004,M4-FUNG-0005,R004,urea nitrogen,promotes_contextually,BN008R B1/G1 accumulation relative to ammonium,,S002,Large effect at both 45 and 100 mM N.,185,mapped_triplet
M4-FUNG-0005:R005,M4-FUNG-0005,R005,very acidic pH,suppresses_contextually,BN008R B1/G1 accumulation,,S005,Opposite directional pattern to typical SB A. flavus under tested conditions.,186,mapped_triplet
M4-FUNG-0005:R006,M4-FUNG-0005,R006,aflR transcript,imperfectly_predicts,BN008R aflatoxin output across pH,,S005,"r²=0.25, P=0.5.",187,mapped_triplet
M4-FUNG-0005:R007,M4-FUNG-0005,R007,cypA,required_for,G-aflatoxin branch,,S004,Mechanistic evidence from A. parasiticus.,188,mapped_triplet
M4-FUNG-0006:R001,M4-FUNG-0006,R001,BGC0000008,encoded_by,AY510453.1:1-75829,,S001,,179,mapped_triplet
M4-FUNG-0006:R002,M4-FUNG-0006,R002,AF70,has_strain_taxonomy,A. flavus AF70 / ATCC MYA-384 (strain TaxID 1392242),,S002,,180,mapped_triplet
M4-FUNG-0006:R003,M4-FUNG-0006,R003,AF70,produces,aflatoxin B1 and aflatoxin B2,,S001; S003; S005; S006,,181,mapped_triplet
M4-FUNG-0006:R004,M4-FUNG-0006,R004,ground corn,promotes_contextually,AF70 aflatoxin-cluster transcription and AFB1 output relative to PDB,,S006,,182,mapped_triplet
M4-FUNG-0006:R005,M4-FUNG-0006,R005,Hbx1,supports,AF70 development and aflatoxin production,,S008; S009,Global developmental regulator.,183,mapped_triplet
M4-FUNG-0006:R006,M4-FUNG-0006,R006,FhpA,negatively_modulates_contextually,AF70 AFB1 production,,S010,Deletion increased AFB1; complementation unavailable.,184,mapped_triplet
M4-FUNG-0006:R007,M4-FUNG-0006,R007,AF70 aflF/aflU region,has_state,S-morphotype deletion/degeneration,,S004; S005,Explains B-only product repertoire.,185,mapped_triplet
M4-FUNG-0006:R008,M4-FUNG-0006,R008,AF70 cluster genotype,differs_extensively_from,NRRL3357 aflatoxin cluster,,S005,Large SNP/indel burden.,186,mapped_triplet
M4-FUNG-0007:R001,M4-FUNG-0007,R001,BGC0000009,encoded_by,AY510454.1:1-75352,,S001,,180,mapped_triplet
M4-FUNG-0007:R002,M4-FUNG-0007,R002,NRRL 13137,current_species_name,Aspergillus nomiae,,S002; S003,MIBiG and historical literature use A. nomius.,181,mapped_triplet
M4-FUNG-0007:R003,M4-FUNG-0007,R003,NRRL 13137,produces,aflatoxin B1/B2/G1/G2,,S004; S005; S007,,182,mapped_triplet
M4-FUNG-0007:R004,M4-FUNG-0007,R004,intact aflU/cypA,supports,G-aflatoxin branch competence,,S004,,183,mapped_triplet
M4-FUNG-0007:R005,M4-FUNG-0007,R005,high initial spore density in peptone medium,suppresses_contextually,NRRL 13137 aflatoxin biosynthesis,,S006,Especially ≥10^5 spores/mL.,184,mapped_triplet
M4-FUNG-0007:R006,M4-FUNG-0007,R006,high initial spore density in glucose medium,promotes_contextually,NRRL 13137 aflatoxin biosynthesis,,S006,Opposite directional response to peptone medium.,185,mapped_triplet
M4-FUNG-0007:R007,M4-FUNG-0007,R007,arachidin-3,suppresses_contextually,NRRL 13137 growth/development and AFB1 accumulation,,S007,Ecological phytoalexin interaction.,186,mapped_triplet
M4-FUNG-0007:R008,M4-FUNG-0007,R008,temperature,differentially_controls,A. nomiae growth/transcript state versus final toxin output,,S009,Species-comparative evidence.,187,mapped_triplet
M4-FUNG-0008:R001,M4-FUNG-0008,R001,BGC0000010,encoded_by,AY510455.1:1-78264,,S001; S002,,174,mapped_triplet
M4-FUNG-0008:R002,M4-FUNG-0008,R002,AF36,belongs_to_VCG,YV36,,S006; S007,,175,mapped_triplet
M4-FUNG-0008:R003,M4-FUNG-0008,R003,AF36,has_mating_type,MAT1-2,,S007,,176,mapped_triplet
M4-FUNG-0008:R004,M4-FUNG-0008,R004,aflC/pksA nt591 G→A,causes,premature stop codon / nonfunctional PKS,,S003,,177,mapped_triplet
M4-FUNG-0008:R005,M4-FUNG-0008,R005,nonfunctional PksA,prevents,aflatoxin pathway biochemical execution,,S003,First committed polyketide step is blocked.,178,mapped_triplet
M4-FUNG-0008:R006,M4-FUNG-0008,R006,AF36/YV36 field application,suppresses_ecologically,aflatoxin contamination from toxigenic A. flavus populations,,S009,Population replacement/competitive exclusion.,179,mapped_triplet
M4-FUNG-0008:R007,M4-FUNG-0008,R007,MIBiG aflatoxin compound annotation,does_not_equal,native AF36 product evidence,,S001; S003,,180,mapped_triplet
M4-FUNG-0009:R001,M4-FUNG-0009,R001,BGC0000011,encoded_by,AY092402.3:1-59535,,S001; S002,,178,mapped_triplet
M4-FUNG-0009:R002,M4-FUNG-0009,R002,SRRC 1432,same_strain_as,CBS 550.77 / NRRL 28622 / ATCC 38873,,S003,Ex-type strain aliases.,179,mapped_triplet
M4-FUNG-0009:R003,M4-FUNG-0009,R003,A. ochraceoroseus,produces,sterigmatocystin + aflatoxin B1 + aflatoxin B2,,S001; S005,,180,mapped_triplet
M4-FUNG-0009:R004,M4-FUNG-0009,R004,A. ochraceoroseus aflR,complements,A. nidulans aflR mutant,,S004,Restores ST production.,181,mapped_triplet
M4-FUNG-0009:R005,M4-FUNG-0009,R005,A. ochraceoroseus aflQ/ordA,located_outside,BGC0000011,,S006,,182,mapped_triplet
M4-FUNG-0009:R006,M4-FUNG-0009,R006,A. ochraceoroseus aflQ/ordA,complements,A. parasiticus aflQ mutant,,S006,Restores AF production.,183,mapped_triplet
M4-FUNG-0009:R007,M4-FUNG-0009,R007,BGC0000011 architecture,resembles,A. nidulans sterigmatocystin cluster,,S004,,184,mapped_triplet
M4-FUNG-0010:R001,M4-FUNG-0010,R001,BGC0000012,encoded_by,AB120221.1:1-21971,,S001; S002,,161,mapped_triplet
M4-FUNG-0010:R002,M4-FUNG-0010,R002,Alt5 / PKSN,produces,alternapyrone,,S003,Direct heterologous expression evidence.,162,mapped_triplet
M4-FUNG-0010:R003,M4-FUNG-0010,R003,Alt1,predicted_function,cytochrome P450 tailoring,,S001; S003,No direct A. solani reaction assignment.,163,mapped_triplet
M4-FUNG-0010:R004,M4-FUNG-0010,R004,Alt2,predicted_function,cytochrome P450 tailoring,,S001; S003; S008,Homolog Alt2′ has direct oxidative function in another fungus.,164,mapped_triplet
M4-FUNG-0010:R005,M4-FUNG-0010,R005,Alt3,predicted_function,cytochrome P450 tailoring,,S001; S003; S008,Homolog Alt3′ has direct oxidative function in another fungus.,165,mapped_triplet
M4-FUNG-0010:R006,M4-FUNG-0010,R006,Alt4,predicted_function,FAD/FMN-dependent oxidative tailoring,,S001; S003,No direct A. solani reaction assignment.,166,mapped_triplet
M4-FUNG-0010:R007,M4-FUNG-0010,R007,alternapyrone,may_be,core intermediate / released PKS product rather than proven full-cluster end product,,S003; S005,Key Atlas distinction.,167,mapped_triplet
M4-FUNG-0010:R008,M4-FUNG-0010,R008,BGC0000012-like clusters,distributed_across,multiple Pleosporalean/Dothideomycete fungi,,S009,Presence does not prove expression/product.,168,mapped_triplet
M4-FUNG-0011:R001,M4-FUNG-0011,R001,BGC0000013 displayed region,located_on,"A. nidulans chromosome IV / BN001304.1:1,099,810–1,145,772",,S001; S002,,159,mapped_triplet
M4-FUNG-0011:R002,M4-FUNG-0011,R002,compact functional locus,spans,"BN001304.1:1,119,810–1,127,658",,S001,,160,mapped_triplet
M4-FUNG-0011:R003,M4-FUNG-0011,R003,PkgA,synthesizes,alternariol/isocoumarin polyketide backbone,,S003,,161,mapped_triplet
M4-FUNG-0011:R004,M4-FUNG-0011,R004,PkgB,enables_efficient_release_of,PkgA polyketide product,,S003,,162,mapped_triplet
M4-FUNG-0011:R005,M4-FUNG-0011,R005,PkgA + PkgB direct induction,produces,alternariol + dehydrocitreoisocoumarin + minor isocoumarins,,S003,,163,mapped_triplet
M4-FUNG-0011:R006,M4-FUNG-0011,R006,nearby putative TF induction,fails_to_produce,detectable new natural product under tested conditions,,S003,,164,mapped_triplet
M4-FUNG-0011:R007,M4-FUNG-0011,R007,MIBiG historical alternariol structure reference,does_not_establish,A. nidulans production,,S001; S007,A. nidulans production is established by Ahuja et al. 2012.,165,mapped_triplet
M4-FUNG-0011:R008,M4-FUNG-0011,R008,sterigmatocystin-deficient background,reduces_confounding_for,induced natural-product discovery,,S003,Also potentially changes precursor competition.,166,mapped_triplet
M4-FUNG-0012:R001,M4-FUNG-0012,R001,BGC0000022,displayed_on,"AACD01000015.1:109,597–170,464",,S001,MIBiG displayed region.,166,mapped_triplet
M4-FUNG-0012:R002,M4-FUNG-0012,R002,MIBiG locus feature,spans,"AACD01000015.1:111,993–153,232",,S001,"41,240 bp nested feature.",167,mapped_triplet
M4-FUNG-0012:R003,M4-FUNG-0012,R003,functional afo programme,contains_required,afoA + afoB/afoC/afoD/afoE/afoF/afoG,,S003; S004,,168,mapped_triplet
M4-FUNG-0012:R004,M4-FUNG-0012,R004,AN1030,coexpressed_with,asperfuranone cluster under ScpR activation,,S004,,169,mapped_triplet
M4-FUNG-0012:R005,M4-FUNG-0012,R005,AN1030,not_required_for,asperfuranone production in deletion assay,,S003,,170,mapped_triplet
M4-FUNG-0012:R006,M4-FUNG-0012,R006,AfoG,supplies_starter_to,AfoE,,S003; S007,Sequential dual-PKS biosynthesis.,171,mapped_triplet
M4-FUNG-0012:R007,M4-FUNG-0012,R007,AfoD deletion,accumulates,preasperfuranone,,S003,,172,mapped_triplet
M4-FUNG-0012:R008,M4-FUNG-0012,R008,ScpR chromosome-II regulator,activates_via,AfoA on chromosome VIII,,S004,Cross-BGC/cross-chromosome regulation.,173,mapped_triplet
M4-FUNG-0012:R009,M4-FUNG-0012,R009,AfoB,supports,product transport/recovery,,S003; S007,Deletion reduces but does not eliminate final product.,174,mapped_triplet
M4-FUNG-0013:R001,M4-FUNG-0013,R001,BGC0000027,encoded_by,KC148521.1:1-80000,,S001; S002,,175,mapped_triplet
M4-FUNG-0013:R002,M4-FUNG-0013,R002,M. purpureus discovery locus,homologous_to,M. pilosus BGC0000027,,S003,Functional evidence transferred with provenance.,176,mapped_triplet
M4-FUNG-0013:R003,M4-FUNG-0013,R003,MpPKS5,required_for,Monascus azaphilone pigment backbone,,S003,,177,mapped_triplet
M4-FUNG-0013:R004,M4-FUNG-0013,R004,MppR1,regulates,MpPKS5 / pigment pathway access,,S003,W13 upstream insertion represses both.,178,mapped_triplet
M4-FUNG-0013:R005,M4-FUNG-0013,R005,MpFAS2,supplies,short-chain C8/C10 acyl moieties for pigment decoration,,S004,,179,mapped_triplet
M4-FUNG-0013:R006,M4-FUNG-0013,R006,MppE,promotes,yellow ankaflavin/monascin branch,,S005,,180,mapped_triplet
M4-FUNG-0013:R007,M4-FUNG-0013,R007,MppG,promotes,orange rubropunctatin/monascorubrin branch,,S006,,181,mapped_triplet
M4-FUNG-0013:R008,M4-FUNG-0013,R008,mppE overexpression phenotype,depends_on,culture method,,S005,Experimental architecture is a context modifier.,182,mapped_triplet
M4-FUNG-0014:R001,M4-FUNG-0014,R001,BGC0000030,displayed_on,"HF679027.1:82,202–128,472 / chromosome V",,S001; S002,,164,mapped_triplet
M4-FUNG-0014:R002,M4-FUNG-0014,R002,functional bik core,spans,"FFUJ_06742–FFUJ_06747 / 102,202–119,287",,S001; S003,,165,mapped_triplet
M4-FUNG-0014:R003,M4-FUNG-0014,R003,Bik1,produces,pre-bikaverin polyketide scaffold,,S003; S004; S005,,166,mapped_triplet
M4-FUNG-0014:R004,M4-FUNG-0014,R004,Bik2,oxidizes,bikaverin pathway intermediates,,S003; S005,,167,mapped_triplet
M4-FUNG-0014:R005,M4-FUNG-0014,R005,Bik3,methylates,bikaverin pathway intermediates,,S003; S005,,168,mapped_triplet
M4-FUNG-0014:R006,M4-FUNG-0014,R006,Bik4,positively_regulates,bik1/bik2/bik3 expression,,S003,,169,mapped_triplet
M4-FUNG-0014:R007,M4-FUNG-0014,R007,Bik5,positively_regulates,bik1/bik4/bik6 and pathway output,,S003,,170,mapped_triplet
M4-FUNG-0014:R008,M4-FUNG-0014,R008,Bik6,supports,bikaverin export/recovery,,S003,,171,mapped_triplet
M4-FUNG-0014:R009,M4-FUNG-0014,R009,PacC,represses_under,alkaline pH,,S003,,172,mapped_triplet
M4-FUNG-0014:R010,M4-FUNG-0014,R010,high nitrogen,represses,bik1–bik6 transcription,,S003; S006,AreA-independent in defining study.,173,mapped_triplet
M4-FUNG-0014:R011,M4-FUNG-0014,R011,ralsolamycin,induces,bik1/bik2/bik3 transcription and bikaverin production,,S008,Works under both high and low nitrogen.,174,mapped_triplet
M4-FUNG-0014:R012,M4-FUNG-0014,R012,bikaverin,reduces,Ralstonia invasion frequency in chlamydospores,,S008,Ecological defensive phenotype.,175,mapped_triplet
M4-FUNG-0015:R001,M4-FUNG-0015,R001,BGC0000037 display region,located_on,"BN001301.1 chromosome I:119,085–166,905",,S001; S002,,165,mapped_triplet
M4-FUNG-0015:R002,M4-FUNG-0015,R002,MIBiG locus feature,corresponds_primarily_to,"cicF/PKS at 139,085–146,905",,S001,,166,mapped_triplet
M4-FUNG-0015:R003,M4-FUNG-0015,R003,CicF,produces,3-methylorsellinic acid scaffold,,S003; S004,,167,mapped_triplet
M4-FUNG-0015:R004,M4-FUNG-0015,R004,CicB deletion,accumulates,3-methylorsellinic acid,,S003,,168,mapped_triplet
M4-FUNG-0015:R005,M4-FUNG-0015,R005,CicC deletion,accumulates,nidulol,,S003,,169,mapped_triplet
M4-FUNG-0015:R006,M4-FUNG-0015,R006,CicD,positively_regulates,cichorine pathway and derivative production,,S003; S007,,170,mapped_triplet
M4-FUNG-0015:R007,M4-FUNG-0015,R007,CicG,not_required_for,cichorine production under YES deletion assay,,S003,,171,mapped_triplet
M4-FUNG-0015:R008,M4-FUNG-0015,R008,cichorine-derived precursor,contributes_to,aspercryptin assembled by separate BGC,,S005,Cross-BGC chemistry.,172,mapped_triplet
M4-FUNG-0015:R009,M4-FUNG-0015,R009,acidified extraction,reveals,otherwise missed ionizable pathway intermediates,,S003,Analytical observability relationship.,173,mapped_triplet
M4-FUNG-0015:R010,M4-FUNG-0015,R010,local cic cluster,likely_requires_extra_cluster_function_for,lactone-to-lactam conversion,,S003,Specific enzyme unresolved.,174,mapped_triplet
M4-FUNG-0016:R001,M4-FUNG-0016,R001,MlcA,builds,compactin nonaketide core,,S005,,156,mapped_triplet
M4-FUNG-0016:R002,M4-FUNG-0016,R002,MlcG,partners_with,MlcA reductive programming,,S005,,157,mapped_triplet
M4-FUNG-0016:R003,M4-FUNG-0016,R003,MlcB,synthesizes,compactin diketide side chain,,S005,,158,mapped_triplet
M4-FUNG-0016:R004,M4-FUNG-0016,R004,MlcH,couples,diketide side chain + ML-236A → compactin,,S005,,159,mapped_triplet
M4-FUNG-0016:R005,M4-FUNG-0016,R005,MlcR,positively_regulates,mlc biosynthetic genes,,S005; S006,,160,mapped_triplet
M4-FUNG-0016:R006,M4-FUNG-0016,R006,MlcD,confers,compactin target resistance,,S004,,161,mapped_triplet
M4-FUNG-0016:R007,M4-FUNG-0016,R007,MlcE,predicted_to_support,compactin efflux/self-resistance,,S001; S005,Substrate-specific transport not directly measured.,162,mapped_triplet
M4-FUNG-0017:R001,M4-FUNG-0017,R001,BGC0000045,encoded_by,JX971534.1:1-31000,,S001; S002,,163,mapped_triplet
M4-FUNG-0017:R002,M4-FUNG-0017,R002,AtCURS1,supplies_starter_to,AtCURS2,,S003,Reduced tetraketide transfer.,164,mapped_triplet
M4-FUNG-0017:R003,M4-FUNG-0017,R003,AtCURS2,produces_with_AtCURS1,"10,11-dehydrocurvularin",,S003,,165,mapped_triplet
M4-FUNG-0017:R004,M4-FUNG-0017,R004,CurR,predicted_to_regulate,dehydrocurvularin locus,,S003,No native knockout/overexpression in defining work.,166,mapped_triplet
M4-FUNG-0017:R005,M4-FUNG-0017,R005,CurE,predicted_to_export,dehydrocurvularin,,S003,Native role plausible; heterologous host substitutes export.,167,mapped_triplet
M4-FUNG-0017:R006,M4-FUNG-0017,R006,AtCURS1 + AtCURS2,sufficient_for,heterologous final-product formation,,S003,,168,mapped_triplet
M4-FUNG-0017:R007,M4-FUNG-0017,R007,starter-unit feeding,bypasses,AtCURS1 requirement experimentally,,S003,Used to interrogate CurS2 programming.,169,mapped_triplet
M4-FUNG-0017:R008,M4-FUNG-0017,R008,A. terreus NIH2624,lacks,producer-strain curS1/curS2 orthologs,,S003,Strain-specific pathway presence.,170,mapped_triplet
M4-FUNG-0018:R001,M4-FUNG-0018,R001,BGC0000046,encoded_by,FJ977165.1:1–25000,,S001,,162,mapped_triplet
M4-FUNG-0018:R002,M4-FUNG-0018,R002,DEP6,positively_regulates,DEP1–DEP5,,S003,Immediate flanking genes are not co-regulated.,163,mapped_triplet
M4-FUNG-0018:R003,M4-FUNG-0018,R003,DEP5,required_for,depudecin polyketide scaffold formation,,S003,,164,mapped_triplet
M4-FUNG-0018:R004,M4-FUNG-0018,R004,DEP2,required_for,oxidative tailoring toward depudecin,,S003,,165,mapped_triplet
M4-FUNG-0018:R005,M4-FUNG-0018,R005,DEP4,required_for,oxidative tailoring toward depudecin,,S003,,166,mapped_triplet
M4-FUNG-0018:R006,M4-FUNG-0018,R006,DEP3,predicted_to_support,transport/export of depudecin or related function,,S003; S006,Direct native functional requirement unresolved.,167,mapped_triplet
M4-FUNG-0018:R007,M4-FUNG-0018,R007,depudecin,contributes_to,cabbage virulence,,S003,Small ~10% effect.,168,mapped_triplet
M4-FUNG-0018:R008,M4-FUNG-0018,R008,depudecin,not_required_detectably_for,Arabidopsis virulence in defining assay,,S003,,169,mapped_triplet
M4-FUNG-0018:R009,M4-FUNG-0018,R009,higher temperature 23→30°C,reduces,depudecin production,,S005,,170,mapped_triplet
M4-FUNG-0018:R010,M4-FUNG-0018,R010,reduced nitrate / ammonium substitution,increases_contextually,depudecin production at 23°C,,S005,,171,mapped_triplet
M4-FUNG-0018:R011,M4-FUNG-0018,R011,DEP cluster family,shows,horizontal transfer and recurrent partial degeneration across fungi,,S006,,172,mapped_triplet
M4-FUNG-0019:R001,M4-FUNG-0019,R001,BGC0000048,encodes_region,"DQ149246.3:1–52,829 / pksA mini-cluster",,S001,,193,mapped_triplet
M4-FUNG-0019:R002,M4-FUNG-0019,R002,dothistromin functional programme,distributed_across,six loci on chromosome 12,,S006; S007,,194,mapped_triplet
M4-FUNG-0019:R003,M4-FUNG-0019,R003,PksA,required_for,de novo dothistromin scaffold synthesis,,S002,,195,mapped_triplet
M4-FUNG-0019:R004,M4-FUNG-0019,R004,PksA mutant,retains,downstream precursor-to-dothistromin conversion competence,,S002,,196,mapped_triplet
M4-FUNG-0019:R005,M4-FUNG-0019,R005,DotA/Ver1 loss,accumulates,versicolorin A,,S003,,197,mapped_triplet
M4-FUNG-0019:R006,M4-FUNG-0019,R006,DsAflR,coordinates,multiple physically separated dothistromin loci,,S007,,198,mapped_triplet
M4-FUNG-0019:R007,M4-FUNG-0019,R007,DsLaeA,negatively_regulates,DsAflR and dothistromin output,,S009,,199,mapped_triplet
M4-FUNG-0019:R008,M4-FUNG-0019,R008,H3K27me3,represses_or_constrains,dispersed chromosome-12 dothistromin genes,,S010,,200,mapped_triplet
M4-FUNG-0019:R009,M4-FUNG-0019,R009,early exponential state,associates_with,high dothistromin-gene expression and production,,S005,,201,mapped_triplet
M4-FUNG-0019:R010,M4-FUNG-0019,R010,dothistromin,promotes,mesophyll colonization / lesion expansion / sporulation,,S008,,202,mapped_triplet
M4-FUNG-0019:R011,M4-FUNG-0019,R011,dothistromin,not_required_for,initial infection and disease-cycle completion,,S008,,203,mapped_triplet
M4-FUNG-0019:R012,M4-FUNG-0019,R012,chromosome-11 NorB,responds_to,DsAflR,,S007,Candidate extra-cluster pathway member.,204,mapped_triplet
M4-FUNG-0020:R001,M4-FUNG-0020,R001,BGC0000057 display region,located_on,"AACD01000135.1:108,096–154,597",,S001,,173,mapped_triplet
M4-FUNG-0020:R002,M4-FUNG-0020,R002,OrsA,produces,orsellinic acid,,S003; S004,,174,mapped_triplet
M4-FUNG-0020:R003,M4-FUNG-0020,R003,OrsA + OrsB + OrsC,required_for,F9775A/F9775B local biosynthesis,,S003,,175,mapped_triplet
M4-FUNG-0020:R004,M4-FUNG-0020,R004,OrsB deletion,accumulates,gerfelin + C10-deoxygerfelin + orsellinic acid,,S003,,176,mapped_triplet
M4-FUNG-0020:R005,M4-FUNG-0020,R005,OrsC deletion,accumulates,diorcinol + orsellinic acid,,S003,,177,mapped_triplet
M4-FUNG-0020:R006,M4-FUNG-0020,R006,AN7913–AN7915,coinduced_but_not_required_for,OA/F9775A/B under targeted-deletion conditions,,S003; S005,,178,mapped_triplet
M4-FUNG-0020:R007,M4-FUNG-0020,R007,S. rapamycinicus physical contact,induces,ors transcription and OA/lecanoric acid/F9775 chemistry,,S004,,179,mapped_triplet
M4-FUNG-0020:R008,M4-FUNG-0020,R008,SAGA/ADA GcnE/AdaB,required_for,bacteria-induced ors activation,,S006,,180,mapped_triplet
M4-FUNG-0020:R009,M4-FUNG-0020,R009,CclA loss,derepresses,ors/F9775 programme,,S005; S009,,181,mapped_triplet
M4-FUNG-0020:R010,M4-FUNG-0020,R010,VeA,represses_contextually,ors/F9775 programme,,S007,,182,mapped_triplet
M4-FUNG-0020:R011,M4-FUNG-0020,R011,MvlA overexpression,suppresses,ΔveA/ΔcclA F9775 activation,,S007,,183,mapped_triplet
M4-FUNG-0020:R012,M4-FUNG-0020,R012,stationary liquid Czapek culture,enables,wild-type OA/F9775 production,,S003,,184,mapped_triplet
M4-FUNG-0021:R001,M4-FUNG-0021,R001,BGC0000062,encoded_by,AF155773.5,,S001; S011,,177,mapped_triplet
M4-FUNG-0021:R002,M4-FUNG-0021,R002,Fum21,positively_regulates,most FUM biosynthetic genes,,S005,,178,mapped_triplet
M4-FUNG-0021:R003,M4-FUNG-0021,R003,Fum1,precedes,Fum8 in pathway order,,S006,,179,mapped_triplet
M4-FUNG-0021:R004,M4-FUNG-0021,R004,Fum8,precedes,Fum6-dependent oxidation,,S006,,180,mapped_triplet
M4-FUNG-0021:R005,M4-FUNG-0021,R005,Fum13,reduces,C3 carbonyl to C3 hydroxyl,,S018,,181,mapped_triplet
M4-FUNG-0021:R006,M4-FUNG-0021,R006,Fum2,controls,C10 hydroxylation/congener class,,S012; S019,,182,mapped_triplet
M4-FUNG-0021:R007,M4-FUNG-0021,R007,Fum3,performs,final C5 hydroxylation,,S020,,183,mapped_triplet
M4-FUNG-0021:R008,M4-FUNG-0021,R008,Fum7/Fum10/Fum11/Fum14,construct_and_attach,tricarballylic ester arms,,S007; S021,,184,mapped_triplet
M4-FUNG-0021:R009,M4-FUNG-0021,R009,Fum18,confers,ceramide-synthase-based FB1 self-protection,,S008,,185,mapped_triplet
M4-FUNG-0021:R010,M4-FUNG-0021,R010,Fum19,negatively_regulates,FUM cluster expression and FB1 level,,S008,,186,mapped_triplet
M4-FUNG-0021:R011,M4-FUNG-0021,R011,Fum16,supports,palmitoyl-CoA/ceramide self-protection module,,S009,,187,mapped_triplet
M4-FUNG-0021:R012,M4-FUNG-0021,R012,FUM15–FUM19,form,self-protection/regulatory subcluster,,S009,,188,mapped_triplet
M4-FUNG-0021:R013,M4-FUNG-0021,R013,FUM1 loss,abolishes,fumonisin but not tested maize ear pathogenicity,,S004,,189,mapped_triplet
M4-FUNG-0022:R001,M4-FUNG-0022,R001,BGC0000063,encoded_by,"EU449979.1:1–53,327",,S001,,170,mapped_triplet
M4-FUNG-0022:R002,M4-FUNG-0022,R002,FoFum8 Val580,associates_with_and_causes,predominant C-series fumonisin output,,S004,,171,mapped_triplet
M4-FUNG-0022:R003,M4-FUNG-0022,R003,FvFum8 Ala580,associates_with_and_causes,predominant B-series fumonisin output,,S004,,172,mapped_triplet
M4-FUNG-0022:R004,M4-FUNG-0022,R004,FoFUM8,uses_preferentially,glycine for FC backbone formation,,S003; S004,,173,mapped_triplet
M4-FUNG-0022:R005,M4-FUNG-0022,R005,FvFUM8,uses_preferentially,alanine for FB backbone formation,,S003; S004,,174,mapped_triplet
M4-FUNG-0022:R006,M4-FUNG-0022,R006,FUM15,not_required_for,hydroxy-FC1 hydroxylation,,S004,,175,mapped_triplet
M4-FUNG-0022:R007,M4-FUNG-0022,R007,CPM1,adjacent_to,FUM19 at O-1890 cluster edge,,S001; S006,,176,mapped_triplet
M4-FUNG-0022:R008,M4-FUNG-0022,R008,O-1890,isolated_from,Dianthus caryophyllus in Korea,,S005,,177,mapped_triplet
M4-FUNG-0023:R001,M4-FUNG-0023,R001,BGC0000064,encoded_by,"AY604568.1:1–11,857",,S001,,169,mapped_triplet
M4-FUNG-0023:R002,M4-FUNG-0023,R002,F. verticillioides transcriptional FUS locus,contains,FUS1–FUS9 / FVEG_11086–FVEG_11078,,S007,,170,mapped_triplet
M4-FUNG-0023:R003,M4-FUNG-0023,R003,Fus1,produces,prefusarin scaffold,,S002; S003,,171,mapped_triplet
M4-FUNG-0023:R004,M4-FUNG-0023,R004,Fus8,oxidizes,prefusarin C20 and later C20 aldehyde to carboxylate,,S003,Two distinct oxidation steps.,172,mapped_triplet
M4-FUNG-0023:R005,M4-FUNG-0023,R005,Fus2,drives,2-pyrrolidone ring closure + C15 oxidation + C13–C14 epoxidation,,S003,,173,mapped_triplet
M4-FUNG-0023:R006,M4-FUNG-0023,R006,Fus9,methylates,carboxy-fusarin C to fusarin C,,S003,,174,mapped_triplet
M4-FUNG-0023:R007,M4-FUNG-0023,R007,Fus3–Fus7,coexpressed_but_not_required_for,canonical fusarin C formation in F. fujikuroi,,S003,,175,mapped_triplet
M4-FUNG-0023:R008,M4-FUNG-0023,R008,high nitrogen,activates,FUS transcription and fusarin production,,S003; S004; S006,,176,mapped_triplet
M4-FUNG-0023:R009,M4-FUNG-0023,R009,Ustilago maydis coculture,induces,F. verticillioides FUS1–FUS9 transcription at day 2,,S008,,177,mapped_triplet
M4-FUNG-0023:R010,M4-FUNG-0023,R010,FvStuA,positively_regulates,FUS cluster transcription,,S015,Pleiotropic developmental regulator.,178,mapped_triplet
M4-FUNG-0024:R001,M4-FUNG-0024,R001,BGC0000070,encoded_by,"GU574478.1:1–55,000",,S001,,174,mapped_triplet
M4-FUNG-0024:R002,M4-FUNG-0024,R002,GsfA,produces,heptaketide benzophenone precursor,,S003; S004,,175,mapped_triplet
M4-FUNG-0024:R003,M4-FUNG-0024,R003,GsfB,methylates,3-OH of benzophenone pathway intermediate,,S004,,176,mapped_triplet
M4-FUNG-0024:R004,M4-FUNG-0024,R004,GsfC,methylates,9-OH of benzophenone pathway intermediate,,S004,,177,mapped_triplet
M4-FUNG-0024:R005,M4-FUNG-0024,R005,GsfI,chlorinates,griseophenone C → griseophenone B,,S003; S004,,178,mapped_triplet
M4-FUNG-0024:R006,M4-FUNG-0024,R006,GsfF,forms,grisan oxa-spiro scaffold by oxidative phenolic coupling,,S004; S008,,179,mapped_triplet
M4-FUNG-0024:R007,M4-FUNG-0024,R007,GsfD,methylates,5-OH of late grisan intermediate,,S004,,180,mapped_triplet
M4-FUNG-0024:R008,M4-FUNG-0024,R008,GsfE,reduces,dehydrogriseofulvin → griseofulvin stereospecifically,,S004,,181,mapped_triplet
M4-FUNG-0024:R009,M4-FUNG-0024,R009,GsfK,not_required_for,canonical griseofulvin production under tested conditions,,S004,,182,mapped_triplet
M4-FUNG-0024:R010,M4-FUNG-0024,R010,GsfH,not_required_for,canonical griseofulvin production under tested conditions,,S004,,183,mapped_triplet
M4-FUNG-0025:R001,M4-FUNG-0025,R001,BGC0000076,encoded_by,EU520417.1 / DSM11931,,S001; S002,,168,mapped_triplet
M4-FUNG-0025:R002,M4-FUNG-0025,R002,BGC0000077,near_identical_strain_counterpart_of,BGC0000076,,S003,DSM11932; ~0.1% nucleotide divergence.,169,mapped_triplet
M4-FUNG-0025:R003,M4-FUNG-0025,R003,Hpm8,supplies_reduced_starter_to,Hpm3,,S003,,170,mapped_triplet
M4-FUNG-0025:R004,M4-FUNG-0025,R004,Hpm3 + Hpm8,produce,DHZ 14-membered resorcylic acid lactone scaffold,,S003,,171,mapped_triplet
M4-FUNG-0025:R005,M4-FUNG-0025,R005,Hpm5,methylates,4-OH of hypothemycin/RAL substrates,,S003,,172,mapped_triplet
M4-FUNG-0025:R006,M4-FUNG-0025,R006,Hpm7,epoxidizes,"1′,2′ double bond",,S003,,173,mapped_triplet
M4-FUNG-0025:R007,M4-FUNG-0025,R007,Hpm1,hydroxylates,DHZ-derived RAL side chain,,S003,Exact position incompletely resolved.,174,mapped_triplet
M4-FUNG-0025:R008,M4-FUNG-0025,R008,Hpm2,isomerizes,"7′,8′ olefin",,S003,Equilibrium favors trans.,175,mapped_triplet
M4-FUNG-0025:R009,M4-FUNG-0025,R009,Hpm6,hypothesized_to_export_selectively,cis hypothemycin,,S003,Unvalidated.,176,mapped_triplet
M4-FUNG-0025:R010,M4-FUNG-0025,R010,Hpm9,proposed_to_oxidize,late side-chain alcohol to ketone/enone state,,S003,Unvalidated directly.,177,mapped_triplet
M4-FUNG-0026:R001,M4-FUNG-0026,R001,BGC0000077,encoded_by,EU520418.1 / DSM11932,,S001; S002,,168,mapped_triplet
M4-FUNG-0026:R002,M4-FUNG-0026,R002,BGC0000076,near_identical_strain_counterpart_of,BGC0000077,,S003,DSM11931; ~0.1% nucleotide divergence.,169,mapped_triplet
M4-FUNG-0026:R003,M4-FUNG-0026,R003,Hpm8,supplies_reduced_starter_to,Hpm3,,S003,,170,mapped_triplet
M4-FUNG-0026:R004,M4-FUNG-0026,R004,Hpm3 + Hpm8,produce,DHZ 14-membered resorcylic acid lactone scaffold,,S003,,171,mapped_triplet
M4-FUNG-0026:R005,M4-FUNG-0026,R005,Hpm5,methylates,4-OH of hypothemycin/RAL substrates,,S003,,172,mapped_triplet
M4-FUNG-0026:R006,M4-FUNG-0026,R006,Hpm7,epoxidizes,"1′,2′ double bond",,S003,,173,mapped_triplet
M4-FUNG-0026:R007,M4-FUNG-0026,R007,Hpm1,hydroxylates,DHZ-derived RAL side chain,,S003,Exact position incompletely resolved.,174,mapped_triplet
M4-FUNG-0026:R008,M4-FUNG-0026,R008,Hpm2,isomerizes,"7′,8′ olefin",,S003,Equilibrium favors trans.,175,mapped_triplet
M4-FUNG-0026:R009,M4-FUNG-0026,R009,Hpm6,hypothesized_to_export_selectively,cis hypothemycin,,S003,Unvalidated.,176,mapped_triplet
M4-FUNG-0026:R010,M4-FUNG-0026,R010,Hpm9,proposed_to_oxidize,late side-chain alcohol to ketone/enone state,,S003,Unvalidated directly.,177,mapped_triplet
M4-FUNG-0027:R001,M4-FUNG-0027,R001,BGC0000088,encoded_by,"AH007774.2:1–55,428",,S001,,176,mapped_triplet
M4-FUNG-0027:R002,M4-FUNG-0027,R002,LovB,encoded_separately_from,BGC0000088/AH007774.2 on AF151722,,S011,,177,mapped_triplet
M4-FUNG-0027:R003,M4-FUNG-0027,R003,LovC,trans_reduces,specific LovB-bound enoyl intermediates,,S003; S005,,178,mapped_triplet
M4-FUNG-0027:R004,M4-FUNG-0027,R004,LovB + LovC,produce,dihydromonacolin L scaffold,,S003; S005,,179,mapped_triplet
M4-FUNG-0027:R005,M4-FUNG-0027,R005,LovG,releases,dihydromonacolin L from LovB,,S007,,180,mapped_triplet
M4-FUNG-0027:R006,M4-FUNG-0027,R006,LovA,converts,DML acid → monacolin L acid → monacolin J acid,,S006,,181,mapped_triplet
M4-FUNG-0027:R007,M4-FUNG-0027,R007,LovF,synthesizes,2-methylbutyryl side-chain donor,,S003; S008,,182,mapped_triplet
M4-FUNG-0027:R008,M4-FUNG-0027,R008,LovD,transfers,LovF-bound 2-methylbutyryl group to monacolin J,,S008,,183,mapped_triplet
M4-FUNG-0027:R009,M4-FUNG-0027,R009,carbon assimilation limitation,associates_with,onset of native lovastatin production,,S010,,184,mapped_triplet
M4-FUNG-0027:R010,M4-FUNG-0027,R010,ROS accumulation,positively_associates_with_and_regulates,lovE/lovF expression and lovastatin production,,S013,,185,mapped_triplet
M4-FUNG-0027:R011,M4-FUNG-0027,R011,cluster HMG-CoA reductase homolog,supports,producer resistance/self-protection,,S014,Keep separate from target pharmacology.,186,mapped_triplet
M4-FUNG-0028:R001,M4-FUNG-0028,R001,BGC0000089,legacy_partial_of,BGC0000088 lovastatin programme,,S002; S003; S004,,153,mapped_triplet
M4-FUNG-0028:R002,M4-FUNG-0028,R002,AF141925.1,replaced_by,AH007774,,S002,,154,mapped_triplet
M4-FUNG-0028:R003,M4-FUNG-0028,R003,AF141924.1 + AF141925.1,historically_encode,17-gene lovastatin cluster,,S003,,155,mapped_triplet
M4-FUNG-0028:R004,M4-FUNG-0028,R004,M4-FUNG-0028,cross_references,M4-FUNG-0027 / BGC0000088,,S003,Mechanistic dossier lives in active record.,156,mapped_triplet
M4-FUNG-0029:R001,M4-FUNG-0029,R001,BGC0000098,encoded_by,"DQ176595.1:1–45,000",,S001,,172,mapped_triplet
M4-FUNG-0029:R002,M4-FUNG-0029,R002,MokA,required_for,monacolin K core-scaffold biosynthesis,,S003,,173,mapped_triplet
M4-FUNG-0029:R003,M4-FUNG-0029,R003,MokE,trans_reduces/supports,MokA iterative-PKS execution,,S009,,174,mapped_triplet
M4-FUNG-0029:R004,M4-FUNG-0029,R004,MokB,synthesizes,diketide side chain downstream of monacolin J,,S004,,175,mapped_triplet
M4-FUNG-0029:R005,M4-FUNG-0029,R005,MokF,predicted_to_transfer,MokB-derived side chain to monacolin J,,S003; S011,Homology-based; direct source-strain chemistry less resolved.,176,mapped_triplet
M4-FUNG-0029:R006,M4-FUNG-0029,R006,MokH,positively_regulates,mok cluster transcription and MK output,,S005,,177,mapped_triplet
M4-FUNG-0029:R007,M4-FUNG-0029,R007,MokI overexpression,increases,MK output/recovery,,S008,Direct transport substrate unresolved.,178,mapped_triplet
M4-FUNG-0029:R008,M4-FUNG-0029,R008,10 mM glutamate,increases,MK production and mokB–mokI expression,,S006,,179,mapped_triplet
M4-FUNG-0029:R009,M4-FUNG-0029,R009,temperature shift 30→25°C,increases,MK despite lower biomass,,S007,Comparative M. fuliginosus evidence.,180,mapped_triplet
M4-FUNG-0029:R010,M4-FUNG-0029,R010,MpClr4 inactivation,increases,MK production,,S010,Global chromatin/DDR modifier.,181,mapped_triplet
M4-FUNG-0029:R011,M4-FUNG-0029,R011,MpDot1 inactivation,decreases,MK production,,S010,Global chromatin/DDR modifier.,182,mapped_triplet
M4-FUNG-0029:R012,M4-FUNG-0029,R012,monacolin K,chemically_identical_to,lovastatin,,S003; S011,,183,mapped_triplet
M4-FUNG-0030:R001,M4-FUNG-0030,R001,BGC0000099,encoded_by,"HM070047.1:1–8,104",,S001,MIBiG single-PKS sequence.,171,mapped_triplet
M4-FUNG-0030:R002,M4-FUNG-0030,R002,functional monascorubrin programme,contains,pks3 + rp1 + rp2 + rp3 + rp4,,S003,,172,mapped_triplet
M4-FUNG-0030:R003,M4-FUNG-0030,R003,RP1,positively_regulates_inferred,PKS3-dependent pathway,,S003,Direct binding unresolved.,173,mapped_triplet
M4-FUNG-0030:R004,M4-FUNG-0030,R004,PKS3,produces,compound-1/polyketide chromophore branch,,S003,Detailed chemistry partly inferred.,174,mapped_triplet
M4-FUNG-0030:R005,M4-FUNG-0030,R005,RP2 + RP3 + RP4,required_for,3-oxo-decanoic-acid/fatty-acid branch,,S003,Shared mutant phenotype; individual reactions unresolved.,175,mapped_triplet
M4-FUNG-0030:R006,M4-FUNG-0030,R006,pks3 + rp1,required_for,citrinin branch,,S003,,176,mapped_triplet
M4-FUNG-0030:R007,M4-FUNG-0030,R007,rp2/rp3/rp4,not_required_for,citrinin formation under tested conditions,,S003,,177,mapped_triplet
M4-FUNG-0030:R008,M4-FUNG-0030,R008,pks3 + rp1–rp4,required_for,monascorubrin and ankaflavin,,S003,,178,mapped_triplet
M4-FUNG-0030:R009,M4-FUNG-0030,R009,free amino acids,conjugate_with,monascorubrin/rubropunctatin after scaffold formation,,S003,Likely nonenzymatic Schiff-base chemistry.,179,mapped_triplet
M4-FUNG-0030:R010,M4-FUNG-0030,R010,25°C mold state,supports,diffusible red-pigment programme,,S003; S004,,180,mapped_triplet
M4-FUNG-0030:R011,M4-FUNG-0030,R011,ten tested neighboring ORFs outside rp1–rp4,not_required_for,visible red-pigment phenotype,,S003,Negative boundary evidence.,181,mapped_triplet
M4-FUNG-0031:R001,M4-FUNG-0031,R001,BGC0000101,encoded_by,"BN001308.1:4,367,684–4,413,245 displayed region",,S001,,171,mapped_triplet
M4-FUNG-0031:R002,M4-FUNG-0031,R002,CclA loss,derepresses,mdp secondary-metabolite locus,,S005,,172,mapped_triplet
M4-FUNG-0031:R003,M4-FUNG-0031,R003,MdpG,synthesizes,atrochrysone thioester,,S003; S006,,173,mapped_triplet
M4-FUNG-0031:R004,M4-FUNG-0031,R004,MdpF,releases,atrochrysone carboxylic acid from MdpG,,S006,,174,mapped_triplet
M4-FUNG-0031:R005,M4-FUNG-0031,R005,MdpH1/MdpH2,direct,flux toward emodin rather than endocrocin,,S003; S006,Historical mdpH region split into two activities.,175,mapped_triplet
M4-FUNG-0031:R006,M4-FUNG-0031,R006,MdpE + MdpA,activate,mdp cluster transcription,,S003,,176,mapped_triplet
M4-FUNG-0031:R007,M4-FUNG-0031,R007,MdpD,required_for,xanthone branch but not monodictyphenone,,S004,,177,mapped_triplet
M4-FUNG-0031:R008,M4-FUNG-0031,R008,XptA + XptB,prenylate,xanthone-pathway intermediates,,S004; S008,,178,mapped_triplet
M4-FUNG-0031:R009,M4-FUNG-0031,R009,XptC,converts,late prenylated precursors to shamixanthone/epishamixanthone,,S004,,179,mapped_triplet
M4-FUNG-0031:R010,M4-FUNG-0031,R010,AN7999,not_required_for,obvious prenyl-xanthone production under tested conditions,,S004,,180,mapped_triplet
M4-FUNG-0031:R011,M4-FUNG-0031,R011,prenylated xanthones,accumulate_in,Hülle cells during sexual development,,S009,,181,mapped_triplet
M4-FUNG-0031:R012,M4-FUNG-0031,R012,Hülle-cell xanthones,protect,sexual structures from arthropod fungivory,,S009,,182,mapped_triplet
M4-FUNG-0032:R001,M4-FUNG-0032,R001,BGC0000104,encoded_by,"HQ731031.1:1–33,515 displayed region",,S001,,167,mapped_triplet
M4-FUNG-0032:R002,M4-FUNG-0032,R002,MpaC,produces,5-methylorsellinic acid,,S003; S004,,168,mapped_triplet
M4-FUNG-0032:R003,M4-FUNG-0032,R003,MpaDE,converts,5-MOA → DHMB → DHMP,,S004,Natural fusion enzyme.,169,mapped_triplet
M4-FUNG-0032:R004,M4-FUNG-0032,R004,MpaA,farnesylates,DHMP → FDHMP,,S006,Golgi-associated.,170,mapped_triplet
M4-FUNG-0032:R005,M4-FUNG-0032,R005,MpaB,oxidatively_cleaves,FDHMP side chain → FDHMP-3C,,S006,ER-associated.,171,mapped_triplet
M4-FUNG-0032:R006,M4-FUNG-0032,R006,MpaG,methylates,"DMMPA, FDHMP and FDHMP-3C",,S008,Cytosolic multi-substrate methyltransferase.,172,mapped_triplet
M4-FUNG-0032:R007,M4-FUNG-0032,R007,peroxisomal β-oxidation,shortens,methylated prenyl side chain toward MPA-CoA,,S006,Primary-metabolism machinery outside BGC.,173,mapped_triplet
M4-FUNG-0032:R008,M4-FUNG-0032,R008,MpaH,hydrolyzes,MPA-CoA → MPA,,S006; S007,Peroxisomal product release.,174,mapped_triplet
M4-FUNG-0032:R009,M4-FUNG-0032,R009,MpaF / IMPDH-B,confers,self-resistance to MPA,,S005,,175,mapped_triplet
M4-FUNG-0032:R010,M4-FUNG-0032,R010,mpaD + mpaE database CDSs,form_native_transcript,single mpaDE fusion gene,,S004,,176,mapped_triplet
M4-FUNG-0032:R011,M4-FUNG-0032,R011,MpaA,localizes_to,Golgi membrane,,S006,,177,mapped_triplet
M4-FUNG-0032:R012,M4-FUNG-0032,R012,MpaDE + MpaB,localize_to,endoplasmic reticulum,,S006,,178,mapped_triplet
M4-FUNG-0032:R013,M4-FUNG-0032,R013,MpaH,localizes_to,peroxisome,,S006; S007,,179,mapped_triplet
M4-FUNG-0033:R001,M4-FUNG-0033,R001,BGC0000107,encoded_by,"BN001302.1:1,116,199–1,162,873 displayed region",,S001,,160,mapped_triplet
M4-FUNG-0033:R002,M4-FUNG-0033,R002,WA,synthesizes,YWA1,,S004,,161,mapped_triplet
M4-FUNG-0033:R003,M4-FUNG-0033,R003,wA loss,causes,white conidia,,S003; S007,,162,mapped_triplet
M4-FUNG-0033:R004,M4-FUNG-0033,R004,YA,oxidizes/modifies,yellow YWA1-derived pigment toward green conidial pigment,,S005,,163,mapped_triplet
M4-FUNG-0033:R005,M4-FUNG-0033,R005,AbaA,directly_activates,yA transcription,,S006,,164,mapped_triplet
M4-FUNG-0033:R006,M4-FUNG-0033,R006,FwA,modifies_inferred,YWA1 independently of YA,,S008,Epistasis-based.,165,mapped_triplet
M4-FUNG-0033:R007,M4-FUNG-0033,R007,ChaA,acts_downstream_of_inferred,FwA-derived pigment branch,,S008,Epistasis-based.,166,mapped_triplet
M4-FUNG-0033:R008,M4-FUNG-0033,R008,wA,epistatic_to,"yA, fwA and chaA",,S008,No backbone pigment without WA.,167,mapped_triplet
M4-FUNG-0033:R009,M4-FUNG-0033,R009,fwA,epistatic_to,chaA,,S008,,168,mapped_triplet
M4-FUNG-0033:R010,M4-FUNG-0033,R010,conidial development,induces,YA/laccase accumulation,,S005,,169,mapped_triplet
M4-FUNG-0033:R011,M4-FUNG-0033,R011,mature green pigment,protects,conidia against UV damage,,S007; S008,,170,mapped_triplet
M4-FUNG-0034:R001,M4-FUNG-0034,R001,PatK,synthesizes,6-methylsalicylic acid,,S005; S006,,167,mapped_triplet
M4-FUNG-0034:R002,M4-FUNG-0034,R002,PatG,decarboxylates,6-MSA → m-cresol,,S005,,168,mapped_triplet
M4-FUNG-0034:R003,M4-FUNG-0034,R003,PatH,hydroxylates,m-cresol → m-hydroxybenzyl alcohol,,S005; S006,,169,mapped_triplet
M4-FUNG-0034:R004,M4-FUNG-0034,R004,PatI,hydroxylates,m-hydroxybenzyl alcohol → gentisyl alcohol,,S005; S006,,170,mapped_triplet
M4-FUNG-0034:R005,M4-FUNG-0034,R005,PatN,converts,isoepoxydon → phyllostine,,S006,,171,mapped_triplet
M4-FUNG-0034:R006,M4-FUNG-0034,R006,PatF,converts,phyllostine → neopatulin,,S006,,172,mapped_triplet
M4-FUNG-0034:R007,M4-FUNG-0034,R007,PatD,converts,neopatulin → E-ascladiol,,S006,,173,mapped_triplet
M4-FUNG-0034:R008,M4-FUNG-0034,R008,PatE,oxidizes,E-ascladiol → patulin,,S006,,174,mapped_triplet
M4-FUNG-0034:R009,M4-FUNG-0034,R009,PatL,activates,patulin cluster transcription,,S004,,175,mapped_triplet
M4-FUNG-0034:R010,M4-FUNG-0034,R010,patulin,increases,cultivar-dependent apple aggressiveness,,S004,,176,mapped_triplet
M4-FUNG-0035:R001,M4-FUNG-0035,R001,BGC0000121,encoded_by,"KC145148.1:1–40,346 displayed region",,S001,,169,mapped_triplet
M4-FUNG-0035:R002,M4-FUNG-0035,R002,PtaA,initiates,emodin-family polyketide scaffold,,S003; S005,,170,mapped_triplet
M4-FUNG-0035:R003,M4-FUNG-0035,R003,PtaB/PtaC/PtaD/PtaF,support,early emodin-family scaffold maturation,,S005,Comparative reaction assignments.,171,mapped_triplet
M4-FUNG-0035:R004,M4-FUNG-0035,R004,PtaH/PtaI,methylate,aromatic pathway intermediates,,S003; S005,Exact division unresolved.,172,mapped_triplet
M4-FUNG-0035:R005,M4-FUNG-0035,R005,PtaJ,ring_cleaves,methylated anthraquinone toward benzophenone state,,S005,,173,mapped_triplet
M4-FUNG-0035:R006,M4-FUNG-0035,R006,PtaM,chlorinates,isosulochrin-like or RES-1214-1 substrate,,S003; S006; S008,,174,mapped_triplet
M4-FUNG-0035:R007,M4-FUNG-0035,R007,PtaE,oxidatively_couples,benzophenone precursor into diphenyl ether,,S003; S006,,175,mapped_triplet
M4-FUNG-0035:R008,M4-FUNG-0035,R008,RES-1214-1,can_be_chlorinated_to,pestheic acid / RES-1214-2,,S006; S008,,176,mapped_triplet
M4-FUNG-0035:R009,M4-FUNG-0035,R009,pestheic acid,synonym_of,RES-1214-2 / dihydromaldoxin,,S007; S013,,177,mapped_triplet
M4-FUNG-0035:R010,M4-FUNG-0035,R010,pta cluster expression,associates_with,pestheic-acid production in rice fermentation,,S002; S004; S014,,178,mapped_triplet
M4-FUNG-0035:R011,M4-FUNG-0035,R011,W106-1,endophyte_of,Camellia sinensis,,S004; S012,,179,mapped_triplet
M4-FUNG-0036:R001,M4-FUNG-0036,R001,Pyr2,synthesizes,HPPO,,S003; S008,,156,mapped_triplet
M4-FUNG-0036:R002,M4-FUNG-0036,R002,Pyr6,farnesylates,HPPO,,S003,,157,mapped_triplet
M4-FUNG-0036:R003,M4-FUNG-0036,R003,Pyr5,epoxidizes,farnesyl-HPPO,,S003,,158,mapped_triplet
M4-FUNG-0036:R004,M4-FUNG-0036,R004,Pyr4,cyclizes,epoxyfarnesyl intermediate,,S003,,159,mapped_triplet
M4-FUNG-0036:R005,M4-FUNG-0036,R005,GpaB,regulates,pyr cluster in dual biofilm,,S008,,160,mapped_triplet
M4-FUNG-0036:R006,M4-FUNG-0036,R006,pyripyropene,supports,A. fumigatus mixed-biofilm fitness,,S008,,161,mapped_triplet
M4-FUNG-0037:R001,M4-FUNG-0037,R001,Rdc5,produces,reduced pentaketide starter,,S004,,152,mapped_triplet
M4-FUNG-0037:R002,M4-FUNG-0037,R002,Rdc5 product,transferred_to,Rdc1 SAT/NRPKS system,,S004,,153,mapped_triplet
M4-FUNG-0037:R003,M4-FUNG-0037,R003,Rdc1,produces,(R)-monocillin II,,S004,,154,mapped_triplet
M4-FUNG-0037:R004,M4-FUNG-0037,R004,Rdc2,chlorinates,monocillin/RAL substrates,,S004; S005,,155,mapped_triplet
M4-FUNG-0037:R005,M4-FUNG-0037,R005,NaBr,represses,rdc2 transcription,,S006,,156,mapped_triplet
M4-FUNG-0037:R006,M4-FUNG-0037,R006,NaBr,redirects,radicicol → chlorine-free monocillin profile,,S006,,157,mapped_triplet
M4-FUNG-0037:R007,M4-FUNG-0037,R007,Rdc4,associated_with,epoxidative late tailoring,,S003; S007,Comparative evidence.,158,mapped_triplet
M4-FUNG-0037:R008,M4-FUNG-0037,R008,Rdc3,predicted_as,MFS transporter,,S001,,159,mapped_triplet
M4-FUNG-0038:R001,M4-FUNG-0038,R001,BGC0000146,encoded_by,"AB514562.1:1–21,000",,S001,,167,mapped_triplet
M4-FUNG-0038:R002,M4-FUNG-0038,R002,Sol1,synthesizes,desmethylprosolanapyrone I,,S003; S006,,168,mapped_triplet
M4-FUNG-0038:R003,M4-FUNG-0038,R003,Sol2,methylates,desmethylprosolanapyrone I → prosolanapyrone I,,S006; S007,,169,mapped_triplet
M4-FUNG-0038:R004,M4-FUNG-0038,R004,Sol6,hydroxylates,prosolanapyrone I → prosolanapyrone II,,S006; S007,,170,mapped_triplet
M4-FUNG-0038:R005,M4-FUNG-0038,R005,Sol5,oxidizes_and_cyclizes,prosolanapyrone II → prosolanapyrone III → solanapyrones A/D,,S003; S007,,171,mapped_triplet
M4-FUNG-0038:R006,M4-FUNG-0038,R006,Sol3,reduces,solanapyrone A/D → solanapyrone B/E,,S007,,172,mapped_triplet
M4-FUNG-0038:R007,M4-FUNG-0038,R007,Sol4,positively_regulates,sol1/2/3/5/6 transcription,,S005,Direct in A. rabiei ortholog.,173,mapped_triplet
M4-FUNG-0038:R008,M4-FUNG-0038,R008,sol5 deletion,causes,loss of solanapyrones + prosolanapyrone-II-diol accumulation,,S004,,174,mapped_triplet
M4-FUNG-0038:R009,M4-FUNG-0038,R009,sol5 deletion,does_not_reduce,A. solani pathogenicity on tested potato/tomato hosts,,S004,,175,mapped_triplet
M4-FUNG-0038:R010,M4-FUNG-0038,R010,A. oryzae host enzymes,oxidize,prosolanapyrone-I terminal olefin when Sol6 is absent/delayed,,S006,,176,mapped_triplet
M4-FUNG-0038:R011,M4-FUNG-0038,R011,host ethanolamine,converts_nonenzymatically,solanapyrone A → solanapyrone C,,S006,,177,mapped_triplet
M4-FUNG-0038:R012,M4-FUNG-0038,R012,corrected Sol6 expression,suppresses,heterologous-host side-product formation,,S006,,178,mapped_triplet
M4-FUNG-0038:R013,M4-FUNG-0038,R013,Δsol5 feedback state,upregulates,other sol biosynthetic genes,,S004,,179,mapped_triplet
M4-FUNG-0039:R001,M4-FUNG-0039,R001,StcJ + StcK,supply,dedicated hexanoyl starter for StcA,,S015,,179,mapped_triplet
M4-FUNG-0039:R002,M4-FUNG-0039,R002,StcA,synthesizes,early sterigmatocystin polyketide/norsolorinic-acid pathway,,S005,,180,mapped_triplet
M4-FUNG-0039:R003,M4-FUNG-0039,R003,StcB + StcW,required_after,averufin,,S010,Both mutants accumulate averufin.,181,mapped_triplet
M4-FUNG-0039:R004,M4-FUNG-0039,R004,StcS + StcU,required_for,versicolorin A → sterigmatocystin segment,,S004; S017,,182,mapped_triplet
M4-FUNG-0039:R005,M4-FUNG-0039,R005,StcP,methylates,demethylsterigmatocystin → sterigmatocystin,,S008,,183,mapped_triplet
M4-FUNG-0039:R006,M4-FUNG-0039,R006,AflR,binds,TCG(N5)CGA motifs in stc promoters,,S014,,184,mapped_triplet
M4-FUNG-0039:R007,M4-FUNG-0039,R007,VeA,supports,aflR expression and ST production,,S009,,185,mapped_triplet
M4-FUNG-0039:R008,M4-FUNG-0039,R008,LaeA,supports,ST cluster transcription,,S012,,186,mapped_triplet
M4-FUNG-0039:R009,M4-FUNG-0039,R009,glucose concentration,modifies,effect of light on ST production,,S011,,187,mapped_triplet
M4-FUNG-0039:R010,M4-FUNG-0039,R010,current MIBiG gene list,underrepresents,historical 25-transcript cluster definition,,S001; S003,,188,mapped_triplet
M4-FUNG-0040:R001,M4-FUNG-0040,R001,BGC0000154,encoded_by,"EQ962655.1:1,793,486–1,841,545 displayed region",,S001,,176,mapped_triplet
M4-FUNG-0040:R002,M4-FUNG-0040,R002,TropA,synthesizes,3-methylorcinaldehyde,,S003,,177,mapped_triplet
M4-FUNG-0040:R003,M4-FUNG-0040,R003,TropB,dearomatizes,3-methylorcinaldehyde → hydroxycyclohexadienone,,S003; S005,,178,mapped_triplet
M4-FUNG-0040:R004,M4-FUNG-0040,R004,TropC,ring_expands,six-membered dienone → seven-membered tropolone/stipitaldehyde,,S003,,179,mapped_triplet
M4-FUNG-0040:R005,M4-FUNG-0040,R005,TropD,hydroxylates,stipitaldehyde methyl group → stipitacetal-forming state,,S003; S004,,180,mapped_triplet
M4-FUNG-0040:R006,M4-FUNG-0040,R006,TropE,converts,stipitacetal → stipitalide,,S004; S006,,181,mapped_triplet
M4-FUNG-0040:R007,M4-FUNG-0040,R007,TropF,opens,stipitalide/lactone toward open-chain intermediate,,S004; S006,,182,mapped_triplet
M4-FUNG-0040:R008,M4-FUNG-0040,R008,TropG,acts_in,late open-chain oxidation sequence,,S004; S006,Outside current MIBiG display.,183,mapped_triplet
M4-FUNG-0040:R009,M4-FUNG-0040,R009,TropH,oxidizes,late aldehyde → dicarboxylate,,S004; S006,,184,mapped_triplet
M4-FUNG-0040:R010,M4-FUNG-0040,R010,TropI,interconverts,dicarboxylate ↔ maleic-anhydride/stipitatonic state,,S004; S006,,185,mapped_triplet
M4-FUNG-0040:R011,M4-FUNG-0040,R011,TropJ,decarboxylates,late intermediate → stipitatic acid,,S004; S006,,186,mapped_triplet
M4-FUNG-0040:R012,M4-FUNG-0040,R012,genomic tropA intron construct,fails_in,A. oryzae heterologous expression,,S003,,187,mapped_triplet
M4-FUNG-0040:R013,M4-FUNG-0040,R013,intronless tropA construct,produces,3-methylorcinaldehyde in A. oryzae,,S003,,188,mapped_triplet
M4-FUNG-0040:R014,M4-FUNG-0040,R014,TropG,lies_outside,current MIBiG BGC0000154 displayed boundary,,S001; S006,,189,mapped_triplet
M4-FUNG-0041:R001,M4-FUNG-0041,R001,Tox1A,located_on,Race-T chr12;6 / scaffold_4,,S009; S010,,160,mapped_triplet
M4-FUNG-0041:R002,M4-FUNG-0041,R002,Tox1B,located_on,Race-T chr6;12 / scaffold_8,,S009; S010,,161,mapped_triplet
M4-FUNG-0041:R003,M4-FUNG-0041,R003,PKS1,required_for,T-toxin + high virulence,,S003,,162,mapped_triplet
M4-FUNG-0041:R004,M4-FUNG-0041,R004,PKS2,required_for,T-toxin + high virulence,,S005,,163,mapped_triplet
M4-FUNG-0041:R005,M4-FUNG-0041,R005,46357,required_for,high-level active T-toxin,,S004,,164,mapped_triplet
M4-FUNG-0041:R006,M4-FUNG-0041,R006,ChLae1 + ChVel1,positively_regulate,Tox1 transcription in dark,,S007,,165,mapped_triplet
M4-FUNG-0041:R007,M4-FUNG-0041,R007,darkness,increases,T-toxin production,,S007,,166,mapped_triplet
M4-FUNG-0041:R008,M4-FUNG-0041,R008,T-toxin,acts_on,T-cms/URF13 susceptibility system,,S011; S013,,167,mapped_triplet
M4-FUNG-0042:R001,M4-FUNG-0042,R001,BGC0000156,encoded_by,"JN257714.1:1–13,275",,S001,,161,mapped_triplet
M4-FUNG-0042:R002,M4-FUNG-0042,R002,AdaR,activates,adaA/adaB/adaC/adaD programme,,S003; S006,,162,mapped_triplet
M4-FUNG-0042:R003,M4-FUNG-0042,R003,AdaA,synthesizes,ACP-bound decaketide scaffold,,S003,,163,mapped_triplet
M4-FUNG-0042:R004,M4-FUNG-0042,R004,AdaC,hydroxylates,C2/α-carbon of ACP-bound decaketide,,S003,,164,mapped_triplet
M4-FUNG-0042:R005,M4-FUNG-0042,R005,AdaC hydroxylation,switches,AdaB off-loading from hydrolysis toward Claisen-like fourth-ring closure,,S003,,165,mapped_triplet
M4-FUNG-0042:R006,M4-FUNG-0042,R006,AdaB,catalyzes,C18–C1 fourth-ring closure,,S003,Catalytic enhancer; trace spontaneous closure occurs without it.,166,mapped_triplet
M4-FUNG-0042:R007,M4-FUNG-0042,R007,AdaD,methylates,C9 hydroxyl → TAN-1612,,S003,,167,mapped_triplet
M4-FUNG-0042:R008,M4-FUNG-0042,R008,AdaE,adjacent_to,AdaA-containing core locus,,S007,Outside five-gene MIBiG display.,168,mapped_triplet
M4-FUNG-0042:R009,M4-FUNG-0042,R009,AdaE coexpression,improves,heterologous host tolerance and extracellular TAN-1612 recovery,,S008,,169,mapped_triplet
M4-FUNG-0042:R010,M4-FUNG-0042,R010,BMS-192548,likely_tautomeric_to,TAN-1612 during purification,,S009,,170,mapped_triplet
M4-FUNG-0042:R011,M4-FUNG-0042,R011,AdaA+AdaC without AdaB,produces,trace tetracyclic product,,S003,"Shows AdaB is catalytic, not absolutely indispensable.",171,mapped_triplet
M4-FUNG-0042:R012,M4-FUNG-0042,R012,AdaA+AdaB without AdaC,produces,unhydroxylated tricyclic hydrolysis product,,S003,,172,mapped_triplet
M4-FUNG-0043:R001,M4-FUNG-0043,R001,AtX,synthesizes,6-MSA,,S003; S004,,156,mapped_triplet
M4-FUNG-0043:R002,M4-FUNG-0043,R002,AtA,converts,6-MSA → 3-methylcatechol,,S004,,157,mapped_triplet
M4-FUNG-0043:R003,M4-FUNG-0043,R003,AtE,hydroxylates,3-methylcatechol → benzenetriol,,S004,,158,mapped_triplet
M4-FUNG-0043:R004,M4-FUNG-0043,R004,AtG,enhances,AtE-dependent hydroxylation,,S004,,159,mapped_triplet
M4-FUNG-0043:R005,M4-FUNG-0043,R005,AtD,converts,benzenetriol → terremutin,,S004,,160,mapped_triplet
M4-FUNG-0043:R006,M4-FUNG-0043,R006,AtC,oxidizes,terremutin → terreic acid,,S003; S004,,161,mapped_triplet
M4-FUNG-0043:R007,M4-FUNG-0043,R007,AtF,positively_regulates,terreic-acid programme,,S003,,162,mapped_triplet
M4-FUNG-0043:R008,M4-FUNG-0043,R008,ATEG_06279,excluded_from,primary eight-gene at definition,,S003; S010,,163,mapped_triplet
M4-FUNG-0044:R001,M4-FUNG-0044,R001,BGC0000161,displayed_on,"CH476594.1:399,827–452,585",,S001,,177,mapped_triplet
M4-FUNG-0044:R002,M4-FUNG-0044,R002,TerR,activates,terA–J transcription,,S005,,178,mapped_triplet
M4-FUNG-0044:R003,M4-FUNG-0044,R003,AreA + AtfA,activate_via,terR during nitrogen limitation/methionine signaling,,S004,,179,mapped_triplet
M4-FUNG-0044:R004,M4-FUNG-0044,R004,HapX,activates_via,terR under iron limitation,,S004,,180,mapped_triplet
M4-FUNG-0044:R005,M4-FUNG-0044,R005,TerA + TerB,produce,6-hydroxymellein,,S006,,181,mapped_triplet
M4-FUNG-0044:R006,M4-FUNG-0044,R006,TerC,oxidatively_decarboxylates,6-hydroxymellein,,S007,,182,mapped_triplet
M4-FUNG-0044:R007,M4-FUNG-0044,R007,TerD,hydroxylates,TerC-derived intermediate,,S007,,183,mapped_triplet
M4-FUNG-0044:R008,M4-FUNG-0044,R008,TerG/TerJ,predicted_to_support,terrein export/self-protection,,S003; S011,Exact transported substrate unresolved.,184,mapped_triplet
M4-FUNG-0044:R009,M4-FUNG-0044,R009,terH/terI deletion,reduces_but_does_not_abolish,terrein production,,S003; S011,,185,mapped_triplet
M4-FUNG-0044:R010,M4-FUNG-0044,R010,plant-derived media,induces,terR/ter pathway,,S004,,186,mapped_triplet
M4-FUNG-0044:R011,M4-FUNG-0044,R011,terrein,reduces,Fe3+ → Fe2+,,S004,,187,mapped_triplet
M4-FUNG-0044:R012,M4-FUNG-0044,R012,terrein oxidation,produces,propylene maleic acid,,S004,,188,mapped_triplet
M4-FUNG-0044:R013,M4-FUNG-0044,R013,terrein,supports,iron acquisition in siderophore-deficient A. terreus,,S004,,189,mapped_triplet
M4-FUNG-0044:R014,M4-FUNG-0044,R014,current MIBiG product label,conflicts_with,experimental terrein identity,,S001; S003; S004,,190,mapped_triplet
M4-FUNG-0045:R001,M4-FUNG-0045,R001,VrtA,required_for,viridicatumtoxin core formation,,S003,,161,mapped_triplet
M4-FUNG-0045:R002,M4-FUNG-0045,R002,VrtC,geranylates,naphthacenedione core,,S004,,162,mapped_triplet
M4-FUNG-0045:R003,M4-FUNG-0045,R003,VrtD,supplies,GPP for prenylation,,S003,,163,mapped_triplet
M4-FUNG-0045:R004,M4-FUNG-0045,R004,VrtK,cyclizes,geranyl side chain to spirobicycle,,S005,,164,mapped_triplet
M4-FUNG-0046:R001,M4-FUNG-0046,R001,YanA,synthesizes,6-MSA,,S003,,157,mapped_triplet
M4-FUNG-0046:R002,M4-FUNG-0046,R002,YanB,decarboxylates,6-MSA → m-cresol,,S003,,158,mapped_triplet
M4-FUNG-0046:R003,M4-FUNG-0046,R003,YanI,O-mevalonylates,yanuthone precursor,,S003,,159,mapped_triplet
M4-FUNG-0046:R004,M4-FUNG-0046,R004,YanF,oxidizes,yanuthone E → yanuthone D,,S003,,160,mapped_triplet
M4-FUNG-0047:R001,M4-FUNG-0047,R001,AtaP,assembles,diketopiperazine scaffold,,S003,,157,mapped_triplet
M4-FUNG-0047:R002,M4-FUNG-0047,R002,nine-gene ata set,required_for,acetylaranotin biosynthesis,,S003,,158,mapped_triplet
M4-FUNG-0047:R003,M4-FUNG-0047,R003,current MIBiG display,broader_than,deletion-defined functional set,,S001; S003,,159,mapped_triplet
M4-FUNG-0048:R001,M4-FUNG-0048,R001,AnaPS,synthesizes,(R)-benzodiazepinedione,,S003; S004,,153,mapped_triplet
M4-FUNG-0048:R002,M4-FUNG-0048,R002,AnaPT,prenylates,benzodiazepinedione → aszonalenin,,S003,,154,mapped_triplet
M4-FUNG-0048:R003,M4-FUNG-0048,R003,AnaAT,acetylates,aszonalenin → acetylaszonalenin,,S003,,155,mapped_triplet
M4-FUNG-0049:R001,M4-FUNG-0049,R001,APS1,assembles,apicidin cyclic tetrapeptide,,S003,,158,mapped_triplet
M4-FUNG-0049:R002,M4-FUNG-0049,R002,APS3,supplies,L-pipecolic acid,,S003,,159,mapped_triplet
M4-FUNG-0049:R003,M4-FUNG-0049,R003,APS2,activates,APS cluster transcription,,S003,,160,mapped_triplet
M4-FUNG-0049:R004,M4-FUNG-0049,R004,extra-cluster FAS beta subunit,supports,Aoda precursor biosynthesis,,S004,,161,mapped_triplet
M4-FUNG-0050:R001,M4-FUNG-0050,R001,aba1,encodes,Aureobasidin A biosynthesis complex,,S003,,153,mapped_triplet
M4-FUNG-0050:R002,M4-FUNG-0050,R002,Aba1,assembles,aureobasidin A,,S003,,154,mapped_triplet
M4-FUNG-0050:R003,M4-FUNG-0050,R003,precursor pool,modifies,aureobasidin congener output,,S005,,155,mapped_triplet
M4-FUNG-0051:R001,M4-FUNG-0051,R001,BbBSLS,synthesizes,bassianolide,,S003,,153,mapped_triplet
M4-FUNG-0051:R002,M4-FUNG-0051,R002,bbBsls deletion,does_not_affect,beauvericin biosynthesis,,S003,,154,mapped_triplet
M4-FUNG-0051:R003,M4-FUNG-0051,R003,bassianolide,contributes_to,B. bassiana insect virulence,,S003,,155,mapped_triplet
M4-FUNG-0052:R001,M4-FUNG-0052,R001,KIVR,produces,D-Hiv,,S004,,153,mapped_triplet
M4-FUNG-0052:R002,M4-FUNG-0052,R002,BbBEAS,synthesizes,beauvericin,,S003,,154,mapped_triplet
M4-FUNG-0052:R003,M4-FUNG-0052,R003,beauvericin,contributes_to,insect virulence,,S003,,155,mapped_triplet
M4-FUNG-0053:R001,M4-FUNG-0053,R001,PcbAB,synthesizes,ACV,,S003,,155,mapped_triplet
M4-FUNG-0053:R002,M4-FUNG-0053,R002,PcbC,cyclizes,ACV → IPN,,S003,,156,mapped_triplet
M4-FUNG-0053:R003,M4-FUNG-0053,R003,CefP,imports,IPN into peroxisome,,S004,,157,mapped_triplet
M4-FUNG-0053:R004,M4-FUNG-0053,R004,CefD1/CefD2,convert,IPN → PenN,,S004; S005,,158,mapped_triplet
M4-FUNG-0053:R005,M4-FUNG-0053,R005,CefM,exports,PenN to cytosol,,S005,,159,mapped_triplet
M4-FUNG-0053:R006,M4-FUNG-0053,R006,PenN,feeds,late BGC0000318 pathway,,S008,,160,mapped_triplet
M4-FUNG-0054:R001,M4-FUNG-0054,R001,M4-FUNG-0053 early programme,supplies,penicillin N,,S007,,153,mapped_triplet
M4-FUNG-0054:R002,M4-FUNG-0054,R002,CefEF,converts,PenN → DAOC → DAC,,S006,,154,mapped_triplet
M4-FUNG-0054:R003,M4-FUNG-0054,R003,CefG,acetylates,DAC → cephalosporin C,,S003,,155,mapped_triplet
M4-FUNG-0054:R004,M4-FUNG-0054,R004,cefEF/cefG dosage,can_increase,CPC production,,S008,,156,mapped_triplet
M4-FUNG-0055:R001,M4-FUNG-0055,R001,ctg1_orf10,predicted core NRPS for,chaetocin ETP scaffold,,S001; S004,,141,mapped_triplet
M4-FUNG-0055:R002,M4-FUNG-0055,R002,chaetocin locus,belongs to broader family,fungal ETP biosynthetic systems,,S004; S006,,142,mapped_triplet
M4-FUNG-0056:R001,M4-FUNG-0056,R001,SimA,assembles,cyclosporin peptide core,,S005,,155,mapped_triplet
M4-FUNG-0056:R002,M4-FUNG-0056,R002,SimG/SimI/SimJ,supply/tailor,Bmt precursor,,S005,,156,mapped_triplet
M4-FUNG-0056:R003,M4-FUNG-0056,R003,SimL,positively regulates,sim cluster and cyclosporin production,,S005,,157,mapped_triplet
M4-FUNG-0056:R004,M4-FUNG-0056,R004,cyclosporin production,improves,fungal competition and insect-associated fitness,,S005,,158,mapped_triplet
M4-FUNG-0057:R001,M4-FUNG-0057,R001,DtxS1,assembles,destruxin depsipeptide scaffold,,S004,,158,mapped_triplet
M4-FUNG-0057:R002,M4-FUNG-0057,R002,DtxS3,supplies,hydroxyisocaproate precursor,,S004,,159,mapped_triplet
M4-FUNG-0057:R003,M4-FUNG-0057,R003,DtxS4,supplies,beta-alanine precursor,,S004,,160,mapped_triplet
M4-FUNG-0057:R004,M4-FUNG-0057,R004,DtxS2,oxidatively converts,upstream destruxins to downstream congeners,,S004,,161,mapped_triplet
M4-FUNG-0058:R001,M4-FUNG-0058,R001,Hty module within continuous Ecd/Hty cluster,supplies,L-homotyrosine to echinocandin-B assembly,,S004; S006,Functional precursor role is retained; physical separation is historical assembly provenance only.,144,mapped_triplet
M4-FUNG-0058:R002,M4-FUNG-0058,R002,EcdI,loads,linoleate onto EcdA,,S004,,145,mapped_triplet
M4-FUNG-0058:R003,M4-FUNG-0058,R003,EcdA,assembles,echinocandin B hexapeptide scaffold,,S004,,146,mapped_triplet
M4-FUNG-0059:R001,M4-FUNG-0059,R001,Esyn1,incorporates,2R-hydroxyisovalerate and valine into enniatin,,S001; S004,,131,mapped_triplet
M4-FUNG-0060:R001,M4-FUNG-0060,R001,living grass host state,supports/enables,high EAS transcription,,S004,,137,mapped_triplet
M4-FUNG-0060:R002,M4-FUNG-0060,R002,LpsB,acts downstream of,lysergic-acid-derived intermediates toward ergovaline,,S004,,138,mapped_triplet
M4-FUNG-0060:R003,M4-FUNG-0060,R003,EAS locus,is associated with,retrotransposon and DNA-transposon relics,,S004,,139,mapped_triplet
M4-FUNG-0061:R001,M4-FUNG-0061,R001,BrlA-controlled conidiation,enables,fumiquinazoline pathway expression,,S006,,139,mapped_triplet
M4-FUNG-0061:R002,M4-FUNG-0061,R002,FmqD secretion to cell wall,directs,conidia-enriched FQC accumulation,,S006,,140,mapped_triplet
M4-FUNG-0061:R003,M4-FUNG-0061,R003,FQC,rearranges nonenzymatically to,FQD,,S005,,141,mapped_triplet
M4-FUNG-0062:R001,M4-FUNG-0062,R001,HcpA adenylation domains,accept,Phe/Tyr/Trp and Val/Ile alternative substrates,,S004,,139,mapped_triplet
M4-FUNG-0062:R002,M4-FUNG-0062,R002,HcpA deletion,causes,loss of tetrapeptide family and smoother colony surface,,S004,,140,mapped_triplet
M4-FUNG-0063:R001,M4-FUNG-0063,R001,GliZ,positively regulates,gli cluster transcription and gliotoxin output,,S006,,146,mapped_triplet
M4-FUNG-0063:R002,M4-FUNG-0063,R002,GliP,assembles,gliotoxin diketopiperazine scaffold,,S005,,147,mapped_triplet
M4-FUNG-0063:R003,M4-FUNG-0063,R003,GliT,oxidizes,dithiol gliotoxin to epidisulfide gliotoxin,,S007,,148,mapped_triplet
M4-FUNG-0063:R004,M4-FUNG-0063,R004,GliA,exports,gliotoxin,,S008,,149,mapped_triplet
M4-FUNG-0064:R001,M4-FUNG-0064,R001,HTS1,assembles,HC-toxin cyclic tetrapeptide core,,S005,,144,mapped_triplet
M4-FUNG-0064:R002,M4-FUNG-0064,R002,TOXC and TOXF,support,Aeo precursor branch required for HC-toxin,,S006; S008,,145,mapped_triplet
M4-FUNG-0064:R003,M4-FUNG-0064,R003,TOXE,positively regulates,multiple TOX2 genes but not HTS1,,S007,,146,mapped_triplet
M4-FUNG-0064:R004,M4-FUNG-0064,R004,HC-toxin,inhibits,maize histone deacetylases,,S010,,147,mapped_triplet
M4-FUNG-0064:R005,M4-FUNG-0064,R005,TOX2 chromosome integrity,influences,toxin output and virulence,,S009,,148,mapped_triplet
M4-FUNG-0065:R001,M4-FUNG-0065,R001,HasD,builds,Trp/Ala-derived HAS scaffold,,S003,,140,mapped_triplet
M4-FUNG-0065:R002,M4-FUNG-0065,R002,HasA,positively regulates,hasB–hasH,,S003,,141,mapped_triplet
M4-FUNG-0065:R003,M4-FUNG-0065,R003,HAS overproduction,perturbs,fungal iron homeostasis,,S004,,142,mapped_triplet
M4-FUNG-0065:R004,M4-FUNG-0065,R004,HAS overproduction,increases,virulence in tested mouse model,,S003,,143,mapped_triplet
M4-FUNG-0066:R001,M4-FUNG-0066,R001,BGC0000404,overlaps biologically with,BGC0000405 three-gene penicillin pathway,,S001; S006,,138,mapped_triplet
M4-FUNG-0066:R002,M4-FUNG-0066,R002,industrial strain improvement,increases,penicillin-region copy number,,S003; S004,,139,mapped_triplet
M4-FUNG-0066:R003,M4-FUNG-0066,R003,peroxisomal competence,supports,final penicillin acylation/output,,S008,,140,mapped_triplet
M4-FUNG-0067:R001,M4-FUNG-0067,R001,PcbAB,synthesizes,ACV,,S003,,136,mapped_triplet
M4-FUNG-0067:R002,M4-FUNG-0067,R002,PcbC,converts,ACV → isopenicillin N,,S003,,137,mapped_triplet
M4-FUNG-0067:R003,M4-FUNG-0067,R003,PenDE,acylates,isopenicillin N → penicillin G/V,,S003,,138,mapped_triplet
M4-FUNG-0067:R004,M4-FUNG-0067,R004,BGC0000405,is catalytic core within/related to,BGC0000404 industrial amplification unit,,S001,,139,mapped_triplet
M4-FUNG-0068:R001,M4-FUNG-0068,R001,RoqA,synthesizes,HTD,,S003,,143,mapped_triplet
M4-FUNG-0068:R002,M4-FUNG-0068,R002,RoqD and RoqR,form alternative-order branches converging on,roquefortine C,,S003; S004,,144,mapped_triplet
M4-FUNG-0068:R003,M4-FUNG-0068,R003,RoqM→RoqO→RoqN,converts,roquefortine C → glandicoline A → glandicoline B → meleagrine,,S003,,145,mapped_triplet
M4-FUNG-0068:R004,M4-FUNG-0068,R004,phenylacetic acid,represses,roq transcription and metabolite production,,S003,,146,mapped_triplet
M4-FUNG-0069:R001,M4-FUNG-0069,R001,TdiD,converts,L-tryptophan → indolepyruvate,,S003,,137,mapped_triplet
M4-FUNG-0069:R002,M4-FUNG-0069,R002,TdiA,dimerizes/couples,two indolepyruvate-derived units,,S003,,138,mapped_triplet
M4-FUNG-0069:R003,M4-FUNG-0069,R003,TdiB,prenylates twice,terrequinone scaffold,,S003; S005,,139,mapped_triplet
M4-FUNG-0069:R004,M4-FUNG-0069,R004,TdiE,suppresses/diverts away from,off-pathway monoprenylated product,,S003,,140,mapped_triplet
M4-FUNG-0070:R001,M4-FUNG-0070,R001,VlmA/VlmB,supply,5-hydroxytetradecanoate precursor,,S003,,135,mapped_triplet
M4-FUNG-0070:R002,M4-FUNG-0070,R002,VlmS,assembles,verlamelin cyclic lipopeptide,,S003,,136,mapped_triplet
M4-FUNG-0070:R003,M4-FUNG-0070,R003,primary fatty-acid metabolism,feeds,verlamelin BGC,,S003,,137,mapped_triplet
M4-FUNG-0071:R001,M4-FUNG-0071,R001,UstR,positively regulates,ust cluster transcription,,S005,,152,mapped_triplet
M4-FUNG-0071:R002,M4-FUNG-0071,R002,UstA,contains,16 YAIG precursor motifs,,S004,,153,mapped_triplet
M4-FUNG-0071:R003,M4-FUNG-0071,R003,KexB,processes/enables,mature ustiloxin B production outside the BGC,,S005,,154,mapped_triplet
M4-FUNG-0071:R004,M4-FUNG-0071,R004,UstY/UstQ-family enzymes,perform,oxidative macrocycle maturation,,S006,,155,mapped_triplet
M4-FUNG-0072:R001,M4-FUNG-0072,R001,ATM1,builds/supports,early paspaline core,,S003; S004,,142,mapped_triplet
M4-FUNG-0072:R002,M4-FUNG-0072,R002,ATM2,performs,late oxidation/prenylation toward aflatrem,,S004,,143,mapped_triplet
M4-FUNG-0072:R003,M4-FUNG-0072,R003,VeA,positively regulates,ATM1 expression and aflatrem production,,S005,,144,mapped_triplet
M4-FUNG-0072:R004,M4-FUNG-0072,R004,ATM1 + ATM2,jointly produce,aflatrem,,S004,,145,mapped_triplet
M4-FUNG-0073:R001,M4-FUNG-0073,R001,BcBOT2,cyclizes,FPP to presilphiperfolan-8β-ol,,S003; S004,,142,mapped_triplet
M4-FUNG-0073:R002,M4-FUNG-0073,R002,BcBOT4,hydroxylates,presilphiperfolan-8β-ol at C-4,,S006,,143,mapped_triplet
M4-FUNG-0073:R003,M4-FUNG-0073,R003,BcBOT3,hydroxylates,probotryane intermediate at C-10,,S006,,144,mapped_triplet
M4-FUNG-0073:R004,M4-FUNG-0073,R004,BcBot6,positively regulates,botrydial biosynthetic programme,,S007,,145,mapped_triplet
M4-FUNG-0073:R005,M4-FUNG-0073,R005,BcBOT perturbation,can increase,botcinic-acid/polyketide output in a strain-dependent manner,,S003; S006,cross-pathway compensation,146,mapped_triplet
M4-FUNG-0074:R001,M4-FUNG-0074,R001,Ari1/Prx2,cyclizes,FPP to aristolochene,,S003; S004,,149,mapped_triplet
M4-FUNG-0074:R002,M4-FUNG-0074,R002,ORF6/Prx9,acts before or during,eremofortin B formation,,S004,inferred from silencing metabolite profile,150,mapped_triplet
M4-FUNG-0074:R003,M4-FUNG-0074,R003,ORF8/Prx11,acetylates,late eremophilane intermediate toward eremofortin A,,S004; S005,,151,mapped_triplet
M4-FUNG-0074:R004,M4-FUNG-0074,R004,prx pathway suppression,increases,mycophenolic-acid production,,S003,cross-pathway regulation,152,mapped_triplet
M4-FUNG-0074:R005,M4-FUNG-0074,R005,static culture,permits expression/product formation from,P. chrysogenum homologous PR-toxin cluster,,S003,,153,mapped_triplet
M4-FUNG-0075:R001,M4-FUNG-0075,R001,PbcR,activates,AN1592–AN1598 diterpene programme,,S003; S006,,142,mapped_triplet
M4-FUNG-0075:R002,M4-FUNG-0075,R002,PbcB/AN1592,supplies,GGPP precursor,,S003; S006,,143,mapped_triplet
M4-FUNG-0075:R003,M4-FUNG-0075,R003,PbcA/AN1594,forms,isopimarane diterpene scaffold,,S005; S006,,144,mapped_triplet
M4-FUNG-0075:R004,M4-FUNG-0075,R004,modern Pbc pathway,produces,dipleosmarane + six known isopimarane diterpenoids,,S006,,145,mapped_triplet
M4-FUNG-0076:R001,M4-FUNG-0076,R001,PbGGS,supplies,GGPP precursor for PbACS,,S004,,141,mapped_triplet
M4-FUNG-0076:R002,M4-FUNG-0076,R002,PbACS,forms,aphidicolan-16β-ol scaffold,,S004,,142,mapped_triplet
M4-FUNG-0076:R003,M4-FUNG-0076,R003,PbP450-1 + PbP450-2,oxidatively tailor,aphidicolane scaffold to aphidicolin,,S004; S008,,143,mapped_triplet
M4-FUNG-0076:R004,M4-FUNG-0076,R004,ER localization of PbP450-1,enables,efficient aphidicolin pathway execution,,S005,,144,mapped_triplet
M4-FUNG-0077:R001,M4-FUNG-0077,R001,AusA cluster,supplies,DMOA-derived polyketide precursor module,,S003,,71,mapped_triplet
M4-FUNG-0077:R002,M4-FUNG-0077,R002,AusN-containing cluster,completes,prenylation/cyclization/tailoring to austinol and dehydroaustinol,,S003,,72,mapped_triplet
M4-FUNG-0130:R001,M4-FUNG-0130,R001,,,,BGC0001238 and BGC0001239 are separate MIBiG entries from the same defining study and encode the same three named biotin-biosynthesis functions on distinct GenBank accessions.,S001; S004,,31,unreviewed_text
M4-FUNG-0131:R001,M4-FUNG-0131,R001,,,,"Paired with BGC0001238: same organism label, same study, same three enzymatic functions, distinct GenBank accession.",S001; S004,,31,unreviewed_text
M4-FUNG-0147:R001,M4-FUNG-0147,R001,,,,Distinct neighboring hybrid PKS-NRPS locus produces fusaridione A; it must not be merged with the equisetin eqx locus.,S004,,34,unreviewed_text
M4-FUNG-0148:R001,M4-FUNG-0148,R001,,,,"Later work in Paxillus involutus demonstrates redundant atromentin synthetases, but that redundancy is comparative context and is not transferred as a T. panuoides-specific claim.",S004,,29,unreviewed_text
M4-FUNG-0149:R001,M4-FUNG-0149,R001,,,,"Closely related to the Glarea lozoyensis pks1 DHN-melanin record BGC0001258, but each record retains organism-specific experimental evidence.",S001; S004,,29,unreviewed_text
M4-FUNG-0150:R001,M4-FUNG-0150,R001,,,,"Homologous to Nodulisporium BGC0001257 pks1, but knockout evidence and boundaries are retained separately for each organism.",S001; S004,,30,unreviewed_text
M4-FUNG-0151:R001,M4-FUNG-0151,R001,,,,"Elsinochrome biosynthesis is mechanistically related to perylenequinone PKS pathways such as cercosporin, but organism-specific regulation and gene causality are retained separately.",S005,,32,unreviewed_text
M4-FUNG-0152:R001,M4-FUNG-0152,R001,,,,"The pathway shares a paspaline-derived indole-diterpene core with paxilline/lolitrem systems, but gene functions here are assigned from T. album-specific experiments.",S003,,32,unreviewed_text
M4-FUNG-0153:R001,M4-FUNG-0153,R001,,,,The toxin locus belongs to the broader host-selective-toxin accessory-genome programme in A. alternata; the MIBiG sequence is not assumed to capture every accessory-chromosome determinant.,S003,,30,unreviewed_text
M4-FUNG-0154:R001,M4-FUNG-0154,R001,,,,"AK-toxin, AM-toxin, ACT-toxin and ACR-toxin are distinct host-selective-toxin programmes in A. alternata pathotypes; evidence is not transferred among them.",S003; S004,,33,unreviewed_text
M4-FUNG-0155:R001,M4-FUNG-0155,R001,,,,C. purpurea uses combinatorial lysergyl peptide synthetase subunits to diversify simple ergoamides and ergopeptines.,S003,,31,unreviewed_text
M4-FUNG-0156:R001,M4-FUNG-0156,R001,,,,The same historical producer appears elsewhere in the Atlas for aphidicolin; loci and enzyme evidence remain pathway-specific and are not merged.,S002,,32,unreviewed_text
M4-FUNG-0157:R001,M4-FUNG-0157,R001,,,,"PKS1, THR1 and SCD1 form a coordinated DHN-melanin expression programme under near-UV exposure.",S003,,32,unreviewed_text
M4-FUNG-0158:R001,M4-FUNG-0158,R001,,,,"The proposed three-gene organization maps naturally onto PKS formation, oxidative ring coupling and methylation in the grayanic-acid pathway.",S003,,32,unreviewed_text
M4-FUNG-0159:R001,M4-FUNG-0159,R001,,,,The locus is evolutionarily related to the larger C. purpurea ergot-alkaloid clusters but yields a truncated clavine-only endpoint.,S003,,32,unreviewed_text
M4-FUNG-0160:R001,M4-FUNG-0160,R001,,,,"The 12,891-bp MIBiG display is narrower than the experimentally defined nine-gene fus1–fus9 programme; database and functional boundaries are retained separately.",S001; S004,,32,unreviewed_text
M4-FUNG-0161:R001,M4-FUNG-0161,R001,,,,The cluster is highly homologous and functionally comparable to the F. fujikuroi GA cluster but lacks two Fusarium border genes.,S003,,32,unreviewed_text
M4-FUNG-0162:R001,M4-FUNG-0162,R001,,,,Current MIBiG also contains active F. fujikuroi gibberellin record BGC0001604; BGC0001270 is therefore not treated as an independent active pathway count.,S001; S004,,32,unreviewed_text
M4-FUNG-0163:R001,M4-FUNG-0163,R001,,,,emodin and monodictyphenone are experimentally supported precursors to emericellin and related prenyl xanthones.,S003,,32,unreviewed_text
M4-FUNG-0164:R001,M4-FUNG-0164,R001,,,,"EfPKS1 is now associated with melanin biosynthesis, whereas EfETB1 is associated with the conserved elsinochrome cluster across Elsinoë species.",S005,,32,unreviewed_text
M4-FUNG-0165:R001,M4-FUNG-0165,R001,,,,6-MSA feeds aspyrone/diepoxide chemistry en route to asperlactone-family products according to knockout feeding experiments.,S003,,32,unreviewed_text
M4-FUNG-0166:R001,M4-FUNG-0166,R001,,,,"Later pathway work places lactonization by SBLE outside the original five-gene core, so lactonic product formation extends beyond the historical cluster representation.",S004,,32,unreviewed_text
M4-FUNG-0167:R001,M4-FUNG-0167,R001,,,,"Mechanistically comparable to the A. terreus 6-MSA synthase record BGC0001276, with independent validation in each species.",S003; S004,,35,unreviewed_text
M4-FUNG-0168:R001,M4-FUNG-0168,R001,,,,Independent 6-MSA synthase validation parallels G. lozoyensis pks2/BGC0001275 but is not transferred across species.,S003; S004,,35,unreviewed_text
M4-FUNG-0169:R001,M4-FUNG-0169,R001,,,,"Homologous core chemistry is shared with the F. sporotrichioides T-2 programme BGC0001278, but late branch tailoring differs.",S003; S004,,32,unreviewed_text
M4-FUNG-0170:R001,M4-FUNG-0170,R001,,,,"Core homologs are shared with F. graminearum BGC0001277, while Tri1/Tri16-dependent C-8 tailoring defines the T-2 branch.",S003; S004,,32,unreviewed_text
M4-FUNG-0171:R001,M4-FUNG-0171,R001,,,,A modern P. roridum tri18 knockout study extends species-level pathway biology but is not direct evidence for AF009418.1.,S004,,32,unreviewed_text
M4-FUNG-0172:R001,M4-FUNG-0172,R001,,,,Historical Phoma naming is retained alongside current Neocamarosporium taxonomic provenance.,S002,,32,unreviewed_text
M4-FUNG-0173:R001,M4-FUNG-0173,R001,,,,UA is distinct from the separate mannosylerythritol-lipid biosynthetic cluster of U. maydis.,S003; S004,,32,unreviewed_text
M4-FUNG-0174:R001,M4-FUNG-0174,R001,,,,"Lolitriol belongs to the broader indole-diterpene/lolitrem chemistry, while KC990457 belongs to a loline-cluster accession set.",S003; S004,,32,unreviewed_text
M4-FUNG-0175:R001,M4-FUNG-0175,R001,,,,SnPKS19 is phylogenetically distinguishable from closely related norlichexanthone synthases despite similar architecture.,S003,,31,unreviewed_text
M4-FUNG-0176:R001,M4-FUNG-0176,R001,,,,This trans-aconitate route differs mechanistically from the cis-aconitate decarboxylation route known in Aspergillus terreus and mammalian cells.,S003,,32,unreviewed_text
M4-FUNG-0177:R001,M4-FUNG-0177,R001,,,,The pathway couples a separate iterative HR-PKS to a modular NRPS through dedicated CoA-ligase/acyltransferase handling rather than a fused PKS-NRPS enzyme.,S003,,32,unreviewed_text
M4-FUNG-0178:R001,M4-FUNG-0178,R001,,,,This locus exemplifies developmental and global-regulatory gating: veA state and sclerotial differentiation govern pathway access.,S003,,32,unreviewed_text
M4-FUNG-0179:R001,M4-FUNG-0179,R001,,,,The locus is a useful cryptic-pathway case where metabolite discovery resolves product identity before every neighboring enzymatic step is known.,S003,,32,unreviewed_text
M4-FUNG-0180:R001,M4-FUNG-0180,R001,,,,Asperipin-2a belongs to the broader ustY-associated class of ribosomally synthesized cyclic fungal peptides identified across Aspergilli.,S003,,32,unreviewed_text
M4-FUNG-0181:R001,M4-FUNG-0181,R001,,,,The proposed route matches expected usnic-acid chemistry: a methylated nonreducing-PKS precursor followed by oxidative dimerization.,S003,,32,unreviewed_text
M4-FUNG-0182:R001,M4-FUNG-0182,R001,,,,This pathway provides a high-confidence reference for DMOA-like fungal nrPKS chemistry followed by oxidative tailoring.,S003,,32,unreviewed_text
M4-FUNG-0183:R001,M4-FUNG-0183,R001,,,,Two iterative PKSs supply chemically distinct fragments that converge with dedicated citrate-processing/tailoring chemistry and final acylation.,S001; S003,,32,unreviewed_text
M4-FUNG-0184:R001,M4-FUNG-0184,R001,,,,The pathway jointly produces nonadride and heptadride products from a common maleic-anhydride-derived monomer and alternative cyclization outcomes.,S003; S004,,32,unreviewed_text
M4-FUNG-0185:R001,M4-FUNG-0185,R001,,,,"The locus integrates peptide assembly with specialized nonproteinogenic-residue/side-chain supply, making precursor competence a likely pathway gate.",S001; S003,,32,unreviewed_text
M4-FUNG-0186:R001,M4-FUNG-0186,R001,,,,The experimentally defined seven-gene cluster is nested inside a broader current MIBiG display interval; evidence-locus and display-locus boundaries are therefore tracked separately.,S001; S003,,32,unreviewed_text
M4-FUNG-0187:R001,M4-FUNG-0187,R001,,,,"The MIBiG clapurine annotation is tied to an ETP-like locus, but the defining study distinguishes native pathway arrest from engineered SirC-rescued chemistry.",S001; S003,,33,unreviewed_text
M4-FUNG-0188:R001,M4-FUNG-0188,R001,,,,The A. nidulans cluster provides the reference architecture that showed the previously separated Ecd/Hty regions in A. pachycristatus were consistent with misassembly rather than true split-cluster biology.,S003,,29,unreviewed_text
M4-FUNG-0189:R001,M4-FUNG-0189,R001,,,,Yaequinolone C is positioned as an immediate precursor to penigequinolone A after completion and oxidation of the elongated prenyl unit.,S003,,31,unreviewed_text
M4-FUNG-0190:R001,M4-FUNG-0190,R001,,,,The 2022 SdnG result resolves the Diels–Alder-type ring-forming step that the 2016 genome-mining paper had only proposed.,S003; S004,,32,unreviewed_text
M4-FUNG-0191:R001,M4-FUNG-0191,R001,,,,The biologically functional penitrem programme spans two physical gene clusters even though MIBiG represents the record under one accession.,S001; S003,,32,unreviewed_text
M4-FUNG-0192:R001,M4-FUNG-0192,R001,,,,"This retired accession represents the same maleidride programme family already captured by the active Byssochlamys record curated at M4-FUNG-0184; retain for provenance, not independent pathway counting.",S001; S003,,31,unreviewed_text
M4-FUNG-0193:R001,M4-FUNG-0193,R001,,,,LL-Z1272β serves as a biosynthetic branching intermediate for multiple downstream fungal meroterpenoid families.,S003,,31,unreviewed_text
M4-FUNG-0194:R001,M4-FUNG-0194,R001,,,,The 2021 knockout study refines the broader 2016 fungal-dikaritin model by assigning three distinct UstYa homologues to dehydroamino-acid formation.,S003; S004,,32,unreviewed_text
M4-FUNG-0195:R001,M4-FUNG-0195,R001,,,,The resistance gene serves both as a genome-mining clue and as experimentally validated evidence of pathway-product target engagement.,S003,,31,unreviewed_text
M4-FUNG-0196:R001,M4-FUNG-0196,R001,,,,"Citreoviridin shares the reduced-polyketide alpha-pyrone polyene architecture with aurovertin-, verrucosidin- and asteltoxin-type metabolites, but orthologous pathway evidence is not transferred as strain-specific causality.",S003,,31,unreviewed_text
M4-FUNG-0197:R001,M4-FUNG-0197,R001,,,,BGC0001401 is retained only as historical provenance and must not be counted as a current active complete cluster.,S001,,33,unreviewed_text
M4-FUNG-0198:R001,M4-FUNG-0198,R001,,,,The separate endocrocin cluster encA/encC overlaps chemically with tpc through endocrocin production but is not a second trypacidin cluster.,S003,,33,unreviewed_text
M4-FUNG-0199:R001,M4-FUNG-0199,R001,,,,"The record is a useful strain-improvement reversal case: industrial selection removed pigment production through a pathway mutation, and targeted repair restored secondary metabolism.",S003,,33,unreviewed_text
M4-FUNG-0200:R001,M4-FUNG-0200,R001,,,,Chaetoviridin and chaetomugilin congeners share the same caz biosynthetic programme; individual congeners reflect downstream tailoring rather than independent clusters.,S003; S004,,33,unreviewed_text
M4-FUNG-0201:R001,M4-FUNG-0201,R001,,,,Leporin C is a dehydroxy precursor detected during LepE activation; leporin B is the named MIBiG endpoint and forms the iron-associated bioactive complex.,S003,,33,unreviewed_text
M4-FUNG-0202:R001,M4-FUNG-0202,R001,,,,Asparasone A and related 316/340/374-Da anthraquinones are co-lost in Δpks27 and belong to one sclerotial pigment programme.,S004,,33,unreviewed_text
M4-FUNG-0203:R001,M4-FUNG-0203,R001,,,,Acremonium sp. KY4917 is historical producing-strain provenance; Myceliophthora/Thermothelomyces is the genetically tractable pathway-activation context represented by this record.,S002; S003,,33,unreviewed_text
M4-FUNG-0204:R001,M4-FUNG-0204,R001,,,,Later active MIBiG macrophorin locus BGC0002615 is related pathway evidence but is not substituted for retired BGC0001450.,S004,,33,unreviewed_text
M4-FUNG-0205:R001,M4-FUNG-0205,R001,,,,5-aminopentanoic acid is the directly selected amine substrate for the noncanonical C-domain-mediated release step.,S003,,33,unreviewed_text
M4-FUNG-0206:R001,M4-FUNG-0206,R001,,,,The physically linked resistance gene AstD was used as a pathway-discovery signal and mechanistically connects BGC architecture to the metabolite’s herbicidal target.,S003,,33,unreviewed_text
M4-FUNG-0207:R001,M4-FUNG-0207,R001,,,,Member of the F. fujikuroi sesquiterpene-synthase set dissected in the same study.,S003,,32,unreviewed_text
M4-FUNG-0208:R001,M4-FUNG-0208,R001,,,,Candidate genes show homology to terrein-related fungal biosynthetic genes; orthology is not treated as direct C. uncialis enzymology.,S003,,32,unreviewed_text
M4-FUNG-0209:R001,M4-FUNG-0209,R001,,,,"The P. roqueforti locus is homologous to the andrastin pathway of Penicillium chrysogenum/P. rubens, with an adrB-like pseudogene difference.",S003,,32,unreviewed_text
M4-FUNG-0210:R001,M4-FUNG-0210,R001,,,,The pathway couples a modular NRPS to a dedicated fungal FAS system that supplies the unusual fatty-acyl component.,S003,,32,unreviewed_text
M4-FUNG-0211:R001,M4-FUNG-0211,R001,,,,Aspergillic acid and related hydroxamates form iron complexes such as ferriaspergillin; this chemical relationship is distinguished from unproven regulatory relationships to other A. flavus metabolites.,S003,,32,unreviewed_text
M4-FUNG-0212:R001,M4-FUNG-0212,R001,,,,The A. terreus BGC0001517 locus is homologous to the experimentally validated P. brevicompactum asperphenamate pathway; orthology is explicitly not treated as strain-specific causality.,S001; S003,,32,unreviewed_text
M4-FUNG-0213:R001,M4-FUNG-0213,R001,,,,"The pathway joins a sesquiterpene-derived drimane alcohol to aryl-acid components through AstA, linking terpene and NRPS-like chemistry in one cluster.",S003,,32,unreviewed_text
M4-FUNG-0214:R001,M4-FUNG-0214,R001,,,,The basidioferrin synthetase system is conserved across diverse Basidiomycota; conservation is encoded as a phylogenetic relationship rather than transferred direct evidence.,S003,,32,unreviewed_text
M4-FUNG-0215:R001,M4-FUNG-0215,R001,,,,Homologous sesterterpene clusters in the historical P. betae/N. betae system and Colletotrichum orbiculare share scaffold logic but differ in oxidative enzyme complements and product profiles.,S003,,32,unreviewed_text
M4-FUNG-0216:R001,M4-FUNG-0216,R001,,,,"Comparative phylogenomics identifies homologous perylenequinone clusters in other fungi, including a functional cercosporin programme in Colletotrichum; comparative relationships are not substituted for C. beticola genetics.",S003,,32,unreviewed_text
M4-FUNG-0217:R001,M4-FUNG-0217,R001,,,,C. zeina and C. zeae-maydis share homologous CTB pathway architecture; donor-allele complementation establishes functional relatedness but is not transferred as direct evidence for the defective native C. zeina CTB7 allele.,S003,,32,unreviewed_text
M4-FUNG-0218:R001,M4-FUNG-0218,R001,,,,"A putative homologous chlorflavonin cluster was also identified in A. candidus; this is comparative support, not direct A. campestris enzyme validation.",S003,,32,unreviewed_text
M4-FUNG-0219:R001,M4-FUNG-0219,R001,,,,"The P. chrysogenum chy cluster is an orthologous, more deeply resolved chrysogine pathway used only for comparative mechanism.",S004,,32,unreviewed_text
M4-FUNG-0220:R001,M4-FUNG-0220,R001,,,,Citreohybridonol biosynthesis is a diversification branch of andrastin-like meroterpenoid chemistry.,S003,,32,unreviewed_text
M4-FUNG-0221:R001,M4-FUNG-0221,R001,,,,BGC0001557 duplicates BGC0001436; pathway interpretation belongs to the active record while this dossier preserves historical provenance.,S001,,32,unreviewed_text
M4-FUNG-0222:R001,M4-FUNG-0222,R001,,,,The same study linked curvupallide and spirostaphylotrichin chemistry and used the strategy also to resolve a short-chain pyranonigrin pathway in Aspergillus niger.,S003,,32,unreviewed_text
M4-FUNG-0223:R001,M4-FUNG-0223,R001,,,,The CsC and CsA clusters are highly syntenic; the principal peptide-core difference is associated with substrate specificity in the sixth NRPS module.,S003,,32,unreviewed_text
M4-FUNG-0224:R001,M4-FUNG-0224,R001,,,,Demethoxyviridin belongs to the wortmannin/viridin furanosteroid family and exposes an unusual fungal route for steroid side-chain cleavage.,S003,,32,unreviewed_text
M4-FUNG-0225:R001,M4-FUNG-0225,R001,,,,DHLA and lysergic-acid pathways diverge at substrate specificity of homologous CloA enzymes.,S003,,32,unreviewed_text
M4-FUNG-0226:R001,M4-FUNG-0226,R001,,,,The functional duclauxin programme is distributed across dux1 and dux2 rather than a single contiguous genetic unit.,S003,,32,unreviewed_text
M4-FUNG-0227:R001,M4-FUNG-0227,R001,,,,BGC0001585 is homologous to other epipolythiodioxopiperazine pathways including chaetocin and verticillin; later Escovopsis genomics finds related BGC families across multiple lineages.,S001; S004,,32,unreviewed_text
M4-FUNG-0228:R001,M4-FUNG-0228,R001,,,,Fusarielin H belongs to the fusarielin F/G/H congener pathway; congener bioactivities do not establish separate BGCs.,S003; S004,,32,unreviewed_text
M4-FUNG-0229:R001,M4-FUNG-0229,R001,,,,"Homologous GA clusters occur across the F. fujikuroi species complex, but pathway presence and productive expression are separable properties.",S004,,32,unreviewed_text
M4-FUNG-0230:R001,M4-FUNG-0230,R001,,,,Gibepyrones B/D are pathway-derived congeners formed by extracluster P450 activity; E/F are spontaneous oxidation products.,S003,,32,unreviewed_text
M4-FUNG-0231:R001,M4-FUNG-0231,R001,,,,"The gliovirin cluster is related to ETP biosynthetic programmes, but homologous pathway architecture is not substituted for T. virens direct evidence.",S003,,32,unreviewed_text
M4-FUNG-0232:R001,M4-FUNG-0232,R001,,,,"The TRI organization is comparable to T. arundinaceum and T. brevicompactum, but those orthologous pathways produce different trichothecenes.",S003,,32,unreviewed_text
M4-FUNG-0233:R001,M4-FUNG-0233,R001,,,,Himeic acids B and C are related congeners but have much weaker E1 inhibition than himeic acid A in the original bioassay.,S004,,32,unreviewed_text
M4-FUNG-0234:R001,M4-FUNG-0234,R001,,,,Hirsutene is a sesquiterpene scaffold that can be further oxidatively decorated in basidiomycetes; those downstream pathways are not assumed identical across species.,S003,,32,unreviewed_text
M4-FUNG-0235:R001,M4-FUNG-0235,R001,,,,Ralstonins are bacterial signals that suppress the fungal imq programme; they are not products of the fungal BGC.,S003,,32,unreviewed_text
M4-FUNG-0236:R001,M4-FUNG-0236,R001,,,,Iso-A82775C and pestheic acid are proposed biosynthetic precursors to chloropupukeananin; perturbing iacE also redirects chemistry to chloropestolide congeners.,S003; S006,,32,unreviewed_text
M4-FUNG-0237:R001,M4-FUNG-0237,R001,,,,"S. longispora FG216 provides genus-level comparative evidence that amino-compound supply can diversify isoindolinone chemistry, but it is not the record organism.",S003,,32,unreviewed_text
M4-FUNG-0238:R001,M4-FUNG-0238,R001,,,,LC371755.1 → KK-1 association; mechanistic gene-to-product chain remains incompletely resolved.,,,26,unreviewed_text
M4-FUNG-0239:R001,M4-FUNG-0239,R001,,,,terpene synthase activity → koraiol scaffold,,,25,unreviewed_text
M4-FUNG-0240:R001,M4-FUNG-0240,R001,,,,candidate terpene locus → mangicol A family chemistry,,,25,unreviewed_text
M4-FUNG-0241:R001,M4-FUNG-0241,R001,,,,MicA one-gene chemistry → microperfuranone; neighboring mic genes/P450 context → expanded oxidized product chemistry,,,31,unreviewed_text
M4-FUNG-0242:R001,M4-FUNG-0242,R001,,,,mpaC scaffold synthesis + mpaA/DE/G/H/B tailoring + mpaF resistance → mycophenolic acid programme,,,31,unreviewed_text
M4-FUNG-0243:R001,M4-FUNG-0243,R001,,,,IvoA → N-acetyltryptophan; IvoA+IvoC → N-acetyl-6-hydroxytryptophan; IvoB acts downstream in pigment formation,,,31,unreviewed_text
M4-FUNG-0244:R001,M4-FUNG-0244,R001,,,,NecA/NecB/NecC sequential chemistry → nectrisine,,,31,unreviewed_text
M4-FUNG-0245:R001,M4-FUNG-0245,R001,,,,historical BGC0001697 → neurosporin A model; current pks-6/srd locus → sordarial / BGC0002729,,,31,unreviewed_text
M4-FUNG-0246:R001,M4-FUNG-0246,R001,,,,ANIA_01242-centered NRPS candidate locus → nidulanin A association,,,31,unreviewed_text
M4-FUNG-0247:R001,M4-FUNG-0247,R001,,,,minimal Nod core → nodulisporic acid F; additional P450/oxidase branching → broader nodulisporic-acid family,,,31,unreviewed_text
M4-FUNG-0248:R001,M4-FUNG-0248,R001,,,,NvfA/B/K/L early meroterpenoid scaffold → NvfI endoperoxide → NvfE-dependent orthoester pathway → novofumigatonin,,,31,unreviewed_text
M4-FUNG-0249:R001,M4-FUNG-0249,R001,,,,A. nidulans terrequinone-pathway synteny → candidate A. steynii ochrindole locus,,,31,unreviewed_text
M4-FUNG-0250:R001,M4-FUNG-0250,R001,,,,OkaA/OkaC core and prenylation chemistry + OkaB/D/E/G oxidative tailoring + OkaF methylation → okaramine B,,,31,unreviewed_text
M4-FUNG-0251:R001,M4-FUNG-0251,R001,,,,oka NRPS assembly + oxidative tailoring/azetidine-ring dioxygenase → okaramine D,,,31,unreviewed_text
M4-FUNG-0252:R001,M4-FUNG-0252,R001,,,,BbSmr1 repression ⟂ OpS3 activation → OpS cluster/OpS1 → oosporein → post-mortem bacterial suppression,,,31,unreviewed_text
M4-FUNG-0253:R001,M4-FUNG-0253,R001,,,,ANIA_03230 PKS scaffold + clustered tailoring genes → aspernidine A,,,31,unreviewed_text
M4-FUNG-0254:R001,M4-FUNG-0254,R001,,,,PoxF unusual amino acid + PoxE PKS-NRPS → cyclized precursor → PoxO/PoxQ/P450 tailoring → oxaleimides,,,31,unreviewed_text
M4-FUNG-0255:R001,M4-FUNG-0255,R001,,,,preaustinoid A1 --PrhA→ berkeleydione → downstream prh tailoring → paraherquonin,,,31,unreviewed_text
M4-FUNG-0256:R001,M4-FUNG-0256,R001,,,,retired KY781198.1 record ≠ independently validated 2023 A. flavipes CNL-338 three-NRPS pathway,,,31,unreviewed_text
M4-FUNG-0257:R001,M4-FUNG-0257,R001,,,,Phm1 PKS-NRPS precursor --Phm7 stereospecific [4+2] cyclization→ phomasetin decalin scaffold,,,31,unreviewed_text
M4-FUNG-0258:R001,M4-FUNG-0258,R001,,,,PhyS PKS-NRPS scaffold + phyL oxidative/reductive tailoring → bicyclic 3-methylene tetramic-acid phyllostictines,,,31,unreviewed_text
M4-FUNG-0259:R001,M4-FUNG-0259,R001,,,,MoC19TRF1/TRF2 repression ⟂ MoPKS19 scaffold → dihydro congeners --MoC19OXR1→ pyriculol-family oxidized products,,,31,unreviewed_text
M4-FUNG-0260:R001,M4-FUNG-0260,R001,,,,NhNPS5 five-module assembly → sansalvamide; NRPS29 is excluded as the responsible synthetase by comparative knockout,,,31,unreviewed_text
M4-FUNG-0261:R001,M4-FUNG-0261,R001,,,,prenyltransferase/terpene pathway + oxidative tailoring → sespendole,,,31,unreviewed_text
M4-FUNG-0262:R001,M4-FUNG-0262,R001,,,,"prenylated indole-diterpene precursor --JanQDOJ, including JanO oxidative cyclization→ shearinine scaffold → shearinine D",,,31,unreviewed_text
M4-FUNG-0263:R001,M4-FUNG-0263,R001,,,,conserved SWN/SwnK assembly + reductase/hydroxylase tailoring → swainsonine,,,31,unreviewed_text
M4-FUNG-0264:R001,M4-FUNG-0264,R001,,,,lysine/pipecolate-linked precursor metabolism + SwnK/SwnR/SwnN/SwnH1/SwnH2 → swainsonine,,,31,unreviewed_text
M4-FUNG-0265:R001,M4-FUNG-0265,R001,,,,FPP --TRI5→ trichodiene --TRI4 multi-oxygenation→ oxygenated trichodiene intermediates including trichodiene-11-one → trichothecenes,,,31,unreviewed_text
M4-FUNG-0266:R001,M4-FUNG-0266,R001,,,,ver NRPS scaffold → P450/redox/sulfur tailoring → dimeric ETP verticillin,,,31,unreviewed_text
M4-FUNG-0267:R001,M4-FUNG-0267,R001,,,,BGC0001821 (retired) ≡ duplicate provenance of BGC0001820 (active surviving record),,,31,unreviewed_text
M4-FUNG-0268:R001,M4-FUNG-0268,R001,,,,Aspks1/tropolone branch + Asr6 humulene branch → Asr5/coupling and oxidative ring contractions → xenovulene A,,,31,unreviewed_text
M4-FUNG-0269:R001,M4-FUNG-0269,R001,,,,PKS-derived squalestatin core → terminal acyltransferase loading → squalestatin S1,,,31,unreviewed_text
M4-FUNG-0270:R001,M4-FUNG-0270,R001,,,,tlnI activation → TlnA/TlnB collaborative polyketide + apo-ψACP–TlnC methylation → tricholignan A → Fe(III) reduction,,,31,unreviewed_text
M4-FUNG-0271:R001,M4-FUNG-0271,R001,,,,BuaA/BuaC scaffold assembly + BuaE precursor supply + BuaD/BuaG tailoring/glycosylation context → burnettramic acid A,,,31,unreviewed_text
M4-FUNG-0272:R001,M4-FUNG-0272,R001,,,,infection-responsive HR-PKS + two multifunctional P450s → alternapyrones B–F; E/F → wheat-seed phytotoxicity,,,31,unreviewed_text
M4-FUNG-0273:R001,M4-FUNG-0273,R001,,,,ElcH follow-up biochemistry refines the pathway mechanism without changing the MIBiG locus identity.,S003,,40,unreviewed_text
M4-FUNG-0274:R001,M4-FUNG-0274,R001,,,,Mechanistic stereochemistry work refines the same vdt locus defined genetically.,S002;S003,,40,unreviewed_text
M4-FUNG-0275:R001,M4-FUNG-0275,R001,,,,"Physical adjacency to the aflatoxin cluster is genomic context, not evidence of catalytic pathway merging.",S002,,40,unreviewed_text
M4-FUNG-0276:R001,M4-FUNG-0276,R001,,,,Source-atlas gene-count metadata is historical/summary-level and is subordinate to current MIBiG display plus primary functional evidence.,S001;S004,,40,unreviewed_text
M4-FUNG-0277:R001,M4-FUNG-0277,R001,,,,"HLS111 activation/chemistry is contextual evidence for the compound family, not direct functional evidence for the Wisconsin 54-1255 locus.",S001;S002,,40,unreviewed_text
M4-FUNG-0278:R001,M4-FUNG-0278,R001,,,,The narrower source locus is retained separately from a broader generated display region so display expansion is not mistaken for functional necessity.,S001;S004,,40,unreviewed_text
M4-FUNG-0279:R001,M4-FUNG-0279,R001,,,,The MFS transporter is retained as a product-protection/export component of the pathway rather than a catalytic scaffold enzyme.,S002,,40,unreviewed_text
M4-FUNG-0280:R001,M4-FUNG-0280,R001,,,,Retired BGC0001893 preserves historical Bcaba1-4 locus provenance while the functional programme requires extra-cluster BcAba5.,S001;S002,,40,unreviewed_text
M4-FUNG-0281:R001,M4-FUNG-0281,R001,,,,Current Plenodomus lingam display and historical/primary Leptosphaeria maculans naming refer to the same JN3 record provenance and are retained explicitly.,S001;S002;S004,,40,unreviewed_text
M4-FUNG-0282:R001,M4-FUNG-0282,R001,,,,BGC0001901 -> retired duplicate/provenance predecessor of active BGC0001854 (M4-FUNG-0270); exclude from independent-locus counts.,S001;S002,,40,unreviewed_text
M4-FUNG-0283:R001,M4-FUNG-0283,R001,,,,BGC0001906 is functionally coupled to BGC0001907 in dalmanol-class hybrid biosynthesis.,S001;S002,,40,unreviewed_text
M4-FUNG-0284:R001,M4-FUNG-0284,R001,,,,BGC0001907 is the chromane arm of the two-locus dalmanol system with BGC0001906.,S001;S002,,40,unreviewed_text
M4-FUNG-0285:R001,M4-FUNG-0285,R001,,,,Shunt-pathway genes are retained separately from the experimentally resolved strobilurin-A core.,S002,,40,unreviewed_text
M4-FUNG-0286:R001,M4-FUNG-0286,R001,,,,"The pathway provides a mechanistic template for fungal dimeric anhydrides, but homologous-pathway generalization is kept separate from direct evidence.",S002,,40,unreviewed_text
M4-FUNG-0287:R001,M4-FUNG-0287,R001,,,,BGC0001915 -> retired duplicate merged into active BGC0001528; exclude from independent-locus counts.,S001;S003,,40,unreviewed_text
M4-FUNG-0288:R001,M4-FUNG-0288,R001,,,,BGC0001923 supplies the common/ascochlorin arm also required upstream of the distant ascofuranone locus BGC0001924.,S002;S003,,40,unreviewed_text
M4-FUNG-0289:R001,M4-FUNG-0289,R001,,,,BGC0001924 depends on the BGC0001923/asc-1 precursor pathway; together they form the multilocus ascofuranone programme.,S002;S003,,40,unreviewed_text
M4-FUNG-0290:R001,M4-FUNG-0290,R001,,,,"Current antiSMASH detects T1PKS and terpene features, consistent with the experimentally demonstrated meroterpenoid architecture.",S002;S003,,40,unreviewed_text
M4-FUNG-0291:R001,M4-FUNG-0291,R001,,,,BGC0001936 -> retired provenance counterpart of active BGC0001706 on MG182145.1; exclude from independent-locus counts.,S001;S003,,40,unreviewed_text
M4-FUNG-0292:R001,M4-FUNG-0292,R001,,,,The NRPS designation reflects a functional condensation-domain remnant rather than a conventional multimodule peptide synthetase.,S001;S002,,40,unreviewed_text
M4-FUNG-0293:R001,M4-FUNG-0293,R001,,,,"Structural similarity to phomafungin motivated comparison, but BII-rafflesfungin is a distinct compound with a distinct inferred BGC.",S002,,39,unreviewed_text
M4-FUNG-0294:R001,M4-FUNG-0294,R001,,,,Asperterpenoid C is a downstream AstA product and should not replace asperterpenoid A as the record's primary named product.,S002,,39,unreviewed_text
M4-FUNG-0295:R001,M4-FUNG-0295,R001,,,,Retired BGC0001977 is historical/provenance overlap with this active eupenifeldin representation and should not be counted independently.,S001;S004,,40,unreviewed_text
M4-FUNG-0296:R001,M4-FUNG-0296,R001,,,,BGC0001977 -> retired/historical representation overlapping active BGC0001976; exclude from independent-locus counts.,S001;S002,,39,unreviewed_text
M4-FUNG-0297:R001,M4-FUNG-0297,R001,,,,BGC0001978 -> retired predecessor/duplicate-level provenance for active BGC0001857 (M4-FUNG-0271); exclude from independent-locus counts.,S001;S002,,39,unreviewed_text
M4-FUNG-0298:R001,M4-FUNG-0298,R001,,,,BGC0001982 -> explicit retired duplicate of active BGC0001881 (M4-FUNG-0276).,S001,,39,unreviewed_text
M4-FUNG-0299:R001,M4-FUNG-0299,R001,,,,NsrP promiscuity creates engineered/non-native dimers but does not imply additional native BGC identities.,S002,,39,unreviewed_text
M4-FUNG-0300:R001,M4-FUNG-0300,R001,,,,"The cluster integrates biosynthesis with export/reutilization, so Pul3 should remain distinct from catalytic production genes.",S002;S003,,40,unreviewed_text
M4-FUNG-0301:R001,M4-FUNG-0301,R001,,,,"The A. oryzae HA cluster is homologous to the Trichoderma vir region, but functional interpretation is based on direct A. oryzae genetics.",S002,,39,unreviewed_text
M4-FUNG-0302:R001,M4-FUNG-0302,R001,,,,"Byssochlamic-acid and other maleidride clusters provide comparative pathway logic, not direct proof of the oryzine locus.",S002,,39,unreviewed_text
M4-FUNG-0303:R001,M4-FUNG-0303,R001,,,,Serial promoter replacement is retained as the causal access intervention rather than recast as native environmental induction.,S002,,39,unreviewed_text
M4-FUNG-0304:R001,M4-FUNG-0304,R001,,,,BGC0002030 -> retired duplicate/provenance predecessor of active BGC0001866 (M4-FUNG-0274); exclude from independent-locus counts.,S001;S002,,39,unreviewed_text
M4-FUNG-0305:R001,M4-FUNG-0305,R001,,,,"BGC0002035 is homologous to, but distinct from, BGC0002093; mechanistic IccD/IccE evidence from the latter should not erase strain-specific differences.",S001;S002,,39,unreviewed_text
M4-FUNG-0306:R001,M4-FUNG-0306,R001,,,,Agnestin genetics informs broader fungal anthraquinone/xanthone pathway logic but remains a distinct locus from viriditoxin and cryptosporioptide clusters.,S002,,39,unreviewed_text
M4-FUNG-0307:R001,M4-FUNG-0307,R001,,,,This pathway is mechanistically related to other fungal xanthone dimers but has its own dmx-specific dimerization and ethylmalonate logic.,S002,,39,unreviewed_text
M4-FUNG-0308:R001,M4-FUNG-0308,R001,,,,BGC0002065 -> retired provenance record overlapping active BGC0001909 (M4-FUNG-0285); exclude from independent active-locus counts.,S001;S002,,39,unreviewed_text
M4-FUNG-0309:R001,M4-FUNG-0309,R001,,,,BGC0002066 and BGC0002067 form a comparative pair revealing conserved iterative 2-pyridone biosynthetic logic.,S002,,39,unreviewed_text
M4-FUNG-0310:R001,M4-FUNG-0310,R001,,,,BGC0002067 is a homologous but independent comparative partner to harzianopyridone BGC0002066.,S001;S002,,39,unreviewed_text
M4-FUNG-0311:R001,M4-FUNG-0311,R001,,,,BGC0002093 and Neonectria BGC0002035 are independent homologous ilicicolin loci; late-enzyme roles differ in the strength and details of experimental support.,S001;S002;S003,,39,unreviewed_text
M4-FUNG-0312:R001,M4-FUNG-0312,R001,,,,"BGC0002113 is a strain-specific Fusarium production/provenance record homologous in pathway class to active BGC0000313, but the two are not merged because they represent different organisms and loci.",S001;S002;S003,,39,unreviewed_text
M4-FUNG-0313:R001,M4-FUNG-0313,R001,,,,"The bue pathway is homologous to fusarielin-type polyene-decalin pathways, but burnettiene-specific tailoring was demonstrated directly.",S002,,39,unreviewed_text
M4-FUNG-0314:R001,M4-FUNG-0314,R001,,,,"Biomimetic synthetic proposals anticipated parts of the aza-spiro/aldol logic, but the frz study provides biosynthetic evidence.",S002,,39,unreviewed_text
M4-FUNG-0315:R001,M4-FUNG-0315,R001,,,,Core paspaline/paspalinine biosynthesis is related to other fungal indole-diterpene pathways; aminoacylation is the distinctive extension here.,S001;S002,,38,unreviewed_text
M4-FUNG-0316:R001,M4-FUNG-0316,R001,,,,This locus belongs to the conserved fungal DHN-melanin pathway rather than a strain-specific specialized-metabolite pathway.,S002,,39,unreviewed_text
M4-FUNG-0317:R001,M4-FUNG-0317,R001,,,,"OSM1/PoYPD1 are upstream signal-access perturbation points, not pathway genes; activation circuitry is kept separate from locus membership.",S002;S003,,39,unreviewed_text
M4-FUNG-0318:R001,M4-FUNG-0318,R001,,,,Earlier synteny with an elsinochrome-associated region was misleading; functional evidence supports DHN melanin.,S002,,39,unreviewed_text
M4-FUNG-0319:R001,M4-FUNG-0319,R001,,,,The pathway is a fungal diketopiperazine-dimerization system distinguished by a multifunctional P450 rather than a separate coupling enzyme.,S002,,39,unreviewed_text
M4-FUNG-0320:R001,M4-FUNG-0320,R001,,,,"PoLAE1 and OSM1 are trans-regulatory access points, not core BGC genes; atlas keeps them separate from locus membership.",S003,,41,unreviewed_text
M4-FUNG-0321:R001,M4-FUNG-0321,R001,,,,The pathway links ecological bacterial sensing to a locally induced fungal secondary-metabolite response.,S002,,40,unreviewed_text
M4-FUNG-0322:R001,M4-FUNG-0322,R001,,,,This pathway provides a direct link between secondary-metabolite biosynthesis and multicellular spore morphogenesis.,S002;S003,,40,unreviewed_text
M4-FUNG-0323:R001,M4-FUNG-0323,R001,NfSS,produces,sesterfisherol,,,,102,mapped_triplet
M4-FUNG-0323:R002,M4-FUNG-0323,R002,NfP450,oxidizes,sesterfisherol → sesterfisheric acid,,,,103,mapped_triplet
M4-FUNG-0324:R001,M4-FUNG-0324,R001,FCK1,initiates,AMP/DMAPP-derived cytokinin pathway,,,,102,mapped_triplet
M4-FUNG-0324:R002,M4-FUNG-0324,R002,Fusarium cytokinins,mimic,plant cytokinin signalling,,,,103,mapped_triplet
M4-FUNG-0325:R001,M4-FUNG-0325,R001,PerA,produces,peramine,,,,100,mapped_triplet
M4-FUNG-0325:R002,M4-FUNG-0325,R002,peramine,protects,ryegrass–Epichloë symbiotum from insect herbivory,,,,101,mapped_triplet
M4-FUNG-0326:R001,M4-FUNG-0326,R001,SthB,cyclizes,betaenone-family precursor → bridged tricyclic scaffold,,,,100,mapped_triplet
M4-FUNG-0326:R002,M4-FUNG-0326,R002,host infection,correlates_with,cluster transcriptional access,,,,101,mapped_triplet
M4-FUNG-0327:R001,M4-FUNG-0327,R001,lna cluster,partially_redundant_with,lnb cluster,,,,100,mapped_triplet
M4-FUNG-0327:R002,M4-FUNG-0327,R002,L-Tyr-derived imine intermediate,branches_to,piperazine/morpholine/oxidized products,,,,101,mapped_triplet
M4-FUNG-0328:R001,M4-FUNG-0328,R001,CalA + CalK,produces,decalin branch,,,,102,mapped_triplet
M4-FUNG-0328:R002,M4-FUNG-0328,R002,CalA + CalH,produces,polyene branch,,,,103,mapped_triplet
M4-FUNG-0328:R003,M4-FUNG-0328,R003,CalD,couples,decalin + polyene portions,,,,104,mapped_triplet
M4-FUNG-0329:R001,M4-FUNG-0329,R001,acurin PKS,collaborates_with,acurin NRPS,,,,100,mapped_triplet
M4-FUNG-0329:R002,M4-FUNG-0329,R002,split PKS + NRPS architecture,evolutionarily_consistent_with,fission of ancestral PKS–NRPS hybrid,,,,101,mapped_triplet
M4-FUNG-0330:R001,M4-FUNG-0330,R001,Ev460pks,produces,two polyenoic β-ketolactones,,,,102,mapped_triplet
M4-FUNG-0330:R002,M4-FUNG-0330,R002,Ev460pks,not_required_for,asteltoxin,,,,103,mapped_triplet
M4-FUNG-0331:R001,M4-FUNG-0331,R001,AnATPKS,produces,amino-acid-derived α-pyrone scaffold,,,,101,mapped_triplet
M4-FUNG-0331:R002,M4-FUNG-0331,R002,AnOMT,methylates,pyrophen pathway intermediates,,,,102,mapped_triplet
M4-FUNG-0332:R001,M4-FUNG-0332,R001,FGM4,activates,fg3_54 transcriptional programme,,,,104,mapped_triplet
M4-FUNG-0332:R002,M4-FUNG-0332,R002,NRPS9,initiates,NRPS5 seven-module elongation,,,,105,mapped_triplet
M4-FUNG-0332:R003,M4-FUNG-0332,R003,fusaoctaxin A,promotes,wheat cell-to-cell invasion,,,,106,mapped_triplet
M4-FUNG-0333:R001,M4-FUNG-0333,R001,AfumA,cyclizes,squalene epoxide to hopane scaffold,,,,104,mapped_triplet
M4-FUNG-0333:R002,M4-FUNG-0333,R002,AfumB,oxidatively tailors,hopane intermediate,,,,105,mapped_triplet
M4-FUNG-0333:R003,M4-FUNG-0333,R003,AfumC,glycosylates,fumihopaside precursor,,,,106,mapped_triplet
M4-FUNG-0333:R004,M4-FUNG-0333,R004,fumihopaside A,supports,heat/UV stress tolerance,,,,107,mapped_triplet
M4-FUNG-0334:R001,M4-FUNG-0334,R001,,,,VibA activation → epls expression/Epls polymerization → ε-poly-L-lysine → antifungal activity,,,31,unreviewed_text
M4-FUNG-0335:R001,M4-FUNG-0335,R001,,,,kojA promoter activation → A. oryzae wA PKS → YWA1-like polyketide/spore-pigment precursor,,,31,unreviewed_text
M4-FUNG-0336:R001,M4-FUNG-0336,R001,,,,FPP --Clm1→ longiborneol --Clm2 C-11 hydroxylation→ culmorin,,,31,unreviewed_text
M4-FUNG-0337:R001,M4-FUNG-0337,R001,,,,PKS monomer assembly → stereoselective ene reduction → laccase oxidative dimerization → ustilaginoidin congeners; chromatin/CRZ1 state modulates pathway access,,,31,unreviewed_text
M4-FUNG-0338:R001,M4-FUNG-0338,R001,,,,infection-associated cluster induction → GRA2/NRPS8-GRA1 → gramillins A/B → maize-selective cell death and virulence,,,31,unreviewed_text
M4-FUNG-0339:R001,M4-FUNG-0339,R001,,,,unusual amino-acid precursor supply + TES four-module NRPS + TES1 oxidation context → tentoxin → chloroplast F1-ATPase inhibition,,,31,unreviewed_text
M4-FUNG-0340:R001,M4-FUNG-0340,R001,,,,hybrid-TF activation → aln PKS/tailoring programme → octatrienoic-acid branch and downstream (+)-asperlin,,,31,unreviewed_text
M4-FUNG-0341:R001,M4-FUNG-0341,R001,,,,GGPP --bifunctional Pl-Cyc→ tricyclic diterpene core → oxidative/acyl tailoring → pleuromutilin,,,31,unreviewed_text
M4-FUNG-0342:R001,M4-FUNG-0342,R001,,,,historical vir-cluster model → later knockout falsification/revision → viridin production remains genetically and metabolically regulated,,,31,unreviewed_text
M4-FUNG-0343:R001,M4-FUNG-0343,R001,,,,Enterobacteriales entA-entF operon --horizontal transfer→ ancestral Wickerhamiella/Starmerella lineage → functional enterobactin biosynthesis → iron-scavenging capacity,,,31,unreviewed_text
M4-FUNG-0344:R001,M4-FUNG-0344,R001,,,,IPP/DMAPP → GFPP --OblA→ ophiobolin F → OblB oxidative products; historical ophiobolin-C assignment remains pathway-conflicted in A. clavatus,,,31,unreviewed_text
M4-FUNG-0345:R001,M4-FUNG-0345,R001,,,,GrgA + GrgB → C11 and C4 polyketide chains → GrgF hydrolysis/Claisen fusion → gregatin scaffold → gregatin A,,,31,unreviewed_text
M4-FUNG-0346:R001,M4-FUNG-0346,R001,,,,PKS6-derived lipid/polyketide moiety + NRPS7 peptide assembly → fusaristatin A,,,31,unreviewed_text
M4-FUNG-0347:R001,M4-FUNG-0347,R001,,,,candidate PKS/P450 locus → proposed resorcylic-acid-lactone biosynthesis → monorden/monocillin/pochonin family → modest antibacterial activity,,,31,unreviewed_text
M4-FUNG-0348:R001,M4-FUNG-0348,R001,,,,PKS40-derived moiety → proposed CoA-ligase/thioesterase shuttle → NRPS32 assembly → W493 A/B,,,31,unreviewed_text
M4-FUNG-0349:R001,M4-FUNG-0349,R001,,,,ancestral fusaristatin locus → recent lineage-specific loss/remnants in many strains; intact locus retained in C5834-like producers → fusaristatin A,,,31,unreviewed_text
M4-FUNG-0350:R001,M4-FUNG-0350,R001,,,,SorA/SorB PKS programme → sorbicillinoid intermediates/products ↔ autoinduction → amplified yellow-pigment output,,,31,unreviewed_text
M4-FUNG-0351:R001,M4-FUNG-0351,R001,,,,PKS8 overexpression → gibepyrone A → non-clustered P450 oxidation → gibepyrones B/D/G and prolipyrone B,,,31,unreviewed_text
M4-FUNG-0352:R001,M4-FUNG-0352,R001,,,,strain-14919 PKS/accessory gene set → yeast heterologous reconstruction → FR901512; cross-species PKS swaps alter tolerated combinations while accessory genes impose structural specificity,,,31,unreviewed_text
M4-FUNG-0353:R001,M4-FUNG-0353,R001,,,,doxycycline/Tet-on → pgnA transcription → PgnA NRPS-like chemistry → phenguignardic acid,,,31,unreviewed_text
M4-FUNG-0354:R001,M4-FUNG-0354,R001,,,,EpnA polyketide assembly → EpnC oxidative tailoring → EpnB C-galactosylation → epipyrone A; EpnD supports export context,,,31,unreviewed_text
M4-FUNG-0355:R001,M4-FUNG-0355,R001,,,,KojR activation + carbon state → kojA biosynthesis → kojic acid → KojT-associated secretion; kojic acid feeds back positively on cluster transcription,,,31,unreviewed_text
M4-FUNG-0356:R001,M4-FUNG-0356,R001,,,,ClaF → clavatol --ClaD→ hydroxyclavatol → ortho-quinone methide + terrestric-pathway γ-butyrolactones → peniphenone/penilactone chemistry,,,31,unreviewed_text
M4-FUNG-0357:R001,M4-FUNG-0357,R001,,,,TraA → crustosic acid → decarboxylation/isomerization → terrestric acid → γ-butyrolactone branch + clavatol-derived quinone methide → mixed-cluster products,,,31,unreviewed_text
M4-FUNG-0358:R001,M4-FUNG-0358,R001,,,,tryptophan --cluster IDO→ kynurenine + anthranilate → NRPS assembly/cyclization → terreazepine-family products,,,31,unreviewed_text
M4-FUNG-0359:R001,M4-FUNG-0359,R001,,,,tryptophan --NanC→ L-kynurenine + anthranilate --NanA→ tethered dipeptide → regioselective benzazepine cyclization → nanangelenin A pathway,,,31,unreviewed_text
M4-FUNG-0360:R001,M4-FUNG-0360,R001,,,,AurA polyene α-pyrone → AurB O-methylation → AurC epoxidation + AurD epoxide opening cycles → dioxabicyclo-octane scaffold → aurovertin E,,,31,unreviewed_text
M4-FUNG-0361:R001,M4-FUNG-0361,R001,,,,vicA repeated GLKLAF cores → VicYb-dependent oxidative maturation → VicK oxidative deamination → active victorin congeners → host-selective oat toxicity,,,31,unreviewed_text
M4-FUNG-0362:R001,M4-FUNG-0362,R001,,,,BGC0002202 interval ↔ dispersed/multicopy victorin system ↔ BGC0002201 companion interval → one biological victorin pathway,,,31,unreviewed_text
M4-FUNG-0363:R001,M4-FUNG-0363,R001,,,,PKS-derived 3-hydroxy fatty acid + NRPS peptide assembly → beauveriolide cyclodepsipeptides → host-dependent contribution to insect virulence,,,31,unreviewed_text
M4-FUNG-0364:R001,M4-FUNG-0364,R001,,,,8 malonyl-CoA + L-leucine --FfsA→ cytochalasan precursor → locus tailoring → flavichalasines/aspochalasins/TMC-169/aspergillin PZ,,,31,unreviewed_text
M4-FUNG-0365:R001,M4-FUNG-0365,R001,,,,wheat infection / PhmR activation → phmA + phmE → prephomacin → phomacins D/E → actin disruption + reduced host germination → virulence contribution,,,31,unreviewed_text
M4-FUNG-0366:R001,M4-FUNG-0366,R001,,,,mycoparasitic attack → H2O2 + cluster induction → trigazaphilone biosynthesis → radical scavenging → producer oxidative-stress tolerance,,,31,unreviewed_text
M4-FUNG-0367:R001,M4-FUNG-0367,R001,,,,tryptophan --PsiD/PsiH/PsiM/PsiK pathway logic→ psilocybin; linked PsiT transporters; cluster phylogeny → horizontal-transfer model across Agaricales,,,31,unreviewed_text
M4-FUNG-0368:R001,M4-FUNG-0368,R001,,,,OpaA quinazolinone/D-Phe precursor → OpaB 3H-oxepin → OpaC hydroxylation + double-bond migration → OpaE L-epimerization → OpaF methylation → oxepinamide F,,,31,unreviewed_text
M4-FUNG-0369:R001,M4-FUNG-0369,R001,,,,acetyl-CoA / propionate-derived acetyl-CoA → malonyl-CoA --PKS→ phenethyl core → three oxidoreductases + O-methyltransferase → ustethylin A,,,31,unreviewed_text
M4-FUNG-0370:R001,M4-FUNG-0370,R001,,,,PyvA PKS-NRPS precursor → proposed PyvC/PyvB oxidative pyrone formation → proposed PyvH C-3 O-methylation → pyranoviolin A,,,31,unreviewed_text
M4-FUNG-0371:R001,M4-FUNG-0371,R001,,,,selected P. sporulosa PKS locus → HEx synthetic assembly → S. cerevisiae expression → cluster-dependent HEx-pks1 polyketide,,,31,unreviewed_text
M4-FUNG-0372:R001,M4-FUNG-0372,R001,,,,M. roreri PKS locus → HEx assembly/expression in S. cerevisiae → orsellinic acid (NMR confirmed),,,31,unreviewed_text
M4-FUNG-0373:R001,M4-FUNG-0373,R001,,,,"P. strigosozonata PKS16 locus → HEx yeast expression → compounds 7/8 → unexpected N,S-bis-acylated amino-acid chemistry without NRPS",,,31,unreviewed_text
M4-FUNG-0374:R001,M4-FUNG-0374,R001,,,,H. pinastri PKS locus → HEx yeast expression → methyl (2S)-4-methyl-2-(octanoylamino)pentanoate,,,23,unreviewed_text
M4-FUNG-0375:R001,M4-FUNG-0375,R001,,,,E. pusillum PKS23 locus → HEx yeast expression → HEx-pks23 polyketide feature,,,23,unreviewed_text
M4-FUNG-0376:R001,M4-FUNG-0376,R001,,,,T. virens TC1 locus → HEx transcriptional access in yeast → HEx-tc1 terpene products,,,23,unreviewed_text
M4-FUNG-0377:R001,M4-FUNG-0377,R001,,,,"GGPP --DenTC3→ (-)-cyatha-3,12-diene",,,23,unreviewed_text
M4-FUNG-0378:R001,M4-FUNG-0378,R001,,,,GGPP --SteTC1→ (-)-(R)-nephthenol,,,23,unreviewed_text
M4-FUNG-0379:R001,M4-FUNG-0379,R001,,,,GGPP --PunTC→ ent-kauran-16α-ol,,,23,unreviewed_text
M4-FUNG-0380:R001,M4-FUNG-0380,R001,,,,GGPP --SerTC→ ent-kauran-16α-ol,,,23,unreviewed_text
M4-FUNG-0381:R001,M4-FUNG-0381,R001,,,,maleidride monomers → deoxyscytalidin --ZopL9→ 5-hydroxy-deoxyscytalidin → deoxyzopfiellin → zopfiellin,,,23,unreviewed_text
M4-FUNG-0382:R001,M4-FUNG-0382,R001,,,,shared maleidride pathway → deoxyscytalidin --ScyL2 6-hydroxylation→ scytalidin,,,23,unreviewed_text
M4-FUNG-0383:R001,M4-FUNG-0383,R001,,,,deoxyscytalidin → 5-hydroxy-deoxyscytalidin --ZopL9/ring contraction→ deoxyzopfiellin → zopfiellin,,,23,unreviewed_text
M4-FUNG-0384:R001,M4-FUNG-0384,R001,,,,"FPP --AneC→ dauca-4,7-diene --AneF→ oxidized C-12 intermediate --AneD→ C-10-hydroxylated intermediate --AneG→ aculene D scaffold → aculene congeners.",,,23,unreviewed_text
M4-FUNG-0385:R001,M4-FUNG-0385,R001,,,,tryptophan + D-phenyllactic-acid-derived building block --core NRPS→ acu-dioxomorpholine scaffold.,,,23,unreviewed_text
M4-FUNG-0386:R001,M4-FUNG-0386,R001,,,,PKS-centered locus + transferase-associated tailoring → AKML A/B/C/D macrolide family.,,,23,unreviewed_text
M4-FUNG-0387:R001,M4-FUNG-0387,R001,,,,transferase-homologue-guided locus selection → PKS macrolide scaffold → CIML congener family.,,,23,unreviewed_text
M4-FUNG-0388:R001,M4-FUNG-0388,R001,,,,acetyl/malonyl-derived polyketide --6-MSA synthase→ 6-MSA → aculinic-acid/aculin branch.,,,23,unreviewed_text
M4-FUNG-0389:R001,M4-FUNG-0389,R001,,,,TolA hybrid assembly → 4-hydroxypyridone core --TolB/TolD oxidative tailoring with TolC redox support→ tolypyridone C.,,,23,unreviewed_text
M4-FUNG-0390:R001,M4-FUNG-0390,R001,,,,Fub1/Fub8 aliphatic aldehyde branch + O-acetyl-L-homoserine-derived partner --Fub7→ cyclic intermediate --Fub9 oxidation→ fusaric-acid picolinic scaffold.,,,23,unreviewed_text
M4-FUNG-0391:R001,M4-FUNG-0391,R001,,,,ergot-alkaloid precursor pathway → NRPS-mediated peptide assembly/tailoring → ergotamine.,,,23,unreviewed_text
M4-FUNG-0392:R001,M4-FUNG-0392,R001,,,,VirA reduced polyketide → SDR-mediated selective reoxidation → aldol/aromatization → salicylaldehyde intermediates → oxidative tailoring → trichoxide.,,,23,unreviewed_text
M4-FUNG-0393:R001,M4-FUNG-0393,R001,,,,PKS salicylaldehyde → temporary salicyl-alcohol reduction → prenylation/tailoring → reoxidation → flavoglaucin.,,,23,unreviewed_text
M4-FUNG-0394:R001,M4-FUNG-0394,R001,,,,plant infection state → ACE1 cluster expression/activity → hybrid PKS-NRPS chemistry → host resistance recognition/avirulence phenotype.,,,23,unreviewed_text
M4-FUNG-0395:R001,M4-FUNG-0395,R001,,,,cluster-local regulator overexpression → pathway transcriptional access → polyketide biosynthesis → 8-methyldiaporthin.,,,23,unreviewed_text
M4-FUNG-0396:R001,M4-FUNG-0396,R001,,,,DiaA/DiaB precursor formation → AoiQ gem-dichlorination → deacetylation/DiaC reduction → AoiQ methylation and downstream tailoring → dichlorodiaporthin.,,,23,unreviewed_text
M4-FUNG-0397:R001,M4-FUNG-0397,R001,,,,"PpsA/PpsB-dependent pathway → 4'-hydroxy-3'-methoxypropiophenone → PpsC-associated hydroxylation step → 2,4'-dihydroxy-3'-methoxypropiophenone.",,,23,unreviewed_text
M4-FUNG-0398:R001,M4-FUNG-0398,R001,,,,PKS-NRPS hybrid scaffold → cooperative small-protein/oxidoreductase/lipocalin cyclophane closure → exo-specific cycloaddition → pyrrocidine/GKK1032-family architecture.,,,23,unreviewed_text
M4-FUNG-0399:R001,M4-FUNG-0399,R001,,,,Ba17a HRPKS → PBA + BAA; Ba17a + Ba17b → increased BAA + BAB.,,,23,unreviewed_text
M4-FUNG-0400:R001,M4-FUNG-0400,R001,,,,fungal pigment PKS → Ywa1 naphthopyrone pigment → increased UV-C protection in Paecilomyces variotii.,,,23,unreviewed_text
M4-FUNG-0401:R001,M4-FUNG-0401,R001,,,,NRPS-derived precursor → P450-mediated stereoselective ring expansion → oxepin-containing oxepinamide D.,,,23,unreviewed_text
M4-FUNG-0402:R001,M4-FUNG-0402,R001,,,,biruloquinone-producing chemotype → coordinated brq1-brq6 expression with PKS21/brq5 → proposed phenanthraquinone pathway.,,,23,unreviewed_text
M4-FUNG-0403:R001,M4-FUNG-0403,R001,,,,Gα-dependent expression state / DibT regulation → pks8-cluster transcription → dibenzodioxocinone/penicillide-family production.,,,23,unreviewed_text
M4-FUNG-0404:R001,M4-FUNG-0404,R001,,,,prenyl precursor --TpcA→ preterpestacin I --TpcB/TpcC→ tri-hydroxylated intermediates --TpcD→ α-diketone → terpestacin.,,,23,unreviewed_text
M4-FUNG-0405:R001,M4-FUNG-0405,R001,,,,Hsub99 candidate locus --homology/comparative production→ Hfas344 locus; Hfas344 atypical sesquiterpene synthase --heterologous expression→ caryophyllene-related scaffold(s); + adjacent FAD oxidase → oxidized cariolan/caryophyllane derivatives → proposed downstream route toward naematolin.,,,24,unreviewed_text
M4-FUNG-0406:R001,M4-FUNG-0406,R001,,,,Amesia nigricolor chemical occurrence --supports organism-level provenance→ chaetoconvosin/chamiside family; historical BGC0002247 --retired canonical association→ mixed PKS/NRPS product set.,,,23,unreviewed_text
M4-FUNG-0407:R001,M4-FUNG-0407,R001,,,,flv terpene/NRPS machinery --heterologous expression and stepwise enzyme action→ flavunoidine scaffold.,,,23,unreviewed_text
M4-FUNG-0408:R001,M4-FUNG-0408,R001,,,,polyketide precursor --ApmlA→ extended chain --ApmlB-mediated release/macrocyclization→ phaeospelide A.,,,23,unreviewed_text
M4-FUNG-0409:R001,M4-FUNG-0409,R001,,,,TtcA hybrid PKS-NRPS --required for→ triticones A-F + related metabolite family; ttcA deletion --does not visibly reduce→ pathogenicity in tested assay.,,,23,unreviewed_text
M4-FUNG-0410:R001,M4-FUNG-0410,R001,,,,AstN five-module NRPS + cluster precursor functions --proposed assembly→ astin cyclic pentapeptides; axenic culture --demonstrates→ fungal production without plant tissue.,,,23,unreviewed_text
M4-FUNG-0411:R001,M4-FUNG-0411,R001,,,,δ6-protoilludene → illudin C/c3-like intermediates → prebovistol → proposed hetero-Diels-Alder-type dimerization → bovistol products.,,,23,unreviewed_text
M4-FUNG-0412:R001,M4-FUNG-0412,R001,,,,SvioA-derived polyketide → reductive/methylative/oxidative tailoring by Svio-associated enzymes → semivioxanthin-related intermediates → proposed waikikiamide products.,,,23,unreviewed_text
M4-FUNG-0413:R001,M4-FUNG-0413,R001,,,,indole-associated precursor assembly + prenylation/oxidative tailoring → notoamide F/related metabolites → chemical overlap with waikikiamide-associated metabolite network.,,,23,unreviewed_text
M4-FUNG-0414:R001,M4-FUNG-0414,R001,,,,lij PKS-centered locus --genome-mining/natural-product association→ azaphilone polyketide lijiquinone.,,,23,unreviewed_text
M4-FUNG-0415:R001,M4-FUNG-0415,R001,,,,tryptophan --FscD/FscH and hydroxylation chemistry→ kynurenine/4-hydroxykynurenine-derived intermediate --FscG prenylation + redox tailoring→ fusarochromene/fusarochromanone family.,,,23,unreviewed_text
M4-FUNG-0416:R001,M4-FUNG-0416,R001,,,,torachrysone-8-O-methyl ether --ShwC oxidative coupling→ rufoschweinitzin + alloschweinitzin.,,,23,unreviewed_text
M4-FUNG-0417:R001,M4-FUNG-0417,R001,,,,polyketide precursor --ShmA→ preshimalactone --ShmB epoxidation→ reactive epoxide → non-enzymatic oxabicycle/8π-6π cascade → shimalactones A/B.,,,23,unreviewed_text
M4-FUNG-0418:R001,M4-FUNG-0418,R001,,,,cluster PKS-derived hydroxy-fatty acid + amino-acid building blocks --NRPS/acyl-CoA-ligase assembly→ cyclic depsipeptides beauveriolide I and III.,,,23,unreviewed_text
M4-FUNG-0419:R001,M4-FUNG-0419,R001,,,,FPP --BraA→ brasilane alcohol --BraB + UDP-GlcNAc→ glycoside --BraC sequential oxidation/epoxidation→ oxygenated brasilane glycosides.,,,23,unreviewed_text
M4-FUNG-0420:R001,M4-FUNG-0420,R001,,,,Luc5-derived PKS-NRPS precursor --Luc2/Luc3 oxidative tailoring→ prelucilactaene intermediates --Luc1 methylation and additional chemistry→ lucilactaene/NG-391 family.,,,23,unreviewed_text
M4-FUNG-0421:R001,M4-FUNG-0421,R001,,,,decanoyl-CoA --SpofasA/B + SpoE/SpoL/SpoK→ octyl itaconic acid --SpoG + SpoH/SpoJ→ sporothriolide; sporothriolide + trienylfuranol A → non-enzymatic sporochartines.,,,23,unreviewed_text
M4-FUNG-0422:R001,M4-FUNG-0422,R001,,,,A. faecalis B001 presence → elevated fungal spm12/spm13 expression and spiromarmycin production; acetate units --Spm13/Spm12 proposed iterative PKS sequence→ spiromarmycin scaffold.,,,23,unreviewed_text
M4-FUNG-0423:R001,M4-FUNG-0423,R001,,,,L-Phe-derived piperazine scaffold --oxidation/methylation→ hancockiamide D --Hkm11 + trans-cinnamate→ hancockiamide A --Hkm5/Hkm3 tailoring→ methylenedioxy/acetylated hancockiamides.,,,23,unreviewed_text
M4-FUNG-0424:R001,M4-FUNG-0424,R001,,,,polyketide units --Atr1→ 4-O-demethylbarbatic acid --Atr2 C-9 oxidation→ proatranorin II/III --Atr3 carboxyl methylation→ atranorin.,,,23,unreviewed_text
M4-FUNG-0425:R001,M4-FUNG-0425,R001,,,,FPP --DrtB→ drimenol --DrtD/DrtC→ oxidized/lactonized drimane scaffold; DrtA/DrtF produce tailored polyketide acyl chains --DrtE→ drimane sesquiterpene esters including calidoustenes.,,,23,unreviewed_text
M4-FUNG-0426:R001,M4-FUNG-0426,R001,BGC0002267 / cluster B,collaborates_with,physically separate cluster A,,S002,Functional product attribution spans both loci.,153,mapped_triplet
M4-FUNG-0426:R002,M4-FUNG-0426,R002,ATEG_07659 + ATEG_07661,construct_branch_precursor_for,preasperpyranone branch,,S004,Heterologous branch reconstruction; native regulatory inference kept separate.,154,mapped_triplet
M4-FUNG-0426:R003,M4-FUNG-0426,R003,three transcription factors,coordinate_expression_of,two-cluster azasperpyranone programme,,S002; S004,Cross-cluster transcriptional crosstalk.,155,mapped_triplet
M4-FUNG-0427:R001,M4-FUNG-0427,R001,PfpA,assembles,initial hybrid PKS-NRPS 2-pyridone precursor,,,,157,mapped_triplet
M4-FUNG-0427:R002,M4-FUNG-0427,R002,PfpB,ring_expands,PfpA-derived pyridone intermediate,,,,158,mapped_triplet
M4-FUNG-0427:R003,M4-FUNG-0427,R003,PfpC,reduces_then_enables_dehydration_to,ortho-quinone-methide intermediate,,,,159,mapped_triplet
M4-FUNG-0427:R004,M4-FUNG-0427,R004,ortho-quinone-methide intermediate,branches_nonenzymatically_and_enzymatically_to,"citridone A, tersone D and related scaffolds",,,,160,mapped_triplet
M4-FUNG-0427:R005,M4-FUNG-0427,R005,late pfp P450 activity,epoxidizes_and_rearranges_toward,citridone B/B' quaternary-carbon scaffold,,,,161,mapped_triplet
M4-FUNG-0427:R006,M4-FUNG-0427,R006,PfpD; PfpE,annotated_as,additional cytochrome P450 tailoring enzymes,,,,162,mapped_triplet
M4-FUNG-0427:R007,M4-FUNG-0427,R007,PfpF,annotated_as,MFS transporter,,,,163,mapped_triplet
M4-FUNG-0427:R008,M4-FUNG-0427,R008,PfpG,annotated_as,transcription factor,,,,164,mapped_triplet
M4-FUNG-0428:R001,M4-FUNG-0428,R001,mca17 regulator overexpression,activates,MCA17-1 production,,S003,Direct genetic activation.,153,mapped_triplet
M4-FUNG-0428:R002,M4-FUNG-0428,R002,hybrid PKS-NRPS core,proposed_to_build,MCA17-1 scaffold,,S003,Structure-based pathway proposal.,154,mapped_triplet
M4-FUNG-0429:R001,M4-FUNG-0429,R001,SwnA/SwnR and unclustered routes,supply,pipecolic acid,,S003,Branched precursor supply.,153,mapped_triplet
M4-FUNG-0429:R002,M4-FUNG-0429,R002,SwnK,converts,pipecolate into indolizidine intermediates,,S003,Domain skipping produces multiple branches.,154,mapped_triplet
M4-FUNG-0429:R003,M4-FUNG-0429,R003,SwnH1/SwnH2,oxidize,late intermediates toward swainsonine,,S003,Deletion abolishes final SW.,155,mapped_triplet
M4-FUNG-0430:R001,M4-FUNG-0430,R001,atqA,required_for,asterriquinone CT5 production,,S003,Direct knockout attribution.,153,mapped_triplet
M4-FUNG-0431:R001,M4-FUNG-0431,R001,anaPS,required_for,asterrelenin / epi-aszonalenin A family production,,S003,Direct knockout attribution.,153,mapped_triplet
M4-FUNG-0432:R001,M4-FUNG-0432,R001,BtyA,required_for,butyrolactone I / III family production,,S003,Direct knockout attribution.,153,mapped_triplet
M4-FUNG-0432:R002,M4-FUNG-0432,R002,BtyA adenylation domain,predicted_to_accept,4-hydroxyphenylpyruvate,,S002; S005,Structure-based/database-supported inference.,154,mapped_triplet
M4-FUNG-0433:R001,M4-FUNG-0433,R001,ApvA,required_for,aspulvinone H / B1 production,,S003,Direct knockout attribution.,153,mapped_triplet
M4-FUNG-0433:R002,M4-FUNG-0433,R002,ApvA adenylation domain,predicted_to_accept,4-hydroxyphenylpyruvate,,S002,Structure-based inference.,154,mapped_triplet
M4-FUNG-0434:R001,M4-FUNG-0434,R001,AnATPKS,assembles,amino-acid-derived α-pyrone scaffold,,S003,Heterologous and biochemical evidence.,153,mapped_triplet
M4-FUNG-0434:R002,M4-FUNG-0434,R002,AnOMT,methylates,pyrophen pathway intermediates,,S003,Purified-enzyme evidence.,154,mapped_triplet
M4-FUNG-0434:R003,M4-FUNG-0434,R003,phenylalanine analogue feeding,redirects,substituted pyrophen analogue output,,S003,Substrate programmability.,155,mapped_triplet
M4-FUNG-0435:R001,M4-FUNG-0435,R001,ATRR,reduces,glycine betaine → glycine betaine aldehyde → choline,,S003,Direct biochemical characterization.,153,mapped_triplet
M4-FUNG-0435:R002,M4-FUNG-0435,R002,choline supplementation,rescues,Δatrr betaine-challenge growth phenotype,,S003,Chemical complementation.,154,mapped_triplet
M4-FUNG-0436:R001,M4-FUNG-0436,R001,GreA,condenses,2 × 4-hydroxyphenylpyruvate → atromentin,,S003,Direct enzyme chemistry.,153,mapped_triplet
M4-FUNG-0436:R002,M4-FUNG-0436,R002,GreA adenylation domain,accepts,4-hydroxyphenylpyruvate; phenylpyruvate,,S002; S003,ATP-PPi exchange evidence.,154,mapped_triplet
M4-FUNG-0437:R001,M4-FUNG-0437,R001,PbhdaA deletion,derepresses,brs transcription and brasiliamide I production,,S003,Epigenetic access relationship.,153,mapped_triplet
M4-FUNG-0437:R002,M4-FUNG-0437,R002,BrsA,selects_and_assembles,L-phenylalanine-derived piperazine scaffold,,S003,Direct biochemical/core genetic support.,154,mapped_triplet
M4-FUNG-0437:R003,M4-FUNG-0437,R003,BrsJ,cleaves,piperazine ring toward brasiliamide A,,S003,α-KG-dependent nonheme-iron dioxygenase reaction.,155,mapped_triplet
M4-FUNG-0437:R004,M4-FUNG-0437,R004,brsH / brsD deletion,alters,brasiliamide congener profile,,S003,Pathway participation direct; exact steps unresolved.,156,mapped_triplet
M4-FUNG-0438:R001,M4-FUNG-0438,R001,Omp6 enzyme,cyclizes,FPP → δ-6 protoilludene,,S003,Historical locus-pair evidence.,153,mapped_triplet
M4-FUNG-0438:R002,M4-FUNG-0438,R002,Omp7 enzyme,cyclizes,FPP → δ-6 protoilludene,,S003,Historical locus-pair evidence.,154,mapped_triplet
M4-FUNG-0438:R003,M4-FUNG-0438,R003,Omp6/Omp7 loci,show,duplicated protoilludene-synthase programme with distinct neighboring tailoring repertoires,,S003,Relevant to pathway diversification.,155,mapped_triplet
M4-FUNG-0439:R001,M4-FUNG-0439,R001,Omp6 enzyme,cyclizes,FPP → δ-6 protoilludene,,S003,Historical locus-pair evidence.,153,mapped_triplet
M4-FUNG-0439:R002,M4-FUNG-0439,R002,Omp7 enzyme,cyclizes,FPP → δ-6 protoilludene,,S003,Historical locus-pair evidence.,154,mapped_triplet
M4-FUNG-0439:R003,M4-FUNG-0439,R003,Omp6/Omp7 loci,show,duplicated protoilludene-synthase programme with distinct neighboring tailoring repertoires,,S003,Relevant to pathway diversification.,155,mapped_triplet
M4-FUNG-0440:R001,M4-FUNG-0440,R001,SmbA + SmbB,assemble,early tetramic/pyridone scaffold,,S003,Stepwise heterologous reconstruction.,153,mapped_triplet
M4-FUNG-0440:R002,M4-FUNG-0440,R002,SmbE,enables,C11 hydroxylation → tetrahydropyran ring formation,,S003,Mechanistic oxidation/ring-closure relationship.,154,mapped_triplet
M4-FUNG-0440:R003,M4-FUNG-0440,R003,SmbF,hydroxylates,phenylalanine-derived side chain at para position,,S003,Late-stage P450 oxidation.,155,mapped_triplet
M4-FUNG-0440:R004,M4-FUNG-0440,R004,SmbG,N-methylates,N-demethylsambutoxin → sambutoxin,,S003,Final step.,156,mapped_triplet
M4-FUNG-0441:R001,M4-FUNG-0441,R001,bisA-bisK programme,produces,biscognienyne/eutypinic-acid pathway outputs,,S003,Heterologous reconstruction.,153,mapped_triplet
M4-FUNG-0441:R002,M4-FUNG-0441,R002,BisI,alkynylates,prenyl chains,,S003,Direct P450 chemistry.,154,mapped_triplet
M4-FUNG-0441:R003,M4-FUNG-0441,R003,BisI,accepts,C5 and C15 prenyl-chain substrates,,S003,Substrate-promiscuity relationship.,155,mapped_triplet
M4-FUNG-0441:R004,M4-FUNG-0441,R004,precursor feeding,redirects/reveals,bis pathway intermediate and branch products,,S003,Used for pathway-order inference.,156,mapped_triplet
M4-FUNG-0442:R001,M4-FUNG-0442,R001,AshP,produces,γ-naphthopyrone coupling substrate,,S002; S003,PKS scaffold relationship.,153,mapped_triplet
M4-FUNG-0442:R002,M4-FUNG-0442,R002,AshL,oxidatively_couples,γ-naphthopyrones → axially chiral dimer,,S003,Direct laccase chemistry.,154,mapped_triplet
M4-FUNG-0442:R003,M4-FUNG-0442,R003,laccase identity/reaction conditions,control,M/P atropisomeric outcome,,S003,Comparative enzyme result.,155,mapped_triplet
M4-FUNG-0443:R001,M4-FUNG-0443,R001,PvhA + PvhC,produce,reactive acyclic precursor 3,,S003,Core assembly.,153,mapped_triplet
M4-FUNG-0443:R002,M4-FUNG-0443,R002,PvhE,deactivates,3 → carboxylated 6,,S003,Suppresses spontaneous trans-IMDA.,154,mapped_triplet
M4-FUNG-0443:R003,M4-FUNG-0443,R003,PvhD,methylates,6 → 7,,S003,Creates preferred PvhB substrate.,155,mapped_triplet
M4-FUNG-0443:R004,M4-FUNG-0443,R004,PvhB,cyclizes,6/7 → cis-decalin varicidin products,,S003,Final enzyme-controlled IMDA.,156,mapped_triplet
M4-FUNG-0444:R001,M4-FUNG-0444,R001,Pc20g10860,cyclizes,GGPP → deoxyconidiogenol,,S003,Direct enzyme mechanism.,153,mapped_triplet
M4-FUNG-0444:R002,M4-FUNG-0444,R002,Pc20g10870,oxidizes,deoxyconidiogenol → conidiogenone,,S003,Two rounds of oxidation.,154,mapped_triplet
M4-FUNG-0444:R003,M4-FUNG-0444,R003,conidiogenone,historically_induces,conidiation in P. cyclopium,,S003,Not direct P. rubens phenotype evidence.,155,mapped_triplet
M4-FUNG-0445:R001,M4-FUNG-0445,R001,Snf2 activity,supports transcription of,PUL1-PUL3,,S003,Direct transcriptomic and complementation evidence.,153,mapped_triplet
M4-FUNG-0445:R002,M4-FUNG-0445,R002,snf2 loss-of-function,abolishes detectable,cyclo(Leu-Leu) / pulcherriminic acid metabolite set,,S003,UPLC-HR-HESI-MS genotype comparison.,154,mapped_triplet
M4-FUNG-0445:R003,M4-FUNG-0445,R003,pulcherriminic acid,chelates Fe(III) to form,pulcherrimin pigment,,S003,Chemical relationship; native export route remains unresolved.,155,mapped_triplet
M4-FUNG-0445:R004,M4-FUNG-0445,R004,SNF2 complementation,restores,pigmentation and strong antifungal phenotype,,S003,Regulatory causality is stronger than pathway-specific antifungal causality.,156,mapped_triplet
M4-FUNG-0446:R001,M4-FUNG-0446,R001,MelA,converts,4-hydroxyphenylpyruvate → aspulvinone E,,S003; S005,Direct biochemical core step.,154,mapped_triplet
M4-FUNG-0446:R002,M4-FUNG-0446,R002,TyrP,oxidatively_activates,aspulvinone E → reactive oxidized species,,S003,Tyrosinase-dependent.,155,mapped_triplet
M4-FUNG-0446:R003,M4-FUNG-0446,R003,reactive TyrP products,spontaneously_polymerize_into,Asp-melanin,,S003,Polymerization follows enzymatic activation.,156,mapped_triplet
M4-FUNG-0446:R004,M4-FUNG-0446,R004,Asp-melanin,protects_against,UV stress,,S003,Native conidial phenotype.,157,mapped_triplet
M4-FUNG-0446:R005,M4-FUNG-0446,R005,Asp-melanin,reduces,soil-amoeba phagocytosis,,S003,Does not block phagolysosomal acidification.,158,mapped_triplet
M4-FUNG-0447:R001,M4-FUNG-0447,R001,ctdQ,required_for,21R-citrinadin A biosynthesis,,S003,Native deletion abolishes product.,152,mapped_triplet
M4-FUNG-0447:R002,M4-FUNG-0447,R002,CtdU,prenylates,citrinadin intermediate at C7,,S003,Mutant metabolite evidence.,153,mapped_triplet
M4-FUNG-0447:R003,M4-FUNG-0447,R003,CtdE,spirocyclizes,bicyclo[2.2.2]diazaoctane PIA intermediates → 3S-spirooxindoles,,S003,Direct enzyme and structural mechanism.,154,mapped_triplet
M4-FUNG-0447:R004,M4-FUNG-0447,R004,aetokthonotoxin,belongs_to,"cyanobacterial BGC0002643, not fungal BGC0002368",,S005,Cross-record correction.,155,mapped_triplet
M4-FUNG-0448:R001,M4-FUNG-0448,R001,Cladosporium sp. SW67,produces,cladosporiumins I/J,,S003,Direct isolation.,153,mapped_triplet
M4-FUNG-0448:R002,M4-FUNG-0448,R002,clsI + clsK,putatively_contribute_to,tetramic-acid metabolite biosynthesis,,S003; S004,Correlative candidate relationship.,154,mapped_triplet
M4-FUNG-0449:R001,M4-FUNG-0449,R001,SubA/SubC/SubD plus conserved SubB/SubE classes,assemble,common DDP intermediate 4,,S003,Stepwise heterologous reconstruction.,151,mapped_triplet
M4-FUNG-0449:R002,M4-FUNG-0449,R002,SubF/DpmaF,oxidatively_tailors,common DDP intermediate → subglutinols A/B,,S003,BBE-domain branch enzyme.,152,mapped_triplet
M4-FUNG-0449:R003,M4-FUNG-0449,R003,subglutinol A,inhibits,Drosophila DL-1 cell growth,,S003,IC50 12 nM.,153,mapped_triplet
M4-FUNG-0449:R004,M4-FUNG-0449,R004,subglutinol A injection,causes,acute adult-Drosophila paralysis/unmoving phenotype,,S003,3.5 ng/fly; virulence interpretation remains inferential.,154,mapped_triplet
M4-FUNG-0450:R001,M4-FUNG-0450,R001,dpfgA-E,build,common decalin-containing diterpenoid-pyrone core,,S003,NR-PKS/prenyl/oxidative/cyclization core.,151,mapped_triplet
M4-FUNG-0450:R002,M4-FUNG-0450,R002,dpfgG/dpfgH,invert,C8 stereochemistry by sequential oxidation/reduction,,S003,,152,mapped_triplet
M4-FUNG-0450:R003,M4-FUNG-0450,R003,dpfgI/dpfgJ/dpfgK,tailor,late FDDP intermediates → FDDP-D/E,,S003,,153,mapped_triplet
M4-FUNG-0450:R004,M4-FUNG-0450,R004,C16 PKS/terpene-synthase integrity,is_required_for,native FDDP-D/E production,,S004,CRISPR-Cas9 evidence.,154,mapped_triplet
M4-FUNG-0451:R001,M4-FUNG-0451,R001,dpchA-E core,builds,common decalin-containing diterpenoid-pyrone intermediate,,S003,,151,mapped_triplet
M4-FUNG-0451:R002,M4-FUNG-0451,R002,DpchG/DpchH,invert,C8 stereochemistry,,S003,,152,mapped_triplet
M4-FUNG-0451:R003,M4-FUNG-0451,R003,DpchF,converts,late dpch intermediate → higginsianin A,,S003,,153,mapped_triplet
M4-FUNG-0451:R004,M4-FUNG-0451,R004,CclA loss,derepresses,broader higginsianin/secondary-metabolite output,,S004,Global chromatin-state effect.,154,mapped_triplet
M4-FUNG-0451:R005,M4-FUNG-0451,R005,higginsianin B,inhibits,JAZ degradation / JA-Ile signalling,,S006,,155,mapped_triplet
M4-FUNG-0452:R001,M4-FUNG-0452,R001,P. chartarum spores,contain,sporidesmin-family toxins,,S003; S005,,151,mapped_triplet
M4-FUNG-0452:R002,M4-FUNG-0452,R002,sporidesmin A exposure,causes,facial eczema/pithomycotoxicosis in grazing ruminants,,S003; S005,,152,mapped_triplet
M4-FUNG-0452:R003,M4-FUNG-0452,R003,Spd candidate locus,is_homologous_to,characterized fungal ETP biosynthetic clusters,,S003,"Comparative-genomic relationship, not causal chemistry.",153,mapped_triplet
M4-FUNG-0453:R001,M4-FUNG-0453,R001,Pro1,cyclizes,FPP → 6-protoilludene,,S003; S005,Pathway-committing step.,153,mapped_triplet
M4-FUNG-0453:R002,M4-FUNG-0453,R002,CYP-Arm3,8α-hydroxylates,6-protoilludene → 8α-hydroxy-6-protoilludene,,S003,Direct branch-defining chemistry.,154,mapped_triplet
M4-FUNG-0453:R003,M4-FUNG-0453,R003,CYP-Arm2,weakly transforms,6-protoilludene → unresolved polar product,,S003,Product not fully identified.,155,mapped_triplet
M4-FUNG-0453:R004,M4-FUNG-0453,R004,complete armillyl-orsellinate programme,extends beyond,BGC0002445 five-gene early module,,S003,Distributed pathway/boundary interpretation.,156,mapped_triplet
M4-FUNG-0454:R001,M4-FUNG-0454,R001,BsPS/Ssk6,synthesizes,preterpestacin I scaffold,,S003,Direct BFTS chemistry.,153,mapped_triplet
M4-FUNG-0454:R002,M4-FUNG-0454,R002,ssk6 deletion,disrupts,native preterpestacin-derived metabolite programme,,S003,Native causal evidence.,154,mapped_triplet
M4-FUNG-0454:R003,M4-FUNG-0454,R003,ssk4 glycosyltransferase candidate,is associated with,glycosylated terpestacin branch,,S003,"Genomic/metabolite association, not isolated enzyme assay.",155,mapped_triplet
M4-FUNG-0454:R004,M4-FUNG-0454,R004,selected downstream congeners,inhibit,LPS-induced NO production in RAW264.7 cells,,S003,Does not imply scaffold or ecological activity.,156,mapped_triplet
M4-FUNG-0455:R001,M4-FUNG-0455,R001,MPAS/CuPKS1,is_proposed_to_synthesize,methylphloracetophenone precursor,,S003,Domain/pathway prediction.,153,mapped_triplet
M4-FUNG-0455:R002,M4-FUNG-0455,R002,MPAO,is_proposed_to_oxidatively_dimerize,methylphloracetophenone toward usnic acid,,S003; S006,Literature-derived annotation; no direct C. uncialis catalytic assay.,154,mapped_triplet
M4-FUNG-0455:R003,M4-FUNG-0455,R003,intact lichen state,co-occurs_with,mpas/mpao transcription and usnic-acid detection,,S003,Native contextual association.,155,mapped_triplet
M4-FUNG-0456:R001,M4-FUNG-0456,R001,pen cluster,is_candidate_source_of,"α,β-polysulfide ETP family",,S002; S003,Genome/homology association.,153,mapped_triplet
M4-FUNG-0456:R002,M4-FUNG-0456,R002,PenP,is_proposed_to_assemble,Phe-derived diketopiperazine scaffold,,S003,No direct enzyme assay.,154,mapped_triplet
M4-FUNG-0456:R003,M4-FUNG-0456,R003,isolated ETP congeners,interconvert_nonenzymatically,adametizine/penigainamide/FA2097-related states,,S003,Direct chemical experiments.,155,mapped_triplet
M4-FUNG-0456:R004,M4-FUNG-0456,R004,adametizine A,shows,selective cytotoxicity and mild antiaging activity,,S003,Compound-specific phenotype.,156,mapped_triplet
M4-FUNG-0457:R001,M4-FUNG-0457,R001,G9 FUM-cluster haplotype,segregates_with,fumonisin-producing progeny,,S003,Direct linkage.,153,mapped_triplet
M4-FUNG-0457:R002,M4-FUNG-0457,R002,FUM21,positively_regulates,FUM6/FUM8/FUM10 transcription,,S003,Direct complementation/readout.,154,mapped_triplet
M4-FUNG-0457:R003,M4-FUNG-0457,R003,FUM21 defect + FUM7-region defect,jointly_cause,G1 fumonisin nonproduction,,S003,Distributed natural loss-of-function.,155,mapped_triplet
M4-FUNG-0457:R004,M4-FUNG-0457,R004,FUM cluster,produces,fumonisin B1/B2/B3,,S001; S003,Native genetics plus quantitative recovery.,156,mapped_triplet
M4-FUNG-0458:R001,M4-FUNG-0458,R001,XenE + XenG,assemble,tyrosine-nonaketide skeleton,,S003,Core assembly.,151,mapped_triplet
M4-FUNG-0458:R002,M4-FUNG-0458,R002,XenA,dehydrates,skeleton → pyrrolidinone intermediate,,S003,Direct pathway step.,152,mapped_triplet
M4-FUNG-0458:R003,M4-FUNG-0458,R003,XenF,rearranges,precursor → cyclohexane intermediate,,S003,Sigmatropic rearrangement.,153,mapped_triplet
M4-FUNG-0458:R004,M4-FUNG-0458,R004,XenD,oxidizes,XenF product → XenC substrate,,S003,Late-stage oxidation.,154,mapped_triplet
M4-FUNG-0458:R005,M4-FUNG-0458,R005,XenC,forms,para-cyclophane ether preceding spontaneous Diels-Alder closure,,S003,Separates enzyme-controlled ether closure from spontaneous final cyclization.,155,mapped_triplet
M4-FUNG-0459:R001,M4-FUNG-0459,R001,SpoP/SpoM pathway arm,forms,methylated naphthalene coupling precursor,,S003; S006,Pre-coupling pathway chemistry.,157,mapped_triplet
M4-FUNG-0459:R002,M4-FUNG-0459,R002,SpoL + SpoF,selectively_couple,naphthalene precursor → sporandol,,S003,Partner-dependent oxidative phenol coupling.,158,mapped_triplet
M4-FUNG-0460:R001,M4-FUNG-0460,R001,purple C. macilenta chemotype,coexpresses_with,brq1–brq6 and biruloquinone-producing phenotype,,S003,"Transcript–metabolite association, not causal pathway proof.",153,mapped_triplet
M4-FUNG-0460:R002,M4-FUNG-0460,R002,brq5 / PKS21,candidate_assembles,biruloquinone polyketide precursor,,S003,Proposed NR-PKS scaffold step; no direct enzymology.,154,mapped_triplet
M4-FUNG-0460:R003,M4-FUNG-0460,R003,brq3 / brq4,predicted_tailor,methylation and oxidation steps in proposed biruloquinone biosynthesis,,S003,Annotation and coexpression only.,155,mapped_triplet
M4-FUNG-0460:R004,M4-FUNG-0460,R004,brq2,may_export,biruloquinone or a pathway metabolite,,S003,Authors' transporter hypothesis; no direct transport assay.,156,mapped_triplet
M4-FUNG-0491:R001,M4-FUNG-0491,R001,Stl-TS,synthesizes,"DMAPP + IPP → stellata-2,6,19-triene",,S003,,154,mapped_triplet
M4-FUNG-0491:R002,M4-FUNG-0491,R002,Stl-P450,oxidizes,"stellata-2,6,19-triene → stellatic acid",,S003,,155,mapped_triplet
M4-FUNG-0492:R001,M4-FUNG-0492,R001,A. mulundensis Y-30462,produces,mulundocandin,,S004,Direct native product isolation.,154,mapped_triplet
M4-FUNG-0492:R002,M4-FUNG-0492,R002,BGC0002611 / KP742486.1,is associated with,mulundocandin biosynthesis,,S002; S003,Comparative BGC attribution rather than native deletion proof.,155,mapped_triplet
M4-FUNG-0492:R003,M4-FUNG-0492,R003,htyA-htyD,support,homotyrosine precursor biosynthesis,,S003,Ortholog-based functional relationship.,156,mapped_triplet
M4-FUNG-0492:R004,M4-FUNG-0492,R004,AKJ70942.1 NRPS,supports,echinocandin lipohexapeptide assembly,,S002; S003,Domain architecture and pathway phylogeny support core assembly role.,157,mapped_triplet
M4-FUNG-0493:R001,M4-FUNG-0493,R001,AndM,synthesizes,"3,5-dimethylorsellinic acid",,S003,Polyketide entry point.,154,mapped_triplet
M4-FUNG-0493:R002,M4-FUNG-0493,R002,AndD,prenylates,DMOA-derived aromatic precursor with farnesyl group,,S003,Links polyketide and terpene branches.,155,mapped_triplet
M4-FUNG-0493:R003,M4-FUNG-0493,R003,AndA,reconstructs skeleton to,andiconin bicyclo[2.2.2]octane core,,S003,Oxidative skeletal reconstruction.,156,mapped_triplet
M4-FUNG-0493:R004,M4-FUNG-0493,R004,AndF,oxidatively rearranges late intermediate to,anditomin,,S003,Late structural complexification.,157,mapped_triplet
M4-FUNG-0493:R005,M4-FUNG-0493,R005,historical Diels-Alder model,is superseded by,AndA enzyme-mediated skeletal reconstruction,,S003,Mechanistic correction from direct enzyme evidence.,158,mapped_triplet
M4-FUNG-0494:R001,M4-FUNG-0494,R001,esdpA,builds,pyrone polyketide precursor,,S003; S005,Core scaffold role.,154,mapped_triplet
M4-FUNG-0494:R002,M4-FUNG-0494,R002,esdpD,supplies,GGPP diterpene precursor,,S003; S005,Core scaffold role.,155,mapped_triplet
M4-FUNG-0494:R003,M4-FUNG-0494,R003,esdpC,links,polyketide and diterpene branches,,S003; S005,Prenylation step.,156,mapped_triplet
M4-FUNG-0494:R004,M4-FUNG-0494,R004,esdpE,epoxidizes,diterpenyl side chain before cyclization,,S003; S005,Cyclization prerequisite.,157,mapped_triplet
M4-FUNG-0494:R005,M4-FUNG-0494,R005,esdpB,cyclizes,DDP terpene moiety,,S003; S005,Forms polycyclic/decalin scaffold.,158,mapped_triplet
M4-FUNG-0494:R006,M4-FUNG-0494,R006,engineered esdp/tailoring combinations,generate,expanded DDP chemical space,,S003; S005,"Synthetic-biology relationship, not native ecology.",159,mapped_triplet
M4-FUNG-0502:R001,M4-FUNG-0502,R001,P. roridum NRRL 2183,produces,halovirs I–K,,S003,Direct native isolation.,154,mapped_triplet
M4-FUNG-0502:R002,M4-FUNG-0502,R002,PrHalA-containing candidate locus,putatively_encodes,halovir I–K biosynthesis,,S003,Bioinformatic inference only.,155,mapped_triplet
M4-FUNG-0503:R001,M4-FUNG-0503,R001,SdxC + SdxD + SdxA,heterologously_generate,ketone 12,,S003,Direct A. nidulans reconstruction.,155,mapped_triplet
M4-FUNG-0503:R002,M4-FUNG-0503,R002,SDR-mediated reduction of ketone 12,precedes,spontaneous o-QM/cation cyclization to M/P-deoxyakanthomycin,,S003,Supported by enzyme and NaBH4 control reactions.,156,mapped_triplet
M4-FUNG-0503:R003,M4-FUNG-0503,R003,SdxB,putatively_catalyzes,N-hydroxylation toward akanthomycin,,S003,Prediction only.,157,mapped_triplet
M4-FUNG-0504:R001,M4-FUNG-0504,R001,Xylaria sp. 218_066,produces,xylaroamide A,,S003,Direct native isolation.,155,mapped_triplet
M4-FUNG-0504:R002,M4-FUNG-0504,R002,candidate Xyl NRPS locus,putatively_encodes,xylaroamide A biosynthesis,,S003,Bioinformatic model only.,156,mapped_triplet
M4-FUNG-0505:R001,M4-FUNG-0505,R001,FfnC,catalyzes,phosphonoacetaldehyde -> 2-hydroxyethylphosphonic acid,,S003,Direct recombinant-enzyme evidence.,155,mapped_triplet
M4-FUNG-0505:R002,M4-FUNG-0505,R002,FfnD,catalyzes,2-hydroxyethylphosphonic acid -> (S)-epoxyethylphosphonic acid,,S003,Direct Fe(II)/2OG oxacyclase evidence.,156,mapped_triplet
M4-FUNG-0505:R003,M4-FUNG-0505,R003,FfnABCD conserved module,supports,early fosfonochlorin phosphonate biosynthesis,,S003,"Comparative module attribution, not complete pathway reconstruction.",157,mapped_triplet
M4-FUNG-0506:R001,M4-FUNG-0506,R001,Copu5,catalyzes,FPP -> (+)-δ-cadinol,,S003,Direct heterologous functional characterization.,155,mapped_triplet
M4-FUNG-0506:R002,M4-FUNG-0506,R002,MEP-pathway optimization,increases,heterologous (+)-δ-cadinol production,,S003,Production-engineering context.,156,mapped_triplet
M4-FUNG-0507:R001,M4-FUNG-0507,R001,Copu9,catalyzes,FPP -> (+)-δ-cadinol,,S003; S004,Direct heterologous and structural characterization.,155,mapped_triplet
M4-FUNG-0507:R002,M4-FUNG-0507,R002,MEP-pathway optimization,increases,heterologous (+)-δ-cadinol production,,S003,Production-engineering context.,156,mapped_triplet
M4-FUNG-0507:R003,M4-FUNG-0507,R003,CONPUDRAFT_118913,is_identical_to,Copu9 structure 7OFL,,S004,Author-deposited PDB gene identity.,157,mapped_triplet
M4-FUNG-0508:R001,M4-FUNG-0508,R001,PKS12,produces,YWA1,,S005,Native mutant evidence.,155,mapped_triplet
M4-FUNG-0508:R002,M4-FUNG-0508,R002,AurR1/GIP2,positively_regulates,aurofusarin cluster expression,,S003; S004,Deletion/complementation/overexpression evidence.,156,mapped_triplet
M4-FUNG-0508:R003,M4-FUNG-0508,R003,AurT,supports_export_of,rubrofusarin,,S005,Transport inferred from targeted replacement metabolite ratio.,157,mapped_triplet
M4-FUNG-0509:R001,M4-FUNG-0509,R001,iron deficiency,induces,mrsidA/mrsidD expression and siderophore production,,S003,Direct comparative culture evidence.,155,mapped_triplet
M4-FUNG-0509:R002,M4-FUNG-0509,R002,mrsidA,required_for,metachelins and dimerumic acids,,S003,Native knockout.,156,mapped_triplet
M4-FUNG-0509:R003,M4-FUNG-0509,R003,mrsidD,required_for,both coprogen and dimerumic-acid branches,,S003,Native knockout.,157,mapped_triplet
M4-FUNG-0510:R001,M4-FUNG-0510,R001,B. sorokiniana 11134,produces,chlorinated chromones/xanthones,,S003,Direct native isolation.,155,mapped_triplet
M4-FUNG-0510:R002,M4-FUNG-0510,R002,candidate halogenase-associated locus,putatively_encodes,BGC0002726 product family,,S003,Genome-mining inference.,156,mapped_triplet
M4-FUNG-0511:R001,M4-FUNG-0511,R001,iliA+B+C+D,sufficient_for,ilicicolin H and ilicicolin J,,S003,Direct heterologous reconstruction.,159,mapped_triplet
M4-FUNG-0512:R001,M4-FUNG-0512,R001,AneC,produces,"dauca-4,7-diene",,S003,Direct heterologous expression plus native deletion.,154,mapped_triplet
M4-FUNG-0512:R002,M4-FUNG-0512,R002,AneF,oxidizes,"dauca-4,7-diene C-12 → asperaculane D",,S003,,155,mapped_triplet
M4-FUNG-0512:R003,M4-FUNG-0512,R003,AneD,hydroxylates,asperaculane D at C-10 → asperaculane E,,S003,,156,mapped_triplet
M4-FUNG-0512:R004,M4-FUNG-0512,R004,AneG,converts,asperaculane E → aculene D via C-2 oxidation/decarboxylation,,S003,,157,mapped_triplet
M4-FUNG-0512:R005,M4-FUNG-0512,R005,AneB + AneE,adds,L-proline-derived moiety to aculene D/C → B/A,,S003,,158,mapped_triplet
M4-FUNG-0513:R001,M4-FUNG-0513,R001,srdA+C+D+E,sufficient_for,salicylic alcohol intermediate 2,,S003,,154,mapped_triplet
M4-FUNG-0513:R002,M4-FUNG-0513,R002,SrdI,converts,alcohol 2 → aldehyde 3,,S003,,155,mapped_triplet
M4-FUNG-0513:R003,M4-FUNG-0513,R003,full srd cluster,produces_in_heterologous_host,sordarial,,S003,,156,mapped_triplet
M4-FUNG-0513:R004,M4-FUNG-0513,R004,native N. crassa OR74A,production_status,sordarial UNCERTAIN / unobserved in defining study,,S003,,157,mapped_triplet
M4-FUNG-0514:R001,M4-FUNG-0514,R001,P. brasilianum HBU-136,produces,spirotryprostatin G and cyclotryprostatins,,S003,,154,mapped_triplet
M4-FUNG-0514:R002,M4-FUNG-0514,R002,candidate ctp locus,putatively_encodes,indole-diketopiperazine product family,,S003,,155,mapped_triplet
M4-FUNG-0514:R003,M4-FUNG-0514,R003,rice + 1.0% MgCl2,supports_recovery_of,eight HBU-136 IDKPs,,S003,,156,mapped_triplet
M4-FUNG-0515:R001,M4-FUNG-0515,R001,A. nanangensis MST-FP2251,produces,nanangenines,,S003,,154,mapped_triplet
M4-FUNG-0515:R002,M4-FUNG-0515,R002,putative nan cluster,putatively_encodes,nanangenine biosynthesis,,S003,,155,mapped_triplet
M4-FUNG-0515:R003,M4-FUNG-0515,R003,FE257_006542,proposed_to_form,drimane precursor chemistry,,S003,,156,mapped_triplet
M4-FUNG-0516:R001,M4-FUNG-0516,R001,ATEG_03629,produces,5-methylorsellinic acid,,S003,,154,mapped_triplet
M4-FUNG-0516:R002,M4-FUNG-0516,R002,ATEG_03630,converts,"5-methylorsellinic acid → 2,4-dihydroxy-5,6-dimethylbenzaldehyde",,S003,,155,mapped_triplet
M4-FUNG-0516:R003,M4-FUNG-0516,R003,ATEG_03629 + ATEG_03630,sufficient_for,two-step aryl-aldehyde module in yeast,,S003,,156,mapped_triplet
M4-FUNG-0517:R001,M4-FUNG-0517,R001,AtAS,produces,preaspterpenacid I,,S003,,154,mapped_triplet
M4-FUNG-0517:R002,M4-FUNG-0517,R002,AtP450,oxidizes,preaspterpenacid I at C22,,S003,,155,mapped_triplet
M4-FUNG-0517:R003,M4-FUNG-0517,R003,native A. terreus NIH2624,production_status,UNCERTAIN in defining study,,S003,,156,mapped_triplet
M4-FUNG-0518:R001,M4-FUNG-0518,R001,verA,required_for,verrucosidin production,,S003,,154,mapped_triplet
M4-FUNG-0518:R002,M4-FUNG-0518,R002,ΔverA,abolishes,verrucosidin in culture and apples,,S003,,155,mapped_triplet
M4-FUNG-0518:R003,M4-FUNG-0518,R003,cl3A deletion,does_not_affect,verrucosidin production,,S003,,156,mapped_triplet
M4-FUNG-0518:R004,M4-FUNG-0518,R004,NRRL995 dov cluster,homologous_to,X6 ver cluster,,S005,Use as homologous mechanistic context only.,157,mapped_triplet
M4-FUNG-0518:R005,M4-FUNG-0518,R005,ver cluster genotype,varies_between,P. polonicum strains IBT4502/X6 and hy4,,S003,,158,mapped_triplet
M4-FUNG-0519:R001,M4-FUNG-0519,R001,D. bispora CBS 962.96,produces,dendrothelin A-related peptides,,S003,,154,mapped_triplet
M4-FUNG-0519:R002,M4-FUNG-0519,R002,DbiMA1,methylates,its C-terminal borosin core peptide,,S003,,155,mapped_triplet
M4-FUNG-0519:R003,M4-FUNG-0519,R003,OphMA_DbiCORE + OphP,produces_in_Pichia,dendrothelin A,,S003,,156,mapped_triplet
M4-FUNG-0519:R004,M4-FUNG-0519,R004,DbiP,putatively_processes,native DbiMA1 core,,S003,,157,mapped_triplet
M4-FUNG-0519:R005,M4-FUNG-0519,R005,dendrothelin A,is_nematotoxic_to,M. incognita,,S003,,158,mapped_triplet
M4-FUNG-0520:R001,M4-FUNG-0520,R001,L. edodes,produces,lentinulin A-related peptides,,S003,,154,mapped_triplet
M4-FUNG-0520:R002,M4-FUNG-0520,R002,LedMA,methylates,lentinulin core precursor,,S003,,155,mapped_triplet
M4-FUNG-0520:R003,M4-FUNG-0520,R003,LedP,processes_and_macrocyclizes,tested borosin precursors/hybrids,,S003,,156,mapped_triplet
M4-FUNG-0520:R004,M4-FUNG-0520,R004,OphMA_LedCORE + OphP/LedP,produces_in_Pichia,lentinulin A,,S003,,157,mapped_triplet
M4-FUNG-0520:R005,M4-FUNG-0520,R005,lentinulin A,is_nematotoxic_to,M. incognita,,S003,,158,mapped_triplet
M4-FUNG-0521:R001,M4-FUNG-0521,R001,AcdD,supplies,3-hydroxy-L-kynurenine,,S001; S003,,154,mapped_triplet
M4-FUNG-0521:R002,M4-FUNG-0521,R002,AcdB,incorporates,3-hydroxy-L-kynurenine,,S003,,155,mapped_triplet
M4-FUNG-0521:R003,M4-FUNG-0521,R003,AcdB,extends_with,one malonyl-CoA unit,,S003,,156,mapped_triplet
M4-FUNG-0521:R004,M4-FUNG-0521,R004,AcdB,produces,aspcandine tricyclic scaffold,,S003,,157,mapped_triplet
M4-FUNG-0521:R005,M4-FUNG-0521,R005,BDW47DRAFT_120077,putatively_transports,aspcandine/pathway metabolite,,S001,,158,mapped_triplet
M4-FUNG-0522:R001,M4-FUNG-0522,R001,DbaI,produces,DHMBA,,S003; S004,Pathway-entry scaffold step.,154,mapped_triplet
M4-FUNG-0522:R002,M4-FUNG-0522,R002,DbaH,oxidizes_enables,DHMBA-derived azanidulone/tropolone branch,,S004,Native deletion establishes requirement; later rearrangement chemistry is partly proposed/spontaneous.,155,mapped_triplet
M4-FUNG-0522:R003,M4-FUNG-0522,R003,TroA,enables,tropolone-ring branch,,S004,Required for anhydrosepedonin and antibiotic C.,156,mapped_triplet
M4-FUNG-0522:R004,M4-FUNG-0522,R004,sepedonin,spontaneously_dehydrates_to,anhydrosepedonin,,S004,Retained as pathway-model/spontaneous chemistry rather than enzyme assignment.,157,mapped_triplet
M4-FUNG-0522:R005,M4-FUNG-0522,R005,DbaB,required_for,antibiotic C,,S004,ΔdbaB accumulates anhydrosepedonin and lacks antibiotic C.,158,mapped_triplet
M4-FUNG-0522:R006,M4-FUNG-0522,R006,S. mobaraensis glycopeptide signal,activates,DbaA-dependent dba/troA transcription,,S004,Ecological activation relation; upstream sensing remains unresolved.,159,mapped_triplet
M4-FUNG-0523:R001,M4-FUNG-0523,R001,BrvA,builds,polyketide-derived pyrone precursor,,S003,,154,mapped_triplet
M4-FUNG-0523:R002,M4-FUNG-0523,R002,BrvB + BrvC,install,geranylgeranyl-derived terpene unit,,S003,,155,mapped_triplet
M4-FUNG-0523:R003,M4-FUNG-0523,R003,BrvF,cyclizes,epoxidized prenylated scaffold,,S003,,156,mapped_triplet
M4-FUNG-0523:R004,M4-FUNG-0523,R004,BrvJ,skeletally_rearranges,brevione-B-derived branch substrate,,S003,,157,mapped_triplet
M4-FUNG-0523:R005,M4-FUNG-0523,R005,BrvL,late_tailors,brevione E,,S003,,158,mapped_triplet
M4-FUNG-0524:R001,M4-FUNG-0524,R001,CTC1,produces,orsellinic acid,,S003,,154,mapped_triplet
M4-FUNG-0524:R002,M4-FUNG-0524,R002,CTC4,prenylates,orsellinic-acid-derived scaffold,,S003,,155,mapped_triplet
M4-FUNG-0524:R003,M4-FUNG-0524,R003,CTC2,halogenates,colletochlorin branch,,S003,,156,mapped_triplet
M4-FUNG-0524:R004,M4-FUNG-0524,R004,ΔcclA,derepresses,native colletorin/colletochlorin chemistry,,S004,,157,mapped_triplet
M4-FUNG-0524:R005,M4-FUNG-0524,R005,extra CTC4 expression,rescues,downstream colletochlorin-family production in yeast,,S003,,158,mapped_triplet
M4-FUNG-0525:R001,M4-FUNG-0525,R001,spyA,produces,triacetic acid lactone,,S003,Individual heterologous expression.,154,mapped_triplet
M4-FUNG-0525:R002,M4-FUNG-0525,R002,spyF,prenylates,TAL with GGPP to geranylgeranyl-triacetate lactone,,S003,Pathway reconstruction/product logic; no purified-enzyme overclaim.,155,mapped_triplet
M4-FUNG-0525:R003,M4-FUNG-0525,R003,spyC,epoxidizes,geranylgeranyl-triacetate lactone terminal olefin,,S003,Deletion accumulates unepoxidized intermediate.,156,mapped_triplet
M4-FUNG-0525:R004,M4-FUNG-0525,R004,spyD,cyclizes,epoxygeranylgeranyl-triacetate lactone to sartorypyrones F and D,,S003; S006,Promiscuous bifurcating cyclization.,157,mapped_triplet
M4-FUNG-0525:R005,M4-FUNG-0525,R005,spyB,acetylates,sartorypyrones D/F to sartorypyrones A/G,,S003,Metabolite-resolved deletion phenotype.,158,mapped_triplet
M4-FUNG-0525:R006,M4-FUNG-0525,R006,spyE,supplies,GGPP for the diterpenoid branch,,S003,Deletion diverts flux to FPP-derived shunts 9–11.,159,mapped_triplet
M4-FUNG-0526:R001,M4-FUNG-0526,R001,Ma_OvaA,generates,"octanoyl-, 2-octenoyl-, hexanoyl- and 2-hexenoyl starter units",,S003,,155,mapped_triplet
M4-FUNG-0526:R002,M4-FUNG-0526,R002,Ma_OvaB,extends/cyclizes,starter units to ACP-bound resorcylyl thioesters,,S003,,156,mapped_triplet
M4-FUNG-0526:R003,M4-FUNG-0526,R003,Ma_OvaC,hydrolyzes,resorcylyl thioesters to olivetolic acid and analogs,,S003,,157,mapped_triplet
M4-FUNG-0527:R001,M4-FUNG-0527,R001,DrcA,produces,"CJ-20,557",,S003,,155,mapped_triplet
M4-FUNG-0527:R002,M4-FUNG-0527,R002,DrcA SAT domain,forms,depside ester bond,,S003,,156,mapped_triplet
M4-FUNG-0527:R003,M4-FUNG-0527,R003,DrcB,converts,"CJ-20,557 to duricamidepside",,S003,,157,mapped_triplet
M4-FUNG-0528:R001,M4-FUNG-0528,R001,LtbA,produces,luteodiene A / gem-dimethylated polyketide chain,,S003,,155,mapped_triplet
M4-FUNG-0528:R002,M4-FUNG-0528,R002,LtbA cAT domain,offloads,polyketide chain using glucinol to form luteodienoside A,,S003,,156,mapped_triplet
M4-FUNG-0528:R003,M4-FUNG-0528,R003,LtbB,supports,glucinol-dependent luteodienoside A production,,S003,,157,mapped_triplet
M4-FUNG-0528:R004,M4-FUNG-0528,R004,A. nidulans host enzymes,convert,luteodienoside A to luteodiene A and luteodienoside B,,S003,,158,mapped_triplet
M4-FUNG-0529:R001,M4-FUNG-0529,R001,PbpsA,produces in heterologous host,"3,6-dialkyl-α-pyrone",,S003,,155,mapped_triplet
M4-FUNG-0530:R001,M4-FUNG-0530,R001,EstB1,cyclizes,indole-diterpene precursor to emindole SA architecture,,S003,,155,mapped_triplet
M4-FUNG-0531:R001,M4-FUNG-0531,R001,MollD,forms/oxidizes,depsidone ether and C-3 hydroxylated intermediates,,S003,,155,mapped_triplet
M4-FUNG-0531:R002,M4-FUNG-0531,R002,MollC,decarboxylates,depsidone intermediate,,S003,,156,mapped_triplet
M4-FUNG-0531:R003,M4-FUNG-0531,R003,MollF,prenylates,aromatic depsidone precursor to mollicellin Z,,S003,,157,mapped_triplet
M4-FUNG-0532:R001,M4-FUNG-0532,R001,sclA,required for,sclerotiorin-like azaphilone production,,S003,,155,mapped_triplet
M4-FUNG-0532:R002,M4-FUNG-0532,R002,sclI,required for,sclerotiorin-like azaphilone production,,S003,,156,mapped_triplet
M4-FUNG-0533:R001,M4-FUNG-0533,R001,Clz14+Clz17+Clz11,produce,L-731.120,,S003,,155,mapped_triplet
M4-FUNG-0533:R002,M4-FUNG-0533,R002,Clz2,produces,squalestatin tetraketide side-chain precursor,,S003,,156,mapped_triplet
M4-FUNG-0533:R003,M4-FUNG-0533,R003,Clz6,acylates,tricarboxylic core with tetraketide side chain,,S003,,157,mapped_triplet
M4-FUNG-0534:R001,M4-FUNG-0534,R001,fructose/glucose condition,correlates with,cristazarin production and crz1-crz9 induction,,S003,,156,mapped_triplet
M4-FUNG-0534:R002,M4-FUNG-0534,R002,crz7 / PKS22,candidate initiator for,cristazarin pathway,,S003,,157,mapped_triplet
M4-FUNG-0535:R001,M4-FUNG-0535,R001,DesB,cyclizes,indole-diterpene precursor to emindole DA/DB architecture,,S003,,155,mapped_triplet
M4-FUNG-0535:R002,M4-FUNG-0535,R002,DesM,functionally substitutes for,PaxM methyltransferase role in heterologous pathway,,S003,,156,mapped_triplet
M4-FUNG-0536:R001,M4-FUNG-0536,R001,MilA / CCM_09346,functions as,highly reducing polyketide synthase in the cordypyrone module,,S002; S003,,154,mapped_triplet
M4-FUNG-0536:R002,M4-FUNG-0536,R002,MilB / CCM_09345,functions as,trans-acting enoyl reductase in the cordypyrone module,,S002; S003,,155,mapped_triplet
M4-FUNG-0536:R003,M4-FUNG-0536,R003,three-gene module,produces in A. nidulans,cordypyrone A and cordypyrone B,,S003,,156,mapped_triplet
M4-FUNG-0537:R001,M4-FUNG-0537,R001,PKS21/six-gene locus,correlates with,biruloquinone-producing chemotype,,S003,,154,mapped_triplet
M4-FUNG-0538:R001,M4-FUNG-0538,R001,SidC,synthesizes,ferricrocin,,S003,,154,mapped_triplet
M4-FUNG-0538:R002,M4-FUNG-0538,R002,SidC A3,loads,L-AHO onto downstream T domains,,S003,,155,mapped_triplet
M4-FUNG-0538:R003,M4-FUNG-0538,R003,SidC C3,selects,three-residue peptidyl intermediate,,S003,,156,mapped_triplet
M4-FUNG-0540:R001,M4-FUNG-0540,R001,AtnH+AtnG,construct,hexaketide arthripenoid core,,S003,,154,mapped_triplet
M4-FUNG-0540:R002,M4-FUNG-0540,R002,AtnF,farnesylates,decarboxylated aromatic polyketide,,S003,,155,mapped_triplet
M4-FUNG-0540:R003,M4-FUNG-0540,R003,AtnI,cyclizes,bis-epoxidized meroterpenoid precursor,,S003,,156,mapped_triplet
M4-FUNG-0540:R004,M4-FUNG-0540,R004,arthripenoid B-derived oxidized intermediate,diversifies spontaneously/chemically to,arthripenoids A/C/D/E/F,,S003,,157,mapped_triplet
M4-FUNG-0542:R001,M4-FUNG-0542,R001,AncC,converts,FPP to (+)-albicanol,,S003,,154,mapped_triplet
M4-FUNG-0542:R002,M4-FUNG-0542,R002,AncA,converts,FPP to (R)-trans-gamma-monocyclofarnesol,,S003,,155,mapped_triplet
M4-FUNG-0543:R001,M4-FUNG-0543,R001,FnsA,synthesizes,naringenin from p-coumaric acid + malonyl-CoA,,S003,,154,mapped_triplet
M4-FUNG-0543:R002,M4-FUNG-0543,R002,FnsA A domain,activates,p-coumaric acid and p-hydroxybenzoic acid,,S003,,155,mapped_triplet
M4-FUNG-0544:R001,M4-FUNG-0544,R001,AstE/A/G,build,5'-farnesyl-DHMP early meroterpenoid,,S003,,154,mapped_triplet
M4-FUNG-0544:R002,M4-FUNG-0544,R002,AstI,hydroxylates,13-deacetoxyaustalide I at C-6,,S003,,155,mapped_triplet
M4-FUNG-0544:R003,M4-FUNG-0544,R003,AstB,hydroxylates,13-O-deacetylaustalide I to hemiacetal precursor,,S003,,156,mapped_triplet
M4-FUNG-0544:R004,M4-FUNG-0544,R004,AstL,methylates,hemiacetal to form austalide-B orthoester,,S003,,157,mapped_triplet
M4-FUNG-0544:R005,M4-FUNG-0544,R005,AstK,hydroxylates,austalide B to austalide F,,S003,,158,mapped_triplet
M4-FUNG-0545:R001,M4-FUNG-0545,R001,SesE+SesM+SesB,produce,prelecanindole,,S003,,154,mapped_triplet
M4-FUNG-0545:R002,M4-FUNG-0545,R002,SES cluster,tailors,TER-cluster-derived indole-diterpene substrates,,S003,,155,mapped_triplet
M4-FUNG-0545:R003,M4-FUNG-0545,R003,SES/TER crosstalk,expands,indole-terpenoid congener diversity,,S003,,156,mapped_triplet
M4-FUNG-0546:R001,M4-FUNG-0546,R001,PKS16-centered cluster,associates with,gyrophoric-acid-producing Umbilicaria species,,S003,,154,mapped_triplet
M4-FUNG-0546:R002,M4-FUNG-0546,R002,candidate GA cluster family,co-varies with,gyrophoric/umbilicaric/hiascic acid profiles,,S003,,155,mapped_triplet
M4-FUNG-0557:R001,M4-FUNG-0557,R001,opd cluster,produces,Oxopyrrolidines A/B,,S003,,154,mapped_triplet
M4-FUNG-0557:R002,M4-FUNG-0557,R002,OpdC,supports,OpdA reductive chain assembly,,S003,,155,mapped_triplet
M4-FUNG-0558:R001,M4-FUNG-0558,R001,PscyA,provides,N-methylated amino-acid substrates,,S003,,154,mapped_triplet
M4-FUNG-0558:R002,M4-FUNG-0558,R002,PscyB,assembles,cycloaspeptides A/E,,S003,,155,mapped_triplet
M4-FUNG-0559:R001,M4-FUNG-0559,R001,VdoD,converts,cyclopenin to cyclopenol,,S003,,154,mapped_triplet
M4-FUNG-0559:R002,M4-FUNG-0559,R002,cyclopenol,rearranges to,viridicatol,,S003,,155,mapped_triplet
M4-FUNG-0560:R001,M4-FUNG-0560,R001,candidate ilicicolin BGC,associates with,ilicicolinal/ilicicolinic acid A production,,S003,,154,mapped_triplet
M4-FUNG-0561:R001,M4-FUNG-0561,R001,annullatin BGC,produces,annullatin family,,S003,,154,mapped_triplet
M4-FUNG-0562:R001,M4-FUNG-0562,R001,Rsf1,is required for,rasfonin biosynthesis,,S003,,154,mapped_triplet
M4-FUNG-0563:R001,M4-FUNG-0563,R001,eup2 cluster,supports biosynthesis of,Eupenifeldin family,,S003,,154,mapped_triplet
M4-FUNG-0564:R001,M4-FUNG-0564,R001,dep physical cluster,requires remote enzyme for,terminal nornidulin halogenation,,S003,,154,mapped_triplet
M4-FUNG-0565:R001,M4-FUNG-0565,R001,MacC,hydroxylates,tetramic-acid beta carbon,,S003,,154,mapped_triplet
M4-FUNG-0566:R001,M4-FUNG-0566,R001,candidate azaphilone BGC,associates with,sclerotiorin/isochromophilone production,,S003,,154,mapped_triplet
M4-FUNG-0567:R001,M4-FUNG-0567,R001,crmA,required_for,fumicicolin A/B production,,S003,,154,mapped_triplet
M4-FUNG-0567:R002,M4-FUNG-0567,R002,copper starvation,induces,CrmA-dependent metabolite programme,,S003,,155,mapped_triplet
M4-FUNG-0567:R003,M4-FUNG-0567,R003,valine isocyanide,feeds,fumicicolin and fumivaline branches,,S003,,156,mapped_triplet
M4-FUNG-0568:R001,M4-FUNG-0568,R001,TraH,converts,crustosic acid toward olefinic intermediate,,S003,,154,mapped_triplet
M4-FUNG-0568:R002,M4-FUNG-0568,R002,TraD,reduces,TraH-derived intermediate to terrestric acid,,S003,,155,mapped_triplet
M4-FUNG-0568:R003,M4-FUNG-0568,R003,terrestric-acid BGC,produces,terrestric acid,,S003,,156,mapped_triplet
M4-FUNG-0569:R001,M4-FUNG-0569,R001,soppiline BGC,produces_in_heterologous_host,soppilines A-C,,S003,,154,mapped_triplet
M4-FUNG-0569:R002,M4-FUNG-0569,R002,HR-PKS,supplies,polyunsaturated alkyl chain,,S003,,155,mapped_triplet
M4-FUNG-0569:R003,M4-FUNG-0569,R003,type III PKS,mediates,alkylresorcinol-forming release/cyclization,,S003,,156,mapped_triplet
M4-FUNG-0570:R001,M4-FUNG-0570,R001,GdlS,cyclizes,FPP to germacradienol,,S003,,154,mapped_triplet
M4-FUNG-0570:R002,M4-FUNG-0570,R002,Mg2+,required_for,GdlS catalytic activity,,S003,,155,mapped_triplet
M4-FUNG-0570:R003,M4-FUNG-0570,R003,native A. ustus tested conditions,fails_to_show,detectable germacradienol/geosmin production,,S003,,156,mapped_triplet
M4-FUNG-0571:R001,M4-FUNG-0571,R001,SatA,cyclizes,FPP to sativene,,S003,,154,mapped_triplet
M4-FUNG-0571:R002,M4-FUNG-0571,R002,SatB,oxidizes_and_cleaves,sativene-derived skeleton,,S003,,155,mapped_triplet
M4-FUNG-0571:R003,M4-FUNG-0571,R003,SatC,converts,aldehyde intermediate to prehelminthosporol,,S003,,156,mapped_triplet
M4-FUNG-0572:R001,M4-FUNG-0572,R001,Hda1,represses,BEA cluster output,,S003,,154,mapped_triplet
M4-FUNG-0572:R002,M4-FUNG-0572,R002,Kmt6/H3K27 state,represses,BEA chromatin accessibility/output,,S003,,155,mapped_triplet
M4-FUNG-0572:R003,M4-FUNG-0572,R003,BEA3,negatively_modulates,beauvericin production,,S003,,156,mapped_triplet
M4-FUNG-0572:R004,M4-FUNG-0572,R004,BEA1,biosynthesizes,beauvericin,,S003,,157,mapped_triplet
M4-FUNG-0573:R001,M4-FUNG-0573,R001,LB + 2% fructose,induces_association,MpbA expression and malpibaldin production,,S003,,154,mapped_triplet
M4-FUNG-0573:R002,M4-FUNG-0573,R002,MpbA,associated_with,malpibaldin A-C biosynthesis,,S003,,155,mapped_triplet
M4-FUNG-0573:R003,M4-FUNG-0573,R003,MpbA A domains,select,module-specific amino acid substrates,,S003,,156,mapped_triplet
M4-FUNG-0574:R001,M4-FUNG-0574,R001,TndC,produces,talarodiene from GGPP,,S003,,154,mapped_triplet
M4-FUNG-0574:R002,M4-FUNG-0574,R002,talarodiene,precursor_of,talaronoid C,,S003,,155,mapped_triplet
M4-FUNG-0574:R003,M4-FUNG-0574,R003,TndC,contains,prenyltransferase and diterpene-cyclase functions,,S003,,156,mapped_triplet
M4-FUNG-0575:R001,M4-FUNG-0575,R001,LB + 2% fructose,induces_association,MpcA expression and malpicyclin production,,S003,,154,mapped_triplet
M4-FUNG-0575:R002,M4-FUNG-0575,R002,MpcA,associated_with,malpicyclin A-F biosynthesis,,S003,,155,mapped_triplet
M4-FUNG-0575:R003,M4-FUNG-0575,R003,malpicyclins A-D,inhibit,tested Gram-positive bacteria,,S003,,156,mapped_triplet
M4-FUNG-0575:R004,M4-FUNG-0575,R004,MpcA A domains,select,module-specific amino acid substrates,,S003,,157,mapped_triplet
M4-FUNG-0576:R001,M4-FUNG-0576,R001,NRPS4 overexpression,activates,fusahexin production,,S003,,154,mapped_triplet
M4-FUNG-0576:R002,M4-FUNG-0576,R002,NRPS4,biosynthesizes,fusahexin,,S003,,155,mapped_triplet
M4-FUNG-0576:R003,M4-FUNG-0576,R003,NRPS4 terminal module,proposed_to_iterate_for,two leucine incorporations,,S003,,156,mapped_triplet
M4-FUNG-0576:R004,M4-FUNG-0576,R004,fusahexin,contains,Pro-Thr oxazine ether bridge,,S003,,157,mapped_triplet
M4-FUNG-0577:R001,M4-FUNG-0577,R001,EchPT1,converts,cyclo-L-Trp-L-Ala to preechinulin,,S004,,152,mapped_triplet
M4-FUNG-0577:R002,M4-FUNG-0577,R002,EchPT2,consecutively_prenylates,preechinulin and dehydro congeners,,S003;S004,,153,mapped_triplet
M4-FUNG-0577:R003,M4-FUNG-0577,R003,EchP450,dehydrogenates,preechinulin at C10-C11,,S003,,154,mapped_triplet
M4-FUNG-0577:R004,M4-FUNG-0577,R004,preechinulin,branches_to,echinulin via EchPT2 or neoechinulin A branch via EchP450,,S003,,155,mapped_triplet
M4-FUNG-0577:R005,M4-FUNG-0577,R005,four-gene cluster,reconstructs,echinulin/neoechinulin A production in A. nidulans,,S003,,156,mapped_triplet
M4-FUNG-0578:R001,M4-FUNG-0578,R001,UcdG,proposed_to_supply,4-hydroxyphenylpyruvate from L-tyrosine,,S003;S004,,152,mapped_triplet
M4-FUNG-0578:R002,M4-FUNG-0578,R002,UcdA,forms,atromentin,,S003,,153,mapped_triplet
M4-FUNG-0578:R003,M4-FUNG-0578,R003,UcdB,proposed_reductive_dehydration_of,atromentin-derived quinone,,S003;S004,,154,mapped_triplet
M4-FUNG-0578:R004,M4-FUNG-0578,R004,UcdE,prenylates,dihydroxyterphenyllin to usterphenyllin products,,S003;S004,,155,mapped_triplet
M4-FUNG-0578:R005,M4-FUNG-0578,R005,usterphenyllins,spontaneously_convert_to,uscandidusin dibenzofurans,,S003,,156,mapped_triplet
M4-FUNG-0578:R006,M4-FUNG-0578,R006,ortho-dihydroxyphenyl motif,promotes_substrate_acceptance_by,UcdE,,S004,,157,mapped_triplet
M4-FUNG-0579:R001,M4-FUNG-0579,R001,pbo cluster,produces,(-)-protubonine B,,S003,,152,mapped_triplet
M4-FUNG-0579:R002,M4-FUNG-0579,R002,bimodular NRPS,assembles,cyclo-L-Trp-L-Leu-derived scaffold,,S003,,153,mapped_triplet
M4-FUNG-0579:R003,M4-FUNG-0579,R003,flavin-dependent oxygenase,hydroxylates_and_cyclizes,indole-containing protubonine intermediate,,S003,,154,mapped_triplet
M4-FUNG-0579:R004,M4-FUNG-0579,R004,two acetyltransferases,tailor,protubonine intermediates toward final diacetylated product,,S003,,155,mapped_triplet
M4-FUNG-0580:R001,M4-FUNG-0580,R001,PbaC,decarboxylates,L-tryptophan to tryptamine,,S003,,152,mapped_triplet
M4-FUNG-0580:R002,M4-FUNG-0580,R002,PbaE,prenylates,tryptamine,,S003,,153,mapped_triplet
M4-FUNG-0580:R003,M4-FUNG-0580,R003,PbaD,condenses,prenylated tryptamine intermediate with L-glutamate,,S003,,154,mapped_triplet
M4-FUNG-0580:R004,M4-FUNG-0580,R004,PbaB,oxidatively_cleaves,indole C2-C3 bond,,S003,,155,mapped_triplet
M4-FUNG-0580:R005,M4-FUNG-0580,R005,L-glutamic acid feeding,facilitated_isolation_of,penindolenes A-D,,S003,,156,mapped_triplet
M4-FUNG-0580:R006,M4-FUNG-0580,R006,penindolenes A-D,show,antimicrobial and acetylcholinesterase-inhibitory activity,,S003,,157,mapped_triplet
M4-FUNG-0581:R001,M4-FUNG-0581,R001,PhoE,is_required_for_native_production_of,phomoxanthone A,,S004,,158,mapped_triplet
M4-FUNG-0581:R002,M4-FUNG-0581,R002,PhoCDEFGHK,produce,chrysophanol,,S003,,159,mapped_triplet
M4-FUNG-0581:R003,M4-FUNG-0581,R003,PhoBJKLMNP,convert,chrysophanol to penexanthone B,,S003,,160,mapped_triplet
M4-FUNG-0581:R004,M4-FUNG-0581,R004,PhoO,suggested_to_couple,two penexanthone B units via C4-C4' bond,,S003,,161,mapped_triplet
M4-FUNG-0581:R005,M4-FUNG-0581,R005,MIBiG BGC0003093,has_status,retired — validation failed,,S002,,162,mapped_triplet
M4-FUNG-0581:R006,M4-FUNG-0581,R006,ΔphoE,shunts_metabolic_flux_toward,alternative monoterpene/polypropionate pathways,,S004,,163,mapped_triplet
M4-FUNG-0582:R001,M4-FUNG-0582,R001,prosJ,initiates,3-methylorsellinic-acid/depside biosynthesis,,S003,,154,mapped_triplet
M4-FUNG-0582:R002,M4-FUNG-0582,R002,prosK/prosB/prosA/prosC/prosF,tailor,depside intermediates toward roseopurpurins C/D,,S003,,155,mapped_triplet
M4-FUNG-0582:R003,M4-FUNG-0582,R003,prosG,is_homolog_of,human cyclin-dependent kinases,,S003,,156,mapped_triplet
M4-FUNG-0582:R004,M4-FUNG-0582,R004,roseopurpurin C,competitively_inhibits,CDK2 with ATP,,S003,,157,mapped_triplet
M4-FUNG-0582:R005,M4-FUNG-0582,R005,roseopurpurin C,induces,G1 cell-cycle arrest in HCT116,,S003,,158,mapped_triplet
M4-FUNG-0582:R006,M4-FUNG-0582,R006,A. uvarum cluster-TF overexpression,increases,late roseopurpurin product titers condition-dependently,,S003,,159,mapped_triplet
M4-FUNG-0583:R001,M4-FUNG-0583,R001,FmPKS8 / FMAN_15223,is_required_for,fusamarin biosynthesis,,S003,,152,mapped_triplet
M4-FUNG-0583:R002,M4-FUNG-0583,R002,FmKmt1/H3K9 methylation,modulates,FmPKS8 cluster expression,,S003,,153,mapped_triplet
M4-FUNG-0583:R003,M4-FUNG-0583,R003,6 mM NaNO3,induces,FmPKS8/fusamarin production,,S003,,154,mapped_triplet
M4-FUNG-0583:R004,M4-FUNG-0583,R004,glutamine/high nitrate,represses,FmPKS8 expression in F. mangiferae,,S003,,155,mapped_triplet
M4-FUNG-0583:R005,M4-FUNG-0583,R005,FMAN_15219/FMAN_15224 flanks,are_not_required_for,target fusamarin compounds,,S003,,156,mapped_triplet
M4-FUNG-0583:R006,M4-FUNG-0583,R006,fusamarins,show,moderate cytotoxicity,,S003,,157,mapped_triplet
M4-FUNG-0584:R001,M4-FUNG-0584,R001,pycPKS,supplies,tropolone polyketide branch,,S002;S003,,152,mapped_triplet
M4-FUNG-0584:R002,M4-FUNG-0584,R002,pycR6,synthesizes,humulene,,S002;S003,,153,mapped_triplet
M4-FUNG-0584:R003,M4-FUNG-0584,R003,pycR1,catalyzes,hetero-Diels-Alder coupling,,S002;S003,,154,mapped_triplet
M4-FUNG-0585:R001,M4-FUNG-0585,R001,StrA KR domain,catalyzes,beta-keto reduction and reductive polyketide chain release,,S003,,152,mapped_triplet
M4-FUNG-0585:R002,M4-FUNG-0585,R002,StrC,promotes,aromatization of the salicylaldehyde scaffold,,S003,,153,mapped_triplet
M4-FUNG-0586:R001,M4-FUNG-0586,R001,jmaza-like locus,correlates_with,multiformin azaphilone production,,S003,,152,mapped_triplet
M4-FUNG-0586:R002,M4-FUNG-0586,R002,multiformins,are_recovered_from,J. multiformis stromata,,S004,,153,mapped_triplet
M4-FUNG-0587:R001,M4-FUNG-0587,R001,OesA,synthesizes_and_transfers,orsellinyl group onto 3-hydroxypropanoic acid,,S003,,152,mapped_triplet
M4-FUNG-0587:R002,M4-FUNG-0587,R002,OesA ACP1 and ACP2,contribute_complementarily_to,product formation,,S003,,153,mapped_triplet
M4-FUNG-0588:R001,M4-FUNG-0588,R001,mfnPKS1/mfnPKS2,supply,complementary tetraketide-derived building blocks,,S003,,152,mapped_triplet
M4-FUNG-0588:R002,M4-FUNG-0588,R002,mfnL3,acylates/assembles,pyrone pathway intermediates,,S003,,153,mapped_triplet
M4-FUNG-0588:R003,M4-FUNG-0588,R003,mfn pathway,produces,multiforisin H,,S003,,154,mapped_triplet
M4-FUNG-0589:R001,M4-FUNG-0589,R001,VrcA,cyclizes,GFPP to variecoladiene,,S003,,152,mapped_triplet
M4-FUNG-0589:R002,M4-FUNG-0589,R002,VrcB,oxidizes,variecoladiene-derived intermediates to variecolin/variecolactone,,S003,,153,mapped_triplet
M4-FUNG-0590:R001,M4-FUNG-0590,R001,candidate azaphilone locus,correlates_with,minutellin/hinnulin chemistry,,S004,,152,mapped_triplet
M4-FUNG-0590:R002,M4-FUNG-0590,R002,minutellins A-D,are_recovered_from,J. minutella stromata,,S003,,153,mapped_triplet
M4-FUNG-0591:R001,M4-FUNG-0591,R001,KtnS,produces,coumarin precursor for kotanin,,S003,,152,mapped_triplet
M4-FUNG-0591:R002,M4-FUNG-0591,R002,KtnC,oxidatively_couples,two phenolic monomers regio- and stereoselectively,,S003,,153,mapped_triplet
M4-FUNG-0592:R001,M4-FUNG-0592,R001,Ao415,is_required_for,desferriferrichrome biosynthesis,,S003;S004,,152,mapped_triplet
M4-FUNG-0592:R002,M4-FUNG-0592,R002,desferriferrichrome/iron balance,modulates,nematode-trap formation,,S003,,153,mapped_triplet
M4-FUNG-0593:R001,M4-FUNG-0593,R001,PeTS1,cyclizes,FPP-derived substrate to (+)-aristolochene,,S003,,152,mapped_triplet
M4-FUNG-0593:R002,M4-FUNG-0593,R002,MBP fusion + MEP engineering,increases,heterologous (+)-aristolochene titer,,S003,,153,mapped_triplet
M4-FUNG-0594:R001,M4-FUNG-0594,R001,dpfgA / PKS15,is_required_for,FDDP-D/E biosynthesis,,S003;S004,,148,mapped_triplet
M4-FUNG-0594:R002,M4-FUNG-0594,R002,dpfgE / terpene synthase,is_required_for,efficient FDDP-D/E production,,S003;S004,,149,mapped_triplet
M4-FUNG-0594:R003,M4-FUNG-0594,R003,dpfgA-E,build,common decalin-containing diterpenoid-pyrone intermediate,,S003,,150,mapped_triplet
M4-FUNG-0594:R004,M4-FUNG-0594,R004,dpfgG/H/I/J/K tailoring module,diversifies,common intermediate toward FDDP-D/E,,S003,,151,mapped_triplet
M4-FUNG-0594:R005,M4-FUNG-0594,R005,wheat infection,is_associated_with,native FDDP-D/E production,,S004,,152,mapped_triplet
M4-FUNG-0594:R006,M4-FUNG-0594,R006,C16 terpene-synthase disruption,reduces,wheat disease phenotype,,S004,,153,mapped_triplet
M4-FUNG-0594:R007,M4-FUNG-0594,R007,Q6 liquid medium,supports,high in vitro FDDP-D/E detection,,S004,,154,mapped_triplet
M4-FUNG-0595:R001,M4-FUNG-0595,R001,PF33-1_006185 / PKS16,is_candidate_core_enzyme_for,olivetoric/physodic acid pathway,,,,148,mapped_triplet
M4-FUNG-0595:R002,M4-FUNG-0595,R002,candidate-cluster cytochrome P450,is_candidate_tailoring_enzyme_for,depsidone ether-bond formation,,,,149,mapped_triplet
M4-FUNG-0595:R003,M4-FUNG-0595,R003,olivetoric acid,is_probable_precursor_or_related_depside_of,physodic acid,,,,150,mapped_triplet
M4-FUNG-0595:R004,M4-FUNG-0595,R004,cluster 4,is_present_in,both P. furfuracea chemotypes,,,,151,mapped_triplet
M4-FUNG-0595:R005,M4-FUNG-0595,R005,physodic-acid chemotype,is_associated_with,physodic acid production,,,,152,mapped_triplet
M4-FUNG-0595:R006,M4-FUNG-0595,R006,JAIUPS000000000,contains_candidate_context_for,PF33-1_006185 / cluster 4,,,,153,mapped_triplet
M4-FUNG-0595:R007,M4-FUNG-0595,R007,BGC0003144 canonical physical placement,is_not_equivalent_to,literature candidate locus without coordinate reconciliation,,,,154,mapped_triplet
M4-FUNG-0596:R001,M4-FUNG-0596,R001,MpsA + MpsG,assemble,tetramic-acid precursor,,,,148,mapped_triplet
M4-FUNG-0596:R002,M4-FUNG-0596,R002,MpsD,cyclizes,macrophasetin A precursor,,,,149,mapped_triplet
M4-FUNG-0596:R003,M4-FUNG-0596,R003,MpsF,hydroxylates,macrophasetin A to C,,,,150,mapped_triplet
M4-FUNG-0597:R001,M4-FUNG-0597,R001,group-D TAS1 homologue,is_sufficient_for,fungal γ-lactam biosynthesis,,,,148,mapped_triplet
M4-FUNG-0597:R002,M4-FUNG-0597,R002,Taslactam C,inhibits,proteasome,,,,149,mapped_triplet
M4-FUNG-0598:R001,M4-FUNG-0598,R001,mlfA,is_required_for,Malformin A2/C biosynthesis,,,,148,mapped_triplet
M4-FUNG-0598:R002,M4-FUNG-0598,R002,mlfA complementation,restores,malformin production,,,,149,mapped_triplet
M4-FUNG-0599:R001,M4-FUNG-0599,R001,group-D TAS1 homologue,is_sufficient_for,fungal γ-lactam biosynthesis,,,,148,mapped_triplet
M4-FUNG-0599:R002,M4-FUNG-0599,R002,Taslactam D,belongs_to,taslactam γ-lactam family,,,,149,mapped_triplet
M4-FUNG-0600:R001,M4-FUNG-0600,R001,pksAC in A. fabae,is_required_for,ascochitine production,,,,148,mapped_triplet
M4-FUNG-0600:R002,M4-FUNG-0600,R002,AV22 cluster,is_homologous_to,A. fabae ascochitine cluster,,,,149,mapped_triplet
M4-FUNG-0601:R001,M4-FUNG-0601,R001,AnuA,builds,aromatic polyketide core,,,,148,mapped_triplet
M4-FUNG-0601:R002,M4-FUNG-0601,R002,AnuH,prenylates,annullatin intermediate,,,,149,mapped_triplet
M4-FUNG-0601:R003,M4-FUNG-0601,R003,AnuG,oxidatively_lactonizes,precursor to annullatin D,,,,150,mapped_triplet
M4-FUNG-0602:R001,M4-FUNG-0602,R001,FUP1,initiates,fusaproliferin sesterterpene pathway,,,,148,mapped_triplet
M4-FUNG-0602:R002,M4-FUNG-0602,R002,FUP4,oxidizes_toward,terpestacin,,,,149,mapped_triplet
M4-FUNG-0602:R003,M4-FUNG-0602,R003,FUP5,acetylates,terpestacin to fusaproliferin,,,,150,mapped_triplet
M4-FUNG-0603:R001,M4-FUNG-0603,R001,CpaA/CpaS,produces,cAATrp,,,,148,mapped_triplet
M4-FUNG-0603:R002,M4-FUNG-0603,R002,CpaD,prenylates,cAATrp to β-CPA,,,,149,mapped_triplet
M4-FUNG-0603:R003,M4-FUNG-0603,R003,CpaO,oxidocyclizes,β-CPA to α-CPA,,,,150,mapped_triplet
M4-FUNG-0604:R001,M4-FUNG-0604,R001,TvTS-PT,synthesizes,HexPP,,,,148,mapped_triplet
M4-FUNG-0604:R002,M4-FUNG-0604,R002,TvTS-TC,cyclizes,HexPP to talaropentaene,,,,149,mapped_triplet
M4-FUNG-0604:R003,M4-FUNG-0604,R003,amyB promoter replacement,activates,native TvTS product formation,,,,150,mapped_triplet
M4-FUNG-0605:R001,M4-FUNG-0605,R001,MpMS-PT,synthesizes,HexPP,,,,148,mapped_triplet
M4-FUNG-0605:R002,M4-FUNG-0605,R002,MpMS-TC,cyclizes,HexPP to macrophomene,,,,149,mapped_triplet
M4-FUNG-0605:R003,M4-FUNG-0605,R003,MpMS D114A/N115A,separates,PT activity from TC activity,,,,150,mapped_triplet
M4-FUNG-0606:R001,M4-FUNG-0606,R001,CgCS / Cgl13855,produces,colleterpenol,,,,148,mapped_triplet
M4-FUNG-0606:R002,M4-FUNG-0606,R002,CgCS prenyltransferase domain,builds,HexPP precursor,,,,149,mapped_triplet
M4-FUNG-0606:R003,M4-FUNG-0606,R003,BGC0003159 canonical interval,is_not_assumed_equivalent_to,ES026 functional locus without sequence reconciliation,,,,150,mapped_triplet
M4-FUNG-0607:R001,M4-FUNG-0607,R001,early EAS genes dmaW/easF/easE/easC,support,chanoclavine I formation,,,,148,mapped_triplet
M4-FUNG-0607:R002,M4-FUNG-0607,R002,easD/easA/easG,support,agroclavine branch,,,,149,mapped_triplet
M4-FUNG-0607:R003,M4-FUNG-0607,R003,late EAS/lps gene complement,is_associated_with,lysergyl amides and ergobalansine,,,,150,mapped_triplet
M4-FUNG-0607:R004,M4-FUNG-0607,R004,host symbiosis,is_context_for,native ergot-alkaloid production,,,,151,mapped_triplet
M4-FUNG-0608:R001,M4-FUNG-0608,R001,lpsB,is_required_for,ergovaline biosynthesis,,,,148,mapped_triplet
M4-FUNG-0608:R002,M4-FUNG-0608,R002,lpsB disruption,causes_accumulation_of,lysergic acid,,,,149,mapped_triplet
M4-FUNG-0608:R003,M4-FUNG-0608,R003,lpsB disruption,prevents,lysergyl-alanine/ergovaline branch progression,,,,150,mapped_triplet
M4-FUNG-0608:R004,M4-FUNG-0608,R004,grass host association,supports,high EAS pathway expression,,,,151,mapped_triplet
M4-FUNG-0609:R001,M4-FUNG-0609,R001,idtG/idtM/idtB/idtC core,supports,paspaline scaffold biosynthesis,,,,148,mapped_triplet
M4-FUNG-0609:R002,M4-FUNG-0609,R002,idtP/idtQ/idtK/idtF peripheral module,is_associated_with,downstream indole-diterpene diversification,,,,149,mapped_triplet
M4-FUNG-0609:R003,M4-FUNG-0609,R003,host symbiosis,is_context_for,native indole-diterpene production,,,,150,mapped_triplet
M4-FUNG-0609:R004,M4-FUNG-0609,R004,idtS,has_unresolved_function_in,P. ipomoeae IDT pathway,,,,151,mapped_triplet
