term_id,term_type,raw_label,canonical_label,normalization_status
TERM_46c4b59fd552,state.culture_architecture,native fungal genetic study,,"unresolved_type_mismatch: label describes study design, not culture architecture"
TERM_cc22fa910756,action.intervention,AFT10 gene targeting,AFT10 genetic targeting,normalized
TERM_bff54ae8c0a2,observation.sample_matrix,fungal culture / host assay,,unresolved_composite: combines fungal-culture and host-assay sample contexts
TERM_8a373545194d,assay.method,toxin assay + pathogenicity phenotype,,unresolved_composite: combines analytical assay and pathogenicity phenotype
TERM_ff3f6e70e786,state.culture_architecture,germinating conidia,,"unresolved_type_mismatch: germinating conidia is a developmental state, not culture architecture"
TERM_0ab8868e5036,state.medium,potato-dextrose preculture; germination assay,potato dextrose medium,normalized_partial: medium component extracted; germination-assay phrase remains only in raw_label
TERM_238551ba64a3,state.temperature_C,26,,unreviewed
TERM_eeba46a2d707,state.agitation,static,,unreviewed
TERM_4eb4566c1fef,action.intervention,none,no experimental intervention,normalized
TERM_446bb74f7fbb,state.developmental_state,germinating conidia,germinating conidia,normalized
TERM_84963668f3ad,time.window,early germination time course,early germination time course,normalized
TERM_1a2d60b70c47,observation.sample_matrix,germination fluid,germination fluid,normalized
TERM_eab56c41ec10,assay.method,RP-HPLC,reversed-phase HPLC,normalized
TERM_f0f85849fc40,state.culture_architecture,shaking liquid-culture expression assay,shaking liquid culture,normalized_partial: culture architecture extracted; expression-assay purpose remains only in raw_label
TERM_6a2e5488ae2d,state.medium,YES medium,YES medium,normalized
TERM_c6e78cf3c85d,state.temperature_C,30,,unreviewed
TERM_3d6aa3b51843,state.agitation,shaking,,unreviewed
TERM_365e90e3b893,time.window,2 days,48 h,normalized
TERM_ecf4d4eb01a2,observation.sample_matrix,mycelial RNA,mycelial RNA,normalized
TERM_e19bec3df2ec,assay.method,RT-PCR + real-time qPCR,,unresolved_composite: contains distinct RT-PCR and quantitative real-time PCR methods
TERM_160de563dfc7,state.culture_architecture,population genotype survey,,"unresolved_type_mismatch: population genotype survey is a study design, not culture architecture"
TERM_8494ce4ec30a,action.intervention,PCR survey of seven aflatoxin-cluster genes,,"unresolved_type_mismatch: PCR survey is an assay, not an experimental intervention"
TERM_48eb02257eff,time.window,single survey,single timepoint,normalized
TERM_af578adf3340,observation.sample_matrix,genomic DNA,genomic DNA,normalized
TERM_f53098557f4c,assay.method,PCR,PCR,normalized
TERM_8a66e187a7f0,state.culture_architecture,forced-expression regulator-function assay,,"unresolved_type_mismatch: forced-expression regulator-function assay is a study design, not culture architecture"
TERM_a2fdc4da9ce0,action.intervention,pgkA-driven aflR and aflJ/aflS allele expression,pgkA-driven expression of aflR and aflJ/aflS alleles,normalized
TERM_adfe7079b303,observation.sample_matrix,RNA,RNA,normalized
TERM_d21955ab4025,assay.method,"RT-PCR of avnA, verB, omtA and vbs",RT-PCR,normalized_partial: assay method canonicalized; target-gene list remains only in raw_label
TERM_6a8dd34384bd,state.culture_architecture,comparative genotype–chemotype analysis,,"unresolved_type_mismatch: label describes comparative genotype-chemotype study design, not culture architecture"
TERM_ae877229bef1,action.intervention,none / comparative,no experimental intervention,normalized_partial: no-intervention component extracted; comparative-study context remains only in raw_label
TERM_340a6a0ca6be,observation.sample_matrix,culture extracts,culture extract,normalized
TERM_be0b478a81e8,assay.method,ELISA + mass spectrometry,,unresolved_composite: contains distinct ELISA and mass-spectrometry methods
TERM_36fa250a20cf,state.culture_architecture,chromosomal-deletion mapping,,"unresolved_type_mismatch: chromosomal-deletion mapping is a study design/mapping procedure, not culture architecture"
TERM_c3987cd79e58,assay.method,PCR / Southern / sequence analysis,,"unresolved_composite: contains distinct PCR, Southern blot, and sequence-analysis methods"
TERM_33cc6fe0356a,state.culture_architecture,genomic sequencing and pathway annotation,,"unresolved_type_mismatch: genomic sequencing and pathway annotation describe analysis workflow, not culture architecture"
TERM_05ea1dce8951,time.window,sequence study,,unresolved_type_mismatch: sequence study does not specify a temporal window
TERM_a1545263522e,assay.method,clone sequencing / sequence assembly,clone sequencing and sequence assembly,normalized
TERM_186f079ce9be,state.culture_architecture,native fungal culture,native fungal culture,normalized
TERM_abdbbbb8832c,state.medium,aflatoxin-permissive culture conditions,,unresolved_underspecified: label describes aflatoxin-permissive conditions without identifying medium composition
TERM_3a429cdeb284,action.intervention,pksA disruption,pksA disruption,normalized
TERM_ec418730669c,time.window,endpoint,endpoint,normalized
TERM_7f8ab810d1c5,observation.sample_matrix,culture extract / precursor phenotype,culture extract,normalized_partial: sample-matrix component extracted; precursor phenotype remains only in raw_label
TERM_8864385058ce,assay.method,TLC / genetic disruption,thin-layer chromatography (TLC),normalized_partial: analytical-method component extracted; genetic-disruption intervention remains only in raw_label
TERM_352375642c58,state.culture_architecture,submerged fungal culture,submerged fungal culture,normalized
TERM_991f8e36795b,state.medium,nitrate-containing medium,nitrate-containing medium,normalized
TERM_7c1ff3997442,action.intervention,additional aflR copy / increased aflR expression,additional aflR copy,normalized_partial: genetic intervention extracted; increased aflR expression remains only in raw_label
TERM_b816a21fe850,state.developmental_state,vegetative culture,vegetative growth,normalized
TERM_bc8100d4de65,observation.sample_matrix,RNA + aflatoxin culture output,,unresolved_composite: combines RNA sample material with aflatoxin culture-output material
TERM_a38462a71301,assay.method,Northern/transcription assays + aflatoxin analysis,,unresolved_composite: combines Northern/transcription assays with aflatoxin analysis
TERM_0fd39bcdded7,action.intervention,aflR disruption,aflR disruption,normalized
TERM_a757ff4fc902,observation.sample_matrix,RNA + metabolite extract,,unresolved_composite: combines RNA and metabolite-extract sample matrices
TERM_6423427bc19a,assay.method,Northern + TLC + mass spectrometry,,"unresolved_composite: contains distinct Northern blot, TLC, and mass-spectrometry methods"
TERM_a9b9ea58b4b5,state.medium,YES (inducing) versus Czapek-Dox/CZ (non-inducing in this system),,unresolved_composite: compares YES and Czapek-Dox media and embeds condition-specific response interpretation
TERM_8723a3a7b467,action.intervention,nor-1 promoter-GUS reporter integrated at native nor-1 versus ectopic niaD/pyrG loci,nor-1 promoter-GUS reporter integration,normalized_partial: reporter-integration intervention extracted; native-versus-ectopic locus comparison remains only in raw_label
TERM_57dc9a60bbc3,state.developmental_state,growth-phase transition,growth-phase transition,normalized
TERM_2da79a677319,time.window,"24, 48, 72 h",24 h; 48 h; 72 h,normalized
TERM_22e6e093792f,observation.sample_matrix,RNA + culture aflatoxin + GUS reporter,,"unresolved_composite: combines RNA sample material, culture-aflatoxin output, and GUS reporter readout in one sample-matrix label"
TERM_298811408876,assay.method,Northern / GUS / aflatoxin analysis,,"unresolved_composite: combines Northern analysis, GUS reporter assay, and aflatoxin analysis as distinct measurement methods"
TERM_6f41adfb4ade,state.culture_architecture,small-volume fungal culture,small-volume fungal culture,normalized
TERM_e8f0ec35b8b1,state.medium,YES,YES medium,normalized
TERM_e5aebeddd237,action.intervention,cypA insertional disruption,cypA insertional disruption,normalized
TERM_1da8d6d01623,time.window,3 days,72 h,normalized
TERM_d5b3d920314a,observation.sample_matrix,culture extract,culture extract,normalized
TERM_c2e6b8aea506,assay.method,"acetone extraction + methylene chloride partition + TLC, UV 360 nm",thin-layer chromatography (TLC) with UV 360 nm detection,normalized_partial: analytical detection method extracted; acetone extraction and methylene-chloride partition remain only in raw_label as sample-preparation steps
TERM_7f4f5e5cb281,state.culture_architecture,genomic duplication and regulator-function study,,"unresolved_type_mismatch: label describes genomic-duplication/regulator-function study design, not culture architecture"
TERM_59790a016851,action.intervention,partial-cluster duplication analysis; aflR1 deletion; one-/two-hybrid assays,,unresolved_composite: combines aflR1 deletion with partial-cluster duplication analysis and one-/two-hybrid assays; distinct intervention and assay components require separate representation
TERM_012a06808c0f,observation.sample_matrix,genomic DNA / regulator assays / precursor phenotype,genomic DNA,normalized_partial: genomic-DNA sample component extracted; regulator-assay and precursor-phenotype phrases remain only in raw_label
TERM_70a734f52dfc,assay.method,sequence analysis + one-hybrid + two-hybrid + deletion genetics,,"unresolved_composite: combines sequence analysis, one-hybrid, two-hybrid, and deletion genetics; the final component is a genetic intervention rather than an assay method"
TERM_d533e6b76a48,state.culture_architecture,cluster sequencing / comparative genomics,,"unresolved_type_mismatch: cluster sequencing and comparative genomics describe analysis workflow, not culture architecture"
TERM_961a1df7166c,assay.method,shotgun/fosmid sequencing + comparative sequence analysis,shotgun/fosmid sequencing and comparative sequence analysis,normalized
TERM_d7db661db8fa,state.medium,glucose minimal salts (aflatoxin-conducive) versus peptone minimal salts (nonconducive),glucose minimal salts versus peptone minimal salts medium,normalized_partial: compared media retained; condition-specific aflatoxin-conducive/nonconducive interpretation remains only in raw_label
TERM_f0e960a8fc0f,observation.sample_matrix,total RNA,total RNA,normalized
TERM_0fc8e04eca28,assay.method,Northern hybridization,Northern blot hybridization,normalized
TERM_ad9d3c8753bb,state.culture_architecture,submerged shake-flask cottonseed-reserve model,submerged shake-flask culture,normalized_partial: culture architecture extracted; cottonseed-reserve model context remains only in raw_label
TERM_c1330157a745,state.medium,defined medium or ground cottonseed treatments,defined medium or ground cottonseed substrate,normalized_partial: growth-medium/substrate alternatives retained in neutral form; treatment framing remains only in raw_label
TERM_bdefa6492c8d,state.temperature_C,31,,unreviewed
TERM_91a8a080719a,state.agitation,200,,unreviewed
TERM_ae16d36ff632,action.intervention,lipid removal / lipid reconstitution / reserve-component manipulation,,"unresolved_composite: contains distinct lipid removal, lipid reconstitution, and reserve-component manipulation interventions that require separate action terms"
TERM_838741870ddf,state.developmental_state,vegetative growth,vegetative growth,normalized
TERM_cfd8230b9928,time.window,5-day endpoint; separate 0–7-day time course,,unresolved_composite: combines a 5-day endpoint with a separate 0–7-day time course; distinct temporal regimes require separate representation
TERM_969b44bb768e,observation.sample_matrix,whole culture / medium + biomass,whole culture (medium + biomass),normalized
TERM_4d01921d8418,assay.method,acetone extraction + TLC fluorescence densitometry; substrate analyses,thin-layer chromatography (TLC) fluorescence densitometry,normalized_partial: analytical readout extracted; acetone extraction and substrate analyses remain only in raw_label
TERM_8bde5a321858,state.culture_architecture,peanut-kernel screening assay,,"unresolved_type_mismatch: peanut-kernel screening assay describes a host-based assay design, not culture architecture"
TERM_fb3d03ecd283,state.medium,Tifrunner peanut kernels,Tifrunner peanut kernel substrate,normalized_partial: growth substrate extracted; peanut kernels are a host-derived substrate rather than a conventional liquid/agar medium
TERM_b6101c8cb696,action.intervention,host-kernel colonization,,"unresolved_type_mismatch: host-kernel colonization describes a biological process/state, not a discrete experimental intervention"
TERM_1e4b15c2bb52,state.developmental_state,seed colonization,seed colonization,normalized
TERM_5d7023d91a67,observation.sample_matrix,colonized kernels,colonized kernels,normalized
TERM_c5856ab46e4d,assay.method,kernel screening assay + quantitative aflatoxin measurement,,unresolved_composite: combines a kernel-screening assay with quantitative aflatoxin measurement; distinct assay components require separate representation
TERM_bd6c7dc96551,state.culture_architecture,submerged oxidative-stress assay,submerged culture,normalized_partial: culture architecture extracted; oxidative-stress assay context remains only in raw_label
TERM_1fe8ca886298,state.medium,YES + 25–45 mM H2O2,YES medium,normalized_partial: medium component extracted; 25–45 mM H2O2 exposure remains only in raw_label as an intervention component
TERM_a6ca7829cd1f,state.agitation,150,,unreviewed
TERM_4f815d77c697,action.intervention,atfC deletion + oxidative-stress gradient,,unresolved_composite: combines atfC deletion with an oxidative-stress gradient; distinct interventions require separate action terms
TERM_a233f78af42d,time.window,5 days,120 h,normalized
TERM_8378e5f0d1af,observation.sample_matrix,culture medium,culture medium,normalized
TERM_c4bf578748d5,assay.method,TLC,thin-layer chromatography (TLC),normalized
TERM_d867e0d2f445,action.intervention,atfC deletion,atfC deletion,normalized
TERM_9fc37e4624c3,assay.method,kernel screening assay + aflatoxin quantification,,unresolved_composite: combines a kernel-screening assay with aflatoxin quantification; distinct assay components require separate representation
TERM_27237993af49,state.culture_architecture,developing cotton-boll inoculation,in planta developing cotton-boll assay,normalized_partial: host-based experimental architecture extracted; inoculation action remains only in raw_label
TERM_3a2febeab8c7,state.medium,living cotton bolls,living cotton boll host substrate,normalized_partial: host substrate extracted; living cotton bolls are not a conventional formulated medium
TERM_6145445d9f9b,action.intervention,intraspecific competition / co-inoculation,co-inoculation,normalized_partial: co-inoculation action extracted; intraspecific-competition context remains only in raw_label
TERM_4f1029299ce1,state.developmental_state,host colonization,host colonization,normalized
TERM_dbf78ed5989d,time.window,maturity,,unresolved_type_mismatch: maturity is a developmental endpoint and does not specify a temporal duration or sampling time
TERM_2507ac65a8f6,observation.sample_matrix,cotton locule/seed tissue,cotton locule/seed tissue,normalized
TERM_e56d0f1da75f,assay.method,aflatoxin B quantification,aflatoxin B quantification,normalized
TERM_f57faeb5fbb8,assay.method,acetone/methylene-chloride extraction + TLC,thin-layer chromatography (TLC),normalized_partial: analytical method extracted; acetone/methylene-chloride extraction remains only in raw_label as sample preparation
TERM_950a44a9c936,state.culture_architecture,submerged shake-flask fermentation,submerged shake-flask culture,normalized
TERM_d53f8a5b7027,state.medium,defined medium; (NH4)2SO4 or urea as sole N source,defined medium with ammonium sulfate or urea as sole nitrogen source,normalized_partial: defined-medium and alternative sole-nitrogen-source components retained; individual nitrogen-source conditions remain combined in raw_label
TERM_b99c0e47781b,action.intervention,nitrogen source × concentration,nitrogen source and concentration variation,normalized
TERM_0cdcca230b63,observation.sample_matrix,culture filtrate,culture filtrate,normalized
TERM_8960dbdca203,assay.method,acetone extraction → methylene chloride → TLC + fluorescence densitometry,thin-layer chromatography (TLC) fluorescence densitometry,normalized_partial: analytical readout extracted; acetone extraction and methylene-chloride partition remain only in raw_label as sample-preparation steps
TERM_547caf9c1148,state.culture_architecture,submerged culture,submerged culture,normalized
TERM_8cbc6b1f85fe,state.medium,buffered nitrate versus ammonium salts medium,buffered nitrate versus ammonium salts medium,normalized
TERM_52c3005abf78,action.intervention,nitrogen-source substitution,nitrogen-source substitution,normalized
TERM_6e64558dd180,observation.sample_matrix,culture / RNA,,unresolved_composite: combines culture material and RNA as distinct sample matrices
TERM_a6f58a850cb2,assay.method,aflatoxin quantification + gene-expression analysis,,unresolved_composite: combines aflatoxin quantification and gene-expression analysis as distinct measurement methods
TERM_822c91e9ceb4,state.culture_architecture,submerged pH experiment,submerged culture,normalized_partial: culture architecture extracted; pH-experiment context remains only in raw_label
TERM_422916dfb509,state.medium,modified minimal salts + ammonium sulfate; initial pH 5–8,modified minimal salts medium with ammonium sulfate,normalized_partial: medium composition extracted; initial pH 5–8 remains only in raw_label as an experimental condition
TERM_c031f3ffff06,action.intervention,initial pH manipulation,initial pH manipulation,normalized
TERM_cbdae5e2ddf9,time.window,4 days,96 h,normalized
TERM_0a443c6e9001,observation.sample_matrix,whole culture / mycelium,,unresolved_composite: combines whole-culture material and isolated mycelium as distinct sample matrices
TERM_1705512adc58,assay.method,aflatoxin yield + dry weight + final pH,,"unresolved_type_mismatch: label lists measured outcomes (aflatoxin yield, dry weight, final pH) rather than an analytical method"
TERM_fa141a67b285,state.culture_architecture,buffered submerged pH experiment,submerged culture,normalized_partial: culture architecture extracted; buffered pH-experiment context remains only in raw_label
TERM_b5de05b5af23,state.medium,minimal salts + 10 mM glutamine + 50 mM citrate buffer,minimal salts medium with 10 mM glutamine and 50 mM citrate buffer,normalized
TERM_43d5dffd8e4e,action.intervention,"pH 2.5, 3.5, 4.5, 5.5",pH levels 2.5; 3.5; 4.5; 5.5,normalized
TERM_4f283cf098f5,time.window,3 d RNA / 4 d toxin,,unresolved_composite: combines a 3-day RNA sampling point with a 4-day toxin sampling point; distinct temporal observations require separate representation
TERM_98ea35f57f3c,observation.sample_matrix,mycelial RNA + culture,,unresolved_composite: combines mycelial RNA and culture material as distinct sample matrices
TERM_8d7d29fd8e37,assay.method,qRT-PCR for aflR/pksA/ordA + aflatoxin quantification,,unresolved_composite: combines qRT-PCR gene-expression analysis with aflatoxin quantification as distinct measurement methods
TERM_d66bf7f3ef7d,state.culture_architecture,comparative sequence analysis,,"unresolved_type_mismatch: comparative sequence analysis is an analytical workflow, not culture architecture"
TERM_f7ec00815bc1,action.intervention,comparative norB–cypA sequencing,,"unresolved_type_mismatch: comparative norB–cypA sequencing is an analytical procedure, not an experimental intervention"
TERM_9fa51ff6c2fd,assay.method,sequence alignment,sequence alignment,normalized
TERM_ed497c31ec9e,state.medium,aflatoxin-conducive medium,,unresolved_underspecified: medium formulation is not identified and the label embeds condition-specific aflatoxin response interpretation
TERM_eb190a529ba0,observation.sample_matrix,culture extract / RNA,,unresolved_composite: combines culture extract and RNA as distinct sample matrices
TERM_247e0e938db3,assay.method,TLC + PCR + Northern,,"unresolved_composite: combines TLC, PCR, and Northern analysis as distinct analytical methods"
TERM_4e0447169f5f,state.culture_architecture,solid-medium phenotype comparison,solid culture,normalized_partial: solid culture architecture extracted; phenotype-comparison context remains only in raw_label
TERM_ccae81cf52f3,state.medium,YGT; V8,,unresolved_composite: combines YGT and V8 as distinct media conditions
TERM_54f8ece08223,state.developmental_state,S- versus L-morphotype development,,unresolved_composite: compares S- and L-morphotype developmental states rather than identifying one developmental state
TERM_51c7ac1ae25c,time.window,6 days for YGT morphology,144 h,normalized_partial: six-day timepoint normalized to hours; YGT morphology context remains only in raw_label
TERM_54a45d187539,observation.sample_matrix,colonies / culture extracts,,unresolved_composite: combines colonies and culture extracts as distinct sample matrices
TERM_ddc0e85457ed,assay.method,morphology + HPLC aflatoxin quantification,,unresolved_composite: combines morphology assessment and HPLC aflatoxin quantification as distinct analytical methods
TERM_3fa81638f6c6,state.culture_architecture,ground-corn versus PDB matrix experiment,,"unresolved_type_mismatch: ground-corn versus PDB matrix comparison describes substrate/medium conditions, not culture architecture"
TERM_e76a19963978,state.medium,20 g ground corn or 44 mL PDB in 250-mL flasks,,unresolved_composite: combines ground corn and PDB as alternative media/substrate conditions; flask volume and loading are retained in raw_label
TERM_d9652ce204e0,state.agitation,incubated in dark,,"unresolved_type_mismatch: incubation in darkness is a light condition, not agitation"
TERM_f53a9a952197,action.intervention,substrate identity,substrate identity variation,normalized
TERM_148a7fa81f1d,state.developmental_state,colonizing/growing culture,colonizing/growing culture,normalized
TERM_3547661a3dfb,time.window,10 days,240 h,normalized
TERM_6a1d381f8d31,observation.sample_matrix,ground corn or PDB; RNA and toxin extracts,,unresolved_composite: combines alternative culture matrices with RNA and toxin extracts as distinct sample matrices
TERM_d09bbc045b16,assay.method,AFB1 ELISA + RNA-seq/DESeq2 + EDNAtran,,"unresolved_composite: combines AFB1 ELISA, RNA-seq/DESeq2, and EDNAtran analyses as distinct analytical workflows"
TERM_9f26433c0bbc,state.medium,minimal salts + glutamine + citrate buffer,minimal salts medium with glutamine and citrate buffer,normalized
TERM_6bbf469c2ba1,action.intervention,pH 2.5–5.5,pH variation 2.5–5.5,normalized
TERM_fc42c255a2c0,observation.sample_matrix,mycelial RNA + culture toxin,,unresolved_composite: combines mycelial RNA and culture toxin material as distinct sample matrices
TERM_c4ca44da4efc,assay.method,qRT-PCR aflR/pksA/ordA + toxin quantification,,unresolved_composite: combines qRT-PCR gene-expression analysis and toxin quantification as distinct analytical methods
TERM_77c483128635,state.culture_architecture,development/toxin genetics,,"unresolved_type_mismatch: development/toxin genetics describes study focus or genetic analysis, not culture architecture"
TERM_5e1e8e11696d,state.medium,Wickerham/YES/PDB-type assays as described in source,,"unresolved_composite: combines Wickerham, YES, and PDB-type media and does not specify one medium condition"
TERM_fe69cebf7c50,state.agitation,condition-specific,,unresolved_underspecified: agitation condition is not specified
TERM_4f744a79093c,action.intervention,hbx1 deletion and complementation,,unresolved_composite: combines hbx1 deletion and complementation as distinct genetic interventions
TERM_509b4f83b2b2,state.developmental_state,conidiation/sclerotial development,,unresolved_composite: combines conidiation and sclerotial development as distinct developmental states/outcomes
TERM_b34faf0a265f,time.window,endpoint/time-course,,unresolved_composite: combines an endpoint and a time-course regime without specifying one temporal window
TERM_f5f84503742d,observation.sample_matrix,culture + RNA,,unresolved_composite: combines culture material and RNA as distinct sample matrices
TERM_5e3f28b96bfb,assay.method,UPLC + qRT-PCR / developmental phenotyping,,"unresolved_composite: combines UPLC, qRT-PCR, and developmental phenotyping as distinct analytical/phenotypic readouts"
TERM_07da0c8a4665,state.culture_architecture,transcriptome time course,,"unresolved_type_mismatch: transcriptome time course describes a study/measurement design, not culture architecture"
TERM_498ff118c5ce,state.medium,PDBU after preculture,PDBU medium,normalized_partial: medium identity extracted; post-preculture workflow remains only in raw_label
TERM_0eec930dc4e8,state.agitation,250,,unreviewed
TERM_60313d55b9d8,action.intervention,hbx1 deletion,hbx1 deletion,normalized
TERM_677be4f1cc8d,state.developmental_state,early toxin-expression through development,,unresolved_type_mismatch: label describes toxin-expression trajectory across development rather than one developmental state
TERM_994d2282a32f,time.window,6 h; 24 h; 48 h,6 h; 24 h; 48 h,normalized
TERM_cd4acb035b1c,assay.method,RNA-seq,RNA-seq,normalized
TERM_22f0ed55b39b,state.culture_architecture,solid YES toxin assay,solid culture,normalized_partial: solid culture architecture extracted; YES-medium and toxin-assay context remain only in raw_label
TERM_24dc49938332,state.medium,YES agar,YES agar,normalized
TERM_bbc6e2b3703c,action.intervention,fhpA disruption or overexpression,,unresolved_composite: combines fhpA disruption and fhpA overexpression as distinct genetic interventions
TERM_d6c308472525,state.developmental_state,7-day colony development,colony development,normalized_partial: developmental-state component extracted; seven-day timing remains only in raw_label
TERM_f487b55a472f,time.window,7 days,168 h,normalized
TERM_1b7e34993d61,observation.sample_matrix,agar culture extract,agar culture extract,normalized
TERM_9d9ab4415145,assay.method,UPLC AFB1 + qRT-PCR,,unresolved_composite: combines UPLC-based AFB1 analysis and qRT-PCR as distinct analytical methods
TERM_36f5157faa1e,action.intervention,cluster SNP/deletion comparison,,"unresolved_type_mismatch: cluster SNP/deletion comparison is a comparative genomic analysis, not an experimental intervention"
TERM_d1726071b0bc,observation.sample_matrix,genomic sequence,,"unresolved_type_mismatch: genomic sequence is a data object/result, not a biological sample matrix"
TERM_adb4fecb4edd,assay.method,alignment/SNP analysis,sequence alignment and SNP analysis,normalized
TERM_faaaf898c49d,state.culture_architecture,species description / producer characterization,,"unresolved_type_mismatch: species description and producer characterization describe study purpose, not culture architecture"
TERM_46b5e80d0c04,state.medium,culture media used in original taxonomic characterization,,unresolved_underspecified: source refers to culture media used for taxonomic characterization without identifying the medium formulation
TERM_76624a8b94d5,state.developmental_state,native growth,native growth,normalized
TERM_2378c0f25aae,observation.sample_matrix,fungal cultures,fungal culture,normalized
TERM_f6687d51eda2,assay.method,morphology + aflatoxin comparison to standards,,unresolved_composite: combines morphology assessment and aflatoxin comparison to standards as distinct readouts
TERM_23e61bd13a95,state.culture_architecture,comparative cluster sequencing,,"unresolved_type_mismatch: comparative cluster sequencing is an analytical workflow, not culture architecture"
TERM_babf6ad827c7,state.medium,5/2 agar or YES for fungal culture,,unresolved_composite: combines 5/2 agar and YES as distinct medium conditions
TERM_97c2c0f9f98e,time.window,sequence / 3-day production assays in study,72 h,normalized_partial: three-day production-assay timepoint normalized to hours; sequence-study context has no temporal value and remains only in raw_label
TERM_7abf6efd3f8f,observation.sample_matrix,genomic DNA + culture extracts,,unresolved_composite: combines genomic DNA and culture extracts as distinct sample matrices
TERM_8b50f4e429ba,assay.method,fosmid shotgun sequencing + TLC,,unresolved_composite: combines fosmid shotgun sequencing and thin-layer chromatography as distinct analytical methods
TERM_13a5a14b88a6,state.culture_architecture,submerged inoculum-density assay,submerged culture,normalized_partial: submerged culture architecture extracted; inoculum-density assay context remains only in raw_label
TERM_bf6ce5d31efc,state.medium,GMS (glucose) versus PMS (5% peptone),GMS versus PMS medium,normalized_partial: compared GMS glucose and PMS 5% peptone media retained in neutral form; individual medium conditions remain combined in raw_label
TERM_b8461041df77,state.temperature_C,28,,unreviewed
TERM_5a7c387468eb,state.agitation,180,,unreviewed
TERM_d60075c848f3,action.intervention,initial spore density 10^2–10^6 spores/mL,initial spore-density variation 10^2–10^6 spores/mL,normalized
TERM_680e4bb07a32,state.culture_architecture,peanut-phytoalexin feeding assay,,"unresolved_type_mismatch: peanut-phytoalexin feeding assay describes an intervention/assay design, not culture architecture"
TERM_b68a5c46e710,state.medium,PDA-based culture,potato dextrose agar (PDA),normalized_partial: PDA medium identity expanded; generic culture wording remains only in raw_label
TERM_5072ecc6e441,action.intervention,0.3 mM arachidin-1 or arachidin-3,,unresolved_composite: arachidin-1 and arachidin-3 are distinct alternative 0.3 mM interventions and require separate action terms
TERM_707493b7d3ea,state.developmental_state,germination / mycelial development,,unresolved_composite: combines germination and mycelial development as distinct developmental states
TERM_4bb47a67c64e,time.window,24–120 h,24–120 h,normalized
TERM_10f0ae78e27c,observation.sample_matrix,culture + fungal morphology,culture,normalized_partial: culture sample component extracted; fungal morphology is a phenotypic readout and remains only in raw_label
TERM_c3fa93963cb5,assay.method,aflatoxin quantification + microscopy/morphology,,unresolved_composite: combines aflatoxin quantification with microscopy/morphology as distinct analytical and phenotypic readouts
TERM_87e537025450,state.culture_architecture,genome sequencing preparation,,"unresolved_type_mismatch: genome sequencing preparation describes sample/workflow preparation, not culture architecture"
TERM_5df65efd0a2c,state.medium,75 mL potato dextrose broth,potato dextrose broth (PDB),normalized_partial: medium identity extracted; 75 mL culture volume remains only in raw_label
TERM_ac4016814ef4,state.agitation,125,,unreviewed
TERM_2a2de9660a1d,state.developmental_state,overnight mycelial growth,mycelial growth,normalized_partial: developmental-state component extracted; overnight timing remains only in raw_label
TERM_807fb22c0549,time.window,overnight,overnight,normalized
TERM_f43eb01e8d36,observation.sample_matrix,mycelium/genomic DNA,,unresolved_composite: combines mycelial material and genomic DNA as distinct sample matrices
TERM_0c3bd073128d,assay.method,Ion Torrent PGM + MAKER annotation,Ion Torrent PGM sequencing with MAKER annotation,normalized
TERM_362936c3fb7c,state.culture_architecture,temperature-response comparison,,"unresolved_type_mismatch: temperature-response comparison describes an experimental comparison, not culture architecture"
TERM_00719cc27db8,state.medium,Brazil-nut-associated culture system,,unresolved_underspecified: Brazil-nut-associated culture system does not identify a specific medium formulation or substrate composition
TERM_f87481ad2eb7,state.temperature_C,25 / 30 / 35,,unreviewed
TERM_b7ead98f0e1d,action.intervention,temperature,temperature variation,normalized
TERM_48fb1aa29e15,state.developmental_state,radial growth / vegetative growth,vegetative growth,normalized_partial: vegetative-growth developmental state extracted; radial-growth phenotype remains only in raw_label
TERM_80bb6ec1c116,time.window,study endpoint,endpoint,normalized_partial: endpoint relation retained; no absolute duration or sampling time is specified in raw_label
TERM_b699eccf0447,observation.sample_matrix,fungal cultures + RNA + toxin extracts,,"unresolved_composite: combines fungal culture material, RNA, and toxin extracts as distinct sample matrices"
TERM_d4de5597f1e9,assay.method,growth + qPCR aflR/aflD/aflQ + aflatoxin quantification,,"unresolved_composite: combines growth assessment, qPCR gene-expression analysis, and aflatoxin quantification as distinct readouts"
TERM_eb9277c2aa31,state.culture_architecture,longitudinal Brazil-nut-matrix experiment,,"unresolved_type_mismatch: longitudinal Brazil-nut-matrix experiment describes study design and matrix context, not culture architecture"
TERM_a7e402001a3e,state.medium,Brazil-nut-based medium,Brazil-nut-based medium,normalized
TERM_ee8c587bb921,action.intervention,time,time variation,normalized
TERM_dd7394e1c363,time.window,days 2–7,48–168 h,normalized
TERM_959247819b4c,observation.sample_matrix,RNA + aflatoxin extracts,,unresolved_composite: combines RNA and aflatoxin extracts as distinct sample matrices
TERM_14837c834450,assay.method,qPCR aflC/aflQ/aflU/aflX + toxin analysis,,unresolved_composite: combines qPCR gene-expression analysis and toxin analysis as distinct analytical methods
TERM_b86cf69beb23,state.culture_architecture,laboratory fungal culture / molecular genetics,laboratory fungal culture,normalized_partial: laboratory fungal culture architecture extracted; molecular-genetics study context remains only in raw_label
TERM_bbb32eaa2ccd,state.medium,3-day fungal cultures,,unresolved_type_mismatch: three-day fungal cultures describes culture duration/material rather than a medium formulation
TERM_d609cb82efb0,action.intervention,pksA sequence comparison + Northern blot,,"unresolved_type_mismatch: pksA sequence comparison and Northern blot are analytical procedures, not experimental interventions"
TERM_3b1642d5372f,observation.sample_matrix,genomic DNA + total RNA,,unresolved_composite: combines genomic DNA and total RNA as distinct sample matrices
TERM_87e181c8f3af,assay.method,pksA sequencing; Northern hybridization,,unresolved_composite: combines pksA sequencing and Northern hybridization as distinct analytical methods
TERM_916db4485b55,state.culture_architecture,comparative complete-cluster sequencing,,"unresolved_type_mismatch: comparative complete-cluster sequencing is an analytical workflow, not culture architecture"
TERM_442f32a759f2,action.intervention,whole-cluster comparative genomics,,"unresolved_type_mismatch: whole-cluster comparative genomics is an analytical workflow, not an experimental intervention"
TERM_2c090504fef4,time.window,sequence analysis,,unresolved_type_mismatch: sequence analysis does not specify a temporal window
TERM_d60297f527c3,assay.method,Illumina mapping/assembly + deletion/SNP analysis,Illumina mapping/assembly with deletion and SNP analysis,normalized
TERM_043583f70156,state.culture_architecture,population/VCG survey,,"unresolved_type_mismatch: population/VCG survey describes a population study design, not culture architecture"
TERM_b4be43ae25e0,state.medium,maize agroecosystem isolates,,"unresolved_type_mismatch: maize agroecosystem isolates describe source/population context, not a medium formulation"
TERM_55730017b4c2,action.intervention,VCG assignment + aflC SNP + mating-type genotyping,,"unresolved_type_mismatch: VCG assignment, aflC SNP analysis, and mating-type genotyping are analytical/genotyping procedures, not experimental interventions"
TERM_4cd2673dc202,state.developmental_state,environmental population,,"unresolved_type_mismatch: environmental population describes source/population context, not a developmental state"
TERM_53912b638b4b,time.window,2005–2008 collections,2005–2008 collection period,normalized_partial: calendar collection window retained; it is a sampling period rather than an experimental duration
TERM_1d395a4b568b,observation.sample_matrix,fungal isolates / DNA,,unresolved_composite: combines fungal isolates and DNA as distinct biological/material entities
TERM_f27be9dca558,assay.method,vegetative compatibility + marker genotyping,,unresolved_composite: combines vegetative-compatibility testing and marker genotyping as distinct analytical methods
TERM_addbee3d079f,state.culture_architecture,field biocontrol deployment,,"unresolved_type_mismatch: field biocontrol deployment describes deployment context, not culture architecture"
TERM_7f13837910f9,state.medium,commercial orchards,,"unresolved_type_mismatch: commercial orchards describe deployment/location context, not a medium formulation"
TERM_5b1500d05588,state.temperature_C,field,,unreviewed
TERM_3d91bac189a8,state.agitation,field,,unreviewed
TERM_1de5c457822b,action.intervention,AF36 application on colonized sterilized grain,AF36 application,normalized_partial: AF36 application retained as the intervention; colonized sterilized grain remains substrate/context in raw_label
TERM_99d170243ae7,state.developmental_state,population establishment,,"unresolved_type_mismatch: population establishment describes an ecological/population process, not a developmental state"
TERM_0c24cf61fb12,time.window,2008–2011 commercial trials; earlier research 2002–2005,,unresolved_composite: combines 2008–2011 commercial trials and 2002–2005 earlier research as distinct calendar study periods
TERM_fc03d1db056c,observation.sample_matrix,soil A. flavus populations + harvested nuts,,unresolved_composite: combines soil A. flavus population samples and harvested nuts as distinct sample matrices
TERM_c70eded92895,assay.method,VCG typing + aflatoxin contamination monitoring,,unresolved_composite: combines VCG typing and aflatoxin-contamination monitoring as distinct analytical procedures/readouts
TERM_82142050023a,state.culture_architecture,genome-transcript annotation experiment,,"unresolved_type_mismatch: genome-transcript annotation experiment describes an analytical/study workflow, not culture architecture"
TERM_ad59554e8046,state.medium,multiple chemical environments for RNA generation,,unresolved_underspecified: multiple chemical environments are referenced but individual medium formulations are not specified
TERM_717298651915,action.intervention,long-read PCR-cDNA sequencing,,"unresolved_type_mismatch: long-read PCR-cDNA sequencing is an analytical sequencing method, not an experimental intervention"
TERM_a848f80b1f11,state.developmental_state,multiple growth conditions,,"unresolved_type_mismatch: multiple growth conditions describe condition multiplicity, not a developmental state"
TERM_456014520a92,time.window,RNA sampling across conditions,,unresolved_type_mismatch: RNA sampling across conditions describes a sampling design without a temporal window
TERM_487d317de284,observation.sample_matrix,RNA/cDNA,,unresolved_composite: combines RNA and cDNA as distinct molecular sample/material states
TERM_f132632f22c3,assay.method,Oxford Nanopore PCR-cDNA sequencing,Oxford Nanopore PCR-cDNA sequencing,normalized
TERM_c4e4b9a25b42,state.culture_architecture,physiological toxin-production assay,,"unresolved_type_mismatch: physiological toxin-production assay describes an assay/study context, not culture architecture"
TERM_43e426e72423,state.medium,multiple artificial media / pH conditions,,unresolved_composite: combines multiple artificial media and pH conditions without identifying a single medium formulation
TERM_d035dfd76bc3,action.intervention,medium and pH variation,,unresolved_composite: combines medium variation and pH variation as distinct intervention dimensions
TERM_2809f0890305,assay.method,TLC + densitometry,TLC with densitometry,normalized
TERM_9bb2b9d3eed5,state.culture_architecture,solid-media toxin characterization,solid-medium culture,normalized_partial: solid-medium culture architecture extracted; toxin-characterization study purpose remains only in raw_label
TERM_f7660799a8a3,state.medium,YES and PDA,,unresolved_composite: combines YES and PDA as two distinct media formulations
TERM_194715a0d61f,state.temperature_C,<37,,unreviewed
TERM_fac3b81c4368,state.developmental_state,vegetative colony growth,vegetative growth,normalized
TERM_348b22d30467,time.window,1 week,168 h,normalized
TERM_5064410d40bd,assay.method,HPLC + LC-MS,,unresolved_composite: combines HPLC and LC-MS as distinct analytical methods
TERM_385cbf5337c3,state.culture_architecture,cluster sequencing / gene-order analysis,,"unresolved_type_mismatch: cluster sequencing and gene-order analysis are analytical/genomic procedures, not culture architecture"
TERM_3f45b123bdba,action.intervention,overlapping lambda-clone sequencing + gene walking,,"unresolved_type_mismatch: overlapping lambda-clone sequencing and gene walking are molecular/genomic procedures, not an experimental intervention"
TERM_1e59821b7f5f,assay.method,sequencing + comparative genomics,,unresolved_composite: combines sequencing and comparative genomics as distinct analytical procedures
TERM_905116737dbd,state.culture_architecture,heterologous regulatory complementation,,"unresolved_type_mismatch: heterologous regulatory complementation describes a genetic complementation intervention/context, not culture architecture"
TERM_cedfae92649f,state.medium,transformant culture,,"unresolved_type_mismatch: transformant culture describes experimental/organism state, not the growth medium"
TERM_9eaa6cbcff2a,action.intervention,expression/introduction of Ao aflR,Ao aflR expression,normalized_partial: expression intervention extracted; introduction/delivery wording remains only in raw_label
TERM_35d422ba516a,state.developmental_state,ST-producing developmental context,,unresolved_outcome_defined: developmental context is defined by sterigmatocystin production rather than an independent developmental-state descriptor
TERM_9497a431c96e,observation.sample_matrix,culture metabolite,culture metabolite sample,normalized: sample matrix represented as culture-derived metabolite material
TERM_b3bf2391d5ff,assay.method,genetic complementation + ST assay,sterigmatocystin assay,normalized_partial: analytical assay component extracted; genetic complementation remains only in raw_label as an intervention
TERM_d4874fcd68fa,state.culture_architecture,heterologous enzyme complementation,,"unresolved_type_mismatch: heterologous enzyme complementation is an intervention/study context, not culture architecture"
TERM_3ed899fda7de,state.medium,mutant/transformant culture,,"unresolved_type_mismatch: mutant/transformant culture describes genotype or experimental state, not medium composition"
TERM_5bcbe845f9aa,action.intervention,introduction of extra-cluster Ao aflQ,extra-cluster Ao aflQ introduction,normalized: genetic intervention retained without adding mechanistic interpretation
TERM_958877a4b947,state.developmental_state,OMST-accumulating mutant background,,unresolved_outcome_defined: OMST accumulation defines a metabolic phenotype/background rather than a developmental state
TERM_78e3550484a7,assay.method,genetic complementation + aflatoxin analysis,aflatoxin analysis,normalized_partial: analytical component extracted; genetic complementation remains only in raw_label as an intervention
TERM_d2c3ea7a13db,state.culture_architecture,comparative cluster-organization PCR,,"unresolved_type_mismatch: comparative cluster-organization PCR is a molecular analytical procedure, not culture architecture"
TERM_3ad2e2911639,action.intervention,PCR across cluster organization,,"unresolved_type_mismatch: PCR across cluster organization is an analytical procedure, not a biological intervention"
TERM_a3a8c876ca22,time.window,sequence/genomic comparison,,"unresolved_type_mismatch: sequence/genomic comparison describes an analytical activity, not a temporal window"
TERM_49ffb3fc9e7c,state.culture_architecture,genomic-library / cluster-cloning study,,"unresolved_type_mismatch: genomic-library and cluster-cloning study describes a molecular study design, not culture architecture"
TERM_91ecbf3b416b,action.intervention,cloning and sequencing of alt1–alt5,,"unresolved_type_mismatch: cloning and sequencing of alt1–alt5 are molecular procedures used to characterize the cluster, not a biological intervention"
TERM_a86ab2c22282,assay.method,homology-based cloning + sequencing,,unresolved_composite: combines homology-based cloning and sequencing as distinct molecular procedures
TERM_8ba89f59f2bf,state.culture_architecture,heterologous fungal expression,heterologous fungal culture,normalized_partial: heterologous fungal culture context extracted; expression purpose remains only in raw_label
TERM_c95cd3291236,state.medium,α-amylase-promoter expression system,,"unresolved_type_mismatch: α-amylase-promoter expression system describes an expression-control system, not medium composition"
TERM_22a4a176b25e,action.intervention,alt5 expression,alt5 expression,normalized: gene-expression intervention retained directly from raw_label
TERM_f3f66cf93bbd,state.developmental_state,heterologous production state,,unresolved_outcome_defined: heterologous production state is defined by production/context rather than a developmental-state descriptor
TERM_b1dc634dc449,observation.sample_matrix,fungal culture extract,fungal culture extract,normalized: sample matrix retained directly from raw_label
TERM_14bb96176391,assay.method,isolation + NMR/MS structural elucidation,,unresolved_composite: combines isolation/sample preparation with NMR and MS structural-elucidation methods
TERM_5a943391fd5c,state.culture_architecture,stable-isotope biosynthetic labeling,,"unresolved_type_mismatch: stable-isotope biosynthetic labeling is an intervention/tracer strategy, not culture architecture"
TERM_8c1ceed82ee2,state.medium,heterologous culture,,"unresolved_type_mismatch: heterologous culture describes experimental context/host state, not medium composition"
TERM_4a0ec6359bc4,action.intervention,"[1,2-13C2]acetate and methyl-13C methionine labeling","[1,2-13C2]acetate and methyl-13C methionine labeling",normalized
TERM_3aece7ad77ba,observation.sample_matrix,purified alternapyrone,purified alternapyrone,normalized
TERM_e99c1507de5c,assay.method,13C NMR / 2D INADEQUATE,13C NMR and 2D INADEQUATE NMR,normalized
TERM_7017f6e4761e,state.culture_architecture,pathogen metabolomics / chemical ecogenomics comparator,,"unresolved_type_mismatch: pathogen metabolomics / chemical ecogenomics comparator describes a study/comparison design, not culture architecture"
TERM_a6be51b49605,state.medium,wheat-pathogen system,,"unresolved_type_mismatch: wheat-pathogen system describes host/pathosystem context, not a medium formulation"
TERM_c9c2d83de8d7,action.intervention,cluster-linked metabolite discovery,,"unresolved_type_mismatch: cluster-linked metabolite discovery describes a study objective/workflow, not an experimental intervention"
TERM_2488a5b32dd8,state.developmental_state,in planta/pathogen-relevant state,,unresolved_type_mismatch: in planta/pathogen-relevant state describes host/pathogen context rather than a developmental state
TERM_27494f65be35,observation.sample_matrix,fungal metabolite extracts,fungal metabolite extract,normalized
TERM_e1e1ca514e88,assay.method,chemical ecogenomics + structure elucidation + bioassays,,"unresolved_composite: combines chemical ecogenomics, structure elucidation, and bioassays as distinct analytical workflows/readouts"
TERM_78b82cb834e6,state.culture_architecture,heterologous reconstruction in A. nidulans,heterologous A. nidulans culture,normalized_partial: heterologous A. nidulans culture context extracted; reconstruction purpose remains only in raw_label
TERM_64f58f859ed5,state.medium,heterologous fungal host,,"unresolved_type_mismatch: heterologous fungal host describes host identity/context, not medium composition"
TERM_cd47222a51b4,action.intervention,stepwise expression of alt5′ ± tailoring genes,,unresolved_composite: stepwise expression of alt5′ with optional tailoring genes represents multiple expression interventions that require separate action terms
TERM_e23659acfd55,assay.method,heterologous expression + metabolite structure analysis,metabolite structure analysis,normalized_partial: analytical component extracted; heterologous expression remains only in raw_label as an intervention/context
TERM_ff576004e57e,state.culture_architecture,comparative genomics,,"unresolved_type_mismatch: comparative genomics is an analytical workflow, not culture architecture"
TERM_cc9700eafa1e,action.intervention,BGC-family clustering,,"unresolved_type_mismatch: BGC-family clustering is a computational/analytical procedure, not an experimental intervention"
TERM_3a670917fb94,time.window,genome-scale survey,,"unresolved_type_mismatch: genome-scale survey describes study scope, not a temporal window"
TERM_493b52a9b871,observation.sample_matrix,genome sequences,,"unresolved_type_mismatch: genome sequences are data objects/results, not biological sample matrices"
TERM_6bcc0cf4590e,assay.method,BGC-family comparative analysis,BGC-family comparative analysis,normalized
TERM_cfe5d0603497,state.culture_architecture,pathway-specific regulator activation screen,,"unresolved_type_mismatch: pathway-specific regulator activation screen describes a screening study design, not culture architecture"
TERM_d5dd6cd23048,state.medium,alcA-inducing conditions,,unresolved_underspecified: alcA-inducing conditions do not identify a specific medium formulation
TERM_431be95f8dcb,action.intervention,"promoter replacement of nearby putative TF ANID_07061.1, AN7073.3, individually and jointly",,"unresolved_composite: promoter replacement of ANID_07061.1 and AN7073.3 was tested individually and jointly, representing distinct intervention conditions"
TERM_f50bb6b55433,state.developmental_state,post-germination induced growth,post-germination growth,normalized_partial: developmental-state component extracted; induced-condition context remains only in raw_label
TERM_d3bd663a1c33,time.window,endpoint metabolite screen,endpoint,normalized_partial: endpoint relation retained; metabolite-screen context remains only in raw_label
TERM_a326a2b7b7d3,observation.sample_matrix,organic extracts,organic extract,normalized
TERM_2698f6938cd9,assay.method,HPLC-DAD-MS,HPLC-DAD-MS,normalized
TERM_410eb08dea2e,state.culture_architecture,native-chromosome direct core-enzyme activation,,"unresolved_type_mismatch: native-chromosome direct core-enzyme activation describes an activation/genetic strategy, not culture architecture"
TERM_cec608f08034,action.intervention,pkgA promoter replacement,pkgA promoter replacement,normalized
TERM_2eeda1e44f2f,state.developmental_state,induced vegetative culture,vegetative growth,normalized_partial: vegetative-growth state extracted; induced-condition context remains only in raw_label
TERM_16956c8320f3,observation.sample_matrix,medium + mycelium extracts,,unresolved_composite: combines medium-derived material and mycelium extracts as distinct sample matrices
TERM_a476ca854f4a,state.culture_architecture,native-chromosome direct core-enzyme + release-enzyme activation,,"unresolved_type_mismatch: native-chromosome direct core-enzyme plus release-enzyme activation describes an activation/genetic strategy, not culture architecture"
TERM_a664b3d32246,action.intervention,dual pkgA/pkgB promoter replacement,dual pkgA/pkgB promoter replacement,normalized
TERM_22ad26b4b99e,time.window,screen + scale-up,,unresolved_type_mismatch: screen and scale-up describe workflow stages rather than a temporal window
TERM_f7c80d3ad002,assay.method,HPLC-DAD-MS; chromatography; NMR/MS,,"unresolved_composite: combines HPLC-DAD-MS, chromatography, and NMR/MS as distinct analytical procedures"
TERM_13b21bca22b1,state.culture_architecture,secondary-metabolite deconfounding background,,"unresolved_type_mismatch: secondary-metabolite deconfounding background describes an engineered/background state, not culture architecture"
TERM_09139bd70621,state.medium,sterigmatocystin-deficient background,,"unresolved_type_mismatch: sterigmatocystin-deficient background describes a genetic/metabolic background, not medium composition"
TERM_7d52a6b1030f,action.intervention,stc-pathway disabling mutation/background plus target promoter replacement,,unresolved_composite: combines an stc-pathway-disabling background/mutation with target promoter replacement as distinct intervention components
TERM_d1103e072ad3,state.developmental_state,induced growth,growth,normalized_partial: growth state retained; induced-condition context remains only in raw_label
TERM_4f8401e23460,time.window,screening period,,unresolved_underspecified: screening period does not specify an absolute or relative temporal window
TERM_3c043055316e,state.culture_architecture,heterologous comparator,,unresolved_underspecified: heterologous comparator describes a comparison role/context without specifying culture architecture
TERM_a1b44c7971c0,state.medium,Aspergillus minimal liquid medium + 10 mM ammonium tartrate,Aspergillus minimal liquid medium with 10 mM ammonium tartrate,normalized
TERM_96bef36da859,action.intervention,heterologous SnPKS19 expression,heterologous SnPKS19 expression,normalized
TERM_626930439172,state.developmental_state,72-h vegetative culture,vegetative growth,normalized_partial: vegetative-growth state extracted; 72-h timing remains only in raw_label
TERM_7940e2ac3cdb,time.window,72 h,72 h,normalized
TERM_bfa00f178127,observation.sample_matrix,EtOAc culture extract + RNA,,unresolved_composite: combines ethyl-acetate culture extract and RNA as distinct sample matrices
TERM_2ba7bd4f2083,assay.method,LC-DAD-MS + RT-PCR,,unresolved_composite: combines LC-DAD-MS and RT-PCR as distinct analytical methods
TERM_df189b03c490,state.culture_architecture,native-cluster comparator,,unresolved_underspecified: native-cluster comparator describes a comparison role/context without specifying culture architecture
TERM_ce41618dae5a,state.medium,native/heterologous systems,,"unresolved_type_mismatch: native/heterologous systems describe experimental host/system contexts, not medium composition"
TERM_46123fbe8984,action.intervention,"CRISPR deletions, TF modulation, heterologous expression",,"unresolved_composite: combines CRISPR deletions, transcription-factor modulation, and heterologous expression as distinct intervention classes"
TERM_9d0746f28a4d,state.developmental_state,plant-pathogen context,,"unresolved_type_mismatch: plant-pathogen context describes ecological/host context, not a developmental state"
TERM_861b94913d0e,time.window,study-specific,,unresolved_underspecified: study-specific does not specify a temporal window
TERM_26e498be1184,observation.sample_matrix,metabolites + RNA + infection assays,,unresolved_composite: combines metabolites and RNA as sample materials and infection assays as an experimental assay/context
TERM_a96f40157f3e,assay.method,genetics + metabolomics,,unresolved_composite: combines genetics and metabolomics as distinct analytical/evidence modalities
TERM_962d1ead2715,state.culture_architecture,standard-laboratory vs pathway-TF activation,,"unresolved_type_mismatch: standard-laboratory versus pathway-TF activation describes experimental/regulatory states, not culture architecture"
TERM_6f66f69f0162,state.medium,ordinary lab culture versus alcA-inducible afoA promoter-replacement state,,unresolved_type_mismatch: ordinary laboratory culture versus an alcA-inducible afoA promoter-replacement state does not specify medium composition
TERM_405ee3f335a0,action.intervention,replace native afoA promoter with inducible alcA promoter,afoA promoter replacement with inducible alcA promoter,normalized
TERM_dc4288f0cc24,time.window,endpoint metabolite comparison,endpoint,normalized_partial: endpoint temporal position extracted; metabolite-comparison context remains only in raw_label
TERM_8db04fffe5f9,assay.method,HPLC/LC-MS + isolation/NMR,,"unresolved_composite: combines HPLC/LC-MS, compound isolation, and NMR as distinct analytical procedures"
TERM_0c40df00b803,state.culture_architecture,systematic functional localization,,"unresolved_type_mismatch: systematic functional localization describes a study objective/design, not culture architecture"
TERM_1c3a64b5edc6,state.medium,same engineered productive background,,"unresolved_type_mismatch: same engineered productive background describes genotype/experimental state, not medium composition"
TERM_0a941b8697b0,action.intervention,individual deletions across AN1027–AN1037,individual deletions of AN1027–AN1037,normalized
TERM_8f2934bbcc38,state.developmental_state,engineered productive state,,"unresolved_type_mismatch: engineered productive state describes an engineered/outcome state, not a developmental state"
TERM_bb2d606e14dd,assay.method,metabolite profiling,metabolite profiling,normalized
TERM_0270fcb52d2c,state.culture_architecture,intermediate-trapping experiment,,"unresolved_type_mismatch: intermediate-trapping experiment describes experimental design/purpose, not culture architecture"
TERM_f007fde59753,state.medium,productive engineered background,,"unresolved_type_mismatch: productive engineered background describes genotype/outcome context, not medium composition"
TERM_446547feabd9,action.intervention,delete afoD,afoD deletion,normalized
TERM_ebdcac3f76c9,assay.method,isolation / structural analysis,isolation and structural analysis,normalized
TERM_193028c179fb,state.culture_architecture,cross-cluster regulatory activation,,"unresolved_type_mismatch: cross-cluster regulatory activation describes regulatory state/action, not culture architecture"
TERM_d82860df3746,state.medium,A. nidulans minimal medium under alcA-inducing versus repressing conditions,A. nidulans minimal medium,normalized_partial: medium identity extracted; alcA-inducing versus repressing condition remains only in raw_label
TERM_b6e7efb5ddfb,action.intervention,overexpress scpR from chromosome-II inp cluster,scpR overexpression from chromosome-II inp cluster,normalized
TERM_1343d1bb7312,state.developmental_state,vegetative mycelial culture,vegetative growth,normalized
TERM_8e78e91b4e79,time.window,induced vs repressed,,"unresolved_type_mismatch: induced versus repressed describes regulatory conditions, not a temporal window"
TERM_945805438f9e,observation.sample_matrix,RNA + culture supernatant,,unresolved_composite: combines RNA and culture supernatant as distinct sample matrices
TERM_21158bed6f1b,assay.method,secondary-metabolite microarray/qRT-PCR + HPLC,,unresolved_composite: combines secondary-metabolite microarray/qRT-PCR and HPLC as distinct analytical methods
TERM_386774f72d58,state.culture_architecture,test whether inp-cluster product is the activating signal,,"unresolved_type_mismatch: statement describes a hypothesis/test objective about an activating signal, not culture architecture"
TERM_6f2bdeea3b41,action.intervention,delete inpB while overexpressing scpR,,unresolved_composite: combines inpB deletion and scpR overexpression as distinct interventions
TERM_826b28430642,observation.sample_matrix,RNA + supernatant,,unresolved_composite: combines RNA and supernatant as distinct sample matrices
TERM_aa26fed5d3af,assay.method,Northern/qRT-PCR + HPLC,,unresolved_composite: combines Northern blot/qRT-PCR and HPLC as distinct analytical methods
TERM_48cd577c3519,state.culture_architecture,epistasis / regulatory dependency,,"unresolved_type_mismatch: epistasis/regulatory dependency describes a genetic relationship or study design, not culture architecture"
TERM_7dfcdafb8fc2,action.intervention,delete afoA in scpR-overexpression background,afoA deletion,normalized_partial: afoA deletion intervention extracted; scpR-overexpression background remains only in raw_label as experimental context
TERM_1a5a9a5c7d7a,time.window,induced,,"unresolved_type_mismatch: induced describes a regulatory condition, not a temporal window"
TERM_c5a9f7b65d0a,assay.method,Northern + HPLC,,unresolved_composite: combines Northern blot and HPLC as distinct analytical methods
TERM_7b4e25b82f45,state.culture_architecture,compound bioactivity assay,,"unresolved_type_mismatch: compound bioactivity assay describes an assay purpose, not culture architecture"
TERM_2031b1a25aed,state.medium,cell culture,,"unresolved_type_mismatch: cell culture describes an experimental system, not a defined fungal growth medium"
TERM_a407e1e7bacb,state.temperature_C,37,,unreviewed
TERM_a1cb09709d47,action.intervention,asperfuranone 15–20 µM and dose-response series,asperfuranone treatment,normalized_partial: compound-treatment intervention extracted; 15–20 µM concentration and dose-response design remain only in raw_label
TERM_8b8607a20e9b,state.developmental_state,human NSCLC cells,,"unresolved_type_mismatch: human NSCLC cells describe the assay cell system, not a fungal developmental state"
TERM_bfcc96e4d208,time.window,24–48 h depending assay,24–48 h,normalized_partial: temporal interval extracted; assay-dependent timing remains only in raw_label
TERM_67f5f39b7330,observation.sample_matrix,A549 cells,A549 cells,normalized
TERM_d3c9230f4b15,assay.method,"XTT, flow cytometry, TUNEL, ELISA",,"unresolved_composite: combines XTT, flow cytometry, TUNEL, and ELISA as distinct analytical methods"
TERM_1253e7eba58b,state.culture_architecture,random-mutagenesis localization,,"unresolved_type_mismatch: random-mutagenesis localization describes a genetic mapping strategy, not culture architecture"
TERM_eb442c7dda69,state.medium,PDA / laboratory culture in defining study,potato dextrose agar (PDA),normalized_partial: PDA medium extracted; defining-study laboratory-culture context remains only in raw_label
TERM_3983a25b7876,action.intervention,T-DNA insertion upstream of mppR1,T-DNA insertion upstream of mppR1,normalized
TERM_bbf19b672db1,state.developmental_state,pigmented mycelial growth,mycelial growth,normalized_partial: developmental-state component extracted; pigmentation remains only in raw_label as an observed phenotype
TERM_34fec7bd0cf8,time.window,endpoint + RNA,endpoint,normalized_partial: temporal endpoint extracted; RNA refers to sample material and remains only in raw_label
TERM_f71a54122166,observation.sample_matrix,colony pigmentation + RNA,,unresolved_composite: combines colony pigmentation phenotype with RNA sample material; distinct observation and sample-matrix components require separate representation
TERM_834996b37f8c,assay.method,DNA walking + RT-PCR/qRT-PCR,,"unresolved_composite: combines DNA walking, RT-PCR, and qRT-PCR as distinct analytical/genetic methods"
TERM_c99f567a8757,state.culture_architecture,targeted gene inactivation,,"unresolved_type_mismatch: targeted gene inactivation describes a genetic intervention, not culture architecture"
TERM_a08a5ae60e99,state.medium,laboratory culture,,unresolved_type_mismatch: laboratory culture does not identify a defined medium or substrate
TERM_eff18d274060,action.intervention,MpPKS5 knockout,MpPKS5 knockout,normalized
TERM_50da165fde0a,state.developmental_state,mycelial growth,mycelial growth,normalized
TERM_95a3fdb2b71e,observation.sample_matrix,colony/extract,,unresolved_composite: combines colony material and extract as distinct sample matrices
TERM_f1f2b0efdb5e,assay.method,gene targeting + HPLC/pigment phenotype,,"unresolved_composite: combines genetic intervention, chemical analysis, and phenotype assessment in one assay-method term"
TERM_b93f3813f6bb,state.culture_architecture,dedicated-FAS knockout,,"unresolved_type_mismatch: genetic knockout is an intervention, not culture architecture"
TERM_7f810216d3eb,state.medium,PDA and biochemical analysis,potato dextrose agar (PDA),partial: medium component is explicit; biochemical-analysis context retained only in raw_label
TERM_cc4d92b0b0c4,action.intervention,fasB2 targeted inactivation,fasB2 targeted inactivation,normalized
TERM_a0c05f2925e8,observation.sample_matrix,colony + metabolite + cellular fatty acids,,"unresolved_composite: combines colony material, metabolite material, and cellular-fatty-acid material as distinct observation targets"
TERM_a579ac79b272,assay.method,HPLC + GC fatty-acid methyl esters,,unresolved_composite: combines HPLC and GC fatty-acid-methyl-ester analysis as distinct analytical methods
TERM_7d7f7f491659,state.culture_architecture,branch-selective redox engineering,,"unresolved_type_mismatch: redox engineering describes an intervention strategy, not culture architecture"
TERM_5bba989f8018,state.medium,multiple culture methods including chemically defined submerged medium,,unresolved_composite: mixes culture-method/architecture information with an underspecified chemically defined medium
TERM_1cfd955064aa,action.intervention,mppE deletion or overexpression,,"unresolved_composite: deletion and overexpression are alternative, distinct interventions"
TERM_ed8b2cbd4dd1,state.developmental_state,pigment-producing growth,,unresolved_outcome_defined: pigment production is an observed phenotype and does not uniquely define a developmental state
TERM_68b160337820,observation.sample_matrix,pigment extracts,pigment extract,normalized
TERM_a1b3c28bb155,assay.method,pigment quantification/analysis,,unresolved_underspecified: pigment quantification/analysis does not identify a reproducible analytical method
TERM_8246ac79ac21,state.culture_architecture,branch-selective oxidase knockout,,"unresolved_type_mismatch: oxidase knockout is an intervention, not culture architecture"
TERM_80be135cd1f2,state.medium,laboratory pigment culture,,unresolved_underspecified: laboratory pigment culture does not specify the medium formulation
TERM_167f95f25779,action.intervention,mppG targeted inactivation,mppG targeted inactivation,normalized
TERM_d81964e527e7,assay.method,pigment profiling + feeding experiment,,unresolved_composite: combines pigment profiling with a feeding experiment in one analytical-method term
TERM_9c0dfab00acb,state.culture_architecture,comparative locus identification,,"unresolved_type_mismatch: comparative locus identification is an analysis task, not culture architecture"
TERM_b4aee94bd3b8,action.intervention,use M. purpureus discovery sequence to identify homologous full cluster,,"unresolved_type_mismatch: sequence-based homologous-cluster identification is a computational analysis, not an experimental intervention"
TERM_2178c3664d89,assay.method,genome sequence mining / annotation,genome sequence mining and annotation,normalized
TERM_7cf3c2f568ff,state.culture_architecture,targeted core-PKS genetics,,"unresolved_type_mismatch: targeted core-PKS genetics describes genetic intervention/design, not culture architecture"
TERM_b2eb1ac13f56,state.medium,laboratory fungal culture,,unresolved_type_mismatch: laboratory fungal culture describes culture context/architecture and does not specify a medium
TERM_2386f3fc277b,action.intervention,bik1/pks4 disruption,bik1/pks4 disruption,normalized
TERM_a0bcaa8c6f39,observation.sample_matrix,mycelium + culture filtrate,,unresolved_composite: mycelium and culture filtrate are distinct sample matrices
TERM_6f4744641b76,assay.method,gene disruption + pigment/metabolite analysis,,unresolved_composite: combines genetic disruption with pigment and metabolite analyses in one analytical-method term
TERM_b3b27f566bd7,state.culture_architecture,targeted tailoring-gene genetics,,"unresolved_type_mismatch: targeted tailoring-gene genetics describes genetic intervention/design, not culture architecture"
TERM_fc4dee37b217,action.intervention,bik2 or bik3 deletion,bik2 or bik3 deletion,normalized
TERM_8d6830da1ba9,observation.sample_matrix,mycelium/extract,,unresolved_composite: mycelium and extract are distinct sample matrices and require separate representation
TERM_9554ebc440ff,assay.method,deletion + HPLC/pigment analysis,,unresolved_composite: combines genetic deletion with HPLC and pigment analysis in one analytical-method term
TERM_b4f82bbdd191,state.culture_architecture,regulator/transporter dissection,,"unresolved_type_mismatch: regulator/transporter dissection describes genetic study design, not culture architecture"
TERM_ebca60346d87,action.intervention,individual gene deletions,individual gene deletions,normalized
TERM_04bf20418cbd,observation.sample_matrix,RNA + culture pigment,,unresolved_composite: RNA and culture pigment are distinct sample matrices
TERM_046bdcf9ce62,assay.method,Northern/expression + product analysis,,unresolved_composite: combines Northern/expression analysis with product analysis in one analytical-method term
TERM_ef7fbb9a0c43,state.culture_architecture,pH-regulatory experiment,,"unresolved_type_mismatch: pH-regulatory experiment describes experimental purpose/design, not culture architecture"
TERM_8ea728a6e5b6,state.medium,acidic versus alkaline / PacC genetic states,,unresolved_composite: combines acidic/alkaline condition regimes with PacC genetic states and does not identify a single medium
TERM_c2512af6c381,action.intervention,pacC deletion or constitutively active PacC allele,,unresolved_composite: pacC deletion and a constitutively active PacC allele are distinct alternative interventions
TERM_a44dbfa99d93,time.window,time course,time course,normalized
TERM_50bc95a2be14,observation.sample_matrix,RNA + pigment,,unresolved_composite: RNA and pigment are distinct sample matrices
TERM_eadedb7b1bdb,assay.method,expression analysis + metabolite phenotype,,unresolved_composite: combines expression analysis with a metabolite phenotype rather than specifying one analytical method
TERM_b37e732ca944,state.culture_architecture,multi-condition omics/metabolite experiment,,"unresolved_type_mismatch: multi-condition omics/metabolite experiment describes study design, not culture architecture"
TERM_b0a64a68adc7,state.medium,6 mM glutamine low-N; high-N conditions; acidic/alkaline regimes,,unresolved_composite: combines low- and high-nitrogen conditions with acidic/alkaline regimes; no single medium is represented
TERM_8445c7ae635a,action.intervention,nitrogen amount × pH,nitrogen level × pH variation,normalized
TERM_29eebe236620,observation.sample_matrix,RNA/protein/metabolites/chromatin,,"unresolved_composite: RNA, protein, metabolites, and chromatin are distinct sample or observation domains"
TERM_cdd20eb98bcc,assay.method,microarray + proteomics + HPLC-FTMS + histone profiling,,"unresolved_composite: combines microarray, proteomics, HPLC-FTMS, and histone profiling as distinct analytical methods"
TERM_93ba7db9e33a,state.culture_architecture,environmental perturbation,,unresolved_type_mismatch: environmental perturbation describes experimental design/action rather than culture architecture
TERM_bd44205594bc,state.medium,defined media,defined medium,normalized
TERM_5a1e65e23cd2,action.intervention,sucrose level and salt limitation,sucrose level variation and salt limitation,normalized
TERM_8f87a57e3601,observation.sample_matrix,culture filtrate + RNA,,unresolved_composite: culture filtrate and RNA are distinct sample matrices
TERM_fc985ca665c4,assay.method,pigment quantification + transcript analysis,,unresolved_composite: pigment quantification and transcript analysis are distinct analytical methods
TERM_b4e643f8c553,state.culture_architecture,solid coculture / imaging MS,solid coculture,normalized_partial: culture architecture extracted; imaging-MS assay context remains only in raw_label
TERM_b41564bbfb52,state.medium,agar coculture,,unresolved_type_mismatch: agar coculture describes culture architecture/support rather than a defined medium formulation
TERM_3490b00c7415,action.intervention,wild-type bacterial ralsolamycin production versus ΔrmyA,,unresolved_composite: compares wild-type ralsolamycin-producing bacteria with a ΔrmyA bacterial condition; distinct intervention/comparator conditions require separate representation
TERM_52fb400eccb0,state.developmental_state,interaction-induced chlamydospore state,chlamydospore state,normalized_partial: developmental state extracted; interaction-induced context remains only in raw_label
TERM_711c96abffa0,observation.sample_matrix,interaction zone / chlamydospores,,unresolved_composite: combines interaction-zone material and chlamydospores as distinct sample matrices
TERM_f0e3226fe0a3,assay.method,MALDI-TOF imaging MS + microscopy,,unresolved_composite: combines MALDI-TOF imaging mass spectrometry and microscopy as distinct analytical methods
TERM_646e436ddae5,state.culture_architecture,liquid signal-decomposition experiment,liquid culture,normalized_partial: liquid culture architecture extracted; signal-decomposition experiment purpose remains only in raw_label
TERM_5007f0cec74c,state.medium,high- and low-nitrogen fungal cultures,,unresolved_composite: combines high- and low-nitrogen culture conditions and does not identify a single medium formulation
TERM_2951c2ca5a5f,action.intervention,GMI1000-conditioned medium / purified ralsolamycin,,unresolved_composite: GMI1000-conditioned medium and purified ralsolamycin are distinct intervention conditions
TERM_762dfd1d532f,assay.method,HPLC-PDA + RT-PCR/Northern,,"unresolved_composite: combines HPLC-PDA, RT-PCR, and Northern analysis as distinct analytical methods"
TERM_e4d84ba5f3ce,state.culture_architecture,ecological-function assay,,"unresolved_type_mismatch: ecological-function assay describes assay/study purpose, not culture architecture"
TERM_9f9e7db499c6,state.medium,coculture,,"unresolved_type_mismatch: coculture describes culture architecture/context, not a medium formulation"
TERM_c7c229b77711,action.intervention,bik1 deletion,bik1 deletion,normalized
TERM_2600f65590d3,state.developmental_state,ralsolamycin-induced chlamydospores,chlamydospore state,normalized_partial: developmental state extracted; ralsolamycin-induced context remains only in raw_label
TERM_ed3d4d85b3da,observation.sample_matrix,chlamydospores,chlamydospores,normalized
TERM_50595403fd9b,assay.method,confocal microscopy + colonization statistics,confocal microscopy,normalized_partial: imaging method extracted; colonization-statistics analysis remains only in raw_label
TERM_b9adb872106d,state.culture_architecture,native medium-dependent cichorine production,,unresolved_outcome_defined: label defines the culture context by medium-dependent cichorine production rather than specifying culture architecture
TERM_9dc30513dc47,state.medium,"YES agar: 20 g/L yeast extract, 120 g/L sucrose, 20 g/L agar + trace elements",YES agar: 20 g/L yeast extract; 120 g/L sucrose; 20 g/L agar; trace elements,normalized: medium formulation retained with standardized separators
TERM_8421873b5bdb,state.developmental_state,5-day colony growth,colony growth,normalized_partial: developmental-state component extracted; five-day timing remains only in raw_label
TERM_c023820a1d1a,observation.sample_matrix,whole agar/culture extract,,unresolved_ambiguous: label does not distinguish whole agar material from culture extract as the sample matrix
TERM_7c157e8ff49a,assay.method,sequential MeOH and MeOH:DCM extraction + EtOAc partition + LC/MS,LC-MS,normalized_partial: analytical readout extracted; methanol/MeOH:DCM extraction and ethyl-acetate partition remain only in raw_label as sample-preparation steps
TERM_4d864af758a3,state.culture_architecture,systematic local-boundary genetics,,"unresolved_type_mismatch: systematic local-boundary genetics describes a genetic study design, not culture architecture"
TERM_747712b764b3,state.medium,same YES agar condition,YES agar,normalized_partial: medium identity extracted; same-condition reference context remains only in raw_label
TERM_752f85ccd587,action.intervention,individual targeted deletions,individual targeted deletions,normalized
TERM_d5020e46c48c,observation.sample_matrix,whole culture extract,whole culture extract,normalized
TERM_ca0a32da085c,assay.method,HPLC/LC-MS,,unresolved_composite: combines HPLC and LC-MS as distinct analytical methods
TERM_0404d44de65a,state.culture_architecture,intermediate-trapping / analytical-rescue experiment,,"unresolved_type_mismatch: intermediate-trapping / analytical-rescue experiment describes experimental design/purpose, not culture architecture"
TERM_a33f8bf8ad2d,action.intervention,delete cicB or cicC + acidify aqueous extract to pH 2,,unresolved_composite: combines cicB/cicC deletion alternatives with post-extraction acidification to pH 2; distinct genetic and sample-processing actions require separate representation
TERM_5be044102b28,observation.sample_matrix,acidified aqueous/EtOAc extract,,unresolved_ambiguous: acidified aqueous and ethyl-acetate extract phases are not distinguished as one versus multiple sample matrices
TERM_924eafc27e50,assay.method,silica chromatography + preparative HPLC + NMR/MS,,"unresolved_composite: combines silica chromatography, preparative HPLC, NMR, and MS as distinct separation and analytical procedures"
TERM_52839970e2ea,state.culture_architecture,direct core-PKS activation,,"unresolved_type_mismatch: direct core-PKS activation describes a genetic/activation strategy, not culture architecture"
TERM_5502fd79e7af,state.medium,PKS-overexpression screening on multiple media,,unresolved_underspecified: screening is reported across multiple media without identifying a single medium formulation
TERM_08ed91bc4b3b,action.intervention,ectopic/direct PKS overexpression,PKS overexpression,normalized_partial: PKS overexpression intervention extracted; ectopic/direct implementation wording remains only in raw_label
TERM_2c4d1f4b2ed7,state.developmental_state,engineered growth,growth,normalized_partial: growth state extracted; engineered-background context remains only in raw_label
TERM_ad2a080d140f,time.window,screen endpoint,endpoint,normalized_partial: endpoint temporal position extracted; screening context remains only in raw_label
TERM_40649f419d4f,assay.method,HPLC/MS,HPLC-MS,normalized: HPLC/MS canonicalized as HPLC-MS
TERM_9b783a66c937,state.culture_architecture,pathway-inactivation analogue discovery,,"unresolved_type_mismatch: pathway-inactivation analogue discovery describes study purpose/design, not culture architecture"
TERM_6e0c3e47eab4,state.medium,dereplicated A. nidulans background,,"unresolved_type_mismatch: dereplicated A. nidulans background describes an engineered strain/background, not medium composition"
TERM_bc2d903d036d,action.intervention,delete cicF/pkbA from an eight-major-BGC deletion chassis,cicF/pkbA deletion,normalized_partial: cicF/pkbA deletion extracted as the intervention; eight-major-BGC deletion chassis remains only in raw_label as background context
TERM_480923b71411,observation.sample_matrix,EtOAc extracts,ethyl acetate extract,normalized: EtOAc expanded to ethyl acetate and singularized as sample-matrix label
TERM_c77bd9d0e3e0,assay.method,HPLC-UV + purification + NMR/HRESIMS,,"unresolved_composite: combines HPLC-UV, purification, NMR, and HRESIMS as distinct separation and analytical procedures"
TERM_9fbba7f84abc,state.culture_architecture,cross-BGC combinatorial biosynthesis,,"unresolved_type_mismatch: cross-BGC combinatorial biosynthesis describes an engineering/biosynthesis strategy, not culture architecture"
TERM_c80ff11477e5,state.medium,genetic-dereplication strains,,"unresolved_type_mismatch: genetic-dereplication strains describe engineered strain/background context, not medium composition"
TERM_db1a49d2ecb4,action.intervention,multi-cluster dereplication / aspercryptin-pathway analysis,multi-cluster dereplication,normalized_partial: multi-cluster dereplication retained as the intervention component; aspercryptin-pathway analysis remains only in raw_label as analytical context
TERM_642d0786204b,observation.sample_matrix,culture metabolites,culture-derived metabolite sample,normalized: culture metabolites represented neutrally as culture-derived metabolite sample material
TERM_83a9ea64fc81,assay.method,genetics + metabolite structure analysis,,unresolved_composite: combines genetic analysis and metabolite structure analysis as distinct evidence/analytical modalities
TERM_e33c5a02ba43,state.culture_architecture,pathway-specific TF overexpression,,"unresolved_type_mismatch: pathway-specific transcription-factor overexpression is a genetic intervention, not culture architecture"
TERM_0233c62be000,state.medium,large-scale fermentation,,unresolved_type_mismatch: large-scale fermentation describes process/culture scale rather than a medium formulation
TERM_2ca7b52bd664,action.intervention,cicD overexpression,cicD overexpression,normalized: gene-overexpression intervention retained directly from raw_label
TERM_3de928b6dcdd,time.window,scale-up endpoint,endpoint,normalized_partial: endpoint temporal position extracted; scale-up context remains only in raw_label
TERM_34f246d85db8,observation.sample_matrix,fermentation extract,fermentation extract,normalized: sample-matrix label retained directly from raw_label
TERM_99e5ac4fc1a4,assay.method,chemical isolation + NMR + HRESIMS + ECD,,"unresolved_composite: combines chemical isolation with NMR, HRESIMS, and ECD as distinct preparation and analytical procedures"
TERM_9c413fabaa0e,state.culture_architecture,cluster cloning/sequencing,,"unresolved_type_mismatch: cluster cloning and sequencing are molecular/genomic procedures, not culture architecture"
TERM_3584d2d8c6a2,state.medium,native fungal culture,,unresolved_type_mismatch: native fungal culture describes culture context rather than a medium formulation
TERM_af98346e7afc,action.intervention,clone/map ~40-kb mlc region,,"unresolved_type_mismatch: cloning/mapping an approximately 40-kb mlc region is a molecular/genomic characterization procedure, not an experimental intervention"
TERM_21c72d68eb44,state.developmental_state,producer state,,unresolved_outcome_defined: producer state is defined by product formation rather than an independent developmental-state descriptor
TERM_a93d0d30e4fa,observation.sample_matrix,DNA + compactin,DNA,normalized_partial: DNA sample component extracted; compactin is a product/analyte and remains only in raw_label
TERM_817f1fa0fb08,assay.method,sequencing + metabolite correlation,,unresolved_composite: combines sequencing with metabolite-correlation analysis as distinct analytical procedures
TERM_1afd2fcabbf4,state.culture_architecture,native genetic engineering,,"unresolved_type_mismatch: native genetic engineering describes an intervention strategy, not culture architecture"
TERM_a38ab4c61217,state.medium,production fermentation,,unresolved_type_mismatch: production fermentation describes process/culture context rather than a medium formulation
TERM_09706b2fa07c,action.intervention,introduce cosmid pML48 carrying mlcA–F plus mlcR,pML48 cosmid introduction carrying mlcA–F and mlcR,normalized: genetic introduction intervention retained with the explicitly stated cosmid and carried genes
TERM_cfa30f3d92c9,state.developmental_state,high-copy production state,,unresolved_outcome_defined: high-copy production state combines genetic-copy context with a production phenotype rather than a developmental state
TERM_90862a06b8f1,observation.sample_matrix,compactin,,"unresolved_type_mismatch: compactin is a product/analyte, not a biological sample matrix"
TERM_7fb924dcca0a,assay.method,copy-number analysis + fermentation assay,,unresolved_composite: combines copy-number analysis with a fermentation assay as distinct analytical/experimental procedures
TERM_2d6857aa29a6,state.culture_architecture,native resistance assay,,"unresolved_type_mismatch: native resistance assay describes an assay design, not culture architecture"
TERM_3f52bcbd541f,state.medium,fungal growth assay,,"unresolved_type_mismatch: fungal growth assay describes an assay context, not a medium formulation"
TERM_98f8762eef5b,action.intervention,disrupt mlcD,mlcD disruption,normalized: gene-disruption intervention canonicalized without adding mechanistic interpretation
TERM_fbe9cc947231,state.developmental_state,self-resistance challenged state,,"unresolved_type_mismatch: self-resistance challenged state describes an experimental resistance condition, not a developmental state"
TERM_bb802b8b5fcb,observation.sample_matrix,growth under compactin,,unresolved_type_mismatch: growth under compactin describes a condition/readout rather than a biological sample matrix
TERM_b3ef4a2016a5,assay.method,growth/sensitivity assay,growth and sensitivity assay,normalized: assay label standardized without inferring a specific measurement platform
TERM_335b2bff80de,state.culture_architecture,native regulator manipulation,,"unresolved_type_mismatch: native regulator manipulation describes an intervention strategy, not culture architecture"
TERM_1c9960609825,state.medium,fungal production culture,,unresolved_type_mismatch: fungal production culture describes culture context rather than a medium formulation
TERM_aee99d2e83bd,action.intervention,alter mlcR dosage/function,,unresolved_composite: altering mlcR dosage and altering mlcR function can represent distinct perturbations and are not separable from this label
TERM_5fecd410ffd8,state.developmental_state,regulatory state,,unresolved_type_mismatch: regulatory state is not a developmental-state descriptor
TERM_25872d562a41,observation.sample_matrix,mlc transcripts + compactin,,unresolved_composite: combines mlc transcript measurements with compactin product/analyte information rather than one sample matrix
TERM_24a4bc63e821,assay.method,transcription + production assay,,unresolved_composite: combines transcription and production readouts as distinct assay dimensions
TERM_b7b677db60c7,state.culture_architecture,natural-product isolation / producer identification,,"unresolved_type_mismatch: natural-product isolation and producer identification describe study procedures/objectives, not culture architecture"
TERM_1dd0b32e3306,state.medium,rhizosphere-derived fungal culture,,"unresolved_type_mismatch: rhizosphere-derived fungal culture describes source/provenance or culture context, not a medium formulation"
TERM_25da078940ab,state.developmental_state,native fungal growth,fungal growth,normalized_partial: broad developmental-state descriptor standardized; native context retained only in raw_label
TERM_e0f2806407f9,observation.sample_matrix,fungal extract,fungal extract,normalized: sample-matrix label retained in neutral singular form
TERM_5015c9d801b0,assay.method,chromatographic isolation + structure analysis,,unresolved_composite: combines chromatographic isolation with downstream structure-analysis procedures rather than one assay method
TERM_de7bf1b7a054,state.culture_architecture,PCR/fosmid cluster cloning,,"unresolved_type_mismatch: PCR/fosmid cluster cloning is a molecular cloning workflow, not culture architecture"
TERM_1e7b7a739aaf,action.intervention,degenerate-primer amplification of collaborating-PKS candidates followed by fosmid sequencing,,"unresolved_type_mismatch: degenerate-primer amplification followed by fosmid sequencing is a locus-identification workflow, not a biological intervention"
TERM_e46a03f84e4e,assay.method,PCR + fosmid sequencing + annotation,,"unresolved_composite: combines PCR, fosmid sequencing, and annotation as distinct workflow components rather than one assay method"
TERM_e9c5b8a12d78,state.culture_architecture,heterologous pathway reconstruction,,"unresolved_type_mismatch: heterologous pathway reconstruction describes an experimental strategy/intervention, not culture architecture"
TERM_2d93117087ca,state.medium,"SC medium to OD600 0.6, then equal volume YP",,unresolved_composite: sequential SC and YP media plus an OD600 transition condition cannot be represented as one medium term without losing structure
TERM_5553ccf5a32a,action.intervention,dual PKS expression under ADH2 promoter,dual PKS expression under ADH2 promoter,normalized: intervention label is already specific and neutral
TERM_2037801bea90,time.window,2 additional days after YP addition,48 h after YP addition,normalized: 2 additional days standardized to 48 h while retaining the event anchor
TERM_3d11c1335535,observation.sample_matrix,culture,culture,"normalized: sample-matrix label retained because the source does not distinguish biomass, supernatant, or extract"
TERM_b04e39a83125,assay.method,EtOAc extraction + HPLC + NMR,,"unresolved_composite: combines ethyl acetate extraction, HPLC, and NMR as distinct preparation and analytical procedures"
TERM_5891c30560fa,state.culture_architecture,advanced-starter feeding experiment,,"unresolved_type_mismatch: advanced-starter feeding experiment describes experimental design/intervention, not culture architecture"
TERM_a1d04eac2b0c,state.medium,SC/yeast heterologous system,SC medium,normalized_partial: SC medium extracted as the defensible medium component; heterologous yeast-system context remains only in raw_label
TERM_54016e812802,action.intervention,feed tetraketide N-acetylcysteamine starter analogues,tetraketide N-acetylcysteamine starter analogue feeding,normalized: feeding intervention standardized to noun form without changing the chemical class
TERM_799404176995,assay.method,EtOAc extraction + HPLC/HRMS/MS,,"unresolved_composite: combines ethyl acetate extraction with HPLC, HRMS, and MS/MS as distinct preparation and analytical procedures"
TERM_b752aa094c80,state.culture_architecture,heterologous negative control,,"unresolved_type_mismatch: heterologous negative control denotes experimental/control role, not culture architecture"
TERM_5d68c7443516,state.medium,same yeast culture regime,,unresolved_underspecified: same yeast culture regime is a relative reference and does not identify a medium formulation in this term
TERM_b98516058a49,action.intervention,blank expression vectors,blank expression vector control,normalized: intervention/control label standardized without inferring vector identity or host
TERM_a9a99df6da55,state.developmental_state,heterologous control state,,"unresolved_type_mismatch: heterologous control state is a control designation, not a developmental-state descriptor"
TERM_bc1cae605d01,time.window,same endpoint,,unresolved_underspecified: same endpoint is a relative temporal reference with no recoverable duration in this term
TERM_b83bfa362ee8,assay.method,HPLC,HPLC,normalized: analytical method is already specific and neutral
TERM_bcd9c7db5a83,action.intervention,synteny/orthology analysis,,"unresolved_type_mismatch: synteny/orthology analysis is a computational comparative-analysis procedure, not a biological intervention"
TERM_66f49edbda9b,time.window,genome sequence,,"unresolved_type_mismatch: genome sequence is a data object/source, not a temporal window"
TERM_fb5a981cafdd,observation.sample_matrix,genome comparison,,"unresolved_type_mismatch: genome comparison is an analytical/computational comparison, not a biological sample matrix"
TERM_5298803bd705,assay.method,The exact producer PKS pair is absent from NIH2624; A. flavus NRRL3357 has a related but disrupted/truncated derelict locus,,"unresolved_type_mismatch: statement reports a comparative genomic result about PKS-locus presence/disruption, not an assay method"
TERM_90d5e58123e2,state.culture_architecture,targeted gene-disruption pathway localization,,"unresolved_type_mismatch: targeted gene-disruption pathway localization describes a genetic intervention/study design, not culture architecture"
TERM_a54f716384a2,action.intervention,DEP2 disruption,DEP2 disruption,normalized
TERM_2b9d7ba3d693,state.developmental_state,native vegetative production state,vegetative growth,normalized_partial: vegetative developmental state extracted; native and production context remains only in raw_label
TERM_c8a8686e1bd3,assay.method,targeted genetics + chemical analysis,,unresolved_composite: combines targeted genetics with chemical analysis as distinct intervention/evidence and analytical components
TERM_c867e63d136b,action.intervention,DEP4 disruption,DEP4 disruption,normalized
TERM_19fb026faa7d,state.culture_architecture,core-PKS knockout,,"unresolved_type_mismatch: core-PKS knockout is a genetic intervention, not culture architecture"
TERM_7955b7802f83,action.intervention,DEP5/AbPKS9 disruption,DEP5/AbPKS9 disruption,normalized
TERM_ab49b5ccc38f,assay.method,targeted genetics + metabolite analysis,,unresolved_composite: combines targeted genetics with metabolite analysis as distinct intervention/evidence and analytical components
TERM_d7764e0f4a6e,state.culture_architecture,pathway-regulator knockout,,"unresolved_type_mismatch: pathway-regulator knockout is a genetic intervention, not culture architecture"
TERM_6be2fb58ad22,action.intervention,DEP6 disruption,DEP6 disruption,normalized
TERM_14cf4bfca320,observation.sample_matrix,RNA + culture extract,,unresolved_composite: combines RNA and culture extract as distinct sample matrices
TERM_23f23dd12fa7,assay.method,gene-expression analysis + metabolite analysis,,unresolved_composite: combines gene-expression analysis and metabolite analysis as distinct analytical methods
TERM_35328ba4fc62,state.culture_architecture,plant virulence assay,,"unresolved_type_mismatch: plant virulence assay describes a host-assay study design, not culture architecture"
TERM_3f26d084296e,state.medium,Brassica oleracea leaf infection,,"unresolved_type_mismatch: Brassica oleracea leaf infection describes host/pathosystem context, not a medium formulation"
TERM_f7b5f9f1b131,state.temperature_C,plant,,unreviewed
TERM_15a958b85f41,action.intervention,DEP-pathway loss,DEP-pathway loss,normalized: intervention label retained without inferring the mechanism of pathway loss
TERM_debd18dcf1e3,state.developmental_state,host infection,,"unresolved_type_mismatch: host infection describes ecological/pathological context, not a fungal developmental state"
TERM_7ebdff9f5847,time.window,lesion endpoint,endpoint,normalized_partial: endpoint temporal relation extracted; lesion-assay context remains only in raw_label
TERM_4f189cc77686,observation.sample_matrix,infected leaf tissue,infected leaf tissue,normalized
TERM_175c09f9bd41,assay.method,lesion-size virulence assay,lesion-size virulence assay,normalized
TERM_69f19fb315fd,state.medium,Arabidopsis infection,,"unresolved_type_mismatch: Arabidopsis infection describes host/pathosystem context, not a medium formulation"
TERM_faf6d9c18911,assay.method,disease assay,disease assay,normalized: assay label retained without inferring a specific measurement platform
TERM_bd8ac6604da0,state.culture_architecture,environmental production screen,,"unresolved_type_mismatch: environmental production screen describes study/screening design, not culture architecture"
TERM_d248f058f352,state.medium,potato dextrose broth and minimal-media variants,,unresolved_composite: combines potato dextrose broth with minimal-media variants as distinct media conditions; the minimal-media formulations are not specified
TERM_4306cec3949f,state.temperature_C,23 / 30,,unreviewed
TERM_2473a81ec1d1,action.intervention,temperature × nitrate/ammonium × medium composition,,"unresolved_composite: combines temperature, nitrogen-source, and medium-composition perturbations; these are distinct experimental factors"
TERM_ed4b4a079f0e,state.developmental_state,vegetative liquid culture,vegetative growth,"partial_normalization: developmental component normalized to vegetative growth; liquid culture is culture architecture, not developmental state"
TERM_27eaeb6176f8,assay.method,chromatographic metabolite profiling,chromatographic metabolite profiling,normalized: assay description retained at the reported method class without inferring a specific chromatographic platform
TERM_b8fcc4db0960,state.culture_architecture,chemical perturbation negative control,,"unresolved_type_mismatch: chemical perturbation negative control describes experimental control/action design, not culture architecture"
TERM_f7ae7eda1f0d,state.medium,liquid culture,,"unresolved_type_mismatch: liquid culture describes culture architecture, not a medium formulation"
TERM_5958688c7fcf,action.intervention,"5-azacitidine, SAHA, SBHA",,"unresolved_composite: lists three distinct chemical interventions (5-azacitidine, SAHA, SBHA); preserve separately rather than collapse"
TERM_cb652979966a,observation.sample_matrix,culture metabolite profile,,"unresolved_type_mismatch: culture metabolite profile describes an analytical output/profile, not a sample matrix"
TERM_b61f5b133670,state.culture_architecture,cross-species functionality comparator,,"unresolved_type_mismatch: cross-species functionality comparator describes comparative study design, not culture architecture"
TERM_3f358a445329,state.medium,oat grain vs oat flower media,,unresolved_composite: compares oat grain and oat flower as distinct media/substrates; a single canonical medium would collapse the comparison
TERM_f63165c3d18a,action.intervention,medium context,,unresolved_underspecified: medium context does not identify a specific intervention or actionable perturbation
TERM_f75aecc16fdf,state.developmental_state,vegetative fungal growth,vegetative growth,normalized: vegetative fungal growth mapped to vegetative growth without adding developmental detail
TERM_4aaacca70c56,observation.sample_matrix,RNA + culture metabolite,,unresolved_composite: combines RNA with culture-metabolite material; these are distinct sample/measurement domains
TERM_9cae595e08d7,assay.method,gene expression + chemical detection,,unresolved_composite: combines gene-expression analysis and chemical detection as distinct assay classes
TERM_36b4c8db9149,state.culture_architecture,core-PKS knockout + precursor rescue,,"unresolved_type_mismatch: core-PKS knockout plus precursor rescue describes a composite intervention design, not culture architecture"
TERM_7060d5736570,state.medium,fungal culture,,"unresolved_type_mismatch: fungal culture describes culture state/architecture, not a medium formulation"
TERM_3e19317be8e4,action.intervention,pksA targeted inactivation; feed aflatoxin precursors,,unresolved_composite: combines pksA targeted inactivation with aflatoxin-precursor feeding as distinct interventions
TERM_aedeb390fdbf,assay.method,targeted genetics + toxin analysis + precursor conversion,,"unresolved_composite: combines targeted genetics, toxin analysis, and precursor-conversion analysis as distinct procedure/assay classes"
TERM_6873b58bab4b,state.culture_architecture,ketoreductase knockout / intermediate trapping,,"unresolved_type_mismatch: ketoreductase knockout/intermediate trapping describes intervention and experimental design, not culture architecture"
TERM_959a440fc44c,action.intervention,dotA targeted replacement,dotA targeted replacement,normalized: explicit genetic intervention retained directly
TERM_bdfe9ada0d04,state.culture_architecture,native temporal-expression experiment,,"unresolved_type_mismatch: native temporal-expression experiment describes study design, not culture architecture"
TERM_0da43b07a08e,state.medium,DB and related media,DB medium,partial_normalization: explicit DB medium component retained; unspecified related media remain only in raw_label
TERM_f2eecc6f3671,action.intervention,time-resolved culture,,unresolved_type_mismatch: time-resolved culture describes temporal study design rather than a discrete intervention
TERM_980f1731b2fd,state.developmental_state,young/exponential mycelium,exponential-phase mycelium,partial_normalization: exponential-phase mycelium retained as the explicit developmental component; the broader descriptor young remains in raw_label
TERM_4a22158feba7,time.window,days 2–10; key window days 4–6,48–240 h; key window 96–144 h,normalized: reported day ranges converted to hours while preserving both the full and key subwindow
TERM_e4ac3f1ecd45,observation.sample_matrix,RNA + dry weight + culture toxin + GFP reporter,,"unresolved_composite: combines RNA, dry-weight measurement, culture toxin, and GFP reporter readouts rather than one sample matrix"
TERM_8cdab2221e20,assay.method,transcript analysis + toxin quantification + promoter-GFP,,"unresolved_composite: combines transcript analysis, toxin quantification, and promoter-GFP as distinct assay/readout modalities; requires separate assay and observation terms"
TERM_6a37640dd148,state.culture_architecture,whole-genome pathway mapping,,unresolved_type_mismatch: whole-genome pathway mapping is a genomic analysis procedure rather than a culture architecture
TERM_2cee6b739931,action.intervention,map AF-like homologs and mini-clusters,,unresolved_type_mismatch: mapping AF-like homologs and mini-clusters is an analytic/genomic task rather than a biological intervention
TERM_6ba1ddda337d,time.window,reference-genome / in-planta-vs-culture expression comparison,,"unresolved_type_mismatch: reference-genome and in-planta-versus-culture expression comparison describes comparative study design, not an explicit temporal window"
TERM_b2da66d6b45b,observation.sample_matrix,genome + RNA,,unresolved_composite: genome and RNA denote distinct molecular data/sample types; genome is also insufficiently specified as a physical sample matrix
TERM_e8a8562843e3,assay.method,comparative genomics + RNA-seq,,unresolved_composite: comparative genomics and RNA-seq are distinct analytical modalities and should be represented separately
TERM_0c265c25772b,action.intervention,DsAflR deletion,DsAflR deletion,normalized: explicit single-gene deletion intervention retained without reinterpretation
TERM_31b6e8e30861,observation.sample_matrix,RNA + toxin,,unresolved_composite: RNA and toxin represent distinct sample/analyte classes rather than one sample matrix
TERM_144d33450aa2,assay.method,transcript profiling + metabolite assay,,unresolved_composite: transcript profiling and metabolite assay are distinct assay modalities and require separate method terms
TERM_07a88758d12a,state.culture_architecture,global-regulator perturbation,,unresolved_type_mismatch: global-regulator perturbation is an intervention descriptor rather than a culture architecture
TERM_3707a343c0ca,action.intervention,DsLaeA deletion,DsLaeA deletion,normalized: explicit single-gene deletion intervention retained without reinterpretation
TERM_d1be2368f723,state.developmental_state,vegetative/developmental growth,,unresolved_composite: vegetative/developmental growth spans more than one developmental state and cannot be reduced to a single state without loss
TERM_bb92e602bc05,observation.sample_matrix,RNA + toxin + morphology,,"unresolved_composite: RNA, toxin, and morphology combine molecular sample/analyte information with a phenotypic readout rather than one sample matrix"
TERM_85fc3401575d,assay.method,expression/metabolite/developmental assays,,"unresolved_composite: expression, metabolite, and developmental assays are distinct assay families and require separate method terms"
TERM_32c359e877d9,state.culture_architecture,chromatin-state perturbation,,unresolved_type_mismatch: chromatin-state perturbation is an intervention descriptor rather than a culture architecture
TERM_2c0fd6da1b51,state.medium,early productive versus nonproductive culture states,,unresolved_type_mismatch: productive versus nonproductive culture states describe biological/outcome states rather than a medium
TERM_833e68b7731b,action.intervention,histone-mark analysis and chromatin perturbation,chromatin perturbation,partial_normalization: explicit chromatin-perturbation intervention retained; histone-mark analysis is an analytical component preserved only in raw_label
TERM_40fd59cf0bd7,state.developmental_state,early exponential/productive state,exponential-phase growth,partial_normalization: explicit exponential-phase developmental component retained; productive is an outcome-associated descriptor preserved only in raw_label
TERM_db7340b1c960,time.window,state comparison,,unresolved_type_mismatch: state comparison describes comparative design and contains no explicit temporal window
TERM_c391a7e4ad4e,observation.sample_matrix,chromatin + RNA + toxin,,"unresolved_composite: chromatin, RNA, and toxin represent distinct molecular/sample or analyte classes rather than one sample matrix"
TERM_668cd777b281,assay.method,ChIP/qPCR + gene expression + metabolite analysis,,"unresolved_composite: ChIP/qPCR, gene-expression analysis, and metabolite analysis are distinct analytical modalities and require separate method terms"
TERM_9b933ae698d1,state.culture_architecture,long-horizon plant virulence experiment,,unresolved_type_mismatch: long-horizon plant virulence experiment describes study design rather than a culture architecture
TERM_6ff952162978,state.medium,P. radiata seedlings,,unresolved_type_mismatch: P. radiata seedlings are host biological material rather than a culture medium
TERM_54c1fd173416,action.intervention,dothistromin-pathway loss,dothistromin pathway loss,normalized: explicit pathway-loss intervention retained; punctuation normalized without adding mechanism
TERM_d550fc7ea61d,state.developmental_state,infection cycle,,unresolved_underspecified: infection cycle spans multiple infection/developmental stages rather than one discrete developmental state
TERM_bec8a0edc810,time.window,mature lesions 8–12 weeks,8–12 weeks,partial_normalization: explicit 8–12 week temporal window retained; mature-lesion context is preserved only in raw_label
TERM_9e8275230228,observation.sample_matrix,infected pine needles,infected pine needles,normalized: explicit biological sample matrix retained without added interpretation
TERM_e48f7530ad64,assay.method,microscopy/histology + lesion/sporulation assessment,,unresolved_composite: microscopy/histology and lesion/sporulation assessment are distinct analytical and phenotypic assessment modalities
TERM_1422d2a09b2e,state.culture_architecture,transporter-function test,,unresolved_type_mismatch: transporter-function test describes study purpose/assay context rather than culture architecture
TERM_0b48d66833c0,action.intervention,"dotC deletion, overexpression and localization",,"unresolved_composite: dotC deletion and overexpression are distinct interventions, while localization is an observational/assay component"
TERM_ef07092820bd,observation.sample_matrix,culture + cells,,unresolved_composite: culture material and cells are distinct sample matrices and should not be collapsed
TERM_500cbf85f025,assay.method,toxin assay + GFP localization,,unresolved_composite: toxin assay and GFP localization are distinct analytical modalities
TERM_05b0a0b356af,state.culture_architecture,population genomics / phenotype association,,unresolved_type_mismatch: population genomics and phenotype association describe a comparative study design rather than culture architecture
TERM_b2a772447ca8,state.medium,culture and genome sequencing,,unresolved_type_mismatch: culture and genome sequencing do not specify a culture medium; sequencing is an analytical procedure
TERM_1ff1e526c5b6,action.intervention,compare historical/recent isolates and chromosome copy-number variation,,unresolved_type_mismatch: comparison of historical/recent isolates and chromosome copy-number variation is a comparative analysis rather than an intervention
TERM_4f8b0f9e7f42,observation.sample_matrix,genomes + toxin/virulence phenotypes,,unresolved_composite: genomes and toxin/virulence phenotypes are distinct data/observation classes rather than one sample matrix
TERM_ef36c19c4679,assay.method,genomics + phenotyping,,unresolved_composite: genomics and phenotyping are distinct analytical/observational modalities
TERM_130551082881,state.culture_architecture,OSMAC / culture-architecture screen,,unresolved_type_mismatch: OSMAC/culture-architecture screen describes a screening design rather than a specific culture architecture
TERM_6b0406f8d5e4,state.medium,multiple media; stationary liquid Czapek was productive,Czapek medium,"partial_normalization: explicit Czapek medium retained; multiple-media comparison, stationary architecture, and productive-outcome descriptors remain only in raw_label"
TERM_5b776bbd81ec,state.agitation,stationary/no shaking for productive condition,,unreviewed
TERM_761e03affe80,action.intervention,medium/architecture/time variation,,"unresolved_composite: medium, culture architecture, and time are separate experimental dimensions and should be represented as distinct intervention terms"
TERM_4eda617189f7,time.window,condition-dependent; one tested regime included prolonged stationary cultivation,,unresolved_underspecified: condition-dependent/prolonged stationary cultivation provides no explicit temporal value suitable for a canonical time window
TERM_54ba99b199d1,assay.method,HPLC-DAD-MS + scale-up isolation,HPLC-DAD-MS,partial_normalization: explicit analytical method retained; scale-up isolation is a preparation/workflow component preserved only in raw_label
TERM_f353782daf0e,state.culture_architecture,chromatin derepression,,unresolved_type_mismatch: chromatin derepression is a regulatory/molecular state or intervention rather than culture architecture
TERM_2873b32ecc32,state.medium,liquid fungal culture,,unresolved_type_mismatch: liquid fungal culture describes culture architecture but does not specify a medium formulation
TERM_54c636f020e2,action.intervention,loss of CclA/COMPASS H3K4-methylation component,CclA/COMPASS H3K4-methylation component loss,normalized: explicit loss-of-component intervention retained without adding a mechanism beyond the raw label
TERM_47baa5851787,state.developmental_state,chromatin-remodeled state,,unresolved_type_mismatch: chromatin-remodeled state describes a molecular/regulatory state rather than a developmental state
TERM_43f1b41bee65,time.window,24/48/60 h in defining study,24/48/60 h,partial_normalization: explicit study timepoints retained; defining-study qualifier preserved only in raw_label
TERM_3d761328f1c0,assay.method,transcript analysis + LC-MS,,unresolved_composite: transcript analysis and LC-MS are distinct analytical modalities and require separate method terms
TERM_6c8c25ea038e,state.culture_architecture,ecological coculture discovery,coculture,partial_normalization: explicit coculture architecture retained; ecological/discovery context preserved only in raw_label
TERM_16e26aaa003c,state.medium,fungal–actinomycete coculture,,unresolved_type_mismatch: fungal–actinomycete coculture describes culture architecture/interacting organisms rather than a medium
TERM_acc46a0ce491,action.intervention,coculture with actinomycetes; only one Streptomyces inducer strongly activates target programme,coculture with actinomycetes,partial_normalization: explicit actinomycete coculture intervention retained; inducer-specific activation outcome preserved only in raw_label
TERM_47ddc317c300,state.developmental_state,direct interkingdom contact,,unresolved_type_mismatch: direct interkingdom contact describes an interaction/contact state rather than a developmental state
TERM_aec5da005e93,assay.method,microarrays/qRT-PCR/Northern + LC/MS/NMR,,"unresolved_composite: microarray, qRT-PCR, Northern, LC/MS, and NMR are distinct analytical modalities and require separate method terms"
TERM_12010e7b7d00,state.culture_architecture,signal-delivery decomposition,,unresolved_type_mismatch: signal-delivery decomposition describes an experimental design/analysis rather than a culture architecture
TERM_654707374315,state.medium,direct contact vs cell-free broth/extracts/heat-killed cells/dialysis-separated living bacteria,,unresolved_type_mismatch: direct-contact and cell-free/heat-killed/dialysis-separated conditions describe experimental treatments or culture configurations rather than a medium
TERM_17973a2664d0,action.intervention,remove physical contact while preserving candidate soluble signals,physical-contact removal with soluble-signal preservation,normalized: intervention restated neutrally from the explicit manipulation without adding a mechanism
TERM_c41d4d5622a0,state.developmental_state,coculture interaction state,,unresolved_type_mismatch: coculture interaction state is an interaction condition rather than a developmental state
TERM_dd19cc009b40,observation.sample_matrix,RNA + metabolites,,unresolved_composite: RNA and metabolites are distinct sample matrices and require separate matrix terms
TERM_7ea16036e96c,assay.method,qRT-PCR/microarray + microscopy/dialysis controls,,"unresolved_composite: qRT-PCR, microarray, microscopy, and dialysis-control procedures are distinct analytical or experimental modalities"
TERM_605814ed9ed2,state.culture_architecture,chromatin-mechanism test,,unresolved_type_mismatch: chromatin-mechanism test describes a study objective/design rather than a culture architecture
TERM_5cedc137ad32,state.medium,bacterium–fungus coculture,,unresolved_type_mismatch: bacterium–fungus coculture describes culture architecture/interacting organisms rather than a medium
TERM_1ada47e00a24,action.intervention,delete SAGA/ADA components,SAGA/ADA component deletion,normalized: explicit genetic intervention retained without adding component identities or mechanistic interpretation
TERM_a528fa591729,state.developmental_state,contact-induced state,,unresolved_type_mismatch: contact-induced state describes an interaction-induced condition rather than a developmental state
TERM_796a8d635bec,observation.sample_matrix,RNA + metabolites + chromatin,,"unresolved_composite: RNA, metabolites, and chromatin are distinct sample or assay domains and require separate terms"
TERM_dec73609f855,assay.method,HPLC/Northern + ChIP,,"unresolved_composite: HPLC, Northern analysis, and ChIP are distinct analytical modalities and require separate method terms"
TERM_45f807a0b4ea,state.culture_architecture,candidate-enzyme localization,,unresolved_type_mismatch: candidate-enzyme localization describes an analysis objective rather than a culture architecture
TERM_b451fdb81bd2,state.medium,stationary Czapek/productive culture,Czapek medium,partial_normalization: explicit Czapek medium retained; stationary architecture and productive-outcome wording preserved only in raw_label
TERM_a2b7b02da23c,action.intervention,delete each unassigned NR-PKS,individual unassigned NR-PKS deletions,normalized: explicit individual deletion intervention retained; target set remains as stated in raw_label
TERM_c129c29c9a16,state.developmental_state,productive native state,,unresolved_type_mismatch: productive native state is outcome-loaded and does not identify a specific developmental state
TERM_964ed63ed8af,state.culture_architecture,functional BGC-boundary dissection,,unresolved_type_mismatch: functional BGC-boundary dissection describes a study design rather than a culture architecture
TERM_72b6dc4bc3d2,action.intervention,individual neighboring-gene deletions,individual neighboring-gene deletions,normalized: explicit individual gene-deletion intervention retained without adding gene identities
TERM_4bbb2412523e,assay.method,LC-DAD-MS,LC-DAD-MS,normalized: explicit analytical method retained as reported
TERM_74625f5cd63f,state.culture_architecture,intermediate/shunt-product trapping,,unresolved_type_mismatch: intermediate/shunt-product trapping describes an experimental objective/strategy rather than a culture architecture
TERM_91eb02f07a22,state.medium,productive Czapek culture,Czapek medium,partial_normalization: explicit Czapek medium retained; productive-outcome wording preserved only in raw_label
TERM_4f73d9bf73f2,action.intervention,delete orsB or orsC,orsB or orsC deletion,normalized: explicit alternative gene-deletion intervention retained without inferring separate experiments
TERM_38d5faadf0ba,assay.method,purification + NMR,,unresolved_composite: combines purification/sample preparation with NMR as distinct procedures
TERM_babb88a906a5,state.culture_architecture,negative-regulator/chromatin epistasis,,"unresolved_type_mismatch: negative-regulator/chromatin epistasis describes a genetic/regulatory relationship or study design, not culture architecture"
TERM_4ff8c5dd9a85,state.medium,GMM liquid culture,GMM medium,normalized_partial: GMM medium identity extracted; liquid culture describes culture architecture and remains only in raw_label
TERM_fafc42541180,action.intervention,veA deletion; mvlA overexpression; gcnE deletion,,"unresolved_composite: combines veA deletion, mvlA overexpression, and gcnE deletion as distinct interventions"
TERM_3525ba39aef2,state.developmental_state,regulator-perturbed state,,"unresolved_type_mismatch: regulator-perturbed state describes a regulatory/genetic condition, not a developmental state"
TERM_902f682581c6,time.window,36–60 h; key metabolite comparison at 48 h,36–60 h; key timepoint 48 h,normalized_partial: explicit 36–60 h window and 48 h timepoint retained; metabolite-comparison context remains only in raw_label
TERM_dc65401b5a68,observation.sample_matrix,RNA + medium extract + chromatin,,"unresolved_composite: combines RNA, medium extract, and chromatin as distinct sample matrices/domains"
TERM_e3c4be6b936e,assay.method,Northern/LC-MS/ChIP,,"unresolved_composite: combines Northern analysis, LC-MS, and ChIP as distinct analytical methods"
TERM_ce8f9e66a3e3,state.culture_architecture,2026 integrated multi-omics update,,"unresolved_type_mismatch: integrated multi-omics update describes a study/update context, not culture architecture"
TERM_4fd717d317c3,state.medium,defined early primary-metabolism vs stationary/secondary-metabolism stages,,unresolved_type_mismatch: primary- versus secondary-metabolism stages describe biological/temporal states rather than a medium formulation
TERM_79ce4b798d6c,action.intervention,cclA deletion,cclA deletion,normalized: explicit single-gene deletion intervention retained without reinterpretation
TERM_1d838bbcf26d,state.developmental_state,20 h versus 48 h metabolic states,,unresolved_type_mismatch: 20 h versus 48 h metabolic states combine temporal and metabolic-state descriptors rather than a discrete developmental state
TERM_e0e3e29d5a3f,time.window,20 h and 48 h,20 h; 48 h,normalized: explicit timepoints retained with standardized separator
TERM_5d40a3c1659e,observation.sample_matrix,RNA/protein,,unresolved_composite: combines RNA and protein as distinct molecular sample domains
TERM_17786a8f4f7e,assay.method,RNA-seq + proteomics + RT-qPCR,,"unresolved_composite: combines RNA-seq, proteomics, and RT-qPCR as distinct analytical methods"
TERM_4ab6b4b1b922,state.culture_architecture,pathway-specific regulator genetics,,"unresolved_type_mismatch: pathway-specific regulator genetics describes a genetic study/intervention context, not culture architecture"
TERM_5be1d3f2733b,state.medium,GYAM for RNA; cracked maize for toxin assay,,unresolved_composite: combines GYAM medium and cracked-maize substrate as distinct assay-specific culture conditions
TERM_4311964f555c,action.intervention,FUM21 deletion/complementation,,unresolved_composite: combines FUM21 deletion and complementation as distinct genetic interventions
TERM_68ae0ef0aea0,state.developmental_state,vegetative/maize-colonizing growth,,unresolved_composite: combines vegetative growth and maize-colonizing growth as distinct developmental/ecological contexts
TERM_c70de4173b04,time.window,2–6 d RNA; 21 d cracked maize toxin,,unresolved_composite: combines a 2–6 day RNA sampling window with a 21-day toxin sampling point; distinct temporal observations require separate representation
TERM_886e8709892b,observation.sample_matrix,RNA + maize extract,,unresolved_composite: combines RNA and maize extract as distinct sample matrices
TERM_afe458f0567a,assay.method,RT-PCR/microarray + LC-MS,,"unresolved_composite: combines RT-PCR, microarray, and LC-MS as distinct analytical methods"
TERM_270201afc977,state.culture_architecture,field pathogenicity vs toxin-production separation,,"unresolved_type_mismatch: field pathogenicity versus toxin-production separation describes comparative study design, not culture architecture"
TERM_8e26cf0d314c,state.medium,maize ears/stalks/seeds in Illinois/Iowa field trials,,"unresolved_type_mismatch: maize ears, stalks, and seeds in field trials are host/environmental matrices, not a medium formulation"
TERM_4ed65fc5758a,action.intervention,FUM1 disruption,FUM1 disruption,normalized: explicit gene-disruption intervention retained without reinterpretation
TERM_b92d9eac8d9c,time.window,1999–2000 field seasons,1999–2000 field seasons,normalized: explicit field-season interval retained as reported temporal context
TERM_659f59946636,observation.sample_matrix,infected maize kernels/ears,,unresolved_composite: combines infected maize kernels and ears as distinct host sample matrices; separate matrix nodes are required
TERM_203fd557a6ed,assay.method,visual ear-rot scoring + kernel isolation + HPLC fumonisin,,"unresolved_composite: combines visual ear-rot scoring, kernel isolation, and HPLC fumonisin analysis as distinct procedures"
TERM_4650e6dc0a16,state.culture_architecture,early pathway order by cross-feeding,,"unresolved_type_mismatch: early pathway ordering by cross-feeding describes an experimental strategy, not culture architecture"
TERM_975910f7dd55,action.intervention,gene disruption + mutant coculture,,unresolved_composite: combines gene disruption and mutant coculture as distinct experimental actions
TERM_e3a987b2aa9a,state.developmental_state,vegetative production state,vegetative growth,partial_normalization: extracts the developmental state; production is an outcome attribute rather than developmental state
TERM_ec7ccd1ae2ae,time.window,7-d intermediate time course,168 h,partial_normalization: converts the explicit 7-day duration to hours; intermediate-time-course context remains in raw_label
TERM_620d4307e9a5,assay.method,LC-MS,LC-MS,normalized: explicit analytical method retained
TERM_09bab069ff1c,state.culture_architecture,single-step biochemical localization,,"unresolved_type_mismatch: single-step biochemical localization describes an experimental objective or assay design, not culture architecture"
TERM_f91e466f483c,state.medium,fumonisin-producing culture,,"unresolved_type_mismatch: fumonisin-producing culture describes a production phenotype/state, not a medium formulation"
TERM_39e98aaa3638,action.intervention,FUM13 deletion,FUM13 deletion,normalized: explicit gene-deletion intervention retained without reinterpretation
TERM_e6aef7f00c24,assay.method,MS + NMR,,unresolved_composite: combines mass spectrometry and NMR as distinct analytical methods
TERM_225d2802fd2c,state.culture_architecture,tricarballylic-ester pathway dissection,,"unresolved_type_mismatch: tricarballylic-ester pathway dissection describes a study objective, not culture architecture"
TERM_9e9b2b4fbf4f,state.medium,fumonisin-producing fungal culture,,"unresolved_type_mismatch: fumonisin-producing fungal culture describes a production phenotype/state, not a medium formulation"
TERM_c382f2d8cd27,assay.method,LC/MS + structure analysis,,unresolved_composite: combines LC-MS with unspecified structure-analysis procedures; the latter cannot be canonically resolved from this label
TERM_c3152914d3b2,state.culture_architecture,in-vitro enzyme assay,,"unresolved_type_mismatch: in-vitro enzyme assay is an assay format, not culture architecture"
TERM_e3a435a3b729,state.medium,biochemical reaction,,"unresolved_type_mismatch: biochemical reaction describes an experimental process, not a medium formulation"
TERM_9aceab9fb804,action.intervention,recombinant Fum14 or condensation domain + tricarballylic thioester,,unresolved_composite: combines recombinant Fum14 or its condensation domain with tricarballylic thioester substrate; distinct protein/reagent components require separate representation
TERM_b753a732a008,state.developmental_state,purified enzyme,,"unresolved_type_mismatch: purified enzyme is an experimental material/state, not a fungal developmental state"
TERM_24f39c808d88,time.window,reaction endpoint,endpoint,normalized: explicit relative reaction endpoint retained; no absolute duration inferred
TERM_eca24fb2da01,observation.sample_matrix,purified substrates/products,,unresolved_composite: combines purified substrates and products as distinct sample roles
TERM_085297019635,assay.method,biochemical esterification assay,biochemical esterification assay,normalized: explicit assay method retained
TERM_95fa4d2f7831,state.culture_architecture,self-protection/regulatory genetics,,"unresolved_type_mismatch: self-protection/regulatory genetics describes study scope, not culture architecture"
TERM_ffe3e612ab63,state.medium,ICI + 6 mM glutamine,ICI medium with 6 mM glutamine,normalized: explicit medium and glutamine concentration retained
TERM_4b3b32d1b04a,action.intervention,"deletion, overexpression, ATP-site mutation",,"unresolved_composite: combines deletion, overexpression, and ATP-site mutation as distinct interventions"
TERM_772f4abae16a,time.window,2 d RNA; 7 d toxin,,unresolved_composite: combines a 2-day RNA sampling point with a 7-day toxin sampling point; distinct temporal observations require separate representation
TERM_a841c84a91de,observation.sample_matrix,cell-free medium + washed mycelium + RNA,,"unresolved_composite: combines cell-free medium, washed mycelium, and RNA as distinct sample matrices/materials"
TERM_c55c5e9b1060,assay.method,HPLC-HRMS + qRT-PCR + viability assays,,"unresolved_composite: combines HPLC-HRMS, qRT-PCR, and viability assays as distinct analytical/phenotypic methods"
TERM_66d0ab5b95d8,state.culture_architecture,self-protection subcluster extension,,unresolved_type_mismatch: self-protection subcluster extension describes a genetic/pathway study context rather than culture architecture
TERM_ead6cf25059b,state.medium,Fusarium + S. cerevisiae,,unresolved_type_mismatch: Fusarium + S. cerevisiae identifies interacting organisms/coculture context rather than a medium formulation
TERM_40e0a584179b,action.intervention,FUM15/16 deletion/overexpression/heterologous expression,,"unresolved_composite: combines FUM15/16 deletion, overexpression, and heterologous expression as distinct genetic interventions"
TERM_4b4465df4de7,state.developmental_state,FB1-exposed state,,unresolved_type_mismatch: FB1-exposed state describes an exposure condition rather than a developmental state
TERM_74c8eafcbfac,observation.sample_matrix,ceramides + extracellular FB1 + viability,,unresolved_composite: combines ceramides and extracellular FB1 with viability as distinct analyte/phenotypic observation domains rather than one sample matrix
TERM_0764d3e5395d,assay.method,HPLC-HRMS + enzyme assay + localization,,"unresolved_composite: combines HPLC-HRMS, enzyme assay, and localization as distinct analytical methods"
TERM_ac0bb9b6eef8,state.medium,Czapek noninducing vs fructose-enriched inducing medium; 1 µM TSA,,"unresolved_composite: combines alternative Czapek/fructose-enriched media, response-loaded inducing/noninducing descriptors, and 1 µM TSA intervention in one medium label"
TERM_27aeaf599b6d,action.intervention,HDAC inhibition / medium shift,,unresolved_composite: combines HDAC inhibition and medium shift as distinct intervention dimensions
TERM_aeeac821df75,time.window,7 d,168 h,normalized: explicit 7-day duration standardized to 168 h
TERM_476503f1fd75,observation.sample_matrix,RNA + FB1 + chromatin,,"unresolved_composite: combines RNA, FB1, and chromatin as distinct sample/analyte domains"
TERM_2399e8d4a92b,assay.method,RT-qPCR + HPLC + ChIP,,"unresolved_composite: combines RT-qPCR, HPLC, and ChIP as distinct analytical methods"
TERM_21c35eb2f749,state.culture_architecture,subcellular-organization experiment,,unresolved_type_mismatch: subcellular-organization experiment describes study design/objective rather than culture architecture
TERM_524e8ade4539,state.medium,ICI/6 mM Gln or related culture,ICI medium with 6 mM glutamine,partial_normalization: explicit ICI medium with 6 mM glutamine retained; unspecified related-culture alternative remains only in raw_label
TERM_0a3f0f341a67,action.intervention,GFP/DsRed tagging and organelle perturbation,,unresolved_composite: combines GFP/DsRed tagging with organelle perturbation as distinct experimental actions
TERM_9aa724be472f,state.developmental_state,early production state,,unresolved_outcome_defined: early production state is defined by production outcome and does not identify an independent developmental state
TERM_eff80017b8aa,time.window,overnight/production state,overnight,partial_normalization: explicit overnight temporal descriptor retained; production-state context remains only in raw_label
TERM_581abbb52a1d,observation.sample_matrix,living hyphae,living hyphae,normalized: explicit biological sample matrix retained directly from raw_label
TERM_d75c00df2993,assay.method,confocal microscopy,confocal microscopy,normalized: explicit analytical method retained directly from raw_label
TERM_6a78886a698a,state.culture_architecture,cluster sequencing/comparative genomics,,unresolved_type_mismatch: cluster sequencing/comparative genomics describes an analytical/genomic workflow rather than culture architecture
TERM_7682905f69e8,state.medium,genomic DNA,,unresolved_type_mismatch: genomic DNA is a sample material rather than a medium formulation
TERM_c8afaa59909f,action.intervention,sequence FUM locus and compare with F. verticillioides/F. proliferatum,,unresolved_type_mismatch: sequencing the FUM locus and comparing species is an analytical/comparative procedure rather than a biological intervention
TERM_173819d0a718,time.window,sequence endpoint,endpoint,partial_normalization: explicit endpoint relation retained; sequence-analysis context remains only in raw_label and no absolute duration is inferred
TERM_43473aeb85c4,observation.sample_matrix,DNA,DNA,normalized: explicit sample material retained directly from raw_label
TERM_261fe3ef6bad,assay.method,sequencing + alignment,,unresolved_composite: combines sequencing and sequence-alignment procedures in one assay term
TERM_5a37a1c173c0,state.culture_architecture,cross-species complementation,,unresolved_type_mismatch: cross-species complementation describes an experimental intervention/design rather than culture architecture
TERM_8cb0d0b237fb,state.medium,fumonisin-producing Fusarium culture,,unresolved_type_mismatch: label describes a fumonisin-producing culture state rather than a medium formulation
TERM_dc5d313b945d,action.intervention,complement same fum8-null host with alternative species FUM8 orthologs,FUM8 ortholog complementation,normalized: alternative-species FUM8 ortholog complementation retained as the biological intervention; host-background detail remains in raw_label
TERM_19ca234cf857,state.developmental_state,productive state,,unresolved_outcome_defined: productive state is defined by pathway output rather than an independently specified developmental state
TERM_08a1e3ca7257,assay.method,genetics + LC/MS,,unresolved_composite: combines a genetics procedure with LC/MS analytical measurement in one assay term
TERM_947d8e6c690c,state.culture_architecture,single-residue programming experiment,,unresolved_type_mismatch: single-residue programming experiment describes study design rather than culture architecture
TERM_6cc83fc5248b,state.medium,cracked maize fumonisin assay,cracked maize,partial_normalization: cracked-maize culture substrate retained as the medium component; fumonisin-assay context remains only in raw_label
TERM_0a5d984a7f93,state.temperature_C,room temperature,,unreviewed
TERM_d6a3d595a73e,action.intervention,site-directed mutagenesis of Fum8 residue 580,Fum8 residue 580 site-directed mutagenesis,normalized: explicit site-directed mutagenesis intervention retained from raw_label
TERM_a6b84c699bee,state.developmental_state,kernel-associated production,,unresolved_outcome_defined: kernel-associated production combines substrate/context with pathway output and does not specify an independent developmental state
TERM_0c893f10e1a6,time.window,12 d modern assay / construct comparison,288 h,partial_normalization: explicit 12-day duration converted to 288 h; assay/construct-comparison context remains only in raw_label
TERM_17b3fcd1b976,assay.method,Sanger-confirmed constructs + LC-HRMS,LC-HRMS,partial_normalization: LC-HRMS retained as the analytical method; Sanger construct-confirmation context remains only in raw_label
TERM_0ac7c04c4562,state.culture_architecture,candidate-hydroxylase knockout,,unresolved_type_mismatch: candidate-hydroxylase knockout is a genetic intervention rather than culture architecture
TERM_8a5a9aced33f,state.medium,V8 preculture then cracked maize,,unresolved_composite: sequential V8 preculture and cracked-maize culture represent multiple culture substrates/stages in one medium term
TERM_03c857e59830,state.temperature_C,28°C V8; room temperature maize,,unreviewed
TERM_ce5e0ea7084c,action.intervention,delete FUM15,FUM15 deletion,normalized: explicit FUM15 deletion intervention retained from raw_label
TERM_c0f0f9838826,time.window,7 d V8 + 10 d cracked maize,168 h V8; then 240 h cracked maize,normalized: explicit sequential durations converted from 7 d and 10 d to hours while retaining their associated culture stages
TERM_53da6455414c,state.culture_architecture,natural producer characterization,,unresolved_type_mismatch: natural-producer characterization describes study design rather than culture architecture
TERM_f1646317ea00,state.developmental_state,native producer,,unresolved_type_mismatch: native producer describes organism/producer identity rather than a developmental state
TERM_d73cb2bdf276,assay.method,chromatography/MS,chromatography coupled to mass spectrometry,normalized: chromatography/MS retained as a coupled analytical-method class without inferring a more specific platform
TERM_4afb970d21f0,state.culture_architecture,evolutionary architecture,,unresolved_type_mismatch: evolutionary architecture describes comparative/evolutionary analysis rather than culture architecture
TERM_95c56d1e6aa8,state.medium,genome comparisons,,unresolved_type_mismatch: genome comparisons describe comparative analysis rather than a medium formulation
TERM_ee4fceedb7ad,action.intervention,compare FUM and flanking genes across Fusarium,,unresolved_type_mismatch: comparison of FUM and flanking genes across Fusarium is a comparative-genomics procedure rather than a biological intervention
TERM_3c411e571a26,time.window,phylogenomic endpoint,endpoint,partial_normalization: explicit endpoint relation retained; phylogenomic context remains only in raw_label and no absolute duration is inferred
TERM_5c43c923a869,observation.sample_matrix,DNA/proteins,,unresolved_composite: combines DNA and protein sample materials in one sample-matrix term
TERM_4a3e0e64a742,assay.method,phylogeny + synteny,,unresolved_composite: phylogeny and synteny are distinct analytical approaches
TERM_0cd0d45f1d91,state.culture_architecture,defining targeted fusA disruption,,"unresolved_type_mismatch: label describes a targeted genetic intervention, not culture architecture"
TERM_5444bf2d401f,state.medium,laboratory producer cultures,,unresolved_type_mismatch: label describes producer cultures without specifying a medium formulation
TERM_7ca623007cb3,action.intervention,fusA/FUSS disruption,fusA/FUSS disruption,normalized
TERM_f7f25a4aae55,state.developmental_state,native productive state,,unresolved_outcome_defined: productive state does not identify a developmental stage
TERM_c6af64027457,assay.method,targeted genetics + chromatography,,unresolved_composite: targeted genetics and chromatography are distinct methods
TERM_04a0356c4094,state.culture_architecture,nine-gene cluster induction,,"unresolved_type_mismatch: label describes cluster induction, not culture architecture"
TERM_55b78ebe8729,state.medium,60 mM glutamine high-N vs 6 mM glutamine low-N; pH comparisons,,unresolved_composite: label combines multiple nitrogen conditions with pH comparisons rather than one medium
TERM_30e584ff3829,action.intervention,nitrogen and pH perturbation,nitrogen level and pH perturbation,normalized
TERM_04f5d674a34f,time.window,2–7 d depending assay,48–168 h,normalized_partial: time range extracted; assay dependence retained in raw_label
TERM_c82ec7250994,observation.sample_matrix,RNA + supernatant + chromatin,,"unresolved_composite: RNA, culture supernatant, and chromatin are distinct sample matrices"
TERM_d0ec7594c5f2,assay.method,Northern/HPLC-DAD + ChIP-seq,,"unresolved_composite: Northern analysis, HPLC-DAD, and ChIP-seq are distinct analytical methods"
TERM_64d4013a41ee,state.culture_architecture,systematic pathway-intermediate dissection,,"unresolved_type_mismatch: label describes a pathway-dissection study design, not culture architecture"
TERM_c5e8c1a7a165,state.medium,60 mM glutamine,,unresolved_type_mismatch: 60 mM glutamine specifies a nutrient condition but not a complete medium formulation
TERM_ad2dc7f37150,action.intervention,individual/multigene deletions,individual and multigene deletions,normalized
TERM_43109d5a3fd7,state.developmental_state,productive vegetative state,vegetative growth,normalized_partial: developmental state extracted; productivity descriptor retained only in raw_label
TERM_bb91c79affc8,time.window,4 d,96 h,normalized
TERM_47aedda57e97,observation.sample_matrix,culture supernatant,culture supernatant,normalized
TERM_b348aa551685,assay.method,HPLC-UV/MS + NMR,,unresolved_composite: HPLC-UV/MS and NMR are distinct analytical methods
TERM_8f1d9f7343ae,state.culture_architecture,functional-boundary test,,"unresolved_type_mismatch: label describes a functional-boundary study design, not culture architecture"
TERM_f2d99bda0c9c,action.intervention,individual deletions,individual deletions,normalized
TERM_8a22eab8314a,state.culture_architecture,cross-feeding/reconstruction,,"unresolved_type_mismatch: cross-feeding/reconstruction describes an experimental design or intervention, not culture architecture"
TERM_f351b7acafb7,state.medium,high-N medium,high-nitrogen medium,normalized_partial: medium class standardized; formulation remains unspecified in raw_label
TERM_50270993f792,action.intervention,cocultivation / selective gene re-expression,,unresolved_composite: cocultivation and selective gene re-expression are distinct interventions
TERM_c69344b55306,state.developmental_state,productive culture,,unresolved_outcome_defined: productive culture does not identify a developmental state
TERM_1540cace0fa0,observation.sample_matrix,supernatant,supernatant,normalized: explicit sample-matrix label retained directly from raw_label
TERM_7bb6063a43c5,assay.method,HPLC-DAD/MS,HPLC-DAD-MS,normalized: HPLC-DAD/MS canonicalized as HPLC-DAD-MS
TERM_df671e70da58,state.culture_architecture,nitrogen/light time course,,"unresolved_type_mismatch: nitrogen/light time course describes a nutrient/light temporal study design, not culture architecture"
TERM_97dada7e6f5d,state.medium,high-N vs low-N; light vs dark,,unresolved_composite: combines nitrogen-level and illumination conditions and does not identify a single medium formulation
TERM_c0f71410ff45,action.intervention,nitrogen level × illumination,nitrogen level × illumination variation,normalized: factorial nitrogen-level and illumination perturbation retained as the intervention dimensions
TERM_9ad01483daca,time.window,5–10+ d,120–240+ h,normalized: 5–10+ day interval converted to 120–240+ h while retaining the open-ended upper descriptor
TERM_9f1538a3751d,observation.sample_matrix,RNA + fusarin,,unresolved_composite: combines RNA sample material with fusarin analyte information rather than one sample matrix
TERM_46c4ffbc2607,assay.method,qRT-PCR + metabolite measurement,,unresolved_composite: combines qRT-PCR and metabolite measurement as distinct analytical/readout methods
TERM_c2b7aefd00f1,state.culture_architecture,fungal–fungal ecological coculture,fungal–fungal coculture,normalized_partial: fungal–fungal coculture architecture extracted; ecological context remains only in raw_label
TERM_9c9546e8d289,state.medium,liquid coculture,,"unresolved_type_mismatch: liquid coculture describes culture architecture, not a medium formulation"
TERM_dfa9a6232c78,action.intervention,direct mixed culture,direct mixed culture,normalized: explicit mixed-culture intervention retained directly from raw_label
TERM_cb151d86e956,state.developmental_state,interaction state,,"unresolved_type_mismatch: interaction state describes an ecological/interaction condition, not a developmental state"
TERM_9eb5123d07ca,time.window,2 and 5 d,48 h; 120 h,normalized: explicit 2-day and 5-day timepoints converted to hours
TERM_be9299eb9bfc,observation.sample_matrix,RNA + metabolome,,unresolved_composite: combines RNA with metabolome as distinct molecular sample/data domains rather than one sample matrix
TERM_15d298ff1e8e,assay.method,transcriptomics + metabolomics,,unresolved_composite: transcriptomics and metabolomics are distinct analytical modalities and require separate method terms
TERM_b970f08093cb,state.medium,GYAM toxin-production medium,GYAM medium,normalized_partial: GYAM medium identity extracted; toxin-production outcome context remains only in raw_label
TERM_bf61e1596b6f,action.intervention,FvSTUA deletion,FvSTUA deletion,normalized: explicit single-gene deletion intervention retained directly from raw_label
TERM_14bf16fef17f,state.developmental_state,developmentally perturbed state,,unresolved_underspecified: developmentally perturbed state does not identify a specific developmental state
TERM_688d41491620,state.culture_architecture,nutrient-state comparison,,"unresolved_type_mismatch: nutrient-state comparison describes a condition-comparison study design, not culture architecture"
TERM_814938ba95e7,state.medium,6 mM Gln; 6 mM NaNO3; 60 mM Gln; 120 mM NaNO3,,unresolved_composite: lists four distinct nitrogen conditions and does not identify one complete medium formulation
TERM_d4c7ca4e0a1d,action.intervention,nitrogen amount/type and pH-linked regime,nitrogen amount/type and pH variation,"normalized: nitrogen amount, nitrogen type, and pH retained as the stated intervention dimensions"
TERM_895ed0792945,assay.method,HPLC-FTMS,HPLC-FTMS,normalized: explicit analytical method retained directly from raw_label
TERM_e9e97e0ec337,state.culture_architecture,native production / cluster discovery,,"unresolved_type_mismatch: native production and cluster discovery describe production/study context, not culture architecture"
TERM_79a53bef5c48,state.medium,stationary YMEG liquid culture,YMEG medium,normalized_partial: YMEG medium identity extracted; stationary and liquid-culture context remains only in raw_label
TERM_67cbe7f99034,state.agitation,stationary,,unreviewed
TERM_8cd2c7ae7932,state.developmental_state,native productive mycelium,mycelial growth,normalized_partial: mycelial developmental state extracted; native and productive context remains only in raw_label
TERM_519d06ae1196,observation.sample_matrix,ethyl-acetate culture extract,ethyl acetate culture extract,normalized: hyphenation standardized; sample-matrix meaning unchanged
TERM_0a01c4726c91,assay.method,LC-MS + authentic standards + NMR,,"unresolved_composite: combines LC-MS, authentic-standard comparison, and NMR; distinct analytical components require separate representation"
TERM_aa0c7a6323e0,state.medium,stationary YMEG,YMEG medium,partial_normalization: explicit YMEG medium extracted; stationary condition remains only in raw_label
TERM_f9b3365b0023,action.intervention,gsfA targeted replacement,gsfA targeted replacement,normalized: explicit targeted-replacement intervention retained directly from raw_label
TERM_db752bc42303,state.developmental_state,native culture,,unresolved_type_mismatch: native culture describes culture context rather than a developmental state
TERM_c2744b491db3,state.culture_architecture,halogenation-gate knockout,,unresolved_type_mismatch: label describes a genetic knockout intervention rather than culture architecture
TERM_27cf47d77229,action.intervention,gsfI targeted replacement,gsfI targeted replacement,normalized: explicit targeted-replacement intervention retained directly from raw_label
TERM_d0d9b18d3270,assay.method,LC-MS + NMR,,unresolved_composite: combines LC-MS and NMR as distinct analytical methods
TERM_80c55888702e,state.culture_architecture,methyltransferase dissection,,unresolved_type_mismatch: methyltransferase dissection describes study design/objective rather than culture architecture
TERM_38108481411b,action.intervention,individual O-methyltransferase deletions,individual O-methyltransferase deletions,normalized: explicit individual deletion interventions retained without adding target identities
TERM_da2adaaf60e7,assay.method,LC-MS + purification + NMR,,"unresolved_composite: combines LC-MS, purification, and NMR as distinct preparation and analytical procedures"
TERM_f05e4c4ca780,state.culture_architecture,spirocycle-forming P450 knockout,,unresolved_type_mismatch: P450 knockout describes a genetic intervention rather than culture architecture
TERM_4b0a56f1b083,action.intervention,gsfF deletion,gsfF deletion,normalized: explicit single-gene deletion intervention retained directly from raw_label
TERM_7367f3f50374,assay.method,LC-MS/NMR,,unresolved_composite: combines LC-MS and NMR as distinct analytical methods
TERM_82bf324ce740,state.culture_architecture,terminal-reduction discrimination,,unresolved_type_mismatch: terminal-reduction discrimination describes a study objective rather than culture architecture
TERM_fd444793681e,action.intervention,delete gsfE or gsfK,gsfE or gsfK deletion,normalized: explicit alternative gene-deletion intervention retained without inferring separate experiments
TERM_d6b61d0d1840,state.culture_architecture,nonessential-cluster-gene test,,unresolved_type_mismatch: nonessential-cluster-gene test describes study design rather than culture architecture
TERM_8f144078bfdd,action.intervention,gsfH deletion,gsfH deletion,normalized: explicit single-gene deletion intervention retained directly from raw_label
TERM_23e3269dcb0a,state.culture_architecture,in-vitro total biosynthesis,,unresolved_type_mismatch: in-vitro total biosynthesis describes a cell-free biochemical reconstruction strategy rather than culture architecture
TERM_b1f60f21d40c,state.medium,purified biochemical system,,unresolved_type_mismatch: purified biochemical system describes an assay/reaction context rather than a culture medium
TERM_e3f87c2ae1f4,action.intervention,combine purified pathway enzymes/cofactors from malonyl-CoA precursor,combine purified pathway enzymes and cofactors with malonyl-CoA precursor,normalized: explicit biochemical intervention retained without adding mechanistic interpretation
TERM_5f04bd8e64ea,state.developmental_state,cell-free,,unresolved_type_mismatch: cell-free describes an experimental system state rather than a fungal developmental state
TERM_a5ad520d4762,observation.sample_matrix,purified reaction mixture,purified reaction mixture,normalized: explicit sample-matrix label retained directly from raw_label
TERM_89152322a2b9,assay.method,LC-MS/NMR/enzymology,,"unresolved_composite: combines LC-MS, NMR, and enzymology as distinct analytical or assay modalities"
TERM_ef4d24c46c81,state.culture_architecture,spirocyclization mechanism,,unresolved_type_mismatch: spirocyclization mechanism describes a mechanistic study objective rather than culture architecture
TERM_7e830d350b42,state.medium,cell-free enzyme assay,,unresolved_type_mismatch: cell-free enzyme assay describes an assay/reaction context rather than a culture medium
TERM_6d9527af25ae,action.intervention,GsfF + griseophenone B; isotope/computational analysis,GsfF + griseophenone B,partial_normalization: explicit GsfF + griseophenone B intervention extracted; isotope/computational analysis remains only in raw_label
TERM_da9a6f8641ca,observation.sample_matrix,reaction mixture,reaction mixture,normalized: explicit sample-matrix label retained directly from raw_label
TERM_ebfeb2daf54f,assay.method,LC-MS + kinetic isotope effects + DFT,,"unresolved_composite: combines LC-MS, kinetic-isotope-effect analysis, and DFT as distinct analytical/computational modalities"
TERM_6704516040a0,state.culture_architecture,strain-level sequence comparison,,unresolved_type_mismatch: strain-level sequence comparison describes a comparative analysis rather than culture architecture
TERM_d0f2153345e9,action.intervention,sequence both hpm loci,,unresolved_type_mismatch: sequencing both hpm loci is a sequencing procedure rather than a biological intervention
TERM_1a5995c96b16,assay.method,cosmid/PCR sequencing,,unresolved_composite: cosmid sequencing and PCR-based sequencing are combined without enough structure to represent them as one canonical assay
TERM_d3cf3f5d8322,state.culture_architecture,native genetic-access test,,unresolved_type_mismatch: native genetic-access test describes study design rather than culture architecture
TERM_54b2fd95896b,state.medium,fungal transformation,,unresolved_type_mismatch: fungal transformation describes an experimental procedure rather than a culture medium
TERM_429701225c50,action.intervention,standard optimized transformation procedure,fungal transformation,partial_normalization: transformation procedure retained while non-biological optimization wording is omitted from canonical_label
TERM_e81cc44284aa,state.developmental_state,native strain,,unresolved_type_mismatch: native strain describes strain identity/context rather than a developmental state
TERM_90749665fbc3,time.window,transformation endpoint,endpoint,partial_normalization: endpoint extracted as the recoverable temporal component; transformation context remains only in raw_label
TERM_840704829063,observation.sample_matrix,colonies,colonies,normalized: explicit sample-matrix label retained directly from raw_label
TERM_e83dab35b8c4,assay.method,transformation assay,transformation assay,normalized: explicit assay-method label retained directly from raw_label
TERM_a2af08501fda,state.culture_architecture,native tailoring-gene knockout,,unresolved_type_mismatch: tailoring-gene knockout describes a genetic intervention rather than culture architecture
TERM_338dbc9639a2,state.medium,native hypothemycin-producing fermentation,,unresolved_type_mismatch: hypothemycin-producing fermentation describes culture/process and outcome context rather than a defined medium
TERM_92d14f76b6af,action.intervention,insert phleomycin-resistance cassette into OMT,phleomycin-resistance cassette insertion into OMT,normalized: explicit cassette-insertion intervention standardized without adding mechanistic interpretation
TERM_6d21f3445f9b,state.developmental_state,productive fungal state,,unresolved_outcome_defined: productive fungal state is defined by production outcome rather than an independently specified developmental state
TERM_696ee9f79106,observation.sample_matrix,culture broth,culture broth,normalized: explicit sample-matrix label retained directly from raw_label
TERM_b404db482be6,assay.method,PCR + LC-MS,,unresolved_composite: combines PCR and LC-MS as distinct analytical methods
TERM_9a32496a2bb4,state.culture_architecture,heterologous scaffold reconstruction,,unresolved_type_mismatch: heterologous scaffold reconstruction describes an experimental strategy rather than culture architecture
TERM_18fbec6caf31,state.medium,yeast culture,,unresolved_type_mismatch: yeast culture describes host/culture context rather than a culture medium
TERM_a727223c1f95,action.intervention,coexpress both PKSs,coexpression of both PKSs,normalized: explicit dual-PKS coexpression intervention standardized without inferring PKS identities
TERM_be2b39fa514e,assay.method,LC-MS + purification + HRMS/NMR,,"unresolved_composite: combines LC-MS, purification, HRMS, and NMR as distinct preparation and analytical procedures"
TERM_1842e5d1a15c,state.culture_architecture,heterologous post-PKS step localization,,unresolved_type_mismatch: heterologous post-PKS step localization describes study objective/strategy rather than culture architecture
TERM_7ca5fa05835b,action.intervention,"add OMT, FMO or P450 individually","individual addition of OMT, FMO, or P450",normalized: explicit individual enzyme-addition intervention standardized without inferring enzyme identities beyond the raw label
TERM_555b57e6e99e,assay.method,LC-MS/UV,LC-MS/UV,normalized: analytical method is already an atomic LC-MS/UV label; retained without expanding detector configuration
TERM_904fe0c4c008,state.culture_architecture,cell-free enzyme specificity,,unresolved_type_mismatch: cell-free enzyme specificity describes an assay objective/system rather than culture architecture
TERM_54759b30a85b,state.medium,biochemical assay,,unresolved_type_mismatch: biochemical assay describes an experimental/assay system rather than a culture medium
TERM_d135a12fa5b0,action.intervention,OMT + SAM or FMO + NADPH,,unresolved_composite: combines alternative enzyme/cofactor systems (OMT + SAM or FMO + NADPH) in one intervention label
TERM_348fddd2ac63,time.window,60 min,60 min,normalized: explicit time window retained directly
TERM_06c260020e01,state.culture_architecture,cell-free olefin-isomerization assay,,unresolved_type_mismatch: cell-free olefin-isomerization assay describes an assay system rather than culture architecture
TERM_0507b527ac93,action.intervention,Hpm2 + glutathione and trans/cis RAL substrate,,"unresolved_composite: combines Hpm2, glutathione, and alternative trans/cis RAL substrates in one biochemical intervention label"
TERM_b50b2d028e65,assay.method,LC/MS or chromatographic product analysis,,unresolved_composite: combines alternative analytical procedures (LC/MS or unspecified chromatographic product analysis)
TERM_b7107c8307c3,state.culture_architecture,strain-level congener profiling,,unresolved_type_mismatch: strain-level congener profiling describes an analytical study design rather than culture architecture
TERM_935d3100ef7e,state.medium,fungal fermentation,,unresolved_type_mismatch: fungal fermentation describes culture/process context rather than a specific culture medium
TERM_3620f74603d0,assay.method,isolation + spectroscopy/X-ray/cytotoxicity assays,,"unresolved_composite: combines isolation, spectroscopy, X-ray analysis, and cytotoxicity assays as distinct procedures"
TERM_410ee4e550af,state.culture_architecture,core pathway discovery,,unresolved_type_mismatch: core pathway discovery describes a study objective rather than culture architecture
TERM_633272da3dad,state.medium,native and molecular-genetic systems,,unresolved_type_mismatch: native and molecular-genetic systems describes experimental systems rather than a culture medium
TERM_8ce332dd3566,action.intervention,"clone/disrupt/analyze LovB, LovC, LovF-associated pathway",,"unresolved_composite: combines cloning, disruption, and analysis of the LovB/LovC/LovF-associated pathway as distinct operations"
TERM_ba3c2c92a4f9,observation.sample_matrix,DNA/proteins/metabolites,,"unresolved_composite: combines DNA, protein, and metabolite sample domains in one sample-matrix label"
TERM_eda22bedf456,assay.method,molecular genetics + biochemical analysis,,unresolved_composite: combines molecular-genetic and biochemical analytical procedures
TERM_02d54b8de92c,state.culture_architecture,pathway-order genetics,,unresolved_type_mismatch: pathway-order genetics describes a genetic study design rather than culture architecture
TERM_db606357916d,state.medium,A. terreus culture,,unresolved_type_mismatch: A. terreus culture describes organism/culture context rather than a specific culture medium
TERM_ec07fdcde5bd,action.intervention,biosynthetic blocking mutations,biosynthetic blocking mutations,normalized: intervention class is directly stated; no specific mutation or gene identity inferred
TERM_427fcf3ae0b8,state.developmental_state,native production state,,unresolved_outcome_defined: native production state denotes productive status but does not identify a developmental state
TERM_d1eac5f0a3b3,assay.method,mutant complementation + enzyme activity + metabolite analysis,,"unresolved_composite: combines mutant complementation, enzyme-activity assay, and metabolite analysis as distinct procedures"
TERM_991ba89b912e,state.culture_architecture,complete HR-PKS reconstitution,,unresolved_type_mismatch: complete HR-PKS reconstitution describes an experimental reconstruction strategy rather than culture architecture
TERM_8c344fafd196,state.medium,cell-free biochemical system,,unresolved_type_mismatch: cell-free biochemical system describes an experimental system rather than a culture medium
TERM_f250e7f8a030,action.intervention,cofactor/partner omission and LovC/MlcG partner swap,,unresolved_composite: combines cofactor/partner omission with LovC/MlcG partner swapping as distinct intervention classes
TERM_32e399cdade6,observation.sample_matrix,carrier-bound/free polyketides,,unresolved_composite: combines carrier-bound and free polyketide forms rather than one sample-matrix class
TERM_173e05235918,assay.method,LC-MS + isotope labeling,,unresolved_composite: combines LC-MS analysis with isotope-labeling procedure as distinct methodological components
TERM_b1a3d7adb14a,state.culture_architecture,two-step oxidation assay,,unresolved_type_mismatch: two-step oxidation assay describes an experimental assay rather than culture architecture
TERM_c03cab30eb1c,state.medium,S. cerevisiae + in-vitro microsomes,,unresolved_type_mismatch: S. cerevisiae plus in-vitro microsomes describes experimental systems rather than a culture medium
TERM_1cfec15d57ee,action.intervention,feed DML acid/monacolin L acid to LovA,DML acid/monacolin L acid feeding to LovA,normalized: substrate-feeding intervention is directly stated; alternative substrate identities are retained
TERM_ee39f992b5cd,state.developmental_state,engineered state,,unresolved_type_mismatch: engineered state denotes experimental engineering status rather than a developmental state
TERM_6816e27baf15,observation.sample_matrix,reaction metabolites,reaction metabolites,normalized: sample material is directly stated
TERM_3f95cc15f506,state.culture_architecture,product-release experiment,,unresolved_type_mismatch: product-release experiment describes an experimental objective/design rather than culture architecture
TERM_8e45d862f595,state.medium,A. terreus/heterologous biochemical systems,,unresolved_type_mismatch: A. terreus/heterologous biochemical systems describes experimental-system context rather than a defined medium
TERM_2ac3a7eb5f15,action.intervention,remove/add cryptic thioesterase LovG,,unresolved_composite: combines LovG removal and LovG addition as distinct interventions
TERM_d1238c8c4fc6,state.developmental_state,LovB execution state,,unresolved_type_mismatch: LovB execution state denotes a biochemical enzyme state rather than organismal developmental state
TERM_daaf6fe6b04a,observation.sample_matrix,LovB-bound and released DML,,unresolved_composite: combines LovB-bound and released DML states rather than one sample-matrix class
TERM_d93a3c2da4ea,assay.method,genetics + biochemical assay,,unresolved_composite: combines genetic and biochemical assay procedures
TERM_c7cfce7d30d8,state.culture_architecture,second-polyketide/acyl-transfer assay,,unresolved_type_mismatch: second-polyketide/acyl-transfer assay describes an assay rather than culture architecture
TERM_b0a8fc77e168,state.medium,cell-free/heterologous,,unresolved_type_mismatch: cell-free/heterologous describes experimental-system architecture rather than a culture medium
TERM_948bed670763,action.intervention,generate LovF-bound 2-methylbutyryl donor and assay LovD transfer to monacolin J,,unresolved_composite: combines generation of a LovF-bound acyl donor with the subsequent LovD transfer assay
TERM_03d03d6df978,observation.sample_matrix,protein-bound acyl donor + product,,unresolved_composite: combines protein-bound acyl donor and product as distinct measured material classes
TERM_7434fb4e378c,assay.method,enzymology/LC-MS,,unresolved_composite: combines enzymology with LC-MS as distinct analytical components
TERM_0453d7a91ba6,state.culture_architecture,submerged batch fermentation,submerged batch fermentation,normalized: culture architecture is directly stated
TERM_2ef5d2209ae7,state.medium,defined glucose/lactose + multiple nitrogen sources,defined medium,partial_normalization: defined-medium class is explicit; glucose/lactose and multiple nitrogen-source variants remain in raw_label
TERM_fd336f721157,state.agitation,400 rpm in reported fermentor conditions,,unreviewed
TERM_bf8a5e19474c,action.intervention,vary carbon and nitrogen source,carbon and nitrogen source variation,normalized: nutrient-source variation intervention is directly stated
TERM_49eaeee493b2,state.developmental_state,growth-to-idiophase transition,growth-to-idiophase transition,normalized: developmental transition is directly stated
TERM_e4e9d7bef534,observation.sample_matrix,biomass + residual nutrients + lovastatin,,"unresolved_composite: combines biomass, residual nutrients, and lovastatin as distinct measured material/analyte classes"
TERM_731f33b4ff84,assay.method,fermentation analytics,,unresolved_underspecified: fermentation analytics does not identify a specific analytical method
TERM_2771fd16a15e,state.culture_architecture,SmF and SSF,,unresolved_composite: SmF and SSF are distinct culture architectures combined in one term
TERM_7b221abdd7ea,state.medium,production media,,unresolved_underspecified: production media does not identify a recoverable medium formulation
TERM_2d0a623a37d7,state.agitation,architecture-specific,,unreviewed
TERM_691341279ba4,action.intervention,N-acetyl-L-cysteine or H2O2,,unresolved_composite: N-acetyl-L-cysteine and H2O2 are distinct alternative interventions combined in one term
TERM_78c53db47ab4,state.developmental_state,trophophase/idiophase,,unresolved_composite: trophophase and idiophase are distinct developmental phases combined in one term
TERM_73ede9026839,observation.sample_matrix,ROS + RNA + lovastatin,,"unresolved_composite: combines ROS, RNA, and lovastatin as distinct analyte or sample classes"
TERM_e55ad2b9a53d,assay.method,ROS assay + Northern/qPCR + product analysis,,"unresolved_composite: combines ROS assay, Northern/qPCR, and product analysis as distinct analytical methods"
TERM_a0a74255b081,state.culture_architecture,database/provenance comparison,,"unresolved_type_mismatch: database/provenance comparison describes record analysis, not culture architecture"
TERM_5390ec6dc57f,action.intervention,compare AF141925.1 to current sequence representation,,"unresolved_type_mismatch: sequence-representation comparison is computational analysis, not a biological intervention"
TERM_5da9fe72eca5,state.developmental_state,record-history state,,"unresolved_type_mismatch: record-history state is provenance/history metadata, not a developmental state"
TERM_0afea1d521d9,time.window,current,,unresolved_underspecified: current is a relative record-time descriptor and does not encode an experimental time window
TERM_a4e9bccee7f4,observation.sample_matrix,sequence accession,,"unresolved_type_mismatch: sequence accession is an identifier, not a sample matrix"
TERM_d08d1f36067f,assay.method,NCBI/MIBiG comparison,,"unresolved_type_mismatch: NCBI/MIBiG comparison is database comparison, not an experimental assay method"
TERM_9e9cc5751132,state.culture_architecture,genome-level historical cluster reconciliation,,"unresolved_type_mismatch: historical cluster reconciliation is genomic analysis, not culture architecture"
TERM_e12b4ce855e2,action.intervention,map historical AF141924.1 + AF141925.1 genes to modern genome scaffold,,"unresolved_type_mismatch: mapping historical accessions to a modern scaffold is computational genomic analysis, not a biological intervention"
TERM_36783a60435b,state.developmental_state,genome context,,"unresolved_type_mismatch: genome context is genomic context, not a developmental state"
TERM_a7de8a07a0c5,observation.sample_matrix,lovastatin gene set,,"unresolved_type_mismatch: lovastatin gene set is a genomic entity set, not a sample matrix"
TERM_1e73a31e2ce6,assay.method,whole-genome alignment,whole-genome alignment,normalized: analytical/computational method is directly stated
TERM_9d27c0170edc,state.culture_architecture,native fungal culture / targeted genetics,native fungal culture,partial: culture context extracted; targeted genetics remains preserved only in raw_label
TERM_46fc1cb70457,action.intervention,replace central mokA region with hygromycin-resistance cassette,mokA central-region replacement with hygromycin-resistance cassette,normalized: targeted replacement intervention is directly stated
TERM_8bc6879e6d29,observation.sample_matrix,culture metabolites + genomic DNA,,unresolved_composite: culture metabolites and genomic DNA are distinct sample matrices combined in one term
TERM_b71f756d7fa0,assay.method,homologous recombination + chemical analysis,,unresolved_composite: homologous recombination is genetic manipulation and chemical analysis is an analytical procedure; distinct roles are combined
TERM_c952cd5e6162,action.intervention,mokB disruption,mokB disruption,normalized: genetic disruption intervention is directly stated
TERM_1544f50a03b5,assay.method,targeted genetics + structural metabolite identification,,unresolved_composite: targeted genetics and structural metabolite identification are distinct methodological components combined in one term
TERM_2cd0237b9f5f,state.culture_architecture,native fungal culture / regulator engineering,native fungal culture,partial: culture context extracted; regulator engineering remains preserved only in raw_label
TERM_1faaf1eb1633,action.intervention,extra mokH copy under gpd promoter,mokH copy addition under gpd promoter,normalized: added mokH copy and promoter context are directly stated
TERM_c292d3321787,observation.sample_matrix,RNA + culture metabolites,,unresolved_composite: RNA and culture metabolites are distinct sample matrices combined in one term
TERM_ef06918c22ff,assay.method,PCR/Southern + RT-PCR + product assay,,"unresolved_composite: PCR/Southern, RT-PCR, and product assay are distinct analytical methods combined in one term"
TERM_46a3641714ff,state.culture_architecture,submerged liquid fermentation,submerged liquid fermentation,normalized: culture architecture is directly stated
TERM_3512957d8827,state.medium,rice powder/glycerol/peptone production medium ±10 mM glutamate,rice powder/glycerol/peptone production medium,partial: base production-medium formulation extracted; ±10 mM glutamate variation remains preserved only in raw_label
TERM_859a4470c9af,state.temperature_C,30→25,,unreviewed
TERM_15906f1b6c7b,state.agitation,150 rpm,,unreviewed
TERM_5b92f4dd7db7,action.intervention,add 10 mM glutamate,10 mM glutamate addition,normalized: glutamate addition and concentration are directly stated
TERM_0d79d3c09390,state.developmental_state,growth-to-secondary-metabolism trajectory,,unresolved_type_mismatch: growth-to-secondary-metabolism trajectory describes a transition across states rather than a single developmental state
TERM_6937f63ff2c7,time.window,"days 2, 5, 8, 11",48 h; 120 h; 192 h; 264 h,normalized: day values converted directly to hours
TERM_572b353fee58,observation.sample_matrix,RNA + biomass + broth + intra/extracellular MK,,"unresolved_composite: RNA, biomass, broth, and intracellular/extracellular monacolin K are distinct sample or analyte classes combined in one term"
TERM_130b554819fb,assay.method,HPLC + RT-qPCR + SEM,,"unresolved_composite: HPLC, RT-qPCR, and SEM are distinct analytical methods combined in one term"
TERM_cfd4537c4b01,state.culture_architecture,culture-dish temperature-programming experiment,culture-dish culture,partial: culture-dish architecture extracted; temperature-programming design remains preserved only in raw_label
TERM_1a83880bbd44,state.temperature_C,30→25 vs constant 30,,unreviewed
TERM_9292a353e23c,action.intervention,shift after 6 d at 30°C to 25°C for 15 d,temperature shift from 30°C to 25°C after 6 d; maintained 15 d,normalized: temperature-shift intervention and timing are directly stated
TERM_81fd29911650,state.developmental_state,temperature-programmed production state,,unresolved_underspecified: temperature-programmed production state is outcome-loaded and does not identify a distinct developmental state
TERM_851d435c48e7,time.window,21 d total,504 h,normalized: 21 d converted directly to hours
TERM_4e2de64392e4,observation.sample_matrix,biomass + MK + RNA,,"unresolved_composite: biomass, monacolin K, and RNA are distinct sample or analyte classes combined in one term"
TERM_b75640e85870,assay.method,HPLC + RT-qPCR,,unresolved_composite: HPLC and RT-qPCR are distinct analytical methods combined in one term
TERM_465fae793e8e,state.culture_architecture,submerged fermentation / genome editing,submerged fermentation,partial: culture architecture extracted; genome editing remains preserved only in raw_label
TERM_8ebf84d45524,state.medium,production medium,,unresolved_underspecified: production medium does not identify a recoverable medium formulation
TERM_f905362d6ef2,action.intervention,CRISPR/Cas9 or ATMT gene inactivation,gene inactivation,partial: gene-inactivation action extracted; CRISPR/Cas9 and ATMT are alternative implementation methods preserved only in raw_label
TERM_95cf44fd2ae3,state.developmental_state,engineered chromatin/DDR states,,unresolved_composite: chromatin and DNA-damage-response states are distinct engineered state classes combined in one term
TERM_4679238b69b6,time.window,fermentation endpoint,endpoint,partial: endpoint timing extracted; fermentation context remains preserved only in raw_label
TERM_1a6e09ee9d0e,observation.sample_matrix,MK + expression/DDR readouts,,unresolved_composite: monacolin K and expression/DNA-damage-response readouts are distinct observation classes combined in one term
TERM_178f6e257170,state.culture_architecture,submerged fermentation / transporter engineering,submerged fermentation,partial: culture architecture extracted; transporter engineering remains preserved only in raw_label
TERM_a7f8561fab1c,action.intervention,mokI overexpression,mokI overexpression,normalized: gene overexpression intervention is directly stated
TERM_1ae1e2fb26a3,time.window,endpoint/time course,,unresolved_composite: endpoint and time course are distinct temporal designs combined in one term
TERM_4bcf69ec7b1d,observation.sample_matrix,MK + transcriptome + metabolome,,"unresolved_composite: monacolin K, transcriptome, and metabolome are distinct observation or sample domains combined in one term"
TERM_961dd992a913,assay.method,HPLC + multi-omics,,unresolved_composite: HPLC and multi-omics represent distinct analytical modalities combined in one term
TERM_aa967ed5fb13,state.culture_architecture,native/engineered fermentation,fermentation,partial: fermentation culture architecture extracted; native/engineered status remains preserved only in raw_label
TERM_47c700dbb552,action.intervention,"delete, complement or overexpress mokE",,"unresolved_composite: mokE deletion, complementation, and overexpression are distinct interventions combined in one term"
TERM_4d3c9997b023,state.developmental_state,PKS-execution state,,"unresolved_type_mismatch: PKS execution describes a pathway functional state, not a developmental state"
TERM_f9f6fdf536a7,observation.sample_matrix,MK + transcripts,,unresolved_composite: monacolin K and transcripts are distinct observation domains rather than a single sample matrix
TERM_ada7a932fa40,assay.method,genetics + product assay,,unresolved_composite: genetic analysis/manipulation and product assay are distinct experimental modalities combined in one method term
TERM_db1eab5c8dd6,state.culture_architecture,systematic PKS functional screen,,"unresolved_type_mismatch: systematic PKS functional screening describes study design, not culture architecture"
TERM_7ad77c851276,state.medium,Sabouraud dextrose agar,Sabouraud dextrose agar,normalized: medium is directly stated
TERM_859d346c371b,state.temperature_C,25,,unreviewed
TERM_bf5f3d04ad11,action.intervention,RNA silencing of each PKS/PKS-hybrid gene,individual PKS/PKS-hybrid gene RNA silencing,normalized: RNA-silencing intervention and target class are directly stated
TERM_e4fe59896bd5,state.developmental_state,mold phase,mold phase,normalized: developmental state is directly stated
TERM_4877ff3ba1e2,observation.sample_matrix,colony + diffusible pigment,,unresolved_composite: colony material and diffusible pigment represent distinct sample/analyte contexts
TERM_6175bf5d747d,assay.method,visual phenotype + RT-PCR,,unresolved_composite: visual phenotype observation and RT-PCR are distinct analytical modalities
TERM_72e541f08679,state.culture_architecture,functional cluster-boundary screen,,"unresolved_type_mismatch: functional cluster-boundary screening describes study design, not culture architecture"
TERM_78cb5fc88905,action.intervention,RNA silencing of five upstream and nine downstream ORFs,RNA silencing of five upstream and nine downstream ORFs,normalized: RNA-silencing intervention and target set are directly stated
TERM_cbb8da676fde,observation.sample_matrix,colony + pigment,,unresolved_composite: colony material and pigment represent distinct sample/analyte contexts
TERM_a406b45ae42b,assay.method,visual phenotype + quantitative/RT-PCR,,unresolved_composite: visual phenotype observation and quantitative/RT-PCR are distinct analytical modalities
TERM_f544a0f75ad3,state.culture_architecture,branch-resolved metabolomics,,"unresolved_type_mismatch: branch-resolved metabolomics describes an analytical design, not culture architecture"
TERM_c1d1efd78f75,state.medium,RPMI 1640 + 5% glucose,RPMI 1640 with 5% glucose,normalized: medium formulation is directly stated
TERM_13ac8d36bccc,state.agitation,250 rpm,,unreviewed
TERM_834b44ebb8df,action.intervention,compare targeted knockdown strains,,"unresolved_type_mismatch: comparison of targeted-knockdown strains is a study design, not an intervention itself"
TERM_e8b201308d50,state.developmental_state,mold-phase liquid culture,mold phase,partial: developmental state extracted; liquid-culture architecture remains preserved only in raw_label
TERM_db4a6eec63cd,time.window,100 h,100 h,normalized: time value is directly stated
TERM_068edb8f0952,assay.method,UV-Vis + UHPLC-DAD-MS/MS,,unresolved_composite: UV-Vis and UHPLC-DAD-MS/MS are distinct analytical methods combined in one term
TERM_ecac2697acde,state.culture_architecture,post-biosynthetic diversification test,,"unresolved_type_mismatch: post-biosynthetic diversification testing describes study design, not culture architecture"
TERM_eb4fd38a626d,state.medium,Aspergillus minimal medium + one of 20 amino acids,Aspergillus minimal medium,partial: base medium extracted; individual amino-acid supplementation remains preserved in raw_label and is represented by a separate intervention term
TERM_b6bb2037ba16,action.intervention,supplement each amino acid separately,individual amino acid supplementation,normalized: separate supplementation with each amino acid is directly stated
TERM_fd163613cfd0,state.developmental_state,mold growth,mold growth,normalized: developmental state is directly stated
TERM_e2896e71d435,observation.sample_matrix,culture color/pigment,,"unresolved_type_mismatch: culture color/pigment describes an observed phenotype or analyte context, not a sample matrix"
TERM_e2213b8ef6d0,assay.method,color matching to authentic pigment-amino-acid conjugates,color matching to authentic pigment-amino-acid conjugates,normalized: analytical identification method is directly stated
TERM_283da9891b41,state.culture_architecture,temperature/developmental-state comparison,,"unresolved_type_mismatch: temperature/developmental-state comparison describes a comparative study design, not culture architecture"
TERM_3b7bcfcdf0ad,state.medium,Sabouraud/yeast-peptone culture,,unresolved_composite: Sabouraud and yeast-peptone culture media are combined in one term and should remain separate
TERM_bfd799705201,state.temperature_C,25 vs 37,,unreviewed
TERM_5432929cbe5f,state.agitation,shaken for yeast seed,,unreviewed
TERM_2ebdbde0b575,action.intervention,temperature-driven dimorphic state,,"unresolved_type_mismatch: temperature-driven dimorphism describes a state or environmental condition, not an intervention"
TERM_6af7f01254af,state.developmental_state,mold versus yeast,,unresolved_composite: mold and yeast are distinct developmental states combined in one term
TERM_0eba26ec977f,time.window,7 d mold; 10 d yeast seed,168 h mold; 240 h yeast seed,normalized: day values converted to hours while preserving their state-specific association
TERM_a1201eecb8cc,observation.sample_matrix,colony/culture phenotype,,"unresolved_type_mismatch: colony/culture phenotype describes an observed phenotype, not a sample matrix"
TERM_a31006a509c1,assay.method,phenotypic observation + literature synthesis,,"unresolved_composite: phenotypic observation and literature synthesis are distinct evidence activities, not one analytical method"
TERM_3027e8afc9e3,state.culture_architecture,chromatin derepression screen,,"unresolved_type_mismatch: chromatin derepression screening describes study design, not culture architecture"
TERM_fb11927241fe,action.intervention,delete COMPASS component cclA,cclA deletion,normalized: deletion intervention and gene target are directly stated
TERM_b326e827143c,state.developmental_state,subtelomeric derepressed state,,"unresolved_type_mismatch: subtelomeric derepression is a chromatin/regulatory state, not a developmental state"
TERM_445274558572,assay.method,expression analysis + LC-MS/NMR,,"unresolved_composite: expression analysis, LC-MS, and NMR are distinct analytical modalities combined in one term"
TERM_42744d42aa15,state.culture_architecture,systematic contiguous-cluster dissection,,"unresolved_type_mismatch: systematic contiguous-cluster dissection describes study design, not culture architecture"
TERM_353e0b96a59c,state.medium,solid/complete fungal culture,,unresolved_composite: solid culture architecture and an unspecified complete fungal medium are combined in one term
TERM_c7e86330987b,action.intervention,delete mdpA–L candidates individually,individual deletions of mdpA–mdpL candidate genes,normalized: individual deletion intervention and candidate-gene range are directly stated
TERM_4b63d3c579ad,state.developmental_state,chromatin-derepressed productive state,,"unresolved_type_mismatch: chromatin derepression and productive outcome are regulatory/functional states, not developmental state"
TERM_e16b1a9fd67f,time.window,5 d,120 h,normalized: 5 d converted to hours
TERM_ac43316db784,assay.method,targeted genetics + HPLC/LC-MS,,"unresolved_composite: targeted genetics, HPLC, and LC-MS are distinct experimental and analytical modalities combined in one method term"
TERM_1e2a99006c8e,state.culture_architecture,inducible alcA promoter system,,"unresolved_type_mismatch: inducible alcA promoter system describes an engineered regulatory system, not culture architecture"
TERM_810af1ada4e4,state.medium,inducing/noninducing carbon context,,"unresolved_type_mismatch: inducing/noninducing carbon context describes a regulatory culture condition, not a defined medium"
TERM_b6924c05a212,action.intervention,promoter replacement/induction,,unresolved_composite: promoter replacement and induction are distinct actions combined in one intervention term
TERM_ef0f8490099a,state.developmental_state,engineered activation state,,"unresolved_type_mismatch: engineered activation state describes an experimental/functional outcome state, not a developmental state"
TERM_10a4b5270c3f,assay.method,expression + metabolite profiling,,unresolved_composite: expression analysis and metabolite profiling are distinct observation domains and do not specify one analytical method
TERM_3fa91bfb0174,state.culture_architecture,early-intermediate localization,,"unresolved_type_mismatch: early-intermediate localization describes study objective or pathway-position analysis, not culture architecture"
TERM_831dd7a74f71,action.intervention,delete historical mdpH region,historical mdpH-region deletion,normalized
TERM_39783ce3c2bf,state.developmental_state,derepressed productive state,,"unresolved_type_mismatch: derepressed productive state describes a regulatory/production state, not a developmental state"
TERM_670cdf0e6791,assay.method,isolation + LC-MS/NMR,,"unresolved_composite: isolation, LC-MS, and NMR are distinct preparation/analytical procedures combined in one assay term"
TERM_ec0c3b6abe8a,state.culture_architecture,distributed prenyl-xanthone pathway dissection,,"unresolved_type_mismatch: distributed prenyl-xanthone pathway dissection describes a study design/pathway analysis, not culture architecture"
TERM_ea0ee9256c34,state.medium,complex fungal medium,complex fungal medium,normalized
TERM_b1c9d8000600,action.intervention,delete local mdp and distal xpt candidates,,unresolved_composite: local mdp and distal xpt candidate deletions are multiple target interventions without enough detail to determine a single canonical action
TERM_2646a443f430,state.developmental_state,productive xanthone state,,"unresolved_type_mismatch: productive xanthone state is an outcome-defined production state, not a developmental state"
TERM_403f1fde21d6,assay.method,genome-based deletion + LC-MS/NMR,,unresolved_composite: genome-based deletion is an intervention while LC-MS and NMR are analytical methods
TERM_3a8516a723aa,state.culture_architecture,prenyltransferase substrate-specificity assay,,"unresolved_type_mismatch: prenyltransferase substrate-specificity assay is an assay design, not culture architecture"
TERM_9ec62aaa228a,action.intervention,incubate xanthones/benzophenones with DMAPP ± metal ions,xanthone/benzophenone incubation with DMAPP ± metal ions,normalized
TERM_0dd69a104c38,assay.method,enzyme kinetics + LC-MS,,unresolved_composite: enzyme kinetics and LC-MS are distinct analytical approaches combined in one assay term
TERM_a8b47c3c8a13,state.culture_architecture,ecological-function experiment,,"unresolved_type_mismatch: ecological-function experiment describes study purpose/design, not culture architecture"
TERM_5aa419744db8,state.medium,sexual-development culture,,unresolved_type_mismatch: sexual-development culture describes developmental/culture context but does not identify a medium formulation
TERM_75561988026a,action.intervention,compare metabolites/tissues and predator feeding,,unresolved_composite: metabolite/tissue comparison and predator feeding are distinct experimental actions combined in one intervention term
TERM_8d8f06e059f8,state.developmental_state,sexual fruiting/Hülle-cell state,sexual development,normalized_partial: sexual fruiting and Hülle-cell state both indicate sexual development; specific structures remain in raw_label
TERM_d4627d1ee4da,time.window,developmental endpoint,developmental endpoint,normalized
TERM_2fb09de4c6d6,observation.sample_matrix,Hülle cells/fruiting structures + feeding outcome,,"unresolved_composite: Hülle cells and fruiting structures are sample materials, while feeding outcome is an observation rather than sample matrix"
TERM_3bbd04076b75,assay.method,metabolomics + feeding assays,,unresolved_composite: metabolomics and feeding assays are distinct assay domains combined in one method term
TERM_710135683285,state.culture_architecture,YES solid culture / source-strain core-PKS knockout,solid culture,normalized_partial: solid culture is the culture architecture; YES medium and core-PKS knockout remain separate context in raw_label
TERM_8ae06849ee8e,action.intervention,delete mpaC by bipartite targeting,mpaC deletion by bipartite targeting,normalized
TERM_45dd7137ef96,observation.sample_matrix,agar plugs/extracts,,unresolved_composite: agar plugs and extracts are distinct sample matrices combined in one term
TERM_3edb738478db,assay.method,HPLC-UV/Vis-HRMS + PCR/Southern,,"unresolved_composite: HPLC-UV/Vis-HRMS, PCR, and Southern analysis are distinct analytical/molecular methods"
TERM_0d3fd8cfeb98,state.culture_architecture,heterologous pathway-entry reconstruction,,"unresolved_type_mismatch: heterologous pathway-entry reconstruction describes an experimental reconstruction strategy, not culture architecture"
TERM_60c1219833b0,state.medium,minimal medium + supplements,minimal medium with supplements,normalized
TERM_241d7a3347a2,action.intervention,constitutive mpaC expression,constitutive mpaC expression,normalized
TERM_0d61bc18b6fd,time.window,4 d for preparative isolation,96 h,normalized_partial: 4 d converted to 96 h; preparative-isolation context retained only in raw_label
TERM_d66918fc057c,assay.method,HRMS + NMR,,unresolved_composite: HRMS and NMR are distinct analytical methods combined in one assay term
TERM_7ab76bf9f240,state.culture_architecture,heterologous fusion-enzyme reconstruction,,"unresolved_type_mismatch: heterologous fusion-enzyme reconstruction describes an experimental reconstruction strategy, not culture architecture"
TERM_17270c2b20b2,state.medium,minimal medium,minimal medium,normalized
TERM_45e44ad6a590,action.intervention,coexpress mpaC and mpaDE,mpaC and mpaDE coexpression,normalized
TERM_60858bca7cb4,assay.method,UHPLC-UV/Vis-HRMS + NMR,,unresolved_composite: UHPLC-UV/Vis-HRMS and NMR are distinct analytical methods combined in one assay term
TERM_40b41d2b3667,state.culture_architecture,heterologous reaction-intermediate trap,,"unresolved_type_mismatch: heterologous reaction-intermediate trapping describes an experimental strategy, not culture architecture"
TERM_c8251160b5fb,action.intervention,express mpaD without MpaE domain,mpaD expression without MpaE domain,normalized
TERM_7509b74dd098,assay.method,UHPLC-HRMS,UHPLC-HRMS,normalized
TERM_97d5a9ecf19b,state.culture_architecture,heterologous/biochemical self-resistance test,,unresolved_type_mismatch: heterologous/biochemical self-resistance testing describes an assay or study design and does not specify culture architecture
TERM_b41700cd2876,action.intervention,compare IMPDH paralogs under MPA exposure,MPA exposure,normalized_partial: MPA exposure is the intervention; IMPDH-paralog comparison is comparative design retained in raw_label
TERM_7c1a63222f1e,state.developmental_state,drug-challenge state,,unresolved_type_mismatch: drug challenge describes an exposure condition rather than a developmental state
TERM_020ac3c9f3cd,observation.sample_matrix,growth/enzyme response,,unresolved_type_mismatch: growth/enzyme response describes observations or readouts rather than a sample matrix
TERM_6987b872e140,assay.method,biochemical + phylogenetic resistance analysis,,unresolved_composite: biochemical and phylogenetic resistance analyses are distinct analysis domains combined in one method term
TERM_ab80144d07d6,state.culture_architecture,heterologous full compartmentalized pathway reconstruction,,"unresolved_type_mismatch: heterologous full compartmentalized pathway reconstruction describes an experimental reconstruction strategy, not culture architecture"
TERM_c067e2eb7017,state.medium,Czapek-Dox and engineered media,Czapek-Dox medium,normalized_partial: Czapek-Dox is an identified medium; additional engineered media are unspecified and retained only in raw_label
TERM_1558e4fb3c53,action.intervention,combine mpa' genes with localization/primary-metabolism context,,"unresolved_composite: gene combination, localization context, and primary-metabolism context are combined and cannot be separated safely from this label alone"
TERM_55f719fe2e7b,state.developmental_state,engineered production state,,unresolved_type_mismatch: engineered production state is defined by engineering or production outcome rather than developmental state
TERM_e8eb35297e9c,time.window,~5 d post-induction in key assays,~120 h post-induction,normalized_partial: approximately 5 d converted to approximately 120 h post-induction; key-assay context retained only in raw_label
TERM_3f139e4c3257,observation.sample_matrix,whole-cell metabolites + localization,,"unresolved_composite: whole-cell metabolites describe material/analyte context while localization is an observation, not a single sample matrix"
TERM_b168dd5b1c4c,assay.method,LC-MS + fluorescence/localization + pathway reconstruction,,"unresolved_composite: LC-MS, fluorescence/localization analysis, and pathway reconstruction are distinct method or analysis components"
TERM_46005002fb42,state.culture_architecture,cell-free terminal-release specificity assay,,unresolved_type_mismatch: cell-free terminal-release specificity assay is a biochemical assay system rather than culture architecture
TERM_70c16ef9d6b7,action.intervention,assay MPA-CoA hydrolysis and enzyme mutants,,unresolved_composite: MPA-CoA hydrolysis assay and enzyme-mutant perturbations are distinct assay and action components
TERM_5bcd81e0e011,observation.sample_matrix,reaction mixture/protein crystal,,unresolved_composite: reaction mixture and protein crystal are distinct sample matrices combined in one term
TERM_e4117c6c2810,assay.method,kinetics + crystallography,,unresolved_composite: kinetics and crystallography are distinct analytical methods combined in one assay term
TERM_a4cbe76a1732,state.culture_architecture,cell-free methylation-order flexibility assay,,unresolved_type_mismatch: cell-free methylation-order flexibility assay is a biochemical assay system rather than culture architecture
TERM_fe17bd94be71,action.intervention,compare three pathway substrates; structure-guided mutagenesis,,unresolved_composite: substrate comparison and structure-guided mutagenesis are distinct experimental components
TERM_f9e89a7755de,observation.sample_matrix,reaction mixture/crystals,,unresolved_composite: reaction mixture and crystals are distinct sample matrices combined in one term
TERM_efde177a1baf,assay.method,enzyme kinetics + X-ray crystallography,,unresolved_composite: enzyme kinetics and X-ray crystallography are distinct analytical methods
TERM_dc34bae066b1,state.culture_architecture,surface/conidiating culture,surface culture,normalized_partial: surface culture extracted as culture architecture; conidiating state retained only in raw_label
TERM_ffd7a43cdd97,action.intervention,wA mutation/disruption,wA genetic perturbation,normalized_partial: wA genetic perturbation captures the common action; mutation versus disruption distinction retained only in raw_label
TERM_cd42dfae084e,state.developmental_state,conidial maturation,conidial maturation,normalized
TERM_e3ac0fb2cb98,observation.sample_matrix,conidia,conidia,normalized
TERM_ab6a85220504,assay.method,colony/spore color + molecular genetics,,unresolved_composite: color-phenotype assessment and molecular genetics are distinct method/readout components
TERM_2876b4132f66,state.culture_architecture,heterologous fungal PKS-expression system,heterologous fungal culture,normalized_partial: heterologous fungal culture extracted as culture architecture; PKS-expression purpose retained only in raw_label
TERM_23c7549d653d,action.intervention,express corrected full-length WA PKS,corrected full-length WA PKS expression,normalized
TERM_2b953edae78d,assay.method,isolation + NMR/MS,,unresolved_composite: isolation and NMR/MS analysis are distinct workflow components
TERM_5a4547327b86,state.culture_architecture,YG submerged growth followed by aerated filter culture,,unresolved_composite: sequential submerged YG growth and aerated filter culture are distinct culture architectures
TERM_8d4a2c7c3731,state.medium,YG: 0.5% yeast extract + 2% glucose,"YG medium (0.5% yeast extract, 2% glucose)",normalized
TERM_bd9c1a5feaed,state.agitation,300 rpm before transfer,,unreviewed
TERM_a1633741f95f,action.intervention,surface filtration and aeration to induce conidiation,surface filtration and aeration,normalized_partial: filtration and aeration extracted as the intervention; conidiation-induction purpose retained only in raw_label
TERM_d076d92e0b1a,state.developmental_state,vegetative-to-conidiating transition,vegetative-to-conidiating transition,normalized
TERM_dbae66982661,time.window,0–48 h,0–48 h,normalized
TERM_cbf558e0b8da,observation.sample_matrix,protein extracts + developing conidia,,unresolved_composite: protein extracts and developing conidia are distinct sample matrices combined in one term
TERM_13489241ccd7,assay.method,laccase activity + immunological protein assays,,unresolved_composite: laccase activity assay and immunological protein assays are distinct analytical methods
TERM_73a58248af63,state.culture_architecture,conidiating culture,,unresolved_type_mismatch: conidiating describes developmental state rather than culture architecture
TERM_d4c9c109fe8e,state.temperature_C,22 vs 37,,unreviewed
TERM_81db052f7e39,action.intervention,loss or temperature-sensitive yA function,,unresolved_alternative: loss-of-function and temperature-sensitive yA perturbations are distinct intervention classes
TERM_066c40cf673a,observation.sample_matrix,conidia + laccase,,"unresolved_composite: conidia are sample material while laccase is an analyte/protein, not a single sample matrix"
TERM_37a58542c6cb,assay.method,genetics + enzyme assay,,unresolved_composite: genetic analysis and enzyme assay are distinct method classes
TERM_2ad56a143890,state.culture_architecture,conidiating developmental-regulation assay,,unresolved_type_mismatch: developmental-regulation assay describes study/assay design rather than culture architecture
TERM_168703011e27,action.intervention,alter AbaA/yA promoter interactions,AbaA/yA promoter-interaction perturbation,normalized
TERM_d0efa39cc0ca,state.developmental_state,asexual development,asexual development,normalized
TERM_3c852c253bd8,time.window,developmental time course,,unresolved_type_mismatch: developmental time course denotes longitudinal study design but does not specify a time window
TERM_1fe8eb97b111,observation.sample_matrix,RNA/promoter assays,RNA,normalized_partial: RNA is sample material; promoter assays are assay context rather than sample matrix
TERM_068eb687714b,assay.method,DNA-binding + transcriptional analysis,,unresolved_composite: DNA-binding and transcriptional analysis are distinct assay classes
TERM_974f8d7e96de,state.culture_architecture,YAG/YAG+sucrose colony culture,colony culture,normalized_partial: colony culture extracted; YAG and sucrose supplementation belong to medium/condition
TERM_66ae4dd54b88,state.medium,YAG ± 1 M sucrose,YAG medium,normalized_partial: base medium extracted; ±1 M sucrose represents alternative supplementation conditions
TERM_da89c3b0db15,action.intervention,delete AN10028 or AN1088; complement/repair,,"unresolved_alternative: AN10028 deletion, AN1088 deletion, and complementation/repair are distinct interventions"
TERM_22df0b803373,time.window,48 h,48 h,normalized
TERM_a93838452675,observation.sample_matrix,colony/conidia,,unresolved_composite: colony material and conidia are distinct sample matrices
TERM_f9c16a3603db,assay.method,targeted genetics + color phenotype,,unresolved_composite: targeted genetics and color phenotype/readout are distinct method and observation classes
TERM_3d9a223ed8d5,state.culture_architecture,solid conidiating culture,solid culture,normalized_partial: culture architecture extracted; conidiating belongs to developmental state
TERM_fad37a52bc02,state.medium,YAG-type medium,YAG-type medium,normalized
TERM_dc99fcc6ec7d,action.intervention,combine color-gene deletions,combined color-gene deletions,normalized
TERM_f109326b750d,observation.sample_matrix,conidial color,,unresolved_type_mismatch: conidial color is a phenotype/readout rather than sample matrix
TERM_8b5108a4bbbd,assay.method,genetic epistasis,genetic epistasis analysis,normalized
TERM_3861160cc2d6,state.culture_architecture,natural apple-based versus restrictive medium,,unresolved_type_mismatch: comparison of natural apple-based and restrictive media does not specify culture architecture
TERM_4669377caf84,state.medium,apple-based medium vs Eagle's minimal essential medium,,unresolved_alternative: apple-based medium and Eagle's minimal essential medium are distinct media conditions
TERM_23417d29c58e,action.intervention,change nutrient/environmental context,nutrient/environmental context perturbation,normalized
TERM_9e3f9799c1bb,state.developmental_state,permissive vs restrictive state,,unresolved_type_mismatch: permissive versus restrictive is context-defined and does not identify a developmental state
TERM_e23f16a343b7,time.window,kinetic culture,,unresolved_type_mismatch: kinetic culture denotes temporal study design without an explicit time window
TERM_ae57a2cf8100,observation.sample_matrix,RNA + patulin,,unresolved_composite: RNA is sample material while patulin is an analyte/metabolite
TERM_5d8677d745a6,assay.method,qRT-PCR + chemical quantitation,,unresolved_composite: qRT-PCR and chemical quantitation are distinct assay methods
TERM_c69368c6e602,state.culture_architecture,apple infection across cultivars,apple infection,normalized_partial: infection context extracted; cultivar comparison is a separate experimental factor
TERM_0141bf3b95ac,state.medium,apple fruit,,unresolved_type_mismatch: apple fruit is host/substrate material rather than a defined culture medium
TERM_b8b6aca7b1ea,action.intervention,delete/complement patL,,unresolved_composite: patL deletion and complementation are distinct interventions
TERM_80e0e403bfce,time.window,disease course,,unresolved_type_mismatch: disease course denotes longitudinal disease progression without an explicit time window
TERM_0032020d2e32,observation.sample_matrix,lesion size + patulin + gene expression,,"unresolved_composite: lesion size is a phenotype, patulin is an analyte, and gene expression is a molecular readout; no single sample matrix is specified"
TERM_6a98aa9cc5a6,assay.method,infection assay + qPCR/chemistry,,"unresolved_composite: infection assay, qPCR, and chemistry are distinct assay modalities"
TERM_3b120f4b6cff,state.culture_architecture,source-strain pathway dissection,,unresolved_type_mismatch: pathway dissection denotes study design rather than culture architecture
TERM_0a7d58dd8e0c,state.medium,defined/productive culture,,unresolved_type_mismatch: defined/productive culture describes culture characterization or outcome without identifying a medium
TERM_2d35ee5d8569,action.intervention,delete each pat gene,individual pat-gene deletions,normalized
TERM_288ea66cc707,observation.sample_matrix,metabolites,,unresolved_type_mismatch: metabolites are analytes or products rather than a sample matrix
TERM_c3ead2f3f539,assay.method,HPLC/feeding/genetics,,"unresolved_composite: HPLC, feeding, and genetics are distinct experimental or assay classes"
TERM_fa1a873241b7,state.culture_architecture,subcellular-localization mapping,,unresolved_type_mismatch: subcellular-localization mapping is an assay or study objective rather than culture architecture
TERM_3b7ba4b4a282,action.intervention,C-terminal fluorescent tagging and localization-disrupting constructs,,unresolved_composite: C-terminal fluorescent tagging and localization-disrupting constructs are distinct genetic interventions
TERM_b250398e59b0,time.window,live-cell,,unresolved_type_mismatch: live-cell denotes observation context rather than a time window
TERM_a1687b41a641,observation.sample_matrix,protein localization + product,,unresolved_composite: protein localization is a readout and product is an analyte; no single sample matrix is specified
TERM_83d3c1fa5ca9,assay.method,fluorescence microscopy + HPLC,,unresolved_composite: fluorescence microscopy and HPLC are distinct assay methods
TERM_772a866ed6f9,state.culture_architecture,final-step spatial test,,unresolved_type_mismatch: final-step spatial test is study design rather than culture architecture
TERM_f9adc7078787,action.intervention,delete patE or remove secretion signal,,unresolved_alternative: patE deletion and secretion-signal removal are distinct interventions
TERM_ee4375c22f6f,observation.sample_matrix,E-ascladiol + patulin,,unresolved_type_mismatch: E-ascladiol and patulin are analytes or metabolites rather than a sample matrix
TERM_49beaa02907a,state.culture_architecture,global-regulation test,,unresolved_type_mismatch: global-regulation test is study design rather than culture architecture
TERM_40e55d8e72d8,action.intervention,delete veA/velB/velC/vosA as tested,,"unresolved_composite: veA, velB, velC, and vosA deletions represent multiple distinct gene interventions"
TERM_60459016b5f8,state.developmental_state,development-linked state,,unresolved_underspecified: development-linked state does not identify a specific developmental state
TERM_440e0d3066c3,observation.sample_matrix,patulin + cluster expression,,unresolved_composite: patulin is an analyte while cluster expression is a molecular readout; no single sample matrix is specified
TERM_3b12e62c89be,assay.method,genetics + qPCR/HPLC,,"unresolved_composite: genetics, qPCR, and HPLC are distinct intervention or assay classes"
TERM_1984415031f0,state.culture_architecture,PDA culture + apple infection,,unresolved_composite: PDA culture and apple infection are distinct in vitro and host contexts rather than one culture architecture
TERM_e4989ed8638e,state.medium,PDA / apple fruit,,unresolved_alternative: PDA and apple fruit are distinct culture substrates; apple fruit is host material rather than a defined medium
TERM_68ed32f02d0f,action.intervention,"vary ambient pH: 2.5, 5.0, 7.0, 8.5","ambient pH variation: 2.5, 5.0, 7.0, 8.5",normalized
TERM_8b9040da3c7b,state.developmental_state,environmental pH state,,unresolved_type_mismatch: environmental pH is a physicochemical condition rather than a developmental state
TERM_9fc067dbaac5,time.window,days,,"unresolved_underspecified: temporal unit is given without a duration, interval, or explicit timepoints"
TERM_6fda620d07dd,observation.sample_matrix,growth + patulin + virulence,,unresolved_type_mismatch: label contains outcome/readout domains rather than a sample matrix
TERM_6ed8af32fd04,assay.method,HPLC + growth/infection,,unresolved_composite: combines HPLC with growth and infection phenotyping
TERM_dd46390562d0,state.culture_architecture,source-strain core-PKS test,,unresolved_type_mismatch: label describes a genetic study/test design rather than culture architecture
TERM_ad9b67594c23,state.medium,productive fungal fermentation,,unresolved_type_mismatch: label describes a fermentation state/outcome rather than a medium formulation
TERM_ac35add6f657,action.intervention,targeted ptaA disruption,ptaA disruption,normalized
TERM_5d149d210434,assay.method,genetics + LC-MS/compound analysis,,unresolved_composite: combines genetic manipulation/analysis with LC-MS compound analysis
TERM_41c7cd0ab7d4,state.culture_architecture,oxidative-coupling gate test,,unresolved_type_mismatch: label describes a pathway-mechanism test rather than culture architecture
TERM_a2c3a2e1e086,action.intervention,targeted ptaE disruption,ptaE disruption,normalized
TERM_276ba593af21,assay.method,genetics + intermediate analysis,,unresolved_composite: combines genetic analysis with intermediate analysis without a single assay method
TERM_ae9739d97200,state.culture_architecture,halogenation gate test,,unresolved_type_mismatch: label describes a pathway-mechanism test rather than culture architecture
TERM_c02045dd03b7,action.intervention,targeted ptaM disruption,ptaM disruption,normalized
TERM_8d40a79fd338,state.culture_architecture,rice fermentation culture,rice fermentation culture,normalized
TERM_3e98432747f0,state.medium,rice fermentation medium,rice fermentation medium,normalized
TERM_50b2847abe15,action.intervention,compare pta transcript abundance with productive fermentation,,unresolved_type_mismatch: label describes a comparative observational analysis rather than an intervention
TERM_63f530c5a384,state.developmental_state,secondary-metabolic fermentation state,,unresolved_type_mismatch: label describes a metabolic/fermentation state rather than a developmental state
TERM_d169c1aeae17,time.window,time series/condition comparison,,"unresolved_underspecified: study-design label provides no explicit duration, interval, or timepoints"
TERM_2aebd595b410,observation.sample_matrix,RNA + pestheic acid,,unresolved_composite: combines RNA sample material with pestheic acid analyte/product
TERM_0222cb35b301,assay.method,RT-qPCR/transcriptomics + metabolite analysis,,unresolved_composite: combines transcript assays with metabolite analysis
TERM_380227d0a8a9,state.culture_architecture,reaction-order and homolog-function synthesis,,unresolved_type_mismatch: label describes mechanistic/functional synthesis rather than culture architecture
TERM_109bd15af465,state.medium,genomic/biochemical comparison,,unresolved_type_mismatch: label describes comparative analysis rather than a culture medium
TERM_bfccf7d84445,action.intervention,compare pta with geodin/monodictyphenone/trypacidin families,,unresolved_type_mismatch: label describes comparative pathway-family analysis rather than an intervention
TERM_6f1c4e6696a2,state.developmental_state,comparative,,unresolved_type_mismatch: comparative is a study-relation/design label rather than a developmental state
TERM_5999f0ba1f98,observation.sample_matrix,genes + intermediates,,unresolved_type_mismatch: label names biological entities/analytes rather than a sample matrix
TERM_15e52221187b,assay.method,sequence/function synthesis,,unresolved_type_mismatch: label describes interpretive sequence/function synthesis rather than a specific assay method
TERM_95eb8b8fc5d7,state.culture_architecture,halogenation-order test,,unresolved_type_mismatch: label describes a mechanistic halogenation-order test rather than culture architecture
TERM_9a48e61575ff,state.medium,enzyme/pathway context,,unresolved_type_mismatch: label describes enzyme/pathway context rather than a culture medium
TERM_92fab5b7f47b,action.intervention,compare isosulochrin and RES-1214-1 halogenation routes,,unresolved_type_mismatch: label describes comparative halogenation-route analysis rather than an experimental intervention
TERM_a51b4b3eff63,state.developmental_state,cell-free/pathway interpretation,,unresolved_type_mismatch: label describes cell-free/pathway interpretation rather than a developmental state
TERM_f4edbcbc7dd2,observation.sample_matrix,reaction products,,unresolved_type_mismatch: label names reaction products/analytes rather than a sample matrix
TERM_fcc70307c4d0,assay.method,biochemical/pathway synthesis,,unresolved_type_mismatch: label describes biochemical/pathway synthesis rather than a specific assay method
TERM_40261045b34a,state.culture_architecture,compound-level ETA-receptor assay,,unresolved_type_mismatch: label describes an ETA-receptor assay rather than culture architecture
TERM_30c5b879b359,state.medium,cultured-broth natural-product assay,,unresolved_type_mismatch: label describes a natural-product assay using cultured broth rather than a medium formulation
TERM_ca185436a543,action.intervention,isolate RES-1214-1/2 and assay ET-1 binding,,unresolved_composite: combines compound isolation with ET-1 binding assay; distinct preparation and assay steps require separate representation
TERM_6c0543953415,state.developmental_state,compound assay,,unresolved_type_mismatch: label describes an assay rather than a developmental state
TERM_ab4166beaf67,observation.sample_matrix,purified compounds,purified compounds,normalized
TERM_4988f43d974e,assay.method,receptor-binding assay,receptor-binding assay,normalized
TERM_80b0bd9368a4,state.culture_architecture,heterologous fungal reconstruction,heterologous fungal culture,normalized_partial: culture architecture extracted; pathway-reconstruction strategy remains only in raw_label
TERM_e6421655e1fd,action.intervention,express pyr1/2/4/5/6 combinations,pyr1/2/4/5/6 combinatorial expression,normalized
TERM_a867c08e80fa,observation.sample_matrix,intermediates,,unresolved_type_mismatch: label names pathway intermediates/analytes rather than a sample matrix
TERM_09effad86c4c,state.culture_architecture,heterologous/biochemical,,unresolved_composite: combines heterologous culture and biochemical/cell-free contexts without a single culture architecture
TERM_28768063c4a0,action.intervention,test Pyr3/9/7/8 homologs,,unresolved_underspecified: label states homolog testing but does not specify the experimental intervention applied to Pyr3/9/7/8 homologs
TERM_0c7e0024f6e7,observation.sample_matrix,late pyripyropenes,,unresolved_type_mismatch: label names late pyripyropene products/analytes rather than a sample matrix
TERM_2ec4093905f9,state.culture_architecture,biofilm culture,biofilm culture,normalized
TERM_5d242ad9308c,action.intervention,delete pyr2,pyr2 deletion,normalized
TERM_632b71b549fc,state.developmental_state,native biofilm,,unresolved_type_mismatch: biofilm describes culture/community architecture rather than a developmental state
TERM_0845b3b4f06d,observation.sample_matrix,supernatant/metabolites,supernatant,normalized_partial: sample-matrix component extracted; metabolite/analyte component remains only in raw_label
TERM_06340ebbbaed,state.culture_architecture,single/dual biofilm,biofilm culture,normalized_partial: shared culture architecture extracted; single-versus-dual configuration remains only in raw_label
TERM_5ba79fdccc90,action.intervention,compare pathway-competent/null fungi,,unresolved_type_mismatch: label describes comparison of pathway-competent versus pathway-null fungi rather than an intervention
TERM_f072c4ca457a,time.window,24 h–5 d,24–120 h,normalized
TERM_0148d629b4b0,observation.sample_matrix,biofilm + metabolites,,unresolved_composite: combines biofilm material with metabolite/analyte output rather than one sample matrix
TERM_70468dcfdbb5,assay.method,qPCR/imaging/LC-MS,,"unresolved_composite: combines distinct qPCR, imaging, and LC-MS analytical methods"
TERM_82d67c5631ac,state.culture_architecture,dual biofilm,dual-species biofilm,normalized_partial: linked experiment/source identifies a dual-species fungal–bacterial biofilm
TERM_76239c609917,action.intervention,delete gpaB,gpaB deletion,normalized
TERM_b7bcbf856c17,time.window,24–48 h / 5 d,24–48 h; 120 h,normalized
TERM_5f834ef62e25,observation.sample_matrix,pyr RNA + metabolites,,unresolved_composite: combines RNA sample material with metabolite/analyte output
TERM_02d3d631472f,assay.method,qPCR/LC-MS,,unresolved_composite: combines qPCR and LC-MS as distinct analytical methods
TERM_30b092eb8d08,state.culture_architecture,macrophage/mouse,,"unresolved_type_mismatch: macrophage and mouse denote host-model contexts, not fungal culture architecture"
TERM_97cff4398bd4,action.intervention,remove pyripyropene synthesis,pyr2 deletion,normalized_partial: linked experiment identifies Δpyr2 as the implementation used to remove pyripyropene synthesis
TERM_1ac990de0123,state.developmental_state,host state,,"unresolved_type_mismatch: host state denotes host experimental context, not fungal developmental state"
TERM_b8d38fe78138,time.window,model dependent,,unresolved_underspecified: model-dependent timing does not provide a recoverable time value or interval
TERM_58543ce09423,observation.sample_matrix,fungal/host phenotypes,,"unresolved_type_mismatch: fungal/host phenotypes are observed outcomes, not a sample matrix"
TERM_ab076bca7acc,assay.method,cell/animal assays,,unresolved_composite: cell and animal assays denote multiple assay contexts without a single specific analytical method
TERM_4a36a0589580,state.culture_architecture,cluster sequencing,,"unresolved_type_mismatch: cluster sequencing is an analytical workflow, not culture architecture"
TERM_e076b379a145,state.medium,genomic fosmid analysis,,"unresolved_type_mismatch: genomic fosmid analysis is an analytical workflow, not a growth medium"
TERM_cfdcf8c4409b,action.intervention,sequence overlapping fosmids around PKS homologs,,"unresolved_type_mismatch: sequencing overlapping fosmids is an observational genomic workflow, not an experimental intervention"
TERM_dd52f3284ea6,state.developmental_state,genomic,,"unresolved_type_mismatch: genomic denotes an information domain, not a developmental state"
TERM_f33431db3eee,assay.method,sequencing + homology,,unresolved_composite: combines sequence generation with downstream homology analysis
TERM_48f3d7898a53,state.culture_architecture,dual-IPKS reconstitution,,"unresolved_type_mismatch: dual-IPKS reconstitution describes a reconstruction experiment, not culture architecture"
TERM_a9d4198b9841,state.medium,heterologous yeast + purified proteins,,"unresolved_composite_type_mismatch: heterologous yeast and purified proteins are experimental systems, not a growth medium"
TERM_85ca70904067,action.intervention,express both PKSs or feed synthetic starter analogs,,unresolved_composite: combines alternative interventions—dual PKS expression or synthetic starter-analogue feeding
TERM_4af5cba467fc,state.developmental_state,engineered/cell-free,,"unresolved_type_mismatch: engineered/cell-free describes experimental-system context, not fungal developmental state"
TERM_e74add9c7b24,observation.sample_matrix,RAL products,,"unresolved_type_mismatch: RAL products are analytes/products, not a sample matrix"
TERM_7d756655e3d2,assay.method,LC-MS/NMR + mutagenesis,,unresolved_composite: combines LC-MS and NMR analytical methods with mutagenesis intervention
TERM_f11712e6ccd1,state.culture_architecture,macrolactonization mechanism,,"unresolved_type_mismatch: macrolactonization mechanism is a mechanistic topic, not culture architecture"
TERM_e6f506fc7921,action.intervention,mutate/delete Rdc1 thioesterase domain,,unresolved_composite: combines mutation and deletion of the Rdc1 thioesterase domain as alternative perturbations
TERM_7d892e73a533,observation.sample_matrix,polyketide products,,"unresolved_type_mismatch: polyketide products are analytes/products, not a sample matrix"
TERM_8317a274f8db,assay.method,product profiling,product profiling,normalized
TERM_e073290d13d7,state.culture_architecture,halogenase assay,,"unresolved_type_mismatch: halogenase assay is an assay, not culture architecture"
TERM_29119a87e4fe,state.medium,E. coli/purified enzyme,,"unresolved_composite_type_mismatch: E. coli and purified-enzyme systems describe experimental systems, not a growth medium"
TERM_5f4c6fe06086,action.intervention,incubate RAL substrates with halogenase system,RAL-substrate incubation with halogenase system,normalized
TERM_8bd231ded556,observation.sample_matrix,halogenated products,,"unresolved_type_mismatch: halogenated products are analytes/products, not a sample matrix"
TERM_ff60034e4286,assay.method,LC-MS/chemical characterization,LC-MS,normalized_partial: LC-MS extracted as the assay method; chemical characterization is a broader activity descriptor
TERM_772f9d490acc,state.culture_architecture,selective transcriptional perturbation,,"unresolved_type_mismatch: selective transcriptional perturbation is an intervention or study design, not culture architecture"
TERM_c041a3bcbf8f,action.intervention,"add NaBr, NaF, NaCl or NaI",NaBr/NaF/NaCl/NaI supplementation,normalized
TERM_81dc47f057a5,observation.sample_matrix,radicicol/monocillins + RNA,,unresolved_composite_type_mismatch: combines metabolite analytes/products with RNA sample material in one sample-matrix field
TERM_f903399afd8a,assay.method,metabolite profiling + RT-PCR,,unresolved_composite: combines metabolite profiling and RT-PCR as distinct assay methods
TERM_ff59785ca426,state.culture_architecture,comparative late-tailoring genetics,,"unresolved_type_mismatch: comparative late-tailoring genetics is a comparative genetic study design, not culture architecture"
TERM_787f1d2e94e2,state.medium,native comparative fungus,,"unresolved_type_mismatch: native comparative fungus identifies organism context, not a growth medium"
TERM_2dc16c672510,action.intervention,delete halogenase/P450 orthologs,halogenase/P450 ortholog deletion,normalized
TERM_860672157586,assay.method,genetics + metabolite profiling,,unresolved_composite: combines genetic analysis and metabolite profiling in one assay-method field
TERM_1d875e35e9fa,state.culture_architecture,heterologous core-PKS assay,,"unresolved_type_mismatch: heterologous core-PKS assay describes a reconstruction or assay context, not culture architecture"
TERM_d17535d918a8,state.medium,fungal expression culture,,"unresolved_type_mismatch: fungal expression culture describes an experimental culture/system, not a medium formulation"
TERM_a7b06c128410,action.intervention,express A. solani sol1,A. solani sol1 expression,normalized
TERM_011379225f67,assay.method,isolation + NMR/chemical derivatization,,"unresolved_composite: combines isolation, NMR, and chemical derivatization as distinct workflow components"
TERM_2267741084ab,state.culture_architecture,purified bifunctional enzyme assay,,"unresolved_type_mismatch: purified bifunctional enzyme assay is an assay system, not culture architecture"
TERM_e0cc87deb228,action.intervention,incubate recombinant Sol5 with prosolanapyrone II,recombinant Sol5 incubation with prosolanapyrone II,normalized
TERM_fbe17ac34a76,assay.method,enzyme assay + product stereochemical analysis,,unresolved_composite: combines enzyme assay with product stereochemical analysis
TERM_9a452c52d00b,state.culture_architecture,native pathway knockout,,"unresolved_type_mismatch: native pathway knockout is a genetic intervention, not culture architecture"
TERM_a83706bc3a98,state.medium,PDA/liquid culture,potato dextrose agar (PDA),normalized_partial: potato dextrose agar extracted as the medium; liquid culture is culture-architecture context
TERM_eaf5ee7546f1,action.intervention,delete sol5,sol5 deletion,normalized
TERM_ae2cb04278a8,time.window,18 d metabolite culture; ~3 wk growth assay,432 h metabolite culture; ~504 h growth assay,normalized
TERM_ecc70e3cfa2a,observation.sample_matrix,culture extracts + colony/spore phenotypes,,unresolved
TERM_4b53431d0a75,assay.method,LC-MS/NMR + growth/sporulation measurements,,unresolved
TERM_3dd22ed5f9e4,state.culture_architecture,detached-leaf infection,detached-leaf infection,normalized
TERM_7d7ae6be4d88,state.medium,potato/tomato leaves,,unresolved
TERM_af76536bbe0f,action.intervention,compare solanapyrone-producing WT and solanapyrone-minus mutants,,unresolved
TERM_1629280af626,time.window,disease endpoint,endpoint,normalized_partial
TERM_36b98e990b2a,observation.sample_matrix,lesions,,unresolved
TERM_7c2b20886741,assay.method,detached-leaf virulence assay,detached-leaf virulence assay,normalized
TERM_e0c19f00ba8c,state.culture_architecture,stepwise whole-pathway reconstruction,,unresolved
TERM_b2ef3b3dc431,state.medium,solid fungal production culture,,unresolved
TERM_23626bfe8744,action.intervention,"sequentially add sol2, corrected sol6 and sol5","sequential addition of sol2, corrected sol6, and sol5",normalized_partial
TERM_facc291264eb,time.window,endpoint/prolonged fermentation comparisons,,unresolved
TERM_114743e3c792,assay.method,HPLC/NMR,,unresolved
TERM_5e20f4bb1b2c,state.culture_architecture,heterologous gene-model rescue,,unresolved
TERM_82e443cf3ea0,state.medium,production culture,,unresolved
TERM_d9afd09249d3,action.intervention,replace initially mispredicted sol6 intron model with corrected gene,corrected sol6 gene-model replacement,normalized
TERM_d70be97092ed,assay.method,HPLC + sequence reanalysis,,unresolved
TERM_3347b4515eb6,state.culture_architecture,comparative pathway-regulator test,,unresolved
TERM_5a2a665495eb,action.intervention,delete or overexpress sol4 ortholog,,unresolved
TERM_86c94bda3ea3,observation.sample_matrix,RNA + solanapyrones,,unresolved
TERM_080e5eb65f05,assay.method,qRT-PCR + metabolite analysis,,unresolved
TERM_226d0d3d50d3,state.culture_architecture,compound-level phytotoxicity assay,,unresolved
TERM_9e624215f13a,state.medium,detached plant tissue,,unresolved
TERM_b26b1f07f2eb,action.intervention,apply purified compounds,purified compound application,normalized
TERM_1b1bc47f70d7,state.developmental_state,plant exposure,,"unresolved_type_mismatch: plant exposure is an exposure context, not a developmental state"
TERM_d10c4aa48b70,time.window,3 d,72 h,normalized
TERM_22b4a9836fce,observation.sample_matrix,necrotic area,,"unresolved_type_mismatch: necrotic area is a measured phenotype/outcome, not a sample matrix"
TERM_e91820899c0f,assay.method,dose-response phytotoxicity assay,dose-response phytotoxicity assay,normalized
TERM_3e63e8befe19,state.culture_architecture,pathway-entry genetics,,"unresolved_type_mismatch: pathway-entry genetics describes study design, not culture architecture"
TERM_85c6aa38f5bd,state.medium,ST-inducing fungal culture,,unresolved_type_mismatch: ST-inducing fungal culture does not identify a medium formulation
TERM_231a868e8b63,action.intervention,disrupt type-I PKS,type-I PKS disruption,normalized
TERM_09941753c3ce,observation.sample_matrix,sterigmatocystin/intermediates,,"unresolved_type_mismatch: sterigmatocystin/intermediates are analytes, not a sample matrix"
TERM_ae7a4df5fa04,assay.method,TLC/chemical analysis,TLC,normalized_partial: TLC method extracted; generic chemical-analysis component remains only in raw_label
TERM_f02468273e1b,state.culture_architecture,cluster-definition/transcription study,,"unresolved_type_mismatch: cluster-definition/transcription study describes study design, not culture architecture"
TERM_7419ae0de349,state.medium,A. nidulans culture,,"unresolved_type_mismatch: A. nidulans culture identifies organism/culture context, not a medium formulation"
TERM_313cbf15bf0e,action.intervention,map transcripts across ~60-kb region and compare regulation,,"unresolved_type_mismatch: transcript mapping/comparative regulation is an observational analysis, not an intervention"
TERM_116572123153,state.developmental_state,productive vs nonproductive states,,unresolved_outcome_defined: productive versus nonproductive is outcome-defined and not a specific developmental state
TERM_e163f2adbcd5,assay.method,Northern/transcript analysis,Northern blot,normalized_partial: Northern blot method extracted; generic transcript-analysis component remains only in raw_label
TERM_c3570357a8a9,state.culture_architecture,late-step genetics,,"unresolved_type_mismatch: late-step genetics describes study design, not culture architecture"
TERM_6acf4cd26fbe,state.medium,ST-inducing culture,,unresolved_type_mismatch: ST-inducing culture does not identify a medium formulation
TERM_a0c41dcf29bf,action.intervention,disrupt stcS and feed pathway precursors,,unresolved_composite: combines stcS disruption with pathway-precursor feeding
TERM_3c7cf4cadfed,observation.sample_matrix,versicolorin A/ST,,"unresolved_type_mismatch: versicolorin A and sterigmatocystin are analytes, not a sample matrix"
TERM_179e876ad6f9,assay.method,TLC/feeding,,unresolved_composite: combines TLC assay with precursor-feeding intervention
TERM_fd64942268cd,state.culture_architecture,terminal methylation test,,"unresolved_type_mismatch: terminal methylation test describes study purpose, not culture architecture"
TERM_b5bf9744ab91,action.intervention,disrupt stcP,stcP disruption,normalized
TERM_46d351353000,observation.sample_matrix,demethyl-ST/ST,,"unresolved_type_mismatch: demethyl-sterigmatocystin and sterigmatocystin are analytes, not a sample matrix"
TERM_188025766376,assay.method,TLC/metabolite analysis,TLC,normalized_partial: TLC method extracted; generic metabolite-analysis component remains only in raw_label
TERM_b8015a83a9a5,state.culture_architecture,regulatory/biosynthetic mutant screen,,"unresolved_type_mismatch: regulatory/biosynthetic mutant screen describes study design, not culture architecture"
TERM_cd3580332181,state.medium,A. nidulans genetic background blocked early in pathway,,unresolved_type_mismatch: genetic background and pathway blockage do not identify a medium formulation
TERM_3bb89d67014b,action.intervention,random mutagenesis and screen for loss of orange NOR,random mutagenesis,normalized_partial: random-mutagenesis intervention extracted; screening for loss of orange NOR remains only in raw_label
TERM_8170a08a502a,state.developmental_state,cluster-activity screen,,"unresolved_type_mismatch: cluster-activity screen describes screening design, not a developmental state"
TERM_2a972d4817c5,observation.sample_matrix,visible NOR + growth/development,,"unresolved_type_mismatch: visible NOR and growth/development are observations, not a sample matrix"
TERM_69f6f3604fb2,assay.method,phenotype + linkage,,unresolved_composite: combines phenotype assessment and genetic linkage analysis
TERM_93b1449d534e,state.culture_architecture,solid fungal culture under light/dark,solid culture,normalized_partial: solid-culture architecture extracted; light/dark illumination remains only in raw_label
TERM_ae4632292419,state.medium,YGT or GMM,,unresolved_composite: combines alternative media YGT and GMM
TERM_ce1a3d6dce2b,action.intervention,delete veA; compare white light versus dark,,unresolved_composite: combines veA deletion with white-light versus dark comparison
TERM_1e9447939276,state.developmental_state,development-linked secondary-metabolic state,,unresolved_type_mismatch: secondary-metabolic regulation linked to development does not specify a developmental state
TERM_7a9fc0da4d84,observation.sample_matrix,sterigmatocystin + aflR/stcU expression,,"unresolved_type_mismatch: sterigmatocystin and aflR/stcU expression are analyte/readout domains, not a sample matrix"
TERM_fb4c5d800e8c,assay.method,TLC/LC-MS + RNA analysis,,unresolved_composite: combines TLC/LC-MS metabolite analysis with RNA analysis
TERM_2d9931c71d3f,state.culture_architecture,global secondary-metabolism regulation,,"unresolved_type_mismatch: global secondary-metabolism regulation describes regulatory scope, not culture architecture"
TERM_bbd3b09e9246,action.intervention,delete or overexpress laeA,,unresolved_composite: combines opposite laeA perturbations (deletion and overexpression)
TERM_324f54067804,state.developmental_state,chromatin/global-SM state,,"unresolved_type_mismatch: chromatin/global secondary-metabolism state is regulatory, not a developmental state"
TERM_6255167a40f9,observation.sample_matrix,ST cluster RNA + metabolites,,"unresolved_type_mismatch: ST-cluster RNA and metabolites are readout/analyte domains, not a sample matrix"
TERM_90e4d39e7d97,assay.method,RNA + metabolite profiling,,unresolved_composite: combines RNA profiling and metabolite profiling
TERM_617ba6e082f1,state.culture_architecture,defined fungal culture,,unresolved_type_mismatch: defined describes medium composition; label does not specify a culture architecture
TERM_dcaac3ce073e,state.medium,defined medium with 1% or 2% glucose,defined medium,normalized_partial: defined-medium identity extracted; alternative 1% versus 2% glucose concentrations remain only in raw_label
TERM_97fe49050086,action.intervention,vary glucose concentration and illumination,glucose concentration and illumination variation,normalized
TERM_be86f69f29fc,state.developmental_state,nutrient/light state,,"unresolved_type_mismatch: nutrient/light condition is environmental context, not a developmental state"
TERM_165e2efbfca4,observation.sample_matrix,sterigmatocystin + morphology/VeA localization,,"unresolved_type_mismatch: sterigmatocystin, morphology and VeA localization are outputs/readouts, not a sample matrix"
TERM_55790aff3e0e,assay.method,chemical analysis + microscopy,,unresolved_composite: combines chemical analysis and microscopy
TERM_9044eb33c31f,state.culture_architecture,promoter-mechanism test,,"unresolved_type_mismatch: promoter-mechanism test describes study purpose, not culture architecture"
TERM_8e3b0f475316,state.medium,reporter genetics,,unresolved_type_mismatch: reporter genetics does not identify a medium formulation
TERM_995eeb643f7f,action.intervention,mutate TCG(N5)CGA motifs in stcU promoter,stcU promoter TCG(N5)CGA motif mutation,normalized
TERM_0a0d9f4e5a2a,state.developmental_state,transcriptional activation state,,"unresolved_type_mismatch: transcriptional activation describes a regulatory state, not a developmental state"
TERM_083b80457c75,observation.sample_matrix,reporter expression,,"unresolved_type_mismatch: reporter expression is a readout, not a sample matrix"
TERM_56b803f05a2c,assay.method,GUS + AflR genetics,,unresolved_composite: combines GUS reporter assay and AflR genetic analysis
TERM_26b3b54b8c04,state.culture_architecture,native pathway-entry genetics,,"unresolved_type_mismatch: native pathway-entry genetics describes experimental design, not culture architecture"
TERM_a0ea2d2a3605,state.medium,productive fungal culture,,unresolved_type_mismatch: productive fungal culture does not identify a medium formulation and embeds an outcome state
TERM_61bbdc4da57c,action.intervention,delete tropA/tspks1,tropA/tspks1 deletion,normalized
TERM_2e896d27d6ff,state.developmental_state,native secondary-metabolic state,,"unresolved_type_mismatch: native secondary-metabolic state describes metabolic activity, not a developmental state"
TERM_909bb068a25b,assay.method,targeted genetics + metabolite profiling,,unresolved_composite: combines targeted genetic analysis and metabolite profiling
TERM_222789ecbe9d,state.culture_architecture,heterologous splicing/access test,,"unresolved_type_mismatch: heterologous splicing/access test describes study purpose, not culture architecture"
TERM_16e84dc1d90e,state.medium,heterologous fungal expression,,"unresolved_type_mismatch: heterologous fungal expression describes an expression system, not a medium formulation"
TERM_1ea323dad42c,action.intervention,compare genomic and intronless tropA constructs,genomic versus intronless tropA construct comparison,normalized
TERM_a73401362719,observation.sample_matrix,culture metabolites/protein,,unresolved_composite: culture metabolites and protein are analytes/outputs rather than a single sample matrix
TERM_4f49384c9f94,assay.method,heterologous expression + metabolite analysis,,unresolved_composite: combines heterologous expression and metabolite analysis
TERM_62d7451278d7,state.culture_architecture,dearomatization-gate test,,"unresolved_type_mismatch: mechanistic dearomatization test describes study purpose, not culture architecture"
TERM_b670592b1f65,state.medium,native knockout + cell-free enzyme assay,,"unresolved_type_mismatch: native knockout and cell-free enzyme assay describe experimental procedures, not a medium formulation"
TERM_2cd27466c59f,action.intervention,delete tropB; assay purified TropB with substrate/cofactors,tropB deletion,normalized_partial: genetic intervention extracted; purified TropB substrate/cofactor assay remains only in raw_label
TERM_ed3100cb90e4,state.developmental_state,native/cell-free,,"unresolved_type_mismatch: native/cell-free distinguishes experimental systems, not a developmental state"
TERM_ddb94105c479,observation.sample_matrix,mutant extract + reaction mixture,,unresolved_composite: combines mutant extract and reaction mixture as distinct sample matrices
TERM_02ff6e867110,assay.method,LC-MS/NMR + enzyme assay,,"unresolved_composite: combines LC-MS, NMR and enzyme assay methods"
TERM_79033af967ad,state.culture_architecture,ring-expansion-gate test,,"unresolved_type_mismatch: mechanistic ring-expansion test describes study purpose, not culture architecture"
TERM_0c9043aa3831,action.intervention,"delete tropC; assay TropC with TropB product, Fe(II), 2-oxoglutarate",tropC deletion,normalized_partial: genetic intervention extracted; purified TropC biochemical assay remains only in raw_label
TERM_3acec46491ed,assay.method,metabolite profiling + enzyme assay,,unresolved_composite: combines metabolite profiling and enzyme assay methods
TERM_e9d110bc7917,state.culture_architecture,post-tropolone tailoring test,,"unresolved_type_mismatch: post-tropolone tailoring test describes mechanistic study purpose, not culture architecture"
TERM_abe58ad8fcc6,action.intervention,delete tropD,tropD deletion,normalized
TERM_f864ff3bf6c2,state.culture_architecture,maleic-anhydride/final-product dissection,,"unresolved_type_mismatch: maleic-anhydride/final-product dissection describes mechanistic study purpose, not culture architecture"
TERM_76e32e57773f,action.intervention,target tropE/F/G/H/I/J functions,tropE/F/G/H/I/J knockout panel,normalized_partial: linked experiment identifies a late-pathway knockout panel; raw label states targeted functions without naming the perturbation form
TERM_e822e1f62c4a,assay.method,directed knockout + NMR/LC-MS,,unresolved_composite: combines directed genetic knockout with NMR and LC-MS analytical methods; requires separate intervention and assay terms
TERM_a459e67aab7c,state.culture_architecture,late-pathway completion assay,,"unresolved_type_mismatch: late-pathway completion assay describes an experimental assay/design, not culture architecture"
TERM_21a4acf75928,state.medium,cell-free multi-enzyme system,,"unresolved_type_mismatch: cell-free multi-enzyme system is an experimental system, not a culture medium"
TERM_66a2505899b5,action.intervention,combine late enzymes with appropriate late substrate,late-enzyme combination with late substrate,normalized
TERM_e449f3aa0c26,assay.method,in-vitro enzymology + product identification,,unresolved_composite: combines in-vitro enzymology with product-identification readout; requires separate analytical terms
TERM_f22a3d7171ce,state.culture_architecture,FAD-monooxygenase kinetics,,"unresolved_type_mismatch: FAD-monooxygenase kinetics describes an assay, not culture architecture"
TERM_6472aa43a1c0,action.intervention,measure native and analogue conversion with NADPH,,"unresolved_composite: combines native-versus-analogue substrate comparison, enzymatic conversion measurement, and NADPH context; not a single intervention term"
TERM_d58374afbf9a,time.window,kinetic time course,kinetic time course,normalized
TERM_c1d6dd0f4a39,assay.method,steady-state kinetics + LC-DAD-MS,,unresolved_composite: combines steady-state kinetics and LC-DAD-MS; requires separate analytical-method terms
TERM_fc9b193da46e,state.culture_architecture,comparative mechanistic refinement,,"unresolved_type_mismatch: comparative mechanistic refinement describes study purpose/design, not culture architecture"
TERM_d9f41918eed7,state.medium,cell-free + structural/computational system,,"unresolved_type_mismatch: cell-free plus structural/computational system describes multiple experimental systems, not a culture medium"
TERM_de72bfc987c2,action.intervention,"isotope labeling, crystallography, mutagenesis and QM on related SpoC",,"unresolved_composite: combines isotope labeling, crystallography, mutagenesis, and quantum-mechanical analysis; requires separate intervention and method terms"
TERM_e50740aee140,state.developmental_state,cell-free/comparative,,"unresolved_type_mismatch: cell-free/comparative describes experimental context, not developmental state"
TERM_94b223f43ee0,time.window,endpoint/kinetics,,unresolved_composite: endpoint and kinetic measurements are distinct temporal designs and no explicit time values are provided
TERM_28d51e8053db,observation.sample_matrix,enzyme/substrate/structures,,"unresolved_type_mismatch: enzyme, substrate, and structural outputs are heterogeneous objects rather than one sample matrix"
TERM_4caf145e215b,assay.method,biochemistry + crystallography + computation,,"unresolved_composite: combines biochemistry, crystallography, and computation as distinct analytical approaches"
TERM_f13a2b4ceb98,state.culture_architecture,native gene knockout,,"unresolved_type_mismatch: native gene knockout is a genetic intervention, not culture architecture"
TERM_1050433dc5fe,state.medium,fungal culture + maize infection,,unresolved_type_mismatch: fungal culture plus maize infection combines biological contexts and does not identify a culture medium
TERM_163066629116,action.intervention,disrupt PKS1,PKS1 disruption,normalized
TERM_1c2ceeef3fe1,state.developmental_state,producer/pathogen state,,"unresolved_outcome_defined: producer/pathogen state describes biological role or outcome context, not a specific developmental state"
TERM_aa5d28be6db5,observation.sample_matrix,T-toxin + virulence,,unresolved_type_mismatch: T-toxin is an analyte and virulence is an outcome; neither defines a sample matrix
TERM_35bb6bec485d,assay.method,toxin assay + infection,,unresolved_composite: combines toxin assay and infection assay as distinct experimental readouts
TERM_f5ac877b73d5,action.intervention,disrupt Tox1B genes,Tox1B gene disruption,normalized
TERM_25c7b6403105,observation.sample_matrix,toxin + virulence,,unresolved_type_mismatch: toxin is an analyte and virulence is an outcome; neither defines a sample matrix
TERM_042b6fda9336,assay.method,chemical/functional toxin assay + infection,,unresolved_composite: combines chemical/functional toxin characterization with infection assay; requires separate assay terms
TERM_8dff19651261,action.intervention,disrupt PKS2,PKS2 disruption,normalized
TERM_9204aaa4f037,assay.method,chemical/functional assay,,unresolved_underspecified: generic chemical/functional assay label does not identify a reproducible analytical method
TERM_3ca5049c12f3,state.culture_architecture,native targeted genetics,,"unresolved_type_mismatch: native targeted genetics describes genetic study design/manipulation, not culture architecture"
TERM_4a075ed3108b,action.intervention,delete LAM1/OXI1/TOX9/RED1/RED2/RED3,LAM1/OXI1/TOX9/RED1/RED2/RED3 deletion panel,normalized_partial: linked experiment identifies a six-gene deletion panel; raw label does not specify whether deletions were individual or combined
TERM_fcef7672eb16,assay.method,genetics + toxin/infection assays,,unresolved_composite: combines genetic analysis with toxin and infection assays; requires separate method terms
TERM_de799dc8170f,state.culture_architecture,solid CMX culture,solid culture,normalized_partial: culture architecture extracted; CMX retained as medium context
TERM_2a922be3a410,state.medium,CMX,CMX medium,normalized
TERM_c4d895c8dab5,state.temperature_C,19,,unreviewed
TERM_62ea1ce79933,action.intervention,delete/overexpress global regulators; vary illumination,,"unresolved_composite: combines regulator deletion, regulator overexpression, and illumination variation; requires separate intervention terms"
TERM_1da9960fbbfc,state.developmental_state,light/development state,,unresolved_composite: combines illumination condition with an unspecified developmental state
TERM_84869f70a187,time.window,8 d,192 h,normalized
TERM_6679fb705763,observation.sample_matrix,toxin activity + Tox1 RNA,,unresolved_type_mismatch: toxin activity is an outcome and Tox1 RNA is an analyte/readout; neither defines a sample matrix
TERM_f04365d497c8,assay.method,bioassay + transcription,,unresolved_composite: combines bioassay with transcriptional measurement; requires separate assay terms
TERM_b3801ed6c74e,state.culture_architecture,genome structural analysis,,"unresolved_type_mismatch: genome structural analysis describes an analytical study, not culture architecture"
TERM_ec8ba4a71a86,action.intervention,long-read sequence Race T and compare Race O,,"unresolved_type_mismatch: long-read sequencing and race comparison are analytical/comparative procedures, not an intervention"
TERM_005286f15944,state.developmental_state,genome state,,unresolved_type_mismatch: genome state is not a developmental state
TERM_0e7d5a770e9f,observation.sample_matrix,genome,,unresolved_type_mismatch: genome denotes a genomic object or data product; the physical sample matrix is not specified
TERM_1b2ef618435e,assay.method,PacBio/synteny,,unresolved_composite: combines PacBio sequencing with synteny analysis; requires separate analytical terms
TERM_b9b7cfc8b7fa,state.culture_architecture,host genetics/toxin-response,,"unresolved_type_mismatch: host genetics/toxin-response describes study design or readout, not culture architecture"
TERM_479bc9e874f3,state.medium,maize mitochondrial system,,"unresolved_type_mismatch: maize mitochondrial system is an experimental biological system, not a culture medium"
TERM_b3b900fe395b,action.intervention,mutate T-urf13/URF13 susceptibility determinants,T-urf13/URF13 susceptibility-determinant mutation,normalized
TERM_ee61c5995611,state.developmental_state,host mitochondrial state,,"unresolved_type_mismatch: host mitochondrial state is a host physiological/cellular state, not fungal developmental state"
TERM_7be21ad4ab26,observation.sample_matrix,host/toxin response,,"unresolved_type_mismatch: host/toxin response describes an outcome/readout, not a sample matrix"
TERM_1017b75ce9bb,assay.method,genetics + toxin-sensitivity assay,,unresolved_composite: combines host genetics with toxin-sensitivity assay; requires separate method and subject terms
TERM_c1b917716764,state.culture_architecture,native pathway activation,,"unresolved_type_mismatch: native pathway activation describes an outcome or process, not culture architecture"
TERM_b5c46f2a88d5,state.medium,A. niger plate/liquid culture,,"unresolved_type_mismatch: label describes organism and plate/liquid culture formats, not a defined medium"
TERM_125a8e22dae7,action.intervention,overexpress pathway-specific regulator adaR,adaR overexpression,normalized
TERM_f321d503c3ca,state.developmental_state,engineered activated state,,"unresolved_outcome_defined: engineered activation state describes pathway or experimental status, not fungal developmental state"
TERM_56010dcbfd82,observation.sample_matrix,fungal extract + RNA,,unresolved_composite: combines fungal extract and RNA as distinct sample matrices; requires separate sample entities
TERM_488b4b4172dc,assay.method,LC at 400 nm + RT-PCR,,unresolved_composite: combines liquid chromatography at 400 nm with RT-PCR; distinct assay modalities require separate representation
TERM_fc81dd417f29,state.culture_architecture,stepwise heterologous reconstruction,,"unresolved_type_mismatch: stepwise heterologous reconstruction describes reconstruction strategy, not culture architecture"
TERM_9ea3aee46d3f,state.medium,yeast heterologous-expression culture,,"unresolved_type_mismatch: yeast heterologous-expression culture describes host/culture context, not a medium formulation"
TERM_09139f64f8ad,action.intervention,coexpress combinations of core ada enzymes,combinatorial coexpression of core ada enzymes,normalized
TERM_b63a766218c2,time.window,~2 d,~48 h,normalized
TERM_af04a7c7c61d,state.culture_architecture,cell-free mechanistic reconstruction,,"unresolved_type_mismatch: cell-free mechanistic reconstruction describes an experimental system/reconstruction design, not culture architecture"
TERM_f129d3b5fd66,action.intervention,combine purified PKS/FMO and MβL homologs; vary hydroxylation/metal state,,unresolved_composite: combines enzyme-component assembly with hydroxylation and metal-state perturbations; separate intervention terms are required
TERM_ea8f5fd53854,time.window,0–120 min,0–120 min,normalized
TERM_eb4b1bf6a63b,assay.method,LC time course + metal analysis + mutagenesis,,"unresolved_composite: combines LC time-course analysis, metal analysis, and mutagenesis; assay and intervention components require separate representation"
TERM_6e2cdc62f1e7,state.culture_architecture,AdaR activation/engineering assay,,"unresolved_type_mismatch: AdaR activation/engineering assay describes assay/engineering design, not culture architecture"
TERM_3c91990e142c,state.medium,minimal/complete A. niger plate culture,minimal versus complete medium,normalized_partial: minimal-versus-complete medium comparison extracted; A. niger plate-culture context remains only in raw_label
TERM_3ac415a44567,action.intervention,integrate/overexpress adaR at glaA using CRISPR/Cas9,adaR integration/overexpression at glaA using CRISPR/Cas9,normalized
TERM_534f5d1d941d,time.window,colony endpoint,endpoint,normalized_partial: temporal endpoint extracted; colony context remains only in raw_label
TERM_e7ca901d67e2,observation.sample_matrix,colony color + genotype,,"unresolved_type_mismatch: colony color and genotype are phenotype/genotype readouts, not a sample matrix"
TERM_973b02775738,assay.method,orange-colony screen + PCR,,unresolved_composite: combines orange-colony phenotypic screening with PCR; distinct assay/readout components require separate representation
TERM_3d0d59e9c934,state.culture_architecture,synthetic-defined yeast culture,yeast culture,normalized_partial: yeast culture architecture extracted; synthetic-defined medium context remains only in raw_label
TERM_cc7e09fb382f,state.medium,synthetic defined medium,synthetic defined medium,normalized
TERM_2f565ab2ea60,action.intervention,combinatorially tune adaA/B/C/D promoters and coexpress putative efflux pump,,unresolved_composite: combines adaA/B/C/D promoter tuning with efflux-pump coexpression; separate intervention terms are required
TERM_388db961b51e,state.developmental_state,engineered high-production state,,"unresolved_outcome_defined: engineered high-production state describes production outcome/engineering status, not fungal developmental state"
TERM_5929f7ebd070,observation.sample_matrix,intracellular/supernatant TAN-1612,,unresolved_composite: combines intracellular and supernatant compartments with analyte TAN-1612; sample matrices and analyte require separate representation
TERM_eefaa5a7eb6a,assay.method,UV-vis screen + LC-MS,,unresolved_composite: combines UV-visible screening with LC-MS; distinct assay modalities require separate representation
TERM_8e6582f3a654,state.culture_architecture,synthetic-defined probiotic-yeast culture,yeast culture,normalized_partial: yeast culture architecture extracted; synthetic-defined and probiotic-host context remains only in raw_label
TERM_20b430105bb3,action.intervention,express adaA/B/C/D pathway ± optimized regulatory configuration,adaA/B/C/D pathway expression,normalized_partial: pathway-expression intervention extracted; optimized regulatory configuration remains only in raw_label
TERM_8ba0cab40abc,assay.method,LC-MS/UV-vis,,unresolved_composite: combines LC-MS and UV-visible spectroscopy; distinct assay modalities require separate representation
TERM_839e14b3963d,state.culture_architecture,methylation-context engineering,,"unresolved_type_mismatch: methylation-context engineering describes an engineering strategy/intervention, not culture architecture"
TERM_592cdfdb3496,state.medium,A. niger gene-edited culture,,"unresolved_type_mismatch: A. niger gene-edited culture describes organism/genetic context, not a medium formulation"
TERM_c3ee73e805d3,action.intervention,delete native adaD ortholog and re-express methyltransferases at glaA locus,,unresolved_composite: combines native adaD-ortholog deletion with methyltransferase re-expression at the glaA locus; separate intervention terms are required
TERM_b8a906c6fc68,state.developmental_state,engineered methylation state,,"unresolved_type_mismatch: engineered methylation state describes epigenetic/engineering state, not fungal developmental state"
TERM_17e8c9c8bb28,observation.sample_matrix,TAN/BMS metabolites + proteome,,"unresolved_type_mismatch: TAN/BMS metabolites and proteome are analyte/omics output domains, not a sample matrix; separate observation entities are required"
TERM_6bae0144bb38,assay.method,MS/NMR + proteomics,,unresolved_composite: combines MS/NMR chemical analysis with proteomics; distinct assay modalities require separate representation
TERM_74f4111389c4,state.culture_architecture,native YAG culture,fungal culture,normalized_partial: fungal culture context extracted; native status and YAG medium context remain only in raw_label
TERM_03865ce5adb4,state.medium,YAG,YAG medium,normalized
TERM_ac6347deb3ed,action.intervention,delete ATEG_06270–06282 around atX,ATEG_06270–06282 deletion around atX,normalized
TERM_a8b7048b7821,observation.sample_matrix,secondary metabolites,,"unresolved_type_mismatch: secondary metabolites are an analyte class, not a sample matrix"
TERM_d8709e581c65,assay.method,LC/MS,LC-MS,normalized
TERM_34d19f7d5401,state.culture_architecture,methanol-inducible yeast,yeast culture,normalized_partial: yeast culture architecture extracted; methanol-inducible expression context remains only in raw_label
TERM_80fc3d162b04,state.medium,YNB/methanol,YNB medium with methanol,normalized
TERM_74a2ed8e370f,action.intervention,stepwise early-gene addition,stepwise early-gene addition,normalized
TERM_bff473793724,time.window,24–48 h,24–48 h,normalized
TERM_0db300bf795a,observation.sample_matrix,broth extract,broth extract,normalized
TERM_94dc6bcaff79,assay.method,HPLC/LC-MS/NMR,,"unresolved_composite: combines HPLC, LC-MS, and NMR; distinct analytical modalities require separate representation"
TERM_2cce8a1378e8,action.intervention,add atD or atG,atD or atG addition,normalized
TERM_3872857c8526,state.culture_architecture,shake flask + bioreactor,,unresolved_composite: shake-flask and bioreactor formats are distinct culture architectures/scale conditions and require separate representation
TERM_402e80a0271a,state.medium,methanol-inducible medium,methanol-inducible medium,normalized
TERM_821f8c9aae13,action.intervention,add atC and/or atG,atC and/or atG addition,normalized
TERM_9fcc476feba6,time.window,48 h / scale-up,48 h,normalized_partial: temporal value extracted; scale-up context remains only in raw_label
TERM_311bdd5f24f3,assay.method,HPLC/UV/LC-MS/NMR,,"unresolved_composite: combines HPLC with UV detection, LC-MS, and NMR; distinct analytical modalities require separate representation"
TERM_3d16dac678fd,action.intervention,add atG to matched strains,atG addition,normalized_partial: atG-addition intervention extracted; matched-strain comparison design remains only in raw_label
TERM_659475b64c89,assay.method,HPLC + Y2H,,unresolved_composite: combines HPLC and yeast two-hybrid (Y2H) assays; distinct assay modalities require separate representation
TERM_3459aec6628c,action.intervention,delete atF,atF deletion,normalized
TERM_c1065efca076,observation.sample_matrix,SM profile,,"unresolved_type_mismatch: SM profile denotes a secondary-metabolite analytical output/profile, not a physical sample matrix"
TERM_4abc6d615144,state.culture_architecture,PDB/plant-derived productive culture,fungal culture,"normalized_partial: generic fungal culture architecture extracted; PDB medium, plant-derived context, and productivity descriptor remain only in raw_label"
TERM_0be97a0155e5,state.medium,PDB/related,potato dextrose broth (PDB),normalized_partial: PDB medium extracted; unspecified related media remain only in raw_label
TERM_73dbc90dc410,action.intervention,delete terA,terA deletion,normalized
TERM_2d8f39ff2fce,state.culture_architecture,native + heterologous fungal systems,,unresolved_composite: combines native and heterologous fungal systems; these are distinct experimental contexts and require separate representation
TERM_5d196a3742e0,state.medium,inducing media,,unresolved_underspecified: medium formulation is not identified; inducing is a functional descriptor rather than a composition
TERM_18ca4d95bbef,action.intervention,delete or heterologously express terR,,unresolved_composite: combines terR deletion with heterologous terR expression; distinct interventions require separate terms
TERM_c52ed5ce1c12,state.developmental_state,activated versus regulator-null state,,"unresolved_type_mismatch: activated versus regulator-null describes regulatory/genetic pathway state, not fungal developmental state"
TERM_4144f836ef89,assay.method,RT-PCR/promoter assays + LC,,"unresolved_composite: combines RT-PCR, promoter assays, and liquid chromatography; distinct assay modalities require separate representation"
TERM_b6e7c3fc3077,state.culture_architecture,liquid culture,liquid culture,normalized
TERM_bdf576be1700,state.medium,"glucose minimal, PDB, Sabouraud, YPD, potato broth, fruit juices",,"unresolved_composite: lists multiple distinct media/environments (glucose minimal, PDB, Sabouraud, YPD, potato broth, fruit juices); separate medium terms are required"
TERM_68d3ea1d7bcc,action.intervention,change carbon/nutrient/plant-derived environment,"carbon, nutrient, and plant-derived environment variation",normalized
TERM_195f5644de57,state.developmental_state,environmental activation states,,"unresolved_type_mismatch: label describes environmental condition/response state, not fungal developmental state"
TERM_cee2153ec256,time.window,24–72 h,24–72 h,normalized
TERM_8eacebb17408,observation.sample_matrix,β-galactosidase + metabolites,,unresolved_type_mismatch: β-galactosidase is a reporter/readout and metabolites are analytes; neither identifies the physical sample matrix
TERM_f8b8662405a2,assay.method,reporter assay + LC,,unresolved_composite: combines reporter assay and liquid chromatography; distinct assay modalities require separate representation
TERM_81f342deee3f,state.culture_architecture,defined liquid culture,liquid culture,normalized_partial: liquid culture architecture extracted; defined refers to medium composition and remains only in raw_label
TERM_7d86719383c9,state.medium,glucose minimal variants,glucose minimal medium,normalized_partial: base medium class extracted; variant formulations are unspecified and remain only in raw_label
TERM_b39af9e289e1,action.intervention,methionine supplementation; nitrogen starvation; delete AreA/AtfA singly/double; AtfA overexpression,,"unresolved_composite: combines methionine supplementation, nitrogen starvation, AreA/AtfA single/double deletions, and AtfA overexpression; separate intervention terms are required"
TERM_fb8d51caaacf,state.developmental_state,nutrient/stress state,,"unresolved_type_mismatch: nutrient/stress state describes physiological/environmental state, not fungal developmental state"
TERM_eb098709e2aa,observation.sample_matrix,reporter + RNA + terrein,RNA,normalized_partial: RNA sample matrix extracted; reporter and terrein are readout/analyte components and remain only in raw_label
TERM_833fd9fa24c3,assay.method,reporter/qPCR + LC,,"unresolved_composite: combines reporter assay, qPCR, and liquid chromatography; distinct assay modalities require separate representation"
TERM_13e6f0e8f686,state.culture_architecture,iron-defined culture,,unresolved_type_mismatch: iron-defined describes iron/medium conditions; culture architecture is not specified
TERM_31595ac04bbc,state.medium,0–200 µM FeCl3 regimes,,"unresolved_type_mismatch: FeCl3 concentration regimes are an iron-supplementation condition, not a culture medium"
TERM_f8e58b4cb45f,action.intervention,iron limitation and hapX deletion,,unresolved_composite: combines iron limitation and hapX deletion; environmental and genetic interventions require separate terms
TERM_70ba49d7ebd8,state.developmental_state,iron-starved state,,"unresolved_type_mismatch: iron-starved state is a physiological/nutrient state, not a fungal developmental state"
TERM_b760b6871220,observation.sample_matrix,terrein + gene expression,,"unresolved_type_mismatch: terrein and gene-expression readout are analyte/measurement domains, not a sample matrix"
TERM_defaa3d35a9c,assay.method,LC + qPCR,,unresolved_composite: combines liquid chromatography and qPCR; distinct assay modalities require separate representation
TERM_a12218e1a19e,state.culture_architecture,fruit infection,,"unresolved_type_mismatch: fruit infection is a host-infection context, not a culture architecture"
TERM_6fe17be998fd,state.medium,fresh fruit,,"unresolved_type_mismatch: fresh fruit is host tissue/substrate, not a defined culture medium"
TERM_dfba0ae17805,state.temperature_C,room temp,,unreviewed
TERM_c43323d15e9e,action.intervention,infect fruit with toxin-competent or pathway-null strains,fruit inoculation,normalized_partial: host inoculation action extracted; toxin-competent versus pathway-null strain comparison remains only in raw_label
TERM_085e99d91ac3,state.developmental_state,host-surface colonization,,"unresolved_type_mismatch: host-surface colonization is an ecological/interaction state, not a fungal developmental state"
TERM_8d23d3f7f133,time.window,40–60 h lesion readout,40–60 h,normalized_partial: quantitative time window extracted; lesion-readout context remains only in raw_label
TERM_1f4292a9613f,observation.sample_matrix,fruit extracts + peel lesions,,unresolved_composite: combines fruit extract and peel-lesion tissue; distinct sample materials require separate representation
TERM_1494d8b57544,assay.method,LC + spot-dilution assay,,unresolved_composite: combines liquid chromatography and spot-dilution assay; distinct assay modalities require separate representation
TERM_4c25f15e1814,state.culture_architecture,cell-free assay,,"unresolved_type_mismatch: cell-free assay is an assay system, not a culture architecture"
TERM_11a831c36bcd,state.medium,acetate/acetic-acid buffer,,"unresolved_type_mismatch: acetate/acetic-acid buffer is a reaction buffer in the linked cell-free assay, not a culture medium"
TERM_f6ee222e2252,action.intervention,incubate terrein with ferric iron across concentration/pH,terrein incubation with ferric iron,normalized_partial: chemical incubation action extracted; concentration and pH variation remain only in raw_label
TERM_d9cf9a050323,observation.sample_matrix,Fe2+ + oxidation products,,"unresolved_type_mismatch: Fe2+ and oxidation products are analytes/products, not a sample matrix"
TERM_2de87169ed84,assay.method,TPTZ assay + HPLC/NMR,,"unresolved_composite: combines TPTZ assay, HPLC, and NMR; distinct assay modalities require separate representation"
TERM_2d6d878563b6,state.culture_architecture,fungal transfer/growth assay,,"unresolved_type_mismatch: fungal transfer/growth assay is an experimental design/readout, not a culture architecture"
TERM_854b16936d56,state.medium,0–200 µM FeCl3,,"unresolved_type_mismatch: 0–200 µM FeCl3 is an iron-concentration condition, not a culture medium"
TERM_c33d300034f8,action.intervention,remove siderophore pathway alone or with terA,,unresolved_composite: combines siderophore-pathway removal alone and combined removal with terA; separate genetic interventions are required
TERM_2d59536672eb,state.developmental_state,iron-limited vegetative mycelium,vegetative growth,normalized_partial: vegetative developmental component extracted; iron-limited physiological context remains only in raw_label
TERM_06519f1bd915,time.window,post-transfer growth,,unresolved_underspecified: post-transfer growth is a relative phase without an explicit time interval
TERM_410c1e42ee6d,observation.sample_matrix,colony growth + terrein,,"unresolved_type_mismatch: colony growth and terrein are phenotype/analyte readouts, not a sample matrix"
TERM_036676b25ac3,assay.method,growth + LC,,unresolved_composite: combines growth assay and liquid chromatography; distinct assay modalities require separate representation
TERM_1a51f6d838a3,state.culture_architecture,heterologous/cell-free,,unresolved_composite: combines heterologous expression and cell-free/in-vitro systems; separate experimental-system terms are required
TERM_79adb4a283b4,action.intervention,coexpress/purify TerA and TerB; domain analysis,TerA and TerB coexpression,normalized_partial: coexpression intervention extracted; protein purification and domain analysis remain only in raw_label
TERM_9ec191938f09,state.developmental_state,cell-free/engineered,,"unresolved_type_mismatch: cell-free and engineered describe experimental-system context, not a developmental state"
TERM_97e7596e581d,assay.method,LC-MS/NMR + protein/domain studies,,"unresolved_composite: combines LC-MS, NMR, and protein/domain analyses; distinct assay modalities require separate representation"
TERM_e9677a043365,action.intervention,incubate 6-hydroxymellein with TerC/TerD systems,6-hydroxymellein incubation with TerC/TerD systems,normalized
TERM_1dcf6b8e71cb,observation.sample_matrix,oxidative intermediates,,"unresolved_type_mismatch: oxidative intermediates are analytes/products, not a sample matrix"
TERM_66271b3bb2cf,state.culture_architecture,A. terreus culture,fungal culture,normalized_partial: culture modality extracted; organism identity is represented separately
TERM_bce00f7656d5,action.intervention,delete histone deacetylase hstD,hstD deletion,normalized
TERM_b915961017ca,state.developmental_state,chromatin-perturbed state,,"unresolved_type_mismatch: chromatin perturbation is a molecular/regulatory state, not a developmental state"
TERM_1104f928c288,observation.sample_matrix,ter gene expression + terrein,,unresolved_type_mismatch: combines transcript and metabolite readouts rather than a sample matrix
TERM_59b4c98edcd2,assay.method,qPCR/LC,,unresolved_composite: combines qPCR and liquid chromatography; distinct assay modalities require separate representation
TERM_c2877d69f232,state.culture_architecture,native culture,native fungal culture,normalized
TERM_f8ce3346ac40,action.intervention,delete vrtA,vrtA deletion,normalized
TERM_91b65adf73c4,assay.method,HPLC + NMR,,unresolved_composite: combines HPLC and NMR; distinct assay modalities require separate representation
TERM_24d1632fb85e,state.culture_architecture,cell-free enzyme assay,,"unresolved_type_mismatch: cell-free enzyme assay is an assay system, not a culture architecture"
TERM_5c4791bffdf7,action.intervention,incubate naphthacenedione substrate + GPP,naphthacenedione substrate incubation with GPP,normalized
TERM_566fe5da4c1b,action.intervention,delete vrtD,vrtD deletion,normalized
TERM_04ce0a7dbe6c,state.culture_architecture,heterologous biotransformation,heterologous yeast culture,normalized_partial: heterologous yeast culture extracted from the linked experiment; biotransformation purpose remains only in raw_label
TERM_bd246aeb2251,action.intervention,express VrtK,VrtK expression,normalized
TERM_97e1afe38c9c,state.culture_architecture,native deletion + precursor feeding,native fungal culture,normalized_partial: native culture context extracted; deletion and precursor feeding remain intervention details in raw_label
TERM_9b6ffabcd445,action.intervention,delete yanA; feed 6-MSA or m-cresol,,unresolved_composite: combines yanA deletion with alternative 6-MSA or m-cresol precursor-feeding interventions; separate intervention nodes are required
TERM_6696ffa0f23a,state.culture_architecture,native pathway dissection,native fungal culture,normalized_partial: native culture context extracted; pathway-dissection study design remains only in raw_label
TERM_4689cb3ad683,action.intervention,target individual yan genes,individual yan gene deletions,normalized_partial: deletion implementation is specified by the linked 10-gene yan deletion-series experiment
TERM_aa6926b5992b,observation.sample_matrix,congener profiles,,"unresolved_type_mismatch: congener profiles are analytical outputs, not a sample matrix"
TERM_49bd8ad9a40c,state.culture_architecture,native/heterologous biochemical assignment,,"unresolved_type_mismatch: describes a native/heterologous biochemical-assignment study design, not a single culture architecture"
TERM_8cf5b0bbe7b4,action.intervention,delete/express yanI,,unresolved_composite: combines yanI deletion and yanI expression as distinct interventions; separate intervention nodes are required
TERM_8fbb73714562,state.developmental_state,engineered/native,,"unresolved_type_mismatch: engineered/native denotes genetic or experimental status, not a developmental state"
TERM_dfb3324de256,observation.sample_matrix,mevalonylated products,,"unresolved_type_mismatch: mevalonylated products are analytes/outputs, not a sample matrix"
TERM_dc8f67760fcd,assay.method,chemical analysis,chemical analysis,normalized
TERM_f0d7f8555cd0,state.culture_architecture,native A. niger metabolite/pathway-dependence study,native fungal culture,normalized_partial: native A. niger culture context extracted; metabolite/pathway-dependence study design remains only in raw_label
TERM_a6497744d210,action.intervention,compare cluster mutants and scaffold origin,,"unresolved_type_mismatch: comparison of cluster mutants and scaffold origin is a study design/analysis, not a single intervention"
TERM_d07a827d0678,observation.sample_matrix,yanuthone X1,,"unresolved_type_mismatch: yanuthone X1 is an analyte/metabolite, not a sample matrix"
TERM_0505d23866fb,action.intervention,delete genes across candidate locus,ata gene deletion panel,normalized_partial: deletion-panel identity is supported by linked experiment M4-FUNG-0047:E001; candidate-locus wording remains in raw_label
TERM_1f120dab58da,action.intervention,delete NRPS ataP,ataP deletion,normalized
TERM_02a517097fc8,action.intervention,delete individual pathway genes,individual pathway-gene deletions,normalized
TERM_3ecab5401845,observation.sample_matrix,branch metabolites,,"unresolved_type_mismatch: branch metabolites are analytes/outputs, not a sample matrix"
TERM_e4c729d769e4,state.culture_architecture,cell-free NRPS biochemistry,,"unresolved_type_mismatch: cell-free NRPS biochemistry is a biochemical assay system, not a culture architecture"
TERM_64f4ffec7598,action.intervention,test anthranilate/Trp activation,,unresolved_type_mismatch: anthranilate/Trp activation testing describes an assay procedure rather than a biological intervention
TERM_2e108a3a4a88,time.window,kinetic/endpoint,,unresolved_underspecified: kinetic/endpoint names two temporal measurement regimes but provides no time window
TERM_c05aea3b9130,observation.sample_matrix,adenylation/NRPS products,,"unresolved_type_mismatch: adenylation/NRPS products are assay outputs/analytes, not a sample matrix"
TERM_603cb55391bb,assay.method,ATP-PPi/LC-MS,,unresolved_composite: ATP-PPi exchange and LC-MS are distinct assay methods; separate assay terms are required
TERM_cbfc72b8988a,state.culture_architecture,cell-free enzyme kinetics,,"unresolved_type_mismatch: cell-free enzyme kinetics is an assay system, not a culture architecture"
TERM_0434f18c9d2d,action.intervention,vary DMAPP and benzodiazepinedione,DMAPP and benzodiazepinedione variation,normalized
TERM_36e760ff3f97,time.window,steady-state,,"unresolved_type_mismatch: steady-state is a kinetic regime, not a time window"
TERM_65509b4755a1,observation.sample_matrix,prenylated product,,"unresolved_type_mismatch: prenylated product is an analyte/output, not a sample matrix"
TERM_db3a7d755db6,assay.method,kinetics + LC-MS,,unresolved_composite: kinetics and LC-MS are distinct assay modalities; separate assay terms are required
TERM_a4863f51a166,action.intervention,vary acetyl-CoA and aszonalenin,acetyl-CoA and aszonalenin variation,normalized
TERM_226700c6a77b,observation.sample_matrix,acetylaszonalenin,,"unresolved_type_mismatch: acetylaszonalenin is an analyte/metabolite, not a sample matrix"
TERM_03502293276d,state.culture_architecture,discovery screen,,"unresolved_type_mismatch: discovery screen is a study design, not a culture architecture"
TERM_a7c329a06c52,action.intervention,Agrobacterium T-DNA mutagenesis,Agrobacterium-mediated T-DNA mutagenesis,normalized
TERM_a5eb832800bd,observation.sample_matrix,apicidin,,"unresolved_type_mismatch: apicidin is an analyte/metabolite, not a sample matrix"
TERM_035b31dc8dca,assay.method,chemical screen,chemical screening,normalized
TERM_027287acbe39,action.intervention,delete each local candidate gene,19-gene targeted deletion panel,normalized_partial: linked experiment M4-FUNG-0049:E002 identifies a 19-gene targeted deletion panel; local-candidate wording remains only in raw_label
TERM_9178e5be814d,observation.sample_matrix,apicidin/congeners,,"unresolved_type_mismatch: apicidin and its congeners are analytes/metabolites, not a sample matrix"
TERM_5265b39cc164,action.intervention,delete aps3,aps3 deletion,normalized
TERM_105c4692c428,observation.sample_matrix,apicidin B,,"unresolved_type_mismatch: apicidin B is an analyte/metabolite, not a sample matrix"
TERM_f8273f9fec30,action.intervention,delete late oxidative genes,aps9/aps7 targeted deletions,normalized_partial: linked experiment M4-FUNG-0049:E004 identifies Δaps9 / Δaps7 strains; generic late-oxidative-gene wording remains only in raw_label
TERM_a204d1799547,observation.sample_matrix,apicidin D2/E,,"unresolved_type_mismatch: apicidin D2/E are analytes/metabolites, not a sample matrix"
TERM_5fa123b5c162,state.culture_architecture,native engineering,,unresolved_type_mismatch: native engineering describes genetic/experimental status rather than a culture architecture
TERM_122871204f00,state.medium,NPF2 medium; rice culture for production comparison,,unresolved_composite: NPF2 medium and rice-culture production comparison represent distinct culture/media contexts; separate state terms are required
TERM_db614ea2c7d9,state.temperature_C,25 (NPF2 time-course),,unreviewed
TERM_a957f0914860,action.intervention,overexpress aps2,aps2 overexpression,normalized
TERM_d4ece8312e51,state.developmental_state,activated state,,unresolved_outcome_defined: activated state describes pathway/activity status rather than an independently specified developmental state
TERM_079ded2f62fb,time.window,"2, 4, 6, 8 d (NPF2 time-course); rice-culture endpoint for production comparison",48 h; 96 h; 144 h; 192 h,normalized_partial: explicit NPF2 time-course points normalized; rice-culture endpoint lacks a numeric time and remains only in raw_label
TERM_747be07e274a,observation.sample_matrix,cluster RNA + apicidin,,unresolved_composite: RNA is a sample matrix/domain while apicidin is an analyte/metabolite; separate sample and observation/analyte terms are required
TERM_cbede66e86f1,assay.method,expression + chemistry,,unresolved_composite: expression analysis and chemical analysis are distinct assay modalities; separate assay terms are required
TERM_a8b0c5cf71f5,state.culture_architecture,native fungal fermentation,fungal fermentation,normalized_partial: fermentation architecture extracted; native genetic/context status remains only in raw_label
TERM_ff538a4d82c6,action.intervention,replace module-4 sequence with HPT cassette,module-4 replacement with HPT cassette,normalized
TERM_3573e3e359b6,observation.sample_matrix,aureobasidin A,,"unresolved_type_mismatch: aureobasidin A is an analyte/metabolite, not a sample matrix"
TERM_167baa6f90f2,state.culture_architecture,defined fungal fermentation,fungal fermentation,normalized_partial: fermentation architecture extracted; defined-medium status belongs to the medium/state layer and remains only in raw_label
TERM_880f0f149d13,state.medium,glucose/ammonium-sulfate defined medium,defined medium with glucose and ammonium sulfate,normalized
TERM_12db4707c8a1,action.intervention,feed amino-acid analogues,amino-acid analogue feeding,normalized
TERM_2d2032e211aa,observation.sample_matrix,aureobasidin congeners,,"unresolved_type_mismatch: aureobasidin congeners are analytes/metabolites, not a sample matrix"
TERM_8ca6ae045454,action.intervention,targeted inactivation of bbBsls,bbBsls deletion,normalized_partial: linked experiment M4-FUNG-0051:E001 identifies the targeted inactivation as ΔbbBsls; original wording remains in raw_label
TERM_7e0d1458960d,observation.sample_matrix,bassianolide + beauvericin,,"unresolved_type_mismatch: bassianolide and beauvericin are analytes/metabolites, not a sample matrix"
TERM_741dba874e9e,state.culture_architecture,insect infection assay,,"unresolved_type_mismatch: label describes an infection assay, not culture architecture"
TERM_5ea6d9d05aae,action.intervention,compare mortality/virulence,,"unresolved_type_mismatch: label describes comparative mortality/virulence assessment, not an intervention"
TERM_e68dc43fa343,observation.sample_matrix,host survival/mortality,,"unresolved_type_mismatch: label describes outcome variables, not a sample matrix"
TERM_2012e2929383,assay.method,comparative infection assay,infection assay,partial: comparative design qualifier retained only in raw_label
TERM_6202e3333b83,action.intervention,targeted disruption of bbBeas,bbBeas targeted disruption,normalized
TERM_461843e09001,observation.sample_matrix,beauvericin,,"unresolved_type_mismatch: label is an analyte/product, not a sample matrix"
TERM_cd4306671da7,state.culture_architecture,heterologous bacterial expression,heterologous bacterial culture,partial: expression-system label reduced to the culture architecture component
TERM_073b7a1aad26,action.intervention,express 3189-aa BbBEAS,BbBEAS expression,partial: construct length retained only in raw_label
TERM_0dc58387f0fa,action.intervention,compare virulence,,"unresolved_type_mismatch: label describes comparative virulence assessment, not an intervention"
TERM_41f9b7258478,observation.sample_matrix,mortality,,"unresolved_type_mismatch: label is an outcome, not a sample matrix"
TERM_6a4b1b3a23d1,state.culture_architecture,heterologous/native precursor-supply assays,,unresolved_composite: label combines heterologous/native systems with assay purpose and does not specify one culture architecture
TERM_1f17bdb664e1,action.intervention,test ketoisovalerate reductase function,,"unresolved_type_mismatch: label describes a functional test objective, not an explicit intervention"
TERM_4182f5b1dcb4,state.developmental_state,precursor metabolism,,"unresolved_type_mismatch: label describes a metabolic process, not a developmental state"
TERM_0059d80552b4,observation.sample_matrix,D-Hiv/beauvericin,,"unresolved_type_mismatch: label names analytes/products, not a sample matrix"
TERM_4cf9f1ecba5f,assay.method,enzyme/product analysis,,unresolved_underspecified: label names analysis domains but no specific assay method
TERM_5363c5e5c557,state.culture_architecture,genetic/biochemical characterization,,"unresolved_type_mismatch: label describes a study approach, not culture architecture"
TERM_fce756710b49,action.intervention,complement ACV/IPN-deficient mutants,complementation of ACV/IPN-deficient mutants,normalized
TERM_8cb24b27afd0,state.developmental_state,biosynthetic state,,"unresolved_type_mismatch: label describes a pathway-activity state, not a developmental state"
TERM_e7b35bb859f4,observation.sample_matrix,beta-lactam products,,"unresolved_type_mismatch: label is a product class, not a sample matrix"
TERM_e027aa0375d7,assay.method,complementation + sequencing,,unresolved_composite: label combines genetic complementation and sequencing as distinct procedures
TERM_41b485048180,state.culture_architecture,native targeted knockout,,"unresolved_type_mismatch: label describes a genetic intervention/study design, not culture architecture"
TERM_8692949c1bb1,action.intervention,delete cefP,cefP deletion,normalized
TERM_32d0f8ac64ab,observation.sample_matrix,IPN/CPC + localization,,unresolved_composite_type_mismatch: label mixes analytes with a localization readout and is not a sample matrix
TERM_edfaa740b5e5,assay.method,chemical analysis + fluorescence,,unresolved_composite: label combines chemical analysis and fluorescence as distinct assay modalities
TERM_0b34c9566626,action.intervention,delete cefM,cefM deletion,normalized
TERM_33dcc5be6098,time.window,~72 h localization/readout,~72 h,partial: localization/readout qualifier retained only in raw_label
TERM_2b35dc618870,observation.sample_matrix,PenN/CPC + microbodies,,unresolved_composite_type_mismatch: label mixes analytes/products with a microbody localization context and is not a sample matrix
TERM_b9d0a9452181,assay.method,chemical analysis + GFP,,unresolved_composite: label combines chemical analysis and GFP-based readout as distinct assay modalities
TERM_ce61c0776f95,state.culture_architecture,native regulation engineering,,"unresolved_type_mismatch: label describes a regulatory-engineering study context, not culture architecture"
TERM_a40d9207ec42,action.intervention,delete or overexpress cefR,,unresolved_composite: label combines cefR deletion and cefR overexpression as alternative interventions that should remain separate
TERM_1b8b95d6dafd,observation.sample_matrix,PenN secretion + cefT/cefEF RNA + CPC,,unresolved_composite_type_mismatch: label mixes secretion/product outcomes with RNA measurements and is not a single sample matrix
TERM_2e4ae3b59f58,assay.method,Northern + chemistry,,unresolved_composite: label combines Northern analysis and chemical analysis as distinct assay modalities
TERM_c351f5744cf1,state.culture_architecture,native transporter engineering,,"unresolved_type_mismatch: label describes transporter engineering, not culture architecture"
TERM_a87b823ee651,action.intervention,delete or amplify cefT,,unresolved_composite: label combines cefT deletion and cefT amplification as alternative interventions that should remain separate
TERM_6bbf0eabb431,state.developmental_state,export state,,"unresolved_type_mismatch: label describes a transport/export functional state, not a developmental state"
TERM_be816276d467,observation.sample_matrix,CPC,,"unresolved_type_mismatch: CPC is an analyte/product, not a sample matrix"
TERM_7218baa9bcee,assay.method,production assay,production assay,normalized
TERM_c881211c2ef0,action.intervention,disrupt cefG with selectable marker,cefG disruption,partial: selectable-marker implementation retained only in raw_label
TERM_14931c66dac2,observation.sample_matrix,DAC + CPC,,"unresolved_type_mismatch: DAC and CPC are analytes/products, not a sample matrix"
TERM_486df7f3f8e8,assay.method,chemical analysis + Southern,,unresolved_composite: label combines chemical analysis and Southern blotting as distinct assay modalities
TERM_ef50eb986ced,state.culture_architecture,heterologous enzyme expression,,unresolved_underspecified: heterologous enzyme expression does not identify a host or one defensible culture architecture
TERM_8d8b922a27a9,state.medium,yeast expression,,"unresolved_type_mismatch: label describes a yeast expression system, not a medium formulation"
TERM_c53fc2287815,action.intervention,express cefG cDNA,cefG cDNA expression,normalized
TERM_c5dd3c61a917,observation.sample_matrix,acetyltransferase activity,,"unresolved_type_mismatch: acetyltransferase activity is a measured functional outcome, not a sample matrix"
TERM_42c8721f8661,assay.method,enzyme assay,enzyme assay,normalized
TERM_28492caba7c3,state.culture_architecture,industrial engineering,,"unresolved_type_mismatch: label describes an engineering context, not culture architecture"
TERM_9d6ad84323f4,state.medium,A. chrysogenum fermentation,,"unresolved_type_mismatch: A. chrysogenum fermentation describes organism/process context, not a medium formulation"
TERM_3b3914248f67,action.intervention,increase late-gene dosage,late-gene dosage increase,normalized
TERM_a0d633f159f4,state.developmental_state,high-production state,,"unresolved_type_mismatch: high-production state is outcome-defined, not a developmental state"
TERM_29e5fb769a27,observation.sample_matrix,CPC yield,,"unresolved_type_mismatch: CPC yield is an outcome/measurement, not a sample matrix"
TERM_b8e0fc776796,assay.method,fermentation assay,fermentation assay,normalized
TERM_213e1a343f54,state.culture_architecture,fungal fermentation,fungal fermentation,normalized
TERM_218303bc8cb2,state.medium,methionine-supplemented medium,methionine-supplemented medium,normalized
TERM_3cb29ee70bd2,action.intervention,add methionine,methionine addition,normalized
TERM_520dcedfd347,state.developmental_state,induced production state,,unresolved_type_mismatch: induced production state is outcome-defined and does not identify a developmental state
TERM_e4d06edf324f,observation.sample_matrix,pcbAB/pcbC/cefEF/cefG RNA + CPC,RNA,partial: RNA sample matrix extracted; CPC is an analyte/product and remains only in raw_label
TERM_d1feb55bef00,assay.method,transcript/enzyme analysis,,unresolved_composite: label combines transcript analysis and enzyme analysis as distinct assay modalities
TERM_b524a7c6a901,state.culture_architecture,genomic cloning/sequencing,,"unresolved_type_mismatch: genomic cloning/sequencing is a molecular characterization workflow, not culture architecture"
TERM_d4dadf8c2eac,action.intervention,clone and sequence chaetocin-associated genomic region,,"unresolved_type_mismatch: cloning and sequencing a genomic region is molecular characterization, not a biological intervention"
TERM_e686c1ba8b39,assay.method,molecular cloning; sequencing; comparative cluster analysis,,"unresolved_composite: label combines molecular cloning, sequencing, and comparative cluster analysis as distinct analytical procedures"
TERM_2414e6bc9ebb,state.culture_architecture,natural-product isolation,,"unresolved_type_mismatch: natural-product isolation is a downstream analytical workflow, not culture architecture"
TERM_0e0902c57fc3,assay.method,classical isolation/structure elucidation,,unresolved_composite: label combines natural-product isolation and structure elucidation as distinct workflow stages
TERM_5f7181d3acaa,state.culture_architecture,time-course transcriptomics/metabolomics,,"unresolved_type_mismatch_composite: time-course transcriptomics/metabolomics describes study design and assays, not culture architecture"
TERM_279f39559dfa,time.window,multi-day culture,,unresolved_underspecified: multi-day culture does not provide a recoverable duration or explicit time window
TERM_a304eb428fce,observation.sample_matrix,mycelium/culture extract,,unresolved_composite: mycelium and culture extract are distinct sample matrices and should not be collapsed
TERM_717e865b37bb,assay.method,RNA-seq + metabolite analysis,,unresolved_composite: RNA-seq and metabolite analysis are distinct assay modalities
TERM_2b1fdbd5f842,state.culture_architecture,targeted genetics,,"unresolved_type_mismatch: targeted genetics describes an experimental strategy, not culture architecture"
TERM_16859a85a725,action.intervention,"delete simA, simG, simI, simJ or simL",simA/simG/simI/simJ/simL deletion panel,partial: linked experiment is a sim deletion-strain panel; individual gene deletions remain distinct in raw_label
TERM_282c50e66707,assay.method,LC-MS/metabolite profiling,LC-MS metabolite profiling,normalized
TERM_8320ff355fec,action.intervention,delete alanine racemase simB,simB deletion,normalized
TERM_4f0fd26ddb9d,state.culture_architecture,targeted regulation,,"unresolved_type_mismatch: targeted regulation describes an experimental strategy, not culture architecture"
TERM_a6b2f6e82374,action.intervention,overexpress simL,simL overexpression,normalized
TERM_91fa47a55a4d,assay.method,LC-MS/quantitation,LC-MS quantitation,normalized
TERM_d2e4f8a7969c,state.culture_architecture,ecological coculture,coculture,partial: coculture architecture extracted; ecological context remains in raw_label
TERM_d07be1725692,action.intervention,fungal competitor challenge,fungal competitor challenge,normalized
TERM_312211310138,observation.sample_matrix,interaction assay,,"unresolved_type_mismatch: interaction assay describes an assay or experimental context, not a biological sample matrix"
TERM_95efddb5256a,assay.method,competition/fitness assay,competition and fitness assay,normalized: assay label standardized without inferring a specific measurement platform
TERM_9cc0adb31a40,state.culture_architecture,host infection,,unresolved_type_mismatch: host infection describes host/pathosystem context rather than a culture architecture
TERM_f8f56480de8f,action.intervention,compare cyclosporin-competent and deficient strains,,"unresolved_type_mismatch: comparison of cyclosporin-competent and cyclosporin-deficient strains is a comparative design, not a single intervention"
TERM_08de55ed568f,observation.sample_matrix,infected insect,infected insect,normalized: explicit biological sample matrix retained directly from raw_label
TERM_44c2ce663d50,assay.method,survival/virulence assays,,unresolved_composite: survival and virulence assays are distinct outcome/assay dimensions and should remain separate
TERM_17e2bf3ce3c5,state.culture_architecture,liquid fermentation,liquid fermentation,normalized: culture architecture is directly stated
TERM_7653390ca760,state.medium,Czapek-Dox,Czapek-Dox medium,normalized: medium identity is directly stated and standardized
TERM_7d8d48c92496,state.culture_architecture,targeted knockout,,"unresolved_type_mismatch: targeted knockout describes a genetic intervention, not culture architecture"
TERM_0305579ac7e1,action.intervention,delete DtxS1,DtxS1 deletion,normalized: explicit single-gene deletion intervention retained directly from raw_label
TERM_c2bb05af5931,action.intervention,delete DtxS2,DtxS2 deletion,normalized: explicit single-gene deletion intervention retained directly from raw_label
TERM_2714f439f195,state.culture_architecture,knockout + feeding,,"unresolved_type_mismatch: knockout plus feeding describes a composite intervention design, not culture architecture"
TERM_cf69677f85d4,action.intervention,delete DtxS3; add HIC,,unresolved_composite: DtxS3 deletion and HIC addition are distinct interventions and require separate action terms
TERM_90f952bdce65,action.intervention,delete DtxS4; add beta-alanine,,unresolved_composite: DtxS4 deletion and beta-alanine addition are distinct interventions and require separate action terms
TERM_d5da9be21882,state.culture_architecture,insect infection,,unresolved_type_mismatch: insect infection describes host-infection context rather than a culture architecture under the current ontology
TERM_8ccd7deaa8b1,action.intervention,topical/infection challenge,,unresolved_composite: topical challenge and infection challenge may denote distinct exposure routes and cannot be collapsed safely
TERM_85938e066c86,observation.sample_matrix,locust/silkworm,,unresolved_composite: locust and silkworm are distinct host sample matrices and require separate representation
TERM_8a8f468f7a90,assay.method,survival and immune assays,,unresolved_composite: survival assays and immune assays are distinct assay/readout classes and require separate representation
TERM_43409e057bc8,state.culture_architecture,targeted deletion,,"unresolved_type_mismatch: targeted deletion describes a genetic intervention, not culture architecture"
TERM_c6cc39c7eda8,action.intervention,ΔecdA,ecdA deletion,normalized: ΔecdA standardized to ecdA deletion without adding mechanistic interpretation
TERM_e352660167c4,assay.method,HRLCMS,HRLCMS,normalized: reported analytical-method label retained directly without expanding an ambiguous acronym
TERM_0ef957188b28,state.culture_architecture,split-locus deletion/rescue,,"unresolved_type_mismatch: split-locus deletion/rescue describes a genetic intervention design, not culture architecture"
TERM_096cd50c9f1b,action.intervention,delete htyA; feed L-homotyrosine,,unresolved_composite: htyA deletion and L-homotyrosine feeding are distinct interventions and require separate action terms
TERM_fb5f796c516b,state.culture_architecture,in vitro enzyme assay,,"unresolved_type_mismatch: in vitro enzyme assay describes a biochemical assay system, not culture architecture"
TERM_fbde79ce5d9a,action.intervention,linoleate + ATP,linoleate and ATP addition,normalized: linked experiment uses purified EcdI/EcdA-M1; linoleate and ATP are explicit assay additions and are retained as the intervention
TERM_11b3d38387c6,observation.sample_matrix,purified proteins,purified protein,normalized: plural sample-matrix label standardized to purified protein without changing biological meaning
TERM_5f9e4e9b11b7,assay.method,ATP-PPi exchange/radiolabel loading,,unresolved_composite: ATP-PPi exchange and radiolabel loading are distinct assay procedures and should remain separately represented
TERM_9d8125e75863,state.culture_architecture,targeted regulatory knockout,,"unresolved_type_mismatch: targeted regulatory knockout describes a genetic intervention, not culture architecture"
TERM_0f4ecb6b5b65,action.intervention,delete ecdB,ecdB deletion,normalized: explicit single-gene deletion intervention retained directly from raw_label
TERM_f8ce28c739bd,observation.sample_matrix,culture/expression,,unresolved_type_mismatch: culture/expression combines experimental context and expression/readout information rather than identifying a biological sample matrix
TERM_cd9f9b87fe26,assay.method,metabolite assay + qPCR,,unresolved_composite: metabolite assay and qPCR are distinct assay modalities and require separate representation
TERM_1b7f39b265d4,state.culture_architecture,gene cloning/sequencing,,"unresolved_type_mismatch: gene cloning/sequencing describes molecular methods, not culture architecture"
TERM_261b0a1e0314,observation.sample_matrix,genomic/cDNA,,unresolved_composite: genomic DNA and cDNA are distinct molecular sample types and should not be collapsed into one sample-matrix term
TERM_e2a6bba33a7e,assay.method,molecular cloning; sequencing; protein/domain analysis,,"unresolved_composite: molecular cloning, sequencing, and protein/domain analysis are distinct methods and require separate assay terms"
TERM_6f621f363fac,state.culture_architecture,enzyme characterization,,"unresolved_type_mismatch: enzyme characterization describes an assay/study activity, not culture architecture"
TERM_19da68a6af1c,action.intervention,supply hydroxy acid/amino acid substrates,hydroxy acid and amino acid substrate addition,normalized: linked experiment explicitly supplies hydroxy-acid and amino-acid substrates; intervention standardized as substrate addition
TERM_f80935a1f73c,observation.sample_matrix,enzyme preparation,enzyme preparation,normalized: reported sample-matrix label retained directly without inferring enzyme identity or preparation method
TERM_015d76c683c3,assay.method,biochemical synthesis/domain analysis,,unresolved_composite: biochemical synthesis and domain analysis are distinct assay activities and require separate representation
TERM_40732b1e0af8,state.culture_architecture,submerged fermentation time-course,submerged fermentation,partial: submerged-fermentation culture architecture extracted; time-course study design remains preserved in raw_label
TERM_ef2463768a70,action.intervention,none; compare cultivation phases,no intervention,partial: explicit absence of intervention extracted; cultivation-phase comparison is a study-design component retained only in raw_label
TERM_87d45e72f182,state.developmental_state,"mycelial growth, stationary phase and spores",,"unresolved_composite: mycelial growth, stationary phase, and spores are distinct biological states and should be represented separately"
TERM_3a915d695e81,time.window,growth versus stationary phase,,unresolved_type_mismatch: growth versus stationary phase denotes a phase comparison rather than an explicit temporal window
TERM_d06b8aa2e403,observation.sample_matrix,mycelium/culture and spores,,unresolved_composite: mycelium/culture and spores combine distinct sample matrices and cannot be reduced to one matrix term
TERM_6a8b0e8de6bb,assay.method,enniatin quantitation; synthetase activity/protein; mRNA analysis,,"unresolved_composite: enniatin quantitation, synthetase activity/protein analysis, and mRNA analysis are distinct assay/readout modalities"
TERM_0a6a0532a0c9,state.culture_architecture,expression comparison,,"unresolved_type_mismatch: expression comparison describes a comparative study design/readout, not culture architecture"
TERM_74734f2dbb6c,state.medium,PD medium,PD medium,normalized: reported medium label retained directly without expanding an abbreviation not defined in the current source trail
TERM_b6bf835b266d,action.intervention,compare axenic versus in planta state,,"unresolved_type_mismatch: comparison of axenic and in planta states is a comparative design, not a single intervention"
TERM_4bc8b7830e52,state.developmental_state,host-associated vs axenic,,unresolved_type_mismatch: host-associated versus axenic describes host/environmental context rather than a developmental state
TERM_54ca7cd26c7a,observation.sample_matrix,fungal/plant RNA,,unresolved_composite: fungal RNA and plant RNA are distinct source matrices and should remain separately represented
TERM_7bde60d58ff8,assay.method,RT-PCR,RT-PCR,normalized: explicit assay-method label retained directly
TERM_0ab53172d73f,state.culture_architecture,targeted replacement in endophyte,,"unresolved_type_mismatch: targeted replacement describes a genetic intervention, not culture architecture"
TERM_0b2b00a939bd,action.intervention,delete lpsB; infect ryegrass,lpsB deletion,partial: lpsB deletion extracted from the linked mutant experiment; ryegrass infection is a separate host-context component retained only in raw_label
TERM_ff71d5dbff70,state.developmental_state,in planta symbiosis,,unresolved_type_mismatch: in planta symbiosis denotes host-associated environmental context rather than a developmental state
TERM_9bf1d7ccb7a8,observation.sample_matrix,infected ryegrass extract,infected ryegrass extract,normalized: explicit biological sample-matrix label retained directly
TERM_95de9640798b,assay.method,LC-MS/MS,LC-MS/MS,normalized: explicit assay-method label retained directly
TERM_81a7e5340c53,state.culture_architecture,genetic complementation,,"unresolved_type_mismatch: genetic complementation describes an intervention strategy, not culture architecture"
TERM_09e311a6471e,action.intervention,restore lpsB,lpsB complementation,normalized: linked experiment is a genetic-complementation experiment; restore lpsB standardized as lpsB complementation
TERM_cdfb6c3ecd2e,state.culture_architecture,in vitro NRPS specificity,,"unresolved_type_mismatch: in vitro NRPS specificity describes an assay objective/design, not culture architecture"
TERM_7e3e7bd94b70,action.intervention,anthranilate activation assay,,"unresolved_type_mismatch: anthranilate activation assay is an assay procedure, not an intervention"
TERM_3d84c9d7b6da,observation.sample_matrix,purified protein,purified protein,normalized: explicit sample-matrix label retained directly
TERM_ac10d9644d40,assay.method,ATP-PPi exchange,ATP-PPi exchange assay,normalized: ATP-PPi exchange standardized as an assay-method label without changing the reported procedure
TERM_837abee740d3,state.culture_architecture,in vitro reconstitution,,"unresolved_type_mismatch: in vitro reconstitution describes a biochemical experimental system, not culture architecture"
TERM_883c6d0d6ae6,action.intervention,FQF + enzymes/cofactors,,unresolved_composite: FQF plus enzymes/cofactors contains multiple intervention components whose identities should remain separately represented
TERM_ac9606d23ca7,assay.method,LC-MS/enzyme assay,,unresolved_composite: LC-MS and enzyme assay are distinct assay modalities and require separate representation
TERM_3bf0e89822fd,state.culture_architecture,oxidoreductase genetics/reconstitution,,"unresolved_type_mismatch: oxidoreductase genetics/reconstitution describes a composite study strategy, not culture architecture"
TERM_9a6f07f75001,action.intervention,FQA + FmqD / fmqD perturbation,,unresolved_composite: FQA with FmqD and fmqD perturbation combines biochemical addition/enzyme context with genetic perturbation
TERM_21d1e451a8a5,observation.sample_matrix,protein and fungal extracts,,unresolved_composite: protein and fungal extracts are distinct sample matrices and should not be collapsed
TERM_f9aa0baf2a52,state.culture_architecture,developmental perturbation,,"unresolved_type_mismatch: developmental perturbation describes an intervention/study design, not culture architecture"
TERM_22e5e59ade38,action.intervention,abolish BrlA-controlled conidiation,brlA deletion,partial: linked experiment uses a ΔbrlA/developmental strain; brlA deletion extracted as the intervention while the conidiation outcome remains in raw_label
TERM_c76d63a6e6a9,state.developmental_state,nonconidiating,nonconidiating,normalized: explicit developmental-state label retained directly
TERM_12648a373e27,observation.sample_matrix,fungal tissues,fungal tissue,normalized: plural sample-matrix label standardized to fungal tissue without changing biological meaning
TERM_c956761fec14,assay.method,metabolomics/qPCR,,unresolved_composite: metabolomics and qPCR are distinct assay modalities and require separate representation
TERM_b7d367d0d7c3,state.culture_architecture,cell biology,,"unresolved_type_mismatch: cell biology is a study domain, not culture architecture"
TERM_82a00419502e,action.intervention,fluorescent localization / secretion tracking,,"unresolved_type_mismatch: fluorescent localization and secretion tracking are observation/assay procedures, not interventions"
TERM_432684f3d366,state.developmental_state,conidiation,conidiation,normalized: explicit developmental-state label retained directly
TERM_e5229bfb5189,observation.sample_matrix,hyphae/conidiophores/conidia,,unresolved_composite: multiple developmental structures combined in one sample-matrix label
TERM_8ae7a7ab25db,assay.method,fluorescence microscopy,fluorescence microscopy,normalized
TERM_716e0f2b5c92,state.culture_architecture,host-relevant developmental metabolomics,,"unresolved_type_mismatch: label describes developmental metabolomics study context, not culture architecture"
TERM_ee82ebfb0c43,action.intervention,perturb cell-wall integrity transcriptional regulators,MpkA/RlmA regulatory perturbation,normalized_partial: linked experiment specifies MpkA/RlmA regulatory mutants; raw label retained
TERM_40db82ca92e0,state.developmental_state,conidia,conidia,normalized
TERM_157b49ba5677,observation.sample_matrix,conidia / phagocytosis assays,,unresolved_composite: combines conidial sample matrix with phagocytosis assay context
TERM_6464922c3916,assay.method,transcriptomics/metabolomics/cell assays,,"unresolved_composite: combines transcriptomic, metabolomic, and cell-assay modalities"
TERM_e0c1d53540d6,state.culture_architecture,comparative metabolomics,,"unresolved_type_mismatch: comparative metabolomics is an analytical study design, not culture architecture"
TERM_0c1fcf16f125,time.window,168 h,168 h,normalized
TERM_872e5576d9bd,assay.method,HPLC-MS/high-resolution metabolomics,HPLC-MS,normalized_partial: analytical platform extracted; high-resolution metabolomics context retained only in raw label
TERM_3564e64d0dd6,state.culture_architecture,targeted gene deletion,,"unresolved_type_mismatch: targeted gene deletion is an intervention, not culture architecture"
TERM_42b5d242374f,assay.method,HPLC-MS,HPLC-MS,normalized
TERM_1f90c93a064e,state.culture_architecture,colony phenotype,,"unresolved_type_mismatch: colony phenotype is an observation, not culture architecture"
TERM_9a681742a32f,assay.method,macroscopic morphology,macroscopic morphology assessment,normalized
TERM_eb62fbca0caf,state.culture_architecture,cluster expression/bioinformatics,,unresolved_type_mismatch: cluster-expression/bioinformatics study design is not culture architecture
TERM_1ed2ae2aa736,observation.sample_matrix,RNA/genome,,unresolved_composite: combines RNA and genomic material in one sample-matrix label
TERM_3d0475ba71ec,assay.method,expression analysis + comparative genomics,,unresolved_composite: combines expression analysis and comparative genomics as distinct analytical modalities
TERM_530a981bbde6,assay.method,HPLC + tandem MS,HPLC-MS/MS,normalized
TERM_407f8f88a564,state.culture_architecture,low-dose murine invasive aspergillosis,,"unresolved_type_mismatch: murine invasive aspergillosis model is an in vivo host model, not culture architecture"
TERM_50ff76e7b0fe,action.intervention,infect immunocompromised mice,immunocompromised mouse infection,normalized
TERM_cc380d55e3b7,state.developmental_state,lung infection,,"unresolved_type_mismatch: lung infection is a host infection state, not a fungal developmental state"
TERM_f43ef6848865,observation.sample_matrix,mouse lung/survival,mouse lung tissue,normalized_partial: sample matrix extracted; survival outcome retained only in raw label
TERM_44a93a080873,assay.method,LC-MS + survival/virulence analysis,,unresolved_composite: combines LC-MS with survival and virulence analyses
TERM_dfc604efb87f,state.culture_architecture,regulatory genetics,,"unresolved_type_mismatch: regulatory genetics describes study design, not culture architecture"
TERM_ca79dea13f46,action.intervention,delete or increase gliZ copies,,unresolved_composite: combines opposing gliZ copy-number interventions (deletion and increase)
TERM_3b033efdedd5,assay.method,metabolite analysis + transcript analysis,,unresolved_composite: combines metabolite analysis and transcript analysis as distinct analytical modalities
TERM_b43936151deb,state.culture_architecture,enzyme and self-resistance assays,,"unresolved_type_mismatch: label describes enzyme and self-resistance assay context, not culture architecture"
TERM_f448ff4a935f,action.intervention,purified GliT and gliT deletion,,unresolved_composite: combines purified-enzyme biochemical context with gliT deletion intervention
TERM_81f46808ec75,observation.sample_matrix,purified enzyme / fungal growth,,unresolved_composite: combines purified enzyme and fungal growth as distinct sample/context types
TERM_0d5c459cd5ac,assay.method,biochemistry + gliotoxin sensitivity assay,,unresolved_composite: combines biochemical analysis and gliotoxin sensitivity assay
TERM_79750e0bbf69,state.culture_architecture,transporter knockout,,"unresolved_type_mismatch: transporter knockout is a genetic intervention, not culture architecture"
TERM_bf8699d344ad,action.intervention,delete gliA,gliA deletion,normalized
TERM_0341fa953d65,observation.sample_matrix,intracellular/extracellular metabolites,,unresolved_type_mismatch: label describes metabolite compartments/analytes rather than an explicit sample matrix
TERM_fb1acda66013,assay.method,LC-MS + sensitivity assays,,unresolved_composite: combines LC-MS with sensitivity assays as distinct analytical modalities
TERM_328083804a2b,state.culture_architecture,HTS1 double-copy disruption,,"unresolved_type_mismatch: HTS1 double-copy disruption is a genetic intervention, not culture architecture"
TERM_5b68ec5073e6,action.intervention,disrupt both HTS1 copies,HTS1 double-copy disruption,normalized
TERM_549270a13954,observation.sample_matrix,culture + maize infection,,unresolved_composite: combines in vitro culture and maize-infection context rather than a single sample matrix
TERM_0bd4bb1c1209,assay.method,toxin assay + pathogenicity assay,,unresolved_composite: combines toxin assay and pathogenicity assay as distinct analytical/phenotypic modalities
TERM_ef9c5ad2f969,state.culture_architecture,targeted all-copy disruption,,"unresolved_type_mismatch: targeted all-copy disruption is a genetic intervention, not culture architecture"
TERM_c824d83ae7f2,action.intervention,disrupt all functional TOXC copies,disruption of all functional TOXC copies,normalized
TERM_16dc52d49426,observation.sample_matrix,culture + maize,,unresolved_composite: combines culture and maize host material/context rather than a single sample matrix
TERM_72a8b85b6e92,assay.method,toxin assay + pathogenicity,,unresolved_composite: combines toxin assay and pathogenicity assay as distinct modalities
TERM_cd03c75f3de7,state.culture_architecture,targeted regulatory disruption,,"unresolved_type_mismatch: targeted regulatory disruption is a genetic intervention, not culture architecture"
TERM_af33f9531f18,action.intervention,disrupt TOXE,TOXE disruption,normalized
TERM_c09916c11f06,observation.sample_matrix,culture + maize + RNA,,"unresolved_composite: combines culture, maize host context/material, and RNA in one sample-matrix label"
TERM_2cacf79c6e4e,assay.method,toxin assay + pathogenicity + expression analysis,,"unresolved_composite: combines toxin, pathogenicity, and expression analyses as distinct modalities"
TERM_192482aef468,action.intervention,disrupt all TOXF copies,disruption of all TOXF copies,normalized
TERM_5e99a7519ee8,state.culture_architecture,chromosome/physical mapping,,"unresolved_type_mismatch: chromosome/physical mapping describes an analytical study design, not culture architecture"
TERM_7464441572b0,action.intervention,map TOX2 genes and copies,,"unresolved_type_mismatch: mapping TOX2 genes and copies is an analytical mapping procedure, not a biological intervention"
TERM_f72d691dcc71,observation.sample_matrix,genomic DNA/chromosomes,,unresolved_composite: genomic DNA and chromosome preparations are distinct sample representations and should not be collapsed
TERM_7420b305f9c6,assay.method,physical mapping + CHEF/Southern,,"unresolved_composite: combines physical mapping, CHEF electrophoresis, and Southern blotting as distinct analytical procedures"
TERM_fbca81427f2f,state.culture_architecture,chromosomal instability study,,"unresolved_type_mismatch: chromosomal instability study describes a study design, not culture architecture"
TERM_c6e8d7dd864a,action.intervention,analyze progeny with spontaneous/meiotic deletions,,"unresolved_type_mismatch: analysis of progeny carrying spontaneous/meiotic deletions is a comparative analytical procedure, not a biological intervention"
TERM_dbd154d2558f,observation.sample_matrix,genome + culture + maize,,"unresolved_composite: combines genomic material, fungal culture, and maize host material/context in one sample-matrix label"
TERM_53865da8e87f,assay.method,gene mapping + toxin/virulence assays,,"unresolved_composite: combines gene mapping, toxin assay, and virulence assay as distinct analytical/phenotypic modalities"
TERM_b5cd9abbbfbb,state.culture_architecture,transcription-factor activation,,"unresolved_type_mismatch: transcription-factor activation is a regulatory intervention/state, not culture architecture"
TERM_6bceee18361d,action.intervention,overexpress hasA,hasA overexpression,normalized
TERM_7f6eb22e392e,observation.sample_matrix,RNA + fungal metabolites,,unresolved_composite: combines RNA and fungal metabolites as distinct sample/analyte domains
TERM_4164b5198ec6,assay.method,qRT-PCR / LC-MS / NMR,,"unresolved_composite: combines qRT-PCR, LC-MS, and NMR as distinct analytical modalities"
TERM_b7fa2de951ed,state.culture_architecture,native pathway genetics,,"unresolved_type_mismatch: native pathway genetics describes a study design, not culture architecture"
TERM_e405b9469a31,action.intervention,delete individual has genes in activated background,individual hasB–hasH deletions,partial_context_omitted: linked experiment is an OE::hasA hasB–hasH deletion series; canonical label retains the deletion action while the hasA-overexpression background remains in provenance/raw context
TERM_db6b28ea4423,observation.sample_matrix,fungal extracts,fungal extract,normalized
TERM_b8b588053f6a,assay.method,comparative LC-MS,LC-MS,partial_context_omitted: comparative design is not part of assay method; canonical label retains LC-MS only
TERM_26409437a0f0,state.culture_architecture,murine infection,,"unresolved_type_mismatch: murine infection is an in vivo host model/context, not fungal culture architecture"
TERM_02f7cc6845c6,action.intervention,compare activated HAS state,,"unresolved_type_mismatch: comparison of activated HAS state is a comparative study design, not a biological intervention"
TERM_ba8be9a309bc,observation.sample_matrix,mouse survival/fungal burden,,"unresolved_type_mismatch: mouse survival and fungal burden are outcome measures, not a sample matrix"
TERM_d334ef72f5c5,assay.method,virulence assay,virulence assay,normalized
TERM_64b3cc738751,state.culture_architecture,iron-network perturbation,,"unresolved_type_mismatch: iron-network perturbation is an intervention/study design, not culture architecture"
TERM_ac1dc9568402,action.intervention,alter iron availability/regulatory state,,unresolved_composite: combines alteration of iron availability with an unspecified regulatory-state perturbation; linked experiment confirms an iron-manipulated system but does not support collapsing both into one intervention term
TERM_3e0001ac190a,observation.sample_matrix,transcriptome + metabolome,,unresolved_type_mismatch: transcriptome + metabolome describes paired omics outputs rather than an explicit sample matrix
TERM_745ff570a34e,assay.method,expression/metabolite profiling,,unresolved_composite: combines expression profiling and metabolite profiling as distinct analytical modalities
TERM_98a66ace05be,state.culture_architecture,genomic/transcriptional analysis,,"unresolved_type_mismatch: genomic/transcriptional analysis describes an analytical study design, not culture architecture"
TERM_00d8495db60a,action.intervention,compare low- and high-producing strains,,"unresolved_type_mismatch: comparing low- and high-producing strains is a comparative study design, not a biological intervention"
TERM_b8ccaeda18e8,assay.method,Southern/copy-number mapping + transcript analysis,,unresolved_composite: combines Southern/copy-number mapping with transcript analysis as distinct analytical modalities
TERM_e23763cd6787,state.culture_architecture,copy-number architecture,,"unresolved_type_mismatch: copy-number architecture is a genomic property, not culture architecture"
TERM_3a9b1785d40f,action.intervention,map tandem repeats,,"unresolved_type_mismatch: tandem-repeat mapping is a genomic mapping procedure, not a biological intervention"
TERM_801914a34fed,observation.sample_matrix,chromosome I DNA,chromosome I DNA,normalized
TERM_3d662d897462,assay.method,physical mapping/Southern,,unresolved_composite: combines physical mapping and Southern blotting as distinct analytical modalities
TERM_ec8cc0df9fa9,state.culture_architecture,copy-number/output study,,"unresolved_type_mismatch: copy-number/output study describes study design, not culture architecture"
TERM_d6ce79e32148,action.intervention,vary penicillin BGC dose,penicillin BGC copy-number variation,normalized
TERM_76710630c41c,observation.sample_matrix,fermentation broth,fermentation broth,normalized
TERM_6ef10afcc33d,assay.method,genotyping + penicillin quantitation,,unresolved_composite: combines genotyping and penicillin quantitation as distinct analytical modalities
TERM_35ea95ffc235,state.culture_architecture,compartmentation study,,"unresolved_type_mismatch: compartmentation study describes a study objective/design, not culture architecture"
TERM_281c0cf6403e,action.intervention,alter peroxisomal competence/abundance,peroxisomal competence/abundance perturbation,normalized
TERM_16c512b179a3,observation.sample_matrix,cells + broth,,unresolved_composite: combines cellular material and broth as distinct sample matrices
TERM_3da0c9130ffa,assay.method,cell biology + penicillin assay,,unresolved_composite: combines cell-biology analysis and penicillin assay as distinct analytical modalities
TERM_607f93cc833d,state.culture_architecture,functional cluster characterization,,"unresolved_type_mismatch: functional cluster characterization describes a study objective, not culture architecture"
TERM_926a5f83f253,action.intervention,gene/enzyme functional analysis,,"unresolved_type_mismatch: gene/enzyme functional analysis describes analytical characterization, not a biological intervention"
TERM_5b868c60c8b6,observation.sample_matrix,cells + metabolites,,unresolved_composite: combines cellular material with metabolite analytes rather than a single sample matrix
TERM_f19aa6d56d51,assay.method,ACVS/activity assays + metabolite analysis,,unresolved_composite: combines ACVS/activity assays and metabolite analysis as distinct analytical modalities
TERM_1d8b61dd9f6e,state.culture_architecture,cluster expression,,"unresolved_type_mismatch: cluster expression is a molecular state/process, not culture architecture"
TERM_71d196d8b019,action.intervention,express penicillin biosynthetic genes heterologously,heterologous expression of penicillin biosynthetic genes,normalized
TERM_4fb7d8a71037,assay.method,metabolite assay,metabolite assay,normalized
TERM_ba905006b14e,state.culture_architecture,dose-response,,"unresolved_type_mismatch: dose-response describes an experimental design, not culture architecture"
TERM_26c02d9879a0,action.intervention,vary biosynthetic-gene copy number,biosynthetic-gene copy-number variation,normalized
TERM_411ecffd85b3,assay.method,genotyping + penicillin assay,,unresolved_composite: combines genotyping and penicillin assay as distinct analytical modalities
TERM_cd437b0d65c2,state.culture_architecture,cellular compartmentation,,"unresolved_type_mismatch: cellular compartmentation is a biological spatial property, not culture architecture"
TERM_d8a198395bda,action.intervention,localize/perturb final-step enzymes,final-step enzyme perturbation,normalized_partial: intervention component extracted; localization component remains only in raw_label
TERM_f32483e52ed1,observation.sample_matrix,fungal cells,fungal cells,normalized
TERM_df83877d8680,assay.method,cell biology + enzyme/product analysis,,unresolved_composite: combines cell-biology analysis with enzyme and product analysis as distinct analytical modalities
TERM_f6d010055f14,state.culture_architecture,targeted deletion metabolomics,,"unresolved_type_mismatch: label describes a gene-deletion/metabolomics study design, not culture architecture"
TERM_96cf0658438a,action.intervention,delete individual roq genes,individual roq gene deletions,normalized
TERM_3b523e93ecf3,assay.method,HPLC-MS/MS + NMR,,unresolved_composite: combines HPLC-MS/MS and NMR methods
TERM_66f9d4c0129a,state.culture_architecture,medium-context perturbation,,"unresolved_type_mismatch: label describes a medium-context perturbation, not culture architecture"
TERM_d383e8242c6b,action.intervention,add phenylacetic acid,phenylacetic acid addition,normalized
TERM_b34e8a83bc4a,assay.method,qPCR + metabolite analysis,,unresolved_composite: combines qPCR and metabolite-analysis methods
TERM_277fbe7d5981,action.intervention,combine pathway intermediates/knockouts,,unresolved_composite: combines pathway-intermediate manipulation with genetic knockouts
TERM_052a5bd84c4d,assay.method,LC-MS/MS + structural analysis,,unresolved_composite: combines LC-MS/MS with structural analysis
TERM_5e6ecdf176ec,state.culture_architecture,global-regulator comparison,,"unresolved_type_mismatch: label describes a global-regulator comparison, not culture architecture"
TERM_dcbf6ca01260,action.intervention,alter laeA,laeA perturbation,"partial: linked experiment identifies PcLaeA perturbation, but perturbation direction is not specified"
TERM_db1023e55d41,state.culture_architecture,full heterologous reconstruction,heterologous bacterial culture,partial: linked experiment identifies E. coli heterologous reconstruction; culture architecture extracted from study-design label
TERM_88511c66d457,action.intervention,coexpress five tdi proteins,TdiA-E coexpression,normalized
TERM_41831dcba8c2,observation.sample_matrix,bacterial extract,bacterial extract,normalized
TERM_a63cd205d53a,assay.method,HPLC/MS/NMR,,"unresolved_composite: combines HPLC, MS, and NMR methods"
TERM_4f104e5534f6,state.culture_architecture,stepwise reconstitution,,"unresolved_type_mismatch: label describes a stepwise reconstruction strategy, not culture architecture"
TERM_010db4ea7dd9,action.intervention,omit individual Tdi proteins,individual Tdi protein omission,normalized
TERM_7d4979b42e5f,observation.sample_matrix,bacterial extracts,bacterial extract,normalized
TERM_987efdfae8fb,state.culture_architecture,native boundary validation,,"unresolved_type_mismatch: label describes native pathway-boundary validation, not culture architecture"
TERM_fbae0fff998f,action.intervention,gene knockout and expression profiling,,unresolved_composite: combines a genetic knockout intervention with expression profiling
TERM_f4a652700164,observation.sample_matrix,fungal RNA/metabolites,,unresolved_composite: combines fungal RNA and metabolite sample domains
TERM_1d6b04f46ef0,assay.method,expression + metabolite analysis,,unresolved_composite: combines expression analysis and metabolite analysis
TERM_816be1963ef4,state.culture_architecture,targeted four-gene knockout series,,"unresolved_type_mismatch: label describes a four-gene knockout series, not culture architecture"
TERM_2f50d02ecbe9,action.intervention,delete vlmS/A/B/C,vlmS/vlmA/vlmB/vlmC deletions,normalized
TERM_a2ce6224bd25,assay.method,LC-MS/metabolite analysis,LC-MS,partial: LC-MS is the identifiable analytical method; generic metabolite-analysis context remains in raw_label
TERM_27bb19289923,state.culture_architecture,precursor-feeding rescue,,"unresolved_type_mismatch: label describes a precursor-feeding rescue intervention, not culture architecture"
TERM_35e897d67c82,action.intervention,feed hydroxy-fatty-acid precursor,hydroxy-fatty-acid precursor feeding,normalized
TERM_f8dceb03ec5f,state.culture_architecture,NRPS architecture,,"unresolved_type_mismatch: label describes NRPS molecular/biosynthetic architecture, not culture architecture"
TERM_196f15d5cd3d,observation.sample_matrix,VlmS sequence,,"unresolved_type_mismatch: label identifies sequence information, not an experimental sample matrix"
TERM_06d4b67b7e63,assay.method,domain analysis,domain analysis,normalized
TERM_f99144f188cb,state.culture_architecture,MIDDAS-M transcriptome-guided discovery,,"unresolved_type_mismatch: label describes a transcriptome-guided discovery/analysis workflow, not culture architecture"
TERM_6d4b2b5be77f,state.medium,cracked maize,cracked maize,normalized
TERM_820465133ca7,action.intervention,compare 28 C versus 37 C culture,temperature variation: 28 C vs 37 C,normalized
TERM_abe032b318fd,state.culture_architecture,native genetics,,"unresolved_type_mismatch: label describes a native-genetics study design, not culture architecture"
TERM_a30c09cdb254,action.intervention,delete candidate cluster genes including AFLA_094960/AFLA_095040,candidate cluster-gene deletions including AFLA_094960 and AFLA_095040,"partial: deletion intervention is clear, but raw_label indicates the named genes are not necessarily the complete candidate set"
TERM_5340d179e6fd,state.culture_architecture,forced cluster activation,,"unresolved_type_mismatch: label describes an activation strategy/experimental design, not culture architecture"
TERM_1e9b63041c55,action.intervention,express ustR,ustR expression,normalized
TERM_a7f44d30d1bc,assay.method,qPCR + LC-MS,,unresolved_composite: combines qPCR and LC-MS as distinct analytical methods
TERM_4d6344f3394c,state.culture_architecture,processing-gate experiment,,"unresolved_type_mismatch: label describes an experimental processing test, not culture architecture"
TERM_923eb22b4353,action.intervention,delete Golgi protease KexB,KexB deletion,normalized
TERM_1e028318b270,state.culture_architecture,RiPP maturation biochemistry,,"unresolved_type_mismatch: label describes a RiPP maturation biochemistry study/assay context, not culture architecture"
TERM_0cac064852c3,action.intervention,test oxidative/macrocyclization enzymes,,unresolved_type_mismatch: label describes enzyme-function testing rather than a specific intervention
TERM_b0f175c994e3,observation.sample_matrix,precursors/proteins,,unresolved_composite: combines precursor compounds and proteins as distinct material types
TERM_4adec6da57d2,assay.method,biochemistry + MS,,unresolved_composite: combines biochemical assay context and mass spectrometry
TERM_9105bb25991a,state.culture_architecture,ATM1 time-course expression,,"unresolved_type_mismatch: label describes an ATM1 expression time course, not culture architecture"
TERM_50d2af60574f,action.intervention,follow onset of toxin production,,"unresolved_type_mismatch: label describes observational tracking of toxin-production onset, not an intervention"
TERM_fe3bb54501b7,assay.method,expression + toxin assay,,unresolved_composite: combines expression analysis and toxin assay
TERM_e3fcd191bb3d,state.culture_architecture,heterologous functional assay,,"unresolved_type_mismatch: label describes a heterologous functional/complementation assay design, not culture architecture"
TERM_481a5a3cc06b,action.intervention,express A. flavus atmM/P/Q homologs in pax mutants,A. flavus atmM/atmP/atmQ homolog expression in pax mutants,normalized
TERM_849b0d821e5c,observation.sample_matrix,fungal metabolites,,"unresolved_type_mismatch: label describes metabolite analytes/material, not an experimental sample matrix"
TERM_df1c3afa339a,assay.method,LC-MS/complementation,,"unresolved_composite: combines LC-MS with complementation, which is a genetic experimental design rather than an analytical method"
TERM_acdaaeffb81f,state.culture_architecture,two-chromosome expression mapping,,"unresolved_type_mismatch: label describes expression-mapping study design, not culture architecture"
TERM_a97d5b05aea7,action.intervention,measure ATM1 and ATM2 across production onset,,"unresolved_type_mismatch: label describes a measurement plan, not an experimental intervention"
TERM_5585609646e3,assay.method,expression/metabolite analysis,,unresolved_composite: combines expression analysis and metabolite analysis
TERM_17d46e0ae363,state.culture_architecture,global regulation,,"unresolved_type_mismatch: label describes regulatory scope, not culture architecture"
TERM_e09987f36b16,action.intervention,delete veA,veA deletion,normalized
TERM_d35d689e9d2b,assay.method,expression + metabolite assay,,unresolved_composite: combines expression and metabolite assays
TERM_e8c7521c79ce,action.intervention,BcBOT2 knockout and in-trans complementation,,unresolved_composite: combines BcBOT2 knockout and in-trans complementation as distinct intervention arms
TERM_3209819c2377,state.developmental_state,secondary-metabolic growth,,unresolved_type_mismatch: secondary-metabolic production state is not a developmental state
TERM_db698050b734,action.intervention,FPP substrate feeding,FPP substrate feeding,normalized
TERM_f64788976b2d,state.developmental_state,in vitro,,"unresolved_type_mismatch: in vitro describes experimental context, not developmental state"
TERM_bb5bcc53bc3e,state.culture_architecture,native fungal culture on solid malt agar,solid culture,normalized_partial: culture-architecture component extracted; native fungal and malt-agar context remain only in raw_label
TERM_b8c913eb62c5,state.medium,malt agar,malt agar,normalized
TERM_7013e05f6469,action.intervention,BcBOT3 or BcBOT4 knockout,BcBOT3 or BcBOT4 knockout,normalized
TERM_9b14fcc73105,state.culture_architecture,native/regulatory analysis,,"unresolved_type_mismatch: label describes regulatory-analysis study design, not culture architecture"
TERM_6b379e9389c4,action.intervention,BcBot6 deletion/localization,BcBot6 deletion,normalized_partial: deletion intervention extracted; localization component remains only in raw_label
TERM_094c53689a07,state.developmental_state,growth and pathogenicity assays,,"unresolved_type_mismatch: label describes assay/readout domains, not developmental state"
TERM_7a20be195782,state.culture_architecture,RNAi-silenced native cultures,native fungal culture,normalized_partial: culture architecture extracted; RNAi-silenced state remains only in raw_label
TERM_dcb4da23922c,action.intervention,independent silencing of prx1-prx4,independent silencing of prx1-prx4,normalized
TERM_f151163cc657,state.culture_architecture,static hydrated-rice culture,hydrated-rice culture,normalized_partial: culture architecture extracted; static agitation is represented separately and remains only in raw_label here
TERM_b58a5cc44897,state.medium,hydrated rice,hydrated rice,normalized
TERM_2f8df328bae5,action.intervention,compare homologous cluster output and penicillin-cluster deletion background,penicillin-cluster deletion background,normalized_partial: intervention/background component extracted; comparative-output study design remains only in raw_label
TERM_13406a2d3c2b,action.intervention,"silence ORF5, ORF6 or ORF8","ORF5, ORF6, or ORF8 silencing",normalized
TERM_04d330d3dd8f,state.culture_architecture,niche/population comparison,,"unresolved_type_mismatch: label describes niche/population comparison, not culture architecture"
TERM_b3c763976e77,action.intervention,compare metabolite profiles and PR-cluster variants,,"unresolved_type_mismatch: label describes comparative profiling and cluster-variant analysis, not an intervention"
TERM_cadb3a5c66d1,state.developmental_state,food/spoilage-associated growth,,"unresolved_type_mismatch: food/spoilage association is ecological context, not developmental state"
TERM_df5f4e5256f1,state.culture_architecture,native transcription-factor activation,,"unresolved_type_mismatch: label describes regulatory activation, not culture architecture"
TERM_efd0057b27ba,action.intervention,overexpress pbcR/AN1599,pbcR/AN1599 overexpression,normalized
TERM_00ceb6026e4d,time.window,~44 h,~44 h,normalized
TERM_f3f9be5337a3,observation.sample_matrix,whole culture/headspace + cells,,unresolved_composite: combines whole-culture/headspace and cellular samples; distinct sample-matrix nodes are required
TERM_b71057a9ce09,assay.method,qPCR/DNA array + SPME-GC-MS,,unresolved_composite: combines qPCR/DNA-array transcript analysis with SPME-GC-MS volatile analysis; distinct assay nodes are required
TERM_3b7d5e0ef715,state.culture_architecture,product purification,,"unresolved_type_mismatch: product purification is a downstream processing procedure, not culture architecture"
TERM_318968d97c90,state.developmental_state,production culture,,"unresolved_type_mismatch: production culture describes cultivation purpose or output state, not developmental state"
TERM_539ea2708752,observation.sample_matrix,fungal biomass/extract,,unresolved_composite: combines fungal biomass and extract as distinct sample matrices
TERM_36127e2103cf,assay.method,accelerated solvent extraction + HPLC + GC-MS + NMR,,"unresolved_composite: combines accelerated solvent extraction with HPLC, GC-MS, and NMR; sample preparation and assay methods require separate nodes"
TERM_382d464a942b,state.culture_architecture,comparative biochemical analysis,,"unresolved_type_mismatch: comparative biochemical analysis is a study/assay design, not culture architecture"
TERM_2df8b0987e65,state.developmental_state,recombinant expression,,"unresolved_type_mismatch: recombinant expression is an engineering or expression strategy, not developmental state"
TERM_9608b7ec94bb,assay.method,GC-MS against authentic standards,GC-MS with authentic standards,normalized
TERM_f25099ecb9ad,state.culture_architecture,background-suppressed cluster reactivation,,"unresolved_type_mismatch: background-suppressed cluster reactivation is an engineering or activation strategy, not culture architecture"
TERM_0f9e98141c48,state.developmental_state,modified alcA promoter drives PbcR; delete pbcA or pbcB for attribution,,unresolved_composite: combines promoter-driven PbcR expression with alternative pbcA/pbcB deletions and is not a developmental state
TERM_ef985ce6bb74,assay.method,LC-MS + NMR + gene deletion,,unresolved_composite: combines LC-MS and NMR assays with a gene-deletion intervention
TERM_6ea90f76878d,state.culture_architecture,PCR genome walking + cDNA-supported cluster cloning,,"unresolved_type_mismatch: PCR genome walking and cDNA-supported cluster cloning are molecular mapping/cloning procedures, not culture architecture"
TERM_a405ae204b4c,action.intervention,clone region around PbACS,PbACS-region cloning,normalized
TERM_761817f652f1,state.developmental_state,mycelial culture,mycelial growth,normalized_partial: developmental-state component extracted; culture framing remains only in raw_label
TERM_f56a7c90ec76,observation.sample_matrix,genomic DNA/cDNA,,unresolved_composite: combines genomic DNA and cDNA as distinct sample matrices
TERM_b2936e0b6074,assay.method,"PCR, sequencing, cDNA analysis",,"unresolved_composite: combines PCR, sequencing, and cDNA analysis as multiple molecular assay methods"
TERM_00b0c1a2dd86,state.culture_architecture,stepwise total biosynthesis reconstruction,,"unresolved_type_mismatch: stepwise total biosynthesis reconstruction is an experimental design, not culture architecture"
TERM_b07acade1e9c,state.medium,starch-inducible expression system,,"unresolved_type_mismatch: starch-inducible expression system describes a regulatory expression system, not a medium"
TERM_014683e41719,action.intervention,express PbGGS/PbACS ± PbP450-1 ± PbP450-2,PbGGS/PbACS/PbP450-1/PbP450-2 combinatorial expression,normalized
TERM_6fb85a464527,state.developmental_state,filamentous culture,filamentous growth,normalized_partial: developmental-state component extracted; culture framing remains only in raw_label
TERM_d0bfc3b4c8db,assay.method,chromatographic/spectrometric product analysis,,unresolved_composite: chromatographic and spectrometric product analysis combines multiple analytical method classes without sufficient specificity for one canonical assay
TERM_6fe5e72949c0,state.culture_architecture,minimal scaffold reconstruction,,unreviewed
TERM_226eb601f090,action.intervention,express PbGGS + PbACS,,unreviewed
TERM_a6f7b8b87ea6,state.developmental_state,yeast culture,,unreviewed
TERM_9ede5830ee24,observation.sample_matrix,metabolite extract,,unreviewed
TERM_622134d1ab9a,assay.method,product analysis,,unreviewed
TERM_d6c1bc43bc06,state.culture_architecture,subcellular localization/functional perturbation,,unreviewed
TERM_4282098d1209,action.intervention,"GFP fusions, protease protection, delete P450 transmembrane domains",,unreviewed
TERM_8f910164d2d0,assay.method,"fluorescence microscopy, protease protection, metabolite assay",,unreviewed
TERM_3423ac834dbb,state.culture_architecture,late-pathway intermediate trapping,,unreviewed
TERM_064685dd52b5,action.intervention,P450 inhibitor treatment and isotope-feeding experiments,,unreviewed
TERM_8929e994281b,state.developmental_state,mycelia,,unreviewed
TERM_0f773057cbf2,assay.method,"spectroscopy, chemical transformations, isotope feeding",,unreviewed
TERM_148d7c653ec1,action.intervention,delete candidate genes across both loci,,unreviewed
TERM_e13028e9d06f,state.culture_architecture,native fungal culture with targeted gene deletions,,unreviewed
TERM_62ebe053280f,action.intervention,deletion of pathway genes across two separate clusters,,unreviewed
TERM_9b4c5184e616,observation.sample_matrix,fungal culture extracts,,unreviewed
TERM_3692b499c04b,assay.method,metabolite profiling plus structural/biochemical analysis,,unreviewed
TERM_d967aad11f47,state.culture_architecture,native regulatory perturbation / expression analysis,,unreviewed
TERM_7839bab6ae59,action.intervention,analysis of three pathway transcription factors,,unreviewed
TERM_a643717e7699,observation.sample_matrix,RNA/expression and metabolite context,,unreviewed
TERM_2b6d499d8f9c,assay.method,transcriptional analysis with metabolite readout,,unreviewed
TERM_518fcc39b261,state.culture_architecture,heterologous reconstruction of core branch enzymes,,unreviewed
TERM_4ec8a89fa668,action.intervention,co-expression of core synthases from each pathway branch,,unreviewed
TERM_5134ce1cdf39,observation.sample_matrix,heterologous metabolites,,unreviewed
TERM_c24ce542b80c,assay.method,metabolite identification / biochemical reconstruction,,unreviewed
TERM_0a858da425fd,state.culture_architecture,natural-producer genome mining / pathway-source strain,,unreviewed
TERM_f5d703713e49,state.culture_architecture,heterologous PfpA expression,,unreviewed
TERM_63a8ae8cdfd5,state.culture_architecture,heterologous PfpA + PfpB coexpression,,unreviewed
TERM_d3638bbf009d,state.culture_architecture,heterologous PfpA-PfpC coexpression,,unreviewed
TERM_ae0716274ef3,state.culture_architecture,expanded pfp-cluster heterologous reconstruction with oxidative tailoring genes; LC-MS and structural analysis,,unreviewed
TERM_907cf2fb466b,state.culture_architecture,engineered native background,,unreviewed
TERM_7b9e8bb9405a,action.intervention,abolish dominant aurovertin production,,unreviewed
TERM_7c4d52fec8be,action.intervention,overexpress pathway-specific zinc-finger regulator,,unreviewed
TERM_8377f8425d44,observation.sample_matrix,culture extract / purified MCA17-1,,unreviewed
TERM_c34734d4c6a3,assay.method,metabolite profiling + structural characterization,,unreviewed
TERM_8abf9cac4048,state.culture_architecture,native targeted knockouts,,unreviewed
TERM_6c7b231c6523,action.intervention,delete individual swn genes,,unreviewed
TERM_9032635fde70,state.culture_architecture,heterologous core-enzyme expression,,unreviewed
TERM_4f3fbb73f012,action.intervention,express SwnK with precursor supply,,unreviewed
TERM_a562ac36bc45,observation.sample_matrix,extracts,,unreviewed
TERM_43d68c9cbfc0,assay.method,MS/structure analysis,,unreviewed
TERM_6a06ba2885fe,state.culture_architecture,native substrate feeding,,unreviewed
TERM_051f586abe89,action.intervention,feed candidate intermediates/precursors,,unreviewed
TERM_0736c85ce4d8,state.developmental_state,mutant state,,unreviewed
TERM_b75398ee934a,state.culture_architecture,plant colonization / insect infection bioassays,,unreviewed
TERM_3d409663f75a,action.intervention,compare SW-producing and SW-deficient strains,,unreviewed
TERM_a0eede99ac79,state.developmental_state,host-interaction state,,unreviewed
TERM_704a8c79e4f5,time.window,assay window,,unreviewed
TERM_552855727d6b,observation.sample_matrix,plant/insect phenotypes,,unreviewed
TERM_e1da8b5dabf1,assay.method,colonization/infection bioassay,,unreviewed
TERM_5b9a87824b2d,state.culture_architecture,native targeted knockout metabolomics,,unreviewed
TERM_500f4d1861ce,state.medium,GMM/YAG/LCMM screening media,,unreviewed
TERM_9811518466e6,action.intervention,delete ATEG_00700/atqA,,unreviewed
TERM_461b48492558,state.developmental_state,laboratory producer state,,unreviewed
TERM_e0ae33abd18e,observation.sample_matrix,ethyl-acetate extracts,,unreviewed
TERM_f5e4ff3cdafb,state.medium,GMM/YAG/LCMM screening framework,,unreviewed
TERM_e2a2a75d70fa,action.intervention,delete ATEG_10305/anaPS,,unreviewed
TERM_1086500226db,action.intervention,delete ATEG_02815/btyA,,unreviewed
TERM_98880eb23457,action.intervention,delete ATEG_02004/apvA,,unreviewed
TERM_074d96688b87,state.culture_architecture,heterologous AnATPKS ± AnOMT reconstruction,,unreviewed
TERM_cce0a920180f,action.intervention,express AnATPKS and AnOMT combinations,,unreviewed
TERM_64a67b885c29,state.medium,defined substrate/SAM reaction,,unreviewed
TERM_282abcd722c1,action.intervention,incubate pathway intermediates with AnOMT + SAM,,unreviewed
TERM_11c0a50eb055,time.window,30 min,,unreviewed
TERM_254eeb0564ab,state.culture_architecture,substrate-specificity assay + precursor feeding,,unreviewed
TERM_85b89b73b53a,state.medium,defined biochemical panel / fungal culture,,unreviewed
TERM_099a67df6b14,action.intervention,test substituted phenylalanines,,unreviewed
TERM_ae45dd481144,observation.sample_matrix,enzyme reactions and culture extracts,,unreviewed
TERM_fb08f7de2f57,assay.method,adenylation assay + HPLC,,unreviewed
TERM_390220403b90,state.culture_architecture,in-vitro biochemical characterization,,unreviewed
TERM_1d046a3bb52f,state.medium,defined betaine-substrate reactions,,unreviewed
TERM_623ac282da1e,action.intervention,test glycine betaine and analogues,,unreviewed
TERM_28e535740156,observation.sample_matrix,reaction mixtures,,unreviewed
TERM_57f0b50e18ef,assay.method,adenylation/enzyme-coupled assays,,unreviewed
TERM_cd95bdab0059,state.culture_architecture,solid minimal-medium knockout phenotype,,unreviewed
TERM_45c1f94159de,state.medium,MM ± glycine betaine/choline,,unreviewed
TERM_5ce70f3b82be,action.intervention,delete atrr and supplement metabolites,,unreviewed
TERM_44afc458fab9,observation.sample_matrix,colony growth,,unreviewed
TERM_ed60c44c2544,assay.method,growth phenotype / chemical complementation,,unreviewed
TERM_d9441e02854c,state.culture_architecture,heterologous expression / purified-enzyme characterization,,unreviewed
TERM_e6cb10ccde77,state.medium,defined aromatic α-keto-acid assays,,unreviewed
TERM_1a28eabf7c10,action.intervention,express and purify GreA,,unreviewed
TERM_5919d53e087e,assay.method,ATP-PPi exchange + product analysis,,unreviewed
TERM_856071b57a07,state.culture_architecture,native CRISPR/Cas9 epigenetic perturbation,,unreviewed
TERM_26a1fc53ec2e,action.intervention,delete histone-deacetylase-encoding PbhdaA,,unreviewed
TERM_05a2fa665a54,state.developmental_state,epigenetically derepressed state,,unreviewed
TERM_3e099c3be3cb,observation.sample_matrix,culture extracts + RNA,,unreviewed
TERM_64c59c724009,assay.method,HPLC + transcription analysis,,unreviewed
TERM_0f70ea27ebfa,state.culture_architecture,native targeted pathway genetics,,unreviewed
TERM_b4623d974f7d,action.intervention,"delete brsA, brsH, brsD or brsJ in derepressed background",,unreviewed
TERM_81514302a5b6,state.developmental_state,activated pathway state,,unreviewed
TERM_17136fb623cc,assay.method,HPLC/metabolite profiling,,unreviewed
TERM_8e78c1a253ea,state.culture_architecture,in-vitro NRPS reconstitution,,unreviewed
TERM_b917254d9af0,state.medium,defined biochemical reaction,,unreviewed
TERM_74df339cf3b8,action.intervention,test amino-acid substrate specificity,,unreviewed
TERM_c07c84a40f1a,assay.method,enzymatic assay,,unreviewed
TERM_55b7525fb35e,state.culture_architecture,in-vitro α-KG-dependent dioxygenase assay,,unreviewed
TERM_95c50c8ac844,action.intervention,incubate pathway substrate with BrsJ under α-KG/nonheme-iron conditions,,unreviewed
TERM_3f14337ffa41,assay.method,enzymatic product analysis,,unreviewed
TERM_5f763aa269aa,state.culture_architecture,native expression analysis,,unreviewed
TERM_30b67524395a,action.intervention,compare wild type and ΔPbhdaA,,unreviewed
TERM_19e88c78b985,state.developmental_state,wild-type vs derepressed,,unreviewed
TERM_fea76ba581c7,assay.method,gene-expression quantification,,unreviewed
TERM_9c85dcc0782a,state.culture_architecture,native transcript analysis,,unreviewed
TERM_97bb3c31b29d,action.intervention,profile Omp6/Omp7 and neighboring genes during growth,,unreviewed
TERM_24fb0026058b,time.window,growth series,,unreviewed
TERM_afca26e0be8a,assay.method,gene-expression analysis,,unreviewed
TERM_46cd4ec169e5,state.culture_architecture,heterologous/purified enzyme assay,,unreviewed
TERM_14268dc686d4,state.medium,defined FPP reaction,,unreviewed
TERM_b64bc311e1c6,action.intervention,express and assay sesquiterpene synthase,,unreviewed
TERM_2f5df071ce32,state.developmental_state,purified/recombinant enzyme,,unreviewed
TERM_3a969b94e46d,assay.method,GC-MS/product analysis,,unreviewed
TERM_d360621a71bb,state.culture_architecture,heterologous SmbA+SmbB reconstruction,,unreviewed
TERM_350bc96de8db,state.medium,fungal expression medium,,unreviewed
TERM_7ddbc69cfd88,action.intervention,coexpress F. commune smbA/smbB,,unreviewed
TERM_24d2485d02a5,assay.method,LC-MS/isolation/NMR,,unreviewed
TERM_dafbfd33b584,state.culture_architecture,stepwise smb reconstruction including SmbE,,unreviewed
TERM_ce89a457b508,action.intervention,add smbE to upstream pathway genes,,unreviewed
TERM_8617111e25af,assay.method,LC-MS/isolation/MicroED,,unreviewed
TERM_0dd68738721f,state.culture_architecture,stepwise smb reconstruction including SmbF,,unreviewed
TERM_8c95eabfdded,action.intervention,add smbF,,unreviewed
TERM_7025054756bc,assay.method,LC-MS/isolation,,unreviewed
TERM_e35108f45f1a,state.culture_architecture,in-vitro methyltransferase assay,,unreviewed
TERM_176a45272d1d,action.intervention,assay N-demethylsambutoxin methylation,,unreviewed
TERM_94ecad7118c2,time.window,kinetic endpoint,,unreviewed
TERM_a2b2450b527f,assay.method,enzyme kinetics/product analysis,,unreviewed
TERM_e5e5af30e33b,state.culture_architecture,gene-source validation,,unreviewed
TERM_00aa11add2b2,action.intervention,clone conserved smb genes for A. nidulans reconstitution,,unreviewed
TERM_deedcf2aec58,state.developmental_state,native DNA source / engineered expression,,unreviewed
TERM_84df5748a2ae,observation.sample_matrix,genomic DNA and heterologous products,,unreviewed
TERM_e08aa5142bcd,assay.method,cloning + metabolite analysis,,unreviewed
TERM_b65c6c05f299,state.culture_architecture,stepwise bisA-bisK pathway reconstruction,,unreviewed
TERM_a6e83c8110c7,action.intervention,express bis gene combinations,,unreviewed
TERM_0c562296356a,state.culture_architecture,precursor-feeding experiments,,unreviewed
TERM_02374a60e086,action.intervention,feed prenyl-aromatic intermediates/substrates,,unreviewed
TERM_a5fc8368b1e0,assay.method,LC-MS/product analysis,,unreviewed
TERM_a348e215be49,state.culture_architecture,in-vitro/biochemical alkynylation assay,,unreviewed
TERM_1e4caabc1123,state.medium,defined prenyl substrates,,unreviewed
TERM_13b4b1c631ea,action.intervention,test BisI alkynylation on C5 and C15 prenyl chains,,unreviewed
TERM_7990c6edd4ad,state.developmental_state,purified/defined enzyme context,,unreviewed
TERM_0b0255dd70b8,state.culture_architecture,purified laccase oxidative-coupling assay,,unreviewed
TERM_f1553227abc7,state.medium,defined γ-naphthopyrone substrate,,unreviewed
TERM_b89dd28ffbde,action.intervention,incubate substrate with AshL,,unreviewed
TERM_70c6fd5a3c90,assay.method,chiral product analysis,,unreviewed
TERM_bd4d1c17d891,state.culture_architecture,comparative in-vitro stereoselectivity assay,,unreviewed
TERM_73710f52f5b1,state.medium,defined substrate/reaction conditions,,unreviewed
TERM_60988bec3e56,action.intervention,compare laccase identity and concentration,,unreviewed
TERM_8562e7b14f6d,state.developmental_state,purified enzymes,,unreviewed
TERM_2337dbca1884,state.culture_architecture,pathway reconstruction / substrate-production context,,unreviewed
TERM_cd8e5b65b197,action.intervention,generate naphthopyrone monomer and couple enzymatically,,unreviewed
TERM_920be8fca8a1,state.developmental_state,engineered/biochemical state,,unreviewed
TERM_f31c340c790f,observation.sample_matrix,products,,unreviewed
TERM_99d5372c7c58,assay.method,structure/chiral analysis,,unreviewed
TERM_63024320b0b0,state.culture_architecture,pvhA+C reconstruction,,unreviewed
TERM_851b320eb0b1,action.intervention,express pvhA+pvhC,,unreviewed
TERM_f9cbb779559b,state.culture_architecture,pvhA+C+E reconstruction,,unreviewed
TERM_3424144a5aed,action.intervention,add PvhE,,unreviewed
TERM_89e48accc4c8,state.culture_architecture,full pvhA-E reconstruction / pvhD omission,,unreviewed
TERM_3ec4ee06a0e5,action.intervention,express full core or omit pvhD,,unreviewed
TERM_2e4914499ff9,state.culture_architecture,in-vitro Diels–Alderase kinetics,,unreviewed
TERM_a5ac1fa3636a,state.medium,defined substrates 6 or 7,,unreviewed
TERM_6759994759b1,action.intervention,assay IMDA conversion,,unreviewed
TERM_40a17316f5bc,time.window,12 h / kinetic series,,unreviewed
TERM_11bc8c6fc088,assay.method,product analysis + kinetics,,unreviewed
TERM_c5191027fc56,state.culture_architecture,two-gene pathway reconstruction,,unreviewed
TERM_989b1a02607c,action.intervention,express Pc20g10860 ± Pc20g10870,,unreviewed
TERM_2ed3dd3c3b3d,assay.method,product isolation/NMR,,unreviewed
TERM_0ce2603e5202,state.culture_architecture,in-vitro 13C-labeled GGPP cyclization study,,unreviewed
TERM_ed9d92fea5ce,state.medium,defined substrate reaction,,unreviewed
TERM_46ea65282ecb,action.intervention,use 13C-labeled substrates,,unreviewed
TERM_1c55547031d3,state.developmental_state,purified/defined enzyme,,unreviewed
TERM_6a1b896f983d,observation.sample_matrix,reaction product,,unreviewed
TERM_e0953554aba5,assay.method,13C NMR + mechanistic analysis,,unreviewed
TERM_ccb3771e1415,state.culture_architecture,oxidation reconstruction,,unreviewed
TERM_3df46fc619d2,action.intervention,coexpress cyclase and P450,,unreviewed
TERM_fa1dac1661aa,assay.method,LC/NMR product analysis,,unreviewed
TERM_280e46fb49aa,state.culture_architecture,native comparative genetics/transcriptomics,,unreviewed
TERM_fbc04fb03a5c,state.medium,standard yeast culture; exact medium varies by assay,,unreviewed
TERM_0e828e52d894,action.intervention,spontaneous snf2 premature-stop mutation,,unreviewed
TERM_20b3d54f8464,state.developmental_state,vegetative yeast state,,unreviewed
TERM_1d332f8592e7,time.window,endpoint/transcriptomic comparison,,unreviewed
TERM_e3718008f23f,observation.sample_matrix,RNA + culture phenotype,,unreviewed
TERM_fb6762a1a276,assay.method,RNA-seq / transcript counts,,unreviewed
TERM_b298865e77f8,state.culture_architecture,native genetic complementation,,unreviewed
TERM_89099447fb95,action.intervention,restore wild-type SNF2,,unreviewed
TERM_9beeebd194af,state.developmental_state,complemented state,,unreviewed
TERM_0951d2b96b59,observation.sample_matrix,colony phenotype + antagonism assays,,unreviewed
TERM_1e72a13bc133,assay.method,pigmentation and competition/bioassays,,unreviewed
TERM_02b05c81e2f4,state.culture_architecture,native metabolomics,,unreviewed
TERM_da5b4ea4666f,action.intervention,compare genotype-dependent metabolite production,,unreviewed
TERM_4b14805e051c,state.developmental_state,WT / mutant / complemented,,unreviewed
TERM_dbbcbde48b71,assay.method,UPLC-HR-HESI-MS + labeling/feeding experiments,,unreviewed
TERM_c10cb0d20eec,state.culture_architecture,plate competition and fruit bioassays,,unreviewed
TERM_9e1ca5c5b7d1,state.medium,assay-specific,,unreviewed
TERM_6d1d55fc48ba,action.intervention,challenge plant-pathogenic fungi,,unreviewed
TERM_67007368b4a9,state.developmental_state,antagonistic biocontrol state,,unreviewed
TERM_b95452c81b41,observation.sample_matrix,fungal growth / fruit disease phenotype,,unreviewed
TERM_20fc8e4281f6,assay.method,competition and biocontrol assays,,unreviewed
TERM_5014625af725,state.culture_architecture,labeling and feeding analysis,,unreviewed
TERM_8e724564e320,state.medium,defined precursor-feeding context,,unreviewed
TERM_7f6b04e88309,action.intervention,stable-isotope/precursor feeding,,unreviewed
TERM_62a788164521,state.developmental_state,metabolic tracing state,,unreviewed
TERM_6eba7af09814,assay.method,UPLC-HR-HESI-MS,,unreviewed
TERM_b9fc75992753,state.culture_architecture,native deletion genetics under conidiation,,unreviewed
TERM_2bb83da95175,action.intervention,delete melA or tyrP,,unreviewed
TERM_f9594aec03aa,observation.sample_matrix,conidia/pigment,,unreviewed
TERM_3e201d58f42b,assay.method,pigmentation and chemical/functional phenotyping,,unreviewed
TERM_e744ad6d91d2,state.culture_architecture,heterologous/in-vitro reconstitution,,unreviewed
TERM_cdf6474f5146,state.medium,defined 4-HPPA reaction,,unreviewed
TERM_5a32e7ea813a,action.intervention,express/assay MelA,,unreviewed
TERM_9f71c55ac592,state.developmental_state,purified/engineered state,,unreviewed
TERM_f020fc715fb4,state.culture_architecture,in-vitro/heterologous pigment reconstitution,,unreviewed
TERM_c27c0afea1af,state.medium,defined aspulvinone E oxidation context,,unreviewed
TERM_f06e7abc0ab3,action.intervention,add TyrP to aspulvinone-E pathway,,unreviewed
TERM_294153b4ab42,observation.sample_matrix,reaction/pigment products,,unreviewed
TERM_88e09848c3ad,assay.method,chemical/pigment analysis,,unreviewed
TERM_dc822adcfd79,state.culture_architecture,UV survival assay,,unreviewed
TERM_780eb9058e81,action.intervention,UV exposure,,unreviewed
TERM_2ba1214907c6,assay.method,survival/stress phenotyping,,unreviewed
TERM_44d8ab90c9ca,state.culture_architecture,soil-amoeba interaction/phagocytosis assay,,unreviewed
TERM_db5d87c5d98d,action.intervention,amoebal challenge,,unreviewed
TERM_9a0e1aa05342,observation.sample_matrix,amoeba-conidia interactions,,unreviewed
TERM_3832aa4fd5fb,assay.method,phagocytosis/acidification phenotyping,,unreviewed
TERM_886a6d05e76c,action.intervention,delete ctdQ,,unreviewed
TERM_1035eb39f459,state.culture_architecture,native mutant fermentation,,unreviewed
TERM_7453f9ca0b7c,action.intervention,delete ctdU or ctdE,,unreviewed
TERM_80fe886d5fe4,assay.method,"LC-MS, NMR, ECD, X-ray",,unreviewed
TERM_b7378a9ea1c0,state.culture_architecture,defined biochemical assay,,unreviewed
TERM_98fbdac653ce,state.medium,Tris-HCl pH 7.6; substrate 2 or 3; NADH/NADPH; FAD,,unreviewed
TERM_8a35681b16ed,action.intervention,CtdE incubation,,unreviewed
TERM_263584b5079c,time.window,2 h example assay,,unreviewed
TERM_06055763db1d,assay.method,LC-MS/product isolation,,unreviewed
TERM_b2d7b8c4436f,state.culture_architecture,structural/mechanistic study,,unreviewed
TERM_14363bc9690d,state.medium,defined crystallization/assay conditions,,unreviewed
TERM_e1cfd3a85f12,action.intervention,substrate/cofactor complex crystallography + mutagenesis + MD/DFT,,unreviewed
TERM_cc2abe343e72,state.developmental_state,purified protein,,unreviewed
TERM_da3cab6b433c,observation.sample_matrix,protein crystals / modeled reaction,,unreviewed
TERM_cb4b8e35bf1b,assay.method,"X-ray crystallography, mutagenesis, computation",,unreviewed
TERM_7343b431da47,state.culture_architecture,native fungal culture / comparative metabolomics,,unreviewed
TERM_9dcad346df9a,action.intervention,culture and isolate secondary metabolites,,unreviewed
TERM_b251a14d930a,assay.method,"LC-MS, NMR, Mosher, ECD/computational structure analysis",,unreviewed
TERM_91749a79c8fc,state.culture_architecture,genome mining + expression comparison,,unreviewed
TERM_f7b9132f5855,action.intervention,identify candidate cls locus and correlate expression,,unreviewed
TERM_d7061c005c3e,time.window,comparative,,unreviewed
TERM_2e059af700c3,observation.sample_matrix,genome/transcript context,,unreviewed
TERM_92f658e6b885,assay.method,"antiSMASH, BLAST/domain analysis, gene expression",,unreviewed
TERM_948dd9490fcd,state.culture_architecture,conserved DDP core reconstruction,,unreviewed
TERM_941fbc115514,state.medium,fungal heterologous-expression medium,,unreviewed
TERM_1e7d07ec8671,action.intervention,express dpasA/C/D then add conserved B/E orthologues,,unreviewed
TERM_ab4e46788a1f,assay.method,HPLC + isolation + spectral analysis,,unreviewed
TERM_557947c206db,state.culture_architecture,Metarhizium branch reconstruction,,unreviewed
TERM_cbd19ab2d6e4,action.intervention,add dpmaF/SubF-class BBE oxidoreductase,,unreviewed
TERM_3a8fcaf9a33f,assay.method,HPLC + purification + spectral identification,,unreviewed
TERM_ebb12de8d5ed,state.culture_architecture,cell-growth bioactivity assay,,unreviewed
TERM_5be8a4a4def2,action.intervention,dose subglutinol A,,unreviewed
TERM_166a41da1326,state.developmental_state,cultured cells,,unreviewed
TERM_068af85fcf1a,observation.sample_matrix,cells,,unreviewed
TERM_402af4cc0aea,assay.method,growth/viability assay,,unreviewed
TERM_0189cb48d2df,state.culture_architecture,acute injection assay,,unreviewed
TERM_021d7043c910,action.intervention,inject 3.5 ng subglutinol A per fly,,unreviewed
TERM_97d657c91b84,state.developmental_state,adult,,unreviewed
TERM_92cdcc78268c,time.window,1 h,,unreviewed
TERM_eeab91b2e680,observation.sample_matrix,whole animal,,unreviewed
TERM_46e604d148f6,assay.method,movement/paralysis scoring,,unreviewed
TERM_0abe40b42f63,state.culture_architecture,stepwise heterologous pathway reconstruction,,unreviewed
TERM_36b75cd58573,action.intervention,reconstitute dpfgA-E common core and add dpfgG-K sequentially,,unreviewed
TERM_04f72ae0f6ec,assay.method,HPLC/isolation/NMR,,unreviewed
TERM_4611b64f2de7,state.culture_architecture,CRISPR-Cas9 gene editing,,unreviewed
TERM_7aa5b7432d6f,state.medium,native culture,,unreviewed
TERM_eb87c3a15e17,action.intervention,disrupt C16 polyketide synthase,,unreviewed
TERM_c12bae3fa21c,state.developmental_state,native vegetative culture,,unreviewed
TERM_7db2b75bf80e,assay.method,UHPLC-HRMS + targeted MS2,,unreviewed
TERM_ff0ebda14dad,action.intervention,disrupt C16 terpene synthase,,unreviewed
TERM_921e5c839e91,state.culture_architecture,growth-chamber infection trial,,unreviewed
TERM_50310ae89cc8,state.medium,plant infection,,unreviewed
TERM_acf0785ebb67,action.intervention,inoculate wheat heads with F. graminearum,,unreviewed
TERM_8cfaf4acb58f,state.developmental_state,infection state,,unreviewed
TERM_d3f2c85401f7,observation.sample_matrix,wheat-head extracts,,unreviewed
TERM_93f14f023356,assay.method,UHPLC-HRMS/targeted MS,,unreviewed
TERM_aa7c9bd4ec90,action.intervention,reconstitute common DDP core and add dpchG/H/F,,unreviewed
TERM_5e3ed22324d5,state.culture_architecture,native chromatin-remodeling mutant fermentation,,unreviewed
TERM_b82a0d4a3d45,state.medium,liquid culture with in-situ solid-phase extraction,,unreviewed
TERM_90e9d7150e1c,state.developmental_state,chromatin-derepressed state,,unreviewed
TERM_c3a5484d14fe,state.culture_architecture,purified higginsianin B signalling assay,,unreviewed
TERM_c91ae485b9ee,state.medium,seedling assay,,unreviewed
TERM_44d3d480dccf,action.intervention,pretreat with higginsianin B before MeJA/JA-Ile signalling readouts,,unreviewed
TERM_0fd62823fd61,state.developmental_state,seedling,,unreviewed
TERM_8a41f5e7059a,time.window,1 h pretreatment; downstream 24 h reporter in screening assay,,unreviewed
TERM_8f7c13aa8146,observation.sample_matrix,seedlings/protein reporters,,unreviewed
TERM_cc7424549526,assay.method,"Jas9-VENUS, VSP1p:GUS and proteasome activity assays",,unreviewed
TERM_f77c0afecda3,state.culture_architecture,higginsianin D/E antiproliferative assay,,unreviewed
TERM_494b98a86779,action.intervention,dose purified higginsianins D/E,,unreviewed
TERM_40c532315b4b,assay.method,antiproliferative assay,,unreviewed
TERM_aacf2b6a59b8,state.culture_architecture,PacBio whole-genome sequencing and annotation,,unreviewed
TERM_7d3c019d80ce,action.intervention,assemble genome and annotate protein-coding genes,,unreviewed
TERM_c81329b58fc3,state.developmental_state,genomic state,,unreviewed
TERM_3c4c88ce61fb,assay.method,PacBio + genome annotation,,unreviewed
TERM_1c94dd3b0723,state.culture_architecture,comparative ETP-cluster mining,,unreviewed
TERM_012e49d19c3c,action.intervention,"tBLASTn using genes from aspirochlorine, sirodesmin PL and gliotoxin clusters",,unreviewed
TERM_9c75543cec8a,state.developmental_state,in-silico genomic analysis,,unreviewed
TERM_115317dc538b,assay.method,homology search/functional annotation,,unreviewed
TERM_8c4822d7acce,state.culture_architecture,native partial enzyme purification plus E. coli heterologous assay,,unreviewed
TERM_7adf0c3d9ad9,state.temperature_C,22,,unreviewed
TERM_2d351ae87c40,action.intervention,assay Pro1 with FPP,,unreviewed
TERM_d5247aec4809,assay.method,radiometric/GC product analysis,,unreviewed
TERM_97cc13f276d2,state.culture_architecture,whole-cell heterologous CYP substrate-feeding assay,,unreviewed
TERM_39196cb94d47,state.medium,galactose-induction medium,,unreviewed
TERM_f75d34545781,action.intervention,express CYP-Arm1–4 individually with TcCPR and feed 6-protoilludene,,unreviewed
TERM_9e59ec5cb838,state.developmental_state,engineered yeast,,unreviewed
TERM_8c7581ffa1e6,observation.sample_matrix,culture/reaction extracts,,unreviewed
TERM_5a0db8ac28e5,assay.method,radio-TLC/GC-MS/product analysis,,unreviewed
TERM_3522e4007edb,state.culture_architecture,engineered fermentation / product purification,,unreviewed
TERM_5222c74a1470,state.medium,galactose-induced production medium,,unreviewed
TERM_f0b32aede09b,action.intervention,"coexpress Pro1, CYP-Arm3, TcCPR with enhanced mevalonate flux",,unreviewed
TERM_dddaac828eda,observation.sample_matrix,clarified culture supernatant,,unreviewed
TERM_457630859e79,assay.method,GC/MS + NMR,,unreviewed
TERM_744013bd4634,state.culture_architecture,in-vitro terpene cyclase substrate generation,,unreviewed
TERM_f0ac8084e701,action.intervention,convert FPP to 6-protoilludene,,unreviewed
TERM_431469d3efb1,assay.method,GC/MS / prior enzyme characterization,,unreviewed
TERM_b4a52e154b0b,state.culture_architecture,native fungal fermentation + targeted deletion-guided metabolite isolation,,unreviewed
TERM_8d5266e568df,state.medium,solid fermentation / isolation conditions,,unreviewed
TERM_ac9df3a05a1e,action.intervention,delete the BFTS gene ssk6/BsPS,,unreviewed
TERM_558efc16df6d,time.window,endpoint after fermentation,,unreviewed
TERM_5d1ed119cb39,assay.method,"LC-MS, isolation, NMR/HRMS",,unreviewed
TERM_4114600523d2,state.culture_architecture,BFTS heterologous/in-vitro catalytic assay,,unreviewed
TERM_4a812a73dbc3,state.medium,defined terpene-precursor system,,unreviewed
TERM_f044a272fb61,action.intervention,express/assay BsPS and homologous BFTSs,,unreviewed
TERM_3f51b8374654,state.developmental_state,recombinant enzyme,,unreviewed
TERM_1abbc7ca9812,assay.method,GC-MS/structure analysis,,unreviewed
TERM_8fadc8187992,state.culture_architecture,native metabolite isolation,,unreviewed
TERM_99fce63479c9,state.medium,solid culture,,unreviewed
TERM_80b67b0454b8,action.intervention,wild-type fermentation and targeted compound isolation,,unreviewed
TERM_7c7583ad87ab,assay.method,NMR/HRMS + bioactivity assay,,unreviewed
TERM_e4ab8143d134,state.culture_architecture,in-vitro anti-inflammatory assay,,unreviewed
TERM_873c9d4d76bd,action.intervention,LPS challenge + 10 µM isolated compounds,,unreviewed
TERM_7a3aaf40a023,state.developmental_state,stimulated cells,,unreviewed
TERM_5928ecff014e,observation.sample_matrix,cell supernatant,,unreviewed
TERM_b8391de7862c,assay.method,NO-production inhibition assay,,unreviewed
TERM_5e7afd4afe9e,state.culture_architecture,de-novo genome sequencing + PKS mining,,unreviewed
TERM_eb0a10094ed6,action.intervention,screen annotated PKSs for predicted usnic-acid domain requirements and oxidative neighbor,,unreviewed
TERM_e69a98e60cca,state.developmental_state,genome analysis,,unreviewed
TERM_670e7c7348d2,observation.sample_matrix,genome assembly,,unreviewed
TERM_c9f74ffeed19,assay.method,domain annotation + phylogeny,,unreviewed
TERM_36c3b4f69636,state.culture_architecture,native expression/product co-occurrence,,unreviewed
TERM_ddaf1f54deaf,action.intervention,assay mpas/mpao transcripts and usnic acid in the same production context,,unreviewed
TERM_1055ffc90370,state.developmental_state,lichenized thallus,,unreviewed
TERM_816ed4b56520,observation.sample_matrix,RNA + lichen extract,,unreviewed
TERM_a0c2de3ec7c2,assay.method,RT-PCR + HPLC,,unreviewed
TERM_e806ba6a29e1,state.culture_architecture,phylogenetic/domain-context analysis,,unreviewed
TERM_7538b8599efc,action.intervention,compare candidate PKS to lichen nrPKSs,,unreviewed
TERM_5453ec4f34d3,state.developmental_state,in-silico,,unreviewed
TERM_072df787a396,time.window,analysis,,unreviewed
TERM_2f8d76d31a1a,observation.sample_matrix,protein sequences,,unreviewed
TERM_b30081fc1d2a,assay.method,phylogenetics/domain architecture,,unreviewed
TERM_c44407056a2c,state.culture_architecture,native submerged fermentation,,unreviewed
TERM_3e87b25927e9,state.medium,PDB in artificial seawater,,unreviewed
TERM_e185551abf27,action.intervention,7–14-day fermentation,,unreviewed
TERM_601dc6f7b683,time.window,7–14 days,,unreviewed
TERM_f3596957003f,observation.sample_matrix,medium + mycelial EtOAc extracts,,unreviewed
TERM_e0febaae9266,assay.method,HPLC/HRMS/NMR/X-ray,,unreviewed
TERM_2bcb0c487f1e,state.culture_architecture,solution-phase chemical interconversion assays,,unreviewed
TERM_cf75dc830cd0,state.medium,aqueous buffers and organic/NMR solvents,,unreviewed
TERM_a88da916473f,state.temperature_C,room temperature and -20°C contexts,,unreviewed
TERM_aaecf198d1e2,action.intervention,incubate isolated congeners under defined solvent/time conditions,,unreviewed
TERM_83f564dab3a0,state.developmental_state,purified compounds,,unreviewed
TERM_be9abb1cef02,time.window,30 min to weeks,,unreviewed
TERM_d8acc729ccf5,observation.sample_matrix,reaction solutions,,unreviewed
TERM_8acab8ca8143,assay.method,HPLC + HRMS + tandem MS,,unreviewed
TERM_921459ddf247,state.culture_architecture,whole-genome sequencing + BGC mining,,unreviewed
TERM_f6d77d0d6977,state.medium,PDB/artificial seawater for DNA culture,,unreviewed
TERM_ae9ca0aadc16,action.intervention,Illumina sequencing and gliovirin-cluster homology search,,unreviewed
TERM_76476d65d893,state.developmental_state,genomic analysis,,unreviewed
TERM_8bef67d4ce3a,time.window,1 week DNA culture,,unreviewed
TERM_fed7d3b51944,assay.method,assembly + BLAST/homology,,unreviewed
TERM_0ffb2e96aaeb,state.culture_architecture,compound-specific bioactivity assays,,unreviewed
TERM_d4ccf0b720b0,state.medium,cell/animal assay conditions,,unreviewed
TERM_2f2b87fe2b39,action.intervention,test adametizine A,,unreviewed
TERM_f69b96a0a01e,state.developmental_state,assay systems,,unreviewed
TERM_2012ec6190cd,observation.sample_matrix,cells/animals,,unreviewed
TERM_66804d66dc0c,assay.method,cytotoxicity + lifespan/antiaging assay,,unreviewed
TERM_ffca002d166c,state.culture_architecture,sexual cross / linkage mapping,,unreviewed
TERM_bb224624aa96,state.medium,sterilized rice straw,,unreviewed
TERM_57200c0562c8,action.intervention,cross fumonisin producer G9 with nonproducer G1 and genotype progeny at FUM markers,,unreviewed
TERM_8247ce94c33a,state.developmental_state,perithecial sexual progeny,,unreviewed
TERM_504761fc526a,time.window,~3 weeks cross development,,unreviewed
TERM_4bf19220c48d,observation.sample_matrix,progeny cultures,,unreviewed
TERM_7dc69380a724,assay.method,SNP markers + fumonisin phenotype,,unreviewed
TERM_2896bc0cf242,state.culture_architecture,native expression comparison,,unreviewed
TERM_2839657e1a14,state.medium,fumonisin-production conditions,,unreviewed
TERM_9f11909a2979,action.intervention,RT-PCR FUM21/FUM1/FUM6/FUM8/FUM10,,unreviewed
TERM_ad1d977d464b,state.developmental_state,producer vs natural nonproducer,,unreviewed
TERM_4fd6e7d481b2,time.window,triplicate cultures,,unreviewed
TERM_76726f47e733,state.culture_architecture,multi-region complementation,,unreviewed
TERM_f91e82b00292,state.medium,fumonisin-production assay,,unreviewed
TERM_e8207112b50b,action.intervention,"introduce G9 FUM21 and FUM6/FUM7-region fragments singly and jointly, then refine with FUM6/FUM7 frameshift constructs",,unreviewed
TERM_ca0c48e21b42,state.developmental_state,engineered G1,,unreviewed
TERM_f3169563cb69,assay.method,ELISA + LC-MS/MS,,unreviewed
TERM_46cd053ac852,state.culture_architecture,quantitative fumonisin assay,,unreviewed
TERM_475e129cc8ba,action.intervention,quantify FB1/FB2/FB3 after ELISA-positive screening,,unreviewed
TERM_abd01dac2ede,state.developmental_state,producer/complemented states,,unreviewed
TERM_0f8f85da136b,state.culture_architecture,native solid-state rice fermentation,,unreviewed
TERM_d561ceb05889,state.medium,rice medium,,unreviewed
TERM_9ae5b3f50187,action.intervention,wild-type production,,unreviewed
TERM_7f329082c5ad,state.developmental_state,vegetative/endophytic culture,,unreviewed
TERM_81f30a8a0384,observation.sample_matrix,EtOAc extract,,unreviewed
TERM_83914a2d8aa8,assay.method,"LC-MS, NMR",,unreviewed
TERM_52c14788ff04,state.culture_architecture,native gene-deletion series,,unreviewed
TERM_457fa8a609e7,action.intervention,delete xen pathway genes,,unreviewed
TERM_76bdd8823c9f,state.developmental_state,engineered native state,,unreviewed
TERM_b27b1a558ee9,state.culture_architecture,stepwise heterologous expression,,unreviewed
TERM_4083b841053f,action.intervention,express xen gene combinations,,unreviewed
TERM_b7038f8fc82f,state.culture_architecture,late-stage ring-formation reconstruction,,unreviewed
TERM_fc21f5463855,state.medium,defined intermediates,,unreviewed
TERM_840cb8804fdf,action.intervention,"test XenF, XenD, XenC sequence",,unreviewed
TERM_7b9275f424cc,state.developmental_state,defined biochemical/heterologous state,,unreviewed
TERM_38911f4993a3,observation.sample_matrix,reaction/culture products,,unreviewed
TERM_a0faf1b1179e,assay.method,LC-MS/structure analysis,,unreviewed
TERM_05d992e90d7b,state.culture_architecture,stepwise spo-pathway reconstruction,,unreviewed
TERM_665bdadb4aa9,action.intervention,express spo gene combinations,,unreviewed
TERM_8d6343acd646,assay.method,LC-MS / product analysis,,unreviewed
TERM_064dac47047d,state.culture_architecture,selective phenol-coupling assay,,unreviewed
TERM_fda303dfba85,state.medium,defined naphthalene substrate context,,unreviewed
TERM_2aabd6340478,action.intervention,compare SpoL alone versus SpoL+SpoF,,unreviewed
TERM_44119e408f8c,state.developmental_state,engineered/defined state,,unreviewed
TERM_fd7430c20ecd,assay.method,product/chiral analysis,,unreviewed
TERM_903ea5a61641,state.culture_architecture,axenic culture transcriptome comparison,,unreviewed
TERM_0722edb165dc,action.intervention,compare 38 PKS genes and neighboring transcripts between producer and nonproducer chemotypes,,unreviewed
TERM_71d5b3068b8e,state.developmental_state,axenic mycobiont,,unreviewed
TERM_29a6146708d3,time.window,single comparative transcriptome state; exact production kinetics NR,,unreviewed
TERM_3fe4c57cab00,observation.sample_matrix,RNA + culture pigment/metabolite phenotype,,unreviewed
TERM_4d30d71160af,assay.method,RNA-seq / differential expression + metabolite phenotype,,unreviewed
TERM_b47702041401,state.culture_architecture,natural-product isolation and bioactivity assays,,unreviewed
TERM_d7a310337dfe,action.intervention,isolate and characterize biruloquinone; test AChE inhibition and PC12 protection,,unreviewed
TERM_6ebc1841e195,state.developmental_state,axenic fungal culture / compound assay,,unreviewed
TERM_6e7758bc2923,observation.sample_matrix,culture extract / purified compound,,unreviewed
TERM_50025b41d189,assay.method,MS/NMR; AChE enzyme assay; PC12 viability assays,,unreviewed
TERM_51147643adc8,state.culture_architecture,comparative genomics / locus synteny,,unreviewed
TERM_1125fc859af6,action.intervention,compare homologous brq-region architecture across Cladonia genomes,,unreviewed
TERM_5d34da5d7d5e,state.developmental_state,genomic comparison,,unreviewed
TERM_27fdc7a19955,observation.sample_matrix,genome assemblies,,unreviewed
TERM_5baacf5ab5d6,assay.method,sequence homology / synteny analysis,,unreviewed
TERM_d7556afe105d,state.culture_architecture,isolated mycobiont culture,,unreviewed
TERM_bfcc21b8cc77,state.medium,carbon-source comparison,,unreviewed
TERM_f71a76ab5cb9,action.intervention,fructose versus alternative carbon sources,,unreviewed
TERM_9482d0b6188a,assay.method,HPLC/NMR/metabolite analysis,,unreviewed
TERM_93bb46512a6c,state.culture_architecture,transcriptomic comparison,,unreviewed
TERM_3d95c8b56873,state.medium,fructose/glucose and other carbon sources,,unreviewed
TERM_85a4caadcb82,action.intervention,inducing versus non-inducing conditions,,unreviewed
TERM_849ac0b890a0,assay.method,transcriptomics,,unreviewed
TERM_5efd886cc80f,state.culture_architecture,native mutant comparison,,unreviewed
TERM_b43cb977a5c6,state.medium,culture,,unreviewed
TERM_9713df0633d2,action.intervention,delete sol4,,unreviewed
TERM_ba18d3f802f9,time.window,18 days,,unreviewed
TERM_fc3a7413ab88,assay.method,LC-MS + RT-PCR,,unreviewed
TERM_3a6d9e11dcca,state.culture_architecture,regulatory overexpression,,unreviewed
TERM_921b27e5c093,state.medium,CM broth,,unreviewed
TERM_a1f9f9daed87,action.intervention,overexpress sol4 with induction,,unreviewed
TERM_b36023b5be3b,state.culture_architecture,sexual-development series,,unreviewed
TERM_c3cde5c493dd,action.intervention,developmental-stage profiling,,unreviewed
TERM_766a33a82486,state.developmental_state,perithecia,,unreviewed
TERM_6bfde8ca7211,time.window,five stages,,unreviewed
TERM_d923ff900533,observation.sample_matrix,tissue/RNA,,unreviewed
TERM_36e83fedcfcb,state.culture_architecture,native mutant,,unreviewed
TERM_3d3542858878,action.intervention,delete PKSN/PKS35,,unreviewed
TERM_a6c00a0a9e02,observation.sample_matrix,colonies/perithecia,,unreviewed
TERM_f5049e2fb7de,assay.method,phenotyping,,unreviewed
TERM_bf49b9971176,state.culture_architecture,native elicitation culture,,unreviewed
TERM_0ba3665b1091,action.intervention,hygromycin B exposure,,unreviewed
TERM_b2a04b56a7de,state.culture_architecture,cluster genetics,,unreviewed
TERM_3c5ab992502f,action.intervention,gene disruption/cluster identification,,unreviewed
TERM_a8507dfc7f6a,assay.method,genetic/metabolite analysis,,unreviewed
TERM_ebd61966267a,state.culture_architecture,stepwise pathway reconstruction,,unreviewed
TERM_901339b6d753,action.intervention,express/assay spt components,,unreviewed
TERM_e70becae3ee2,assay.method,LC-MS and biochemical characterization,,unreviewed
TERM_c10f7a2ff131,state.culture_architecture,native culture / gene-mining-guided isolation,,unreviewed
TERM_ee9da608759c,action.intervention,gene mining and chemical isolation,,unreviewed
TERM_470455c2d087,assay.method,NMR/HRESIMS/NOESY/ECD,,unreviewed
TERM_2915780fc7f9,state.culture_architecture,assay-guided fermentation/fractionation,,unreviewed
TERM_c554157f7529,state.temperature_C,37/25 assay temperatures downstream,,unreviewed
TERM_01dc6e424c37,action.intervention,bioactivity-guided purification,,unreviewed
TERM_03d5c3fd213b,observation.sample_matrix,culture extracts/purified compound,,unreviewed
TERM_0d5573db557e,assay.method,growth inhibition + structural analysis,,unreviewed
TERM_260e55053d97,state.culture_architecture,target-genetic assay,,unreviewed
TERM_a11e66b8fc49,state.medium,YPD,,unreviewed
TERM_42fd697774a7,action.intervention,twinfilin-1 deletion,,unreviewed
TERM_ad644547a998,state.developmental_state,vegetative cells,,unreviewed
TERM_cd514ffe8c17,assay.method,growth sensitivity/actin assays,,unreviewed
TERM_09cd151c5487,state.culture_architecture,native production + genome sequencing,,unreviewed
TERM_87d3accc6852,action.intervention,product confirmation and synteny/pathway analysis,,unreviewed
TERM_15d9f1e7b904,observation.sample_matrix,culture extract/genome,,unreviewed
TERM_c40dec795f01,assay.method,LC-MS/NMR/genomics,,unreviewed
TERM_6537f16872b5,state.culture_architecture,gene-mining-guided chemical isolation,,unreviewed
TERM_e936938b4f61,action.intervention,genome mining plus metabolite isolation,,unreviewed
TERM_13c7ed24e423,assay.method,NMR/HRESIMS/ECD,,unreviewed
TERM_3ff89762c8b7,state.culture_architecture,gene-cluster reconstruction,,unreviewed
TERM_1e625195ca2a,action.intervention,atr1/atr2/atr3 combinations,,unreviewed
TERM_88f789b07a23,state.developmental_state,engineered host,,unreviewed
TERM_886423d65020,assay.method,metabolite analysis,,unreviewed
TERM_a46fa9945629,state.culture_architecture,native fermentation + integrated genomics,,unreviewed
TERM_44d9ee605174,action.intervention,genome sequencing and metabolite isolation,,unreviewed
TERM_c2ea2cf1aaec,assay.method,"LC-MS/MS, NMR, Marfey, bioinformatics",,unreviewed
TERM_5a2e68db4e58,state.culture_architecture,three-enzyme reconstruction,,unreviewed
TERM_f832cd7a9201,action.intervention,express/disrupt PeniA-C,,unreviewed
TERM_614a1de7c21f,observation.sample_matrix,culture/reaction products,,unreviewed
TERM_bef231db7cdc,assay.method,metabolite and mechanistic analysis,,unreviewed
TERM_9fa169f43206,state.culture_architecture,native isolation,,unreviewed
TERM_ae443484f908,action.intervention,fermentation and purification,,unreviewed
TERM_999678d62e36,assay.method,NMR/X-ray + insect diet assay,,unreviewed
TERM_eabab12c7277,state.culture_architecture,intact-cluster transfer,,unreviewed
TERM_a4e2282ae36c,action.intervention,transfer 13 ORFs / ~25 kb from A. terreus,,unreviewed
TERM_397f9cac2b3f,assay.method,PCR-based reconstruction + metabolite analysis,,unreviewed
TERM_39b97d226a3a,state.culture_architecture,heterologous single-PKS expression,,unreviewed
TERM_90da16b7f577,state.medium,engineered yeast medium,,unreviewed
TERM_970d9cd3c799,action.intervention,express PFUR17_02294,,unreviewed
TERM_5e19c77f32b1,assay.method,chemical quantification/identification,,unreviewed
TERM_b5070a9c1ad2,state.culture_architecture,native promoter-engineering comparison,,unreviewed
TERM_44c6cdec0c65,action.intervention,constitutive promoter upstream of PKS14; compare WT and deletion,,unreviewed
TERM_ac5e09124bda,observation.sample_matrix,culture extracts/RNA,,unreviewed
TERM_a98110c0f850,assay.method,metabolite profiling + expression analysis,,unreviewed
TERM_ee5d5f4c28b8,state.culture_architecture,native knockout and precursor-feeding assay,,unreviewed
TERM_65e8bb6404bb,action.intervention,delete pks63787; feed orsellinic acid,,unreviewed
TERM_50677f213a56,state.culture_architecture,native overexpression experiment,,unreviewed
TERM_3d772f3042f8,action.intervention,overexpress PKS7,,unreviewed
TERM_a19a9362d4ee,state.culture_architecture,producer/nonproducer genotype-chemotype comparison,,unreviewed
TERM_b0cd253c33a6,state.medium,dried/aged food or cheese-associated culture,,unreviewed
TERM_0576bca62f85,action.intervention,screen otaR region and measure OTA,,unreviewed
TERM_f1bbe16f8ea2,observation.sample_matrix,food/culture isolates,,unreviewed
TERM_8370e31ccd3d,assay.method,PCR + OTA analysis,,unreviewed
TERM_46000b492b26,state.culture_architecture,native PKS knockout,,unreviewed
TERM_b4e695d65a62,action.intervention,disrupt aoks1/PKS,,unreviewed
TERM_c962a4250f27,state.culture_architecture,genome-inspired chemical exploration,,unreviewed
TERM_fb9fee512488,action.intervention,genome mining + natural-product isolation,,unreviewed
TERM_6c62685ada36,observation.sample_matrix,culture extracts/genome,,unreviewed
TERM_4d0d023935a6,assay.method,NMR/HRESIMS + genomic analysis,,unreviewed
TERM_b02dedc13f2a,action.intervention,genome mining plus natural-product isolation,,unreviewed
TERM_44027930f449,assay.method,NMR/HRESIMS plus genomic analysis,,unreviewed
TERM_7e984b518f54,state.culture_architecture,native seven-gene knockout series,,unreviewed
TERM_2ed759514cb8,action.intervention,individual disruption of all seven predicted cluster genes,,unreviewed
TERM_92dcb06a1024,state.culture_architecture,heterologous cluster reconstruction,,unreviewed
TERM_80e5f3227953,action.intervention,reconstitute A. versicolor chevalone E BGC,,unreviewed
TERM_177314ef3207,state.culture_architecture,modular heterologous pathway engineering,,unreviewed
TERM_4becaf29aa1b,action.intervention,Cle2/Cle4 addition and terpene-cyclase replacement,,unreviewed
TERM_cc6edaba3711,state.culture_architecture,terpene-cyclase replacement experiment,,unreviewed
TERM_32a0392d0c17,action.intervention,replace chevalone-pathway cyclase with A. felis sartorypyrone cyclase,,unreviewed
TERM_46569085b58f,state.culture_architecture,comparative genomics + expression profiling,,unreviewed
TERM_902a652f68ce,state.medium,OTA-permissive culture conditions,,unreviewed
TERM_0a05ac33394a,action.intervention,compare orthologous cluster and RT-qPCR expression,,unreviewed
TERM_b44993620e19,time.window,production conditions,,unreviewed
TERM_77a9815347f2,observation.sample_matrix,RNA/culture extracts,,unreviewed
TERM_782508e2b48e,assay.method,comparative sequence analysis + real-time RT-PCR + OTA measurement,,unreviewed
TERM_9fd7521be0bb,state.culture_architecture,natural genotype-chemotype survey,,unreviewed
TERM_ae31fbcd1653,state.medium,crop-associated isolate cultivation,,unreviewed
TERM_bd8fe8f92b5b,action.intervention,compare fumonisin/OTA production with biosynthetic gene-cluster presence or absence,,unreviewed
TERM_2a2a2488f9d0,observation.sample_matrix,culture extracts/genomes,,unreviewed
TERM_de4fbba9e3b3,assay.method,toxin analysis + cluster-content comparison,,unreviewed
TERM_65b7f6d4abe2,state.culture_architecture,heterologous/defined catalytic assay,,unreviewed
TERM_0a1b2f9f11ef,action.intervention,express Stl-TS with isoprenoid precursors,,unreviewed
TERM_0548ab1d57c5,assay.method,product isolation/structure analysis,,unreviewed
TERM_d5dcd5bab11c,state.culture_architecture,heterologous/defined pathway reconstruction,,unreviewed
TERM_8cb0ed75e911,action.intervention,add adjacent P450 to Stl-TS pathway,,unreviewed
TERM_abbf08f81a95,state.culture_architecture,submerged fermentation,,unreviewed
TERM_df79a904733a,action.intervention,native cultivation,,unreviewed
TERM_69baa299e878,assay.method,isolation and chemical characterization,,unreviewed
TERM_8dd856e8ebe9,state.culture_architecture,comparative genomics / in silico cluster analysis,,unreviewed
TERM_d0807c0bbc10,action.intervention,"echinocandin gene orthology, phylogeny and microsynteny comparison",,unreviewed
TERM_7b68661aba90,observation.sample_matrix,genome sequence / submitted cluster,,unreviewed
TERM_29c161981afd,assay.method,comparative gene-cluster analysis,,unreviewed
TERM_c4c3614a0ee1,action.intervention,sequential expression/characterization of dedicated And enzymes,,unreviewed
TERM_0d68ef515ac9,time.window,endpoint per reconstruction step,,unreviewed
TERM_40ff3564b0ba,assay.method,metabolite isolation and structural analysis,,unreviewed
TERM_f32ecabc6887,state.culture_architecture,defined pathway intermediate conversion,,unreviewed
TERM_b6166e2539a1,action.intervention,supply AndA to pre-AndA pathway intermediate,,unreviewed
TERM_f65f8156f539,assay.method,product isolation and structure analysis,,unreviewed
TERM_37d951e3ed79,state.culture_architecture,late-stage enzyme conversion,,unreviewed
TERM_dcb736330a59,action.intervention,add AndF to late andilesin-pathway intermediate,,unreviewed
TERM_0f659ba1cc32,action.intervention,"reconstitute ten DDP pathways including native, extended and shunt designs",,unreviewed
TERM_ff91ebfb69bc,state.developmental_state,engineered,,unreviewed
TERM_a013eab00b2d,assay.method,metabolite isolation/structure analysis and bioactivity screens,,unreviewed
TERM_dbb4bdf061b7,state.culture_architecture,heterologous esdp reconstruction,,unreviewed
TERM_3d27d19691e3,action.intervention,express esdp core and tailoring combinations from IFM 42152,,unreviewed
TERM_9e47b3a12899,assay.method,"isolation, NMR/structure determination, enzyme-function analysis",,unreviewed
TERM_fe50d4767758,state.culture_architecture,bioactivity screening,,unreviewed
TERM_7b9617ede650,action.intervention,test engineered metabolites across biological assays,,unreviewed
TERM_7e13316478e8,assay.method,activity assays,,unreviewed
TERM_469b03358103,state.culture_architecture,native genetic perturbation,,unreviewed
TERM_407190b956a0,action.intervention,macR overexpression; ΔmacA; ΔmacJ,,unreviewed
TERM_fff55c996763,state.culture_architecture,native RNAi genetic perturbation,,unreviewed
TERM_2675d90c1160,action.intervention,mpaC silencing,,unreviewed
TERM_3068ecf22c1f,assay.method,Q-RT-PCR plus LC-Q-TOF/MS,,unreviewed
TERM_de788ccd3413,state.culture_architecture,comparative genotype–chemotype panel,,unreviewed
TERM_3f29cf22d807,action.intervention,screen natural 174-bp mpaC deletion,,unreviewed
TERM_5f58b2ff75c2,state.developmental_state,native isolates,,unreviewed
TERM_a03f9bda200e,observation.sample_matrix,DNA and culture extracts,,unreviewed
TERM_eb9a6ae05246,assay.method,PCR plus MPA quantification,,unreviewed
TERM_cf87ad8e66f5,state.culture_architecture,native knockout,,unreviewed
TERM_75d37a320b10,action.intervention,delete psyA,,unreviewed
TERM_845e586c08e6,assay.method,metabolite isolation/structure analysis,,unreviewed
TERM_b72d012d3ad7,state.culture_architecture,native targeted deletion,,unreviewed
TERM_b203e1a0ec31,action.intervention,delete penP,,unreviewed
TERM_58d1db5cae65,action.intervention,sequential Ptm gene combinations,,unreviewed
TERM_d77c978950a2,assay.method,metabolite isolation/analysis,,unreviewed
TERM_371c5c2af4ee,state.culture_architecture,defined in-vitro enzyme assay,,unreviewed
TERM_ee6222b2a762,action.intervention,incubate MpaG′ with DMMPA and SAM,,unreviewed
TERM_358bfc76585a,time.window,endpoint/kinetic assay,,unreviewed
TERM_4a47edfe70a9,assay.method,product analysis and enzyme kinetics,,unreviewed
TERM_b22c0288a87b,action.intervention,overexpress HknR,,unreviewed
TERM_b2c0d4da9212,state.developmental_state,vegetative engineered culture,,unreviewed
TERM_d9cf0c4a9029,state.culture_architecture,enzyme-function reconstruction,,unreviewed
TERM_80317a0674fc,action.intervention,provide HknE and neosartoricin B substrate,,unreviewed
TERM_787977dc8293,observation.sample_matrix,reaction/feeding products,,unreviewed
TERM_ea3c896db94c,assay.method,"heterologous expression, substrate feeding, in-vitro assay",,unreviewed
TERM_5e0f5f5476c8,action.intervention,sequential SdnA/C/B/H/F/G/E combinations,,unreviewed
TERM_1051b9f476f7,assay.method,MS/NMR and pathway reconstruction,,unreviewed
TERM_e9966efd13c9,state.culture_architecture,heterologous reconstruction,,unreviewed
TERM_82b41893abe0,action.intervention,reconstitute complete sordaricin pathway,,unreviewed
TERM_f6ffd020fa41,state.culture_architecture,native solid culture,,unreviewed
TERM_90b622ca8a3c,state.agitation,NA/NR,,unreviewed
TERM_aed78aff56df,action.intervention,none; natural-product isolation,,unreviewed
TERM_3dd8e27aa211,state.developmental_state,solid-culture growth,,unreviewed
TERM_3f30f45d20ab,observation.sample_matrix,solid-culture extract,,unreviewed
TERM_7e9ff3d7432a,assay.method,"1D/2D NMR, MS/MS, advanced Marfey's analysis",,unreviewed
TERM_60b4f4fabca5,state.culture_architecture,in-silico genome mining,,unreviewed
TERM_f474efe1fd31,action.intervention,bioinformatics plus PrHalA module/domain analysis,,unreviewed
TERM_70fb32601c9c,assay.method,genome mining / NRPS domain analysis,,unreviewed
TERM_d745da177e41,state.culture_architecture,heterologous expression,,unreviewed
TERM_c169ef36df7f,action.intervention,coexpress SdxC + SdxD + SdxA,,unreviewed
TERM_edeac7b9ec56,state.culture_architecture,defined in-vitro enzyme assays,,unreviewed
TERM_b6afd64ca3a9,action.intervention,incubate ketone 12 with SDR homolog and NADPH,,unreviewed
TERM_191fb8279569,time.window,overnight to 72 h,,unreviewed
TERM_6c17879057b2,assay.method,LC/MS comparison to standards,,unreviewed
TERM_72051d4e3436,state.culture_architecture,defined nonenzymatic reaction,,unreviewed
TERM_9061c30cd4ba,action.intervention,reduce ketone 12 with excess NaBH4 then quench with water,,unreviewed
TERM_54f79cdb1136,state.culture_architecture,native liquid fermentation,,unreviewed
TERM_45394f0c766c,state.medium,F1 broth,,unreviewed
TERM_ec59a5ca85cf,action.intervention,molecular-networking prioritization followed by LC-MS-guided isolation,,unreviewed
TERM_7b633b7519c8,observation.sample_matrix,mycelial extract,,unreviewed
TERM_66403b34c12d,assay.method,"LC-MS/MS, 1D/2D NMR, advanced Marfey, partial hydrolysis, Mosher, GIAO NMR",,unreviewed
TERM_bcd4666ffa6d,state.culture_architecture,in-silico BGC analysis,,unreviewed
TERM_683f5f55ec69,action.intervention,genome sequencing plus NRPS/module-domain bioinformatics,,unreviewed
TERM_c8f50cda61e0,assay.method,bioinformatics,,unreviewed
TERM_b740c18d452a,action.intervention,phosphonoacetaldehyde + NAD(P)H,,unreviewed
TERM_0197723744bd,assay.method,product analysis / isotope-supported phosphonate biochemistry,,unreviewed
TERM_352302099292,state.culture_architecture,defined in-vitro Fe(II)/2OG enzyme assay,,unreviewed
TERM_7e817c97c543,action.intervention,2-hydroxyethylphosphonic acid + Fe(II) + 2OG,,unreviewed
TERM_73ad6a7f7512,assay.method,product/stereochemical/isotope analysis,,unreviewed
TERM_db9dab0cafa5,state.culture_architecture,alternate-substrate mechanistic assay,,unreviewed
TERM_bf7cdeb99bf8,action.intervention,ethylphosphonic acid + Fe(II) + 2OG,,unreviewed
TERM_c5c35126bb46,action.intervention,express Copu5 with FPP/MEP precursor supply,,unreviewed
TERM_d2ed0f41bff0,state.developmental_state,engineered bacterial culture,,unreviewed
TERM_aebfa1a7f3ff,observation.sample_matrix,culture extract/headspace product fraction,,unreviewed
TERM_97845bfb47db,assay.method,GC-MS; product isolation/NMR,,unreviewed
TERM_4b0b92225bfc,state.culture_architecture,fed-batch bioprocess,,unreviewed
TERM_25d07210e9f4,state.agitation,controlled bioreactor,,unreviewed
TERM_f69dee19131a,action.intervention,MEP-pathway optimization plus Copu5 expression,,unreviewed
TERM_f24b9f639e6b,assay.method,quantitative product analysis,,unreviewed
TERM_4897c6e97d97,action.intervention,express Copu9 with FPP/MEP precursor supply,,unreviewed
TERM_6e781c93403c,observation.sample_matrix,culture product fraction,,unreviewed
TERM_437ce5538799,action.intervention,MEP-pathway optimization plus Copu9 expression,,unreviewed
TERM_c4198f1afdce,state.culture_architecture,X-ray crystallography / structure-guided mutagenesis,,unreviewed
TERM_4676640daa26,action.intervention,crystallize Copu9 and interrogate active-site residues by mutagenesis,,unreviewed
TERM_211a772530a4,observation.sample_matrix,purified protein/crystals,,unreviewed
TERM_8b8e5cdc9312,assay.method,X-ray diffraction and mutant product profiling,,unreviewed
TERM_d93a73636f7c,state.culture_architecture,native targeted gene replacement panel,,unreviewed
TERM_a231e35d668d,state.medium,defined Fusarium medium / study-specific fungal media,,unreviewed
TERM_35729307db64,action.intervention,"delete PKS12, aurJ, aurF, gip1, aurO, aurR1 and related genes",,unreviewed
TERM_fbe4f4039fa2,state.developmental_state,vegetative mycelium,,unreviewed
TERM_dbaa6d18424b,observation.sample_matrix,fungal extracts/pigment,,unreviewed
TERM_0c4430e526d1,assay.method,HPLC and chemical analysis,,unreviewed
TERM_e2bd20e082ab,state.culture_architecture,native deletion/complementation/overexpression,,unreviewed
TERM_bd2b79fc604a,state.medium,carrot medium and related culture conditions,,unreviewed
TERM_10c700ff42bb,action.intervention,"delete, complement or overexpress GIP2",,unreviewed
TERM_bd22af9a1aa0,time.window,growth-stage endpoint,,unreviewed
TERM_6b656114f6bb,observation.sample_matrix,mycelium/pigment/RNA,,unreviewed
TERM_8dd1342c0a75,assay.method,pigment analysis + expression analysis,,unreviewed
TERM_7820050b35ed,state.culture_architecture,native targeted replacements,,unreviewed
TERM_3e5f36f86cd1,state.medium,defined Fusarium medium,,unreviewed
TERM_23bc18572caa,action.intervention,"replace aurZ, aurS, aurT; construct ΔaurZ/ΔaurJ",,unreviewed
TERM_5be8879c773c,assay.method,RP-HPLC-DAD and metabolite identification,,unreviewed
TERM_506fec10ca6d,state.culture_architecture,submerged comparative culture,,unreviewed
TERM_12b78bdc64c9,state.medium,AMM-Fe versus iron-containing medium,,unreviewed
TERM_25ef9567034a,action.intervention,iron deficiency,,unreviewed
TERM_04de6d9e304f,assay.method,"RT-PCR, HPLC, LC-MS, isolation/NMR",,unreviewed
TERM_c502239ce609,state.culture_architecture,native targeted deletion under iron deficiency,,unreviewed
TERM_0c8c89faf4b7,state.medium,AMM-Fe,,unreviewed
TERM_999f29bf178c,action.intervention,delete mrsidA or mrsidD,,unreviewed
TERM_32f8dda2edf3,assay.method,HPLC at 210 nm + LC-MS,,unreviewed
TERM_33d5fe88a29d,action.intervention,delete mrapdA,,unreviewed
TERM_544921babbc5,state.culture_architecture,native fermentation + genome/MS-guided mining,,unreviewed
TERM_63b26ce4c93b,action.intervention,halogenase genome mining followed by HRMS/UV-guided compound isolation,,unreviewed
TERM_7fedeeee5040,assay.method,"HRMS/UV, NMR, HRESIMS",,unreviewed
TERM_0571e054a7c2,state.culture_architecture,antibacterial assay,,unreviewed
TERM_7d96c2645967,action.intervention,test isolated chlorinated compound against S. aureus/MRSA/resistant clinical strains,,unreviewed
TERM_209d5fd8bb76,observation.sample_matrix,purified compound,,unreviewed
TERM_6425374f8536,assay.method,MIC assay,,unreviewed
TERM_284bea4b0c20,state.culture_architecture,solid-rice native culture,,unreviewed
TERM_dd7ea577ebf4,state.medium,rice,,unreviewed
TERM_857fdc9c1c6d,state.temperature_C,20,,unreviewed
TERM_0d53b92d2439,action.intervention,native production,,unreviewed
TERM_2afbba8ad526,state.developmental_state,fungal growth,,unreviewed
TERM_3332ca4f12bd,time.window,28 days,,unreviewed
TERM_f36876920c8d,state.medium,study-specific A. nidulans medium,,unreviewed
TERM_3ef2b9abd139,action.intervention,express iliA+iliB+iliC+iliD,,unreviewed
TERM_75785673fe74,state.developmental_state,engineered culture,,unreviewed
TERM_4c2079939ab1,state.culture_architecture,native gene-inactivation series,,unreviewed
TERM_25be6256d7e0,state.medium,study-specific fungal medium,,unreviewed
TERM_e7d7e4c0b3a4,action.intervention,individual ane gene deletions,,unreviewed
TERM_04fe7a9bf3bd,state.medium,study-specific yeast medium,,unreviewed
TERM_09219a5c7432,action.intervention,express AneC,,unreviewed
TERM_fdc2ce60f144,assay.method,GC/LC-MS,,unreviewed
TERM_417bcfd5df3d,state.medium,study-specific media,,unreviewed
TERM_770bf5883aa2,action.intervention,coexpress AneC with AneF/D/G and downstream tailoring genes,,unreviewed
TERM_230ef03be46b,state.culture_architecture,feeding experiment,,unreviewed
TERM_6c14cfa4a89f,action.intervention,feed candidate asperaculane intermediates,,unreviewed
TERM_0b5bea6b9038,state.culture_architecture,combinatorial heterologous expression,,unreviewed
TERM_ff61eee6cb89,state.medium,study-specific,,unreviewed
TERM_eed7c77f3d0c,action.intervention,express srdA/C/D/E ± srdI and full cluster,,unreviewed
TERM_dc411be99292,state.developmental_state,engineered mycelium,,unreviewed
TERM_e25c0e6ed3b8,state.culture_architecture,large-scale heterologous fermentation,,unreviewed
TERM_c815c947596f,action.intervention,full srd cluster,,unreviewed
TERM_ffc2b2f248d9,time.window,8 L endpoint,,unreviewed
TERM_37f8670fcaaf,state.culture_architecture,native context assessment,,unreviewed
TERM_fdfe1ef9a1ed,action.intervention,no activating perturbation identified,,unreviewed
TERM_32f5c9798ecc,state.developmental_state,native,,unreviewed
TERM_ae5b330197cd,state.culture_architecture,large-scale solid culture,,unreviewed
TERM_f20ba0c01d0c,state.medium,rice + 1.0% MgCl2,,unreviewed
TERM_cf2b0adddab6,action.intervention,genome-guided cultivation/isolation,,unreviewed
TERM_5fb4618d5068,state.developmental_state,solid fungal culture,,unreviewed
TERM_1cb2c0b9b0ab,assay.method,"chromatography, NMR, ECD",,unreviewed
TERM_96fac1461834,state.culture_architecture,cell cytotoxicity assays,,unreviewed
TERM_7ec729d1d6b9,action.intervention,HL-60 and MCF-7 testing,,unreviewed
TERM_6dca5aa16b16,assay.method,IC50 assay,,unreviewed
TERM_5f4b09e4f0ad,state.culture_architecture,native natural-product isolation,,unreviewed
TERM_e83300b1e89b,action.intervention,chemical investigation,,unreviewed
TERM_3f395a2aef39,state.developmental_state,fungal culture,,unreviewed
TERM_910656551def,assay.method,spectroscopy + X-ray crystallography,,unreviewed
TERM_93d13bdbbd6b,state.culture_architecture,bioactivity panels,,unreviewed
TERM_80843f8d5233,action.intervention,bacterial/fungal/mammalian-cell/plant assays,,unreviewed
TERM_a93e34c6c9f1,assay.method,study-specific bioassays,,unreviewed
TERM_913ec5d811ee,action.intervention,express ATEG_03629,,unreviewed
TERM_1f0944241ced,state.culture_architecture,heterologous coexpression,,unreviewed
TERM_ad4cbb4ff142,action.intervention,express ATEG_03629 + ATEG_03630,,unreviewed
TERM_840d7ce9322b,state.culture_architecture,enzyme-mechanism assays,,unreviewed
TERM_a0c98d7ff2a5,action.intervention,test activation/reduction of aryl acid,,unreviewed
TERM_073ad0252467,observation.sample_matrix,enzyme/substrate,,unreviewed
TERM_39d14e90327a,assay.method,biochemical/analytical readout,,unreviewed
TERM_178a886be2d3,state.culture_architecture,recombinant terpene production,,unreviewed
TERM_9e32140b46d1,action.intervention,express AtAS,,unreviewed
TERM_2f190f752cdd,assay.method,chromatography/NMR/HRMS,,unreviewed
TERM_2fb801cd8fef,state.culture_architecture,P450 tailoring assay,,unreviewed
TERM_91fe34bb7cbb,action.intervention,AtAS + AtP450 / substrate oxidation,,unreviewed
TERM_1e7c23538a48,observation.sample_matrix,product extract,,unreviewed
TERM_87e4e9a18fc0,state.culture_architecture,native liquid culture genetics,,unreviewed
TERM_f89a2e195cc0,state.medium,MEB and CYB,,unreviewed
TERM_792d924df0e0,state.agitation,flask incubation; study conditions,,unreviewed
TERM_e4d44becdb69,action.intervention,CRISPR deletion of verA,,unreviewed
TERM_bf59deca4cc7,observation.sample_matrix,mycelium/culture extraction,,unreviewed
TERM_e29a1a83a3ca,assay.method,HPLC/target metabolite analysis,,unreviewed
TERM_6fedfd6f43c8,state.culture_architecture,apple infection,,unreviewed
TERM_1103d2be3e9b,action.intervention,verA deletion,,unreviewed
TERM_112c4a06158c,state.developmental_state,host-associated growth,,unreviewed
TERM_357ff0f74136,observation.sample_matrix,infected apple tissue,,unreviewed
TERM_30b0c4795bee,assay.method,verrucosidin quantification,,unreviewed
TERM_386ce56935d5,state.culture_architecture,producer-expression comparison,,unreviewed
TERM_8f77c2e24621,state.medium,CYB,,unreviewed
TERM_1cb6c2475048,action.intervention,measure verA presence/expression and verrucosidin,,unreviewed
TERM_3e5869fd0d8e,observation.sample_matrix,gDNA/RNA/culture extracts,,unreviewed
TERM_ff8f486117ce,assay.method,PCR/qPCR/HPLC,,unreviewed
TERM_02e02cbb13c4,state.culture_architecture,homologous mechanistic follow-up,,unreviewed
TERM_52300fc64309,action.intervention,gene deletion + heterologous expression in dov cluster,,unreviewed
TERM_983ac43d9acc,assay.method,HPLC/structural analysis,,unreviewed
TERM_893c3d604709,state.culture_architecture,native vegetative culture,,unreviewed
TERM_b5172dec30f4,observation.sample_matrix,mycelial extract + supernatant,,unreviewed
TERM_0cdc680727ce,assay.method,LC-HR-MS/MS,,unreviewed
TERM_cc922e367365,state.culture_architecture,hybrid heterologous production,,unreviewed
TERM_d91ea273a84b,state.medium,methanol-induced Pichia system,,unreviewed
TERM_9211ba7d0e8a,state.agitation,study-specific,,unreviewed
TERM_c7aa2fa31246,action.intervention,coexpress OphMA_DbiCORE with OphP,,unreviewed
TERM_a06e1dfd6b2a,observation.sample_matrix,cell extract,,unreviewed
TERM_e4ce6b57ca29,assay.method,LC-MS + preparative RP-HPLC,,unreviewed
TERM_f39796960218,state.culture_architecture,nematotoxicity assay,,unreviewed
TERM_535d313cfe37,action.intervention,dendrothelin A 0.1–3 μM exposure,,unreviewed
TERM_ffe83fe6d469,time.window,"1, 3, 7, 14 days",,unreviewed
TERM_b4012804f47c,observation.sample_matrix,nematode survival,,unreviewed
TERM_35242a0d9ab4,assay.method,LC50 modeling,,unreviewed
TERM_5b656e6e4d93,state.culture_architecture,precursor methylation characterization,,unreviewed
TERM_b0d93b0b375e,action.intervention,express DbiMA1,,unreviewed
TERM_f903c8706e57,state.developmental_state,recombinant protein,,unreviewed
TERM_6ebd856ccec3,observation.sample_matrix,purified precursor protein,,unreviewed
TERM_367ffb840745,assay.method,MS methylation mapping,,unreviewed
TERM_58b1e233a0f2,action.intervention,OphMA_LedCORE + OphP or LedP,,unreviewed
TERM_ea3f7db788d0,assay.method,LC-MS + RP-HPLC,,unreviewed
TERM_503cdbb1e6d8,action.intervention,lentinulin A 0.1–3 μM,,unreviewed
TERM_df10b6c8297e,state.culture_architecture,protease cross-reactivity experiment,,unreviewed
TERM_e9a8859d8b74,action.intervention,LedP with OphMA and core hybrids,,unreviewed
TERM_9bc043196036,observation.sample_matrix,cell extracts/supernatant,,unreviewed
TERM_7bf0a01971ed,state.culture_architecture,orphan-BGC reconstruction,,unreviewed
TERM_447188d05b1f,action.intervention,express aspcandine biosynthetic gene combinations,,unreviewed
TERM_5754f94440ff,state.culture_architecture,substrate/domain characterization,,unreviewed
TERM_578150a9bc75,action.intervention,test AcdB with 3-hydroxy-L-kynurenine pathway context,,unreviewed
TERM_2d21f7404507,state.culture_architecture,natural-product structure analysis,,unreviewed
TERM_6c44121c0067,action.intervention,purify aspcandine,,unreviewed
TERM_5fe5ca9b2f35,assay.method,NMR + MS,,unreviewed
TERM_671424b30848,state.culture_architecture,kynurenine-pathway reconstruction,,unreviewed
TERM_e3de3a19d175,action.intervention,supply 3-hydroxy-L-kynurenine,,unreviewed
TERM_1c0a36594a1e,observation.sample_matrix,pathway metabolite context,,unreviewed
TERM_6dab6a82d68d,assay.method,LC-MS/pathway inference,,unreviewed
TERM_cf78bbb97534,state.culture_architecture,laboratory fungal culture,,unreviewed
TERM_fed26b3bea3c,action.intervention,COP9 signalosome/protein-stability perturbation,,unreviewed
TERM_9044ffb98fb3,observation.sample_matrix,culture metabolome and RNA,,unreviewed
TERM_9c008be64fe5,assay.method,transcriptomics + metabolite profiling,,unreviewed
TERM_68d0a9d9573d,state.medium,defined medium,,unreviewed
TERM_8fa44eebd07d,action.intervention,glycopeptide-inducer exposure with DbaA/DbaG genetic comparisons,,unreviewed
TERM_206a286ba03c,time.window,induction endpoint,,unreviewed
TERM_76ba69cc5005,assay.method,qRT-PCR,,unreviewed
TERM_eb29698094ab,state.culture_architecture,induced liquid culture,,unreviewed
TERM_c8b3a7c4e05c,action.intervention,individual dba/troA-module deletions under inducing conditions,,unreviewed
TERM_ecf4a82217c5,time.window,2-day analytical window,,unreviewed
TERM_8b0d3ada7ae2,observation.sample_matrix,culture-filtrate organic extract,,unreviewed
TERM_e5a3828fde20,assay.method,UHPLC-DAD-HRMS/MS + purification/NMR,,unreviewed
TERM_accd22456d63,state.culture_architecture,solid confrontation/co-culture,,unreviewed
TERM_085f1d5a86cb,state.medium,study-specific agar,,unreviewed
TERM_f3eb887bb2b5,action.intervention,fungus-bacterium confrontation plus purified inducing-glycopeptide comparison,,unreviewed
TERM_d4143193e77b,state.developmental_state,interacting colonies/mycelium,,unreviewed
TERM_851b0a2580e9,time.window,multi-day confrontation,,unreviewed
TERM_0fbb2fdd8617,observation.sample_matrix,interaction-zone extract and fungal RNA,,unreviewed
TERM_e9f8fb806e62,assay.method,metabolite profiling + qRT-PCR,,unreviewed
TERM_c3ba4303f979,state.culture_architecture,agar diffusion / iron-availability assay,,unreviewed
TERM_60b7c47c553f,action.intervention,compare induced reference and ΔdbaI extracts under normal versus iron-limited assay conditions,,unreviewed
TERM_d6617ed5e538,state.developmental_state,bacterial lawn,,unreviewed
TERM_15bc7d9eb227,observation.sample_matrix,agar-zone phenotype,,unreviewed
TERM_5bfd8423a5c6,assay.method,zone measurement,,unreviewed
TERM_7dab50b1d41e,state.culture_architecture,combinatorial pathway reconstruction,,unreviewed
TERM_930ceb9d3924,action.intervention,express brv gene combinations sequentially,,unreviewed
TERM_dab82cbb169e,assay.method,LC-MS + isolation/NMR,,unreviewed
TERM_de6b5d72c070,state.culture_architecture,in-vitro enzymology,,unreviewed
TERM_fc9eccf7c74c,state.medium,defined biochemical assay,,unreviewed
TERM_af9a2a2f1433,action.intervention,BrvJ reaction with brevione-pathway substrate and Fe(II)/2-oxoglutarate context,,unreviewed
TERM_894402bd0734,observation.sample_matrix,enzyme reaction,,unreviewed
TERM_12c6f8c54b51,assay.method,LC-MS/product characterization,,unreviewed
TERM_a0e39e62f411,state.culture_architecture,enzyme mutagenesis / comparative enzymology,,unreviewed
TERM_a81b8c8dda81,action.intervention,compare homologous dioxygenases and active-site variants,,unreviewed
TERM_6858caa35e2e,observation.sample_matrix,enzyme products,,unreviewed
TERM_b0356cab7a5f,state.culture_architecture,liquid fermentation with in-situ solid-phase extraction,,unreviewed
TERM_97ee34260c0e,action.intervention,delete COMPASS subunit cclA,,unreviewed
TERM_f4906fcb5363,state.culture_architecture,four-gene polycistronic reconstruction,,unreviewed
TERM_bab379677d30,state.medium,auto-inducible yeast system,,unreviewed
TERM_f4890eda63cb,action.intervention,express ctc1-ctc4 from initial polycistron,,unreviewed
TERM_b559cce9d5e9,assay.method,HPLC-PDA/ELSD-MS + immunoblot,,unreviewed
TERM_de2a1b1d69e8,state.culture_architecture,ctc1-ctc4 polycistron plus additional ctc4 expression,,unreviewed
TERM_117e7d07eb51,action.intervention,restore robust CTC4 expression,,unreviewed
TERM_b62084b01e19,observation.sample_matrix,supernatant and cell extracts,,unreviewed
TERM_b0979d90228c,assay.method,LC-MS/MS + standards/fragmentation,,unreviewed
TERM_c5f8a7c73859,state.culture_architecture,comparative production analysis,,unreviewed
TERM_af60fceaee7e,action.intervention,compare relative product accumulation,,unreviewed
TERM_e6de4272d852,state.developmental_state,endpoint cultures,,unreviewed
TERM_327f658657ed,observation.sample_matrix,crude extracts,,unreviewed
TERM_b6f9f8551024,assay.method,relative LC-MS quantification,,unreviewed
TERM_3c8821a0199c,state.culture_architecture,heterologous refactored BGC expression,,unreviewed
TERM_14615ed307fe,action.intervention,refactor spy BGC with inducible/promoter-controlled expression,,unreviewed
TERM_aab332d810ac,state.developmental_state,vegetative fungal culture,,unreviewed
TERM_b60fd4aa6652,observation.sample_matrix,culture medium and mycelium extracts,,unreviewed
TERM_99ec73b7e5ca,assay.method,LC/MS; HRESIMS; NMR; MicroED for selected products,,unreviewed
TERM_4865f30d7231,state.culture_architecture,large-scale heterologous cultivation,,unreviewed
TERM_d84191d10e28,action.intervention,delete host agsB to improve dispersed growth/yield,,unreviewed
TERM_09c99cd4fa7b,assay.method,flash chromatography; semi-preparative HPLC; spectroscopy,,unreviewed
TERM_e06f08144447,action.intervention,delete spyA,,unreviewed
TERM_9ea3bba7bbc1,state.developmental_state,engineered vegetative culture,,unreviewed
TERM_da2ab1ff8d50,assay.method,LC/MS EIC,,unreviewed
TERM_1862dfa09c99,action.intervention,delete spyB,,unreviewed
TERM_c3c3a9888782,observation.sample_matrix,culture medium and mycelia,,unreviewed
TERM_301598ecb137,assay.method,LC/MS EIC; structure analysis,,unreviewed
TERM_37dc58014818,state.culture_architecture,metabolite-resolved deletion series,,unreviewed
TERM_f727a54d2824,action.intervention,"individual deletion of FMO, terpene cyclase, or GGPPS",,unreviewed
TERM_70d549683856,assay.method,LC/MS + NMR,,unreviewed
TERM_3c89d4d82f99,state.culture_architecture,single-gene heterologous expression,,unreviewed
TERM_88f22bf37950,action.intervention,express spyA alone,,unreviewed
TERM_88282f0ca81b,assay.method,LC/MS / product characterization,,unreviewed
TERM_c8bc1093ce45,state.culture_architecture,heterologous three-gene reconstruction,,unreviewed
TERM_3bf79c1e5948,state.medium,CD-ST,,unreviewed
TERM_53e338d283f9,state.culture_architecture,gene-combination metabolite dissection,,unreviewed
TERM_88ea29d19f1e,state.culture_architecture,domain-level biochemical interrogation,,unreviewed
TERM_67a8e056866a,state.medium,in vitro,,unreviewed
TERM_f58b47c4d853,state.culture_architecture,native solid-state cultivation,,unreviewed
TERM_8f3dad72bf1a,state.medium,basmati rice,,unreviewed
TERM_89b9e6836b66,state.temperature_C,24,,unreviewed
TERM_051da9f0f711,state.culture_architecture,PKS-domain truncation,,unreviewed
TERM_37f99a6162b2,state.culture_architecture,chemical complementation,,unreviewed
TERM_a1f01fdd3987,state.culture_architecture,heterologous complementation/reconstruction,,unreviewed
TERM_2e0406b22353,state.culture_architecture,whole-cluster heterologous reconstruction,,unreviewed
TERM_e23769b37d50,state.culture_architecture,pathway dissection,,unreviewed
TERM_2363b87e497a,state.culture_architecture,native metabolite/pigment profiling,,unreviewed
TERM_f238ec7eb21e,state.culture_architecture,native metabolite detection,,unreviewed
TERM_d9bdf494ac36,state.culture_architecture,gene omission,,unreviewed
TERM_252bf8094acb,state.culture_architecture,minimal early-module reconstruction,,unreviewed
TERM_6300fe96e84e,state.culture_architecture,fructose culture transcriptome/metabolite condition,,unreviewed
TERM_4fb46cefbdc9,state.medium,fructose,,unreviewed
TERM_49443a8a1b18,state.culture_architecture,glucose culture comparison,,unreviewed
TERM_c350ad86928a,state.medium,glucose,,unreviewed
TERM_a0baf0ab6339,state.culture_architecture,sugar-alcohol comparison,,unreviewed
TERM_480a7bf254fa,state.medium,ribitol,,unreviewed
TERM_c78cbf00ae9d,state.medium,sorbitol,,unreviewed
TERM_c25c0b3d8b71,state.culture_architecture,MYA comparison condition,,unreviewed
TERM_3f37f2a254f2,state.medium,MYA,,unreviewed
TERM_e9770b893a97,state.culture_architecture,heterologous core reconstruction,,unreviewed
TERM_0241057ecbfc,state.culture_architecture,functional complementation,,unreviewed
TERM_5f29ba8efcb4,state.culture_architecture,genome-mining discovery context,,unreviewed
TERM_0e6adadeef6f,state.culture_architecture,native axenic metabolite/transcriptome profiling,,unreviewed
TERM_6790d1f93a75,state.medium,culture condition from S003,,unreviewed
TERM_ec35939c86a4,state.culture_architecture,comparative transcriptome/metabolite profiling,,unreviewed
TERM_3191463ba442,state.medium,matched culture comparison,,unreviewed
TERM_b92ff1674360,state.culture_architecture,heterologous siderophore reconstruction,,unreviewed
TERM_c3e6512ac2bb,state.culture_architecture,in-vitro enzymatic reconstitution,,unreviewed
TERM_ff7a540880cf,state.medium,L-AHO + Gly + L-Ser + ATP/Mg2+,,unreviewed
TERM_30573eb18656,state.culture_architecture,mechanistic domain interrogation,,unreviewed
TERM_6c84a35921b2,state.medium,in vitro/heterologous,,unreviewed
TERM_bc3ce75b1816,state.culture_architecture,in-planta transcriptome and secondary-metabolism analysis,,unreviewed
TERM_525e03032517,state.medium,maize infection,,unreviewed
TERM_69b99d7c0a0a,state.culture_architecture,radicicol/monocillin metabolite detection,,unreviewed
TERM_fe6cd9216d17,state.culture_architecture,native fermentation + metabolite isolation,,unreviewed
TERM_24b64225e93a,state.medium,RT-PCR-selected productive medium,,unreviewed
TERM_483369b3690e,state.culture_architecture,native targeted gene inactivation,,unreviewed
TERM_f5b048ed9618,state.culture_architecture,in-vitro biochemical assays,,unreviewed
TERM_09e5c8eaa362,state.medium,defined substrates/cofactors,,unreviewed
TERM_6af37f14ee5f,state.culture_architecture,comparative genomic/metabolite profiling,,unreviewed
TERM_2e10f4752f3e,state.culture_architecture,cluster-deletion/genotype comparison,,unreviewed
TERM_1e613023655e,state.culture_architecture,comparative fum-cluster integrity analysis,,unreviewed
TERM_2f040b0c05ff,state.culture_architecture,pathway reconstruction,,unreviewed
TERM_b389a9250375,state.culture_architecture,purified-enzyme assay,,unreviewed
TERM_daed4cc9f4af,state.medium,FPP-containing reaction,,unreviewed
TERM_f8955e196865,state.culture_architecture,biochemical/mutational mechanism study,,unreviewed
TERM_adc7f5ca06df,state.culture_architecture,heterologous/refactored flavonoid production,,unreviewed
TERM_c9d8292f2bc5,state.culture_architecture,stable-isotope feeding,,unreviewed
TERM_cc26c68f82c3,state.medium,p-coumaric acid or p-hydroxybenzoic acid,,unreviewed
TERM_5958ce0e78c0,state.culture_architecture,in-vitro biochemical assay,,unreviewed
TERM_564c5f241dc7,state.medium,aromatic acid + ATP and pathway cofactors,,unreviewed
TERM_2c4c42939e31,state.culture_architecture,early pathway heterologous reconstruction,,unreviewed
TERM_d5ef8d037eae,state.culture_architecture,sequential pathway dissection,,unreviewed
TERM_d5903bcef503,state.culture_architecture,in-vitro assay,,unreviewed
TERM_094baa157088,state.medium,13-deacetoxyaustalide I + cofactors,,unreviewed
TERM_8d90cd969e4a,state.culture_architecture,stepwise late-pathway in-vitro assays,,unreviewed
TERM_0b20b0bab25d,state.medium,defined intermediates + alphaKG/SAM as appropriate,,unreviewed
TERM_7c8af3fb5398,state.culture_architecture,negative/ambiguous catalytic test,,unreviewed
TERM_77639d989400,state.medium,heterologous,,unreviewed
TERM_c8868e211d3d,state.culture_architecture,three-gene heterologous core reconstruction,,unreviewed
TERM_2be420e29d1a,state.culture_architecture,stepwise IST pathway reconstruction,,unreviewed
TERM_1119a45b51bb,state.culture_architecture,cross-cluster heterologous reconstruction,,unreviewed
TERM_7d68041b5582,state.culture_architecture,comparative pathway reconstruction,,unreviewed
TERM_614893802701,state.culture_architecture,long-read genome mining / candidate-cluster analysis,,unreviewed
TERM_da45596d9573,state.culture_architecture,comparative BGC phylogeny/synteny,,unreviewed
TERM_62b58700afca,state.culture_architecture,metabolite phenotype assignment,,unreviewed
TERM_ddf6a5e5ea27,state.medium,native thallus,,unreviewed
TERM_089f517589d2,state.culture_architecture,native gene targeting + HPLC/LC-HRMS,,unreviewed
TERM_bf4b82f9ce87,state.medium,LPM,,unreviewed
TERM_05f0345178d6,state.culture_architecture,native genetic dissection,,unreviewed
TERM_e469370d5e9e,state.culture_architecture,native knockout + LC-MS,,unreviewed
TERM_d60065067a1c,state.medium,multiple media,,unreviewed
TERM_92296e1dd08d,state.culture_architecture,methyl-amino-acid feeding,,unreviewed
TERM_f19b7df60609,state.culture_architecture,heterologous expression + feeding,,unreviewed
TERM_39de62c6b704,state.culture_architecture,OSMAC + LC-ESI-MS/MS + genome mining,,unreviewed
TERM_bbf75ad131d8,state.medium,halide-varied media,,unreviewed
TERM_0c57fac1c208,state.culture_architecture,heterologous expression + gene deletion + feeding + biochemical characterization,,unreviewed
TERM_87d36a22dd0d,state.culture_architecture,CRISPR knockout + HPLC + LC-HRMS,,unreviewed
TERM_7ac31afc3f05,state.culture_architecture,native metabolomics/RT-PCR + combinatorial heterologous expression,,unreviewed
TERM_03c8302c8cbc,state.culture_architecture,CRISPR + heterologous expression + enzyme assays,,unreviewed
TERM_2bff66f2d69b,state.medium,fungal/in-vitro,,unreviewed
TERM_a6f06301ae7e,state.culture_architecture,heterologous expression + NMR,,unreviewed
TERM_850414e4e96c,state.culture_architecture,in-vitro biochemistry,,unreviewed
TERM_cb903b57a9cb,state.medium,cell-free,,unreviewed
TERM_7a92fe061fca,state.culture_architecture,OSMAC + LC-MS/MS + genome mining,,unreviewed
TERM_a394fcb3d31b,state.culture_architecture,comparative untargeted metabolomics,,unreviewed
TERM_fb702de2203f,state.medium,copper-limited versus copper-replete media,,unreviewed
TERM_ca4e4f024a2b,state.culture_architecture,genetic activation + metabolomics,,unreviewed
TERM_a0fe2b08f7bf,state.medium,copper-limited culture,,unreviewed
TERM_28f396e13a76,state.culture_architecture,native gene knockout + metabolite profiling,,unreviewed
TERM_c3ea1e45599f,state.culture_architecture,post-genomic heterologous expression,,unreviewed
TERM_ad61dd0fa5b7,state.culture_architecture,native culture screen,,unreviewed
TERM_e986ba3db381,state.medium,PDB/rice,,unreviewed
TERM_842bb035268b,state.medium,FPP + Mg2+,,unreviewed
TERM_fb121857e38c,state.culture_architecture,in vitro/stepwise functional assays,,unreviewed
TERM_f45d2d78c406,state.culture_architecture,native chromatin perturbation + metabolite/transcript profiling,,unreviewed
TERM_050d3fa2dddd,state.culture_architecture,transporter deletion + production assay,,unreviewed
TERM_fd0ebfdebd4c,state.culture_architecture,KMT6 knockdown/ChIP/regulator analysis,,unreviewed
TERM_3434c9fb9ac1,state.culture_architecture,submerged culture + qRT-PCR/metabolomics,,unreviewed
TERM_85e7172c299a,state.medium,LB + 2% fructose,,unreviewed
TERM_88e0b47fcfd8,state.culture_architecture,comparison culture,,unreviewed
TERM_47c2dc4dc51c,state.medium,PDB,,unreviewed
TERM_124e17606358,state.culture_architecture,isolated adenylation-domain substrate assay,,unreviewed
TERM_daab7d9afe06,state.culture_architecture,TndC expression + metabolite isolation,,unreviewed
TERM_92d5b364f84c,state.culture_architecture,13C isotope-labeling cyclization study,,unreviewed
TERM_28bd1070496f,state.medium,labeled precursor feeding,,unreviewed
TERM_63ab336b75d6,state.culture_architecture,stable-isotope talarodiene biotransformation,,unreviewed
TERM_df65f345be7d,state.culture_architecture,genetic activation + metabolite isolation,,unreviewed
TERM_788ad81f4601,state.culture_architecture,comparative metabolite profiling,,unreviewed
TERM_6c128696bd48,state.culture_architecture,expression of putative four-gene A. ruber echinulin cluster,,unreviewed
TERM_4a933cc5ca54,state.culture_architecture,purified enzyme assays with cyclo-L-Trp-L-Ala/preechinulin + DMAPP,,unreviewed
TERM_3353c553b748,state.culture_architecture,feeding experiments testing dehydrogenation position,,unreviewed
TERM_d9260252c015,state.culture_architecture,native culture extraction and LC-MS comparison,,unreviewed
TERM_67eec3a1e709,state.medium,culture-condition dependent,,unreviewed
TERM_efe2e101e2ef,state.culture_architecture,heterologous expression of ucd cluster and gene-deletion derivatives,,unreviewed
TERM_4437a3b35a55,state.culture_architecture,native metabolite/source context,,unreviewed
TERM_800afab0bb3d,state.culture_architecture,recombinant UcdE production and in vitro prenyltransferase assays,,unreviewed
TERM_d56a2c51afd4,state.medium,enzyme assay buffer; substrate panels,,unreviewed
TERM_7f8fbc7d0c61,state.culture_architecture,rice culture for RNA/cDNA in mechanistic follow-up,,unreviewed
TERM_b73e1f9c2309,state.medium,10 g rice + 15 mL water with uracil/uridine/pyridoxine,,unreviewed
TERM_df20da2cbeac,state.culture_architecture,native 7-day culture metabolite extraction,,unreviewed
TERM_6e7c69ea5b7f,state.culture_architecture,heterologous pbo-cluster expression and deletion derivatives,,unreviewed
TERM_d1770b37a0c7,state.culture_architecture,in vitro stereospecific indole hydroxylation assay,,unreviewed
TERM_d363cee0dcc2,state.culture_architecture,L-glutamic-acid precursor-fed native cultivation and product isolation,,unreviewed
TERM_64d52a8e5206,state.culture_architecture,heterologous expression of pba biosynthetic genes,,unreviewed
TERM_7181c722772e,state.culture_architecture,PbaC/PbaE/PbaD/PbaB reaction assays,,unreviewed
TERM_8e8b817c51e4,state.culture_architecture,CRISPR/Cas9-based gene inactivation,,unreviewed
TERM_6baeea3e01f7,state.culture_architecture,heterologous expression of 14 pho biosynthetic genes and pathway subsets,,unreviewed
TERM_7eb738048573,state.culture_architecture,feeding experiment testing PhoO-mediated penexanthone B coupling,,unreviewed
TERM_e6a0e0415d7c,state.culture_architecture,native PKS deletion; metabolite profiling,,unreviewed
TERM_50bb476b36b2,state.agitation,static/solid,,unreviewed
TERM_d0d9ed7d42f0,state.culture_architecture,native comparison showing abundant phomoxanthone A under standard conditions,,unreviewed
TERM_ee71e09d0801,state.medium,standard laboratory/rice contexts,,unreviewed
TERM_aab1dc4702eb,state.culture_architecture,heterologous expression and pathway-combination analysis,,unreviewed
TERM_e7c9e8ab0e3f,state.culture_architecture,core NR-PKS disruption and cluster-TF overexpression across growth conditions,,unreviewed
TERM_acc6c05e1568,state.culture_architecture,kinetic inhibition assays,,unreviewed
TERM_a4d2bbdae392,state.medium,ATP-variable biochemical assay,,unreviewed
TERM_1d7e2454d6bb,state.culture_architecture,cell-cycle response to roseopurpurin C,,unreviewed
TERM_8248abfca9c4,state.culture_architecture,synthetic ICI induced culture; culture-filtrate HPLC-HRMS,,unreviewed
TERM_7ac428832032,state.medium,ICI + 6 mM NaNO3,,unreviewed
TERM_1ddc377a6ff9,state.culture_architecture,gene expression and metabolomics under PKS8-regulatory perturbation,,unreviewed
TERM_ce0bc0f64441,state.medium,synthetic ICI,,unreviewed
TERM_70fd6b823fad,state.culture_architecture,reverse-genetic boundary/function testing,,unreviewed
TERM_75b02e7dbca2,state.medium,FmPKS8-inducing ICI,,unreviewed
TERM_1d660b3f25f1,state.culture_architecture,condition-response expression/metabolite analysis,,unreviewed
TERM_a8ca99a78f1e,state.medium,6/60 mM glutamine or 120 mM NaNO3 controls,,unreviewed
TERM_7c0281972d84,state.culture_architecture,native fermentation and pycnidione isolation,,unreviewed
TERM_d8acf14befa6,state.culture_architecture,"refactored/combinatorial expression of pycnidione, xenovulene and eupenifeldin pathway genes",,unreviewed
TERM_7b7cd6ff06e0,state.medium,heterologous fungal culture,,unreviewed
TERM_c9db3f9b0c9c,state.culture_architecture,isotope-feeding analysis of unexpected ring-contraction products,,unreviewed
TERM_935c9b85e5c6,state.culture_architecture,heterologous pathway expression,,unreviewed
TERM_5cd7a0fb70e3,state.culture_architecture,domain deletion/recombination analysis of KR-mediated chain release,,unreviewed
TERM_f95524d611a2,state.culture_architecture,aromatization-function testing,,unreviewed
TERM_d1ec94272f5e,state.culture_architecture,"methanolic extraction, HPLC purification and structural characterization",,unreviewed
TERM_752fd8d4f7a1,state.medium,stromatal material,,unreviewed
TERM_6418883fdf88,state.culture_architecture,comparative BGC mining and metabolite correlation,,unreviewed
TERM_3de1e23eace5,state.medium,genome/metabolome datasets,,unreviewed
TERM_1e94a7f7eab8,state.culture_architecture,single-gene expression and product isolation,,unreviewed
TERM_ba67161c2e48,state.culture_architecture,domain deletion/recombination,,unreviewed
TERM_f34610504640,state.culture_architecture,isotope/precursor feeding,,unreviewed
TERM_e46d80d953b3,state.culture_architecture,native transcriptomics/metabolite context,,unreviewed
TERM_bd3c991f50f2,state.culture_architecture,heterologous total-biosynthesis reconstruction of mfn pathway,,unreviewed
TERM_b1893c67b77f,state.culture_architecture,stepwise intermediate and enzyme-function dissection,,unreviewed
TERM_f16c11824acd,state.culture_architecture,heterologous vrcA expression,,unreviewed
TERM_34bf27660625,state.culture_architecture,vrcA + vrcB coexpression,,unreviewed
TERM_da1990b8b347,state.culture_architecture,VrcB replacement with homologous P450s,,unreviewed
TERM_7473275b6f46,state.culture_architecture,natural-product extraction and structure elucidation,,unreviewed
TERM_f7bae40a266b,state.culture_architecture,BGC mining and metabolite correlation,,unreviewed
TERM_29e03f38637a,state.culture_architecture,native knockout and metabolite profiling,,unreviewed
TERM_fe245417e15d,state.culture_architecture,native tailoring-gene deletions,,unreviewed
TERM_382277255f62,state.culture_architecture,native gene knockouts and metabolomics,,unreviewed
TERM_ea0698093779,state.culture_architecture,Fe3+ supplementation and trap-formation assays,,unreviewed
TERM_f7934a0b5e96,state.culture_architecture,desferriferrichrome add-back and nematicidal/trap assays,,unreviewed
TERM_db405a4f6b98,state.culture_architecture,PeTS1 heterologous expression and flask production,,unreviewed
TERM_d6a534d5b05b,state.medium,engineered bacterial production medium,,unreviewed
TERM_380ab893bd73,state.agitation,flask,,unreviewed
TERM_e044ebe66626,state.culture_architecture,MBP-fusion solubility/expression optimization,,unreviewed
TERM_747ce8160546,state.culture_architecture,stepwise heterologous reconstruction of dpfg pathway,,unreviewed
TERM_2986cb8b4fa0,state.culture_architecture,native CRISPR-Cas9 knockout + UHPLC-HRMS/MS,,unreviewed
TERM_175977883f9e,state.medium,Q6 liquid culture,,unreviewed
TERM_57d3ad6f54f4,state.culture_architecture,wheat-head infection metabolomics,,unreviewed
TERM_404237cc79a8,state.medium,in planta,,unreviewed
TERM_b24e746748dd,state.culture_architecture,HPLC chemotyping + PacBio genome sequencing,,unreviewed
TERM_18489ab5a5cc,state.medium,native lichen material,,unreviewed
TERM_33704265dde8,state.culture_architecture,HPLC chemotyping + genome sequencing,,unreviewed
TERM_20a9105d7076,state.culture_architecture,comparative genomics / antiSMASH BGC comparison,,unreviewed
TERM_ff22f974c236,state.medium,in silico,,unreviewed
TERM_b51f1ccab62e,state.culture_architecture,metatranscriptomic candidate-cluster expression analysis,,unreviewed
TERM_20e0586ed00d,state.culture_architecture,mpsA+mpsG expression,,unreviewed
TERM_e1613157a5a9,state.culture_architecture,mpsA+mpsD+mpsG expression,,unreviewed
TERM_89d49a596743,state.culture_architecture,mpsA+mpsD+mpsF+mpsG expression,,unreviewed
TERM_133ef808dc45,state.culture_architecture,proteasome inhibition assay,,unreviewed
TERM_5bf6b1b253e5,state.culture_architecture,native knockout metabolomics,,unreviewed
TERM_0678a05355d0,state.medium,YES solid,,unreviewed
TERM_c083aa39dda5,state.culture_architecture,genetic rescue metabolomics,,unreviewed
TERM_e55a212c2e69,state.culture_architecture,structural characterization,,unreviewed
TERM_b70de8dd48c5,state.culture_architecture,native gene deletion + metabolite profiling,,unreviewed
TERM_8bafc11920cc,state.culture_architecture,comparative cluster architecture,,unreviewed
TERM_6f1b41ae62d7,state.culture_architecture,pathogenicity comparison,,unreviewed
TERM_5db9de083bda,state.medium,host assay,,unreviewed
TERM_89dc71ebcd19,state.culture_architecture,functional localization,,unreviewed
TERM_8f90ffd7bc7c,state.culture_architecture,biochemical oxidative lactonization assay,,unreviewed
TERM_0eabd4743729,state.culture_architecture,native knockout LC-MS/MS,,unreviewed
TERM_29ed5a4bc91e,state.culture_architecture,native knockout intermediate profiling,,unreviewed
TERM_460f4d072a88,state.culture_architecture,native knockout product-ratio profiling,,unreviewed
TERM_b2239a678c38,state.culture_architecture,native knockout metabolite analysis,,unreviewed
TERM_8fe5b0107f26,state.culture_architecture,biochemical prenyltransferase assay,,unreviewed
TERM_c84e4e98467c,state.culture_architecture,native promoter replacement,,unreviewed
TERM_59ddb14bc075,state.culture_architecture,in vitro sequential enzyme assay,,unreviewed
TERM_4c37421ced6b,state.medium,Tris buffer,,unreviewed
TERM_19cea88647b7,state.culture_architecture,in vitro DMAPP/IPP conversion,,unreviewed
TERM_55baa0c74d21,state.culture_architecture,domain-function mutagenesis,,unreviewed
TERM_6ad222190860,state.culture_architecture,heterologous expression + product isolation,,unreviewed
TERM_9611cc811433,state.culture_architecture,host-derived mycelium + alkaloid metabolomics,,unreviewed
TERM_dd15e379963a,state.culture_architecture,multi-genome EAS-locus comparison,,unreviewed
TERM_d66fd424d405,state.medium,in silico/comparative,,unreviewed
TERM_c791dff008f0,state.culture_architecture,native gene disruption + infected ryegrass chemical profiling,,unreviewed
TERM_9baaad61ceb3,state.culture_architecture,genetic complementation + infected ryegrass profiling,,unreviewed
TERM_7a1935d67d01,state.culture_architecture,EAS expression/context comparison,,unreviewed
TERM_00d27d15eb46,state.medium,host tissue / axenic culture,,unreviewed
TERM_c893629338ac,state.culture_architecture,host-derived mycelium + indole-diterpene metabolomics,,unreviewed
TERM_430520e537b2,state.culture_architecture,multi-genome IDT locus comparison,,unreviewed
