source,target,relation
M4-FUNG-0001,NCBITAXON:5599,belongs_to
M4-FUNG-0001,M4-FUNG-0001:G001,has_gene
M4-FUNG-0001,M4-FUNG-0001:G002,has_gene
M4-FUNG-0001,M4-FUNG-0001:G003,has_gene
M4-FUNG-0001,M4-FUNG-0001:G004,has_gene
M4-FUNG-0001,M4-FUNG-0001:G005,has_gene
M4-FUNG-0001,M4-FUNG-0001:G006,has_gene
M4-FUNG-0001,M4-FUNG-0001:M001,produces_metabolite
M4-FUNG-0001,M4-FUNG-0001:M002,produces_metabolite
M4-FUNG-0001,M4-FUNG-0001:M003,produces_metabolite
NCBITAXON:5599,M4-FUNG-0141,belongs_to
NCBITAXON:5599,M4-FUNG-0144,belongs_to
NCBITAXON:5599,M4-FUNG-0146,belongs_to
NCBITAXON:5599,M4-FUNG-0153,belongs_to
NCBITAXON:5599,M4-FUNG-0154,belongs_to
NCBITAXON:5599,M4-FUNG-0339,belongs_to
M4-FUNG-0002,NCBITAXON:5062,belongs_to
M4-FUNG-0002,M4-FUNG-0002:G001,has_gene
M4-FUNG-0002,M4-FUNG-0002:G002,has_gene
M4-FUNG-0002,M4-FUNG-0002:G003,has_gene
M4-FUNG-0002,M4-FUNG-0002:G004,has_gene
M4-FUNG-0002,M4-FUNG-0002:G005,has_gene
M4-FUNG-0002,M4-FUNG-0002:G006,has_gene
M4-FUNG-0002,M4-FUNG-0002:G007,has_gene
M4-FUNG-0002,M4-FUNG-0002:G008,has_gene
M4-FUNG-0002,M4-FUNG-0002:G009,has_gene
M4-FUNG-0002,M4-FUNG-0002:G010,has_gene
M4-FUNG-0002,M4-FUNG-0002:G011,has_gene
M4-FUNG-0002,M4-FUNG-0002:G012,has_gene
M4-FUNG-0002,M4-FUNG-0002:G013,has_gene
M4-FUNG-0002,M4-FUNG-0002:G014,has_gene
M4-FUNG-0002,M4-FUNG-0002:G015,has_gene
M4-FUNG-0002,M4-FUNG-0002:G016,has_gene
M4-FUNG-0002,M4-FUNG-0002:G017,has_gene
M4-FUNG-0002,M4-FUNG-0002:G018,has_gene
M4-FUNG-0002,M4-FUNG-0002:G019,has_gene
M4-FUNG-0002,M4-FUNG-0002:G020,has_gene
M4-FUNG-0002,M4-FUNG-0002:G021,has_gene
M4-FUNG-0002,M4-FUNG-0002:G022,has_gene
M4-FUNG-0002,M4-FUNG-0002:G023,has_gene
M4-FUNG-0002,M4-FUNG-0002:M001,produces_metabolite
NCBITAXON:5062,M4-FUNG-0091,belongs_to
NCBITAXON:5062,M4-FUNG-0097,belongs_to
M4-FUNG-0003,NCBITAXON:5067,belongs_to
M4-FUNG-0003,M4-FUNG-0003:G001,has_gene
M4-FUNG-0003,M4-FUNG-0003:G002,has_gene
M4-FUNG-0003,M4-FUNG-0003:G003,has_gene
M4-FUNG-0003,M4-FUNG-0003:G004,has_gene
M4-FUNG-0003,M4-FUNG-0003:G005,has_gene
M4-FUNG-0003,M4-FUNG-0003:G006,has_gene
M4-FUNG-0003,M4-FUNG-0003:G007,has_gene
M4-FUNG-0003,M4-FUNG-0003:G008,has_gene
M4-FUNG-0003,M4-FUNG-0003:G009,has_gene
M4-FUNG-0003,M4-FUNG-0003:G010,has_gene
M4-FUNG-0003,M4-FUNG-0003:G011,has_gene
M4-FUNG-0003,M4-FUNG-0003:G012,has_gene
M4-FUNG-0003,M4-FUNG-0003:G013,has_gene
M4-FUNG-0003,M4-FUNG-0003:G014,has_gene
M4-FUNG-0003,M4-FUNG-0003:G015,has_gene
M4-FUNG-0003,M4-FUNG-0003:G016,has_gene
M4-FUNG-0003,M4-FUNG-0003:G017,has_gene
M4-FUNG-0003,M4-FUNG-0003:G018,has_gene
M4-FUNG-0003,M4-FUNG-0003:G019,has_gene
M4-FUNG-0003,M4-FUNG-0003:G020,has_gene
M4-FUNG-0003,M4-FUNG-0003:G021,has_gene
M4-FUNG-0003,M4-FUNG-0003:G022,has_gene
M4-FUNG-0003,M4-FUNG-0003:G023,has_gene
M4-FUNG-0003,M4-FUNG-0003:G024,has_gene
M4-FUNG-0003,M4-FUNG-0003:G025,has_gene
M4-FUNG-0003,M4-FUNG-0003:G026,has_gene
M4-FUNG-0003,M4-FUNG-0003:G027,has_gene
M4-FUNG-0003,M4-FUNG-0003:G028,has_gene
M4-FUNG-0003,M4-FUNG-0003:G029,has_gene
M4-FUNG-0003,M4-FUNG-0003:M001,produces_metabolite
M4-FUNG-0003,M4-FUNG-0003:M002,produces_metabolite
M4-FUNG-0003,M4-FUNG-0003:M003,produces_metabolite
M4-FUNG-0003,M4-FUNG-0003:M004,produces_metabolite
M4-FUNG-0004,NCBITAXON:5059,belongs_to
M4-FUNG-0004,M4-FUNG-0004:G001,has_gene
M4-FUNG-0004,M4-FUNG-0004:G002,has_gene
M4-FUNG-0004,M4-FUNG-0004:G003,has_gene
M4-FUNG-0004,M4-FUNG-0004:G004,has_gene
M4-FUNG-0004,M4-FUNG-0004:G005,has_gene
M4-FUNG-0004,M4-FUNG-0004:G006,has_gene
M4-FUNG-0004,M4-FUNG-0004:G007,has_gene
M4-FUNG-0004,M4-FUNG-0004:G008,has_gene
M4-FUNG-0004,M4-FUNG-0004:G009,has_gene
M4-FUNG-0004,M4-FUNG-0004:G010,has_gene
M4-FUNG-0004,M4-FUNG-0004:G011,has_gene
M4-FUNG-0004,M4-FUNG-0004:G012,has_gene
M4-FUNG-0004,M4-FUNG-0004:G013,has_gene
M4-FUNG-0004,M4-FUNG-0004:G014,has_gene
M4-FUNG-0004,M4-FUNG-0004:G015,has_gene
M4-FUNG-0004,M4-FUNG-0004:G016,has_gene
M4-FUNG-0004,M4-FUNG-0004:G017,has_gene
M4-FUNG-0004,M4-FUNG-0004:G018,has_gene
M4-FUNG-0004,M4-FUNG-0004:G019,has_gene
M4-FUNG-0004,M4-FUNG-0004:G020,has_gene
M4-FUNG-0004,M4-FUNG-0004:G021,has_gene
M4-FUNG-0004,M4-FUNG-0004:G022,has_gene
M4-FUNG-0004,M4-FUNG-0004:G023,has_gene
M4-FUNG-0004,M4-FUNG-0004:M001,produces_metabolite
M4-FUNG-0004,M4-FUNG-0004:M002,produces_metabolite
NCBITAXON:5059,M4-FUNG-0006,belongs_to
NCBITAXON:5059,M4-FUNG-0008,belongs_to
NCBITAXON:5059,M4-FUNG-0072,belongs_to
NCBITAXON:5059,M4-FUNG-0275,belongs_to
NCBITAXON:5059,M4-FUNG-0319,belongs_to
NCBITAXON:5059,M4-FUNG-0483,belongs_to
NCBITAXON:5059,M4-FUNG-0603,belongs_to
M4-FUNG-0005,NCBITAXON:2059437,belongs_to
M4-FUNG-0005,M4-FUNG-0005:G001,has_gene
M4-FUNG-0005,M4-FUNG-0005:G002,has_gene
M4-FUNG-0005,M4-FUNG-0005:G003,has_gene
M4-FUNG-0005,M4-FUNG-0005:G004,has_gene
M4-FUNG-0005,M4-FUNG-0005:G005,has_gene
M4-FUNG-0005,M4-FUNG-0005:G006,has_gene
M4-FUNG-0005,M4-FUNG-0005:G007,has_gene
M4-FUNG-0005,M4-FUNG-0005:G008,has_gene
M4-FUNG-0005,M4-FUNG-0005:G009,has_gene
M4-FUNG-0005,M4-FUNG-0005:G010,has_gene
M4-FUNG-0005,M4-FUNG-0005:G011,has_gene
M4-FUNG-0005,M4-FUNG-0005:G012,has_gene
M4-FUNG-0005,M4-FUNG-0005:G013,has_gene
M4-FUNG-0005,M4-FUNG-0005:G014,has_gene
M4-FUNG-0005,M4-FUNG-0005:G015,has_gene
M4-FUNG-0005,M4-FUNG-0005:G016,has_gene
M4-FUNG-0005,M4-FUNG-0005:G017,has_gene
M4-FUNG-0005,M4-FUNG-0005:G018,has_gene
M4-FUNG-0005,M4-FUNG-0005:G019,has_gene
M4-FUNG-0005,M4-FUNG-0005:G020,has_gene
M4-FUNG-0005,M4-FUNG-0005:G021,has_gene
M4-FUNG-0005,M4-FUNG-0005:G022,has_gene
M4-FUNG-0005,M4-FUNG-0005:G023,has_gene
M4-FUNG-0005,M4-FUNG-0005:G024,has_gene
M4-FUNG-0005,M4-FUNG-0005:G025,has_gene
M4-FUNG-0005,M4-FUNG-0005:M001,produces_metabolite
M4-FUNG-0005,M4-FUNG-0005:M002,produces_metabolite
M4-FUNG-0006,M4-FUNG-0006:G001,has_gene
M4-FUNG-0006,M4-FUNG-0006:G002,has_gene
M4-FUNG-0006,M4-FUNG-0006:G003,has_gene
M4-FUNG-0006,M4-FUNG-0006:G004,has_gene
M4-FUNG-0006,M4-FUNG-0006:G005,has_gene
M4-FUNG-0006,M4-FUNG-0006:G006,has_gene
M4-FUNG-0006,M4-FUNG-0006:G007,has_gene
M4-FUNG-0006,M4-FUNG-0006:G008,has_gene
M4-FUNG-0006,M4-FUNG-0006:G009,has_gene
M4-FUNG-0006,M4-FUNG-0006:G010,has_gene
M4-FUNG-0006,M4-FUNG-0006:G011,has_gene
M4-FUNG-0006,M4-FUNG-0006:G012,has_gene
M4-FUNG-0006,M4-FUNG-0006:G013,has_gene
M4-FUNG-0006,M4-FUNG-0006:G014,has_gene
M4-FUNG-0006,M4-FUNG-0006:G015,has_gene
M4-FUNG-0006,M4-FUNG-0006:G016,has_gene
M4-FUNG-0006,M4-FUNG-0006:G017,has_gene
M4-FUNG-0006,M4-FUNG-0006:G018,has_gene
M4-FUNG-0006,M4-FUNG-0006:G019,has_gene
M4-FUNG-0006,M4-FUNG-0006:G020,has_gene
M4-FUNG-0006,M4-FUNG-0006:G021,has_gene
M4-FUNG-0006,M4-FUNG-0006:G022,has_gene
M4-FUNG-0006,M4-FUNG-0006:G023,has_gene
M4-FUNG-0006,M4-FUNG-0006:M001,produces_metabolite
M4-FUNG-0006,M4-FUNG-0006:M002,produces_metabolite
M4-FUNG-0007,NCBITAXON:41061,belongs_to
M4-FUNG-0007,M4-FUNG-0007:G001,has_gene
M4-FUNG-0007,M4-FUNG-0007:G002,has_gene
M4-FUNG-0007,M4-FUNG-0007:G003,has_gene
M4-FUNG-0007,M4-FUNG-0007:G004,has_gene
M4-FUNG-0007,M4-FUNG-0007:G005,has_gene
M4-FUNG-0007,M4-FUNG-0007:G006,has_gene
M4-FUNG-0007,M4-FUNG-0007:G007,has_gene
M4-FUNG-0007,M4-FUNG-0007:G008,has_gene
M4-FUNG-0007,M4-FUNG-0007:G009,has_gene
M4-FUNG-0007,M4-FUNG-0007:G010,has_gene
M4-FUNG-0007,M4-FUNG-0007:G011,has_gene
M4-FUNG-0007,M4-FUNG-0007:G012,has_gene
M4-FUNG-0007,M4-FUNG-0007:G013,has_gene
M4-FUNG-0007,M4-FUNG-0007:G014,has_gene
M4-FUNG-0007,M4-FUNG-0007:G015,has_gene
M4-FUNG-0007,M4-FUNG-0007:G016,has_gene
M4-FUNG-0007,M4-FUNG-0007:G017,has_gene
M4-FUNG-0007,M4-FUNG-0007:G018,has_gene
M4-FUNG-0007,M4-FUNG-0007:G019,has_gene
M4-FUNG-0007,M4-FUNG-0007:G020,has_gene
M4-FUNG-0007,M4-FUNG-0007:G021,has_gene
M4-FUNG-0007,M4-FUNG-0007:G022,has_gene
M4-FUNG-0007,M4-FUNG-0007:G023,has_gene
M4-FUNG-0007,M4-FUNG-0007:G024,has_gene
M4-FUNG-0007,M4-FUNG-0007:G025,has_gene
M4-FUNG-0007,M4-FUNG-0007:M001,produces_metabolite
M4-FUNG-0007,M4-FUNG-0007:M002,produces_metabolite
M4-FUNG-0007,M4-FUNG-0007:M003,produces_metabolite
M4-FUNG-0007,M4-FUNG-0007:M004,produces_metabolite
M4-FUNG-0008,M4-FUNG-0008:G001,has_gene
M4-FUNG-0008,M4-FUNG-0008:G002,has_gene
M4-FUNG-0008,M4-FUNG-0008:G003,has_gene
M4-FUNG-0008,M4-FUNG-0008:G004,has_gene
M4-FUNG-0008,M4-FUNG-0008:G005,has_gene
M4-FUNG-0008,M4-FUNG-0008:G006,has_gene
M4-FUNG-0008,M4-FUNG-0008:G007,has_gene
M4-FUNG-0008,M4-FUNG-0008:G008,has_gene
M4-FUNG-0008,M4-FUNG-0008:G009,has_gene
M4-FUNG-0008,M4-FUNG-0008:G010,has_gene
M4-FUNG-0008,M4-FUNG-0008:G011,has_gene
M4-FUNG-0008,M4-FUNG-0008:G012,has_gene
M4-FUNG-0008,M4-FUNG-0008:G013,has_gene
M4-FUNG-0008,M4-FUNG-0008:G014,has_gene
M4-FUNG-0008,M4-FUNG-0008:G015,has_gene
M4-FUNG-0008,M4-FUNG-0008:G016,has_gene
M4-FUNG-0008,M4-FUNG-0008:G017,has_gene
M4-FUNG-0008,M4-FUNG-0008:G018,has_gene
M4-FUNG-0008,M4-FUNG-0008:G019,has_gene
M4-FUNG-0008,M4-FUNG-0008:G020,has_gene
M4-FUNG-0008,M4-FUNG-0008:G021,has_gene
M4-FUNG-0008,M4-FUNG-0008:G022,has_gene
M4-FUNG-0008,M4-FUNG-0008:G023,has_gene
M4-FUNG-0008,M4-FUNG-0008:M001,produces_metabolite
M4-FUNG-0009,NCBITAXON:138278,belongs_to
M4-FUNG-0009,M4-FUNG-0009:G001,has_gene
M4-FUNG-0009,M4-FUNG-0009:G002,has_gene
M4-FUNG-0009,M4-FUNG-0009:G003,has_gene
M4-FUNG-0009,M4-FUNG-0009:G004,has_gene
M4-FUNG-0009,M4-FUNG-0009:G005,has_gene
M4-FUNG-0009,M4-FUNG-0009:G006,has_gene
M4-FUNG-0009,M4-FUNG-0009:G007,has_gene
M4-FUNG-0009,M4-FUNG-0009:G008,has_gene
M4-FUNG-0009,M4-FUNG-0009:G009,has_gene
M4-FUNG-0009,M4-FUNG-0009:G010,has_gene
M4-FUNG-0009,M4-FUNG-0009:G011,has_gene
M4-FUNG-0009,M4-FUNG-0009:G012,has_gene
M4-FUNG-0009,M4-FUNG-0009:G013,has_gene
M4-FUNG-0009,M4-FUNG-0009:G014,has_gene
M4-FUNG-0009,M4-FUNG-0009:G015,has_gene
M4-FUNG-0009,M4-FUNG-0009:G016,has_gene
M4-FUNG-0009,M4-FUNG-0009:G017,has_gene
M4-FUNG-0009,M4-FUNG-0009:G018,has_gene
M4-FUNG-0009,M4-FUNG-0009:G019,has_gene
M4-FUNG-0009,M4-FUNG-0009:G020,has_gene
M4-FUNG-0009,M4-FUNG-0009:G021,has_gene
M4-FUNG-0009,M4-FUNG-0009:G022,has_gene
M4-FUNG-0009,M4-FUNG-0009:G023,has_gene
M4-FUNG-0009,M4-FUNG-0009:G024,has_gene
M4-FUNG-0009,M4-FUNG-0009:G025,has_gene
M4-FUNG-0009,M4-FUNG-0009:G026,has_gene
M4-FUNG-0009,M4-FUNG-0009:G027,has_gene
M4-FUNG-0009,M4-FUNG-0009:M001,produces_metabolite
M4-FUNG-0009,M4-FUNG-0009:M002,produces_metabolite
M4-FUNG-0009,M4-FUNG-0009:M003,produces_metabolite
M4-FUNG-0010,NCBITAXON:48100,belongs_to
M4-FUNG-0010,M4-FUNG-0010:G001,has_gene
M4-FUNG-0010,M4-FUNG-0010:G002,has_gene
M4-FUNG-0010,M4-FUNG-0010:G003,has_gene
M4-FUNG-0010,M4-FUNG-0010:G004,has_gene
M4-FUNG-0010,M4-FUNG-0010:G005,has_gene
M4-FUNG-0010,M4-FUNG-0010:M001,produces_metabolite
M4-FUNG-0010,M4-FUNG-0010:M002,produces_metabolite
NCBITAXON:48100,M4-FUNG-0038,belongs_to
M4-FUNG-0011,NCBITAXON:227321,belongs_to
M4-FUNG-0011,M4-FUNG-0011:G001,has_gene
M4-FUNG-0011,M4-FUNG-0011:G002,has_gene
M4-FUNG-0011,M4-FUNG-0011:M001,produces_metabolite
M4-FUNG-0011,M4-FUNG-0011:M002,produces_metabolite
M4-FUNG-0011,M4-FUNG-0011:M003,produces_metabolite
M4-FUNG-0011,M4-FUNG-0011:M004,produces_metabolite
NCBITAXON:227321,M4-FUNG-0012,belongs_to
NCBITAXON:227321,M4-FUNG-0015,belongs_to
NCBITAXON:227321,M4-FUNG-0020,belongs_to
NCBITAXON:227321,M4-FUNG-0031,belongs_to
NCBITAXON:227321,M4-FUNG-0033,belongs_to
NCBITAXON:227321,M4-FUNG-0069,belongs_to
NCBITAXON:227321,M4-FUNG-0075,belongs_to
NCBITAXON:227321,M4-FUNG-0077,belongs_to
NCBITAXON:227321,M4-FUNG-0079,belongs_to
NCBITAXON:227321,M4-FUNG-0095,belongs_to
NCBITAXON:227321,M4-FUNG-0163,belongs_to
NCBITAXON:227321,M4-FUNG-0177,belongs_to
NCBITAXON:227321,M4-FUNG-0195,belongs_to
NCBITAXON:227321,M4-FUNG-0210,belongs_to
NCBITAXON:227321,M4-FUNG-0241,belongs_to
NCBITAXON:227321,M4-FUNG-0243,belongs_to
NCBITAXON:227321,M4-FUNG-0246,belongs_to
NCBITAXON:227321,M4-FUNG-0253,belongs_to
NCBITAXON:227321,M4-FUNG-0303,belongs_to
NCBITAXON:227321,M4-FUNG-0340,belongs_to
NCBITAXON:227321,M4-FUNG-0435,belongs_to
NCBITAXON:227321,M4-FUNG-0522,belongs_to
M4-FUNG-0012,M4-FUNG-0012:G001,has_gene
M4-FUNG-0012,M4-FUNG-0012:G002,has_gene
M4-FUNG-0012,M4-FUNG-0012:G003,has_gene
M4-FUNG-0012,M4-FUNG-0012:G004,has_gene
M4-FUNG-0012,M4-FUNG-0012:G005,has_gene
M4-FUNG-0012,M4-FUNG-0012:G006,has_gene
M4-FUNG-0012,M4-FUNG-0012:G007,has_gene
M4-FUNG-0012,M4-FUNG-0012:G008,has_gene
M4-FUNG-0012,M4-FUNG-0012:G009,has_gene
M4-FUNG-0012,M4-FUNG-0012:G010,has_gene
M4-FUNG-0012,M4-FUNG-0012:G011,has_gene
M4-FUNG-0012,M4-FUNG-0012:M001,produces_metabolite
M4-FUNG-0012,M4-FUNG-0012:M002,produces_metabolite
M4-FUNG-0013,NCBITAXON:89488,belongs_to
M4-FUNG-0013,M4-FUNG-0013:G001,has_gene
M4-FUNG-0013,M4-FUNG-0013:G002,has_gene
M4-FUNG-0013,M4-FUNG-0013:G003,has_gene
M4-FUNG-0013,M4-FUNG-0013:G004,has_gene
M4-FUNG-0013,M4-FUNG-0013:G005,has_gene
M4-FUNG-0013,M4-FUNG-0013:G006,has_gene
M4-FUNG-0013,M4-FUNG-0013:G007,has_gene
M4-FUNG-0013,M4-FUNG-0013:G008,has_gene
M4-FUNG-0013,M4-FUNG-0013:G009,has_gene
M4-FUNG-0013,M4-FUNG-0013:G010,has_gene
M4-FUNG-0013,M4-FUNG-0013:G011,has_gene
M4-FUNG-0013,M4-FUNG-0013:G012,has_gene
M4-FUNG-0013,M4-FUNG-0013:G013,has_gene
M4-FUNG-0013,M4-FUNG-0013:G014,has_gene
M4-FUNG-0013,M4-FUNG-0013:G015,has_gene
M4-FUNG-0013,M4-FUNG-0013:G016,has_gene
M4-FUNG-0013,M4-FUNG-0013:G017,has_gene
M4-FUNG-0013,M4-FUNG-0013:G018,has_gene
M4-FUNG-0013,M4-FUNG-0013:G019,has_gene
M4-FUNG-0013,M4-FUNG-0013:G020,has_gene
M4-FUNG-0013,M4-FUNG-0013:G021,has_gene
M4-FUNG-0013,M4-FUNG-0013:G022,has_gene
M4-FUNG-0013,M4-FUNG-0013:G023,has_gene
M4-FUNG-0013,M4-FUNG-0013:G024,has_gene
M4-FUNG-0013,M4-FUNG-0013:M001,produces_metabolite
M4-FUNG-0013,M4-FUNG-0013:M002,produces_metabolite
M4-FUNG-0013,M4-FUNG-0013:M003,produces_metabolite
M4-FUNG-0013,M4-FUNG-0013:M004,produces_metabolite
M4-FUNG-0013,M4-FUNG-0013:M005,produces_metabolite
NCBITAXON:89488,M4-FUNG-0029,belongs_to
M4-FUNG-0014,NCBITAXON:1279085,belongs_to
M4-FUNG-0014,M4-FUNG-0014:G001,has_gene
M4-FUNG-0014,M4-FUNG-0014:G002,has_gene
M4-FUNG-0014,M4-FUNG-0014:G003,has_gene
M4-FUNG-0014,M4-FUNG-0014:G004,has_gene
M4-FUNG-0014,M4-FUNG-0014:G005,has_gene
M4-FUNG-0014,M4-FUNG-0014:G006,has_gene
M4-FUNG-0014,M4-FUNG-0014:G007,has_gene
M4-FUNG-0014,M4-FUNG-0014:M001,produces_metabolite
M4-FUNG-0014,M4-FUNG-0014:M002,produces_metabolite
M4-FUNG-0014,M4-FUNG-0014:M003,produces_metabolite
M4-FUNG-0014,M4-FUNG-0014:M004,produces_metabolite
NCBITAXON:1279085,M4-FUNG-0179,belongs_to
NCBITAXON:1279085,M4-FUNG-0207,belongs_to
NCBITAXON:1279085,M4-FUNG-0230,belongs_to
NCBITAXON:1279085,M4-FUNG-0572,belongs_to
M4-FUNG-0015,M4-FUNG-0015:G001,has_gene
M4-FUNG-0015,M4-FUNG-0015:G002,has_gene
M4-FUNG-0015,M4-FUNG-0015:G003,has_gene
M4-FUNG-0015,M4-FUNG-0015:G004,has_gene
M4-FUNG-0015,M4-FUNG-0015:G005,has_gene
M4-FUNG-0015,M4-FUNG-0015:G006,has_gene
M4-FUNG-0015,M4-FUNG-0015:G007,has_gene
M4-FUNG-0015,M4-FUNG-0015:G008,has_gene
M4-FUNG-0015,M4-FUNG-0015:M001,produces_metabolite
M4-FUNG-0015,M4-FUNG-0015:M002,produces_metabolite
M4-FUNG-0015,M4-FUNG-0015:M003,produces_metabolite
M4-FUNG-0015,M4-FUNG-0015:M004,produces_metabolite
M4-FUNG-0015,M4-FUNG-0015:M005,produces_metabolite
M4-FUNG-0015,M4-FUNG-0015:M006,produces_metabolite
M4-FUNG-0015,M4-FUNG-0015:M007,produces_metabolite
M4-FUNG-0015,M4-FUNG-0015:M008,produces_metabolite
M4-FUNG-0016,NCBITAXON:5077,belongs_to
M4-FUNG-0016,M4-FUNG-0016:G001,has_gene
M4-FUNG-0016,M4-FUNG-0016:G002,has_gene
M4-FUNG-0016,M4-FUNG-0016:G003,has_gene
M4-FUNG-0016,M4-FUNG-0016:G004,has_gene
M4-FUNG-0016,M4-FUNG-0016:G005,has_gene
M4-FUNG-0016,M4-FUNG-0016:G006,has_gene
M4-FUNG-0016,M4-FUNG-0016:G007,has_gene
M4-FUNG-0016,M4-FUNG-0016:G008,has_gene
M4-FUNG-0016,M4-FUNG-0016:G009,has_gene
M4-FUNG-0016,M4-FUNG-0016:M001,produces_metabolite
M4-FUNG-0016,M4-FUNG-0016:M002,produces_metabolite
NCBITAXON:5077,M4-FUNG-0447,belongs_to
M4-FUNG-0017,NCBITAXON:33178,belongs_to
M4-FUNG-0017,M4-FUNG-0017:G001,has_gene
M4-FUNG-0017,M4-FUNG-0017:G002,has_gene
M4-FUNG-0017,M4-FUNG-0017:G003,has_gene
M4-FUNG-0017,M4-FUNG-0017:G004,has_gene
M4-FUNG-0017,M4-FUNG-0017:G005,has_gene
M4-FUNG-0017,M4-FUNG-0017:G006,has_gene
M4-FUNG-0017,M4-FUNG-0017:G007,has_gene
M4-FUNG-0017,M4-FUNG-0017:G008,has_gene
M4-FUNG-0017,M4-FUNG-0017:M001,produces_metabolite
M4-FUNG-0017,M4-FUNG-0017:M002,produces_metabolite
M4-FUNG-0017,M4-FUNG-0017:M003,produces_metabolite
NCBITAXON:33178,M4-FUNG-0028,belongs_to
NCBITAXON:33178,M4-FUNG-0168,belongs_to
M4-FUNG-0018,NCBITAXON:622360,belongs_to
M4-FUNG-0018,M4-FUNG-0018:G001,has_gene
M4-FUNG-0018,M4-FUNG-0018:G002,has_gene
M4-FUNG-0018,M4-FUNG-0018:G003,has_gene
M4-FUNG-0018,M4-FUNG-0018:G004,has_gene
M4-FUNG-0018,M4-FUNG-0018:G005,has_gene
M4-FUNG-0018,M4-FUNG-0018:G006,has_gene
M4-FUNG-0018,M4-FUNG-0018:M001,produces_metabolite
M4-FUNG-0018,M4-FUNG-0018:M002,produces_metabolite
M4-FUNG-0018,M4-FUNG-0018:M003,produces_metabolite
NCBITAXON:622360,M4-FUNG-0080,belongs_to
M4-FUNG-0019,NCBITAXON:675120,belongs_to
M4-FUNG-0019,M4-FUNG-0019:G001,has_gene
M4-FUNG-0019,M4-FUNG-0019:G002,has_gene
M4-FUNG-0019,M4-FUNG-0019:G003,has_gene
M4-FUNG-0019,M4-FUNG-0019:G004,has_gene
M4-FUNG-0019,M4-FUNG-0019:G005,has_gene
M4-FUNG-0019,M4-FUNG-0019:G006,has_gene
M4-FUNG-0019,M4-FUNG-0019:G007,has_gene
M4-FUNG-0019,M4-FUNG-0019:G008,has_gene
M4-FUNG-0019,M4-FUNG-0019:G009,has_gene
M4-FUNG-0019,M4-FUNG-0019:G010,has_gene
M4-FUNG-0019,M4-FUNG-0019:G011,has_gene
M4-FUNG-0019,M4-FUNG-0019:G012,has_gene
M4-FUNG-0019,M4-FUNG-0019:G013,has_gene
M4-FUNG-0019,M4-FUNG-0019:G014,has_gene
M4-FUNG-0019,M4-FUNG-0019:G015,has_gene
M4-FUNG-0019,M4-FUNG-0019:G016,has_gene
M4-FUNG-0019,M4-FUNG-0019:G017,has_gene
M4-FUNG-0019,M4-FUNG-0019:G018,has_gene
M4-FUNG-0019,M4-FUNG-0019:G019,has_gene
M4-FUNG-0019,M4-FUNG-0019:G020,has_gene
M4-FUNG-0019,M4-FUNG-0019:G021,has_gene
M4-FUNG-0019,M4-FUNG-0019:G022,has_gene
M4-FUNG-0019,M4-FUNG-0019:G023,has_gene
M4-FUNG-0019,M4-FUNG-0019:G024,has_gene
M4-FUNG-0019,M4-FUNG-0019:G025,has_gene
M4-FUNG-0019,M4-FUNG-0019:G026,has_gene
M4-FUNG-0019,M4-FUNG-0019:G027,has_gene
M4-FUNG-0019,M4-FUNG-0019:G028,has_gene
M4-FUNG-0019,M4-FUNG-0019:G029,has_gene
M4-FUNG-0019,M4-FUNG-0019:G030,has_gene
M4-FUNG-0019,M4-FUNG-0019:G031,has_gene
M4-FUNG-0019,M4-FUNG-0019:G032,has_gene
M4-FUNG-0019,M4-FUNG-0019:G033,has_gene
M4-FUNG-0019,M4-FUNG-0019:G034,has_gene
M4-FUNG-0019,M4-FUNG-0019:G035,has_gene
M4-FUNG-0019,M4-FUNG-0019:M001,produces_metabolite
M4-FUNG-0019,M4-FUNG-0019:M002,produces_metabolite
M4-FUNG-0019,M4-FUNG-0019:M003,produces_metabolite
M4-FUNG-0020,M4-FUNG-0020:G001,has_gene
M4-FUNG-0020,M4-FUNG-0020:G002,has_gene
M4-FUNG-0020,M4-FUNG-0020:G003,has_gene
M4-FUNG-0020,M4-FUNG-0020:G004,has_gene
M4-FUNG-0020,M4-FUNG-0020:G005,has_gene
M4-FUNG-0020,M4-FUNG-0020:G006,has_gene
M4-FUNG-0020,M4-FUNG-0020:G007,has_gene
M4-FUNG-0020,M4-FUNG-0020:G008,has_gene
M4-FUNG-0020,M4-FUNG-0020:G009,has_gene
M4-FUNG-0020,M4-FUNG-0020:G010,has_gene
M4-FUNG-0020,M4-FUNG-0020:G011,has_gene
M4-FUNG-0020,M4-FUNG-0020:G012,has_gene
M4-FUNG-0020,M4-FUNG-0020:G013,has_gene
M4-FUNG-0020,M4-FUNG-0020:G014,has_gene
M4-FUNG-0020,M4-FUNG-0020:G015,has_gene
M4-FUNG-0020,M4-FUNG-0020:M001,produces_metabolite
M4-FUNG-0020,M4-FUNG-0020:M002,produces_metabolite
M4-FUNG-0020,M4-FUNG-0020:M003,produces_metabolite
M4-FUNG-0020,M4-FUNG-0020:M004,produces_metabolite
M4-FUNG-0020,M4-FUNG-0020:M005,produces_metabolite
M4-FUNG-0020,M4-FUNG-0020:M006,produces_metabolite
M4-FUNG-0020,M4-FUNG-0020:M007,produces_metabolite
M4-FUNG-0021,NCBITAXON:334819,belongs_to
M4-FUNG-0021,M4-FUNG-0021:G001,has_gene
M4-FUNG-0021,M4-FUNG-0021:G002,has_gene
M4-FUNG-0021,M4-FUNG-0021:G003,has_gene
M4-FUNG-0021,M4-FUNG-0021:G004,has_gene
M4-FUNG-0021,M4-FUNG-0021:G005,has_gene
M4-FUNG-0021,M4-FUNG-0021:G006,has_gene
M4-FUNG-0021,M4-FUNG-0021:G007,has_gene
M4-FUNG-0021,M4-FUNG-0021:G008,has_gene
M4-FUNG-0021,M4-FUNG-0021:G009,has_gene
M4-FUNG-0021,M4-FUNG-0021:G010,has_gene
M4-FUNG-0021,M4-FUNG-0021:G011,has_gene
M4-FUNG-0021,M4-FUNG-0021:G012,has_gene
M4-FUNG-0021,M4-FUNG-0021:G013,has_gene
M4-FUNG-0021,M4-FUNG-0021:G014,has_gene
M4-FUNG-0021,M4-FUNG-0021:G015,has_gene
M4-FUNG-0021,M4-FUNG-0021:G016,has_gene
M4-FUNG-0021,M4-FUNG-0021:M001,produces_metabolite
M4-FUNG-0021,M4-FUNG-0021:M002,produces_metabolite
M4-FUNG-0021,M4-FUNG-0021:M003,produces_metabolite
M4-FUNG-0021,M4-FUNG-0021:M004,produces_metabolite
M4-FUNG-0021,M4-FUNG-0021:M005,produces_metabolite
M4-FUNG-0021,M4-FUNG-0021:M006,produces_metabolite
M4-FUNG-0021,M4-FUNG-0021:M007,produces_metabolite
M4-FUNG-0022,NCBITAXON:5507,belongs_to
M4-FUNG-0022,M4-FUNG-0022:G001,has_gene
M4-FUNG-0022,M4-FUNG-0022:G002,has_gene
M4-FUNG-0022,M4-FUNG-0022:G003,has_gene
M4-FUNG-0022,M4-FUNG-0022:G004,has_gene
M4-FUNG-0022,M4-FUNG-0022:G005,has_gene
M4-FUNG-0022,M4-FUNG-0022:G006,has_gene
M4-FUNG-0022,M4-FUNG-0022:G007,has_gene
M4-FUNG-0022,M4-FUNG-0022:G008,has_gene
M4-FUNG-0022,M4-FUNG-0022:G009,has_gene
M4-FUNG-0022,M4-FUNG-0022:G010,has_gene
M4-FUNG-0022,M4-FUNG-0022:G011,has_gene
M4-FUNG-0022,M4-FUNG-0022:G012,has_gene
M4-FUNG-0022,M4-FUNG-0022:G013,has_gene
M4-FUNG-0022,M4-FUNG-0022:G014,has_gene
M4-FUNG-0022,M4-FUNG-0022:G015,has_gene
M4-FUNG-0022,M4-FUNG-0022:G016,has_gene
M4-FUNG-0022,M4-FUNG-0022:G017,has_gene
M4-FUNG-0022,M4-FUNG-0022:M001,produces_metabolite
M4-FUNG-0022,M4-FUNG-0022:M002,produces_metabolite
M4-FUNG-0022,M4-FUNG-0022:M003,produces_metabolite
M4-FUNG-0022,M4-FUNG-0022:M004,produces_metabolite
M4-FUNG-0022,M4-FUNG-0022:M005,produces_metabolite
M4-FUNG-0023,NCBITAXON:117187,belongs_to
M4-FUNG-0023,M4-FUNG-0023:G001,has_gene
M4-FUNG-0023,M4-FUNG-0023:G002,has_gene
M4-FUNG-0023,M4-FUNG-0023:G003,has_gene
M4-FUNG-0023,M4-FUNG-0023:G004,has_gene
M4-FUNG-0023,M4-FUNG-0023:G005,has_gene
M4-FUNG-0023,M4-FUNG-0023:G006,has_gene
M4-FUNG-0023,M4-FUNG-0023:G007,has_gene
M4-FUNG-0023,M4-FUNG-0023:G008,has_gene
M4-FUNG-0023,M4-FUNG-0023:G009,has_gene
M4-FUNG-0023,M4-FUNG-0023:G010,has_gene
M4-FUNG-0023,M4-FUNG-0023:G011,has_gene
M4-FUNG-0023,M4-FUNG-0023:M001,produces_metabolite
M4-FUNG-0023,M4-FUNG-0023:M002,produces_metabolite
M4-FUNG-0023,M4-FUNG-0023:M003,produces_metabolite
M4-FUNG-0023,M4-FUNG-0023:M004,produces_metabolite
M4-FUNG-0023,M4-FUNG-0023:M005,produces_metabolite
M4-FUNG-0023,M4-FUNG-0023:M006,produces_metabolite
M4-FUNG-0023,M4-FUNG-0023:M007,produces_metabolite
M4-FUNG-0023,M4-FUNG-0023:M008,produces_metabolite
M4-FUNG-0024,NCBITAXON:36650,belongs_to
M4-FUNG-0024,M4-FUNG-0024:G001,has_gene
M4-FUNG-0024,M4-FUNG-0024:G002,has_gene
M4-FUNG-0024,M4-FUNG-0024:G003,has_gene
M4-FUNG-0024,M4-FUNG-0024:G004,has_gene
M4-FUNG-0024,M4-FUNG-0024:G005,has_gene
M4-FUNG-0024,M4-FUNG-0024:G006,has_gene
M4-FUNG-0024,M4-FUNG-0024:G007,has_gene
M4-FUNG-0024,M4-FUNG-0024:G008,has_gene
M4-FUNG-0024,M4-FUNG-0024:G009,has_gene
M4-FUNG-0024,M4-FUNG-0024:G010,has_gene
M4-FUNG-0024,M4-FUNG-0024:G011,has_gene
M4-FUNG-0024,M4-FUNG-0024:G012,has_gene
M4-FUNG-0024,M4-FUNG-0024:G013,has_gene
M4-FUNG-0024,M4-FUNG-0024:G014,has_gene
M4-FUNG-0024,M4-FUNG-0024:G015,has_gene
M4-FUNG-0024,M4-FUNG-0024:G016,has_gene
M4-FUNG-0024,M4-FUNG-0024:G017,has_gene
M4-FUNG-0024,M4-FUNG-0024:G018,has_gene
M4-FUNG-0024,M4-FUNG-0024:G019,has_gene
M4-FUNG-0024,M4-FUNG-0024:G020,has_gene
M4-FUNG-0024,M4-FUNG-0024:G021,has_gene
M4-FUNG-0024,M4-FUNG-0024:M001,produces_metabolite
M4-FUNG-0024,M4-FUNG-0024:M002,produces_metabolite
M4-FUNG-0024,M4-FUNG-0024:M003,produces_metabolite
M4-FUNG-0024,M4-FUNG-0024:M004,produces_metabolite
M4-FUNG-0024,M4-FUNG-0024:M005,produces_metabolite
M4-FUNG-0024,M4-FUNG-0024:M006,produces_metabolite
M4-FUNG-0024,M4-FUNG-0024:M007,produces_metabolite
NCBITAXON:36650,M4-FUNG-0045,belongs_to
M4-FUNG-0025,NCBITAXON:193393,belongs_to
M4-FUNG-0025,M4-FUNG-0025:G001,has_gene
M4-FUNG-0025,M4-FUNG-0025:G002,has_gene
M4-FUNG-0025,M4-FUNG-0025:G003,has_gene
M4-FUNG-0025,M4-FUNG-0025:G004,has_gene
M4-FUNG-0025,M4-FUNG-0025:G005,has_gene
M4-FUNG-0025,M4-FUNG-0025:G006,has_gene
M4-FUNG-0025,M4-FUNG-0025:G007,has_gene
M4-FUNG-0025,M4-FUNG-0025:G008,has_gene
M4-FUNG-0025,M4-FUNG-0025:G009,has_gene
M4-FUNG-0025,M4-FUNG-0025:M001,produces_metabolite
M4-FUNG-0025,M4-FUNG-0025:M002,produces_metabolite
M4-FUNG-0025,M4-FUNG-0025:M003,produces_metabolite
M4-FUNG-0025,M4-FUNG-0025:M004,produces_metabolite
M4-FUNG-0025,M4-FUNG-0025:M005,produces_metabolite
M4-FUNG-0025,M4-FUNG-0025:M006,produces_metabolite
NCBITAXON:193393,M4-FUNG-0026,belongs_to
M4-FUNG-0026,M4-FUNG-0026:G001,has_gene
M4-FUNG-0026,M4-FUNG-0026:G002,has_gene
M4-FUNG-0026,M4-FUNG-0026:G003,has_gene
M4-FUNG-0026,M4-FUNG-0026:G004,has_gene
M4-FUNG-0026,M4-FUNG-0026:G005,has_gene
M4-FUNG-0026,M4-FUNG-0026:G006,has_gene
M4-FUNG-0026,M4-FUNG-0026:G007,has_gene
M4-FUNG-0026,M4-FUNG-0026:G008,has_gene
M4-FUNG-0026,M4-FUNG-0026:G009,has_gene
M4-FUNG-0026,M4-FUNG-0026:G010,has_gene
M4-FUNG-0026,M4-FUNG-0026:M001,produces_metabolite
M4-FUNG-0026,M4-FUNG-0026:M002,produces_metabolite
M4-FUNG-0026,M4-FUNG-0026:M003,produces_metabolite
M4-FUNG-0026,M4-FUNG-0026:M004,produces_metabolite
M4-FUNG-0026,M4-FUNG-0026:M005,produces_metabolite
M4-FUNG-0026,M4-FUNG-0026:M006,produces_metabolite
M4-FUNG-0027,NCBITAXON:285217,belongs_to
M4-FUNG-0027,M4-FUNG-0027:G001,has_gene
M4-FUNG-0027,M4-FUNG-0027:G002,has_gene
M4-FUNG-0027,M4-FUNG-0027:G003,has_gene
M4-FUNG-0027,M4-FUNG-0027:G004,has_gene
M4-FUNG-0027,M4-FUNG-0027:G005,has_gene
M4-FUNG-0027,M4-FUNG-0027:G006,has_gene
M4-FUNG-0027,M4-FUNG-0027:G007,has_gene
M4-FUNG-0027,M4-FUNG-0027:G008,has_gene
M4-FUNG-0027,M4-FUNG-0027:G009,has_gene
M4-FUNG-0027,M4-FUNG-0027:G010,has_gene
M4-FUNG-0027,M4-FUNG-0027:G011,has_gene
M4-FUNG-0027,M4-FUNG-0027:G012,has_gene
M4-FUNG-0027,M4-FUNG-0027:G013,has_gene
M4-FUNG-0027,M4-FUNG-0027:G014,has_gene
M4-FUNG-0027,M4-FUNG-0027:G015,has_gene
M4-FUNG-0027,M4-FUNG-0027:G016,has_gene
M4-FUNG-0027,M4-FUNG-0027:G017,has_gene
M4-FUNG-0027,M4-FUNG-0027:G018,has_gene
M4-FUNG-0027,M4-FUNG-0027:G019,has_gene
M4-FUNG-0027,M4-FUNG-0027:M001,produces_metabolite
M4-FUNG-0027,M4-FUNG-0027:M002,produces_metabolite
M4-FUNG-0027,M4-FUNG-0027:M003,produces_metabolite
M4-FUNG-0027,M4-FUNG-0027:M004,produces_metabolite
M4-FUNG-0027,M4-FUNG-0027:M005,produces_metabolite
M4-FUNG-0027,M4-FUNG-0027:M006,produces_metabolite
M4-FUNG-0027,M4-FUNG-0027:M007,produces_metabolite
M4-FUNG-0028,M4-FUNG-0028:M001,produces_metabolite
M4-FUNG-0029,M4-FUNG-0029:G001,has_gene
M4-FUNG-0029,M4-FUNG-0029:G002,has_gene
M4-FUNG-0029,M4-FUNG-0029:G003,has_gene
M4-FUNG-0029,M4-FUNG-0029:G004,has_gene
M4-FUNG-0029,M4-FUNG-0029:G005,has_gene
M4-FUNG-0029,M4-FUNG-0029:G006,has_gene
M4-FUNG-0029,M4-FUNG-0029:G007,has_gene
M4-FUNG-0029,M4-FUNG-0029:G008,has_gene
M4-FUNG-0029,M4-FUNG-0029:G009,has_gene
M4-FUNG-0029,M4-FUNG-0029:M001,produces_metabolite
M4-FUNG-0029,M4-FUNG-0029:M002,produces_metabolite
M4-FUNG-0029,M4-FUNG-0029:M003,produces_metabolite
M4-FUNG-0030,NCBITAXON:1077442,belongs_to
M4-FUNG-0030,M4-FUNG-0030:G001,has_gene
M4-FUNG-0030,M4-FUNG-0030:G002,has_gene
M4-FUNG-0030,M4-FUNG-0030:G003,has_gene
M4-FUNG-0030,M4-FUNG-0030:G004,has_gene
M4-FUNG-0030,M4-FUNG-0030:G005,has_gene
M4-FUNG-0030,M4-FUNG-0030:M001,produces_metabolite
M4-FUNG-0030,M4-FUNG-0030:M002,produces_metabolite
M4-FUNG-0030,M4-FUNG-0030:M003,produces_metabolite
M4-FUNG-0030,M4-FUNG-0030:M004,produces_metabolite
M4-FUNG-0030,M4-FUNG-0030:M005,produces_metabolite
M4-FUNG-0030,M4-FUNG-0030:M006,produces_metabolite
M4-FUNG-0030,M4-FUNG-0030:M007,produces_metabolite
M4-FUNG-0030,M4-FUNG-0030:M008,produces_metabolite
M4-FUNG-0031,M4-FUNG-0031:G001,has_gene
M4-FUNG-0031,M4-FUNG-0031:G002,has_gene
M4-FUNG-0031,M4-FUNG-0031:G003,has_gene
M4-FUNG-0031,M4-FUNG-0031:G004,has_gene
M4-FUNG-0031,M4-FUNG-0031:G005,has_gene
M4-FUNG-0031,M4-FUNG-0031:G006,has_gene
M4-FUNG-0031,M4-FUNG-0031:G007,has_gene
M4-FUNG-0031,M4-FUNG-0031:G008,has_gene
M4-FUNG-0031,M4-FUNG-0031:G009,has_gene
M4-FUNG-0031,M4-FUNG-0031:G010,has_gene
M4-FUNG-0031,M4-FUNG-0031:G011,has_gene
M4-FUNG-0031,M4-FUNG-0031:G012,has_gene
M4-FUNG-0031,M4-FUNG-0031:G013,has_gene
M4-FUNG-0031,M4-FUNG-0031:G014,has_gene
M4-FUNG-0031,M4-FUNG-0031:G015,has_gene
M4-FUNG-0031,M4-FUNG-0031:G016,has_gene
M4-FUNG-0031,M4-FUNG-0031:M001,produces_metabolite
M4-FUNG-0031,M4-FUNG-0031:M002,produces_metabolite
M4-FUNG-0031,M4-FUNG-0031:M003,produces_metabolite
M4-FUNG-0031,M4-FUNG-0031:M004,produces_metabolite
M4-FUNG-0031,M4-FUNG-0031:M005,produces_metabolite
M4-FUNG-0031,M4-FUNG-0031:M006,produces_metabolite
M4-FUNG-0031,M4-FUNG-0031:M007,produces_metabolite
M4-FUNG-0031,M4-FUNG-0031:M008,produces_metabolite
M4-FUNG-0032,NCBITAXON:5074,belongs_to
M4-FUNG-0032,M4-FUNG-0032:G001,has_gene
M4-FUNG-0032,M4-FUNG-0032:G002,has_gene
M4-FUNG-0032,M4-FUNG-0032:G003,has_gene
M4-FUNG-0032,M4-FUNG-0032:G004,has_gene
M4-FUNG-0032,M4-FUNG-0032:G005,has_gene
M4-FUNG-0032,M4-FUNG-0032:G006,has_gene
M4-FUNG-0032,M4-FUNG-0032:G007,has_gene
M4-FUNG-0032,M4-FUNG-0032:G008,has_gene
M4-FUNG-0032,M4-FUNG-0032:G009,has_gene
M4-FUNG-0032,M4-FUNG-0032:M001,produces_metabolite
M4-FUNG-0032,M4-FUNG-0032:M002,produces_metabolite
M4-FUNG-0032,M4-FUNG-0032:M003,produces_metabolite
M4-FUNG-0032,M4-FUNG-0032:M004,produces_metabolite
M4-FUNG-0032,M4-FUNG-0032:M005,produces_metabolite
M4-FUNG-0032,M4-FUNG-0032:M006,produces_metabolite
M4-FUNG-0032,M4-FUNG-0032:M007,produces_metabolite
M4-FUNG-0032,M4-FUNG-0032:M008,produces_metabolite
M4-FUNG-0032,M4-FUNG-0032:M009,produces_metabolite
NCBITAXON:5074,M4-FUNG-0499,belongs_to
M4-FUNG-0033,M4-FUNG-0033:G001,has_gene
M4-FUNG-0033,M4-FUNG-0033:G002,has_gene
M4-FUNG-0033,M4-FUNG-0033:G003,has_gene
M4-FUNG-0033,M4-FUNG-0033:G004,has_gene
M4-FUNG-0033,M4-FUNG-0033:G005,has_gene
M4-FUNG-0033,M4-FUNG-0033:M001,produces_metabolite
M4-FUNG-0033,M4-FUNG-0033:M002,produces_metabolite
M4-FUNG-0033,M4-FUNG-0033:M003,produces_metabolite
M4-FUNG-0033,M4-FUNG-0033:M004,produces_metabolite
M4-FUNG-0034,NCBITAXON:27334,belongs_to
M4-FUNG-0034,M4-FUNG-0034:G001,has_gene
M4-FUNG-0034,M4-FUNG-0034:G002,has_gene
M4-FUNG-0034,M4-FUNG-0034:G003,has_gene
M4-FUNG-0034,M4-FUNG-0034:G004,has_gene
M4-FUNG-0034,M4-FUNG-0034:G005,has_gene
M4-FUNG-0034,M4-FUNG-0034:G006,has_gene
M4-FUNG-0034,M4-FUNG-0034:G007,has_gene
M4-FUNG-0034,M4-FUNG-0034:G008,has_gene
M4-FUNG-0034,M4-FUNG-0034:G009,has_gene
M4-FUNG-0034,M4-FUNG-0034:G010,has_gene
M4-FUNG-0034,M4-FUNG-0034:G011,has_gene
M4-FUNG-0034,M4-FUNG-0034:G012,has_gene
M4-FUNG-0034,M4-FUNG-0034:G013,has_gene
M4-FUNG-0034,M4-FUNG-0034:G014,has_gene
M4-FUNG-0034,M4-FUNG-0034:G015,has_gene
M4-FUNG-0034,M4-FUNG-0034:M001,produces_metabolite
M4-FUNG-0034,M4-FUNG-0034:M002,produces_metabolite
M4-FUNG-0034,M4-FUNG-0034:M003,produces_metabolite
M4-FUNG-0034,M4-FUNG-0034:M004,produces_metabolite
M4-FUNG-0034,M4-FUNG-0034:M005,produces_metabolite
M4-FUNG-0034,M4-FUNG-0034:M006,produces_metabolite
M4-FUNG-0034,M4-FUNG-0034:M007,produces_metabolite
M4-FUNG-0034,M4-FUNG-0034:M008,produces_metabolite
M4-FUNG-0034,M4-FUNG-0034:M009,produces_metabolite
M4-FUNG-0034,M4-FUNG-0034:M010,produces_metabolite
NCBITAXON:27334,M4-FUNG-0096,belongs_to
NCBITAXON:27334,M4-FUNG-0593,belongs_to
M4-FUNG-0035,NCBITAXON:1229662,belongs_to
M4-FUNG-0035,M4-FUNG-0035:G001,has_gene
M4-FUNG-0035,M4-FUNG-0035:G002,has_gene
M4-FUNG-0035,M4-FUNG-0035:G003,has_gene
M4-FUNG-0035,M4-FUNG-0035:G004,has_gene
M4-FUNG-0035,M4-FUNG-0035:G005,has_gene
M4-FUNG-0035,M4-FUNG-0035:G006,has_gene
M4-FUNG-0035,M4-FUNG-0035:G007,has_gene
M4-FUNG-0035,M4-FUNG-0035:G008,has_gene
M4-FUNG-0035,M4-FUNG-0035:G009,has_gene
M4-FUNG-0035,M4-FUNG-0035:G010,has_gene
M4-FUNG-0035,M4-FUNG-0035:G011,has_gene
M4-FUNG-0035,M4-FUNG-0035:G012,has_gene
M4-FUNG-0035,M4-FUNG-0035:G013,has_gene
M4-FUNG-0035,M4-FUNG-0035:G014,has_gene
M4-FUNG-0035,M4-FUNG-0035:G015,has_gene
M4-FUNG-0035,M4-FUNG-0035:G016,has_gene
M4-FUNG-0035,M4-FUNG-0035:M001,produces_metabolite
M4-FUNG-0035,M4-FUNG-0035:M002,produces_metabolite
M4-FUNG-0035,M4-FUNG-0035:M003,produces_metabolite
M4-FUNG-0035,M4-FUNG-0035:M004,produces_metabolite
M4-FUNG-0035,M4-FUNG-0035:M005,produces_metabolite
M4-FUNG-0035,M4-FUNG-0035:M006,produces_metabolite
M4-FUNG-0035,M4-FUNG-0035:M007,produces_metabolite
NCBITAXON:1229662,M4-FUNG-0322,belongs_to
NCBITAXON:1229662,M4-FUNG-0543,belongs_to
M4-FUNG-0036,NCBITAXON:330879,belongs_to
M4-FUNG-0036,M4-FUNG-0036:G001,has_gene
M4-FUNG-0036,M4-FUNG-0036:G002,has_gene
M4-FUNG-0036,M4-FUNG-0036:G003,has_gene
M4-FUNG-0036,M4-FUNG-0036:G004,has_gene
M4-FUNG-0036,M4-FUNG-0036:G005,has_gene
M4-FUNG-0036,M4-FUNG-0036:G006,has_gene
M4-FUNG-0036,M4-FUNG-0036:G007,has_gene
M4-FUNG-0036,M4-FUNG-0036:G008,has_gene
M4-FUNG-0036,M4-FUNG-0036:G009,has_gene
M4-FUNG-0036,M4-FUNG-0036:M001,produces_metabolite
M4-FUNG-0036,M4-FUNG-0036:M002,produces_metabolite
M4-FUNG-0036,M4-FUNG-0036:M003,produces_metabolite
M4-FUNG-0036,M4-FUNG-0036:M004,produces_metabolite
M4-FUNG-0036,M4-FUNG-0036:M005,produces_metabolite
NCBITAXON:330879,M4-FUNG-0061,belongs_to
NCBITAXON:330879,M4-FUNG-0063,belongs_to
NCBITAXON:330879,M4-FUNG-0065,belongs_to
NCBITAXON:330879,M4-FUNG-0081,belongs_to
NCBITAXON:330879,M4-FUNG-0084,belongs_to
NCBITAXON:330879,M4-FUNG-0107,belongs_to
NCBITAXON:330879,M4-FUNG-0198,belongs_to
NCBITAXON:330879,M4-FUNG-0525,belongs_to
NCBITAXON:330879,M4-FUNG-0567,belongs_to
M4-FUNG-0037,NCBITAXON:280754,belongs_to
M4-FUNG-0037,M4-FUNG-0037:G001,has_gene
M4-FUNG-0037,M4-FUNG-0037:G002,has_gene
M4-FUNG-0037,M4-FUNG-0037:G003,has_gene
M4-FUNG-0037,M4-FUNG-0037:G004,has_gene
M4-FUNG-0037,M4-FUNG-0037:G005,has_gene
M4-FUNG-0037,M4-FUNG-0037:M001,produces_metabolite
M4-FUNG-0037,M4-FUNG-0037:M002,produces_metabolite
M4-FUNG-0037,M4-FUNG-0037:M003,produces_metabolite
M4-FUNG-0037,M4-FUNG-0037:M004,produces_metabolite
M4-FUNG-0037,M4-FUNG-0037:M005,produces_metabolite
M4-FUNG-0038,M4-FUNG-0038:G001,has_gene
M4-FUNG-0038,M4-FUNG-0038:G002,has_gene
M4-FUNG-0038,M4-FUNG-0038:G003,has_gene
M4-FUNG-0038,M4-FUNG-0038:G004,has_gene
M4-FUNG-0038,M4-FUNG-0038:G005,has_gene
M4-FUNG-0038,M4-FUNG-0038:G006,has_gene
M4-FUNG-0038,M4-FUNG-0038:M001,produces_metabolite
M4-FUNG-0038,M4-FUNG-0038:M002,produces_metabolite
M4-FUNG-0038,M4-FUNG-0038:M003,produces_metabolite
M4-FUNG-0038,M4-FUNG-0038:M004,produces_metabolite
M4-FUNG-0038,M4-FUNG-0038:M005,produces_metabolite
M4-FUNG-0038,M4-FUNG-0038:M006,produces_metabolite
M4-FUNG-0038,M4-FUNG-0038:M007,produces_metabolite
M4-FUNG-0038,M4-FUNG-0038:M008,produces_metabolite
M4-FUNG-0038,M4-FUNG-0038:M009,produces_metabolite
M4-FUNG-0038,M4-FUNG-0038:M010,produces_metabolite
M4-FUNG-0039,NCBITAXON:162425,belongs_to
M4-FUNG-0039,M4-FUNG-0039:G001,has_gene
M4-FUNG-0039,M4-FUNG-0039:G002,has_gene
M4-FUNG-0039,M4-FUNG-0039:G003,has_gene
M4-FUNG-0039,M4-FUNG-0039:G004,has_gene
M4-FUNG-0039,M4-FUNG-0039:G005,has_gene
M4-FUNG-0039,M4-FUNG-0039:G006,has_gene
M4-FUNG-0039,M4-FUNG-0039:G007,has_gene
M4-FUNG-0039,M4-FUNG-0039:G008,has_gene
M4-FUNG-0039,M4-FUNG-0039:G009,has_gene
M4-FUNG-0039,M4-FUNG-0039:G010,has_gene
M4-FUNG-0039,M4-FUNG-0039:G011,has_gene
M4-FUNG-0039,M4-FUNG-0039:G012,has_gene
M4-FUNG-0039,M4-FUNG-0039:G013,has_gene
M4-FUNG-0039,M4-FUNG-0039:G014,has_gene
M4-FUNG-0039,M4-FUNG-0039:G015,has_gene
M4-FUNG-0039,M4-FUNG-0039:G016,has_gene
M4-FUNG-0039,M4-FUNG-0039:G017,has_gene
M4-FUNG-0039,M4-FUNG-0039:G018,has_gene
M4-FUNG-0039,M4-FUNG-0039:G019,has_gene
M4-FUNG-0039,M4-FUNG-0039:G020,has_gene
M4-FUNG-0039,M4-FUNG-0039:G021,has_gene
M4-FUNG-0039,M4-FUNG-0039:G022,has_gene
M4-FUNG-0039,M4-FUNG-0039:G023,has_gene
M4-FUNG-0039,M4-FUNG-0039:G024,has_gene
M4-FUNG-0039,M4-FUNG-0039:G025,has_gene
M4-FUNG-0039,M4-FUNG-0039:M001,produces_metabolite
M4-FUNG-0039,M4-FUNG-0039:M002,produces_metabolite
M4-FUNG-0039,M4-FUNG-0039:M003,produces_metabolite
M4-FUNG-0039,M4-FUNG-0039:M004,produces_metabolite
M4-FUNG-0039,M4-FUNG-0039:M005,produces_metabolite
M4-FUNG-0039,M4-FUNG-0039:M006,produces_metabolite
NCBITAXON:162425,M4-FUNG-0130,belongs_to
NCBITAXON:162425,M4-FUNG-0131,belongs_to
NCBITAXON:162425,M4-FUNG-0538,belongs_to
M4-FUNG-0040,NCBITAXON:441959,belongs_to
M4-FUNG-0040,M4-FUNG-0040:G001,has_gene
M4-FUNG-0040,M4-FUNG-0040:G002,has_gene
M4-FUNG-0040,M4-FUNG-0040:G003,has_gene
M4-FUNG-0040,M4-FUNG-0040:G004,has_gene
M4-FUNG-0040,M4-FUNG-0040:G005,has_gene
M4-FUNG-0040,M4-FUNG-0040:G006,has_gene
M4-FUNG-0040,M4-FUNG-0040:G007,has_gene
M4-FUNG-0040,M4-FUNG-0040:G008,has_gene
M4-FUNG-0040,M4-FUNG-0040:G009,has_gene
M4-FUNG-0040,M4-FUNG-0040:G010,has_gene
M4-FUNG-0040,M4-FUNG-0040:G011,has_gene
M4-FUNG-0040,M4-FUNG-0040:G012,has_gene
M4-FUNG-0040,M4-FUNG-0040:G013,has_gene
M4-FUNG-0040,M4-FUNG-0040:M001,produces_metabolite
M4-FUNG-0040,M4-FUNG-0040:M002,produces_metabolite
M4-FUNG-0040,M4-FUNG-0040:M003,produces_metabolite
M4-FUNG-0040,M4-FUNG-0040:M004,produces_metabolite
M4-FUNG-0040,M4-FUNG-0040:M005,produces_metabolite
M4-FUNG-0040,M4-FUNG-0040:M006,produces_metabolite
M4-FUNG-0040,M4-FUNG-0040:M007,produces_metabolite
M4-FUNG-0040,M4-FUNG-0040:M008,produces_metabolite
M4-FUNG-0040,M4-FUNG-0040:M009,produces_metabolite
M4-FUNG-0040,M4-FUNG-0040:M010,produces_metabolite
M4-FUNG-0040,M4-FUNG-0040:M011,produces_metabolite
M4-FUNG-0040,M4-FUNG-0040:M012,produces_metabolite
NCBITAXON:441959,M4-FUNG-0226,belongs_to
M4-FUNG-0041,NCBITAXON:665024,belongs_to
M4-FUNG-0041,M4-FUNG-0041:G001,has_gene
M4-FUNG-0041,M4-FUNG-0041:G002,has_gene
M4-FUNG-0041,M4-FUNG-0041:G003,has_gene
M4-FUNG-0041,M4-FUNG-0041:G004,has_gene
M4-FUNG-0041,M4-FUNG-0041:G005,has_gene
M4-FUNG-0041,M4-FUNG-0041:G006,has_gene
M4-FUNG-0041,M4-FUNG-0041:G007,has_gene
M4-FUNG-0041,M4-FUNG-0041:G008,has_gene
M4-FUNG-0041,M4-FUNG-0041:G009,has_gene
M4-FUNG-0041,M4-FUNG-0041:G010,has_gene
M4-FUNG-0041,M4-FUNG-0041:M001,produces_metabolite
M4-FUNG-0041,M4-FUNG-0041:M002,produces_metabolite
M4-FUNG-0042,NCBITAXON:380704,belongs_to
M4-FUNG-0042,M4-FUNG-0042:G001,has_gene
M4-FUNG-0042,M4-FUNG-0042:G002,has_gene
M4-FUNG-0042,M4-FUNG-0042:G003,has_gene
M4-FUNG-0042,M4-FUNG-0042:G004,has_gene
M4-FUNG-0042,M4-FUNG-0042:G005,has_gene
M4-FUNG-0042,M4-FUNG-0042:G006,has_gene
M4-FUNG-0042,M4-FUNG-0042:M001,produces_metabolite
M4-FUNG-0042,M4-FUNG-0042:M002,produces_metabolite
M4-FUNG-0042,M4-FUNG-0042:M003,produces_metabolite
M4-FUNG-0042,M4-FUNG-0042:M004,produces_metabolite
M4-FUNG-0042,M4-FUNG-0042:M005,produces_metabolite
NCBITAXON:380704,M4-FUNG-0046,belongs_to
NCBITAXON:380704,M4-FUNG-0331,belongs_to
M4-FUNG-0043,NCBITAXON:341663,belongs_to
M4-FUNG-0043,M4-FUNG-0043:G001,has_gene
M4-FUNG-0043,M4-FUNG-0043:G002,has_gene
M4-FUNG-0043,M4-FUNG-0043:G003,has_gene
M4-FUNG-0043,M4-FUNG-0043:G004,has_gene
M4-FUNG-0043,M4-FUNG-0043:G005,has_gene
M4-FUNG-0043,M4-FUNG-0043:G006,has_gene
M4-FUNG-0043,M4-FUNG-0043:G007,has_gene
M4-FUNG-0043,M4-FUNG-0043:G008,has_gene
M4-FUNG-0043,M4-FUNG-0043:G009,has_gene
M4-FUNG-0043,M4-FUNG-0043:M001,produces_metabolite
M4-FUNG-0043,M4-FUNG-0043:M002,produces_metabolite
M4-FUNG-0043,M4-FUNG-0043:M003,produces_metabolite
M4-FUNG-0043,M4-FUNG-0043:M004,produces_metabolite
M4-FUNG-0043,M4-FUNG-0043:M005,produces_metabolite
M4-FUNG-0043,M4-FUNG-0043:M006,produces_metabolite
NCBITAXON:341663,M4-FUNG-0044,belongs_to
NCBITAXON:341663,M4-FUNG-0047,belongs_to
NCBITAXON:341663,M4-FUNG-0078,belongs_to
NCBITAXON:341663,M4-FUNG-0196,belongs_to
NCBITAXON:341663,M4-FUNG-0206,belongs_to
NCBITAXON:341663,M4-FUNG-0212,belongs_to
NCBITAXON:341663,M4-FUNG-0353,belongs_to
NCBITAXON:341663,M4-FUNG-0426,belongs_to
NCBITAXON:341663,M4-FUNG-0430,belongs_to
NCBITAXON:341663,M4-FUNG-0431,belongs_to
NCBITAXON:341663,M4-FUNG-0432,belongs_to
NCBITAXON:341663,M4-FUNG-0433,belongs_to
NCBITAXON:341663,M4-FUNG-0446,belongs_to
NCBITAXON:341663,M4-FUNG-0474,belongs_to
NCBITAXON:341663,M4-FUNG-0516,belongs_to
NCBITAXON:341663,M4-FUNG-0517,belongs_to
M4-FUNG-0044,M4-FUNG-0044:G001,has_gene
M4-FUNG-0044,M4-FUNG-0044:G002,has_gene
M4-FUNG-0044,M4-FUNG-0044:G003,has_gene
M4-FUNG-0044,M4-FUNG-0044:G004,has_gene
M4-FUNG-0044,M4-FUNG-0044:G005,has_gene
M4-FUNG-0044,M4-FUNG-0044:G006,has_gene
M4-FUNG-0044,M4-FUNG-0044:G007,has_gene
M4-FUNG-0044,M4-FUNG-0044:G008,has_gene
M4-FUNG-0044,M4-FUNG-0044:G009,has_gene
M4-FUNG-0044,M4-FUNG-0044:G010,has_gene
M4-FUNG-0044,M4-FUNG-0044:G011,has_gene
M4-FUNG-0044,M4-FUNG-0044:M001,produces_metabolite
M4-FUNG-0044,M4-FUNG-0044:M002,produces_metabolite
M4-FUNG-0044,M4-FUNG-0044:M003,produces_metabolite
M4-FUNG-0044,M4-FUNG-0044:M004,produces_metabolite
M4-FUNG-0044,M4-FUNG-0044:M005,produces_metabolite
M4-FUNG-0044,M4-FUNG-0044:M006,produces_metabolite
M4-FUNG-0044,M4-FUNG-0044:M007,produces_metabolite
M4-FUNG-0044,M4-FUNG-0044:M008,produces_metabolite
M4-FUNG-0045,M4-FUNG-0045:G001,has_gene
M4-FUNG-0045,M4-FUNG-0045:G002,has_gene
M4-FUNG-0045,M4-FUNG-0045:G003,has_gene
M4-FUNG-0045,M4-FUNG-0045:G004,has_gene
M4-FUNG-0045,M4-FUNG-0045:G005,has_gene
M4-FUNG-0045,M4-FUNG-0045:G006,has_gene
M4-FUNG-0045,M4-FUNG-0045:G007,has_gene
M4-FUNG-0045,M4-FUNG-0045:G008,has_gene
M4-FUNG-0045,M4-FUNG-0045:G009,has_gene
M4-FUNG-0045,M4-FUNG-0045:G010,has_gene
M4-FUNG-0045,M4-FUNG-0045:G011,has_gene
M4-FUNG-0045,M4-FUNG-0045:G012,has_gene
M4-FUNG-0045,M4-FUNG-0045:G013,has_gene
M4-FUNG-0045,M4-FUNG-0045:G014,has_gene
M4-FUNG-0045,M4-FUNG-0045:M001,produces_metabolite
M4-FUNG-0045,M4-FUNG-0045:M002,produces_metabolite
M4-FUNG-0045,M4-FUNG-0045:M003,produces_metabolite
M4-FUNG-0046,M4-FUNG-0046:G001,has_gene
M4-FUNG-0046,M4-FUNG-0046:G002,has_gene
M4-FUNG-0046,M4-FUNG-0046:G003,has_gene
M4-FUNG-0046,M4-FUNG-0046:G004,has_gene
M4-FUNG-0046,M4-FUNG-0046:G005,has_gene
M4-FUNG-0046,M4-FUNG-0046:G006,has_gene
M4-FUNG-0046,M4-FUNG-0046:G007,has_gene
M4-FUNG-0046,M4-FUNG-0046:G008,has_gene
M4-FUNG-0046,M4-FUNG-0046:G009,has_gene
M4-FUNG-0046,M4-FUNG-0046:G010,has_gene
M4-FUNG-0046,M4-FUNG-0046:M001,produces_metabolite
M4-FUNG-0046,M4-FUNG-0046:M002,produces_metabolite
M4-FUNG-0046,M4-FUNG-0046:M003,produces_metabolite
M4-FUNG-0046,M4-FUNG-0046:M004,produces_metabolite
M4-FUNG-0046,M4-FUNG-0046:M005,produces_metabolite
M4-FUNG-0047,M4-FUNG-0047:G001,has_gene
M4-FUNG-0047,M4-FUNG-0047:G002,has_gene
M4-FUNG-0047,M4-FUNG-0047:G003,has_gene
M4-FUNG-0047,M4-FUNG-0047:G004,has_gene
M4-FUNG-0047,M4-FUNG-0047:G005,has_gene
M4-FUNG-0047,M4-FUNG-0047:G006,has_gene
M4-FUNG-0047,M4-FUNG-0047:G007,has_gene
M4-FUNG-0047,M4-FUNG-0047:G008,has_gene
M4-FUNG-0047,M4-FUNG-0047:G009,has_gene
M4-FUNG-0047,M4-FUNG-0047:G010,has_gene
M4-FUNG-0047,M4-FUNG-0047:M001,produces_metabolite
M4-FUNG-0047,M4-FUNG-0047:M002,produces_metabolite
M4-FUNG-0047,M4-FUNG-0047:M003,produces_metabolite
M4-FUNG-0048,NCBITAXON:331117,belongs_to
M4-FUNG-0048,M4-FUNG-0048:G001,has_gene
M4-FUNG-0048,M4-FUNG-0048:G002,has_gene
M4-FUNG-0048,M4-FUNG-0048:G003,has_gene
M4-FUNG-0048,M4-FUNG-0048:M001,produces_metabolite
M4-FUNG-0048,M4-FUNG-0048:M002,produces_metabolite
M4-FUNG-0048,M4-FUNG-0048:M003,produces_metabolite
NCBITAXON:331117,M4-FUNG-0323,belongs_to
M4-FUNG-0049,NCBITAXON:298378,belongs_to
M4-FUNG-0049,M4-FUNG-0049:G001,has_gene
M4-FUNG-0049,M4-FUNG-0049:G002,has_gene
M4-FUNG-0049,M4-FUNG-0049:G003,has_gene
M4-FUNG-0049,M4-FUNG-0049:G004,has_gene
M4-FUNG-0049,M4-FUNG-0049:G005,has_gene
M4-FUNG-0049,M4-FUNG-0049:G006,has_gene
M4-FUNG-0049,M4-FUNG-0049:G007,has_gene
M4-FUNG-0049,M4-FUNG-0049:G008,has_gene
M4-FUNG-0049,M4-FUNG-0049:G009,has_gene
M4-FUNG-0049,M4-FUNG-0049:G010,has_gene
M4-FUNG-0049,M4-FUNG-0049:G011,has_gene
M4-FUNG-0049,M4-FUNG-0049:M001,produces_metabolite
M4-FUNG-0049,M4-FUNG-0049:M002,produces_metabolite
M4-FUNG-0049,M4-FUNG-0049:M003,produces_metabolite
M4-FUNG-0049,M4-FUNG-0049:M004,produces_metabolite
M4-FUNG-0050,NCBITAXON:5580,belongs_to
M4-FUNG-0050,M4-FUNG-0050:G001,has_gene
M4-FUNG-0050,M4-FUNG-0050:M001,produces_metabolite
M4-FUNG-0050,M4-FUNG-0050:M002,produces_metabolite
M4-FUNG-0051,NCBITAXON:176275,belongs_to
M4-FUNG-0051,M4-FUNG-0051:G001,has_gene
M4-FUNG-0051,M4-FUNG-0051:M001,produces_metabolite
NCBITAXON:176275,M4-FUNG-0052,belongs_to
M4-FUNG-0052,M4-FUNG-0052:G001,has_gene
M4-FUNG-0052,M4-FUNG-0052:G002,has_gene
M4-FUNG-0052,M4-FUNG-0052:G003,has_gene
M4-FUNG-0052,M4-FUNG-0052:G004,has_gene
M4-FUNG-0052,M4-FUNG-0052:G005,has_gene
M4-FUNG-0052,M4-FUNG-0052:M001,produces_metabolite
M4-FUNG-0052,M4-FUNG-0052:M002,produces_metabolite
M4-FUNG-0053,NCBITAXON:857340,belongs_to
M4-FUNG-0053,M4-FUNG-0053:G001,has_gene
M4-FUNG-0053,M4-FUNG-0053:G002,has_gene
M4-FUNG-0053,M4-FUNG-0053:G003,has_gene
M4-FUNG-0053,M4-FUNG-0053:G004,has_gene
M4-FUNG-0053,M4-FUNG-0053:G005,has_gene
M4-FUNG-0053,M4-FUNG-0053:G006,has_gene
M4-FUNG-0053,M4-FUNG-0053:G007,has_gene
M4-FUNG-0053,M4-FUNG-0053:G008,has_gene
M4-FUNG-0053,M4-FUNG-0053:M001,produces_metabolite
M4-FUNG-0053,M4-FUNG-0053:M002,produces_metabolite
M4-FUNG-0053,M4-FUNG-0053:M003,produces_metabolite
M4-FUNG-0053,M4-FUNG-0053:M004,produces_metabolite
NCBITAXON:857340,M4-FUNG-0054,belongs_to
NCBITAXON:857340,M4-FUNG-0350,belongs_to
M4-FUNG-0054,M4-FUNG-0054:G001,has_gene
M4-FUNG-0054,M4-FUNG-0054:G002,has_gene
M4-FUNG-0054,M4-FUNG-0054:M001,produces_metabolite
M4-FUNG-0054,M4-FUNG-0054:M002,produces_metabolite
M4-FUNG-0054,M4-FUNG-0054:M003,produces_metabolite
M4-FUNG-0054,M4-FUNG-0054:M004,produces_metabolite
M4-FUNG-0055,NCBITAXON:1934374,belongs_to
M4-FUNG-0055,M4-FUNG-0055:ctg1_orf000000,has_gene
M4-FUNG-0055,M4-FUNG-0055:ctg1_orf00001,has_gene
M4-FUNG-0055,M4-FUNG-0055:ctg1_orf0002,has_gene
M4-FUNG-0055,M4-FUNG-0055:ctg1_orf003,has_gene
M4-FUNG-0055,M4-FUNG-0055:ctg1_orf04,has_gene
M4-FUNG-0055,M4-FUNG-0055:ctg1_orf5,has_gene
M4-FUNG-0055,M4-FUNG-0055:ctg1_orf6,has_gene
M4-FUNG-0055,M4-FUNG-0055:ctg1_orf7,has_gene
M4-FUNG-0055,M4-FUNG-0055:ctg1_orf8,has_gene
M4-FUNG-0055,M4-FUNG-0055:ctg1_orf9,has_gene
M4-FUNG-0055,M4-FUNG-0055:ctg1_orf10,has_gene
M4-FUNG-0055,M4-FUNG-0055:ctg1_orf11,has_gene
M4-FUNG-0055,M4-FUNG-0055:ctg1_orf12,has_gene
M4-FUNG-0055,M4-FUNG-0055:ctg1_orf13,has_gene
M4-FUNG-0055,M4-FUNG-0055:ctg1_orforf14,has_gene
M4-FUNG-0055,M4-FUNG-0055:M001,produces_metabolite
M4-FUNG-0056,NCBITAXON:29910,belongs_to
M4-FUNG-0056,M4-FUNG-0056:cds_0_1525,has_gene
M4-FUNG-0056,M4-FUNG-0056:cds_2368_3434,has_gene
M4-FUNG-0056,M4-FUNG-0056:cds_3806_6518,has_gene
M4-FUNG-0056,M4-FUNG-0056:cds_7545_9017,has_gene
M4-FUNG-0056,M4-FUNG-0056:cds_9169_10992,has_gene
M4-FUNG-0056,M4-FUNG-0056:cds_11355_12157,has_gene
M4-FUNG-0056,M4-FUNG-0056:cds_12312_14460,has_gene
M4-FUNG-0056,M4-FUNG-0056:cds_16753_18238,has_gene
M4-FUNG-0056,M4-FUNG-0056:simA,has_gene
M4-FUNG-0056,M4-FUNG-0056:simB,has_gene
M4-FUNG-0056,M4-FUNG-0056:simC,has_gene
M4-FUNG-0056,M4-FUNG-0056:simD,has_gene
M4-FUNG-0056,M4-FUNG-0056:simE,has_gene
M4-FUNG-0056,M4-FUNG-0056:simF,has_gene
M4-FUNG-0056,M4-FUNG-0056:simG,has_gene
M4-FUNG-0056,M4-FUNG-0056:simH,has_gene
M4-FUNG-0056,M4-FUNG-0056:simI,has_gene
M4-FUNG-0056,M4-FUNG-0056:simJ,has_gene
M4-FUNG-0056,M4-FUNG-0056:simK,has_gene
M4-FUNG-0056,M4-FUNG-0056:simL,has_gene
M4-FUNG-0056,M4-FUNG-0056:M001,produces_metabolite
M4-FUNG-0056,M4-FUNG-0056:M002,produces_metabolite
M4-FUNG-0056,M4-FUNG-0056:M003,produces_metabolite
M4-FUNG-0057,NCBITAXON:655844,belongs_to
M4-FUNG-0057,M4-FUNG-0057:MAA_10031,has_gene
M4-FUNG-0057,M4-FUNG-0057:MAA_10032,has_gene
M4-FUNG-0057,M4-FUNG-0057:MAA_10033,has_gene
M4-FUNG-0057,M4-FUNG-0057:MAA_10034,has_gene
M4-FUNG-0057,M4-FUNG-0057:MAA_10035,has_gene
M4-FUNG-0057,M4-FUNG-0057:MAA_10036,has_gene
M4-FUNG-0057,M4-FUNG-0057:MAA_10037,has_gene
M4-FUNG-0057,M4-FUNG-0057:MAA_10038,has_gene
M4-FUNG-0057,M4-FUNG-0057:MAA_10039,has_gene
M4-FUNG-0057,M4-FUNG-0057:MAA_10040,has_gene
M4-FUNG-0057,M4-FUNG-0057:MAA_10041,has_gene
M4-FUNG-0057,M4-FUNG-0057:MAA_10042,has_gene
M4-FUNG-0057,M4-FUNG-0057:MAA_10043,has_gene
M4-FUNG-0057,M4-FUNG-0057:MAA_10044,has_gene
M4-FUNG-0057,M4-FUNG-0057:MAA_10045,has_gene
M4-FUNG-0057,M4-FUNG-0057:MAA_10046,has_gene
M4-FUNG-0057,M4-FUNG-0057:MAA_10047,has_gene
M4-FUNG-0057,M4-FUNG-0057:MAA_10048,has_gene
M4-FUNG-0057,M4-FUNG-0057:MAA_10049,has_gene
M4-FUNG-0057,M4-FUNG-0057:MAA_10050,has_gene
M4-FUNG-0057,M4-FUNG-0057:MAA_10051,has_gene
M4-FUNG-0057,M4-FUNG-0057:M001,produces_metabolite
M4-FUNG-0057,M4-FUNG-0057:M002,produces_metabolite
M4-FUNG-0057,M4-FUNG-0057:M003,produces_metabolite
NCBITAXON:655844,M4-FUNG-0429,belongs_to
NCBITAXON:655844,M4-FUNG-0449,belongs_to
NCBITAXON:655844,M4-FUNG-0509,belongs_to
NCBITAXON:655844,M4-FUNG-0526,belongs_to
M4-FUNG-0058,ORG_d1a8dbb0ed6b,belongs_to
M4-FUNG-0058,M4-FUNG-0058:ecdB,has_gene
M4-FUNG-0058,M4-FUNG-0058:ecdC,has_gene
M4-FUNG-0058,M4-FUNG-0058:ecdD,has_gene
M4-FUNG-0058,M4-FUNG-0058:ecdE,has_gene
M4-FUNG-0058,M4-FUNG-0058:ecdF,has_gene
M4-FUNG-0058,M4-FUNG-0058:ecdA,has_gene
M4-FUNG-0058,M4-FUNG-0058:ecdG,has_gene
M4-FUNG-0058,M4-FUNG-0058:ecdH,has_gene
M4-FUNG-0058,M4-FUNG-0058:ecdI,has_gene
M4-FUNG-0058,M4-FUNG-0058:ecdJ,has_gene
M4-FUNG-0058,M4-FUNG-0058:ecdK,has_gene
M4-FUNG-0058,M4-FUNG-0058:ecdL,has_gene
M4-FUNG-0058,M4-FUNG-0058:M001,produces_metabolite
M4-FUNG-0058,M4-FUNG-0058:M002,produces_metabolite
M4-FUNG-0058,M4-FUNG-0058:M003,produces_metabolite
M4-FUNG-0059,NCBITAXON:61235,belongs_to
M4-FUNG-0059,M4-FUNG-0059:esyn1,has_gene
M4-FUNG-0059,M4-FUNG-0059:M001,produces_metabolite
M4-FUNG-0059,M4-FUNG-0059:M002,produces_metabolite
M4-FUNG-0059,M4-FUNG-0059:M003,produces_metabolite
M4-FUNG-0060,NCBITAXON:73839,belongs_to
M4-FUNG-0060,M4-FUNG-0060:easH,has_gene
M4-FUNG-0060,M4-FUNG-0060:easA,has_gene
M4-FUNG-0060,M4-FUNG-0060:easG,has_gene
M4-FUNG-0060,M4-FUNG-0060:easF,has_gene
M4-FUNG-0060,M4-FUNG-0060:easE,has_gene
M4-FUNG-0060,M4-FUNG-0060:lpsB,has_gene
M4-FUNG-0060,M4-FUNG-0060:M001,produces_metabolite
M4-FUNG-0060,M4-FUNG-0060:M002,produces_metabolite
M4-FUNG-0060,M4-FUNG-0060:M003,produces_metabolite
M4-FUNG-0060,M4-FUNG-0060:M004,produces_metabolite
M4-FUNG-0061,M4-FUNG-0061:AFUA_6G12040,has_gene
M4-FUNG-0061,M4-FUNG-0061:AFUA_6G12050,has_gene
M4-FUNG-0061,M4-FUNG-0061:AFUA_6G12060,has_gene
M4-FUNG-0061,M4-FUNG-0061:AFUA_6G12070,has_gene
M4-FUNG-0061,M4-FUNG-0061:AFUA_6G12080,has_gene
M4-FUNG-0061,M4-FUNG-0061:M001,produces_metabolite
M4-FUNG-0061,M4-FUNG-0061:M002,produces_metabolite
M4-FUNG-0061,M4-FUNG-0061:M003,produces_metabolite
M4-FUNG-0061,M4-FUNG-0061:M004,produces_metabolite
M4-FUNG-0062,NCBITAXON:500485,belongs_to
M4-FUNG-0062,M4-FUNG-0062:Pc16g04690,has_gene
M4-FUNG-0062,M4-FUNG-0062:M001,produces_metabolite
M4-FUNG-0062,M4-FUNG-0062:M002,produces_metabolite
M4-FUNG-0062,M4-FUNG-0062:M003,produces_metabolite
M4-FUNG-0062,M4-FUNG-0062:M004,produces_metabolite
M4-FUNG-0062,M4-FUNG-0062:M005,produces_metabolite
M4-FUNG-0062,M4-FUNG-0062:M006,produces_metabolite
M4-FUNG-0062,M4-FUNG-0062:M007,produces_metabolite
M4-FUNG-0062,M4-FUNG-0062:M008,produces_metabolite
M4-FUNG-0062,M4-FUNG-0062:M009,produces_metabolite
M4-FUNG-0062,M4-FUNG-0062:M010,produces_metabolite
NCBITAXON:500485,M4-FUNG-0068,belongs_to
NCBITAXON:500485,M4-FUNG-0199,belongs_to
NCBITAXON:500485,M4-FUNG-0277,belongs_to
NCBITAXON:500485,M4-FUNG-0444,belongs_to
M4-FUNG-0063,M4-FUNG-0063:gliZ,has_gene
M4-FUNG-0063,M4-FUNG-0063:gliP,has_gene
M4-FUNG-0063,M4-FUNG-0063:gliC,has_gene
M4-FUNG-0063,M4-FUNG-0063:gliF,has_gene
M4-FUNG-0063,M4-FUNG-0063:gliG,has_gene
M4-FUNG-0063,M4-FUNG-0063:gliK,has_gene
M4-FUNG-0063,M4-FUNG-0063:gliJ,has_gene
M4-FUNG-0063,M4-FUNG-0063:gliI,has_gene
M4-FUNG-0063,M4-FUNG-0063:gliM,has_gene
M4-FUNG-0063,M4-FUNG-0063:gliN,has_gene
M4-FUNG-0063,M4-FUNG-0063:gliA,has_gene
M4-FUNG-0063,M4-FUNG-0063:gliT,has_gene
M4-FUNG-0063,M4-FUNG-0063:M001,produces_metabolite
M4-FUNG-0063,M4-FUNG-0063:M002,produces_metabolite
M4-FUNG-0063,M4-FUNG-0063:M003,produces_metabolite
M4-FUNG-0064,NCBITAXON:5017,belongs_to
M4-FUNG-0064,M4-FUNG-0064:HTS1,has_gene
M4-FUNG-0064,M4-FUNG-0064:TOXA,has_gene
M4-FUNG-0064,M4-FUNG-0064:TOXC,has_gene
M4-FUNG-0064,M4-FUNG-0064:TOXD,has_gene
M4-FUNG-0064,M4-FUNG-0064:TOXE,has_gene
M4-FUNG-0064,M4-FUNG-0064:TOXF,has_gene
M4-FUNG-0064,M4-FUNG-0064:TOXG,has_gene
M4-FUNG-0064,M4-FUNG-0064:M001,produces_metabolite
M4-FUNG-0064,M4-FUNG-0064:M002,produces_metabolite
M4-FUNG-0065,M4-FUNG-0065:AFUA_3G12890,has_gene
M4-FUNG-0065,M4-FUNG-0065:AFUA_3G12900,has_gene
M4-FUNG-0065,M4-FUNG-0065:AFUA_3G12910,has_gene
M4-FUNG-0065,M4-FUNG-0065:AFUA_3G12920,has_gene
M4-FUNG-0065,M4-FUNG-0065:AFUA_3G12930,has_gene
M4-FUNG-0065,M4-FUNG-0065:AFUA_3G12940,has_gene
M4-FUNG-0065,M4-FUNG-0065:AFUA_3G12950,has_gene
M4-FUNG-0065,M4-FUNG-0065:AFUA_3G12960,has_gene
M4-FUNG-0065,M4-FUNG-0065:M001,produces_metabolite
M4-FUNG-0065,M4-FUNG-0065:M002,produces_metabolite
M4-FUNG-0065,M4-FUNG-0065:M003,produces_metabolite
M4-FUNG-0066,NCBITAXON:5076,belongs_to
M4-FUNG-0066,M4-FUNG-0066:pcbAB,has_gene
M4-FUNG-0066,M4-FUNG-0066:pcbC,has_gene
M4-FUNG-0066,M4-FUNG-0066:penDE,has_gene
M4-FUNG-0066,M4-FUNG-0066:ORF11,has_gene
M4-FUNG-0066,M4-FUNG-0066:ORF12,has_gene
M4-FUNG-0066,M4-FUNG-0066:ORF13,has_gene
M4-FUNG-0066,M4-FUNG-0066:M001,produces_metabolite
M4-FUNG-0066,M4-FUNG-0066:M002,produces_metabolite
NCBITAXON:5076,M4-FUNG-0067,belongs_to
M4-FUNG-0067,M4-FUNG-0067:pcbAB,has_gene
M4-FUNG-0067,M4-FUNG-0067:pcbC,has_gene
M4-FUNG-0067,M4-FUNG-0067:penDE,has_gene
M4-FUNG-0067,M4-FUNG-0067:M001,produces_metabolite
M4-FUNG-0067,M4-FUNG-0067:M002,produces_metabolite
M4-FUNG-0067,M4-FUNG-0067:M003,produces_metabolite
M4-FUNG-0067,M4-FUNG-0067:M004,produces_metabolite
M4-FUNG-0068,M4-FUNG-0068:Pc21g15420,has_gene
M4-FUNG-0068,M4-FUNG-0068:Pc21g15430,has_gene
M4-FUNG-0068,M4-FUNG-0068:Pc21g15440,has_gene
M4-FUNG-0068,M4-FUNG-0068:Pc21g15450,has_gene
M4-FUNG-0068,M4-FUNG-0068:Pc21g15460,has_gene
M4-FUNG-0068,M4-FUNG-0068:Pc21g15470,has_gene
M4-FUNG-0068,M4-FUNG-0068:Pc21g15480,has_gene
M4-FUNG-0068,M4-FUNG-0068:M001,produces_metabolite
M4-FUNG-0068,M4-FUNG-0068:M002,produces_metabolite
M4-FUNG-0068,M4-FUNG-0068:M003,produces_metabolite
M4-FUNG-0068,M4-FUNG-0068:M004,produces_metabolite
M4-FUNG-0068,M4-FUNG-0068:M005,produces_metabolite
M4-FUNG-0068,M4-FUNG-0068:M006,produces_metabolite
M4-FUNG-0068,M4-FUNG-0068:M007,produces_metabolite
M4-FUNG-0069,M4-FUNG-0069:ANIA_08513,has_gene
M4-FUNG-0069,M4-FUNG-0069:ANIA_08514,has_gene
M4-FUNG-0069,M4-FUNG-0069:ANIA_08518,has_gene
M4-FUNG-0069,M4-FUNG-0069:ANIA_08516,has_gene
M4-FUNG-0069,M4-FUNG-0069:ANIA_08520,has_gene
M4-FUNG-0069,M4-FUNG-0069:M001,produces_metabolite
M4-FUNG-0069,M4-FUNG-0069:M002,produces_metabolite
M4-FUNG-0069,M4-FUNG-0069:M003,produces_metabolite
M4-FUNG-0069,M4-FUNG-0069:M004,produces_metabolite
M4-FUNG-0070,NCBITAXON:1756136,belongs_to
M4-FUNG-0070,M4-FUNG-0070:vlmS,has_gene
M4-FUNG-0070,M4-FUNG-0070:vlmA,has_gene
M4-FUNG-0070,M4-FUNG-0070:vlmB,has_gene
M4-FUNG-0070,M4-FUNG-0070:vlmC,has_gene
M4-FUNG-0070,M4-FUNG-0070:M001,produces_metabolite
M4-FUNG-0070,M4-FUNG-0070:M002,produces_metabolite
M4-FUNG-0070,M4-FUNG-0070:M003,produces_metabolite
M4-FUNG-0071,NCBITAXON:332952,belongs_to
M4-FUNG-0071,M4-FUNG-0071:AFLA_094930,has_gene
M4-FUNG-0071,M4-FUNG-0071:AFLA_094940,has_gene
M4-FUNG-0071,M4-FUNG-0071:AFLA_094950,has_gene
M4-FUNG-0071,M4-FUNG-0071:AFLA_094960,has_gene
M4-FUNG-0071,M4-FUNG-0071:AFLA_094970,has_gene
M4-FUNG-0071,M4-FUNG-0071:AFLA_094980,has_gene
M4-FUNG-0071,M4-FUNG-0071:AFLA_094990,has_gene
M4-FUNG-0071,M4-FUNG-0071:AFLA_095000,has_gene
M4-FUNG-0071,M4-FUNG-0071:AFLA_095010,has_gene
M4-FUNG-0071,M4-FUNG-0071:AFLA_095020,has_gene
M4-FUNG-0071,M4-FUNG-0071:AFLA_095030,has_gene
M4-FUNG-0071,M4-FUNG-0071:AFLA_095040,has_gene
M4-FUNG-0071,M4-FUNG-0071:AFLA_095050,has_gene
M4-FUNG-0071,M4-FUNG-0071:AFLA_095060,has_gene
M4-FUNG-0071,M4-FUNG-0071:AFLA_095070,has_gene
M4-FUNG-0071,M4-FUNG-0071:AFLA_095080,has_gene
M4-FUNG-0071,M4-FUNG-0071:AFLA_095090,has_gene
M4-FUNG-0071,M4-FUNG-0071:AFLA_095100,has_gene
M4-FUNG-0071,M4-FUNG-0071:AFLA_095110,has_gene
M4-FUNG-0071,M4-FUNG-0071:M001,produces_metabolite
M4-FUNG-0071,M4-FUNG-0071:M002,produces_metabolite
NCBITAXON:332952,M4-FUNG-0129,belongs_to
NCBITAXON:332952,M4-FUNG-0178,belongs_to
NCBITAXON:332952,M4-FUNG-0180,belongs_to
NCBITAXON:332952,M4-FUNG-0201,belongs_to
NCBITAXON:332952,M4-FUNG-0202,belongs_to
NCBITAXON:332952,M4-FUNG-0211,belongs_to
NCBITAXON:332952,M4-FUNG-0235,belongs_to
NCBITAXON:332952,M4-FUNG-0327,belongs_to
M4-FUNG-0072,M4-FUNG-0072:atmG,has_gene
M4-FUNG-0072,M4-FUNG-0072:atmC,has_gene
M4-FUNG-0072,M4-FUNG-0072:atmM,has_gene
M4-FUNG-0072,M4-FUNG-0072:atmP,has_gene
M4-FUNG-0072,M4-FUNG-0072:atmQ,has_gene
M4-FUNG-0072,M4-FUNG-0072:atmD,has_gene
M4-FUNG-0072,M4-FUNG-0072:atmB,has_gene
M4-FUNG-0072,M4-FUNG-0072:atmA,has_gene
M4-FUNG-0072,M4-FUNG-0072:M001,produces_metabolite
M4-FUNG-0072,M4-FUNG-0072:M002,produces_metabolite
M4-FUNG-0072,M4-FUNG-0072:M003,produces_metabolite
M4-FUNG-0072,M4-FUNG-0072:M004,produces_metabolite
M4-FUNG-0073,NCBITAXON:332648,belongs_to
M4-FUNG-0073,M4-FUNG-0073:BCIN_12g06370,has_gene
M4-FUNG-0073,M4-FUNG-0073:BCIN_12g06380,has_gene
M4-FUNG-0073,M4-FUNG-0073:BCIN_12g06390,has_gene
M4-FUNG-0073,M4-FUNG-0073:BCIN_12g06400,has_gene
M4-FUNG-0073,M4-FUNG-0073:BCIN_12g06410,has_gene
M4-FUNG-0073,M4-FUNG-0073:BCIN_12g06420,has_gene
M4-FUNG-0073,M4-FUNG-0073:BCIN_12g06430,has_gene
M4-FUNG-0073,M4-FUNG-0073:M001,produces_metabolite
M4-FUNG-0073,M4-FUNG-0073:M002,produces_metabolite
M4-FUNG-0073,M4-FUNG-0073:M003,produces_metabolite
M4-FUNG-0073,M4-FUNG-0073:M004,produces_metabolite
M4-FUNG-0073,M4-FUNG-0073:M005,produces_metabolite
NCBITAXON:332648,M4-FUNG-0280,belongs_to
M4-FUNG-0074,NCBITAXON:1365484,belongs_to
M4-FUNG-0074,M4-FUNG-0074:PROQFM164_S02g001464,has_gene
M4-FUNG-0074,M4-FUNG-0074:PROQFM164_S02g001465,has_gene
M4-FUNG-0074,M4-FUNG-0074:PROQFM164_S02g001466,has_gene
M4-FUNG-0074,M4-FUNG-0074:PROQFM164_S02g001467,has_gene
M4-FUNG-0074,M4-FUNG-0074:PROQFM164_S02g001468,has_gene
M4-FUNG-0074,M4-FUNG-0074:PROQFM164_S02g001469,has_gene
M4-FUNG-0074,M4-FUNG-0074:PROQFM164_S02g001470,has_gene
M4-FUNG-0074,M4-FUNG-0074:PROQFM164_S02g001471,has_gene
M4-FUNG-0074,M4-FUNG-0074:PROQFM164_S02g001472,has_gene
M4-FUNG-0074,M4-FUNG-0074:PROQFM164_S02g001473,has_gene
M4-FUNG-0074,M4-FUNG-0074:PROQFM164_S02g001474,has_gene
M4-FUNG-0074,M4-FUNG-0074:M001,produces_metabolite
M4-FUNG-0074,M4-FUNG-0074:M002,produces_metabolite
M4-FUNG-0074,M4-FUNG-0074:M003,produces_metabolite
M4-FUNG-0074,M4-FUNG-0074:M004,produces_metabolite
M4-FUNG-0074,M4-FUNG-0074:M005,produces_metabolite
M4-FUNG-0074,M4-FUNG-0074:M006,produces_metabolite
M4-FUNG-0074,M4-FUNG-0074:M007,produces_metabolite
NCBITAXON:1365484,M4-FUNG-0186,belongs_to
NCBITAXON:1365484,M4-FUNG-0561,belongs_to
NCBITAXON:1365484,M4-FUNG-0601,belongs_to
M4-FUNG-0075,M4-FUNG-0075:AN1592 / ANIA_01592,has_gene
M4-FUNG-0075,M4-FUNG-0075:AN1593 / ANIA_01593,has_gene
M4-FUNG-0075,M4-FUNG-0075:AN1594,has_gene
M4-FUNG-0075,M4-FUNG-0075:AN1595,has_gene
M4-FUNG-0075,M4-FUNG-0075:AN1596,has_gene
M4-FUNG-0075,M4-FUNG-0075:AN1597,has_gene
M4-FUNG-0075,M4-FUNG-0075:AN1598,has_gene
M4-FUNG-0075,M4-FUNG-0075:AN1599,has_gene
M4-FUNG-0075,M4-FUNG-0075:M001,produces_metabolite
M4-FUNG-0075,M4-FUNG-0075:M002,produces_metabolite
M4-FUNG-0075,M4-FUNG-0075:M003,produces_metabolite
M4-FUNG-0076,NCBITAXON:1979465,belongs_to
M4-FUNG-0076,M4-FUNG-0076:PbGGS,has_gene
M4-FUNG-0076,M4-FUNG-0076:ACS,has_gene
M4-FUNG-0076,M4-FUNG-0076:PbP450-1,has_gene
M4-FUNG-0076,M4-FUNG-0076:PbTP,has_gene
M4-FUNG-0076,M4-FUNG-0076:PbP450-2,has_gene
M4-FUNG-0076,M4-FUNG-0076:PbTF,has_gene
M4-FUNG-0076,M4-FUNG-0076:M001,produces_metabolite
M4-FUNG-0076,M4-FUNG-0076:M002,produces_metabolite
M4-FUNG-0076,M4-FUNG-0076:M003,produces_metabolite
M4-FUNG-0076,M4-FUNG-0076:M004,produces_metabolite
NCBITAXON:1979465,M4-FUNG-0156,belongs_to
NCBITAXON:1979465,M4-FUNG-0172,belongs_to
NCBITAXON:1979465,M4-FUNG-0215,belongs_to
NCBITAXON:1979465,M4-FUNG-0287,belongs_to
M4-FUNG-0077,M4-FUNG-0077:ausA,has_gene
M4-FUNG-0077,M4-FUNG-0077:ausN,has_gene
M4-FUNG-0077,M4-FUNG-0077:M001,produces_metabolite
M4-FUNG-0077,M4-FUNG-0077:M002,produces_metabolite
M4-FUNG-0077,M4-FUNG-0077:M003,produces_metabolite
M4-FUNG-0078,M4-FUNG-0078:trt4,has_gene
M4-FUNG-0078,M4-FUNG-0078:trt2,has_gene
M4-FUNG-0078,M4-FUNG-0078:trt14,has_gene
M4-FUNG-0078,M4-FUNG-0078:trt7,has_gene
M4-FUNG-0082,NCBITAXON:1214568,belongs_to
NCBITAXON:1214568,M4-FUNG-0083,belongs_to
M4-FUNG-0085,NCBITAXON:665115,belongs_to
M4-FUNG-0086,NCBITAXON:5050,belongs_to
M4-FUNG-0087,NCBITAXON:78605,belongs_to
M4-FUNG-0088,NCBITAXON:46472,belongs_to
NCBITAXON:46472,M4-FUNG-0484,belongs_to
M4-FUNG-0089,NCBITAXON:70095,belongs_to
M4-FUNG-0090,NCBITAXON:225353,belongs_to
M4-FUNG-0092,NCBITAXON:5061,belongs_to
NCBITAXON:5061,M4-FUNG-0487,belongs_to
M4-FUNG-0093,NCBITAXON:5518,belongs_to
NCBITAXON:5518,M4-FUNG-0094,belongs_to
NCBITAXON:5518,M4-FUNG-0169,belongs_to
NCBITAXON:5518,M4-FUNG-0228,belongs_to
NCBITAXON:5518,M4-FUNG-0547,belongs_to
M4-FUNG-0098,ORG_b0ca58a6a560,belongs_to
M4-FUNG-0099,ORG_0dc23fd5d2f9,belongs_to
M4-FUNG-0100,ORG_dda3b060c9c2,belongs_to
M4-FUNG-0101,ORG_00aa7bf8b645,belongs_to
M4-FUNG-0102,ORG_bac04d6f1e95,belongs_to
M4-FUNG-0103,ORG_1829b4449fb3,belongs_to
ORG_1829b4449fb3,M4-FUNG-0111,belongs_to
M4-FUNG-0104,ORG_19dc5e54cc78,belongs_to
M4-FUNG-0105,ORG_b74eecf1d3db,belongs_to
ORG_b74eecf1d3db,M4-FUNG-0116,belongs_to
M4-FUNG-0106,ORG_cbed182a893e,belongs_to
M4-FUNG-0108,ORG_54ffdc0bbd51,belongs_to
M4-FUNG-0109,ORG_b13e7c50ad4e,belongs_to
M4-FUNG-0110,NCBITAXON:877550,belongs_to
M4-FUNG-0112,ORG_af691354f998,belongs_to
M4-FUNG-0113,ORG_540eb7bbdd06,belongs_to
M4-FUNG-0114,NCBITAXON:510516,belongs_to
NCBITAXON:510516,M4-FUNG-0213,belongs_to
NCBITAXON:510516,M4-FUNG-0301,belongs_to
NCBITAXON:510516,M4-FUNG-0302,belongs_to
NCBITAXON:510516,M4-FUNG-0335,belongs_to
NCBITAXON:510516,M4-FUNG-0355,belongs_to
M4-FUNG-0115,ORG_3f738c0c4e78,belongs_to
ORG_3f738c0c4e78,M4-FUNG-0119,belongs_to
M4-FUNG-0117,ORG_c510f7151b08,belongs_to
M4-FUNG-0118,ORG_d81376d1d2ed,belongs_to
M4-FUNG-0120,ORG_9206fec171a6,belongs_to
M4-FUNG-0121,ORG_8c064f106766,belongs_to
M4-FUNG-0122,ORG_83e25adeea8c,belongs_to
M4-FUNG-0123,ORG_c7d41b0e71b2,belongs_to
M4-FUNG-0124,ORG_db9930cab997,belongs_to
M4-FUNG-0125,ORG_7f561733f323,belongs_to
M4-FUNG-0126,ORG_7b25a803f331,belongs_to
M4-FUNG-0127,NCBITAXON:306901,belongs_to
NCBITAXON:306901,M4-FUNG-0200,belongs_to
M4-FUNG-0128,NCBITAXON:34381,belongs_to
NCBITAXON:34381,M4-FUNG-0233,belongs_to
M4-FUNG-0132,NCBITAXON:568076,belongs_to
M4-FUNG-0133,NCBITAXON:40602,belongs_to
NCBITAXON:40602,M4-FUNG-0159,belongs_to
M4-FUNG-0134,NCBITAXON:5127,belongs_to
NCBITAXON:5127,M4-FUNG-0160,belongs_to
NCBITAXON:5127,M4-FUNG-0162,belongs_to
NCBITAXON:5127,M4-FUNG-0229,belongs_to
NCBITAXON:5127,M4-FUNG-0457,belongs_to
M4-FUNG-0135,NCBITAXON:40559,belongs_to
M4-FUNG-0136,NCBITAXON:13684,belongs_to
M4-FUNG-0137,NCBITAXON:45133,belongs_to
M4-FUNG-0138,NCBITAXON:1036732,belongs_to
M4-FUNG-0139,NCBITAXON:29003,belongs_to
M4-FUNG-0140,NCBITAXON:71945,belongs_to
M4-FUNG-0142,NCBITAXON:35717,belongs_to
NCBITAXON:35717,M4-FUNG-0143,belongs_to
NCBITAXON:35717,M4-FUNG-0325,belongs_to
NCBITAXON:35717,M4-FUNG-0334,belongs_to
NCBITAXON:35717,M4-FUNG-0608,belongs_to
M4-FUNG-0145,ORG_245994777974,belongs_to
M4-FUNG-0147,NCBITAXON:42747,belongs_to
M4-FUNG-0148,NCBITAXON:80604,belongs_to
M4-FUNG-0149,NCBITAXON:96454,belongs_to
M4-FUNG-0150,NCBITAXON:101852,belongs_to
NCBITAXON:101852,M4-FUNG-0167,belongs_to
M4-FUNG-0151,NCBITAXON:40997,belongs_to
NCBITAXON:40997,M4-FUNG-0164,belongs_to
M4-FUNG-0152,NCBITAXON:124418,belongs_to
NCBITAXON:124418,M4-FUNG-0597,belongs_to
M4-FUNG-0155,NCBITAXON:5111,belongs_to
M4-FUNG-0157,NCBITAXON:101162,belongs_to
M4-FUNG-0158,NCBITAXON:27339,belongs_to
M4-FUNG-0161,NCBITAXON:49223,belongs_to
M4-FUNG-0165,NCBITAXON:40380 in canonical source row,belongs_to
M4-FUNG-0166,NCBITAXON:75736,belongs_to
M4-FUNG-0170,NCBITAXON:5514,belongs_to
M4-FUNG-0171,NCBITAXON:1859971,belongs_to
NCBITAXON:1859971,M4-FUNG-0502,belongs_to
M4-FUNG-0173,NCBITAXON:237631,belongs_to
NCBITAXON:237631,M4-FUNG-0279,belongs_to
M4-FUNG-0174,NCBITAXON:5047,belongs_to
M4-FUNG-0175,NCBITAXON:321614,belongs_to
NCBITAXON:321614,M4-FUNG-0272,belongs_to
NCBITAXON:321614,M4-FUNG-0273,belongs_to
NCBITAXON:321614,M4-FUNG-0326,belongs_to
NCBITAXON:321614,M4-FUNG-0365,belongs_to
M4-FUNG-0176,NCBITAXON:5270,belongs_to
M4-FUNG-0181,NCBITAXON:174080,belongs_to
M4-FUNG-0182,NCBITAXON:89489,belongs_to
M4-FUNG-0183,NCBITAXON:1828523,belongs_to
M4-FUNG-0184,NCBITAXON:89137,belongs_to
NCBITAXON:89137,M4-FUNG-0192,belongs_to
M4-FUNG-0185,NCBITAXON:33203,belongs_to
M4-FUNG-0187,NCBITAXON:1111077,belongs_to
NCBITAXON:1111077,M4-FUNG-0278,belongs_to
NCBITAXON:1111077,M4-FUNG-0478,belongs_to
M4-FUNG-0188,NCBITAXON:1160106,belongs_to
M4-FUNG-0189,NCBITAXON:293382,belongs_to
M4-FUNG-0190,NCBITAXON:573841,belongs_to
M4-FUNG-0191,NCBITAXON:69488,belongs_to
NCBITAXON:69488,M4-FUNG-0250,belongs_to
M4-FUNG-0193,NCBITAXON:80385,belongs_to
M4-FUNG-0194,NCBITAXON:291059,belongs_to
M4-FUNG-0197,NCBITAXON:47429,belongs_to
M4-FUNG-0203,NCBITAXON:78579,belongs_to
M4-FUNG-0204,NCBITAXON:374132,belongs_to
NCBITAXON:374132,M4-FUNG-0495,belongs_to
M4-FUNG-0205,NCBITAXON:28567,belongs_to
NCBITAXON:28567,M4-FUNG-0292,belongs_to
NCBITAXON:28567,M4-FUNG-0294,belongs_to
M4-FUNG-0208,NCBITAXON:180999,belongs_to
NCBITAXON:180999,M4-FUNG-0455,belongs_to
M4-FUNG-0209,NCBITAXON:5082,belongs_to
NCBITAXON:5082,M4-FUNG-0242,belongs_to
NCBITAXON:5082,M4-FUNG-0496,belongs_to
M4-FUNG-0214,NCBITAXON:42742,belongs_to
M4-FUNG-0216,NCBITAXON:122368,belongs_to
M4-FUNG-0217,NCBITAXON:348901,belongs_to
M4-FUNG-0218,NCBITAXON:1392248,belongs_to
M4-FUNG-0219,NCBITAXON:229533,belongs_to
NCBITAXON:229533,M4-FUNG-0332,belongs_to
NCBITAXON:229533,M4-FUNG-0336,belongs_to
NCBITAXON:229533,M4-FUNG-0338,belongs_to
NCBITAXON:229533,M4-FUNG-0346,belongs_to
NCBITAXON:229533,M4-FUNG-0351,belongs_to
NCBITAXON:229533,M4-FUNG-0450,belongs_to
NCBITAXON:229533,M4-FUNG-0476,belongs_to
NCBITAXON:229533,M4-FUNG-0508,belongs_to
NCBITAXON:229533,M4-FUNG-0552,belongs_to
NCBITAXON:229533,M4-FUNG-0576,belongs_to
NCBITAXON:229533,M4-FUNG-0594,belongs_to
M4-FUNG-0220,NCBITAXON:1549217,belongs_to
NCBITAXON:1549217,M4-FUNG-0328,belongs_to
NCBITAXON:1549217,M4-FUNG-0330,belongs_to
NCBITAXON:1549217,M4-FUNG-0491,belongs_to
NCBITAXON:1549217,M4-FUNG-0493,belongs_to
M4-FUNG-0221,NCBITAXON:644132,belongs_to
NCBITAXON:644132,M4-FUNG-0306,belongs_to
M4-FUNG-0222,NCBITAXON:318706,belongs_to
M4-FUNG-0223,NCBITAXON:37994,belongs_to
M4-FUNG-0224,NCBITAXON:1897413,belongs_to
M4-FUNG-0225,NCBITAXON:83212,belongs_to
M4-FUNG-0227,NCBITAXON:150374,belongs_to
M4-FUNG-0231,NCBITAXON:413071,belongs_to
M4-FUNG-0232,NCBITAXON:1888172,belongs_to
M4-FUNG-0234,NCBITAXON:721885,belongs_to
M4-FUNG-0236,NCBITAXON:393283,belongs_to
M4-FUNG-0237,NCBITAXON:1283841,belongs_to
M4-FUNG-0238,NCBITAXON:95742,belongs_to
M4-FUNG-0239,ORG_17bac3b9f14e,belongs_to
M4-FUNG-0240,ORG_31f88d0ac475,belongs_to
M4-FUNG-0244,NCBITAXON:1053259,belongs_to
NCBITAXON:1053259,M4-FUNG-0560,belongs_to
M4-FUNG-0245,NCBITAXON:367110,belongs_to
NCBITAXON:367110,M4-FUNG-0513,belongs_to
M4-FUNG-0247,NCBITAXON:1243767,belongs_to
NCBITAXON:1243767,M4-FUNG-0291,belongs_to
M4-FUNG-0248,NCBITAXON:1392255,belongs_to
NCBITAXON:1392255,M4-FUNG-0299,belongs_to
M4-FUNG-0249,NCBITAXON:1392250,belongs_to
M4-FUNG-0251,NCBITAXON:690307,belongs_to
NCBITAXON:690307,M4-FUNG-0329,belongs_to
NCBITAXON:690307,M4-FUNG-0512,belongs_to
NCBITAXON:690307,M4-FUNG-0589,belongs_to
M4-FUNG-0252,NCBITAXON:655819,belongs_to
NCBITAXON:655819,M4-FUNG-0363,belongs_to
M4-FUNG-0254,NCBITAXON:933388,belongs_to
NCBITAXON:933388,M4-FUNG-0310,belongs_to
M4-FUNG-0255,NCBITAXON:104259,belongs_to
NCBITAXON:104259,M4-FUNG-0437,belongs_to
NCBITAXON:104259,M4-FUNG-0514,belongs_to
M4-FUNG-0256,ORG_a08e3831fd82,belongs_to
M4-FUNG-0257,NCBITAXON:1756125,belongs_to
M4-FUNG-0258,NCBITAXON:1986016,belongs_to
M4-FUNG-0259,NCBITAXON:242507,belongs_to
NCBITAXON:242507,M4-FUNG-0316,belongs_to
NCBITAXON:242507,M4-FUNG-0317,belongs_to
NCBITAXON:242507,M4-FUNG-0320,belongs_to
M4-FUNG-0260,NCBITAXON:660122,belongs_to
M4-FUNG-0261,NCBITAXON:1293529,belongs_to
M4-FUNG-0262,NCBITAXON:5079,belongs_to
M4-FUNG-0263,NCBITAXON:1963369,belongs_to
M4-FUNG-0264,NCBITAXON:570715,belongs_to
M4-FUNG-0265,NCBITAXON:282267,belongs_to
M4-FUNG-0266,NCBITAXON:1955101,belongs_to
NCBITAXON:1955101,M4-FUNG-0267,belongs_to
M4-FUNG-0268,NCBITAXON:2203296,belongs_to
M4-FUNG-0269,NCBITAXON:1662659,belongs_to
M4-FUNG-0270,NCBITAXON:5544,belongs_to
NCBITAXON:5544,M4-FUNG-0282,belongs_to
NCBITAXON:5544,M4-FUNG-0309,belongs_to
M4-FUNG-0271,NCBITAXON:209559,belongs_to
NCBITAXON:209559,M4-FUNG-0297,belongs_to
NCBITAXON:209559,M4-FUNG-0313,belongs_to
NCBITAXON:209559,M4-FUNG-0315,belongs_to
M4-FUNG-0274,NCBITAXON:264951,belongs_to
NCBITAXON:264951,M4-FUNG-0304,belongs_to
M4-FUNG-0276,NCBITAXON:148305,belongs_to
NCBITAXON:148305,M4-FUNG-0298,belongs_to
M4-FUNG-0281,NCBITAXON:985895,belongs_to
M4-FUNG-0283,NCBITAXON:1169046,belongs_to
NCBITAXON:1169046,M4-FUNG-0284,belongs_to
M4-FUNG-0285,NCBITAXON:41251,belongs_to
NCBITAXON:41251,M4-FUNG-0308,belongs_to
M4-FUNG-0286,NCBITAXON:1729595,belongs_to
M4-FUNG-0288,NCBITAXON:749675,belongs_to
NCBITAXON:749675,M4-FUNG-0289,belongs_to
M4-FUNG-0290,NCBITAXON:198730,belongs_to
NCBITAXON:198730,M4-FUNG-0604,belongs_to
M4-FUNG-0293,NCBITAXON:1707701,belongs_to
NCBITAXON:1707701,M4-FUNG-0295,belongs_to
NCBITAXON:1707701,M4-FUNG-0296,belongs_to
M4-FUNG-0300,NCBITAXON:28985,belongs_to
M4-FUNG-0305,NCBITAXON:1735992,belongs_to
NCBITAXON:1735992,M4-FUNG-0511,belongs_to
M4-FUNG-0307,NCBITAXON:2572248,belongs_to
M4-FUNG-0311,NCBITAXON:28576,belongs_to
NCBITAXON:28576,M4-FUNG-0443,belongs_to
M4-FUNG-0312,NCBITAXON:2765005,belongs_to
M4-FUNG-0314,NCBITAXON:2040732,belongs_to
M4-FUNG-0318,NCBITAXON:1156157,belongs_to
M4-FUNG-0321,NCBITAXON:240176,belongs_to
M4-FUNG-0323,M4-FUNG-0323:G001,has_gene
M4-FUNG-0323,M4-FUNG-0323:G002,has_gene
M4-FUNG-0323,M4-FUNG-0323:M001,produces_metabolite
M4-FUNG-0323,M4-FUNG-0323:M002,produces_metabolite
M4-FUNG-0323,M4-FUNG-0323:M003,produces_metabolite
M4-FUNG-0324,NCBITAXON:1028729,belongs_to
M4-FUNG-0324,M4-FUNG-0324:G001,has_gene
M4-FUNG-0324,M4-FUNG-0324:G002,has_gene
M4-FUNG-0324,M4-FUNG-0324:G003,has_gene
M4-FUNG-0324,M4-FUNG-0324:M001,produces_metabolite
M4-FUNG-0324,M4-FUNG-0324:M002,produces_metabolite
M4-FUNG-0324,M4-FUNG-0324:M003,produces_metabolite
NCBITAXON:1028729,M4-FUNG-0348,belongs_to
M4-FUNG-0325,M4-FUNG-0325:G001,has_gene
M4-FUNG-0325,M4-FUNG-0325:G002,has_gene
M4-FUNG-0325,M4-FUNG-0325:M001,produces_metabolite
M4-FUNG-0325,M4-FUNG-0325:M002,produces_metabolite
M4-FUNG-0326,M4-FUNG-0326:G001,has_gene
M4-FUNG-0326,M4-FUNG-0326:G002,has_gene
M4-FUNG-0326,M4-FUNG-0326:M001,produces_metabolite
M4-FUNG-0326,M4-FUNG-0326:M002,produces_metabolite
M4-FUNG-0327,M4-FUNG-0327:G001,has_gene
M4-FUNG-0327,M4-FUNG-0327:G002,has_gene
M4-FUNG-0327,M4-FUNG-0327:M001,produces_metabolite
M4-FUNG-0327,M4-FUNG-0327:M002,produces_metabolite
M4-FUNG-0328,M4-FUNG-0328:G001,has_gene
M4-FUNG-0328,M4-FUNG-0328:G002,has_gene
M4-FUNG-0328,M4-FUNG-0328:G003,has_gene
M4-FUNG-0328,M4-FUNG-0328:M001,produces_metabolite
M4-FUNG-0328,M4-FUNG-0328:M002,produces_metabolite
M4-FUNG-0328,M4-FUNG-0328:M003,produces_metabolite
M4-FUNG-0329,M4-FUNG-0329:G001,has_gene
M4-FUNG-0329,M4-FUNG-0329:G002,has_gene
M4-FUNG-0329,M4-FUNG-0329:G003,has_gene
M4-FUNG-0329,M4-FUNG-0329:M001,produces_metabolite
M4-FUNG-0330,M4-FUNG-0330:G001,has_gene
M4-FUNG-0330,M4-FUNG-0330:G002,has_gene
M4-FUNG-0330,M4-FUNG-0330:M001,produces_metabolite
M4-FUNG-0330,M4-FUNG-0330:M002,produces_metabolite
M4-FUNG-0330,M4-FUNG-0330:M003,produces_metabolite
M4-FUNG-0331,M4-FUNG-0331:G001,has_gene
M4-FUNG-0331,M4-FUNG-0331:G002,has_gene
M4-FUNG-0331,M4-FUNG-0331:M001,produces_metabolite
M4-FUNG-0331,M4-FUNG-0331:M002,produces_metabolite
M4-FUNG-0331,M4-FUNG-0331:M003,produces_metabolite
M4-FUNG-0332,M4-FUNG-0332:G001,has_gene
M4-FUNG-0332,M4-FUNG-0332:G002,has_gene
M4-FUNG-0332,M4-FUNG-0332:G003,has_gene
M4-FUNG-0332,M4-FUNG-0332:G004,has_gene
M4-FUNG-0332,M4-FUNG-0332:M001,produces_metabolite
M4-FUNG-0332,M4-FUNG-0332:M002,produces_metabolite
M4-FUNG-0333,NCBITAXON:451804,belongs_to
M4-FUNG-0333,M4-FUNG-0333:G001,has_gene
M4-FUNG-0333,M4-FUNG-0333:G002,has_gene
M4-FUNG-0333,M4-FUNG-0333:G003,has_gene
M4-FUNG-0333,M4-FUNG-0333:G004,has_gene
M4-FUNG-0333,M4-FUNG-0333:M001,produces_metabolite
M4-FUNG-0333,M4-FUNG-0333:M002,produces_metabolite
NCBITAXON:451804,M4-FUNG-0553,belongs_to
M4-FUNG-0337,NCBITAXON:1159556,belongs_to
M4-FUNG-0341,NCBITAXON:693819,belongs_to
M4-FUNG-0342,NCBITAXON:29875,belongs_to
M4-FUNG-0343,NCBITAXON:49331,belongs_to
M4-FUNG-0344,NCBITAXON:344612,belongs_to
M4-FUNG-0345,NCBITAXON:5081 (canonical source genus-level taxon),belongs_to
M4-FUNG-0347,NCBITAXON:1380566,belongs_to
M4-FUNG-0349,NCBITAXON:1318459,belongs_to
M4-FUNG-0352,NCBITAXON:1813822,belongs_to
M4-FUNG-0354,NCBITAXON:105696,belongs_to
M4-FUNG-0356,NCBITAXON:36656,belongs_to
NCBITAXON:36656,M4-FUNG-0357,belongs_to
NCBITAXON:36656,M4-FUNG-0498,belongs_to
NCBITAXON:36656,M4-FUNG-0551,belongs_to
NCBITAXON:36656,M4-FUNG-0587,belongs_to
M4-FUNG-0358,NCBITAXON:2081996,belongs_to
M4-FUNG-0359,NCBITAXON:2582783,belongs_to
NCBITAXON:2582783,M4-FUNG-0515,belongs_to
M4-FUNG-0360,NCBITAXON:240499,belongs_to
NCBITAXON:240499,M4-FUNG-0428,belongs_to
M4-FUNG-0361,NCBITAXON:930091,belongs_to
NCBITAXON:930091,M4-FUNG-0362,belongs_to
M4-FUNG-0364,NCBITAXON:41900,belongs_to
NCBITAXON:41900,M4-FUNG-0574,belongs_to
M4-FUNG-0366,NCBITAXON:1491466,belongs_to
M4-FUNG-0367,NCBITAXON:93625,belongs_to
M4-FUNG-0368,NCBITAXON:40382,belongs_to
NCBITAXON:40382,M4-FUNG-0369,belongs_to
NCBITAXON:40382,M4-FUNG-0570,belongs_to
NCBITAXON:40382,M4-FUNG-0578,belongs_to
NCBITAXON:40382,M4-FUNG-0579,belongs_to
M4-FUNG-0370,NCBITAXON:657443,belongs_to
M4-FUNG-0371,NCBITAXON:1460663,belongs_to
M4-FUNG-0372,NCBITAXON:1381753,belongs_to
M4-FUNG-0373,NCBITAXON:741275,belongs_to
M4-FUNG-0374,ORG_6e8172f57e08,belongs_to
M4-FUNG-0375,ORG_21b49e6f1695,belongs_to
M4-FUNG-0376,ORG_c6017f90d7b0,belongs_to
M4-FUNG-0377,ORG_b22b5ba9a6f7,belongs_to
M4-FUNG-0378,ORG_d85b59831717,belongs_to
M4-FUNG-0379,ORG_72fc323b1874,belongs_to
M4-FUNG-0380,ORG_70768ab916c8,belongs_to
M4-FUNG-0381,ORG_6e29ff2602e5,belongs_to
M4-FUNG-0382,ORG_dccbef159ffa,belongs_to
M4-FUNG-0383,ORG_a825e454814d,belongs_to
M4-FUNG-0384,ORG_43dffc297132,belongs_to
M4-FUNG-0385,ORG_ddcf71f2b181,belongs_to
M4-FUNG-0386,ORG_30de335eae3e,belongs_to
M4-FUNG-0387,ORG_1be47c6350ca,belongs_to
M4-FUNG-0388,ORG_d40377b519a7,belongs_to
M4-FUNG-0389,ORG_2c597a5aa564,belongs_to
M4-FUNG-0390,ORG_e3cadbe52f24,belongs_to
M4-FUNG-0391,ORG_f21506a2afad,belongs_to
M4-FUNG-0392,ORG_28b63b531c3c,belongs_to
M4-FUNG-0393,ORG_50355c5f1f0c,belongs_to
M4-FUNG-0394,ORG_d8b3d7b631f6,belongs_to
M4-FUNG-0395,ORG_9d5b02b4c361,belongs_to
M4-FUNG-0396,ORG_836c3c42925e,belongs_to
M4-FUNG-0397,ORG_51f4218c8370,belongs_to
M4-FUNG-0398,ORG_e5fd63b2dfb1,belongs_to
M4-FUNG-0399,ORG_7f935d6e0b45,belongs_to
M4-FUNG-0400,ORG_7474a8f36194,belongs_to
M4-FUNG-0401,ORG_315919354be6,belongs_to
M4-FUNG-0402,ORG_199abb487d3b,belongs_to
M4-FUNG-0403,ORG_e3ac70135604,belongs_to
M4-FUNG-0404,ORG_3706cb65d3b9,belongs_to
M4-FUNG-0405,ORG_115646fd0871,belongs_to
M4-FUNG-0406,ORG_429e87f09b9e,belongs_to
M4-FUNG-0407,ORG_4e7245e7ef13,belongs_to
M4-FUNG-0408,ORG_1c29ddcb9192,belongs_to
M4-FUNG-0409,ORG_00ee2506caa4,belongs_to
M4-FUNG-0410,ORG_c5eab1482fc6,belongs_to
M4-FUNG-0411,ORG_f0bc222d852a,belongs_to
M4-FUNG-0412,ORG_d53649ce9a79,belongs_to
M4-FUNG-0413,ORG_c21198e70053,belongs_to
M4-FUNG-0414,ORG_6de0d6495f06,belongs_to
M4-FUNG-0415,ORG_164062b0f129,belongs_to
M4-FUNG-0416,ORG_f9cee5d2a5fe,belongs_to
M4-FUNG-0417,ORG_7148c415351b,belongs_to
M4-FUNG-0418,ORG_ab3afe59d4ea,belongs_to
M4-FUNG-0419,ORG_627acd308a22,belongs_to
M4-FUNG-0420,ORG_5aa9dcb6a288,belongs_to
M4-FUNG-0421,ORG_a6532b04f97b,belongs_to
M4-FUNG-0422,ORG_891f81deae16,belongs_to
M4-FUNG-0423,ORG_b56560321bbc,belongs_to
M4-FUNG-0424,ORG_3d7bdd9a2bf8,belongs_to
M4-FUNG-0425,ORG_a863520cab69,belongs_to
M4-FUNG-0426,M4-FUNG-0426:G001,has_gene
M4-FUNG-0426,M4-FUNG-0426:G002,has_gene
M4-FUNG-0426,M4-FUNG-0426:G003,has_gene
M4-FUNG-0426,M4-FUNG-0426:G004,has_gene
M4-FUNG-0426,M4-FUNG-0426:G005,has_gene
M4-FUNG-0426,M4-FUNG-0426:M001,produces_metabolite
M4-FUNG-0426,M4-FUNG-0426:M002,produces_metabolite
M4-FUNG-0426,M4-FUNG-0426:M003,produces_metabolite
M4-FUNG-0426,M4-FUNG-0426:M004,produces_metabolite
M4-FUNG-0427,NCBITAXON:5081,belongs_to
M4-FUNG-0427,M4-FUNG-0427:G001,has_gene
M4-FUNG-0427,M4-FUNG-0427:G002,has_gene
M4-FUNG-0427,M4-FUNG-0427:G003,has_gene
M4-FUNG-0427,M4-FUNG-0427:G004,has_gene
M4-FUNG-0427,M4-FUNG-0427:G005,has_gene
M4-FUNG-0427,M4-FUNG-0427:G006,has_gene
M4-FUNG-0427,M4-FUNG-0427:G007,has_gene
M4-FUNG-0427,M4-FUNG-0427:M001,produces_metabolite
M4-FUNG-0427,M4-FUNG-0427:M002,produces_metabolite
M4-FUNG-0427,M4-FUNG-0427:M003,produces_metabolite
M4-FUNG-0427,M4-FUNG-0427:M004,produces_metabolite
M4-FUNG-0427,M4-FUNG-0427:M005,produces_metabolite
M4-FUNG-0427,M4-FUNG-0427:M006,produces_metabolite
M4-FUNG-0427,M4-FUNG-0427:M007,produces_metabolite
M4-FUNG-0427,M4-FUNG-0427:M008,produces_metabolite
M4-FUNG-0428,M4-FUNG-0428:G001,has_gene
M4-FUNG-0428,M4-FUNG-0428:G002,has_gene
M4-FUNG-0428,M4-FUNG-0428:M001,produces_metabolite
M4-FUNG-0429,M4-FUNG-0429:G001,has_gene
M4-FUNG-0429,M4-FUNG-0429:G002,has_gene
M4-FUNG-0429,M4-FUNG-0429:G003,has_gene
M4-FUNG-0429,M4-FUNG-0429:G004,has_gene
M4-FUNG-0429,M4-FUNG-0429:G005,has_gene
M4-FUNG-0429,M4-FUNG-0429:G006,has_gene
M4-FUNG-0429,M4-FUNG-0429:G007,has_gene
M4-FUNG-0429,M4-FUNG-0429:M001,produces_metabolite
M4-FUNG-0429,M4-FUNG-0429:M002,produces_metabolite
M4-FUNG-0429,M4-FUNG-0429:M003,produces_metabolite
M4-FUNG-0430,M4-FUNG-0430:G001,has_gene
M4-FUNG-0430,M4-FUNG-0430:G002,has_gene
M4-FUNG-0430,M4-FUNG-0430:G003,has_gene
M4-FUNG-0430,M4-FUNG-0430:G004,has_gene
M4-FUNG-0430,M4-FUNG-0430:M001,produces_metabolite
M4-FUNG-0431,M4-FUNG-0431:G001,has_gene
M4-FUNG-0431,M4-FUNG-0431:G002,has_gene
M4-FUNG-0431,M4-FUNG-0431:G003,has_gene
M4-FUNG-0431,M4-FUNG-0431:G004,has_gene
M4-FUNG-0431,M4-FUNG-0431:G005,has_gene
M4-FUNG-0431,M4-FUNG-0431:G006,has_gene
M4-FUNG-0431,M4-FUNG-0431:M001,produces_metabolite
M4-FUNG-0431,M4-FUNG-0431:M002,produces_metabolite
M4-FUNG-0432,M4-FUNG-0432:G001,has_gene
M4-FUNG-0432,M4-FUNG-0432:G002,has_gene
M4-FUNG-0432,M4-FUNG-0432:G003,has_gene
M4-FUNG-0432,M4-FUNG-0432:G004,has_gene
M4-FUNG-0432,M4-FUNG-0432:G005,has_gene
M4-FUNG-0432,M4-FUNG-0432:G006,has_gene
M4-FUNG-0432,M4-FUNG-0432:G007,has_gene
M4-FUNG-0432,M4-FUNG-0432:M001,produces_metabolite
M4-FUNG-0432,M4-FUNG-0432:M002,produces_metabolite
M4-FUNG-0433,M4-FUNG-0433:G001,has_gene
M4-FUNG-0433,M4-FUNG-0433:M001,produces_metabolite
M4-FUNG-0433,M4-FUNG-0433:M002,produces_metabolite
M4-FUNG-0434,NCBITAXON:1450533,belongs_to
M4-FUNG-0434,M4-FUNG-0434:G001,has_gene
M4-FUNG-0434,M4-FUNG-0434:G002,has_gene
M4-FUNG-0434,M4-FUNG-0434:M001,produces_metabolite
M4-FUNG-0434,M4-FUNG-0434:M002,produces_metabolite
M4-FUNG-0434,M4-FUNG-0434:M003,produces_metabolite
M4-FUNG-0435,M4-FUNG-0435:G001,has_gene
M4-FUNG-0435,M4-FUNG-0435:M001,produces_metabolite
M4-FUNG-0435,M4-FUNG-0435:M002,produces_metabolite
M4-FUNG-0435,M4-FUNG-0435:M003,produces_metabolite
M4-FUNG-0436,NCBITAXON:5382,belongs_to
M4-FUNG-0436,M4-FUNG-0436:G001,has_gene
M4-FUNG-0436,M4-FUNG-0436:M001,produces_metabolite
M4-FUNG-0436,M4-FUNG-0436:M002,produces_metabolite
M4-FUNG-0437,M4-FUNG-0437:G001,has_gene
M4-FUNG-0437,M4-FUNG-0437:G002,has_gene
M4-FUNG-0437,M4-FUNG-0437:G003,has_gene
M4-FUNG-0437,M4-FUNG-0437:G004,has_gene
M4-FUNG-0437,M4-FUNG-0437:G005,has_gene
M4-FUNG-0437,M4-FUNG-0437:M001,produces_metabolite
M4-FUNG-0437,M4-FUNG-0437:M002,produces_metabolite
M4-FUNG-0437,M4-FUNG-0437:M003,produces_metabolite
M4-FUNG-0437,M4-FUNG-0437:M004,produces_metabolite
M4-FUNG-0437,M4-FUNG-0437:M005,produces_metabolite
M4-FUNG-0438,NCBITAXON:1128401,belongs_to
M4-FUNG-0438,M4-FUNG-0438:G001,has_gene
M4-FUNG-0438,M4-FUNG-0438:G002,has_gene
M4-FUNG-0438,M4-FUNG-0438:M001,produces_metabolite
M4-FUNG-0438,M4-FUNG-0438:M002,produces_metabolite
NCBITAXON:1128401,M4-FUNG-0439,belongs_to
M4-FUNG-0439,M4-FUNG-0439:G001,has_gene
M4-FUNG-0439,M4-FUNG-0439:G002,has_gene
M4-FUNG-0439,M4-FUNG-0439:M001,produces_metabolite
M4-FUNG-0439,M4-FUNG-0439:M002,produces_metabolite
M4-FUNG-0440,NCBITAXON:249398,belongs_to
M4-FUNG-0440,M4-FUNG-0440:G001,has_gene
M4-FUNG-0440,M4-FUNG-0440:G002,has_gene
M4-FUNG-0440,M4-FUNG-0440:G003,has_gene
M4-FUNG-0440,M4-FUNG-0440:G004,has_gene
M4-FUNG-0440,M4-FUNG-0440:G005,has_gene
M4-FUNG-0440,M4-FUNG-0440:G006,has_gene
M4-FUNG-0440,M4-FUNG-0440:M001,produces_metabolite
M4-FUNG-0440,M4-FUNG-0440:M002,produces_metabolite
M4-FUNG-0440,M4-FUNG-0440:M003,produces_metabolite
M4-FUNG-0440,M4-FUNG-0440:M004,produces_metabolite
M4-FUNG-0441,NCBITAXON:1896107,belongs_to
M4-FUNG-0441,M4-FUNG-0441:G001,has_gene
M4-FUNG-0441,M4-FUNG-0441:G002,has_gene
M4-FUNG-0441,M4-FUNG-0441:G003,has_gene
M4-FUNG-0441,M4-FUNG-0441:G004,has_gene
M4-FUNG-0441,M4-FUNG-0441:G005,has_gene
M4-FUNG-0441,M4-FUNG-0441:G006,has_gene
M4-FUNG-0441,M4-FUNG-0441:G007,has_gene
M4-FUNG-0441,M4-FUNG-0441:M001,produces_metabolite
M4-FUNG-0441,M4-FUNG-0441:M002,produces_metabolite
M4-FUNG-0441,M4-FUNG-0441:M003,produces_metabolite
M4-FUNG-0441,M4-FUNG-0441:M004,produces_metabolite
M4-FUNG-0441,M4-FUNG-0441:M005,produces_metabolite
M4-FUNG-0442,NCBITAXON:370937,belongs_to
M4-FUNG-0442,M4-FUNG-0442:G001,has_gene
M4-FUNG-0442,M4-FUNG-0442:G002,has_gene
M4-FUNG-0442,M4-FUNG-0442:G003,has_gene
M4-FUNG-0442,M4-FUNG-0442:M001,produces_metabolite
M4-FUNG-0442,M4-FUNG-0442:M002,produces_metabolite
M4-FUNG-0443,M4-FUNG-0443:G001,has_gene
M4-FUNG-0443,M4-FUNG-0443:G002,has_gene
M4-FUNG-0443,M4-FUNG-0443:G003,has_gene
M4-FUNG-0443,M4-FUNG-0443:G004,has_gene
M4-FUNG-0443,M4-FUNG-0443:G005,has_gene
M4-FUNG-0443,M4-FUNG-0443:G006,has_gene
M4-FUNG-0443,M4-FUNG-0443:G007,has_gene
M4-FUNG-0443,M4-FUNG-0443:M001,produces_metabolite
M4-FUNG-0443,M4-FUNG-0443:M002,produces_metabolite
M4-FUNG-0443,M4-FUNG-0443:M003,produces_metabolite
M4-FUNG-0443,M4-FUNG-0443:M004,produces_metabolite
M4-FUNG-0443,M4-FUNG-0443:M005,produces_metabolite
M4-FUNG-0444,M4-FUNG-0444:G001,has_gene
M4-FUNG-0444,M4-FUNG-0444:G002,has_gene
M4-FUNG-0444,M4-FUNG-0444:M001,produces_metabolite
M4-FUNG-0444,M4-FUNG-0444:M002,produces_metabolite
M4-FUNG-0445,NCBITAXON:2163413,belongs_to
M4-FUNG-0445,M4-FUNG-0445:G001,has_gene
M4-FUNG-0445,M4-FUNG-0445:G002,has_gene
M4-FUNG-0445,M4-FUNG-0445:G003,has_gene
M4-FUNG-0445,M4-FUNG-0445:G004,has_gene
M4-FUNG-0445,M4-FUNG-0445:M001,produces_metabolite
M4-FUNG-0445,M4-FUNG-0445:M002,produces_metabolite
M4-FUNG-0445,M4-FUNG-0445:M003,produces_metabolite
M4-FUNG-0445,M4-FUNG-0445:M004,produces_metabolite
M4-FUNG-0446,M4-FUNG-0446:G001,has_gene
M4-FUNG-0446,M4-FUNG-0446:G002,has_gene
M4-FUNG-0446,M4-FUNG-0446:G003,has_gene
M4-FUNG-0446,M4-FUNG-0446:G004,has_gene
M4-FUNG-0446,M4-FUNG-0446:G005,has_gene
M4-FUNG-0446,M4-FUNG-0446:G006,has_gene
M4-FUNG-0446,M4-FUNG-0446:M001,produces_metabolite
M4-FUNG-0446,M4-FUNG-0446:M002,produces_metabolite
M4-FUNG-0446,M4-FUNG-0446:M003,produces_metabolite
M4-FUNG-0447,M4-FUNG-0447:G001,has_gene
M4-FUNG-0447,M4-FUNG-0447:G002,has_gene
M4-FUNG-0447,M4-FUNG-0447:G003,has_gene
M4-FUNG-0447,M4-FUNG-0447:G004,has_gene
M4-FUNG-0447,M4-FUNG-0447:G005,has_gene
M4-FUNG-0447,M4-FUNG-0447:M001,produces_metabolite
M4-FUNG-0447,M4-FUNG-0447:M002,produces_metabolite
M4-FUNG-0447,M4-FUNG-0447:M003,produces_metabolite
M4-FUNG-0447,M4-FUNG-0447:M004,produces_metabolite
M4-FUNG-0448,NCBITAXON:2259629,belongs_to
M4-FUNG-0448,M4-FUNG-0448:G001,has_gene
M4-FUNG-0448,M4-FUNG-0448:G002,has_gene
M4-FUNG-0448,M4-FUNG-0448:G003,has_gene
M4-FUNG-0448,M4-FUNG-0448:G004,has_gene
M4-FUNG-0448,M4-FUNG-0448:G005,has_gene
M4-FUNG-0448,M4-FUNG-0448:M001,produces_metabolite
M4-FUNG-0448,M4-FUNG-0448:M002,produces_metabolite
M4-FUNG-0448,M4-FUNG-0448:M003,produces_metabolite
M4-FUNG-0449,M4-FUNG-0449:G001,has_gene
M4-FUNG-0449,M4-FUNG-0449:G002,has_gene
M4-FUNG-0449,M4-FUNG-0449:G003,has_gene
M4-FUNG-0449,M4-FUNG-0449:G004,has_gene
M4-FUNG-0449,M4-FUNG-0449:G005,has_gene
M4-FUNG-0449,M4-FUNG-0449:G006,has_gene
M4-FUNG-0449,M4-FUNG-0449:M001,produces_metabolite
M4-FUNG-0449,M4-FUNG-0449:M002,produces_metabolite
M4-FUNG-0449,M4-FUNG-0449:M003,produces_metabolite
M4-FUNG-0450,M4-FUNG-0450:G001,has_gene
M4-FUNG-0450,M4-FUNG-0450:G002,has_gene
M4-FUNG-0450,M4-FUNG-0450:G003,has_gene
M4-FUNG-0450,M4-FUNG-0450:G004,has_gene
M4-FUNG-0450,M4-FUNG-0450:G005,has_gene
M4-FUNG-0450,M4-FUNG-0450:G006,has_gene
M4-FUNG-0450,M4-FUNG-0450:G007,has_gene
M4-FUNG-0450,M4-FUNG-0450:M001,produces_metabolite
M4-FUNG-0450,M4-FUNG-0450:M002,produces_metabolite
M4-FUNG-0450,M4-FUNG-0450:M003,produces_metabolite
M4-FUNG-0450,M4-FUNG-0450:M004,produces_metabolite
M4-FUNG-0450,M4-FUNG-0450:M005,produces_metabolite
M4-FUNG-0451,NCBITAXON:759273,belongs_to
M4-FUNG-0451,M4-FUNG-0451:G001,has_gene
M4-FUNG-0451,M4-FUNG-0451:G002,has_gene
M4-FUNG-0451,M4-FUNG-0451:G003,has_gene
M4-FUNG-0451,M4-FUNG-0451:G004,has_gene
M4-FUNG-0451,M4-FUNG-0451:G005,has_gene
M4-FUNG-0451,M4-FUNG-0451:G006,has_gene
M4-FUNG-0451,M4-FUNG-0451:G007,has_gene
M4-FUNG-0451,M4-FUNG-0451:M001,produces_metabolite
M4-FUNG-0451,M4-FUNG-0451:M002,produces_metabolite
M4-FUNG-0451,M4-FUNG-0451:M003,produces_metabolite
M4-FUNG-0451,M4-FUNG-0451:M004,produces_metabolite
M4-FUNG-0451,M4-FUNG-0451:M005,produces_metabolite
NCBITAXON:759273,M4-FUNG-0524,belongs_to
M4-FUNG-0452,NCBITAXON:1892770,belongs_to
M4-FUNG-0452,M4-FUNG-0452:G001,has_gene
M4-FUNG-0452,M4-FUNG-0452:G002,has_gene
M4-FUNG-0452,M4-FUNG-0452:G003,has_gene
M4-FUNG-0452,M4-FUNG-0452:G004,has_gene
M4-FUNG-0452,M4-FUNG-0452:G005,has_gene
M4-FUNG-0452,M4-FUNG-0452:G006,has_gene
M4-FUNG-0452,M4-FUNG-0452:G007,has_gene
M4-FUNG-0452,M4-FUNG-0452:M001,produces_metabolite
M4-FUNG-0452,M4-FUNG-0452:M002,produces_metabolite
M4-FUNG-0453,NCBITAXON:47427,belongs_to
M4-FUNG-0453,M4-FUNG-0453:G001,has_gene
M4-FUNG-0453,M4-FUNG-0453:G002,has_gene
M4-FUNG-0453,M4-FUNG-0453:G003,has_gene
M4-FUNG-0453,M4-FUNG-0453:G004,has_gene
M4-FUNG-0453,M4-FUNG-0453:G005,has_gene
M4-FUNG-0453,M4-FUNG-0453:G006,has_gene
M4-FUNG-0453,M4-FUNG-0453:M001,produces_metabolite
M4-FUNG-0453,M4-FUNG-0453:M002,produces_metabolite
M4-FUNG-0453,M4-FUNG-0453:M003,produces_metabolite
M4-FUNG-0454,NCBITAXON:45130,belongs_to
M4-FUNG-0454,M4-FUNG-0454:G001,has_gene
M4-FUNG-0454,M4-FUNG-0454:G002,has_gene
M4-FUNG-0454,M4-FUNG-0454:G003,has_gene
M4-FUNG-0454,M4-FUNG-0454:G004,has_gene
M4-FUNG-0454,M4-FUNG-0454:G005,has_gene
M4-FUNG-0454,M4-FUNG-0454:G006,has_gene
M4-FUNG-0454,M4-FUNG-0454:M001,produces_metabolite
M4-FUNG-0454,M4-FUNG-0454:M002,produces_metabolite
M4-FUNG-0454,M4-FUNG-0454:M003,produces_metabolite
M4-FUNG-0454,M4-FUNG-0454:M004,produces_metabolite
M4-FUNG-0454,M4-FUNG-0454:M005,produces_metabolite
NCBITAXON:45130,M4-FUNG-0510,belongs_to
M4-FUNG-0455,M4-FUNG-0455:G001,has_gene
M4-FUNG-0455,M4-FUNG-0455:G002,has_gene
M4-FUNG-0455,M4-FUNG-0455:G003,has_gene
M4-FUNG-0455,M4-FUNG-0455:M001,produces_metabolite
M4-FUNG-0455,M4-FUNG-0455:M002,produces_metabolite
M4-FUNG-0456,NCBITAXON:303698,belongs_to
M4-FUNG-0456,M4-FUNG-0456:G001,has_gene
M4-FUNG-0456,M4-FUNG-0456:G002,has_gene
M4-FUNG-0456,M4-FUNG-0456:G003,has_gene
M4-FUNG-0456,M4-FUNG-0456:G004,has_gene
M4-FUNG-0456,M4-FUNG-0456:G005,has_gene
M4-FUNG-0456,M4-FUNG-0456:G006,has_gene
M4-FUNG-0456,M4-FUNG-0456:M001,produces_metabolite
M4-FUNG-0456,M4-FUNG-0456:M002,produces_metabolite
M4-FUNG-0456,M4-FUNG-0456:M003,produces_metabolite
M4-FUNG-0456,M4-FUNG-0456:M004,produces_metabolite
M4-FUNG-0456,M4-FUNG-0456:M005,produces_metabolite
M4-FUNG-0457,M4-FUNG-0457:G001,has_gene
M4-FUNG-0457,M4-FUNG-0457:G002,has_gene
M4-FUNG-0457,M4-FUNG-0457:G003,has_gene
M4-FUNG-0457,M4-FUNG-0457:G004,has_gene
M4-FUNG-0457,M4-FUNG-0457:G005,has_gene
M4-FUNG-0457,M4-FUNG-0457:G006,has_gene
M4-FUNG-0457,M4-FUNG-0457:M001,produces_metabolite
M4-FUNG-0457,M4-FUNG-0457:M002,produces_metabolite
M4-FUNG-0457,M4-FUNG-0457:M003,produces_metabolite
M4-FUNG-0458,NCBITAXON:2480843,belongs_to
M4-FUNG-0458,M4-FUNG-0458:G001,has_gene
M4-FUNG-0458,M4-FUNG-0458:G002,has_gene
M4-FUNG-0458,M4-FUNG-0458:G003,has_gene
M4-FUNG-0458,M4-FUNG-0458:G004,has_gene
M4-FUNG-0458,M4-FUNG-0458:G005,has_gene
M4-FUNG-0458,M4-FUNG-0458:G006,has_gene
M4-FUNG-0458,M4-FUNG-0458:G007,has_gene
M4-FUNG-0458,M4-FUNG-0458:M001,produces_metabolite
M4-FUNG-0458,M4-FUNG-0458:M002,produces_metabolite
M4-FUNG-0458,M4-FUNG-0458:M003,produces_metabolite
M4-FUNG-0458,M4-FUNG-0458:M005,produces_metabolite
M4-FUNG-0459,NCBITAXON:108922,belongs_to
M4-FUNG-0459,M4-FUNG-0459:G001,has_gene
M4-FUNG-0459,M4-FUNG-0459:G002,has_gene
M4-FUNG-0459,M4-FUNG-0459:G003,has_gene
M4-FUNG-0459,M4-FUNG-0459:G004,has_gene
M4-FUNG-0459,M4-FUNG-0459:G005,has_gene
M4-FUNG-0459,M4-FUNG-0459:G006,has_gene
M4-FUNG-0459,M4-FUNG-0459:M001,produces_metabolite
M4-FUNG-0459,M4-FUNG-0459:M002,produces_metabolite
M4-FUNG-0460,NCBITAXON:1353983,belongs_to
M4-FUNG-0460,M4-FUNG-0460:G001,has_gene
M4-FUNG-0460,M4-FUNG-0460:G002,has_gene
M4-FUNG-0460,M4-FUNG-0460:G003,has_gene
M4-FUNG-0460,M4-FUNG-0460:G004,has_gene
M4-FUNG-0460,M4-FUNG-0460:G005,has_gene
M4-FUNG-0460,M4-FUNG-0460:G006,has_gene
M4-FUNG-0460,M4-FUNG-0460:M001,produces_metabolite
NCBITAXON:1353983,M4-FUNG-0537,belongs_to
M4-FUNG-0461,NCBITAXON:1400770,belongs_to
M4-FUNG-0461,M4-FUNG-0461:G001,has_gene
M4-FUNG-0461,M4-FUNG-0461:M001,produces_metabolite
M4-FUNG-0461,M4-FUNG-0461:M002,produces_metabolite
NCBITAXON:1400770,M4-FUNG-0534,belongs_to
M4-FUNG-0462,NCBITAXON:5454,belongs_to
M4-FUNG-0462,M4-FUNG-0462:G001,has_gene
M4-FUNG-0462,M4-FUNG-0462:G002,has_gene
M4-FUNG-0462,M4-FUNG-0462:M001,produces_metabolite
M4-FUNG-0462,M4-FUNG-0462:M002,produces_metabolite
M4-FUNG-0463,NCBITAXON:1325723,belongs_to
M4-FUNG-0463,M4-FUNG-0463:G001,has_gene
M4-FUNG-0464,NCBITAXON:746128,belongs_to
M4-FUNG-0464,M4-FUNG-0464:M001,produces_metabolite
M4-FUNG-0464,M4-FUNG-0464:M002,produces_metabolite
NCBITAXON:746128,M4-FUNG-0480,belongs_to
NCBITAXON:746128,M4-FUNG-0481,belongs_to
NCBITAXON:746128,M4-FUNG-0482,belongs_to
M4-FUNG-0465,NCBITAXON:29916,belongs_to
M4-FUNG-0465,M4-FUNG-0465:G001,has_gene
M4-FUNG-0465,M4-FUNG-0465:G002,has_gene
M4-FUNG-0465,M4-FUNG-0465:G003,has_gene
M4-FUNG-0465,M4-FUNG-0465:G004,has_gene
M4-FUNG-0465,M4-FUNG-0465:G005,has_gene
M4-FUNG-0465,M4-FUNG-0465:G006,has_gene
M4-FUNG-0465,M4-FUNG-0465:G007,has_gene
M4-FUNG-0466,NCBITAXON:5065,belongs_to
M4-FUNG-0466,M4-FUNG-0466:G001,has_gene
M4-FUNG-0466,M4-FUNG-0466:G002,has_gene
M4-FUNG-0466,M4-FUNG-0466:G003,has_gene
M4-FUNG-0466,M4-FUNG-0466:G004,has_gene
NCBITAXON:5065,M4-FUNG-0564,belongs_to
M4-FUNG-0467,NCBITAXON:1087732,belongs_to
M4-FUNG-0467,M4-FUNG-0467:G001,has_gene
M4-FUNG-0467,M4-FUNG-0467:G002,has_gene
M4-FUNG-0467,M4-FUNG-0467:G003,has_gene
M4-FUNG-0468,NCBITAXON:2502037,belongs_to
M4-FUNG-0468,M4-FUNG-0468:G001,has_gene
M4-FUNG-0468,M4-FUNG-0468:G002,has_gene
M4-FUNG-0468,M4-FUNG-0468:G003,has_gene
M4-FUNG-0468,M4-FUNG-0468:G004,has_gene
M4-FUNG-0469,NCBITAXON:168477,belongs_to
M4-FUNG-0469,M4-FUNG-0469:G001,has_gene
M4-FUNG-0469,M4-FUNG-0469:G002,has_gene
M4-FUNG-0469,M4-FUNG-0469:G003,has_gene
M4-FUNG-0469,M4-FUNG-0469:G004,has_gene
M4-FUNG-0469,M4-FUNG-0469:G005,has_gene
M4-FUNG-0469,M4-FUNG-0469:G006,has_gene
M4-FUNG-0469,M4-FUNG-0469:G007,has_gene
M4-FUNG-0470,NCBITAXON:38033,belongs_to
M4-FUNG-0470,M4-FUNG-0470:G001,has_gene
M4-FUNG-0470,M4-FUNG-0470:G002,has_gene
M4-FUNG-0470,M4-FUNG-0470:G003,has_gene
M4-FUNG-0470,M4-FUNG-0470:G004,has_gene
M4-FUNG-0470,M4-FUNG-0470:G005,has_gene
M4-FUNG-0471,NCBITAXON:2828659,belongs_to
M4-FUNG-0472,NCBITAXON:2046025,belongs_to
M4-FUNG-0472,M4-FUNG-0472:G001,has_gene
M4-FUNG-0472,M4-FUNG-0472:G002,has_gene
M4-FUNG-0472,M4-FUNG-0472:G003,has_gene
M4-FUNG-0472,M4-FUNG-0472:M001,produces_metabolite
M4-FUNG-0472,M4-FUNG-0472:M002,produces_metabolite
M4-FUNG-0473,NCBITAXON:5078,belongs_to
M4-FUNG-0473,M4-FUNG-0473:G001,has_gene
M4-FUNG-0473,M4-FUNG-0473:G002,has_gene
M4-FUNG-0473,M4-FUNG-0473:G003,has_gene
M4-FUNG-0473,M4-FUNG-0473:M001,produces_metabolite
M4-FUNG-0473,M4-FUNG-0473:M002,produces_metabolite
M4-FUNG-0474,M4-FUNG-0474:G001,has_gene
M4-FUNG-0474,M4-FUNG-0474:G002,has_gene
M4-FUNG-0474,M4-FUNG-0474:G003,has_gene
M4-FUNG-0474,M4-FUNG-0474:M001,produces_metabolite
M4-FUNG-0474,M4-FUNG-0474:M002,produces_metabolite
M4-FUNG-0475,NCBITAXON:136282,belongs_to
M4-FUNG-0475,M4-FUNG-0475:G001,has_gene
M4-FUNG-0475,M4-FUNG-0475:M001,produces_metabolite
M4-FUNG-0475,M4-FUNG-0475:M002,produces_metabolite
M4-FUNG-0476,M4-FUNG-0476:G001,has_gene
M4-FUNG-0476,M4-FUNG-0476:G002,has_gene
M4-FUNG-0476,M4-FUNG-0476:M001,produces_metabolite
M4-FUNG-0476,M4-FUNG-0476:M002,produces_metabolite
M4-FUNG-0477,NCBITAXON:2696576,belongs_to
M4-FUNG-0477,M4-FUNG-0477:G001,has_gene
M4-FUNG-0477,M4-FUNG-0477:M001,produces_metabolite
M4-FUNG-0477,M4-FUNG-0477:M002,produces_metabolite
NCBITAXON:2696576,M4-FUNG-0542,belongs_to
M4-FUNG-0478,M4-FUNG-0478:G001,has_gene
M4-FUNG-0478,M4-FUNG-0478:M001,produces_metabolite
M4-FUNG-0478,M4-FUNG-0478:M002,produces_metabolite
M4-FUNG-0478,M4-FUNG-0478:M003,produces_metabolite
M4-FUNG-0479,NCBITAXON:357447,belongs_to
M4-FUNG-0479,M4-FUNG-0479:G001,has_gene
M4-FUNG-0479,M4-FUNG-0479:G002,has_gene
M4-FUNG-0479,M4-FUNG-0479:G003,has_gene
M4-FUNG-0479,M4-FUNG-0479:G004,has_gene
M4-FUNG-0479,M4-FUNG-0479:G005,has_gene
M4-FUNG-0479,M4-FUNG-0479:M001,produces_metabolite
M4-FUNG-0479,M4-FUNG-0479:M002,produces_metabolite
NCBITAXON:357447,M4-FUNG-0488,belongs_to
M4-FUNG-0481,M4-FUNG-0481:M001,produces_metabolite
M4-FUNG-0482,M4-FUNG-0482:M001,produces_metabolite
M4-FUNG-0483,M4-FUNG-0483:G001,has_gene
M4-FUNG-0483,M4-FUNG-0483:G002,has_gene
M4-FUNG-0483,M4-FUNG-0483:G003,has_gene
M4-FUNG-0483,M4-FUNG-0483:M001,produces_metabolite
M4-FUNG-0483,M4-FUNG-0483:M002,produces_metabolite
M4-FUNG-0483,M4-FUNG-0483:M003,produces_metabolite
M4-FUNG-0484,M4-FUNG-0484:G001,has_gene
M4-FUNG-0484,M4-FUNG-0484:G002,has_gene
M4-FUNG-0484,M4-FUNG-0484:G003,has_gene
M4-FUNG-0484,M4-FUNG-0484:G004,has_gene
M4-FUNG-0484,M4-FUNG-0484:M001,produces_metabolite
M4-FUNG-0484,M4-FUNG-0484:M002,produces_metabolite
M4-FUNG-0485,NCBITAXON:1287682,belongs_to
M4-FUNG-0485,M4-FUNG-0485:G001,has_gene
M4-FUNG-0485,M4-FUNG-0485:G002,has_gene
M4-FUNG-0485,M4-FUNG-0485:M001,produces_metabolite
M4-FUNG-0485,M4-FUNG-0485:M002,produces_metabolite
M4-FUNG-0486,NCBITAXON:40993,belongs_to
M4-FUNG-0486,M4-FUNG-0486:G001,has_gene
M4-FUNG-0486,M4-FUNG-0486:G002,has_gene
M4-FUNG-0486,M4-FUNG-0486:G003,has_gene
M4-FUNG-0486,M4-FUNG-0486:G004,has_gene
M4-FUNG-0486,M4-FUNG-0486:G005,has_gene
M4-FUNG-0486,M4-FUNG-0486:M001,produces_metabolite
M4-FUNG-0487,M4-FUNG-0487:G001,has_gene
M4-FUNG-0487,M4-FUNG-0487:G002,has_gene
M4-FUNG-0487,M4-FUNG-0487:G003,has_gene
M4-FUNG-0487,M4-FUNG-0487:G004,has_gene
M4-FUNG-0487,M4-FUNG-0487:G005,has_gene
M4-FUNG-0487,M4-FUNG-0487:M001,produces_metabolite
M4-FUNG-0488,M4-FUNG-0488:G001,has_gene
M4-FUNG-0488,M4-FUNG-0488:G002,has_gene
M4-FUNG-0488,M4-FUNG-0488:G003,has_gene
M4-FUNG-0488,M4-FUNG-0488:G004,has_gene
M4-FUNG-0488,M4-FUNG-0488:G005,has_gene
M4-FUNG-0488,M4-FUNG-0488:M001,produces_metabolite
M4-FUNG-0489,NCBITAXON:306088,belongs_to
M4-FUNG-0489,M4-FUNG-0489:G001,has_gene
M4-FUNG-0489,M4-FUNG-0489:G002,has_gene
M4-FUNG-0489,M4-FUNG-0489:G003,has_gene
M4-FUNG-0489,M4-FUNG-0489:G004,has_gene
M4-FUNG-0489,M4-FUNG-0489:G005,has_gene
M4-FUNG-0489,M4-FUNG-0489:M001,produces_metabolite
M4-FUNG-0490,NCBITAXON:1341132,belongs_to
M4-FUNG-0490,M4-FUNG-0490:G001,has_gene
M4-FUNG-0490,M4-FUNG-0490:G002,has_gene
M4-FUNG-0490,M4-FUNG-0490:G003,has_gene
M4-FUNG-0490,M4-FUNG-0490:G004,has_gene
M4-FUNG-0490,M4-FUNG-0490:G005,has_gene
M4-FUNG-0490,M4-FUNG-0490:M001,produces_metabolite
NCBITAXON:1341132,M4-FUNG-0541,belongs_to
M4-FUNG-0491,M4-FUNG-0491:G001,has_gene
M4-FUNG-0491,M4-FUNG-0491:G002,has_gene
M4-FUNG-0491,M4-FUNG-0491:M001,produces_metabolite
M4-FUNG-0491,M4-FUNG-0491:M002,produces_metabolite
M4-FUNG-0492,NCBITAXON:1810919,belongs_to
M4-FUNG-0492,M4-FUNG-0492:G001,has_gene
M4-FUNG-0492,M4-FUNG-0492:G002,has_gene
M4-FUNG-0492,M4-FUNG-0492:G003,has_gene
M4-FUNG-0492,M4-FUNG-0492:G004,has_gene
M4-FUNG-0492,M4-FUNG-0492:G005,has_gene
M4-FUNG-0492,M4-FUNG-0492:G006,has_gene
M4-FUNG-0492,M4-FUNG-0492:M001,produces_metabolite
M4-FUNG-0493,M4-FUNG-0493:G001,has_gene
M4-FUNG-0493,M4-FUNG-0493:G002,has_gene
M4-FUNG-0493,M4-FUNG-0493:G003,has_gene
M4-FUNG-0493,M4-FUNG-0493:G004,has_gene
M4-FUNG-0493,M4-FUNG-0493:G005,has_gene
M4-FUNG-0493,M4-FUNG-0493:G006,has_gene
M4-FUNG-0493,M4-FUNG-0493:G007,has_gene
M4-FUNG-0493,M4-FUNG-0493:G008,has_gene
M4-FUNG-0493,M4-FUNG-0493:M001,produces_metabolite
M4-FUNG-0493,M4-FUNG-0493:M002,produces_metabolite
M4-FUNG-0493,M4-FUNG-0493:M003,produces_metabolite
M4-FUNG-0493,M4-FUNG-0493:M004,produces_metabolite
M4-FUNG-0494,NCBITAXON:904690,belongs_to
M4-FUNG-0494,M4-FUNG-0494:G001,has_gene
M4-FUNG-0494,M4-FUNG-0494:G002,has_gene
M4-FUNG-0494,M4-FUNG-0494:G003,has_gene
M4-FUNG-0494,M4-FUNG-0494:G004,has_gene
M4-FUNG-0494,M4-FUNG-0494:G005,has_gene
M4-FUNG-0494,M4-FUNG-0494:G006,has_gene
M4-FUNG-0494,M4-FUNG-0494:G007,has_gene
M4-FUNG-0494,M4-FUNG-0494:G008,has_gene
M4-FUNG-0494,M4-FUNG-0494:M001,produces_metabolite
M4-FUNG-0494,M4-FUNG-0494:M002,produces_metabolite
M4-FUNG-0494,M4-FUNG-0494:M003,produces_metabolite
M4-FUNG-0494,M4-FUNG-0494:M004,produces_metabolite
M4-FUNG-0494,M4-FUNG-0494:M005,produces_metabolite
M4-FUNG-0494,M4-FUNG-0494:M006,produces_metabolite
M4-FUNG-0495,M4-FUNG-0495:G001,has_gene
M4-FUNG-0495,M4-FUNG-0495:G002,has_gene
M4-FUNG-0495,M4-FUNG-0495:G003,has_gene
M4-FUNG-0496,M4-FUNG-0496:G001,has_gene
M4-FUNG-0496,M4-FUNG-0496:G002,has_gene
M4-FUNG-0497,NCBITAXON:1813945,belongs_to
M4-FUNG-0497,M4-FUNG-0497:G001,has_gene
M4-FUNG-0498,M4-FUNG-0498:G001,has_gene
M4-FUNG-0498,M4-FUNG-0498:G002,has_gene
M4-FUNG-0498,M4-FUNG-0498:G003,has_gene
M4-FUNG-0499,M4-FUNG-0499:G001,has_gene
M4-FUNG-0499,M4-FUNG-0499:M001,produces_metabolite
M4-FUNG-0499,M4-FUNG-0499:M002,produces_metabolite
M4-FUNG-0500,NCBITAXON:1873369,belongs_to
M4-FUNG-0500,M4-FUNG-0500:G001,has_gene
M4-FUNG-0500,M4-FUNG-0500:G002,has_gene
M4-FUNG-0500,M4-FUNG-0500:M001,produces_metabolite
M4-FUNG-0500,M4-FUNG-0500:M002,produces_metabolite
M4-FUNG-0501,NCBITAXON:77044,belongs_to
M4-FUNG-0501,M4-FUNG-0501:G001,has_gene
M4-FUNG-0501,M4-FUNG-0501:G002,has_gene
M4-FUNG-0501,M4-FUNG-0501:M001,produces_metabolite
M4-FUNG-0501,M4-FUNG-0501:M002,produces_metabolite
M4-FUNG-0502,M4-FUNG-0502:G001,has_gene
M4-FUNG-0502,M4-FUNG-0502:M001,produces_metabolite
M4-FUNG-0502,M4-FUNG-0502:M002,produces_metabolite
M4-FUNG-0502,M4-FUNG-0502:M003,produces_metabolite
M4-FUNG-0503,NCBITAXON:284135,belongs_to
M4-FUNG-0503,M4-FUNG-0503:G001,has_gene
M4-FUNG-0503,M4-FUNG-0503:G002,has_gene
M4-FUNG-0503,M4-FUNG-0503:G003,has_gene
M4-FUNG-0503,M4-FUNG-0503:G004,has_gene
M4-FUNG-0503,M4-FUNG-0503:G005,has_gene
M4-FUNG-0503,M4-FUNG-0503:G006,has_gene
M4-FUNG-0503,M4-FUNG-0503:M001,produces_metabolite
M4-FUNG-0503,M4-FUNG-0503:M002,produces_metabolite
M4-FUNG-0503,M4-FUNG-0503:M003,produces_metabolite
M4-FUNG-0503,M4-FUNG-0503:M004,produces_metabolite
M4-FUNG-0504,NCBITAXON:2784450,belongs_to
M4-FUNG-0504,M4-FUNG-0504:G001,has_gene
M4-FUNG-0504,M4-FUNG-0504:G002,has_gene
M4-FUNG-0504,M4-FUNG-0504:M001,produces_metabolite
M4-FUNG-0505,NCBITAXON:426428,belongs_to
M4-FUNG-0505,M4-FUNG-0505:G001,has_gene
M4-FUNG-0505,M4-FUNG-0505:G002,has_gene
M4-FUNG-0505,M4-FUNG-0505:G003,has_gene
M4-FUNG-0505,M4-FUNG-0505:G004,has_gene
M4-FUNG-0505,M4-FUNG-0505:M001,produces_metabolite
M4-FUNG-0505,M4-FUNG-0505:M002,produces_metabolite
M4-FUNG-0505,M4-FUNG-0505:M003,produces_metabolite
M4-FUNG-0505,M4-FUNG-0505:M004,produces_metabolite
M4-FUNG-0506,NCBITAXON:741705,belongs_to
M4-FUNG-0506,M4-FUNG-0506:G001,has_gene
M4-FUNG-0506,M4-FUNG-0506:G002,has_gene
M4-FUNG-0506,M4-FUNG-0506:M001,produces_metabolite
M4-FUNG-0506,M4-FUNG-0506:M002,produces_metabolite
NCBITAXON:741705,M4-FUNG-0507,belongs_to
M4-FUNG-0507,M4-FUNG-0507:G001,has_gene
M4-FUNG-0507,M4-FUNG-0507:M001,produces_metabolite
M4-FUNG-0507,M4-FUNG-0507:M002,produces_metabolite
M4-FUNG-0508,M4-FUNG-0508:G001,has_gene
M4-FUNG-0508,M4-FUNG-0508:G002,has_gene
M4-FUNG-0508,M4-FUNG-0508:G003,has_gene
M4-FUNG-0508,M4-FUNG-0508:G004,has_gene
M4-FUNG-0508,M4-FUNG-0508:G005,has_gene
M4-FUNG-0508,M4-FUNG-0508:G006,has_gene
M4-FUNG-0508,M4-FUNG-0508:M001,produces_metabolite
M4-FUNG-0508,M4-FUNG-0508:M002,produces_metabolite
M4-FUNG-0508,M4-FUNG-0508:M003,produces_metabolite
M4-FUNG-0509,M4-FUNG-0509:G001,has_gene
M4-FUNG-0509,M4-FUNG-0509:G002,has_gene
M4-FUNG-0509,M4-FUNG-0509:G003,has_gene
M4-FUNG-0509,M4-FUNG-0509:M001,produces_metabolite
M4-FUNG-0509,M4-FUNG-0509:M002,produces_metabolite
M4-FUNG-0509,M4-FUNG-0509:M003,produces_metabolite
M4-FUNG-0510,M4-FUNG-0510:G001,has_gene
M4-FUNG-0510,M4-FUNG-0510:G002,has_gene
M4-FUNG-0510,M4-FUNG-0510:M001,produces_metabolite
M4-FUNG-0510,M4-FUNG-0510:M002,produces_metabolite
M4-FUNG-0511,M4-FUNG-0511:G001,has_gene
M4-FUNG-0511,M4-FUNG-0511:G002,has_gene
M4-FUNG-0511,M4-FUNG-0511:G003,has_gene
M4-FUNG-0511,M4-FUNG-0511:G004,has_gene
M4-FUNG-0511,M4-FUNG-0511:G005,has_gene
M4-FUNG-0511,M4-FUNG-0511:M001,produces_metabolite
M4-FUNG-0511,M4-FUNG-0511:M002,produces_metabolite
M4-FUNG-0512,M4-FUNG-0512:G001,has_gene
M4-FUNG-0512,M4-FUNG-0512:G002,has_gene
M4-FUNG-0512,M4-FUNG-0512:G003,has_gene
M4-FUNG-0512,M4-FUNG-0512:G004,has_gene
M4-FUNG-0512,M4-FUNG-0512:G005,has_gene
M4-FUNG-0512,M4-FUNG-0512:G006,has_gene
M4-FUNG-0512,M4-FUNG-0512:G007,has_gene
M4-FUNG-0512,M4-FUNG-0512:M001,produces_metabolite
M4-FUNG-0512,M4-FUNG-0512:M002,produces_metabolite
M4-FUNG-0512,M4-FUNG-0512:M003,produces_metabolite
M4-FUNG-0512,M4-FUNG-0512:M004,produces_metabolite
M4-FUNG-0513,M4-FUNG-0513:G001,has_gene
M4-FUNG-0513,M4-FUNG-0513:G002,has_gene
M4-FUNG-0513,M4-FUNG-0513:G003,has_gene
M4-FUNG-0513,M4-FUNG-0513:G004,has_gene
M4-FUNG-0513,M4-FUNG-0513:G005,has_gene
M4-FUNG-0513,M4-FUNG-0513:G006,has_gene
M4-FUNG-0513,M4-FUNG-0513:G007,has_gene
M4-FUNG-0513,M4-FUNG-0513:M001,produces_metabolite
M4-FUNG-0513,M4-FUNG-0513:M002,produces_metabolite
M4-FUNG-0513,M4-FUNG-0513:M003,produces_metabolite
M4-FUNG-0514,M4-FUNG-0514:G001,has_gene
M4-FUNG-0514,M4-FUNG-0514:G002,has_gene
M4-FUNG-0514,M4-FUNG-0514:G003,has_gene
M4-FUNG-0514,M4-FUNG-0514:G004,has_gene
M4-FUNG-0514,M4-FUNG-0514:M001,produces_metabolite
M4-FUNG-0514,M4-FUNG-0514:M002,produces_metabolite
M4-FUNG-0514,M4-FUNG-0514:M003,produces_metabolite
M4-FUNG-0514,M4-FUNG-0514:M004,produces_metabolite
M4-FUNG-0515,M4-FUNG-0515:G001,has_gene
M4-FUNG-0515,M4-FUNG-0515:G002,has_gene
M4-FUNG-0515,M4-FUNG-0515:G003,has_gene
M4-FUNG-0515,M4-FUNG-0515:M001,produces_metabolite
M4-FUNG-0515,M4-FUNG-0515:M002,produces_metabolite
M4-FUNG-0515,M4-FUNG-0515:M003,produces_metabolite
M4-FUNG-0516,M4-FUNG-0516:G001,has_gene
M4-FUNG-0516,M4-FUNG-0516:G002,has_gene
M4-FUNG-0516,M4-FUNG-0516:M001,produces_metabolite
M4-FUNG-0516,M4-FUNG-0516:M002,produces_metabolite
M4-FUNG-0517,M4-FUNG-0517:G001,has_gene
M4-FUNG-0517,M4-FUNG-0517:G002,has_gene
M4-FUNG-0517,M4-FUNG-0517:M001,produces_metabolite
M4-FUNG-0517,M4-FUNG-0517:M002,produces_metabolite
M4-FUNG-0518,NCBITAXON:60169,belongs_to
M4-FUNG-0518,M4-FUNG-0518:G001,has_gene
M4-FUNG-0518,M4-FUNG-0518:G002,has_gene
M4-FUNG-0518,M4-FUNG-0518:G003,has_gene
M4-FUNG-0518,M4-FUNG-0518:G004,has_gene
M4-FUNG-0518,M4-FUNG-0518:G005,has_gene
M4-FUNG-0518,M4-FUNG-0518:G006,has_gene
M4-FUNG-0518,M4-FUNG-0518:M001,produces_metabolite
M4-FUNG-0518,M4-FUNG-0518:M002,produces_metabolite
M4-FUNG-0519,NCBITAXON:1314807,belongs_to
M4-FUNG-0519,M4-FUNG-0519:G001,has_gene
M4-FUNG-0519,M4-FUNG-0519:G002,has_gene
M4-FUNG-0519,M4-FUNG-0519:G003,has_gene
M4-FUNG-0519,M4-FUNG-0519:M001,produces_metabolite
M4-FUNG-0519,M4-FUNG-0519:M002,produces_metabolite
M4-FUNG-0520,NCBITAXON:5353,belongs_to
M4-FUNG-0520,M4-FUNG-0520:G001,has_gene
M4-FUNG-0520,M4-FUNG-0520:G002,has_gene
M4-FUNG-0520,M4-FUNG-0520:G003,has_gene
M4-FUNG-0520,M4-FUNG-0520:M001,produces_metabolite
M4-FUNG-0520,M4-FUNG-0520:M002,produces_metabolite
M4-FUNG-0521,NCBITAXON:41067,belongs_to
M4-FUNG-0521,M4-FUNG-0521:G001,has_gene
M4-FUNG-0521,M4-FUNG-0521:G002,has_gene
M4-FUNG-0521,M4-FUNG-0521:G003,has_gene
M4-FUNG-0521,M4-FUNG-0521:M001,produces_metabolite
M4-FUNG-0521,M4-FUNG-0521:M002,produces_metabolite
M4-FUNG-0522,M4-FUNG-0522:G001,has_gene
M4-FUNG-0522,M4-FUNG-0522:G002,has_gene
M4-FUNG-0522,M4-FUNG-0522:G003,has_gene
M4-FUNG-0522,M4-FUNG-0522:G004,has_gene
M4-FUNG-0522,M4-FUNG-0522:G005,has_gene
M4-FUNG-0522,M4-FUNG-0522:G006,has_gene
M4-FUNG-0522,M4-FUNG-0522:M001,produces_metabolite
M4-FUNG-0522,M4-FUNG-0522:M002,produces_metabolite
M4-FUNG-0522,M4-FUNG-0522:M003,produces_metabolite
M4-FUNG-0522,M4-FUNG-0522:M004,produces_metabolite
M4-FUNG-0522,M4-FUNG-0522:M005,produces_metabolite
M4-FUNG-0522,M4-FUNG-0522:M006,produces_metabolite
M4-FUNG-0523,NCBITAXON:293381,belongs_to
M4-FUNG-0523,M4-FUNG-0523:G001,has_gene
M4-FUNG-0523,M4-FUNG-0523:G002,has_gene
M4-FUNG-0523,M4-FUNG-0523:G003,has_gene
M4-FUNG-0523,M4-FUNG-0523:G004,has_gene
M4-FUNG-0523,M4-FUNG-0523:G005,has_gene
M4-FUNG-0523,M4-FUNG-0523:G006,has_gene
M4-FUNG-0523,M4-FUNG-0523:G007,has_gene
M4-FUNG-0523,M4-FUNG-0523:G008,has_gene
M4-FUNG-0523,M4-FUNG-0523:M001,produces_metabolite
M4-FUNG-0523,M4-FUNG-0523:M002,produces_metabolite
M4-FUNG-0523,M4-FUNG-0523:M003,produces_metabolite
M4-FUNG-0523,M4-FUNG-0523:M004,produces_metabolite
M4-FUNG-0524,M4-FUNG-0524:G001,has_gene
M4-FUNG-0524,M4-FUNG-0524:G002,has_gene
M4-FUNG-0524,M4-FUNG-0524:G003,has_gene
M4-FUNG-0524,M4-FUNG-0524:G004,has_gene
M4-FUNG-0524,M4-FUNG-0524:M001,produces_metabolite
M4-FUNG-0524,M4-FUNG-0524:M002,produces_metabolite
M4-FUNG-0524,M4-FUNG-0524:M003,produces_metabolite
M4-FUNG-0524,M4-FUNG-0524:M004,produces_metabolite
M4-FUNG-0524,M4-FUNG-0524:M005,produces_metabolite
M4-FUNG-0524,M4-FUNG-0524:M006,produces_metabolite
M4-FUNG-0524,M4-FUNG-0524:M007,produces_metabolite
M4-FUNG-0524,M4-FUNG-0524:M008,produces_metabolite
M4-FUNG-0525,M4-FUNG-0525:G001,has_gene
M4-FUNG-0525,M4-FUNG-0525:G002,has_gene
M4-FUNG-0525,M4-FUNG-0525:G003,has_gene
M4-FUNG-0525,M4-FUNG-0525:G004,has_gene
M4-FUNG-0525,M4-FUNG-0525:G005,has_gene
M4-FUNG-0525,M4-FUNG-0525:G006,has_gene
M4-FUNG-0525,M4-FUNG-0525:M001,produces_metabolite
M4-FUNG-0525,M4-FUNG-0525:M002,produces_metabolite
M4-FUNG-0525,M4-FUNG-0525:M003,produces_metabolite
M4-FUNG-0525,M4-FUNG-0525:M004,produces_metabolite
M4-FUNG-0525,M4-FUNG-0525:M005,produces_metabolite
M4-FUNG-0525,M4-FUNG-0525:M006,produces_metabolite
M4-FUNG-0525,M4-FUNG-0525:M007,produces_metabolite
M4-FUNG-0525,M4-FUNG-0525:M008,produces_metabolite
M4-FUNG-0526,M4-FUNG-0526:G001,has_gene
M4-FUNG-0526,M4-FUNG-0526:G002,has_gene
M4-FUNG-0526,M4-FUNG-0526:G003,has_gene
M4-FUNG-0526,M4-FUNG-0526:M001,produces_metabolite
M4-FUNG-0526,M4-FUNG-0526:M002,produces_metabolite
M4-FUNG-0526,M4-FUNG-0526:M003,produces_metabolite
M4-FUNG-0526,M4-FUNG-0526:M004,produces_metabolite
M4-FUNG-0527,NCBITAXON:75552,belongs_to
M4-FUNG-0527,M4-FUNG-0527:G001,has_gene
M4-FUNG-0527,M4-FUNG-0527:G002,has_gene
M4-FUNG-0527,M4-FUNG-0527:M001,produces_metabolite
M4-FUNG-0527,M4-FUNG-0527:M002,produces_metabolite
M4-FUNG-0528,NCBITAXON:2715282,belongs_to
M4-FUNG-0528,M4-FUNG-0528:G001,has_gene
M4-FUNG-0528,M4-FUNG-0528:G002,has_gene
M4-FUNG-0528,M4-FUNG-0528:G003,has_gene
M4-FUNG-0528,M4-FUNG-0528:G004,has_gene
M4-FUNG-0528,M4-FUNG-0528:G005,has_gene
M4-FUNG-0528,M4-FUNG-0528:M001,produces_metabolite
M4-FUNG-0528,M4-FUNG-0528:M002,produces_metabolite
M4-FUNG-0528,M4-FUNG-0528:M003,produces_metabolite
NCBITAXON:2715282,M4-FUNG-0550,belongs_to
M4-FUNG-0529,NCBITAXON:3077947,belongs_to
M4-FUNG-0529,M4-FUNG-0529:G001,has_gene
M4-FUNG-0529,M4-FUNG-0529:M001,produces_metabolite
M4-FUNG-0529,M4-FUNG-0529:M002,produces_metabolite
M4-FUNG-0530,NCBITAXON:469280,belongs_to
M4-FUNG-0530,M4-FUNG-0530:G001,has_gene
M4-FUNG-0530,M4-FUNG-0530:G002,has_gene
M4-FUNG-0530,M4-FUNG-0530:G003,has_gene
M4-FUNG-0530,M4-FUNG-0530:G004,has_gene
M4-FUNG-0530,M4-FUNG-0530:M001,produces_metabolite
M4-FUNG-0531,NCBITAXON:2911399,belongs_to
M4-FUNG-0531,M4-FUNG-0531:G001,has_gene
M4-FUNG-0531,M4-FUNG-0531:G002,has_gene
M4-FUNG-0531,M4-FUNG-0531:G003,has_gene
M4-FUNG-0531,M4-FUNG-0531:G004,has_gene
M4-FUNG-0531,M4-FUNG-0531:G005,has_gene
M4-FUNG-0531,M4-FUNG-0531:G006,has_gene
M4-FUNG-0531,M4-FUNG-0531:M001,produces_metabolite
M4-FUNG-0531,M4-FUNG-0531:M002,produces_metabolite
M4-FUNG-0532,NCBITAXON:2003561,belongs_to
M4-FUNG-0532,M4-FUNG-0532:G001,has_gene
M4-FUNG-0532,M4-FUNG-0532:G002,has_gene
M4-FUNG-0532,M4-FUNG-0532:M001,produces_metabolite
M4-FUNG-0532,M4-FUNG-0532:M002,produces_metabolite
M4-FUNG-0532,M4-FUNG-0532:M003,produces_metabolite
M4-FUNG-0532,M4-FUNG-0532:M004,produces_metabolite
M4-FUNG-0532,M4-FUNG-0532:M005,produces_metabolite
M4-FUNG-0532,M4-FUNG-0532:M006,produces_metabolite
M4-FUNG-0532,M4-FUNG-0532:M007,produces_metabolite
M4-FUNG-0533,NCBITAXON:5503,belongs_to
M4-FUNG-0533,M4-FUNG-0533:G001,has_gene
M4-FUNG-0533,M4-FUNG-0533:G002,has_gene
M4-FUNG-0533,M4-FUNG-0533:G003,has_gene
M4-FUNG-0533,M4-FUNG-0533:G004,has_gene
M4-FUNG-0533,M4-FUNG-0533:G005,has_gene
M4-FUNG-0533,M4-FUNG-0533:G006,has_gene
M4-FUNG-0533,M4-FUNG-0533:G007,has_gene
M4-FUNG-0533,M4-FUNG-0533:G008,has_gene
M4-FUNG-0533,M4-FUNG-0533:M001,produces_metabolite
M4-FUNG-0533,M4-FUNG-0533:M002,produces_metabolite
M4-FUNG-0534,M4-FUNG-0534:G001,has_gene
M4-FUNG-0534,M4-FUNG-0534:G002,has_gene
M4-FUNG-0534,M4-FUNG-0534:G003,has_gene
M4-FUNG-0534,M4-FUNG-0534:G004,has_gene
M4-FUNG-0534,M4-FUNG-0534:G005,has_gene
M4-FUNG-0534,M4-FUNG-0534:G006,has_gene
M4-FUNG-0534,M4-FUNG-0534:G007,has_gene
M4-FUNG-0534,M4-FUNG-0534:G008,has_gene
M4-FUNG-0534,M4-FUNG-0534:G009,has_gene
M4-FUNG-0534,M4-FUNG-0534:M001,produces_metabolite
M4-FUNG-0535,NCBITAXON:1810909,belongs_to
M4-FUNG-0535,M4-FUNG-0535:G001,has_gene
M4-FUNG-0535,M4-FUNG-0535:G002,has_gene
M4-FUNG-0535,M4-FUNG-0535:G003,has_gene
M4-FUNG-0535,M4-FUNG-0535:G004,has_gene
M4-FUNG-0535,M4-FUNG-0535:G005,has_gene
M4-FUNG-0535,M4-FUNG-0535:M001,produces_metabolite
M4-FUNG-0535,M4-FUNG-0535:M002,produces_metabolite
M4-FUNG-0536,NCBITAXON:983644,belongs_to
M4-FUNG-0536,M4-FUNG-0536:G001,has_gene
M4-FUNG-0536,M4-FUNG-0536:G002,has_gene
M4-FUNG-0536,M4-FUNG-0536:G003,has_gene
M4-FUNG-0536,M4-FUNG-0536:M001,produces_metabolite
M4-FUNG-0536,M4-FUNG-0536:M002,produces_metabolite
M4-FUNG-0537,M4-FUNG-0537:G001,has_gene
M4-FUNG-0537,M4-FUNG-0537:M001,produces_metabolite
M4-FUNG-0538,M4-FUNG-0538:G001,has_gene
M4-FUNG-0538,M4-FUNG-0538:G002,has_gene
M4-FUNG-0538,M4-FUNG-0538:G003,has_gene
M4-FUNG-0538,M4-FUNG-0538:M001,produces_metabolite
M4-FUNG-0538,M4-FUNG-0538:M002,produces_metabolite
M4-FUNG-0539,NCBITAXON:645133,belongs_to
M4-FUNG-0539,M4-FUNG-0539:G001,has_gene
M4-FUNG-0539,M4-FUNG-0539:G002,has_gene
M4-FUNG-0539,M4-FUNG-0539:G003,has_gene
M4-FUNG-0539,M4-FUNG-0539:G004,has_gene
M4-FUNG-0539,M4-FUNG-0539:G005,has_gene
M4-FUNG-0539,M4-FUNG-0539:M001,produces_metabolite
M4-FUNG-0539,M4-FUNG-0539:M002,produces_metabolite
M4-FUNG-0539,M4-FUNG-0539:M003,produces_metabolite
M4-FUNG-0539,M4-FUNG-0539:M004,produces_metabolite
M4-FUNG-0540,NCBITAXON:1756131,belongs_to
M4-FUNG-0540,M4-FUNG-0540:G001,has_gene
M4-FUNG-0540,M4-FUNG-0540:G002,has_gene
M4-FUNG-0540,M4-FUNG-0540:G003,has_gene
M4-FUNG-0540,M4-FUNG-0540:G004,has_gene
M4-FUNG-0540,M4-FUNG-0540:G005,has_gene
M4-FUNG-0540,M4-FUNG-0540:G006,has_gene
M4-FUNG-0540,M4-FUNG-0540:G007,has_gene
M4-FUNG-0540,M4-FUNG-0540:G008,has_gene
M4-FUNG-0540,M4-FUNG-0540:M001,produces_metabolite
M4-FUNG-0540,M4-FUNG-0540:M002,produces_metabolite
M4-FUNG-0540,M4-FUNG-0540:M003,produces_metabolite
M4-FUNG-0541,M4-FUNG-0541:G001,has_gene
M4-FUNG-0541,M4-FUNG-0541:G002,has_gene
M4-FUNG-0541,M4-FUNG-0541:G003,has_gene
M4-FUNG-0541,M4-FUNG-0541:M001,produces_metabolite
M4-FUNG-0541,M4-FUNG-0541:M002,produces_metabolite
M4-FUNG-0542,M4-FUNG-0542:G001,has_gene
M4-FUNG-0542,M4-FUNG-0542:G002,has_gene
M4-FUNG-0542,M4-FUNG-0542:G003,has_gene
M4-FUNG-0542,M4-FUNG-0542:M001,produces_metabolite
M4-FUNG-0542,M4-FUNG-0542:M002,produces_metabolite
M4-FUNG-0542,M4-FUNG-0542:M003,produces_metabolite
M4-FUNG-0542,M4-FUNG-0542:M004,produces_metabolite
M4-FUNG-0543,M4-FUNG-0543:G001,has_gene
M4-FUNG-0543,M4-FUNG-0543:M001,produces_metabolite
M4-FUNG-0543,M4-FUNG-0543:M002,produces_metabolite
M4-FUNG-0544,NCBITAXON:1835702,belongs_to
M4-FUNG-0544,M4-FUNG-0544:G001,has_gene
M4-FUNG-0544,M4-FUNG-0544:G002,has_gene
M4-FUNG-0544,M4-FUNG-0544:G003,has_gene
M4-FUNG-0544,M4-FUNG-0544:G004,has_gene
M4-FUNG-0544,M4-FUNG-0544:G005,has_gene
M4-FUNG-0544,M4-FUNG-0544:G006,has_gene
M4-FUNG-0544,M4-FUNG-0544:G007,has_gene
M4-FUNG-0544,M4-FUNG-0544:G008,has_gene
M4-FUNG-0544,M4-FUNG-0544:M001,produces_metabolite
M4-FUNG-0544,M4-FUNG-0544:M002,produces_metabolite
M4-FUNG-0544,M4-FUNG-0544:M003,produces_metabolite
M4-FUNG-0544,M4-FUNG-0544:M004,produces_metabolite
M4-FUNG-0544,M4-FUNG-0544:M005,produces_metabolite
M4-FUNG-0544,M4-FUNG-0544:M006,produces_metabolite
M4-FUNG-0544,M4-FUNG-0544:M007,produces_metabolite
M4-FUNG-0544,M4-FUNG-0544:M008,produces_metabolite
M4-FUNG-0545,NCBITAXON:1635095,belongs_to
M4-FUNG-0545,M4-FUNG-0545:G001,has_gene
M4-FUNG-0545,M4-FUNG-0545:G002,has_gene
M4-FUNG-0545,M4-FUNG-0545:G003,has_gene
M4-FUNG-0545,M4-FUNG-0545:G004,has_gene
M4-FUNG-0545,M4-FUNG-0545:G005,has_gene
M4-FUNG-0545,M4-FUNG-0545:M001,produces_metabolite
M4-FUNG-0545,M4-FUNG-0545:M002,produces_metabolite
M4-FUNG-0545,M4-FUNG-0545:M003,produces_metabolite
M4-FUNG-0545,M4-FUNG-0545:M004,produces_metabolite
M4-FUNG-0545,M4-FUNG-0545:M005,produces_metabolite
M4-FUNG-0545,M4-FUNG-0545:M006,produces_metabolite
M4-FUNG-0546,NCBITAXON:87276,belongs_to
M4-FUNG-0546,M4-FUNG-0546:G001,has_gene
M4-FUNG-0546,M4-FUNG-0546:M001,produces_metabolite
M4-FUNG-0546,M4-FUNG-0546:M002,produces_metabolite
M4-FUNG-0546,M4-FUNG-0546:M003,produces_metabolite
M4-FUNG-0546,M4-FUNG-0546:M004,produces_metabolite
M4-FUNG-0548,NCBITAXON:326622,belongs_to
M4-FUNG-0549,NCBITAXON:1213857,belongs_to
M4-FUNG-0554,NCBITAXON:1079268,belongs_to
M4-FUNG-0555,NCBITAXON:2884823,belongs_to
M4-FUNG-0556,NCBITAXON:2211609,belongs_to
M4-FUNG-0557,NCBITAXON:69781,belongs_to
M4-FUNG-0557,M4-FUNG-0557:G001,has_gene
M4-FUNG-0557,M4-FUNG-0557:G002,has_gene
M4-FUNG-0557,M4-FUNG-0557:G003,has_gene
M4-FUNG-0557,M4-FUNG-0557:M001,produces_metabolite
M4-FUNG-0557,M4-FUNG-0557:M002,produces_metabolite
M4-FUNG-0558,NCBITAXON:69789,belongs_to
M4-FUNG-0558,M4-FUNG-0558:G001,has_gene
M4-FUNG-0558,M4-FUNG-0558:G002,has_gene
M4-FUNG-0558,M4-FUNG-0558:M001,produces_metabolite
M4-FUNG-0558,M4-FUNG-0558:M002,produces_metabolite
NCBITAXON:69789,M4-FUNG-0569,belongs_to
M4-FUNG-0559,NCBITAXON:293374,belongs_to
M4-FUNG-0559,M4-FUNG-0559:G001,has_gene
M4-FUNG-0559,M4-FUNG-0559:G002,has_gene
M4-FUNG-0559,M4-FUNG-0559:M001,produces_metabolite
M4-FUNG-0559,M4-FUNG-0559:M002,produces_metabolite
M4-FUNG-0559,M4-FUNG-0559:M003,produces_metabolite
M4-FUNG-0560,M4-FUNG-0560:G001,has_gene
M4-FUNG-0560,M4-FUNG-0560:M001,produces_metabolite
M4-FUNG-0560,M4-FUNG-0560:M002,produces_metabolite
M4-FUNG-0561,M4-FUNG-0561:G001,has_gene
M4-FUNG-0561,M4-FUNG-0561:M001,produces_metabolite
M4-FUNG-0562,NCBITAXON:2041049,belongs_to
M4-FUNG-0562,M4-FUNG-0562:G001,has_gene
M4-FUNG-0562,M4-FUNG-0562:M001,produces_metabolite
M4-FUNG-0563,NCBITAXON:3047880,belongs_to
M4-FUNG-0563,M4-FUNG-0563:G001,has_gene
M4-FUNG-0563,M4-FUNG-0563:G002,has_gene
M4-FUNG-0563,M4-FUNG-0563:G003,has_gene
M4-FUNG-0563,M4-FUNG-0563:G004,has_gene
M4-FUNG-0563,M4-FUNG-0563:G005,has_gene
M4-FUNG-0563,M4-FUNG-0563:G006,has_gene
M4-FUNG-0563,M4-FUNG-0563:M001,produces_metabolite
M4-FUNG-0563,M4-FUNG-0563:M002,produces_metabolite
M4-FUNG-0564,M4-FUNG-0564:G001,has_gene
M4-FUNG-0564,M4-FUNG-0564:G002,has_gene
M4-FUNG-0564,M4-FUNG-0564:G003,has_gene
M4-FUNG-0564,M4-FUNG-0564:G004,has_gene
M4-FUNG-0564,M4-FUNG-0564:G005,has_gene
M4-FUNG-0564,M4-FUNG-0564:M001,produces_metabolite
M4-FUNG-0564,M4-FUNG-0564:M002,produces_metabolite
M4-FUNG-0565,NCBITAXON:1126212,belongs_to
M4-FUNG-0565,M4-FUNG-0565:G001,has_gene
M4-FUNG-0565,M4-FUNG-0565:M001,produces_metabolite
M4-FUNG-0565,M4-FUNG-0565:M002,produces_metabolite
NCBITAXON:1126212,M4-FUNG-0596,belongs_to
NCBITAXON:1126212,M4-FUNG-0605,belongs_to
M4-FUNG-0566,NCBITAXON:69788,belongs_to
M4-FUNG-0566,M4-FUNG-0566:G001,has_gene
M4-FUNG-0566,M4-FUNG-0566:M001,produces_metabolite
M4-FUNG-0566,M4-FUNG-0566:M002,produces_metabolite
M4-FUNG-0567,M4-FUNG-0567:G001,has_gene
M4-FUNG-0567,M4-FUNG-0567:M001,produces_metabolite
M4-FUNG-0567,M4-FUNG-0567:M002,produces_metabolite
M4-FUNG-0567,M4-FUNG-0567:M003,produces_metabolite
M4-FUNG-0567,M4-FUNG-0567:M004,produces_metabolite
M4-FUNG-0568,NCBITAXON:36652,belongs_to
M4-FUNG-0568,M4-FUNG-0568:G001,has_gene
M4-FUNG-0568,M4-FUNG-0568:G002,has_gene
M4-FUNG-0568,M4-FUNG-0568:M001,produces_metabolite
M4-FUNG-0568,M4-FUNG-0568:M002,produces_metabolite
M4-FUNG-0568,M4-FUNG-0568:M003,produces_metabolite
M4-FUNG-0568,M4-FUNG-0568:M004,produces_metabolite
M4-FUNG-0569,M4-FUNG-0569:G001,has_gene
M4-FUNG-0569,M4-FUNG-0569:G002,has_gene
M4-FUNG-0569,M4-FUNG-0569:G003,has_gene
M4-FUNG-0569,M4-FUNG-0569:M001,produces_metabolite
M4-FUNG-0569,M4-FUNG-0569:M002,produces_metabolite
M4-FUNG-0569,M4-FUNG-0569:M003,produces_metabolite
M4-FUNG-0570,M4-FUNG-0570:G001,has_gene
M4-FUNG-0570,M4-FUNG-0570:M001,produces_metabolite
M4-FUNG-0570,M4-FUNG-0570:M002,produces_metabolite
M4-FUNG-0571,NCBITAXON:665912,belongs_to
M4-FUNG-0571,M4-FUNG-0571:G001,has_gene
M4-FUNG-0571,M4-FUNG-0571:G002,has_gene
M4-FUNG-0571,M4-FUNG-0571:G003,has_gene
M4-FUNG-0571,M4-FUNG-0571:M001,produces_metabolite
M4-FUNG-0571,M4-FUNG-0571:M002,produces_metabolite
M4-FUNG-0571,M4-FUNG-0571:M003,produces_metabolite
M4-FUNG-0572,M4-FUNG-0572:G001,has_gene
M4-FUNG-0572,M4-FUNG-0572:G002,has_gene
M4-FUNG-0572,M4-FUNG-0572:G003,has_gene
M4-FUNG-0572,M4-FUNG-0572:G004,has_gene
M4-FUNG-0572,M4-FUNG-0572:G005,has_gene
M4-FUNG-0572,M4-FUNG-0572:M001,produces_metabolite
M4-FUNG-0573,NCBITAXON:685557,belongs_to
M4-FUNG-0573,M4-FUNG-0573:G001,has_gene
M4-FUNG-0573,M4-FUNG-0573:M001,produces_metabolite
M4-FUNG-0573,M4-FUNG-0573:M002,produces_metabolite
M4-FUNG-0573,M4-FUNG-0573:M003,produces_metabolite
NCBITAXON:685557,M4-FUNG-0575,belongs_to
M4-FUNG-0574,M4-FUNG-0574:G001,has_gene
M4-FUNG-0574,M4-FUNG-0574:M001,produces_metabolite
M4-FUNG-0574,M4-FUNG-0574:M002,produces_metabolite
M4-FUNG-0575,M4-FUNG-0575:G001,has_gene
M4-FUNG-0575,M4-FUNG-0575:M001,produces_metabolite
M4-FUNG-0575,M4-FUNG-0575:M002,produces_metabolite
M4-FUNG-0575,M4-FUNG-0575:M003,produces_metabolite
M4-FUNG-0575,M4-FUNG-0575:M004,produces_metabolite
M4-FUNG-0575,M4-FUNG-0575:M005,produces_metabolite
M4-FUNG-0575,M4-FUNG-0575:M006,produces_metabolite
M4-FUNG-0576,M4-FUNG-0576:G001,has_gene
M4-FUNG-0576,M4-FUNG-0576:G002,has_gene
M4-FUNG-0576,M4-FUNG-0576:M001,produces_metabolite
M4-FUNG-0577,NCBITAXON:1388766,belongs_to
M4-FUNG-0577,M4-FUNG-0577:G001,has_gene
M4-FUNG-0577,M4-FUNG-0577:G002,has_gene
M4-FUNG-0577,M4-FUNG-0577:G003,has_gene
M4-FUNG-0577,M4-FUNG-0577:G004,has_gene
M4-FUNG-0577,M4-FUNG-0577:M001,produces_metabolite
M4-FUNG-0577,M4-FUNG-0577:M002,produces_metabolite
M4-FUNG-0577,M4-FUNG-0577:M003,produces_metabolite
M4-FUNG-0577,M4-FUNG-0577:M004,produces_metabolite
M4-FUNG-0578,M4-FUNG-0578:G001,has_gene
M4-FUNG-0578,M4-FUNG-0578:G002,has_gene
M4-FUNG-0578,M4-FUNG-0578:G003,has_gene
M4-FUNG-0578,M4-FUNG-0578:G004,has_gene
M4-FUNG-0578,M4-FUNG-0578:G005,has_gene
M4-FUNG-0578,M4-FUNG-0578:G006,has_gene
M4-FUNG-0578,M4-FUNG-0578:M001,produces_metabolite
M4-FUNG-0578,M4-FUNG-0578:M002,produces_metabolite
M4-FUNG-0578,M4-FUNG-0578:M003,produces_metabolite
M4-FUNG-0578,M4-FUNG-0578:M004,produces_metabolite
M4-FUNG-0578,M4-FUNG-0578:M005,produces_metabolite
M4-FUNG-0578,M4-FUNG-0578:M006,produces_metabolite
M4-FUNG-0579,M4-FUNG-0579:G001,has_gene
M4-FUNG-0579,M4-FUNG-0579:G002,has_gene
M4-FUNG-0579,M4-FUNG-0579:G003,has_gene
M4-FUNG-0579,M4-FUNG-0579:G004,has_gene
M4-FUNG-0579,M4-FUNG-0579:M001,produces_metabolite
M4-FUNG-0579,M4-FUNG-0579:M002,produces_metabolite
M4-FUNG-0579,M4-FUNG-0579:M003,produces_metabolite
M4-FUNG-0580,NCBITAXON:201291,belongs_to
M4-FUNG-0580,M4-FUNG-0580:G001,has_gene
M4-FUNG-0580,M4-FUNG-0580:G002,has_gene
M4-FUNG-0580,M4-FUNG-0580:G003,has_gene
M4-FUNG-0580,M4-FUNG-0580:G004,has_gene
M4-FUNG-0580,M4-FUNG-0580:G005,has_gene
M4-FUNG-0580,M4-FUNG-0580:G006,has_gene
M4-FUNG-0580,M4-FUNG-0580:G007,has_gene
M4-FUNG-0580,M4-FUNG-0580:G008,has_gene
M4-FUNG-0580,M4-FUNG-0580:M001,produces_metabolite
M4-FUNG-0580,M4-FUNG-0580:M002,produces_metabolite
M4-FUNG-0580,M4-FUNG-0580:M003,produces_metabolite
M4-FUNG-0580,M4-FUNG-0580:M004,produces_metabolite
M4-FUNG-0581,NCBITAXON:2604179,belongs_to
M4-FUNG-0581,M4-FUNG-0581:G001,has_gene
M4-FUNG-0581,M4-FUNG-0581:G002,has_gene
M4-FUNG-0581,M4-FUNG-0581:G003,has_gene
M4-FUNG-0581,M4-FUNG-0581:G004,has_gene
M4-FUNG-0581,M4-FUNG-0581:G005,has_gene
M4-FUNG-0581,M4-FUNG-0581:G006,has_gene
M4-FUNG-0581,M4-FUNG-0581:G007,has_gene
M4-FUNG-0581,M4-FUNG-0581:G008,has_gene
M4-FUNG-0581,M4-FUNG-0581:G009,has_gene
M4-FUNG-0581,M4-FUNG-0581:G010,has_gene
M4-FUNG-0581,M4-FUNG-0581:G011,has_gene
M4-FUNG-0581,M4-FUNG-0581:G012,has_gene
M4-FUNG-0581,M4-FUNG-0581:G013,has_gene
M4-FUNG-0581,M4-FUNG-0581:G014,has_gene
M4-FUNG-0581,M4-FUNG-0581:M001,produces_metabolite
M4-FUNG-0581,M4-FUNG-0581:M002,produces_metabolite
M4-FUNG-0581,M4-FUNG-0581:M003,produces_metabolite
M4-FUNG-0582,NCBITAXON:2633043,belongs_to
M4-FUNG-0582,M4-FUNG-0582:G001,has_gene
M4-FUNG-0582,M4-FUNG-0582:G002,has_gene
M4-FUNG-0582,M4-FUNG-0582:G003,has_gene
M4-FUNG-0582,M4-FUNG-0582:G004,has_gene
M4-FUNG-0582,M4-FUNG-0582:G005,has_gene
M4-FUNG-0582,M4-FUNG-0582:G006,has_gene
M4-FUNG-0582,M4-FUNG-0582:G007,has_gene
M4-FUNG-0582,M4-FUNG-0582:G008,has_gene
M4-FUNG-0582,M4-FUNG-0582:G009,has_gene
M4-FUNG-0582,M4-FUNG-0582:G010,has_gene
M4-FUNG-0582,M4-FUNG-0582:M001,produces_metabolite
M4-FUNG-0582,M4-FUNG-0582:M002,produces_metabolite
M4-FUNG-0582,M4-FUNG-0582:M003,produces_metabolite
M4-FUNG-0583,NCBITAXON:192010,belongs_to
M4-FUNG-0583,M4-FUNG-0583:G001,has_gene
M4-FUNG-0583,M4-FUNG-0583:G002,has_gene
M4-FUNG-0583,M4-FUNG-0583:G003,has_gene
M4-FUNG-0583,M4-FUNG-0583:G004,has_gene
M4-FUNG-0583,M4-FUNG-0583:G005,has_gene
M4-FUNG-0583,M4-FUNG-0583:G006,has_gene
M4-FUNG-0583,M4-FUNG-0583:G007,has_gene
M4-FUNG-0583,M4-FUNG-0583:G008,has_gene
M4-FUNG-0583,M4-FUNG-0583:M001,produces_metabolite
M4-FUNG-0583,M4-FUNG-0583:M002,produces_metabolite
M4-FUNG-0583,M4-FUNG-0583:M003,produces_metabolite
M4-FUNG-0583,M4-FUNG-0583:M004,produces_metabolite
M4-FUNG-0584,NCBITAXON:2011797,belongs_to
M4-FUNG-0584,M4-FUNG-0584:G001,has_gene
M4-FUNG-0584,M4-FUNG-0584:G002,has_gene
M4-FUNG-0584,M4-FUNG-0584:G003,has_gene
M4-FUNG-0584,M4-FUNG-0584:G004,has_gene
M4-FUNG-0584,M4-FUNG-0584:G005,has_gene
M4-FUNG-0584,M4-FUNG-0584:G006,has_gene
M4-FUNG-0584,M4-FUNG-0584:G007,has_gene
M4-FUNG-0584,M4-FUNG-0584:G008,has_gene
M4-FUNG-0584,M4-FUNG-0584:M001,produces_metabolite
M4-FUNG-0584,M4-FUNG-0584:M002,produces_metabolite
M4-FUNG-0585,NCBITAXON:1718872,belongs_to
M4-FUNG-0585,M4-FUNG-0585:G001,has_gene
M4-FUNG-0585,M4-FUNG-0585:G002,has_gene
M4-FUNG-0585,M4-FUNG-0585:M001,produces_metabolite
M4-FUNG-0586,NCBITAXON:1955268,belongs_to
M4-FUNG-0586,M4-FUNG-0586:G001,has_gene
M4-FUNG-0586,M4-FUNG-0586:G002,has_gene
M4-FUNG-0586,M4-FUNG-0586:G003,has_gene
M4-FUNG-0586,M4-FUNG-0586:G004,has_gene
M4-FUNG-0586,M4-FUNG-0586:M001,produces_metabolite
M4-FUNG-0586,M4-FUNG-0586:M002,produces_metabolite
M4-FUNG-0587,M4-FUNG-0587:G001,has_gene
M4-FUNG-0587,M4-FUNG-0587:M001,produces_metabolite
M4-FUNG-0587,M4-FUNG-0587:M002,produces_metabolite
M4-FUNG-0588,NCBITAXON:2487000,belongs_to
M4-FUNG-0588,M4-FUNG-0588:G001,has_gene
M4-FUNG-0588,M4-FUNG-0588:G002,has_gene
M4-FUNG-0588,M4-FUNG-0588:G003,has_gene
M4-FUNG-0588,M4-FUNG-0588:G004,has_gene
M4-FUNG-0588,M4-FUNG-0588:G005,has_gene
M4-FUNG-0588,M4-FUNG-0588:G006,has_gene
M4-FUNG-0588,M4-FUNG-0588:G007,has_gene
M4-FUNG-0588,M4-FUNG-0588:G008,has_gene
M4-FUNG-0588,M4-FUNG-0588:M001,produces_metabolite
M4-FUNG-0589,M4-FUNG-0589:G001,has_gene
M4-FUNG-0589,M4-FUNG-0589:G002,has_gene
M4-FUNG-0589,M4-FUNG-0589:M001,produces_metabolite
M4-FUNG-0589,M4-FUNG-0589:M002,produces_metabolite
M4-FUNG-0589,M4-FUNG-0589:M003,produces_metabolite
M4-FUNG-0590,NCBITAXON:1955266,belongs_to
M4-FUNG-0590,M4-FUNG-0590:G001,has_gene
M4-FUNG-0590,M4-FUNG-0590:G002,has_gene
M4-FUNG-0590,M4-FUNG-0590:M001,produces_metabolite
M4-FUNG-0590,M4-FUNG-0590:M002,produces_metabolite
M4-FUNG-0590,M4-FUNG-0590:M003,produces_metabolite
M4-FUNG-0591,NCBITAXON:425011,belongs_to
M4-FUNG-0591,M4-FUNG-0591:G001,has_gene
M4-FUNG-0591,M4-FUNG-0591:G002,has_gene
M4-FUNG-0591,M4-FUNG-0591:G003,has_gene
M4-FUNG-0591,M4-FUNG-0591:M001,produces_metabolite
M4-FUNG-0591,M4-FUNG-0591:M002,produces_metabolite
M4-FUNG-0592,NCBITAXON:756982,belongs_to
M4-FUNG-0592,M4-FUNG-0592:G001,has_gene
M4-FUNG-0592,M4-FUNG-0592:G002,has_gene
M4-FUNG-0592,M4-FUNG-0592:M001,produces_metabolite
M4-FUNG-0593,M4-FUNG-0593:G001,has_gene
M4-FUNG-0593,M4-FUNG-0593:M001,produces_metabolite
M4-FUNG-0594,M4-FUNG-0594:G001,has_gene
M4-FUNG-0594,M4-FUNG-0594:G002,has_gene
M4-FUNG-0594,M4-FUNG-0594:G003,has_gene
M4-FUNG-0594,M4-FUNG-0594:G004,has_gene
M4-FUNG-0594,M4-FUNG-0594:G005,has_gene
M4-FUNG-0594,M4-FUNG-0594:G006,has_gene
M4-FUNG-0594,M4-FUNG-0594:G007,has_gene
M4-FUNG-0594,M4-FUNG-0594:G008,has_gene
M4-FUNG-0594,M4-FUNG-0594:G009,has_gene
M4-FUNG-0594,M4-FUNG-0594:G010,has_gene
M4-FUNG-0594,M4-FUNG-0594:M001,produces_metabolite
M4-FUNG-0594,M4-FUNG-0594:M002,produces_metabolite
M4-FUNG-0594,M4-FUNG-0594:M003,produces_metabolite
M4-FUNG-0595,ORG_3705c8ce96de,belongs_to
M4-FUNG-0595,M4-FUNG-0595:G001,has_gene
M4-FUNG-0595,M4-FUNG-0595:G002,has_gene
M4-FUNG-0595,M4-FUNG-0595:G003,has_gene
M4-FUNG-0595,M4-FUNG-0595:G004,has_gene
M4-FUNG-0595,M4-FUNG-0595:G005,has_gene
M4-FUNG-0595,M4-FUNG-0595:G006,has_gene
M4-FUNG-0595,M4-FUNG-0595:G007,has_gene
M4-FUNG-0595,M4-FUNG-0595:G008,has_gene
M4-FUNG-0595,M4-FUNG-0595:G009,has_gene
M4-FUNG-0595,M4-FUNG-0595:G010,has_gene
M4-FUNG-0595,M4-FUNG-0595:M001,produces_metabolite
M4-FUNG-0595,M4-FUNG-0595:M002,produces_metabolite
M4-FUNG-0595,M4-FUNG-0595:M003,produces_metabolite
M4-FUNG-0596,M4-FUNG-0596:G001,has_gene
M4-FUNG-0596,M4-FUNG-0596:G002,has_gene
M4-FUNG-0596,M4-FUNG-0596:G003,has_gene
M4-FUNG-0596,M4-FUNG-0596:G004,has_gene
M4-FUNG-0596,M4-FUNG-0596:M001,produces_metabolite
M4-FUNG-0596,M4-FUNG-0596:M002,produces_metabolite
M4-FUNG-0596,M4-FUNG-0596:M003,produces_metabolite
M4-FUNG-0597,M4-FUNG-0597:G001,has_gene
M4-FUNG-0597,M4-FUNG-0597:M001,produces_metabolite
M4-FUNG-0597,M4-FUNG-0597:M002,produces_metabolite
M4-FUNG-0598,NCBITAXON:319629,belongs_to
M4-FUNG-0598,M4-FUNG-0598:G001,has_gene
M4-FUNG-0598,M4-FUNG-0598:M001,produces_metabolite
M4-FUNG-0598,M4-FUNG-0598:M002,produces_metabolite
M4-FUNG-0599,NCBITAXON:660028,belongs_to
M4-FUNG-0599,M4-FUNG-0599:G001,has_gene
M4-FUNG-0599,M4-FUNG-0599:M001,produces_metabolite
M4-FUNG-0599,M4-FUNG-0599:M002,produces_metabolite
M4-FUNG-0600,NCBITAXON:487627,belongs_to
M4-FUNG-0600,M4-FUNG-0600:G001,has_gene
M4-FUNG-0600,M4-FUNG-0600:G002,has_gene
M4-FUNG-0600,M4-FUNG-0600:M001,produces_metabolite
M4-FUNG-0600,M4-FUNG-0600:M002,produces_metabolite
M4-FUNG-0601,M4-FUNG-0601:G001,has_gene
M4-FUNG-0601,M4-FUNG-0601:G002,has_gene
M4-FUNG-0601,M4-FUNG-0601:G003,has_gene
M4-FUNG-0601,M4-FUNG-0601:G004,has_gene
M4-FUNG-0601,M4-FUNG-0601:M001,produces_metabolite
M4-FUNG-0601,M4-FUNG-0601:M002,produces_metabolite
M4-FUNG-0602,NCBITAXON:948311,belongs_to
M4-FUNG-0602,M4-FUNG-0602:G001,has_gene
M4-FUNG-0602,M4-FUNG-0602:G002,has_gene
M4-FUNG-0602,M4-FUNG-0602:G003,has_gene
M4-FUNG-0602,M4-FUNG-0602:G004,has_gene
M4-FUNG-0602,M4-FUNG-0602:G005,has_gene
M4-FUNG-0602,M4-FUNG-0602:M001,produces_metabolite
M4-FUNG-0602,M4-FUNG-0602:M002,produces_metabolite
M4-FUNG-0602,M4-FUNG-0602:M003,produces_metabolite
M4-FUNG-0603,M4-FUNG-0603:G001,has_gene
M4-FUNG-0603,M4-FUNG-0603:G002,has_gene
M4-FUNG-0603,M4-FUNG-0603:G003,has_gene
M4-FUNG-0603,M4-FUNG-0603:M001,produces_metabolite
M4-FUNG-0603,M4-FUNG-0603:M002,produces_metabolite
M4-FUNG-0603,M4-FUNG-0603:M003,produces_metabolite
M4-FUNG-0604,M4-FUNG-0604:G001,has_gene
M4-FUNG-0604,M4-FUNG-0604:M001,produces_metabolite
M4-FUNG-0604,M4-FUNG-0604:M002,produces_metabolite
M4-FUNG-0605,M4-FUNG-0605:G001,has_gene
M4-FUNG-0605,M4-FUNG-0605:M001,produces_metabolite
M4-FUNG-0605,M4-FUNG-0605:M002,produces_metabolite
M4-FUNG-0606,NCBITAXON:474922,belongs_to
M4-FUNG-0606,M4-FUNG-0606:G001,has_gene
M4-FUNG-0606,M4-FUNG-0606:M001,produces_metabolite
M4-FUNG-0606,M4-FUNG-0606:M002,produces_metabolite
M4-FUNG-0607,NCBITAXON:1037530,belongs_to
M4-FUNG-0607,M4-FUNG-0607:G001,has_gene
M4-FUNG-0607,M4-FUNG-0607:G002,has_gene
M4-FUNG-0607,M4-FUNG-0607:G003,has_gene
M4-FUNG-0607,M4-FUNG-0607:G004,has_gene
M4-FUNG-0607,M4-FUNG-0607:G005,has_gene
M4-FUNG-0607,M4-FUNG-0607:G006,has_gene
M4-FUNG-0607,M4-FUNG-0607:G007,has_gene
M4-FUNG-0607,M4-FUNG-0607:G008,has_gene
M4-FUNG-0607,M4-FUNG-0607:G009,has_gene
M4-FUNG-0607,M4-FUNG-0607:G010,has_gene
M4-FUNG-0607,M4-FUNG-0607:M001,produces_metabolite
M4-FUNG-0607,M4-FUNG-0607:M002,produces_metabolite
M4-FUNG-0607,M4-FUNG-0607:M003,produces_metabolite
NCBITAXON:1037530,M4-FUNG-0609,belongs_to
M4-FUNG-0608,M4-FUNG-0608:G001,has_gene
M4-FUNG-0608,M4-FUNG-0608:G002,has_gene
M4-FUNG-0608,M4-FUNG-0608:G003,has_gene
M4-FUNG-0608,M4-FUNG-0608:G004,has_gene
M4-FUNG-0608,M4-FUNG-0608:M001,produces_metabolite
M4-FUNG-0608,M4-FUNG-0608:M002,produces_metabolite
M4-FUNG-0608,M4-FUNG-0608:M003,produces_metabolite
M4-FUNG-0609,M4-FUNG-0609:G001,has_gene
M4-FUNG-0609,M4-FUNG-0609:G002,has_gene
M4-FUNG-0609,M4-FUNG-0609:G003,has_gene
M4-FUNG-0609,M4-FUNG-0609:G004,has_gene
M4-FUNG-0609,M4-FUNG-0609:G005,has_gene
M4-FUNG-0609,M4-FUNG-0609:G006,has_gene
M4-FUNG-0609,M4-FUNG-0609:G007,has_gene
M4-FUNG-0609,M4-FUNG-0609:G008,has_gene
M4-FUNG-0609,M4-FUNG-0609:G009,has_gene
M4-FUNG-0609,M4-FUNG-0609:M001,produces_metabolite
M4-FUNG-0609,M4-FUNG-0609:M002,produces_metabolite
M4-FUNG-0609,M4-FUNG-0609:M003,produces_metabolite
M4-FUNG-0001:G001,M4-FUNG-0001:S001,evidenced_by
M4-FUNG-0001:G001,M4-FUNG-0001:S002,evidenced_by
M4-FUNG-0001:G002,M4-FUNG-0001:S001,evidenced_by
M4-FUNG-0001:G002,M4-FUNG-0001:S002,evidenced_by
M4-FUNG-0001:G003,M4-FUNG-0001:S001,evidenced_by
M4-FUNG-0001:G003,M4-FUNG-0001:S002,evidenced_by
M4-FUNG-0001:G004,M4-FUNG-0001:S001,evidenced_by
M4-FUNG-0001:G004,M4-FUNG-0001:S002,evidenced_by
M4-FUNG-0001:G005,M4-FUNG-0001:S001,evidenced_by
M4-FUNG-0001:G005,M4-FUNG-0001:S002,evidenced_by
M4-FUNG-0001:G006,M4-FUNG-0001:S001,evidenced_by
M4-FUNG-0001:G006,M4-FUNG-0001:S002,evidenced_by
M4-FUNG-0002:G001,M4-FUNG-0002:S001,evidenced_by
M4-FUNG-0002:G001,M4-FUNG-0002:S002,evidenced_by
M4-FUNG-0002:G002,M4-FUNG-0002:S001,evidenced_by
M4-FUNG-0002:G002,M4-FUNG-0002:S002,evidenced_by
M4-FUNG-0002:G003,M4-FUNG-0002:S001,evidenced_by
M4-FUNG-0002:G004,M4-FUNG-0002:S001,evidenced_by
M4-FUNG-0002:G005,M4-FUNG-0002:S001,evidenced_by
M4-FUNG-0002:G006,M4-FUNG-0002:S001,evidenced_by
M4-FUNG-0002:G006,M4-FUNG-0002:S002,evidenced_by
M4-FUNG-0002:G006,M4-FUNG-0002:S003,evidenced_by
M4-FUNG-0002:G007,M4-FUNG-0002:S001,evidenced_by
M4-FUNG-0002:G007,M4-FUNG-0002:S003,evidenced_by
M4-FUNG-0002:G008,M4-FUNG-0002:S001,evidenced_by
M4-FUNG-0002:G009,M4-FUNG-0002:S001,evidenced_by
M4-FUNG-0002:G010,M4-FUNG-0002:S001,evidenced_by
M4-FUNG-0002:G010,M4-FUNG-0002:S002,evidenced_by
M4-FUNG-0002:G011,M4-FUNG-0002:S001,evidenced_by
M4-FUNG-0002:G012,M4-FUNG-0002:S001,evidenced_by
M4-FUNG-0002:G012,M4-FUNG-0002:S002,evidenced_by
M4-FUNG-0002:G013,M4-FUNG-0002:S001,evidenced_by
M4-FUNG-0002:G013,M4-FUNG-0002:S002,evidenced_by
M4-FUNG-0002:G014,M4-FUNG-0002:S001,evidenced_by
M4-FUNG-0002:G014,M4-FUNG-0002:S002,evidenced_by
M4-FUNG-0002:G015,M4-FUNG-0002:S001,evidenced_by
M4-FUNG-0002:G016,M4-FUNG-0002:S001,evidenced_by
M4-FUNG-0002:G017,M4-FUNG-0002:S001,evidenced_by
M4-FUNG-0002:G017,M4-FUNG-0002:S002,evidenced_by
M4-FUNG-0002:G018,M4-FUNG-0002:S001,evidenced_by
M4-FUNG-0002:G019,M4-FUNG-0002:S001,evidenced_by
M4-FUNG-0002:G019,M4-FUNG-0002:S002,evidenced_by
M4-FUNG-0002:G020,M4-FUNG-0002:S001,evidenced_by
M4-FUNG-0002:G021,M4-FUNG-0002:S001,evidenced_by
M4-FUNG-0002:G022,M4-FUNG-0002:S001,evidenced_by
M4-FUNG-0002:G023,M4-FUNG-0002:S001,evidenced_by
M4-FUNG-0003:G001,M4-FUNG-0003:S016,evidenced_by
M4-FUNG-0003:G002,M4-FUNG-0003:S002,evidenced_by
M4-FUNG-0003:G002,M4-FUNG-0003:S009,evidenced_by
M4-FUNG-0003:G003,M4-FUNG-0003:S002,evidenced_by
M4-FUNG-0003:G003,M4-FUNG-0003:S004,evidenced_by
M4-FUNG-0003:G004,M4-FUNG-0003:S002,evidenced_by
M4-FUNG-0003:G004,M4-FUNG-0003:S005,evidenced_by
M4-FUNG-0003:G005,M4-FUNG-0003:S002,evidenced_by
M4-FUNG-0003:G005,M4-FUNG-0003:S008,evidenced_by
M4-FUNG-0003:G006,M4-FUNG-0003:S002,evidenced_by
M4-FUNG-0003:G006,M4-FUNG-0003:S004,evidenced_by
M4-FUNG-0003:G007,M4-FUNG-0003:S002,evidenced_by
M4-FUNG-0003:G007,M4-FUNG-0003:S004,evidenced_by
M4-FUNG-0003:G008,M4-FUNG-0003:S002,evidenced_by
M4-FUNG-0003:G008,M4-FUNG-0003:S006,evidenced_by
M4-FUNG-0003:G008,M4-FUNG-0003:S007,evidenced_by
M4-FUNG-0003:G009,M4-FUNG-0003:S002,evidenced_by
M4-FUNG-0003:G009,M4-FUNG-0003:S010,evidenced_by
M4-FUNG-0003:G010,M4-FUNG-0003:S002,evidenced_by
M4-FUNG-0003:G010,M4-FUNG-0003:S004,evidenced_by
M4-FUNG-0003:G011,M4-FUNG-0003:S002,evidenced_by
M4-FUNG-0003:G011,M4-FUNG-0003:S004,evidenced_by
M4-FUNG-0003:G012,M4-FUNG-0003:S002,evidenced_by
M4-FUNG-0003:G012,M4-FUNG-0003:S004,evidenced_by
M4-FUNG-0003:G013,M4-FUNG-0003:S002,evidenced_by
M4-FUNG-0003:G013,M4-FUNG-0003:S006,evidenced_by
M4-FUNG-0003:G013,M4-FUNG-0003:S007,evidenced_by
M4-FUNG-0003:G014,M4-FUNG-0003:S002,evidenced_by
M4-FUNG-0003:G014,M4-FUNG-0003:S004,evidenced_by
M4-FUNG-0003:G015,M4-FUNG-0003:S002,evidenced_by
M4-FUNG-0003:G015,M4-FUNG-0003:S004,evidenced_by
M4-FUNG-0003:G016,M4-FUNG-0003:S002,evidenced_by
M4-FUNG-0003:G016,M4-FUNG-0003:S004,evidenced_by
M4-FUNG-0003:G017,M4-FUNG-0003:S002,evidenced_by
M4-FUNG-0003:G017,M4-FUNG-0003:S004,evidenced_by
M4-FUNG-0003:G018,M4-FUNG-0003:S002,evidenced_by
M4-FUNG-0003:G018,M4-FUNG-0003:S004,evidenced_by
M4-FUNG-0003:G019,M4-FUNG-0003:S002,evidenced_by
M4-FUNG-0003:G019,M4-FUNG-0003:S006,evidenced_by
M4-FUNG-0003:G019,M4-FUNG-0003:S007,evidenced_by
M4-FUNG-0003:G020,M4-FUNG-0003:S017,evidenced_by
M4-FUNG-0003:G021,M4-FUNG-0003:S002,evidenced_by
M4-FUNG-0003:G021,M4-FUNG-0003:S004,evidenced_by
M4-FUNG-0003:G022,M4-FUNG-0003:S012,evidenced_by
M4-FUNG-0003:G023,M4-FUNG-0003:S012,evidenced_by
M4-FUNG-0003:G024,M4-FUNG-0003:S014,evidenced_by
M4-FUNG-0003:G025,M4-FUNG-0003:S013,evidenced_by
M4-FUNG-0003:G026,M4-FUNG-0003:S015,evidenced_by
M4-FUNG-0003:G026,M4-FUNG-0003:S016,evidenced_by
M4-FUNG-0003:G027,M4-FUNG-0003:S002,evidenced_by
M4-FUNG-0003:G027,M4-FUNG-0003:S003,evidenced_by
M4-FUNG-0003:G028,M4-FUNG-0003:S002,evidenced_by
M4-FUNG-0003:G028,M4-FUNG-0003:S003,evidenced_by
M4-FUNG-0003:G029,M4-FUNG-0003:S002,evidenced_by
M4-FUNG-0003:G029,M4-FUNG-0003:S003,evidenced_by
M4-FUNG-0004:G001,M4-FUNG-0004:S001,evidenced_by
M4-FUNG-0004:G002,M4-FUNG-0004:S001,evidenced_by
M4-FUNG-0004:G002,M4-FUNG-0004:S009,evidenced_by
M4-FUNG-0004:G003,M4-FUNG-0004:S001,evidenced_by
M4-FUNG-0004:G003,M4-FUNG-0004:S009,evidenced_by
M4-FUNG-0004:G004,M4-FUNG-0004:S001,evidenced_by
M4-FUNG-0004:G004,M4-FUNG-0004:S009,evidenced_by
M4-FUNG-0004:G005,M4-FUNG-0004:S001,evidenced_by
M4-FUNG-0004:G005,M4-FUNG-0004:S009,evidenced_by
M4-FUNG-0004:G006,M4-FUNG-0004:S001,evidenced_by
M4-FUNG-0004:G006,M4-FUNG-0004:S009,evidenced_by
M4-FUNG-0004:G007,M4-FUNG-0004:S001,evidenced_by
M4-FUNG-0004:G007,M4-FUNG-0004:S009,evidenced_by
M4-FUNG-0004:G008,M4-FUNG-0004:S001,evidenced_by
M4-FUNG-0004:G008,M4-FUNG-0004:S009,evidenced_by
M4-FUNG-0004:G009,M4-FUNG-0004:S001,evidenced_by
M4-FUNG-0004:G009,M4-FUNG-0004:S009,evidenced_by
M4-FUNG-0004:G010,M4-FUNG-0004:S001,evidenced_by
M4-FUNG-0004:G010,M4-FUNG-0004:S009,evidenced_by
M4-FUNG-0004:G011,M4-FUNG-0004:S001,evidenced_by
M4-FUNG-0004:G011,M4-FUNG-0004:S009,evidenced_by
M4-FUNG-0004:G012,M4-FUNG-0004:S001,evidenced_by
M4-FUNG-0004:G012,M4-FUNG-0004:S009,evidenced_by
M4-FUNG-0004:G013,M4-FUNG-0004:S001,evidenced_by
M4-FUNG-0004:G013,M4-FUNG-0004:S009,evidenced_by
M4-FUNG-0004:G014,M4-FUNG-0004:S001,evidenced_by
M4-FUNG-0004:G014,M4-FUNG-0004:S009,evidenced_by
M4-FUNG-0004:G015,M4-FUNG-0004:S001,evidenced_by
M4-FUNG-0004:G015,M4-FUNG-0004:S009,evidenced_by
M4-FUNG-0004:G016,M4-FUNG-0004:S001,evidenced_by
M4-FUNG-0004:G016,M4-FUNG-0004:S009,evidenced_by
M4-FUNG-0004:G017,M4-FUNG-0004:S001,evidenced_by
M4-FUNG-0004:G017,M4-FUNG-0004:S009,evidenced_by
M4-FUNG-0004:G018,M4-FUNG-0004:S001,evidenced_by
M4-FUNG-0004:G018,M4-FUNG-0004:S015,evidenced_by
M4-FUNG-0004:G019,M4-FUNG-0004:S001,evidenced_by
M4-FUNG-0004:G019,M4-FUNG-0004:S009,evidenced_by
M4-FUNG-0004:G020,M4-FUNG-0004:S001,evidenced_by
M4-FUNG-0004:G020,M4-FUNG-0004:S012,evidenced_by
M4-FUNG-0004:G021,M4-FUNG-0004:S001,evidenced_by
M4-FUNG-0004:G021,M4-FUNG-0004:S012,evidenced_by
M4-FUNG-0004:G022,M4-FUNG-0004:S001,evidenced_by
M4-FUNG-0004:G022,M4-FUNG-0004:S014,evidenced_by
M4-FUNG-0004:G023,M4-FUNG-0004:S001,evidenced_by
M4-FUNG-0004:G023,M4-FUNG-0004:S013,evidenced_by
M4-FUNG-0005:G001,M4-FUNG-0005:S001,evidenced_by
M4-FUNG-0005:G001,M4-FUNG-0005:S015,evidenced_by
M4-FUNG-0005:G002,M4-FUNG-0005:S001,evidenced_by
M4-FUNG-0005:G002,M4-FUNG-0005:S004,evidenced_by
M4-FUNG-0005:G003,M4-FUNG-0005:S001,evidenced_by
M4-FUNG-0005:G004,M4-FUNG-0005:S001,evidenced_by
M4-FUNG-0005:G004,M4-FUNG-0005:S006,evidenced_by
M4-FUNG-0005:G005,M4-FUNG-0005:S001,evidenced_by
M4-FUNG-0005:G005,M4-FUNG-0005:S006,evidenced_by
M4-FUNG-0005:G006,M4-FUNG-0005:S001,evidenced_by
M4-FUNG-0005:G006,M4-FUNG-0005:S006,evidenced_by
M4-FUNG-0005:G007,M4-FUNG-0005:S001,evidenced_by
M4-FUNG-0005:G007,M4-FUNG-0005:S006,evidenced_by
M4-FUNG-0005:G008,M4-FUNG-0005:S001,evidenced_by
M4-FUNG-0005:G008,M4-FUNG-0005:S003,evidenced_by
M4-FUNG-0005:G008,M4-FUNG-0005:S005,evidenced_by
M4-FUNG-0005:G009,M4-FUNG-0005:S001,evidenced_by
M4-FUNG-0005:G009,M4-FUNG-0005:S003,evidenced_by
M4-FUNG-0005:G010,M4-FUNG-0005:S001,evidenced_by
M4-FUNG-0005:G010,M4-FUNG-0005:S006,evidenced_by
M4-FUNG-0005:G011,M4-FUNG-0005:S001,evidenced_by
M4-FUNG-0005:G011,M4-FUNG-0005:S006,evidenced_by
M4-FUNG-0005:G012,M4-FUNG-0005:S001,evidenced_by
M4-FUNG-0005:G012,M4-FUNG-0005:S006,evidenced_by
M4-FUNG-0005:G013,M4-FUNG-0005:S001,evidenced_by
M4-FUNG-0005:G013,M4-FUNG-0005:S006,evidenced_by
M4-FUNG-0005:G014,M4-FUNG-0005:S001,evidenced_by
M4-FUNG-0005:G014,M4-FUNG-0005:S006,evidenced_by
M4-FUNG-0005:G015,M4-FUNG-0005:S001,evidenced_by
M4-FUNG-0005:G015,M4-FUNG-0005:S006,evidenced_by
M4-FUNG-0005:G016,M4-FUNG-0005:S001,evidenced_by
M4-FUNG-0005:G016,M4-FUNG-0005:S006,evidenced_by
M4-FUNG-0005:G017,M4-FUNG-0005:S001,evidenced_by
M4-FUNG-0005:G017,M4-FUNG-0005:S006,evidenced_by
M4-FUNG-0005:G018,M4-FUNG-0005:S001,evidenced_by
M4-FUNG-0005:G018,M4-FUNG-0005:S006,evidenced_by
M4-FUNG-0005:G019,M4-FUNG-0005:S001,evidenced_by
M4-FUNG-0005:G019,M4-FUNG-0005:S006,evidenced_by
M4-FUNG-0005:G020,M4-FUNG-0005:S001,evidenced_by
M4-FUNG-0005:G020,M4-FUNG-0005:S005,evidenced_by
M4-FUNG-0005:G020,M4-FUNG-0005:S014,evidenced_by
M4-FUNG-0005:G021,M4-FUNG-0005:S001,evidenced_by
M4-FUNG-0005:G021,M4-FUNG-0005:S006,evidenced_by
M4-FUNG-0005:G022,M4-FUNG-0005:S001,evidenced_by
M4-FUNG-0005:G022,M4-FUNG-0005:S011,evidenced_by
M4-FUNG-0005:G023,M4-FUNG-0005:S001,evidenced_by
M4-FUNG-0005:G023,M4-FUNG-0005:S011,evidenced_by
M4-FUNG-0005:G024,M4-FUNG-0005:S001,evidenced_by
M4-FUNG-0005:G024,M4-FUNG-0005:S013,evidenced_by
M4-FUNG-0005:G025,M4-FUNG-0005:S001,evidenced_by
M4-FUNG-0005:G025,M4-FUNG-0005:S012,evidenced_by
M4-FUNG-0006:G001,M4-FUNG-0006:S001,evidenced_by
M4-FUNG-0006:G002,M4-FUNG-0006:S001,evidenced_by
M4-FUNG-0006:G002,M4-FUNG-0006:S004,evidenced_by
M4-FUNG-0006:G003,M4-FUNG-0006:S001,evidenced_by
M4-FUNG-0006:G003,M4-FUNG-0006:S004,evidenced_by
M4-FUNG-0006:G004,M4-FUNG-0006:S001,evidenced_by
M4-FUNG-0006:G004,M4-FUNG-0006:S004,evidenced_by
M4-FUNG-0006:G005,M4-FUNG-0006:S001,evidenced_by
M4-FUNG-0006:G005,M4-FUNG-0006:S004,evidenced_by
M4-FUNG-0006:G006,M4-FUNG-0006:S001,evidenced_by
M4-FUNG-0006:G006,M4-FUNG-0006:S008,evidenced_by
M4-FUNG-0006:G006,M4-FUNG-0006:S009,evidenced_by
M4-FUNG-0006:G007,M4-FUNG-0006:S001,evidenced_by
M4-FUNG-0006:G007,M4-FUNG-0006:S004,evidenced_by
M4-FUNG-0006:G008,M4-FUNG-0006:S001,evidenced_by
M4-FUNG-0006:G008,M4-FUNG-0006:S004,evidenced_by
M4-FUNG-0006:G009,M4-FUNG-0006:S001,evidenced_by
M4-FUNG-0006:G009,M4-FUNG-0006:S004,evidenced_by
M4-FUNG-0006:G010,M4-FUNG-0006:S001,evidenced_by
M4-FUNG-0006:G010,M4-FUNG-0006:S004,evidenced_by
M4-FUNG-0006:G011,M4-FUNG-0006:S001,evidenced_by
M4-FUNG-0006:G011,M4-FUNG-0006:S004,evidenced_by
M4-FUNG-0006:G012,M4-FUNG-0006:S001,evidenced_by
M4-FUNG-0006:G012,M4-FUNG-0006:S004,evidenced_by
M4-FUNG-0006:G013,M4-FUNG-0006:S001,evidenced_by
M4-FUNG-0006:G013,M4-FUNG-0006:S004,evidenced_by
M4-FUNG-0006:G014,M4-FUNG-0006:S001,evidenced_by
M4-FUNG-0006:G014,M4-FUNG-0006:S004,evidenced_by
M4-FUNG-0006:G015,M4-FUNG-0006:S001,evidenced_by
M4-FUNG-0006:G015,M4-FUNG-0006:S004,evidenced_by
M4-FUNG-0006:G016,M4-FUNG-0006:S001,evidenced_by
M4-FUNG-0006:G016,M4-FUNG-0006:S004,evidenced_by
M4-FUNG-0006:G017,M4-FUNG-0006:S001,evidenced_by
M4-FUNG-0006:G017,M4-FUNG-0006:S004,evidenced_by
M4-FUNG-0006:G018,M4-FUNG-0006:S001,evidenced_by
M4-FUNG-0006:G018,M4-FUNG-0006:S004,evidenced_by
M4-FUNG-0006:G018,M4-FUNG-0006:S007,evidenced_by
M4-FUNG-0006:G019,M4-FUNG-0006:S001,evidenced_by
M4-FUNG-0006:G019,M4-FUNG-0006:S004,evidenced_by
M4-FUNG-0006:G020,M4-FUNG-0006:S001,evidenced_by
M4-FUNG-0006:G020,M4-FUNG-0006:S004,evidenced_by
M4-FUNG-0006:G021,M4-FUNG-0006:S001,evidenced_by
M4-FUNG-0006:G021,M4-FUNG-0006:S004,evidenced_by
M4-FUNG-0006:G022,M4-FUNG-0006:S001,evidenced_by
M4-FUNG-0006:G022,M4-FUNG-0006:S004,evidenced_by
M4-FUNG-0006:G023,M4-FUNG-0006:S001,evidenced_by
M4-FUNG-0006:G023,M4-FUNG-0006:S004,evidenced_by
M4-FUNG-0007:G001,M4-FUNG-0007:S001,evidenced_by
M4-FUNG-0007:G001,M4-FUNG-0007:S004,evidenced_by
M4-FUNG-0007:G002,M4-FUNG-0007:S001,evidenced_by
M4-FUNG-0007:G002,M4-FUNG-0007:S004,evidenced_by
M4-FUNG-0007:G003,M4-FUNG-0007:S001,evidenced_by
M4-FUNG-0007:G004,M4-FUNG-0007:S001,evidenced_by
M4-FUNG-0007:G004,M4-FUNG-0007:S004,evidenced_by
M4-FUNG-0007:G004,M4-FUNG-0007:S012,evidenced_by
M4-FUNG-0007:G005,M4-FUNG-0007:S001,evidenced_by
M4-FUNG-0007:G005,M4-FUNG-0007:S004,evidenced_by
M4-FUNG-0007:G006,M4-FUNG-0007:S001,evidenced_by
M4-FUNG-0007:G006,M4-FUNG-0007:S004,evidenced_by
M4-FUNG-0007:G007,M4-FUNG-0007:S001,evidenced_by
M4-FUNG-0007:G007,M4-FUNG-0007:S004,evidenced_by
M4-FUNG-0007:G008,M4-FUNG-0007:S001,evidenced_by
M4-FUNG-0007:G008,M4-FUNG-0007:S004,evidenced_by
M4-FUNG-0007:G008,M4-FUNG-0007:S006,evidenced_by
M4-FUNG-0007:G009,M4-FUNG-0007:S001,evidenced_by
M4-FUNG-0007:G009,M4-FUNG-0007:S004,evidenced_by
M4-FUNG-0007:G009,M4-FUNG-0007:S006,evidenced_by
M4-FUNG-0007:G010,M4-FUNG-0007:S001,evidenced_by
M4-FUNG-0007:G010,M4-FUNG-0007:S004,evidenced_by
M4-FUNG-0007:G011,M4-FUNG-0007:S001,evidenced_by
M4-FUNG-0007:G011,M4-FUNG-0007:S004,evidenced_by
M4-FUNG-0007:G012,M4-FUNG-0007:S001,evidenced_by
M4-FUNG-0007:G012,M4-FUNG-0007:S004,evidenced_by
M4-FUNG-0007:G013,M4-FUNG-0007:S001,evidenced_by
M4-FUNG-0007:G013,M4-FUNG-0007:S004,evidenced_by
M4-FUNG-0007:G014,M4-FUNG-0007:S001,evidenced_by
M4-FUNG-0007:G014,M4-FUNG-0007:S004,evidenced_by
M4-FUNG-0007:G015,M4-FUNG-0007:S001,evidenced_by
M4-FUNG-0007:G015,M4-FUNG-0007:S004,evidenced_by
M4-FUNG-0007:G016,M4-FUNG-0007:S001,evidenced_by
M4-FUNG-0007:G016,M4-FUNG-0007:S004,evidenced_by
M4-FUNG-0007:G017,M4-FUNG-0007:S001,evidenced_by
M4-FUNG-0007:G017,M4-FUNG-0007:S004,evidenced_by
M4-FUNG-0007:G018,M4-FUNG-0007:S001,evidenced_by
M4-FUNG-0007:G018,M4-FUNG-0007:S004,evidenced_by
M4-FUNG-0007:G019,M4-FUNG-0007:S001,evidenced_by
M4-FUNG-0007:G019,M4-FUNG-0007:S004,evidenced_by
M4-FUNG-0007:G020,M4-FUNG-0007:S001,evidenced_by
M4-FUNG-0007:G020,M4-FUNG-0007:S004,evidenced_by
M4-FUNG-0007:G021,M4-FUNG-0007:S001,evidenced_by
M4-FUNG-0007:G021,M4-FUNG-0007:S004,evidenced_by
M4-FUNG-0007:G022,M4-FUNG-0007:S001,evidenced_by
M4-FUNG-0007:G022,M4-FUNG-0007:S004,evidenced_by
M4-FUNG-0007:G023,M4-FUNG-0007:S001,evidenced_by
M4-FUNG-0007:G023,M4-FUNG-0007:S004,evidenced_by
M4-FUNG-0007:G024,M4-FUNG-0007:S001,evidenced_by
M4-FUNG-0007:G024,M4-FUNG-0007:S004,evidenced_by
M4-FUNG-0007:G025,M4-FUNG-0007:S001,evidenced_by
M4-FUNG-0007:G025,M4-FUNG-0007:S004,evidenced_by
M4-FUNG-0008:G001,M4-FUNG-0008:S001,evidenced_by
M4-FUNG-0008:G002,M4-FUNG-0008:S003,evidenced_by
M4-FUNG-0008:G003,M4-FUNG-0008:S001,evidenced_by
M4-FUNG-0008:G004,M4-FUNG-0008:S001,evidenced_by
M4-FUNG-0008:G004,M4-FUNG-0008:S003,evidenced_by
M4-FUNG-0008:G005,M4-FUNG-0008:S001,evidenced_by
M4-FUNG-0008:G005,M4-FUNG-0008:S003,evidenced_by
M4-FUNG-0008:G006,M4-FUNG-0008:S001,evidenced_by
M4-FUNG-0008:G007,M4-FUNG-0008:S001,evidenced_by
M4-FUNG-0008:G008,M4-FUNG-0008:S001,evidenced_by
M4-FUNG-0008:G009,M4-FUNG-0008:S001,evidenced_by
M4-FUNG-0008:G010,M4-FUNG-0008:S001,evidenced_by
M4-FUNG-0008:G011,M4-FUNG-0008:S001,evidenced_by
M4-FUNG-0008:G012,M4-FUNG-0008:S001,evidenced_by
M4-FUNG-0008:G013,M4-FUNG-0008:S001,evidenced_by
M4-FUNG-0008:G014,M4-FUNG-0008:S001,evidenced_by
M4-FUNG-0008:G015,M4-FUNG-0008:S001,evidenced_by
M4-FUNG-0008:G016,M4-FUNG-0008:S001,evidenced_by
M4-FUNG-0008:G017,M4-FUNG-0008:S001,evidenced_by
M4-FUNG-0008:G018,M4-FUNG-0008:S001,evidenced_by
M4-FUNG-0008:G019,M4-FUNG-0008:S001,evidenced_by
M4-FUNG-0008:G020,M4-FUNG-0008:S001,evidenced_by
M4-FUNG-0008:G021,M4-FUNG-0008:S001,evidenced_by
M4-FUNG-0008:G022,M4-FUNG-0008:S001,evidenced_by
M4-FUNG-0008:G023,M4-FUNG-0008:S001,evidenced_by
M4-FUNG-0009:G001,M4-FUNG-0009:S001,evidenced_by
M4-FUNG-0009:G001,M4-FUNG-0009:S004,evidenced_by
M4-FUNG-0009:G002,M4-FUNG-0009:S001,evidenced_by
M4-FUNG-0009:G002,M4-FUNG-0009:S004,evidenced_by
M4-FUNG-0009:G003,M4-FUNG-0009:S001,evidenced_by
M4-FUNG-0009:G003,M4-FUNG-0009:S004,evidenced_by
M4-FUNG-0009:G004,M4-FUNG-0009:S001,evidenced_by
M4-FUNG-0009:G004,M4-FUNG-0009:S004,evidenced_by
M4-FUNG-0009:G005,M4-FUNG-0009:S001,evidenced_by
M4-FUNG-0009:G006,M4-FUNG-0009:S001,evidenced_by
M4-FUNG-0009:G006,M4-FUNG-0009:S004,evidenced_by
M4-FUNG-0009:G007,M4-FUNG-0009:S001,evidenced_by
M4-FUNG-0009:G007,M4-FUNG-0009:S004,evidenced_by
M4-FUNG-0009:G008,M4-FUNG-0009:S001,evidenced_by
M4-FUNG-0009:G008,M4-FUNG-0009:S004,evidenced_by
M4-FUNG-0009:G009,M4-FUNG-0009:S001,evidenced_by
M4-FUNG-0009:G009,M4-FUNG-0009:S004,evidenced_by
M4-FUNG-0009:G010,M4-FUNG-0009:S001,evidenced_by
M4-FUNG-0009:G010,M4-FUNG-0009:S004,evidenced_by
M4-FUNG-0009:G011,M4-FUNG-0009:S001,evidenced_by
M4-FUNG-0009:G011,M4-FUNG-0009:S004,evidenced_by
M4-FUNG-0009:G012,M4-FUNG-0009:S001,evidenced_by
M4-FUNG-0009:G012,M4-FUNG-0009:S004,evidenced_by
M4-FUNG-0009:G013,M4-FUNG-0009:S001,evidenced_by
M4-FUNG-0009:G013,M4-FUNG-0009:S004,evidenced_by
M4-FUNG-0009:G014,M4-FUNG-0009:S001,evidenced_by
M4-FUNG-0009:G014,M4-FUNG-0009:S004,evidenced_by
M4-FUNG-0009:G015,M4-FUNG-0009:S001,evidenced_by
M4-FUNG-0009:G015,M4-FUNG-0009:S004,evidenced_by
M4-FUNG-0009:G016,M4-FUNG-0009:S001,evidenced_by
M4-FUNG-0009:G016,M4-FUNG-0009:S004,evidenced_by
M4-FUNG-0009:G017,M4-FUNG-0009:S001,evidenced_by
M4-FUNG-0009:G017,M4-FUNG-0009:S004,evidenced_by
M4-FUNG-0009:G018,M4-FUNG-0009:S001,evidenced_by
M4-FUNG-0009:G018,M4-FUNG-0009:S004,evidenced_by
M4-FUNG-0009:G019,M4-FUNG-0009:S001,evidenced_by
M4-FUNG-0009:G019,M4-FUNG-0009:S004,evidenced_by
M4-FUNG-0009:G020,M4-FUNG-0009:S001,evidenced_by
M4-FUNG-0009:G020,M4-FUNG-0009:S004,evidenced_by
M4-FUNG-0009:G021,M4-FUNG-0009:S001,evidenced_by
M4-FUNG-0009:G022,M4-FUNG-0009:S001,evidenced_by
M4-FUNG-0009:G022,M4-FUNG-0009:S004,evidenced_by
M4-FUNG-0009:G023,M4-FUNG-0009:S001,evidenced_by
M4-FUNG-0009:G023,M4-FUNG-0009:S004,evidenced_by
M4-FUNG-0009:G024,M4-FUNG-0009:S001,evidenced_by
M4-FUNG-0009:G024,M4-FUNG-0009:S004,evidenced_by
M4-FUNG-0009:G025,M4-FUNG-0009:S001,evidenced_by
M4-FUNG-0009:G025,M4-FUNG-0009:S004,evidenced_by
M4-FUNG-0009:G026,M4-FUNG-0009:S001,evidenced_by
M4-FUNG-0009:G026,M4-FUNG-0009:S004,evidenced_by
M4-FUNG-0009:G027,M4-FUNG-0009:S006,evidenced_by
M4-FUNG-0010:G001,M4-FUNG-0010:S001,evidenced_by
M4-FUNG-0010:G001,M4-FUNG-0010:S003,evidenced_by
M4-FUNG-0010:G002,M4-FUNG-0010:S001,evidenced_by
M4-FUNG-0010:G002,M4-FUNG-0010:S003,evidenced_by
M4-FUNG-0010:G002,M4-FUNG-0010:S008,evidenced_by
M4-FUNG-0010:G003,M4-FUNG-0010:S001,evidenced_by
M4-FUNG-0010:G003,M4-FUNG-0010:S003,evidenced_by
M4-FUNG-0010:G003,M4-FUNG-0010:S008,evidenced_by
M4-FUNG-0010:G004,M4-FUNG-0010:S001,evidenced_by
M4-FUNG-0010:G004,M4-FUNG-0010:S003,evidenced_by
M4-FUNG-0010:G005,M4-FUNG-0010:S001,evidenced_by
M4-FUNG-0010:G005,M4-FUNG-0010:S003,evidenced_by
M4-FUNG-0010:G005,M4-FUNG-0010:S005,evidenced_by
M4-FUNG-0011:G001,M4-FUNG-0011:S001,evidenced_by
M4-FUNG-0011:G001,M4-FUNG-0011:S003,evidenced_by
M4-FUNG-0011:G002,M4-FUNG-0011:S001,evidenced_by
M4-FUNG-0011:G002,M4-FUNG-0011:S003,evidenced_by
M4-FUNG-0012:G001,M4-FUNG-0012:S001,evidenced_by
M4-FUNG-0012:G001,M4-FUNG-0012:S003,evidenced_by
M4-FUNG-0012:G002,M4-FUNG-0012:S001,evidenced_by
M4-FUNG-0012:G002,M4-FUNG-0012:S003,evidenced_by
M4-FUNG-0012:G003,M4-FUNG-0012:S001,evidenced_by
M4-FUNG-0012:G003,M4-FUNG-0012:S003,evidenced_by
M4-FUNG-0012:G003,M4-FUNG-0012:S004,evidenced_by
M4-FUNG-0012:G004,M4-FUNG-0012:S001,evidenced_by
M4-FUNG-0012:G004,M4-FUNG-0012:S003,evidenced_by
M4-FUNG-0012:G004,M4-FUNG-0012:S004,evidenced_by
M4-FUNG-0012:G005,M4-FUNG-0012:S001,evidenced_by
M4-FUNG-0012:G005,M4-FUNG-0012:S003,evidenced_by
M4-FUNG-0012:G006,M4-FUNG-0012:S001,evidenced_by
M4-FUNG-0012:G006,M4-FUNG-0012:S003,evidenced_by
M4-FUNG-0012:G006,M4-FUNG-0012:S007,evidenced_by
M4-FUNG-0012:G007,M4-FUNG-0012:S001,evidenced_by
M4-FUNG-0012:G007,M4-FUNG-0012:S003,evidenced_by
M4-FUNG-0012:G008,M4-FUNG-0012:S001,evidenced_by
M4-FUNG-0012:G008,M4-FUNG-0012:S003,evidenced_by
M4-FUNG-0012:G009,M4-FUNG-0012:S001,evidenced_by
M4-FUNG-0012:G009,M4-FUNG-0012:S003,evidenced_by
M4-FUNG-0012:G010,M4-FUNG-0012:S001,evidenced_by
M4-FUNG-0012:G010,M4-FUNG-0012:S003,evidenced_by
M4-FUNG-0012:G010,M4-FUNG-0012:S007,evidenced_by
M4-FUNG-0012:G011,M4-FUNG-0012:S001,evidenced_by
M4-FUNG-0012:G011,M4-FUNG-0012:S003,evidenced_by
M4-FUNG-0013:G001,M4-FUNG-0013:S001,evidenced_by
M4-FUNG-0013:G001,M4-FUNG-0013:S002,evidenced_by
M4-FUNG-0013:G002,M4-FUNG-0013:S001,evidenced_by
M4-FUNG-0013:G002,M4-FUNG-0013:S002,evidenced_by
M4-FUNG-0013:G003,M4-FUNG-0013:S001,evidenced_by
M4-FUNG-0013:G003,M4-FUNG-0013:S002,evidenced_by
M4-FUNG-0013:G003,M4-FUNG-0013:S003,evidenced_by
M4-FUNG-0013:G004,M4-FUNG-0013:S001,evidenced_by
M4-FUNG-0013:G004,M4-FUNG-0013:S003,evidenced_by
M4-FUNG-0013:G005,M4-FUNG-0013:S001,evidenced_by
M4-FUNG-0013:G005,M4-FUNG-0013:S006,evidenced_by
M4-FUNG-0013:G006,M4-FUNG-0013:S001,evidenced_by
M4-FUNG-0013:G007,M4-FUNG-0013:S001,evidenced_by
M4-FUNG-0013:G007,M4-FUNG-0013:S006,evidenced_by
M4-FUNG-0013:G008,M4-FUNG-0013:S001,evidenced_by
M4-FUNG-0013:G009,M4-FUNG-0013:S001,evidenced_by
M4-FUNG-0013:G009,M4-FUNG-0013:S005,evidenced_by
M4-FUNG-0013:G010,M4-FUNG-0013:S001,evidenced_by
M4-FUNG-0013:G011,M4-FUNG-0013:S001,evidenced_by
M4-FUNG-0013:G011,M4-FUNG-0013:S003,evidenced_by
M4-FUNG-0013:G012,M4-FUNG-0013:S001,evidenced_by
M4-FUNG-0013:G012,M4-FUNG-0013:S004,evidenced_by
M4-FUNG-0013:G013,M4-FUNG-0013:S001,evidenced_by
M4-FUNG-0013:G013,M4-FUNG-0013:S004,evidenced_by
M4-FUNG-0013:G014,M4-FUNG-0013:S001,evidenced_by
M4-FUNG-0013:G015,M4-FUNG-0013:S001,evidenced_by
M4-FUNG-0013:G016,M4-FUNG-0013:S001,evidenced_by
M4-FUNG-0013:G017,M4-FUNG-0013:S001,evidenced_by
M4-FUNG-0013:G018,M4-FUNG-0013:S001,evidenced_by
M4-FUNG-0013:G019,M4-FUNG-0013:S001,evidenced_by
M4-FUNG-0013:G020,M4-FUNG-0013:S001,evidenced_by
M4-FUNG-0013:G021,M4-FUNG-0013:S001,evidenced_by
M4-FUNG-0013:G021,M4-FUNG-0013:S006,evidenced_by
M4-FUNG-0013:G022,M4-FUNG-0013:S001,evidenced_by
M4-FUNG-0013:G022,M4-FUNG-0013:S003,evidenced_by
M4-FUNG-0013:G023,M4-FUNG-0013:S001,evidenced_by
M4-FUNG-0013:G024,M4-FUNG-0013:S001,evidenced_by
M4-FUNG-0014:G001,M4-FUNG-0014:S001,evidenced_by
M4-FUNG-0014:G002,M4-FUNG-0014:S001,evidenced_by
M4-FUNG-0014:G002,M4-FUNG-0014:S003,evidenced_by
M4-FUNG-0014:G002,M4-FUNG-0014:S004,evidenced_by
M4-FUNG-0014:G003,M4-FUNG-0014:S001,evidenced_by
M4-FUNG-0014:G003,M4-FUNG-0014:S003,evidenced_by
M4-FUNG-0014:G003,M4-FUNG-0014:S005,evidenced_by
M4-FUNG-0014:G004,M4-FUNG-0014:S001,evidenced_by
M4-FUNG-0014:G004,M4-FUNG-0014:S003,evidenced_by
M4-FUNG-0014:G004,M4-FUNG-0014:S005,evidenced_by
M4-FUNG-0014:G005,M4-FUNG-0014:S001,evidenced_by
M4-FUNG-0014:G005,M4-FUNG-0014:S003,evidenced_by
M4-FUNG-0014:G006,M4-FUNG-0014:S001,evidenced_by
M4-FUNG-0014:G006,M4-FUNG-0014:S003,evidenced_by
M4-FUNG-0014:G007,M4-FUNG-0014:S001,evidenced_by
M4-FUNG-0014:G007,M4-FUNG-0014:S003,evidenced_by
M4-FUNG-0015:G001,M4-FUNG-0015:S003,evidenced_by
M4-FUNG-0015:G001,M4-FUNG-0015:S009,evidenced_by
M4-FUNG-0015:G002,M4-FUNG-0015:S001,evidenced_by
M4-FUNG-0015:G002,M4-FUNG-0015:S003,evidenced_by
M4-FUNG-0015:G002,M4-FUNG-0015:S004,evidenced_by
M4-FUNG-0015:G003,M4-FUNG-0015:S003,evidenced_by
M4-FUNG-0015:G003,M4-FUNG-0015:S009,evidenced_by
M4-FUNG-0015:G004,M4-FUNG-0015:S003,evidenced_by
M4-FUNG-0015:G004,M4-FUNG-0015:S010,evidenced_by
M4-FUNG-0015:G005,M4-FUNG-0015:S003,evidenced_by
M4-FUNG-0015:G005,M4-FUNG-0015:S007,evidenced_by
M4-FUNG-0015:G005,M4-FUNG-0015:S009,evidenced_by
M4-FUNG-0015:G006,M4-FUNG-0015:S003,evidenced_by
M4-FUNG-0015:G006,M4-FUNG-0015:S009,evidenced_by
M4-FUNG-0015:G007,M4-FUNG-0015:S003,evidenced_by
M4-FUNG-0015:G007,M4-FUNG-0015:S008,evidenced_by
M4-FUNG-0015:G008,M4-FUNG-0015:S003,evidenced_by
M4-FUNG-0016:G001,M4-FUNG-0016:S001,evidenced_by
M4-FUNG-0016:G001,M4-FUNG-0016:S005,evidenced_by
M4-FUNG-0016:G002,M4-FUNG-0016:S001,evidenced_by
M4-FUNG-0016:G002,M4-FUNG-0016:S005,evidenced_by
M4-FUNG-0016:G003,M4-FUNG-0016:S001,evidenced_by
M4-FUNG-0016:G003,M4-FUNG-0016:S005,evidenced_by
M4-FUNG-0016:G004,M4-FUNG-0016:S001,evidenced_by
M4-FUNG-0016:G004,M4-FUNG-0016:S003,evidenced_by
M4-FUNG-0016:G004,M4-FUNG-0016:S005,evidenced_by
M4-FUNG-0016:G005,M4-FUNG-0016:S001,evidenced_by
M4-FUNG-0016:G005,M4-FUNG-0016:S005,evidenced_by
M4-FUNG-0016:G006,M4-FUNG-0016:S001,evidenced_by
M4-FUNG-0016:G006,M4-FUNG-0016:S005,evidenced_by
M4-FUNG-0016:G007,M4-FUNG-0016:S001,evidenced_by
M4-FUNG-0016:G007,M4-FUNG-0016:S004,evidenced_by
M4-FUNG-0016:G008,M4-FUNG-0016:S001,evidenced_by
M4-FUNG-0016:G008,M4-FUNG-0016:S005,evidenced_by
M4-FUNG-0016:G009,M4-FUNG-0016:S001,evidenced_by
M4-FUNG-0016:G009,M4-FUNG-0016:S005,evidenced_by
M4-FUNG-0016:G009,M4-FUNG-0016:S006,evidenced_by
M4-FUNG-0017:G001,M4-FUNG-0017:S001,evidenced_by
M4-FUNG-0017:G001,M4-FUNG-0017:S003,evidenced_by
M4-FUNG-0017:G002,M4-FUNG-0017:S001,evidenced_by
M4-FUNG-0017:G002,M4-FUNG-0017:S003,evidenced_by
M4-FUNG-0017:G003,M4-FUNG-0017:S001,evidenced_by
M4-FUNG-0017:G003,M4-FUNG-0017:S003,evidenced_by
M4-FUNG-0017:G004,M4-FUNG-0017:S001,evidenced_by
M4-FUNG-0017:G004,M4-FUNG-0017:S003,evidenced_by
M4-FUNG-0017:G005,M4-FUNG-0017:S001,evidenced_by
M4-FUNG-0017:G005,M4-FUNG-0017:S003,evidenced_by
M4-FUNG-0017:G006,M4-FUNG-0017:S001,evidenced_by
M4-FUNG-0017:G006,M4-FUNG-0017:S003,evidenced_by
M4-FUNG-0017:G007,M4-FUNG-0017:S001,evidenced_by
M4-FUNG-0017:G007,M4-FUNG-0017:S003,evidenced_by
M4-FUNG-0017:G008,M4-FUNG-0017:S001,evidenced_by
M4-FUNG-0017:G008,M4-FUNG-0017:S003,evidenced_by
M4-FUNG-0018:G001,M4-FUNG-0018:S001,evidenced_by
M4-FUNG-0018:G001,M4-FUNG-0018:S003,evidenced_by
M4-FUNG-0018:G002,M4-FUNG-0018:S001,evidenced_by
M4-FUNG-0018:G002,M4-FUNG-0018:S003,evidenced_by
M4-FUNG-0018:G002,M4-FUNG-0018:S006,evidenced_by
M4-FUNG-0018:G003,M4-FUNG-0018:S001,evidenced_by
M4-FUNG-0018:G003,M4-FUNG-0018:S003,evidenced_by
M4-FUNG-0018:G003,M4-FUNG-0018:S006,evidenced_by
M4-FUNG-0018:G004,M4-FUNG-0018:S001,evidenced_by
M4-FUNG-0018:G004,M4-FUNG-0018:S003,evidenced_by
M4-FUNG-0018:G004,M4-FUNG-0018:S006,evidenced_by
M4-FUNG-0018:G005,M4-FUNG-0018:S001,evidenced_by
M4-FUNG-0018:G005,M4-FUNG-0018:S003,evidenced_by
M4-FUNG-0018:G005,M4-FUNG-0018:S006,evidenced_by
M4-FUNG-0018:G006,M4-FUNG-0018:S001,evidenced_by
M4-FUNG-0018:G006,M4-FUNG-0018:S003,evidenced_by
M4-FUNG-0019:G001,M4-FUNG-0019:S001,evidenced_by
M4-FUNG-0019:G002,M4-FUNG-0019:S001,evidenced_by
M4-FUNG-0019:G003,M4-FUNG-0019:S001,evidenced_by
M4-FUNG-0019:G004,M4-FUNG-0019:S001,evidenced_by
M4-FUNG-0019:G005,M4-FUNG-0019:S001,evidenced_by
M4-FUNG-0019:G006,M4-FUNG-0019:S001,evidenced_by
M4-FUNG-0019:G007,M4-FUNG-0019:S001,evidenced_by
M4-FUNG-0019:G008,M4-FUNG-0019:S001,evidenced_by
M4-FUNG-0019:G009,M4-FUNG-0019:S001,evidenced_by
M4-FUNG-0019:G010,M4-FUNG-0019:S001,evidenced_by
M4-FUNG-0019:G011,M4-FUNG-0019:S001,evidenced_by
M4-FUNG-0019:G011,M4-FUNG-0019:S002,evidenced_by
M4-FUNG-0019:G012,M4-FUNG-0019:S001,evidenced_by
M4-FUNG-0019:G012,M4-FUNG-0019:S002,evidenced_by
M4-FUNG-0019:G013,M4-FUNG-0019:S001,evidenced_by
M4-FUNG-0019:G013,M4-FUNG-0019:S002,evidenced_by
M4-FUNG-0019:G014,M4-FUNG-0019:S001,evidenced_by
M4-FUNG-0019:G014,M4-FUNG-0019:S002,evidenced_by
M4-FUNG-0019:G015,M4-FUNG-0019:S001,evidenced_by
M4-FUNG-0019:G015,M4-FUNG-0019:S002,evidenced_by
M4-FUNG-0019:G016,M4-FUNG-0019:S001,evidenced_by
M4-FUNG-0019:G017,M4-FUNG-0019:S001,evidenced_by
M4-FUNG-0019:G018,M4-FUNG-0019:S001,evidenced_by
M4-FUNG-0019:G019,M4-FUNG-0019:S001,evidenced_by
M4-FUNG-0019:G020,M4-FUNG-0019:S001,evidenced_by
M4-FUNG-0019:G021,M4-FUNG-0019:S003,evidenced_by
M4-FUNG-0019:G021,M4-FUNG-0019:S006,evidenced_by
M4-FUNG-0019:G022,M4-FUNG-0019:S003,evidenced_by
M4-FUNG-0019:G022,M4-FUNG-0019:S011,evidenced_by
M4-FUNG-0019:G023,M4-FUNG-0019:S006,evidenced_by
M4-FUNG-0019:G024,M4-FUNG-0019:S007,evidenced_by
M4-FUNG-0019:G024,M4-FUNG-0019:S014,evidenced_by
M4-FUNG-0019:G025,M4-FUNG-0019:S006,evidenced_by
M4-FUNG-0019:G026,M4-FUNG-0019:S006,evidenced_by
M4-FUNG-0019:G027,M4-FUNG-0019:S006,evidenced_by
M4-FUNG-0019:G028,M4-FUNG-0019:S006,evidenced_by
M4-FUNG-0019:G028,M4-FUNG-0019:S008,evidenced_by
M4-FUNG-0019:G029,M4-FUNG-0019:S006,evidenced_by
M4-FUNG-0019:G029,M4-FUNG-0019:S008,evidenced_by
M4-FUNG-0019:G030,M4-FUNG-0019:S006,evidenced_by
M4-FUNG-0019:G031,M4-FUNG-0019:S004,evidenced_by
M4-FUNG-0019:G031,M4-FUNG-0019:S008,evidenced_by
M4-FUNG-0019:G032,M4-FUNG-0019:S006,evidenced_by
M4-FUNG-0019:G033,M4-FUNG-0019:S006,evidenced_by
M4-FUNG-0019:G034,M4-FUNG-0019:S006,evidenced_by
M4-FUNG-0019:G035,M4-FUNG-0019:S007,evidenced_by
M4-FUNG-0020:G001,M4-FUNG-0020:S001,evidenced_by
M4-FUNG-0020:G001,M4-FUNG-0020:S003,evidenced_by
M4-FUNG-0020:G002,M4-FUNG-0020:S001,evidenced_by
M4-FUNG-0020:G002,M4-FUNG-0020:S003,evidenced_by
M4-FUNG-0020:G003,M4-FUNG-0020:S001,evidenced_by
M4-FUNG-0020:G003,M4-FUNG-0020:S003,evidenced_by
M4-FUNG-0020:G003,M4-FUNG-0020:S004,evidenced_by
M4-FUNG-0020:G003,M4-FUNG-0020:S005,evidenced_by
M4-FUNG-0020:G004,M4-FUNG-0020:S001,evidenced_by
M4-FUNG-0020:G004,M4-FUNG-0020:S003,evidenced_by
M4-FUNG-0020:G005,M4-FUNG-0020:S001,evidenced_by
M4-FUNG-0020:G005,M4-FUNG-0020:S003,evidenced_by
M4-FUNG-0020:G006,M4-FUNG-0020:S001,evidenced_by
M4-FUNG-0020:G006,M4-FUNG-0020:S003,evidenced_by
M4-FUNG-0020:G007,M4-FUNG-0020:S001,evidenced_by
M4-FUNG-0020:G007,M4-FUNG-0020:S003,evidenced_by
M4-FUNG-0020:G007,M4-FUNG-0020:S007,evidenced_by
M4-FUNG-0020:G008,M4-FUNG-0020:S001,evidenced_by
M4-FUNG-0020:G008,M4-FUNG-0020:S003,evidenced_by
M4-FUNG-0020:G008,M4-FUNG-0020:S007,evidenced_by
M4-FUNG-0020:G009,M4-FUNG-0020:S001,evidenced_by
M4-FUNG-0020:G009,M4-FUNG-0020:S003,evidenced_by
M4-FUNG-0020:G009,M4-FUNG-0020:S005,evidenced_by
M4-FUNG-0020:G010,M4-FUNG-0020:S001,evidenced_by
M4-FUNG-0020:G010,M4-FUNG-0020:S003,evidenced_by
M4-FUNG-0020:G011,M4-FUNG-0020:S005,evidenced_by
M4-FUNG-0020:G011,M4-FUNG-0020:S009,evidenced_by
M4-FUNG-0020:G012,M4-FUNG-0020:S006,evidenced_by
M4-FUNG-0020:G012,M4-FUNG-0020:S007,evidenced_by
M4-FUNG-0020:G013,M4-FUNG-0020:S006,evidenced_by
M4-FUNG-0020:G014,M4-FUNG-0020:S007,evidenced_by
M4-FUNG-0020:G015,M4-FUNG-0020:S007,evidenced_by
M4-FUNG-0021:G001,M4-FUNG-0021:S001,evidenced_by
M4-FUNG-0021:G001,M4-FUNG-0021:S005,evidenced_by
M4-FUNG-0021:G002,M4-FUNG-0021:S001,evidenced_by
M4-FUNG-0021:G002,M4-FUNG-0021:S003,evidenced_by
M4-FUNG-0021:G002,M4-FUNG-0021:S004,evidenced_by
M4-FUNG-0021:G002,M4-FUNG-0021:S006,evidenced_by
M4-FUNG-0021:G003,M4-FUNG-0021:S001,evidenced_by
M4-FUNG-0021:G003,M4-FUNG-0021:S006,evidenced_by
M4-FUNG-0021:G003,M4-FUNG-0021:S017,evidenced_by
M4-FUNG-0021:G004,M4-FUNG-0021:S001,evidenced_by
M4-FUNG-0021:G004,M4-FUNG-0021:S007,evidenced_by
M4-FUNG-0021:G005,M4-FUNG-0021:S001,evidenced_by
M4-FUNG-0021:G005,M4-FUNG-0021:S006,evidenced_by
M4-FUNG-0021:G005,M4-FUNG-0021:S019,evidenced_by
M4-FUNG-0021:G006,M4-FUNG-0021:S001,evidenced_by
M4-FUNG-0021:G006,M4-FUNG-0021:S020,evidenced_by
M4-FUNG-0021:G007,M4-FUNG-0021:S001,evidenced_by
M4-FUNG-0021:G007,M4-FUNG-0021:S007,evidenced_by
M4-FUNG-0021:G008,M4-FUNG-0021:S001,evidenced_by
M4-FUNG-0021:G008,M4-FUNG-0021:S007,evidenced_by
M4-FUNG-0021:G008,M4-FUNG-0021:S008,evidenced_by
M4-FUNG-0021:G009,M4-FUNG-0021:S001,evidenced_by
M4-FUNG-0021:G009,M4-FUNG-0021:S012,evidenced_by
M4-FUNG-0021:G009,M4-FUNG-0021:S019,evidenced_by
M4-FUNG-0021:G010,M4-FUNG-0021:S001,evidenced_by
M4-FUNG-0021:G010,M4-FUNG-0021:S018,evidenced_by
M4-FUNG-0021:G011,M4-FUNG-0021:S001,evidenced_by
M4-FUNG-0021:G011,M4-FUNG-0021:S007,evidenced_by
M4-FUNG-0021:G011,M4-FUNG-0021:S021,evidenced_by
M4-FUNG-0021:G012,M4-FUNG-0021:S001,evidenced_by
M4-FUNG-0021:G012,M4-FUNG-0021:S009,evidenced_by
M4-FUNG-0021:G013,M4-FUNG-0021:S001,evidenced_by
M4-FUNG-0021:G013,M4-FUNG-0021:S007,evidenced_by
M4-FUNG-0021:G013,M4-FUNG-0021:S009,evidenced_by
M4-FUNG-0021:G014,M4-FUNG-0021:S001,evidenced_by
M4-FUNG-0021:G014,M4-FUNG-0021:S008,evidenced_by
M4-FUNG-0021:G015,M4-FUNG-0021:S001,evidenced_by
M4-FUNG-0021:G015,M4-FUNG-0021:S008,evidenced_by
M4-FUNG-0021:G016,M4-FUNG-0021:S001,evidenced_by
M4-FUNG-0021:G016,M4-FUNG-0021:S008,evidenced_by
M4-FUNG-0022:G001,M4-FUNG-0022:S001,evidenced_by
M4-FUNG-0022:G001,M4-FUNG-0022:S004,evidenced_by
M4-FUNG-0022:G002,M4-FUNG-0022:S001,evidenced_by
M4-FUNG-0022:G002,M4-FUNG-0022:S004,evidenced_by
M4-FUNG-0022:G003,M4-FUNG-0022:S001,evidenced_by
M4-FUNG-0022:G003,M4-FUNG-0022:S004,evidenced_by
M4-FUNG-0022:G004,M4-FUNG-0022:S001,evidenced_by
M4-FUNG-0022:G004,M4-FUNG-0022:S004,evidenced_by
M4-FUNG-0022:G005,M4-FUNG-0022:S001,evidenced_by
M4-FUNG-0022:G005,M4-FUNG-0022:S003,evidenced_by
M4-FUNG-0022:G005,M4-FUNG-0022:S004,evidenced_by
M4-FUNG-0022:G006,M4-FUNG-0022:S001,evidenced_by
M4-FUNG-0022:G006,M4-FUNG-0022:S004,evidenced_by
M4-FUNG-0022:G007,M4-FUNG-0022:S001,evidenced_by
M4-FUNG-0022:G007,M4-FUNG-0022:S004,evidenced_by
M4-FUNG-0022:G008,M4-FUNG-0022:S001,evidenced_by
M4-FUNG-0022:G008,M4-FUNG-0022:S004,evidenced_by
M4-FUNG-0022:G009,M4-FUNG-0022:S001,evidenced_by
M4-FUNG-0022:G009,M4-FUNG-0022:S004,evidenced_by
M4-FUNG-0022:G010,M4-FUNG-0022:S001,evidenced_by
M4-FUNG-0022:G010,M4-FUNG-0022:S004,evidenced_by
M4-FUNG-0022:G011,M4-FUNG-0022:S001,evidenced_by
M4-FUNG-0022:G011,M4-FUNG-0022:S004,evidenced_by
M4-FUNG-0022:G012,M4-FUNG-0022:S001,evidenced_by
M4-FUNG-0022:G012,M4-FUNG-0022:S004,evidenced_by
M4-FUNG-0022:G013,M4-FUNG-0022:S001,evidenced_by
M4-FUNG-0022:G013,M4-FUNG-0022:S004,evidenced_by
M4-FUNG-0022:G014,M4-FUNG-0022:S001,evidenced_by
M4-FUNG-0022:G014,M4-FUNG-0022:S004,evidenced_by
M4-FUNG-0022:G015,M4-FUNG-0022:S001,evidenced_by
M4-FUNG-0022:G015,M4-FUNG-0022:S004,evidenced_by
M4-FUNG-0022:G016,M4-FUNG-0022:S001,evidenced_by
M4-FUNG-0022:G016,M4-FUNG-0022:S004,evidenced_by
M4-FUNG-0022:G017,M4-FUNG-0022:S001,evidenced_by
M4-FUNG-0022:G017,M4-FUNG-0022:S006,evidenced_by
M4-FUNG-0023:G001,M4-FUNG-0023:S001,evidenced_by
M4-FUNG-0023:G001,M4-FUNG-0023:S002,evidenced_by
M4-FUNG-0023:G002,M4-FUNG-0023:S007,evidenced_by
M4-FUNG-0023:G003,M4-FUNG-0023:S003,evidenced_by
M4-FUNG-0023:G003,M4-FUNG-0023:S005,evidenced_by
M4-FUNG-0023:G004,M4-FUNG-0023:S003,evidenced_by
M4-FUNG-0023:G004,M4-FUNG-0023:S005,evidenced_by
M4-FUNG-0023:G005,M4-FUNG-0023:S003,evidenced_by
M4-FUNG-0023:G005,M4-FUNG-0023:S005,evidenced_by
M4-FUNG-0023:G006,M4-FUNG-0023:S003,evidenced_by
M4-FUNG-0023:G006,M4-FUNG-0023:S005,evidenced_by
M4-FUNG-0023:G007,M4-FUNG-0023:S003,evidenced_by
M4-FUNG-0023:G007,M4-FUNG-0023:S005,evidenced_by
M4-FUNG-0023:G008,M4-FUNG-0023:S003,evidenced_by
M4-FUNG-0023:G008,M4-FUNG-0023:S005,evidenced_by
M4-FUNG-0023:G009,M4-FUNG-0023:S003,evidenced_by
M4-FUNG-0023:G009,M4-FUNG-0023:S005,evidenced_by
M4-FUNG-0023:G010,M4-FUNG-0023:S003,evidenced_by
M4-FUNG-0023:G010,M4-FUNG-0023:S005,evidenced_by
M4-FUNG-0023:G011,M4-FUNG-0023:S015,evidenced_by
M4-FUNG-0024:G001,M4-FUNG-0024:S001,evidenced_by
M4-FUNG-0024:G002,M4-FUNG-0024:S001,evidenced_by
M4-FUNG-0024:G003,M4-FUNG-0024:S001,evidenced_by
M4-FUNG-0024:G004,M4-FUNG-0024:S001,evidenced_by
M4-FUNG-0024:G005,M4-FUNG-0024:S001,evidenced_by
M4-FUNG-0024:G005,M4-FUNG-0024:S003,evidenced_by
M4-FUNG-0024:G006,M4-FUNG-0024:S001,evidenced_by
M4-FUNG-0024:G006,M4-FUNG-0024:S004,evidenced_by
M4-FUNG-0024:G007,M4-FUNG-0024:S001,evidenced_by
M4-FUNG-0024:G007,M4-FUNG-0024:S003,evidenced_by
M4-FUNG-0024:G008,M4-FUNG-0024:S001,evidenced_by
M4-FUNG-0024:G008,M4-FUNG-0024:S003,evidenced_by
M4-FUNG-0024:G009,M4-FUNG-0024:S001,evidenced_by
M4-FUNG-0024:G009,M4-FUNG-0024:S003,evidenced_by
M4-FUNG-0024:G009,M4-FUNG-0024:S004,evidenced_by
M4-FUNG-0024:G010,M4-FUNG-0024:S001,evidenced_by
M4-FUNG-0024:G010,M4-FUNG-0024:S003,evidenced_by
M4-FUNG-0024:G010,M4-FUNG-0024:S004,evidenced_by
M4-FUNG-0024:G011,M4-FUNG-0024:S001,evidenced_by
M4-FUNG-0024:G011,M4-FUNG-0024:S004,evidenced_by
M4-FUNG-0024:G012,M4-FUNG-0024:S001,evidenced_by
M4-FUNG-0024:G012,M4-FUNG-0024:S004,evidenced_by
M4-FUNG-0024:G013,M4-FUNG-0024:S001,evidenced_by
M4-FUNG-0024:G013,M4-FUNG-0024:S004,evidenced_by
M4-FUNG-0024:G014,M4-FUNG-0024:S001,evidenced_by
M4-FUNG-0024:G014,M4-FUNG-0024:S004,evidenced_by
M4-FUNG-0024:G015,M4-FUNG-0024:S001,evidenced_by
M4-FUNG-0024:G015,M4-FUNG-0024:S004,evidenced_by
M4-FUNG-0024:G015,M4-FUNG-0024:S008,evidenced_by
M4-FUNG-0024:G016,M4-FUNG-0024:S001,evidenced_by
M4-FUNG-0024:G016,M4-FUNG-0024:S003,evidenced_by
M4-FUNG-0024:G016,M4-FUNG-0024:S005,evidenced_by
M4-FUNG-0024:G017,M4-FUNG-0024:S003,evidenced_by
M4-FUNG-0024:G017,M4-FUNG-0024:S004,evidenced_by
M4-FUNG-0024:G018,M4-FUNG-0024:S001,evidenced_by
M4-FUNG-0024:G019,M4-FUNG-0024:S001,evidenced_by
M4-FUNG-0024:G020,M4-FUNG-0024:S001,evidenced_by
M4-FUNG-0024:G021,M4-FUNG-0024:S001,evidenced_by
M4-FUNG-0025:G001,M4-FUNG-0025:S001,evidenced_by
M4-FUNG-0025:G001,M4-FUNG-0025:S003,evidenced_by
M4-FUNG-0025:G002,M4-FUNG-0025:S001,evidenced_by
M4-FUNG-0025:G002,M4-FUNG-0025:S003,evidenced_by
M4-FUNG-0025:G003,M4-FUNG-0025:S001,evidenced_by
M4-FUNG-0025:G003,M4-FUNG-0025:S003,evidenced_by
M4-FUNG-0025:G004,M4-FUNG-0025:S001,evidenced_by
M4-FUNG-0025:G004,M4-FUNG-0025:S003,evidenced_by
M4-FUNG-0025:G005,M4-FUNG-0025:S001,evidenced_by
M4-FUNG-0025:G005,M4-FUNG-0025:S003,evidenced_by
M4-FUNG-0025:G006,M4-FUNG-0025:S001,evidenced_by
M4-FUNG-0025:G006,M4-FUNG-0025:S003,evidenced_by
M4-FUNG-0025:G007,M4-FUNG-0025:S001,evidenced_by
M4-FUNG-0025:G007,M4-FUNG-0025:S003,evidenced_by
M4-FUNG-0025:G008,M4-FUNG-0025:S001,evidenced_by
M4-FUNG-0025:G008,M4-FUNG-0025:S003,evidenced_by
M4-FUNG-0025:G009,M4-FUNG-0025:S001,evidenced_by
M4-FUNG-0025:G009,M4-FUNG-0025:S003,evidenced_by
M4-FUNG-0026:G001,M4-FUNG-0026:S001,evidenced_by
M4-FUNG-0026:G001,M4-FUNG-0026:S003,evidenced_by
M4-FUNG-0026:G002,M4-FUNG-0026:S001,evidenced_by
M4-FUNG-0026:G002,M4-FUNG-0026:S003,evidenced_by
M4-FUNG-0026:G003,M4-FUNG-0026:S001,evidenced_by
M4-FUNG-0026:G003,M4-FUNG-0026:S003,evidenced_by
M4-FUNG-0026:G004,M4-FUNG-0026:S001,evidenced_by
M4-FUNG-0026:G004,M4-FUNG-0026:S003,evidenced_by
M4-FUNG-0026:G005,M4-FUNG-0026:S001,evidenced_by
M4-FUNG-0026:G005,M4-FUNG-0026:S003,evidenced_by
M4-FUNG-0026:G006,M4-FUNG-0026:S001,evidenced_by
M4-FUNG-0026:G006,M4-FUNG-0026:S003,evidenced_by
M4-FUNG-0026:G007,M4-FUNG-0026:S001,evidenced_by
M4-FUNG-0026:G007,M4-FUNG-0026:S003,evidenced_by
M4-FUNG-0026:G008,M4-FUNG-0026:S001,evidenced_by
M4-FUNG-0026:G008,M4-FUNG-0026:S003,evidenced_by
M4-FUNG-0026:G009,M4-FUNG-0026:S001,evidenced_by
M4-FUNG-0026:G009,M4-FUNG-0026:S003,evidenced_by
M4-FUNG-0026:G010,M4-FUNG-0026:S001,evidenced_by
M4-FUNG-0026:G010,M4-FUNG-0026:S002,evidenced_by
M4-FUNG-0027:G001,M4-FUNG-0027:S001,evidenced_by
M4-FUNG-0027:G001,M4-FUNG-0027:S002,evidenced_by
M4-FUNG-0027:G002,M4-FUNG-0027:S001,evidenced_by
M4-FUNG-0027:G002,M4-FUNG-0027:S014,evidenced_by
M4-FUNG-0027:G003,M4-FUNG-0027:S001,evidenced_by
M4-FUNG-0027:G003,M4-FUNG-0027:S006,evidenced_by
M4-FUNG-0027:G004,M4-FUNG-0027:S001,evidenced_by
M4-FUNG-0027:G005,M4-FUNG-0027:S001,evidenced_by
M4-FUNG-0027:G005,M4-FUNG-0027:S003,evidenced_by
M4-FUNG-0027:G005,M4-FUNG-0027:S005,evidenced_by
M4-FUNG-0027:G006,M4-FUNG-0027:S001,evidenced_by
M4-FUNG-0027:G006,M4-FUNG-0027:S008,evidenced_by
M4-FUNG-0027:G007,M4-FUNG-0027:S001,evidenced_by
M4-FUNG-0027:G007,M4-FUNG-0027:S014,evidenced_by
M4-FUNG-0027:G008,M4-FUNG-0027:S001,evidenced_by
M4-FUNG-0027:G008,M4-FUNG-0027:S013,evidenced_by
M4-FUNG-0027:G009,M4-FUNG-0027:S001,evidenced_by
M4-FUNG-0027:G009,M4-FUNG-0027:S014,evidenced_by
M4-FUNG-0027:G010,M4-FUNG-0027:S001,evidenced_by
M4-FUNG-0027:G010,M4-FUNG-0027:S003,evidenced_by
M4-FUNG-0027:G010,M4-FUNG-0027:S008,evidenced_by
M4-FUNG-0027:G011,M4-FUNG-0027:S001,evidenced_by
M4-FUNG-0027:G012,M4-FUNG-0027:S001,evidenced_by
M4-FUNG-0027:G012,M4-FUNG-0027:S014,evidenced_by
M4-FUNG-0027:G013,M4-FUNG-0027:S001,evidenced_by
M4-FUNG-0027:G013,M4-FUNG-0027:S014,evidenced_by
M4-FUNG-0027:G014,M4-FUNG-0027:S001,evidenced_by
M4-FUNG-0027:G014,M4-FUNG-0027:S014,evidenced_by
M4-FUNG-0027:G015,M4-FUNG-0027:S001,evidenced_by
M4-FUNG-0027:G015,M4-FUNG-0027:S014,evidenced_by
M4-FUNG-0027:G016,M4-FUNG-0027:S001,evidenced_by
M4-FUNG-0027:G017,M4-FUNG-0027:S001,evidenced_by
M4-FUNG-0027:G017,M4-FUNG-0027:S014,evidenced_by
M4-FUNG-0027:G018,M4-FUNG-0027:S003,evidenced_by
M4-FUNG-0027:G018,M4-FUNG-0027:S005,evidenced_by
M4-FUNG-0027:G018,M4-FUNG-0027:S011,evidenced_by
M4-FUNG-0027:G019,M4-FUNG-0027:S007,evidenced_by
M4-FUNG-0029:G001,M4-FUNG-0029:S001,evidenced_by
M4-FUNG-0029:G001,M4-FUNG-0029:S004,evidenced_by
M4-FUNG-0029:G002,M4-FUNG-0029:S001,evidenced_by
M4-FUNG-0029:G002,M4-FUNG-0029:S008,evidenced_by
M4-FUNG-0029:G003,M4-FUNG-0029:S001,evidenced_by
M4-FUNG-0029:G003,M4-FUNG-0029:S005,evidenced_by
M4-FUNG-0029:G004,M4-FUNG-0029:S001,evidenced_by
M4-FUNG-0029:G004,M4-FUNG-0029:S003,evidenced_by
M4-FUNG-0029:G005,M4-FUNG-0029:S001,evidenced_by
M4-FUNG-0029:G005,M4-FUNG-0029:S003,evidenced_by
M4-FUNG-0029:G005,M4-FUNG-0029:S011,evidenced_by
M4-FUNG-0029:G006,M4-FUNG-0029:S001,evidenced_by
M4-FUNG-0029:G006,M4-FUNG-0029:S009,evidenced_by
M4-FUNG-0029:G007,M4-FUNG-0029:S001,evidenced_by
M4-FUNG-0029:G007,M4-FUNG-0029:S006,evidenced_by
M4-FUNG-0029:G007,M4-FUNG-0029:S012,evidenced_by
M4-FUNG-0029:G008,M4-FUNG-0029:S001,evidenced_by
M4-FUNG-0029:G008,M4-FUNG-0029:S003,evidenced_by
M4-FUNG-0029:G008,M4-FUNG-0029:S009,evidenced_by
M4-FUNG-0029:G009,M4-FUNG-0029:S001,evidenced_by
M4-FUNG-0029:G009,M4-FUNG-0029:S003,evidenced_by
M4-FUNG-0029:G009,M4-FUNG-0029:S012,evidenced_by
M4-FUNG-0030:G001,M4-FUNG-0030:S001,evidenced_by
M4-FUNG-0030:G001,M4-FUNG-0030:S003,evidenced_by
M4-FUNG-0030:G002,M4-FUNG-0030:S003,evidenced_by
M4-FUNG-0030:G003,M4-FUNG-0030:S003,evidenced_by
M4-FUNG-0030:G004,M4-FUNG-0030:S003,evidenced_by
M4-FUNG-0030:G005,M4-FUNG-0030:S003,evidenced_by
M4-FUNG-0031:G001,M4-FUNG-0031:S001,evidenced_by
M4-FUNG-0031:G001,M4-FUNG-0031:S003,evidenced_by
M4-FUNG-0031:G001,M4-FUNG-0031:S006,evidenced_by
M4-FUNG-0031:G002,M4-FUNG-0031:S001,evidenced_by
M4-FUNG-0031:G002,M4-FUNG-0031:S003,evidenced_by
M4-FUNG-0031:G002,M4-FUNG-0031:S006,evidenced_by
M4-FUNG-0031:G003,M4-FUNG-0031:S001,evidenced_by
M4-FUNG-0031:G003,M4-FUNG-0031:S003,evidenced_by
M4-FUNG-0031:G004,M4-FUNG-0031:S001,evidenced_by
M4-FUNG-0031:G004,M4-FUNG-0031:S003,evidenced_by
M4-FUNG-0031:G005,M4-FUNG-0031:S001,evidenced_by
M4-FUNG-0031:G005,M4-FUNG-0031:S003,evidenced_by
M4-FUNG-0031:G005,M4-FUNG-0031:S006,evidenced_by
M4-FUNG-0031:G006,M4-FUNG-0031:S001,evidenced_by
M4-FUNG-0031:G006,M4-FUNG-0031:S003,evidenced_by
M4-FUNG-0031:G006,M4-FUNG-0031:S006,evidenced_by
M4-FUNG-0031:G007,M4-FUNG-0031:S001,evidenced_by
M4-FUNG-0031:G007,M4-FUNG-0031:S003,evidenced_by
M4-FUNG-0031:G007,M4-FUNG-0031:S006,evidenced_by
M4-FUNG-0031:G008,M4-FUNG-0031:S001,evidenced_by
M4-FUNG-0031:G008,M4-FUNG-0031:S003,evidenced_by
M4-FUNG-0031:G009,M4-FUNG-0031:S001,evidenced_by
M4-FUNG-0031:G009,M4-FUNG-0031:S004,evidenced_by
M4-FUNG-0031:G010,M4-FUNG-0031:S001,evidenced_by
M4-FUNG-0031:G010,M4-FUNG-0031:S003,evidenced_by
M4-FUNG-0031:G010,M4-FUNG-0031:S007,evidenced_by
M4-FUNG-0031:G011,M4-FUNG-0031:S001,evidenced_by
M4-FUNG-0031:G011,M4-FUNG-0031:S003,evidenced_by
M4-FUNG-0031:G012,M4-FUNG-0031:S001,evidenced_by
M4-FUNG-0031:G012,M4-FUNG-0031:S003,evidenced_by
M4-FUNG-0031:G013,M4-FUNG-0031:S004,evidenced_by
M4-FUNG-0031:G014,M4-FUNG-0031:S004,evidenced_by
M4-FUNG-0031:G014,M4-FUNG-0031:S008,evidenced_by
M4-FUNG-0031:G015,M4-FUNG-0031:S004,evidenced_by
M4-FUNG-0031:G016,M4-FUNG-0031:S004,evidenced_by
M4-FUNG-0032:G001,M4-FUNG-0032:S001,evidenced_by
M4-FUNG-0032:G001,M4-FUNG-0032:S006,evidenced_by
M4-FUNG-0032:G002,M4-FUNG-0032:S001,evidenced_by
M4-FUNG-0032:G002,M4-FUNG-0032:S006,evidenced_by
M4-FUNG-0032:G003,M4-FUNG-0032:S001,evidenced_by
M4-FUNG-0032:G003,M4-FUNG-0032:S003,evidenced_by
M4-FUNG-0032:G004,M4-FUNG-0032:S001,evidenced_by
M4-FUNG-0032:G004,M4-FUNG-0032:S004,evidenced_by
M4-FUNG-0032:G005,M4-FUNG-0032:S001,evidenced_by
M4-FUNG-0032:G005,M4-FUNG-0032:S004,evidenced_by
M4-FUNG-0032:G006,M4-FUNG-0032:S001,evidenced_by
M4-FUNG-0032:G006,M4-FUNG-0032:S005,evidenced_by
M4-FUNG-0032:G007,M4-FUNG-0032:S001,evidenced_by
M4-FUNG-0032:G007,M4-FUNG-0032:S008,evidenced_by
M4-FUNG-0032:G007,M4-FUNG-0032:S009,evidenced_by
M4-FUNG-0032:G008,M4-FUNG-0032:S001,evidenced_by
M4-FUNG-0032:G008,M4-FUNG-0032:S006,evidenced_by
M4-FUNG-0032:G008,M4-FUNG-0032:S007,evidenced_by
M4-FUNG-0032:G009,M4-FUNG-0032:S006,evidenced_by
M4-FUNG-0033:G001,M4-FUNG-0033:S001,evidenced_by
M4-FUNG-0033:G001,M4-FUNG-0033:S003,evidenced_by
M4-FUNG-0033:G001,M4-FUNG-0033:S004,evidenced_by
M4-FUNG-0033:G002,M4-FUNG-0033:S005,evidenced_by
M4-FUNG-0033:G002,M4-FUNG-0033:S006,evidenced_by
M4-FUNG-0033:G003,M4-FUNG-0033:S008,evidenced_by
M4-FUNG-0033:G004,M4-FUNG-0033:S008,evidenced_by
M4-FUNG-0033:G005,M4-FUNG-0033:S006,evidenced_by
M4-FUNG-0034:G001,M4-FUNG-0034:S001,evidenced_by
M4-FUNG-0034:G001,M4-FUNG-0034:S005,evidenced_by
M4-FUNG-0034:G001,M4-FUNG-0034:S006,evidenced_by
M4-FUNG-0034:G002,M4-FUNG-0034:S001,evidenced_by
M4-FUNG-0034:G002,M4-FUNG-0034:S005,evidenced_by
M4-FUNG-0034:G003,M4-FUNG-0034:S006,evidenced_by
M4-FUNG-0034:G003,M4-FUNG-0034:S008,evidenced_by
M4-FUNG-0034:G004,M4-FUNG-0034:S001,evidenced_by
M4-FUNG-0034:G004,M4-FUNG-0034:S006,evidenced_by
M4-FUNG-0034:G004,M4-FUNG-0034:S009,evidenced_by
M4-FUNG-0034:G005,M4-FUNG-0034:S001,evidenced_by
M4-FUNG-0034:G005,M4-FUNG-0034:S006,evidenced_by
M4-FUNG-0034:G005,M4-FUNG-0034:S008,evidenced_by
M4-FUNG-0034:G006,M4-FUNG-0034:S001,evidenced_by
M4-FUNG-0034:G006,M4-FUNG-0034:S006,evidenced_by
M4-FUNG-0034:G007,M4-FUNG-0034:S001,evidenced_by
M4-FUNG-0034:G007,M4-FUNG-0034:S006,evidenced_by
M4-FUNG-0034:G008,M4-FUNG-0034:S001,evidenced_by
M4-FUNG-0034:G008,M4-FUNG-0034:S006,evidenced_by
M4-FUNG-0034:G009,M4-FUNG-0034:S001,evidenced_by
M4-FUNG-0034:G009,M4-FUNG-0034:S006,evidenced_by
M4-FUNG-0034:G010,M4-FUNG-0034:S001,evidenced_by
M4-FUNG-0034:G010,M4-FUNG-0034:S006,evidenced_by
M4-FUNG-0034:G011,M4-FUNG-0034:S001,evidenced_by
M4-FUNG-0034:G011,M4-FUNG-0034:S006,evidenced_by
M4-FUNG-0034:G011,M4-FUNG-0034:S008,evidenced_by
M4-FUNG-0034:G012,M4-FUNG-0034:S001,evidenced_by
M4-FUNG-0034:G012,M4-FUNG-0034:S004,evidenced_by
M4-FUNG-0034:G013,M4-FUNG-0034:S001,evidenced_by
M4-FUNG-0034:G013,M4-FUNG-0034:S005,evidenced_by
M4-FUNG-0034:G013,M4-FUNG-0034:S006,evidenced_by
M4-FUNG-0034:G014,M4-FUNG-0034:S001,evidenced_by
M4-FUNG-0034:G014,M4-FUNG-0034:S006,evidenced_by
M4-FUNG-0034:G014,M4-FUNG-0034:S008,evidenced_by
M4-FUNG-0034:G015,M4-FUNG-0034:S001,evidenced_by
M4-FUNG-0034:G015,M4-FUNG-0034:S006,evidenced_by
M4-FUNG-0035:G001,M4-FUNG-0035:S001,evidenced_by
M4-FUNG-0035:G001,M4-FUNG-0035:S003,evidenced_by
M4-FUNG-0035:G002,M4-FUNG-0035:S001,evidenced_by
M4-FUNG-0035:G002,M4-FUNG-0035:S005,evidenced_by
M4-FUNG-0035:G003,M4-FUNG-0035:S001,evidenced_by
M4-FUNG-0035:G003,M4-FUNG-0035:S005,evidenced_by
M4-FUNG-0035:G004,M4-FUNG-0035:S001,evidenced_by
M4-FUNG-0035:G004,M4-FUNG-0035:S005,evidenced_by
M4-FUNG-0035:G005,M4-FUNG-0035:S001,evidenced_by
M4-FUNG-0035:G005,M4-FUNG-0035:S003,evidenced_by
M4-FUNG-0035:G005,M4-FUNG-0035:S006,evidenced_by
M4-FUNG-0035:G006,M4-FUNG-0035:S001,evidenced_by
M4-FUNG-0035:G006,M4-FUNG-0035:S005,evidenced_by
M4-FUNG-0035:G007,M4-FUNG-0035:S001,evidenced_by
M4-FUNG-0035:G008,M4-FUNG-0035:S001,evidenced_by
M4-FUNG-0035:G008,M4-FUNG-0035:S003,evidenced_by
M4-FUNG-0035:G008,M4-FUNG-0035:S014,evidenced_by
M4-FUNG-0035:G009,M4-FUNG-0035:S003,evidenced_by
M4-FUNG-0035:G009,M4-FUNG-0035:S015,evidenced_by
M4-FUNG-0035:G010,M4-FUNG-0035:S003,evidenced_by
M4-FUNG-0035:G010,M4-FUNG-0035:S015,evidenced_by
M4-FUNG-0035:G011,M4-FUNG-0035:S001,evidenced_by
M4-FUNG-0035:G011,M4-FUNG-0035:S005,evidenced_by
M4-FUNG-0035:G011,M4-FUNG-0035:S016,evidenced_by
M4-FUNG-0035:G012,M4-FUNG-0035:S001,evidenced_by
M4-FUNG-0035:G012,M4-FUNG-0035:S005,evidenced_by
M4-FUNG-0035:G013,M4-FUNG-0035:S001,evidenced_by
M4-FUNG-0035:G013,M4-FUNG-0035:S005,evidenced_by
M4-FUNG-0035:G014,M4-FUNG-0035:S001,evidenced_by
M4-FUNG-0035:G014,M4-FUNG-0035:S017,evidenced_by
M4-FUNG-0035:G015,M4-FUNG-0035:S002,evidenced_by
M4-FUNG-0035:G015,M4-FUNG-0035:S018,evidenced_by
M4-FUNG-0035:G016,M4-FUNG-0035:S001,evidenced_by
M4-FUNG-0035:G016,M4-FUNG-0035:S003,evidenced_by
M4-FUNG-0035:G016,M4-FUNG-0035:S006,evidenced_by
M4-FUNG-0035:G016,M4-FUNG-0035:S008,evidenced_by
M4-FUNG-0036:G001,M4-FUNG-0036:S001,evidenced_by
M4-FUNG-0036:G001,M4-FUNG-0036:S003,evidenced_by
M4-FUNG-0036:G002,M4-FUNG-0036:S001,evidenced_by
M4-FUNG-0036:G002,M4-FUNG-0036:S003,evidenced_by
M4-FUNG-0036:G002,M4-FUNG-0036:S008,evidenced_by
M4-FUNG-0036:G003,M4-FUNG-0036:S004,evidenced_by
M4-FUNG-0036:G004,M4-FUNG-0036:S004,evidenced_by
M4-FUNG-0036:G005,M4-FUNG-0036:S003,evidenced_by
M4-FUNG-0036:G006,M4-FUNG-0036:S003,evidenced_by
M4-FUNG-0036:G007,M4-FUNG-0036:S003,evidenced_by
M4-FUNG-0036:G008,M4-FUNG-0036:S005,evidenced_by
M4-FUNG-0036:G009,M4-FUNG-0036:S005,evidenced_by
M4-FUNG-0037:G001,M4-FUNG-0037:S001,evidenced_by
M4-FUNG-0037:G001,M4-FUNG-0037:S004,evidenced_by
M4-FUNG-0037:G002,M4-FUNG-0037:S001,evidenced_by
M4-FUNG-0037:G002,M4-FUNG-0037:S005,evidenced_by
M4-FUNG-0037:G002,M4-FUNG-0037:S006,evidenced_by
M4-FUNG-0037:G003,M4-FUNG-0037:S001,evidenced_by
M4-FUNG-0037:G003,M4-FUNG-0037:S003,evidenced_by
M4-FUNG-0037:G004,M4-FUNG-0037:S001,evidenced_by
M4-FUNG-0037:G004,M4-FUNG-0037:S006,evidenced_by
M4-FUNG-0037:G004,M4-FUNG-0037:S007,evidenced_by
M4-FUNG-0037:G005,M4-FUNG-0037:S001,evidenced_by
M4-FUNG-0037:G005,M4-FUNG-0037:S004,evidenced_by
M4-FUNG-0038:G001,M4-FUNG-0038:S001,evidenced_by
M4-FUNG-0038:G001,M4-FUNG-0038:S006,evidenced_by
M4-FUNG-0038:G001,M4-FUNG-0038:S007,evidenced_by
M4-FUNG-0038:G002,M4-FUNG-0038:S001,evidenced_by
M4-FUNG-0038:G002,M4-FUNG-0038:S003,evidenced_by
M4-FUNG-0038:G002,M4-FUNG-0038:S004,evidenced_by
M4-FUNG-0038:G002,M4-FUNG-0038:S007,evidenced_by
M4-FUNG-0038:G003,M4-FUNG-0038:S001,evidenced_by
M4-FUNG-0038:G003,M4-FUNG-0038:S005,evidenced_by
M4-FUNG-0038:G004,M4-FUNG-0038:S001,evidenced_by
M4-FUNG-0038:G004,M4-FUNG-0038:S003,evidenced_by
M4-FUNG-0038:G004,M4-FUNG-0038:S007,evidenced_by
M4-FUNG-0038:G005,M4-FUNG-0038:S001,evidenced_by
M4-FUNG-0038:G005,M4-FUNG-0038:S006,evidenced_by
M4-FUNG-0038:G005,M4-FUNG-0038:S007,evidenced_by
M4-FUNG-0038:G006,M4-FUNG-0038:S001,evidenced_by
M4-FUNG-0038:G006,M4-FUNG-0038:S003,evidenced_by
M4-FUNG-0038:G006,M4-FUNG-0038:S006,evidenced_by
M4-FUNG-0038:G006,M4-FUNG-0038:S007,evidenced_by
M4-FUNG-0039:G001,M4-FUNG-0039:S001,evidenced_by
M4-FUNG-0039:G001,M4-FUNG-0039:S005,evidenced_by
M4-FUNG-0039:G002,M4-FUNG-0039:S001,evidenced_by
M4-FUNG-0039:G002,M4-FUNG-0039:S010,evidenced_by
M4-FUNG-0039:G003,M4-FUNG-0039:S001,evidenced_by
M4-FUNG-0039:G003,M4-FUNG-0039:S003,evidenced_by
M4-FUNG-0039:G004,M4-FUNG-0039:S003,evidenced_by
M4-FUNG-0039:G004,M4-FUNG-0039:S007,evidenced_by
M4-FUNG-0039:G005,M4-FUNG-0039:S001,evidenced_by
M4-FUNG-0039:G005,M4-FUNG-0039:S007,evidenced_by
M4-FUNG-0039:G006,M4-FUNG-0039:S001,evidenced_by
M4-FUNG-0039:G006,M4-FUNG-0039:S006,evidenced_by
M4-FUNG-0039:G006,M4-FUNG-0039:S014,evidenced_by
M4-FUNG-0039:G007,M4-FUNG-0039:S001,evidenced_by
M4-FUNG-0039:G007,M4-FUNG-0039:S010,evidenced_by
M4-FUNG-0039:G008,M4-FUNG-0039:S007,evidenced_by
M4-FUNG-0039:G009,M4-FUNG-0039:S003,evidenced_by
M4-FUNG-0039:G009,M4-FUNG-0039:S007,evidenced_by
M4-FUNG-0039:G010,M4-FUNG-0039:S001,evidenced_by
M4-FUNG-0039:G010,M4-FUNG-0039:S007,evidenced_by
M4-FUNG-0039:G011,M4-FUNG-0039:S001,evidenced_by
M4-FUNG-0039:G011,M4-FUNG-0039:S015,evidenced_by
M4-FUNG-0039:G012,M4-FUNG-0039:S001,evidenced_by
M4-FUNG-0039:G012,M4-FUNG-0039:S015,evidenced_by
M4-FUNG-0039:G013,M4-FUNG-0039:S001,evidenced_by
M4-FUNG-0039:G013,M4-FUNG-0039:S016,evidenced_by
M4-FUNG-0039:G014,M4-FUNG-0039:S007,evidenced_by
M4-FUNG-0039:G015,M4-FUNG-0039:S007,evidenced_by
M4-FUNG-0039:G016,M4-FUNG-0039:S001,evidenced_by
M4-FUNG-0039:G016,M4-FUNG-0039:S007,evidenced_by
M4-FUNG-0039:G017,M4-FUNG-0039:S008,evidenced_by
M4-FUNG-0039:G018,M4-FUNG-0039:S001,evidenced_by
M4-FUNG-0039:G018,M4-FUNG-0039:S007,evidenced_by
M4-FUNG-0039:G019,M4-FUNG-0039:S007,evidenced_by
M4-FUNG-0039:G020,M4-FUNG-0039:S001,evidenced_by
M4-FUNG-0039:G020,M4-FUNG-0039:S004,evidenced_by
M4-FUNG-0039:G021,M4-FUNG-0039:S001,evidenced_by
M4-FUNG-0039:G021,M4-FUNG-0039:S003,evidenced_by
M4-FUNG-0039:G022,M4-FUNG-0039:S001,evidenced_by
M4-FUNG-0039:G022,M4-FUNG-0039:S004,evidenced_by
M4-FUNG-0039:G022,M4-FUNG-0039:S017,evidenced_by
M4-FUNG-0039:G023,M4-FUNG-0039:S001,evidenced_by
M4-FUNG-0039:G023,M4-FUNG-0039:S007,evidenced_by
M4-FUNG-0039:G024,M4-FUNG-0039:S001,evidenced_by
M4-FUNG-0039:G024,M4-FUNG-0039:S010,evidenced_by
M4-FUNG-0039:G025,M4-FUNG-0039:S003,evidenced_by
M4-FUNG-0039:G025,M4-FUNG-0039:S007,evidenced_by
M4-FUNG-0039:G025,M4-FUNG-0039:S019,evidenced_by
M4-FUNG-0040:G001,M4-FUNG-0040:S001,evidenced_by
M4-FUNG-0040:G001,M4-FUNG-0040:S004,evidenced_by
M4-FUNG-0040:G001,M4-FUNG-0040:S006,evidenced_by
M4-FUNG-0040:G002,M4-FUNG-0040:S001,evidenced_by
M4-FUNG-0040:G002,M4-FUNG-0040:S003,evidenced_by
M4-FUNG-0040:G002,M4-FUNG-0040:S004,evidenced_by
M4-FUNG-0040:G003,M4-FUNG-0040:S001,evidenced_by
M4-FUNG-0040:G003,M4-FUNG-0040:S003,evidenced_by
M4-FUNG-0040:G003,M4-FUNG-0040:S005,evidenced_by
M4-FUNG-0040:G004,M4-FUNG-0040:S001,evidenced_by
M4-FUNG-0040:G004,M4-FUNG-0040:S003,evidenced_by
M4-FUNG-0040:G005,M4-FUNG-0040:S001,evidenced_by
M4-FUNG-0040:G005,M4-FUNG-0040:S004,evidenced_by
M4-FUNG-0040:G005,M4-FUNG-0040:S006,evidenced_by
M4-FUNG-0040:G006,M4-FUNG-0040:S001,evidenced_by
M4-FUNG-0040:G007,M4-FUNG-0040:S001,evidenced_by
M4-FUNG-0040:G007,M4-FUNG-0040:S004,evidenced_by
M4-FUNG-0040:G007,M4-FUNG-0040:S006,evidenced_by
M4-FUNG-0040:G008,M4-FUNG-0040:S001,evidenced_by
M4-FUNG-0040:G008,M4-FUNG-0040:S004,evidenced_by
M4-FUNG-0040:G008,M4-FUNG-0040:S006,evidenced_by
M4-FUNG-0040:G009,M4-FUNG-0040:S001,evidenced_by
M4-FUNG-0040:G009,M4-FUNG-0040:S003,evidenced_by
M4-FUNG-0040:G009,M4-FUNG-0040:S007,evidenced_by
M4-FUNG-0040:G010,M4-FUNG-0040:S001,evidenced_by
M4-FUNG-0040:G010,M4-FUNG-0040:S006,evidenced_by
M4-FUNG-0040:G011,M4-FUNG-0040:S001,evidenced_by
M4-FUNG-0040:G011,M4-FUNG-0040:S004,evidenced_by
M4-FUNG-0040:G011,M4-FUNG-0040:S006,evidenced_by
M4-FUNG-0040:G012,M4-FUNG-0040:S001,evidenced_by
M4-FUNG-0040:G013,M4-FUNG-0040:S004,evidenced_by
M4-FUNG-0040:G013,M4-FUNG-0040:S006,evidenced_by
M4-FUNG-0041:G001,M4-FUNG-0041:S006,evidenced_by
M4-FUNG-0041:G001,M4-FUNG-0041:S010,evidenced_by
M4-FUNG-0041:G002,M4-FUNG-0041:S006,evidenced_by
M4-FUNG-0041:G002,M4-FUNG-0041:S010,evidenced_by
M4-FUNG-0041:G003,M4-FUNG-0041:S003,evidenced_by
M4-FUNG-0041:G003,M4-FUNG-0041:S010,evidenced_by
M4-FUNG-0041:G004,M4-FUNG-0041:S008,evidenced_by
M4-FUNG-0041:G004,M4-FUNG-0041:S009,evidenced_by
M4-FUNG-0041:G004,M4-FUNG-0041:S010,evidenced_by
M4-FUNG-0041:G005,M4-FUNG-0041:S005,evidenced_by
M4-FUNG-0041:G005,M4-FUNG-0041:S010,evidenced_by
M4-FUNG-0041:G006,M4-FUNG-0041:S006,evidenced_by
M4-FUNG-0041:G006,M4-FUNG-0041:S010,evidenced_by
M4-FUNG-0041:G007,M4-FUNG-0041:S006,evidenced_by
M4-FUNG-0041:G007,M4-FUNG-0041:S010,evidenced_by
M4-FUNG-0041:G008,M4-FUNG-0041:S006,evidenced_by
M4-FUNG-0041:G008,M4-FUNG-0041:S010,evidenced_by
M4-FUNG-0041:G009,M4-FUNG-0041:S004,evidenced_by
M4-FUNG-0041:G009,M4-FUNG-0041:S006,evidenced_by
M4-FUNG-0041:G009,M4-FUNG-0041:S010,evidenced_by
M4-FUNG-0041:G010,M4-FUNG-0041:S004,evidenced_by
M4-FUNG-0041:G010,M4-FUNG-0041:S010,evidenced_by
M4-FUNG-0042:G001,M4-FUNG-0042:S001,evidenced_by
M4-FUNG-0042:G001,M4-FUNG-0042:S003,evidenced_by
M4-FUNG-0042:G001,M4-FUNG-0042:S006,evidenced_by
M4-FUNG-0042:G002,M4-FUNG-0042:S001,evidenced_by
M4-FUNG-0042:G002,M4-FUNG-0042:S003,evidenced_by
M4-FUNG-0042:G003,M4-FUNG-0042:S001,evidenced_by
M4-FUNG-0042:G003,M4-FUNG-0042:S003,evidenced_by
M4-FUNG-0042:G004,M4-FUNG-0042:S001,evidenced_by
M4-FUNG-0042:G004,M4-FUNG-0042:S003,evidenced_by
M4-FUNG-0042:G005,M4-FUNG-0042:S001,evidenced_by
M4-FUNG-0042:G005,M4-FUNG-0042:S003,evidenced_by
M4-FUNG-0042:G006,M4-FUNG-0042:S007,evidenced_by
M4-FUNG-0042:G006,M4-FUNG-0042:S008,evidenced_by
M4-FUNG-0043:G001,M4-FUNG-0043:S001,evidenced_by
M4-FUNG-0043:G001,M4-FUNG-0043:S003,evidenced_by
M4-FUNG-0043:G001,M4-FUNG-0043:S004,evidenced_by
M4-FUNG-0043:G002,M4-FUNG-0043:S001,evidenced_by
M4-FUNG-0043:G002,M4-FUNG-0043:S003,evidenced_by
M4-FUNG-0043:G003,M4-FUNG-0043:S001,evidenced_by
M4-FUNG-0043:G003,M4-FUNG-0043:S003,evidenced_by
M4-FUNG-0043:G003,M4-FUNG-0043:S004,evidenced_by
M4-FUNG-0043:G004,M4-FUNG-0043:S001,evidenced_by
M4-FUNG-0043:G004,M4-FUNG-0043:S003,evidenced_by
M4-FUNG-0043:G004,M4-FUNG-0043:S004,evidenced_by
M4-FUNG-0043:G004,M4-FUNG-0043:S005,evidenced_by
M4-FUNG-0043:G005,M4-FUNG-0043:S001,evidenced_by
M4-FUNG-0043:G005,M4-FUNG-0043:S003,evidenced_by
M4-FUNG-0043:G005,M4-FUNG-0043:S004,evidenced_by
M4-FUNG-0043:G006,M4-FUNG-0043:S001,evidenced_by
M4-FUNG-0043:G006,M4-FUNG-0043:S003,evidenced_by
M4-FUNG-0043:G006,M4-FUNG-0043:S004,evidenced_by
M4-FUNG-0043:G007,M4-FUNG-0043:S001,evidenced_by
M4-FUNG-0043:G007,M4-FUNG-0043:S003,evidenced_by
M4-FUNG-0043:G008,M4-FUNG-0043:S001,evidenced_by
M4-FUNG-0043:G008,M4-FUNG-0043:S003,evidenced_by
M4-FUNG-0043:G008,M4-FUNG-0043:S010,evidenced_by
M4-FUNG-0043:G009,M4-FUNG-0043:S001,evidenced_by
M4-FUNG-0043:G009,M4-FUNG-0043:S003,evidenced_by
M4-FUNG-0043:G009,M4-FUNG-0043:S004,evidenced_by
M4-FUNG-0044:G001,M4-FUNG-0044:S001,evidenced_by
M4-FUNG-0044:G001,M4-FUNG-0044:S005,evidenced_by
M4-FUNG-0044:G001,M4-FUNG-0044:S011,evidenced_by
M4-FUNG-0044:G002,M4-FUNG-0044:S001,evidenced_by
M4-FUNG-0044:G002,M4-FUNG-0044:S003,evidenced_by
M4-FUNG-0044:G002,M4-FUNG-0044:S011,evidenced_by
M4-FUNG-0044:G003,M4-FUNG-0044:S001,evidenced_by
M4-FUNG-0044:G003,M4-FUNG-0044:S003,evidenced_by
M4-FUNG-0044:G003,M4-FUNG-0044:S011,evidenced_by
M4-FUNG-0044:G004,M4-FUNG-0044:S001,evidenced_by
M4-FUNG-0044:G004,M4-FUNG-0044:S005,evidenced_by
M4-FUNG-0044:G004,M4-FUNG-0044:S011,evidenced_by
M4-FUNG-0044:G005,M4-FUNG-0044:S001,evidenced_by
M4-FUNG-0044:G005,M4-FUNG-0044:S003,evidenced_by
M4-FUNG-0044:G005,M4-FUNG-0044:S005,evidenced_by
M4-FUNG-0044:G006,M4-FUNG-0044:S001,evidenced_by
M4-FUNG-0044:G006,M4-FUNG-0044:S003,evidenced_by
M4-FUNG-0044:G006,M4-FUNG-0044:S011,evidenced_by
M4-FUNG-0044:G007,M4-FUNG-0044:S001,evidenced_by
M4-FUNG-0044:G007,M4-FUNG-0044:S003,evidenced_by
M4-FUNG-0044:G007,M4-FUNG-0044:S011,evidenced_by
M4-FUNG-0044:G008,M4-FUNG-0044:S001,evidenced_by
M4-FUNG-0044:G008,M4-FUNG-0044:S006,evidenced_by
M4-FUNG-0044:G008,M4-FUNG-0044:S007,evidenced_by
M4-FUNG-0044:G009,M4-FUNG-0044:S001,evidenced_by
M4-FUNG-0044:G009,M4-FUNG-0044:S006,evidenced_by
M4-FUNG-0044:G009,M4-FUNG-0044:S007,evidenced_by
M4-FUNG-0044:G010,M4-FUNG-0044:S001,evidenced_by
M4-FUNG-0044:G010,M4-FUNG-0044:S003,evidenced_by
M4-FUNG-0044:G010,M4-FUNG-0044:S006,evidenced_by
M4-FUNG-0044:G011,M4-FUNG-0044:S001,evidenced_by
M4-FUNG-0044:G011,M4-FUNG-0044:S003,evidenced_by
M4-FUNG-0044:G011,M4-FUNG-0044:S006,evidenced_by
M4-FUNG-0045:G001,M4-FUNG-0045:S003,evidenced_by
M4-FUNG-0045:G002,M4-FUNG-0045:S003,evidenced_by
M4-FUNG-0045:G003,M4-FUNG-0045:S004,evidenced_by
M4-FUNG-0045:G004,M4-FUNG-0045:S003,evidenced_by
M4-FUNG-0045:G005,M4-FUNG-0045:S005,evidenced_by
M4-FUNG-0045:G006,M4-FUNG-0045:S003,evidenced_by
M4-FUNG-0045:G007,M4-FUNG-0045:S003,evidenced_by
M4-FUNG-0045:G008,M4-FUNG-0045:S003,evidenced_by
M4-FUNG-0045:G009,M4-FUNG-0045:S003,evidenced_by
M4-FUNG-0045:G010,M4-FUNG-0045:S003,evidenced_by
M4-FUNG-0045:G011,M4-FUNG-0045:S005,evidenced_by
M4-FUNG-0045:G012,M4-FUNG-0045:S003,evidenced_by
M4-FUNG-0045:G013,M4-FUNG-0045:S003,evidenced_by
M4-FUNG-0045:G014,M4-FUNG-0045:S003,evidenced_by
M4-FUNG-0046:G001,M4-FUNG-0046:S003,evidenced_by
M4-FUNG-0046:G002,M4-FUNG-0046:S003,evidenced_by
M4-FUNG-0046:G003,M4-FUNG-0046:S003,evidenced_by
M4-FUNG-0046:G004,M4-FUNG-0046:S003,evidenced_by
M4-FUNG-0046:G005,M4-FUNG-0046:S003,evidenced_by
M4-FUNG-0046:G006,M4-FUNG-0046:S003,evidenced_by
M4-FUNG-0046:G007,M4-FUNG-0046:S003,evidenced_by
M4-FUNG-0046:G008,M4-FUNG-0046:S003,evidenced_by
M4-FUNG-0046:G009,M4-FUNG-0046:S003,evidenced_by
M4-FUNG-0046:G010,M4-FUNG-0046:S003,evidenced_by
M4-FUNG-0047:G001,M4-FUNG-0047:S003,evidenced_by
M4-FUNG-0047:G002,M4-FUNG-0047:S003,evidenced_by
M4-FUNG-0047:G003,M4-FUNG-0047:S003,evidenced_by
M4-FUNG-0047:G004,M4-FUNG-0047:S003,evidenced_by
M4-FUNG-0047:G005,M4-FUNG-0047:S003,evidenced_by
M4-FUNG-0047:G006,M4-FUNG-0047:S003,evidenced_by
M4-FUNG-0047:G007,M4-FUNG-0047:S003,evidenced_by
M4-FUNG-0047:G008,M4-FUNG-0047:S003,evidenced_by
M4-FUNG-0047:G009,M4-FUNG-0047:S003,evidenced_by
M4-FUNG-0047:G010,M4-FUNG-0047:S001,evidenced_by
M4-FUNG-0047:G010,M4-FUNG-0047:S003,evidenced_by
M4-FUNG-0048:G001,M4-FUNG-0048:S001,evidenced_by
M4-FUNG-0048:G001,M4-FUNG-0048:S003,evidenced_by
M4-FUNG-0048:G001,M4-FUNG-0048:S004,evidenced_by
M4-FUNG-0048:G002,M4-FUNG-0048:S001,evidenced_by
M4-FUNG-0048:G002,M4-FUNG-0048:S003,evidenced_by
M4-FUNG-0048:G003,M4-FUNG-0048:S001,evidenced_by
M4-FUNG-0048:G003,M4-FUNG-0048:S003,evidenced_by
M4-FUNG-0049:G001,M4-FUNG-0049:S001,evidenced_by
M4-FUNG-0049:G001,M4-FUNG-0049:S003,evidenced_by
M4-FUNG-0049:G002,M4-FUNG-0049:S001,evidenced_by
M4-FUNG-0049:G002,M4-FUNG-0049:S003,evidenced_by
M4-FUNG-0049:G003,M4-FUNG-0049:S001,evidenced_by
M4-FUNG-0049:G003,M4-FUNG-0049:S003,evidenced_by
M4-FUNG-0049:G003,M4-FUNG-0049:S004,evidenced_by
M4-FUNG-0049:G004,M4-FUNG-0049:S001,evidenced_by
M4-FUNG-0049:G004,M4-FUNG-0049:S003,evidenced_by
M4-FUNG-0049:G004,M4-FUNG-0049:S004,evidenced_by
M4-FUNG-0049:G005,M4-FUNG-0049:S001,evidenced_by
M4-FUNG-0049:G005,M4-FUNG-0049:S003,evidenced_by
M4-FUNG-0049:G006,M4-FUNG-0049:S001,evidenced_by
M4-FUNG-0049:G006,M4-FUNG-0049:S003,evidenced_by
M4-FUNG-0049:G006,M4-FUNG-0049:S004,evidenced_by
M4-FUNG-0049:G007,M4-FUNG-0049:S001,evidenced_by
M4-FUNG-0049:G007,M4-FUNG-0049:S004,evidenced_by
M4-FUNG-0049:G008,M4-FUNG-0049:S001,evidenced_by
M4-FUNG-0049:G008,M4-FUNG-0049:S003,evidenced_by
M4-FUNG-0049:G009,M4-FUNG-0049:S001,evidenced_by
M4-FUNG-0049:G009,M4-FUNG-0049:S003,evidenced_by
M4-FUNG-0049:G010,M4-FUNG-0049:S001,evidenced_by
M4-FUNG-0049:G010,M4-FUNG-0049:S003,evidenced_by
M4-FUNG-0049:G011,M4-FUNG-0049:S001,evidenced_by
M4-FUNG-0049:G011,M4-FUNG-0049:S003,evidenced_by
M4-FUNG-0050:G001,M4-FUNG-0050:S001,evidenced_by
M4-FUNG-0050:G001,M4-FUNG-0050:S003,evidenced_by
M4-FUNG-0051:G001,M4-FUNG-0051:S001,evidenced_by
M4-FUNG-0051:G001,M4-FUNG-0051:S003,evidenced_by
M4-FUNG-0052:G001,M4-FUNG-0052:S001,evidenced_by
M4-FUNG-0052:G001,M4-FUNG-0052:S004,evidenced_by
M4-FUNG-0052:G002,M4-FUNG-0052:S001,evidenced_by
M4-FUNG-0052:G002,M4-FUNG-0052:S003,evidenced_by
M4-FUNG-0052:G003,M4-FUNG-0052:S001,evidenced_by
M4-FUNG-0052:G004,M4-FUNG-0052:S001,evidenced_by
M4-FUNG-0052:G005,M4-FUNG-0052:S001,evidenced_by
M4-FUNG-0053:G001,M4-FUNG-0053:S006,evidenced_by
M4-FUNG-0053:G002,M4-FUNG-0053:S004,evidenced_by
M4-FUNG-0053:G003,M4-FUNG-0053:S012,evidenced_by
M4-FUNG-0053:G004,M4-FUNG-0053:S003,evidenced_by
M4-FUNG-0053:G005,M4-FUNG-0053:S003,evidenced_by
M4-FUNG-0053:G006,M4-FUNG-0053:S004,evidenced_by
M4-FUNG-0053:G006,M4-FUNG-0053:S005,evidenced_by
M4-FUNG-0053:G007,M4-FUNG-0053:S004,evidenced_by
M4-FUNG-0053:G007,M4-FUNG-0053:S005,evidenced_by
M4-FUNG-0053:G008,M4-FUNG-0053:S005,evidenced_by
M4-FUNG-0054:G001,M4-FUNG-0054:S006,evidenced_by
M4-FUNG-0054:G001,M4-FUNG-0054:S008,evidenced_by
M4-FUNG-0054:G002,M4-FUNG-0054:S003,evidenced_by
M4-FUNG-0055:ctg1_orf000000,M4-FUNG-0055:S001,evidenced_by
M4-FUNG-0055:ctg1_orf000000,M4-FUNG-0055:S004,evidenced_by
M4-FUNG-0055:ctg1_orf00001,M4-FUNG-0055:S001,evidenced_by
M4-FUNG-0055:ctg1_orf00001,M4-FUNG-0055:S004,evidenced_by
M4-FUNG-0055:ctg1_orf0002,M4-FUNG-0055:S001,evidenced_by
M4-FUNG-0055:ctg1_orf0002,M4-FUNG-0055:S004,evidenced_by
M4-FUNG-0055:ctg1_orf003,M4-FUNG-0055:S001,evidenced_by
M4-FUNG-0055:ctg1_orf003,M4-FUNG-0055:S004,evidenced_by
M4-FUNG-0055:ctg1_orf04,M4-FUNG-0055:S001,evidenced_by
M4-FUNG-0055:ctg1_orf04,M4-FUNG-0055:S004,evidenced_by
M4-FUNG-0055:ctg1_orf5,M4-FUNG-0055:S001,evidenced_by
M4-FUNG-0055:ctg1_orf5,M4-FUNG-0055:S004,evidenced_by
M4-FUNG-0055:ctg1_orf6,M4-FUNG-0055:S001,evidenced_by
M4-FUNG-0055:ctg1_orf6,M4-FUNG-0055:S004,evidenced_by
M4-FUNG-0055:ctg1_orf7,M4-FUNG-0055:S001,evidenced_by
M4-FUNG-0055:ctg1_orf7,M4-FUNG-0055:S004,evidenced_by
M4-FUNG-0055:ctg1_orf8,M4-FUNG-0055:S001,evidenced_by
M4-FUNG-0055:ctg1_orf8,M4-FUNG-0055:S004,evidenced_by
M4-FUNG-0055:ctg1_orf9,M4-FUNG-0055:S001,evidenced_by
M4-FUNG-0055:ctg1_orf9,M4-FUNG-0055:S004,evidenced_by
M4-FUNG-0055:ctg1_orf10,M4-FUNG-0055:S001,evidenced_by
M4-FUNG-0055:ctg1_orf10,M4-FUNG-0055:S004,evidenced_by
M4-FUNG-0055:ctg1_orf11,M4-FUNG-0055:S001,evidenced_by
M4-FUNG-0055:ctg1_orf11,M4-FUNG-0055:S004,evidenced_by
M4-FUNG-0055:ctg1_orf12,M4-FUNG-0055:S001,evidenced_by
M4-FUNG-0055:ctg1_orf12,M4-FUNG-0055:S004,evidenced_by
M4-FUNG-0055:ctg1_orf13,M4-FUNG-0055:S001,evidenced_by
M4-FUNG-0055:ctg1_orf13,M4-FUNG-0055:S004,evidenced_by
M4-FUNG-0055:ctg1_orforf14,M4-FUNG-0055:S001,evidenced_by
M4-FUNG-0055:ctg1_orforf14,M4-FUNG-0055:S004,evidenced_by
M4-FUNG-0056:cds_0_1525,M4-FUNG-0056:S001,evidenced_by
M4-FUNG-0056:cds_2368_3434,M4-FUNG-0056:S001,evidenced_by
M4-FUNG-0056:cds_3806_6518,M4-FUNG-0056:S001,evidenced_by
M4-FUNG-0056:cds_7545_9017,M4-FUNG-0056:S001,evidenced_by
M4-FUNG-0056:cds_9169_10992,M4-FUNG-0056:S001,evidenced_by
M4-FUNG-0056:cds_11355_12157,M4-FUNG-0056:S001,evidenced_by
M4-FUNG-0056:cds_12312_14460,M4-FUNG-0056:S001,evidenced_by
M4-FUNG-0056:cds_16753_18238,M4-FUNG-0056:S001,evidenced_by
M4-FUNG-0056:simA,M4-FUNG-0056:S001,evidenced_by
M4-FUNG-0056:simA,M4-FUNG-0056:S005,evidenced_by
M4-FUNG-0056:simB,M4-FUNG-0056:S001,evidenced_by
M4-FUNG-0056:simB,M4-FUNG-0056:S005,evidenced_by
M4-FUNG-0056:simC,M4-FUNG-0056:S001,evidenced_by
M4-FUNG-0056:simC,M4-FUNG-0056:S005,evidenced_by
M4-FUNG-0056:simD,M4-FUNG-0056:S001,evidenced_by
M4-FUNG-0056:simD,M4-FUNG-0056:S005,evidenced_by
M4-FUNG-0056:simE,M4-FUNG-0056:S001,evidenced_by
M4-FUNG-0056:simE,M4-FUNG-0056:S005,evidenced_by
M4-FUNG-0056:simF,M4-FUNG-0056:S001,evidenced_by
M4-FUNG-0056:simF,M4-FUNG-0056:S005,evidenced_by
M4-FUNG-0056:simG,M4-FUNG-0056:S001,evidenced_by
M4-FUNG-0056:simG,M4-FUNG-0056:S005,evidenced_by
M4-FUNG-0056:simH,M4-FUNG-0056:S001,evidenced_by
M4-FUNG-0056:simH,M4-FUNG-0056:S005,evidenced_by
M4-FUNG-0056:simI,M4-FUNG-0056:S001,evidenced_by
M4-FUNG-0056:simI,M4-FUNG-0056:S005,evidenced_by
M4-FUNG-0056:simJ,M4-FUNG-0056:S001,evidenced_by
M4-FUNG-0056:simJ,M4-FUNG-0056:S005,evidenced_by
M4-FUNG-0056:simK,M4-FUNG-0056:S001,evidenced_by
M4-FUNG-0056:simK,M4-FUNG-0056:S005,evidenced_by
M4-FUNG-0056:simL,M4-FUNG-0056:S001,evidenced_by
M4-FUNG-0056:simL,M4-FUNG-0056:S005,evidenced_by
M4-FUNG-0057:MAA_10031,M4-FUNG-0057:S001,evidenced_by
M4-FUNG-0057:MAA_10031,M4-FUNG-0057:S004,evidenced_by
M4-FUNG-0057:MAA_10032,M4-FUNG-0057:S001,evidenced_by
M4-FUNG-0057:MAA_10032,M4-FUNG-0057:S004,evidenced_by
M4-FUNG-0057:MAA_10033,M4-FUNG-0057:S001,evidenced_by
M4-FUNG-0057:MAA_10033,M4-FUNG-0057:S004,evidenced_by
M4-FUNG-0057:MAA_10034,M4-FUNG-0057:S001,evidenced_by
M4-FUNG-0057:MAA_10034,M4-FUNG-0057:S004,evidenced_by
M4-FUNG-0057:MAA_10035,M4-FUNG-0057:S001,evidenced_by
M4-FUNG-0057:MAA_10035,M4-FUNG-0057:S004,evidenced_by
M4-FUNG-0057:MAA_10036,M4-FUNG-0057:S001,evidenced_by
M4-FUNG-0057:MAA_10036,M4-FUNG-0057:S004,evidenced_by
M4-FUNG-0057:MAA_10037,M4-FUNG-0057:S001,evidenced_by
M4-FUNG-0057:MAA_10037,M4-FUNG-0057:S004,evidenced_by
M4-FUNG-0057:MAA_10038,M4-FUNG-0057:S001,evidenced_by
M4-FUNG-0057:MAA_10038,M4-FUNG-0057:S004,evidenced_by
M4-FUNG-0057:MAA_10039,M4-FUNG-0057:S001,evidenced_by
M4-FUNG-0057:MAA_10039,M4-FUNG-0057:S004,evidenced_by
M4-FUNG-0057:MAA_10040,M4-FUNG-0057:S001,evidenced_by
M4-FUNG-0057:MAA_10040,M4-FUNG-0057:S004,evidenced_by
M4-FUNG-0057:MAA_10041,M4-FUNG-0057:S001,evidenced_by
M4-FUNG-0057:MAA_10041,M4-FUNG-0057:S004,evidenced_by
M4-FUNG-0057:MAA_10042,M4-FUNG-0057:S001,evidenced_by
M4-FUNG-0057:MAA_10042,M4-FUNG-0057:S004,evidenced_by
M4-FUNG-0057:MAA_10043,M4-FUNG-0057:S001,evidenced_by
M4-FUNG-0057:MAA_10043,M4-FUNG-0057:S004,evidenced_by
M4-FUNG-0057:MAA_10044,M4-FUNG-0057:S001,evidenced_by
M4-FUNG-0057:MAA_10044,M4-FUNG-0057:S004,evidenced_by
M4-FUNG-0057:MAA_10045,M4-FUNG-0057:S001,evidenced_by
M4-FUNG-0057:MAA_10045,M4-FUNG-0057:S004,evidenced_by
M4-FUNG-0057:MAA_10046,M4-FUNG-0057:S001,evidenced_by
M4-FUNG-0057:MAA_10046,M4-FUNG-0057:S004,evidenced_by
M4-FUNG-0057:MAA_10047,M4-FUNG-0057:S001,evidenced_by
M4-FUNG-0057:MAA_10047,M4-FUNG-0057:S004,evidenced_by
M4-FUNG-0057:MAA_10048,M4-FUNG-0057:S001,evidenced_by
M4-FUNG-0057:MAA_10048,M4-FUNG-0057:S004,evidenced_by
M4-FUNG-0057:MAA_10049,M4-FUNG-0057:S001,evidenced_by
M4-FUNG-0057:MAA_10049,M4-FUNG-0057:S004,evidenced_by
M4-FUNG-0057:MAA_10050,M4-FUNG-0057:S001,evidenced_by
M4-FUNG-0057:MAA_10050,M4-FUNG-0057:S004,evidenced_by
M4-FUNG-0057:MAA_10051,M4-FUNG-0057:S001,evidenced_by
M4-FUNG-0057:MAA_10051,M4-FUNG-0057:S004,evidenced_by
M4-FUNG-0058:ecdB,M4-FUNG-0058:S004,evidenced_by
M4-FUNG-0058:ecdB,M4-FUNG-0058:S005,evidenced_by
M4-FUNG-0058:ecdC,M4-FUNG-0058:S004,evidenced_by
M4-FUNG-0058:ecdD,M4-FUNG-0058:S004,evidenced_by
M4-FUNG-0058:ecdE,M4-FUNG-0058:S004,evidenced_by
M4-FUNG-0058:ecdF,M4-FUNG-0058:S004,evidenced_by
M4-FUNG-0058:ecdA,M4-FUNG-0058:S004,evidenced_by
M4-FUNG-0058:ecdG,M4-FUNG-0058:S004,evidenced_by
M4-FUNG-0058:ecdH,M4-FUNG-0058:S004,evidenced_by
M4-FUNG-0058:ecdI,M4-FUNG-0058:S004,evidenced_by
M4-FUNG-0058:ecdJ,M4-FUNG-0058:S004,evidenced_by
M4-FUNG-0058:ecdK,M4-FUNG-0058:S004,evidenced_by
M4-FUNG-0058:ecdL,M4-FUNG-0058:S004,evidenced_by
M4-FUNG-0059:esyn1,M4-FUNG-0059:S001,evidenced_by
M4-FUNG-0059:esyn1,M4-FUNG-0059:S004,evidenced_by
M4-FUNG-0060:easH,M4-FUNG-0060:S001,evidenced_by
M4-FUNG-0060:easH,M4-FUNG-0060:S004,evidenced_by
M4-FUNG-0060:easA,M4-FUNG-0060:S001,evidenced_by
M4-FUNG-0060:easA,M4-FUNG-0060:S004,evidenced_by
M4-FUNG-0060:easG,M4-FUNG-0060:S001,evidenced_by
M4-FUNG-0060:easG,M4-FUNG-0060:S004,evidenced_by
M4-FUNG-0060:easG,M4-FUNG-0060:S005,evidenced_by
M4-FUNG-0060:easF,M4-FUNG-0060:S001,evidenced_by
M4-FUNG-0060:easF,M4-FUNG-0060:S004,evidenced_by
M4-FUNG-0060:easE,M4-FUNG-0060:S001,evidenced_by
M4-FUNG-0060:easE,M4-FUNG-0060:S004,evidenced_by
M4-FUNG-0060:lpsB,M4-FUNG-0060:S001,evidenced_by
M4-FUNG-0060:lpsB,M4-FUNG-0060:S004,evidenced_by
M4-FUNG-0061:AFUA_6G12040,M4-FUNG-0061:S001,evidenced_by
M4-FUNG-0061:AFUA_6G12040,M4-FUNG-0061:S004,evidenced_by
M4-FUNG-0061:AFUA_6G12040,M4-FUNG-0061:S005,evidenced_by
M4-FUNG-0061:AFUA_6G12040,M4-FUNG-0061:S006,evidenced_by
M4-FUNG-0061:AFUA_6G12050,M4-FUNG-0061:S001,evidenced_by
M4-FUNG-0061:AFUA_6G12050,M4-FUNG-0061:S004,evidenced_by
M4-FUNG-0061:AFUA_6G12050,M4-FUNG-0061:S005,evidenced_by
M4-FUNG-0061:AFUA_6G12050,M4-FUNG-0061:S006,evidenced_by
M4-FUNG-0061:AFUA_6G12060,M4-FUNG-0061:S001,evidenced_by
M4-FUNG-0061:AFUA_6G12060,M4-FUNG-0061:S004,evidenced_by
M4-FUNG-0061:AFUA_6G12060,M4-FUNG-0061:S005,evidenced_by
M4-FUNG-0061:AFUA_6G12060,M4-FUNG-0061:S006,evidenced_by
M4-FUNG-0061:AFUA_6G12070,M4-FUNG-0061:S001,evidenced_by
M4-FUNG-0061:AFUA_6G12070,M4-FUNG-0061:S004,evidenced_by
M4-FUNG-0061:AFUA_6G12070,M4-FUNG-0061:S005,evidenced_by
M4-FUNG-0061:AFUA_6G12070,M4-FUNG-0061:S006,evidenced_by
M4-FUNG-0061:AFUA_6G12080,M4-FUNG-0061:S001,evidenced_by
M4-FUNG-0061:AFUA_6G12080,M4-FUNG-0061:S004,evidenced_by
M4-FUNG-0061:AFUA_6G12080,M4-FUNG-0061:S005,evidenced_by
M4-FUNG-0061:AFUA_6G12080,M4-FUNG-0061:S006,evidenced_by
M4-FUNG-0062:Pc16g04690,M4-FUNG-0062:S001,evidenced_by
M4-FUNG-0062:Pc16g04690,M4-FUNG-0062:S004,evidenced_by
M4-FUNG-0063:gliZ,M4-FUNG-0063:S006,evidenced_by
M4-FUNG-0063:gliP,M4-FUNG-0063:S005,evidenced_by
M4-FUNG-0063:gliC,M4-FUNG-0063:S007,evidenced_by
M4-FUNG-0063:gliF,M4-FUNG-0063:S007,evidenced_by
M4-FUNG-0063:gliG,M4-FUNG-0063:S007,evidenced_by
M4-FUNG-0063:gliK,M4-FUNG-0063:S007,evidenced_by
M4-FUNG-0063:gliJ,M4-FUNG-0063:S007,evidenced_by
M4-FUNG-0063:gliI,M4-FUNG-0063:S007,evidenced_by
M4-FUNG-0063:gliM,M4-FUNG-0063:S007,evidenced_by
M4-FUNG-0063:gliN,M4-FUNG-0063:S007,evidenced_by
M4-FUNG-0063:gliA,M4-FUNG-0063:S008,evidenced_by
M4-FUNG-0063:gliT,M4-FUNG-0063:S007,evidenced_by
M4-FUNG-0064:HTS1,M4-FUNG-0064:S005,evidenced_by
M4-FUNG-0064:TOXA,M4-FUNG-0064:S012,evidenced_by
M4-FUNG-0064:TOXC,M4-FUNG-0064:S006,evidenced_by
M4-FUNG-0064:TOXD,M4-FUNG-0064:S004,evidenced_by
M4-FUNG-0064:TOXE,M4-FUNG-0064:S007,evidenced_by
M4-FUNG-0064:TOXF,M4-FUNG-0064:S008,evidenced_by
M4-FUNG-0064:TOXG,M4-FUNG-0064:S004,evidenced_by
M4-FUNG-0065:AFUA_3G12890,M4-FUNG-0065:S001,evidenced_by
M4-FUNG-0065:AFUA_3G12890,M4-FUNG-0065:S003,evidenced_by
M4-FUNG-0065:AFUA_3G12900,M4-FUNG-0065:S001,evidenced_by
M4-FUNG-0065:AFUA_3G12900,M4-FUNG-0065:S003,evidenced_by
M4-FUNG-0065:AFUA_3G12910,M4-FUNG-0065:S001,evidenced_by
M4-FUNG-0065:AFUA_3G12910,M4-FUNG-0065:S003,evidenced_by
M4-FUNG-0065:AFUA_3G12920,M4-FUNG-0065:S001,evidenced_by
M4-FUNG-0065:AFUA_3G12920,M4-FUNG-0065:S003,evidenced_by
M4-FUNG-0065:AFUA_3G12930,M4-FUNG-0065:S001,evidenced_by
M4-FUNG-0065:AFUA_3G12930,M4-FUNG-0065:S003,evidenced_by
M4-FUNG-0065:AFUA_3G12930,M4-FUNG-0065:S005,evidenced_by
M4-FUNG-0065:AFUA_3G12940,M4-FUNG-0065:S003,evidenced_by
M4-FUNG-0065:AFUA_3G12950,M4-FUNG-0065:S003,evidenced_by
M4-FUNG-0065:AFUA_3G12960,M4-FUNG-0065:S003,evidenced_by
M4-FUNG-0066:pcbAB,M4-FUNG-0066:S003,evidenced_by
M4-FUNG-0066:pcbAB,M4-FUNG-0066:S006,evidenced_by
M4-FUNG-0066:pcbC,M4-FUNG-0066:S003,evidenced_by
M4-FUNG-0066:pcbC,M4-FUNG-0066:S006,evidenced_by
M4-FUNG-0066:penDE,M4-FUNG-0066:S003,evidenced_by
M4-FUNG-0066:penDE,M4-FUNG-0066:S006,evidenced_by
M4-FUNG-0066:ORF11,M4-FUNG-0066:S003,evidenced_by
M4-FUNG-0066:ORF12,M4-FUNG-0066:S003,evidenced_by
M4-FUNG-0066:ORF13,M4-FUNG-0066:S003,evidenced_by
M4-FUNG-0067:pcbAB,M4-FUNG-0067:S001,evidenced_by
M4-FUNG-0067:pcbAB,M4-FUNG-0067:S003,evidenced_by
M4-FUNG-0067:pcbC,M4-FUNG-0067:S001,evidenced_by
M4-FUNG-0067:pcbC,M4-FUNG-0067:S003,evidenced_by
M4-FUNG-0067:penDE,M4-FUNG-0067:S001,evidenced_by
M4-FUNG-0067:penDE,M4-FUNG-0067:S003,evidenced_by
M4-FUNG-0068:Pc21g15420,M4-FUNG-0068:S001,evidenced_by
M4-FUNG-0068:Pc21g15420,M4-FUNG-0068:S003,evidenced_by
M4-FUNG-0068:Pc21g15430,M4-FUNG-0068:S003,evidenced_by
M4-FUNG-0068:Pc21g15430,M4-FUNG-0068:S004,evidenced_by
M4-FUNG-0068:Pc21g15440,M4-FUNG-0068:S003,evidenced_by
M4-FUNG-0068:Pc21g15450,M4-FUNG-0068:S003,evidenced_by
M4-FUNG-0068:Pc21g15460,M4-FUNG-0068:S003,evidenced_by
M4-FUNG-0068:Pc21g15470,M4-FUNG-0068:S003,evidenced_by
M4-FUNG-0068:Pc21g15470,M4-FUNG-0068:S004,evidenced_by
M4-FUNG-0068:Pc21g15480,M4-FUNG-0068:S003,evidenced_by
M4-FUNG-0069:ANIA_08513,M4-FUNG-0069:S001,evidenced_by
M4-FUNG-0069:ANIA_08513,M4-FUNG-0069:S003,evidenced_by
M4-FUNG-0069:ANIA_08514,M4-FUNG-0069:S001,evidenced_by
M4-FUNG-0069:ANIA_08514,M4-FUNG-0069:S003,evidenced_by
M4-FUNG-0069:ANIA_08514,M4-FUNG-0069:S005,evidenced_by
M4-FUNG-0069:ANIA_08518,M4-FUNG-0069:S001,evidenced_by
M4-FUNG-0069:ANIA_08518,M4-FUNG-0069:S003,evidenced_by
M4-FUNG-0069:ANIA_08516,M4-FUNG-0069:S003,evidenced_by
M4-FUNG-0069:ANIA_08520,M4-FUNG-0069:S003,evidenced_by
M4-FUNG-0070:vlmS,M4-FUNG-0070:S003,evidenced_by
M4-FUNG-0070:vlmS,M4-FUNG-0070:S004,evidenced_by
M4-FUNG-0070:vlmA,M4-FUNG-0070:S003,evidenced_by
M4-FUNG-0070:vlmB,M4-FUNG-0070:S003,evidenced_by
M4-FUNG-0070:vlmC,M4-FUNG-0070:S003,evidenced_by
M4-FUNG-0071:AFLA_094930,M4-FUNG-0071:S001,evidenced_by
M4-FUNG-0071:AFLA_094930,M4-FUNG-0071:S004,evidenced_by
M4-FUNG-0071:AFLA_094930,M4-FUNG-0071:S006,evidenced_by
M4-FUNG-0071:AFLA_094940,M4-FUNG-0071:S001,evidenced_by
M4-FUNG-0071:AFLA_094940,M4-FUNG-0071:S004,evidenced_by
M4-FUNG-0071:AFLA_094940,M4-FUNG-0071:S006,evidenced_by
M4-FUNG-0071:AFLA_094950,M4-FUNG-0071:S001,evidenced_by
M4-FUNG-0071:AFLA_094950,M4-FUNG-0071:S004,evidenced_by
M4-FUNG-0071:AFLA_094950,M4-FUNG-0071:S006,evidenced_by
M4-FUNG-0071:AFLA_094960,M4-FUNG-0071:S001,evidenced_by
M4-FUNG-0071:AFLA_094960,M4-FUNG-0071:S004,evidenced_by
M4-FUNG-0071:AFLA_094960,M4-FUNG-0071:S006,evidenced_by
M4-FUNG-0071:AFLA_094970,M4-FUNG-0071:S001,evidenced_by
M4-FUNG-0071:AFLA_094970,M4-FUNG-0071:S004,evidenced_by
M4-FUNG-0071:AFLA_094970,M4-FUNG-0071:S006,evidenced_by
M4-FUNG-0071:AFLA_094980,M4-FUNG-0071:S001,evidenced_by
M4-FUNG-0071:AFLA_094980,M4-FUNG-0071:S004,evidenced_by
M4-FUNG-0071:AFLA_094980,M4-FUNG-0071:S006,evidenced_by
M4-FUNG-0071:AFLA_094990,M4-FUNG-0071:S001,evidenced_by
M4-FUNG-0071:AFLA_094990,M4-FUNG-0071:S004,evidenced_by
M4-FUNG-0071:AFLA_094990,M4-FUNG-0071:S006,evidenced_by
M4-FUNG-0071:AFLA_095000,M4-FUNG-0071:S001,evidenced_by
M4-FUNG-0071:AFLA_095000,M4-FUNG-0071:S004,evidenced_by
M4-FUNG-0071:AFLA_095000,M4-FUNG-0071:S006,evidenced_by
M4-FUNG-0071:AFLA_095010,M4-FUNG-0071:S001,evidenced_by
M4-FUNG-0071:AFLA_095010,M4-FUNG-0071:S004,evidenced_by
M4-FUNG-0071:AFLA_095010,M4-FUNG-0071:S006,evidenced_by
M4-FUNG-0071:AFLA_095020,M4-FUNG-0071:S001,evidenced_by
M4-FUNG-0071:AFLA_095020,M4-FUNG-0071:S004,evidenced_by
M4-FUNG-0071:AFLA_095020,M4-FUNG-0071:S006,evidenced_by
M4-FUNG-0071:AFLA_095030,M4-FUNG-0071:S001,evidenced_by
M4-FUNG-0071:AFLA_095030,M4-FUNG-0071:S004,evidenced_by
M4-FUNG-0071:AFLA_095030,M4-FUNG-0071:S006,evidenced_by
M4-FUNG-0071:AFLA_095040,M4-FUNG-0071:S001,evidenced_by
M4-FUNG-0071:AFLA_095040,M4-FUNG-0071:S004,evidenced_by
M4-FUNG-0071:AFLA_095040,M4-FUNG-0071:S006,evidenced_by
M4-FUNG-0071:AFLA_095050,M4-FUNG-0071:S001,evidenced_by
M4-FUNG-0071:AFLA_095050,M4-FUNG-0071:S004,evidenced_by
M4-FUNG-0071:AFLA_095050,M4-FUNG-0071:S006,evidenced_by
M4-FUNG-0071:AFLA_095060,M4-FUNG-0071:S001,evidenced_by
M4-FUNG-0071:AFLA_095060,M4-FUNG-0071:S004,evidenced_by
M4-FUNG-0071:AFLA_095060,M4-FUNG-0071:S006,evidenced_by
M4-FUNG-0071:AFLA_095070,M4-FUNG-0071:S001,evidenced_by
M4-FUNG-0071:AFLA_095070,M4-FUNG-0071:S004,evidenced_by
M4-FUNG-0071:AFLA_095070,M4-FUNG-0071:S006,evidenced_by
M4-FUNG-0071:AFLA_095080,M4-FUNG-0071:S001,evidenced_by
M4-FUNG-0071:AFLA_095080,M4-FUNG-0071:S004,evidenced_by
M4-FUNG-0071:AFLA_095080,M4-FUNG-0071:S006,evidenced_by
M4-FUNG-0071:AFLA_095090,M4-FUNG-0071:S001,evidenced_by
M4-FUNG-0071:AFLA_095090,M4-FUNG-0071:S004,evidenced_by
M4-FUNG-0071:AFLA_095090,M4-FUNG-0071:S006,evidenced_by
M4-FUNG-0071:AFLA_095100,M4-FUNG-0071:S001,evidenced_by
M4-FUNG-0071:AFLA_095100,M4-FUNG-0071:S004,evidenced_by
M4-FUNG-0071:AFLA_095100,M4-FUNG-0071:S006,evidenced_by
M4-FUNG-0071:AFLA_095110,M4-FUNG-0071:S001,evidenced_by
M4-FUNG-0071:AFLA_095110,M4-FUNG-0071:S004,evidenced_by
M4-FUNG-0071:AFLA_095110,M4-FUNG-0071:S006,evidenced_by
M4-FUNG-0072:atmG,M4-FUNG-0072:S003,evidenced_by
M4-FUNG-0072:atmG,M4-FUNG-0072:S004,evidenced_by
M4-FUNG-0072:atmC,M4-FUNG-0072:S003,evidenced_by
M4-FUNG-0072:atmC,M4-FUNG-0072:S004,evidenced_by
M4-FUNG-0072:atmM,M4-FUNG-0072:S003,evidenced_by
M4-FUNG-0072:atmP,M4-FUNG-0072:S004,evidenced_by
M4-FUNG-0072:atmQ,M4-FUNG-0072:S004,evidenced_by
M4-FUNG-0072:atmD,M4-FUNG-0072:S004,evidenced_by
M4-FUNG-0072:atmB,M4-FUNG-0072:S004,evidenced_by
M4-FUNG-0072:atmA,M4-FUNG-0072:S004,evidenced_by
M4-FUNG-0075:AN1592 / ANIA_01592,M4-FUNG-0075:S001,evidenced_by
M4-FUNG-0075:AN1592 / ANIA_01592,M4-FUNG-0075:S003,evidenced_by
M4-FUNG-0075:AN1592 / ANIA_01592,M4-FUNG-0075:S006,evidenced_by
M4-FUNG-0075:AN1593 / ANIA_01593,M4-FUNG-0075:S001,evidenced_by
M4-FUNG-0075:AN1593 / ANIA_01593,M4-FUNG-0075:S003,evidenced_by
M4-FUNG-0075:AN1594,M4-FUNG-0075:S003,evidenced_by
M4-FUNG-0075:AN1594,M4-FUNG-0075:S005,evidenced_by
M4-FUNG-0075:AN1594,M4-FUNG-0075:S006,evidenced_by
M4-FUNG-0075:AN1595,M4-FUNG-0075:S003,evidenced_by
M4-FUNG-0075:AN1596,M4-FUNG-0075:S003,evidenced_by
M4-FUNG-0075:AN1596,M4-FUNG-0075:S006,evidenced_by
M4-FUNG-0075:AN1597,M4-FUNG-0075:S003,evidenced_by
M4-FUNG-0075:AN1597,M4-FUNG-0075:S006,evidenced_by
M4-FUNG-0075:AN1598,M4-FUNG-0075:S003,evidenced_by
M4-FUNG-0075:AN1598,M4-FUNG-0075:S005,evidenced_by
M4-FUNG-0075:AN1598,M4-FUNG-0075:S006,evidenced_by
M4-FUNG-0075:AN1599,M4-FUNG-0075:S003,evidenced_by
M4-FUNG-0075:AN1599,M4-FUNG-0075:S006,evidenced_by
M4-FUNG-0076:PbGGS,M4-FUNG-0076:S001,evidenced_by
M4-FUNG-0076:PbGGS,M4-FUNG-0076:S004,evidenced_by
M4-FUNG-0076:ACS,M4-FUNG-0076:S001,evidenced_by
M4-FUNG-0076:ACS,M4-FUNG-0076:S003,evidenced_by
M4-FUNG-0076:ACS,M4-FUNG-0076:S004,evidenced_by
M4-FUNG-0076:PbP450-1,M4-FUNG-0076:S001,evidenced_by
M4-FUNG-0076:PbP450-1,M4-FUNG-0076:S004,evidenced_by
M4-FUNG-0076:PbP450-1,M4-FUNG-0076:S005,evidenced_by
M4-FUNG-0076:PbTP,M4-FUNG-0076:S001,evidenced_by
M4-FUNG-0076:PbTP,M4-FUNG-0076:S003,evidenced_by
M4-FUNG-0076:PbP450-2,M4-FUNG-0076:S001,evidenced_by
M4-FUNG-0076:PbP450-2,M4-FUNG-0076:S004,evidenced_by
M4-FUNG-0076:PbP450-2,M4-FUNG-0076:S005,evidenced_by
M4-FUNG-0076:PbTF,M4-FUNG-0076:S001,evidenced_by
M4-FUNG-0076:PbTF,M4-FUNG-0076:S003,evidenced_by
M4-FUNG-0077:ausA,M4-FUNG-0077:S003,evidenced_by
M4-FUNG-0077:ausN,M4-FUNG-0077:S003,evidenced_by
M4-FUNG-0078:trt4,M4-FUNG-0078:S003,evidenced_by
M4-FUNG-0078:trt4,M4-FUNG-0078:S004,evidenced_by
M4-FUNG-0078:trt2,M4-FUNG-0078:S003,evidenced_by
M4-FUNG-0078:trt2,M4-FUNG-0078:S004,evidenced_by
M4-FUNG-0078:trt14,M4-FUNG-0078:S004,evidenced_by
M4-FUNG-0078:trt7,M4-FUNG-0078:S004,evidenced_by
M4-FUNG-0426:G001,M4-FUNG-0426:S001,evidenced_by
M4-FUNG-0426:G001,M4-FUNG-0426:S002,evidenced_by
M4-FUNG-0426:G001,M4-FUNG-0426:S004,evidenced_by
M4-FUNG-0426:G002,M4-FUNG-0426:S001,evidenced_by
M4-FUNG-0426:G002,M4-FUNG-0426:S002,evidenced_by
M4-FUNG-0426:G002,M4-FUNG-0426:S004,evidenced_by
M4-FUNG-0426:G003,M4-FUNG-0426:S001,evidenced_by
M4-FUNG-0426:G003,M4-FUNG-0426:S004,evidenced_by
M4-FUNG-0426:G004,M4-FUNG-0426:S001,evidenced_by
M4-FUNG-0426:G004,M4-FUNG-0426:S002,evidenced_by
M4-FUNG-0426:G004,M4-FUNG-0426:S004,evidenced_by
M4-FUNG-0426:G005,M4-FUNG-0426:S001,evidenced_by
M4-FUNG-0426:G005,M4-FUNG-0426:S002,evidenced_by
M4-FUNG-0426:G005,M4-FUNG-0426:S004,evidenced_by
M4-FUNG-0428:G001,M4-FUNG-0428:S003,evidenced_by
M4-FUNG-0428:G002,M4-FUNG-0428:S003,evidenced_by
M4-FUNG-0429:G001,M4-FUNG-0429:S003,evidenced_by
M4-FUNG-0429:G001,M4-FUNG-0429:S005,evidenced_by
M4-FUNG-0429:G002,M4-FUNG-0429:S003,evidenced_by
M4-FUNG-0429:G002,M4-FUNG-0429:S005,evidenced_by
M4-FUNG-0429:G003,M4-FUNG-0429:S003,evidenced_by
M4-FUNG-0429:G003,M4-FUNG-0429:S005,evidenced_by
M4-FUNG-0429:G004,M4-FUNG-0429:S003,evidenced_by
M4-FUNG-0429:G004,M4-FUNG-0429:S005,evidenced_by
M4-FUNG-0429:G005,M4-FUNG-0429:S003,evidenced_by
M4-FUNG-0429:G005,M4-FUNG-0429:S005,evidenced_by
M4-FUNG-0429:G006,M4-FUNG-0429:S003,evidenced_by
M4-FUNG-0429:G006,M4-FUNG-0429:S005,evidenced_by
M4-FUNG-0429:G007,M4-FUNG-0429:S003,evidenced_by
M4-FUNG-0429:G007,M4-FUNG-0429:S005,evidenced_by
M4-FUNG-0430:G001,M4-FUNG-0430:S002,evidenced_by
M4-FUNG-0430:G001,M4-FUNG-0430:S003,evidenced_by
M4-FUNG-0430:G002,M4-FUNG-0430:S002,evidenced_by
M4-FUNG-0430:G003,M4-FUNG-0430:S002,evidenced_by
M4-FUNG-0430:G004,M4-FUNG-0430:S002,evidenced_by
M4-FUNG-0431:G001,M4-FUNG-0431:S002,evidenced_by
M4-FUNG-0431:G002,M4-FUNG-0431:S002,evidenced_by
M4-FUNG-0431:G003,M4-FUNG-0431:S002,evidenced_by
M4-FUNG-0431:G004,M4-FUNG-0431:S002,evidenced_by
M4-FUNG-0431:G004,M4-FUNG-0431:S003,evidenced_by
M4-FUNG-0431:G005,M4-FUNG-0431:S002,evidenced_by
M4-FUNG-0431:G006,M4-FUNG-0431:S002,evidenced_by
M4-FUNG-0432:G001,M4-FUNG-0432:S002,evidenced_by
M4-FUNG-0432:G001,M4-FUNG-0432:S003,evidenced_by
M4-FUNG-0432:G001,M4-FUNG-0432:S005,evidenced_by
M4-FUNG-0432:G002,M4-FUNG-0432:S002,evidenced_by
M4-FUNG-0432:G003,M4-FUNG-0432:S002,evidenced_by
M4-FUNG-0432:G004,M4-FUNG-0432:S002,evidenced_by
M4-FUNG-0432:G005,M4-FUNG-0432:S002,evidenced_by
M4-FUNG-0432:G006,M4-FUNG-0432:S002,evidenced_by
M4-FUNG-0432:G007,M4-FUNG-0432:S002,evidenced_by
M4-FUNG-0433:G001,M4-FUNG-0433:S002,evidenced_by
M4-FUNG-0433:G001,M4-FUNG-0433:S003,evidenced_by
M4-FUNG-0434:G001,M4-FUNG-0434:S002,evidenced_by
M4-FUNG-0434:G001,M4-FUNG-0434:S003,evidenced_by
M4-FUNG-0434:G002,M4-FUNG-0434:S002,evidenced_by
M4-FUNG-0434:G002,M4-FUNG-0434:S003,evidenced_by
M4-FUNG-0435:G001,M4-FUNG-0435:S002,evidenced_by
M4-FUNG-0435:G001,M4-FUNG-0435:S003,evidenced_by
M4-FUNG-0436:G001,M4-FUNG-0436:S002,evidenced_by
M4-FUNG-0436:G001,M4-FUNG-0436:S003,evidenced_by
M4-FUNG-0437:G001,M4-FUNG-0437:S003,evidenced_by
M4-FUNG-0437:G002,M4-FUNG-0437:S003,evidenced_by
M4-FUNG-0437:G003,M4-FUNG-0437:S003,evidenced_by
M4-FUNG-0437:G004,M4-FUNG-0437:S003,evidenced_by
M4-FUNG-0437:G005,M4-FUNG-0437:S002,evidenced_by
M4-FUNG-0437:G005,M4-FUNG-0437:S003,evidenced_by
M4-FUNG-0438:G001,M4-FUNG-0438:S003,evidenced_by
M4-FUNG-0438:G002,M4-FUNG-0438:S003,evidenced_by
M4-FUNG-0439:G001,M4-FUNG-0439:S003,evidenced_by
M4-FUNG-0439:G002,M4-FUNG-0439:S003,evidenced_by
M4-FUNG-0440:G001,M4-FUNG-0440:S003,evidenced_by
M4-FUNG-0440:G002,M4-FUNG-0440:S003,evidenced_by
M4-FUNG-0440:G003,M4-FUNG-0440:S003,evidenced_by
M4-FUNG-0440:G004,M4-FUNG-0440:S003,evidenced_by
M4-FUNG-0440:G005,M4-FUNG-0440:S003,evidenced_by
M4-FUNG-0440:G006,M4-FUNG-0440:S003,evidenced_by
M4-FUNG-0441:G001,M4-FUNG-0441:S002,evidenced_by
M4-FUNG-0441:G001,M4-FUNG-0441:S003,evidenced_by
M4-FUNG-0441:G002,M4-FUNG-0441:S002,evidenced_by
M4-FUNG-0441:G002,M4-FUNG-0441:S003,evidenced_by
M4-FUNG-0441:G003,M4-FUNG-0441:S002,evidenced_by
M4-FUNG-0441:G003,M4-FUNG-0441:S003,evidenced_by
M4-FUNG-0441:G004,M4-FUNG-0441:S002,evidenced_by
M4-FUNG-0441:G004,M4-FUNG-0441:S003,evidenced_by
M4-FUNG-0441:G005,M4-FUNG-0441:S002,evidenced_by
M4-FUNG-0441:G005,M4-FUNG-0441:S003,evidenced_by
M4-FUNG-0441:G006,M4-FUNG-0441:S003,evidenced_by
M4-FUNG-0441:G007,M4-FUNG-0441:S002,evidenced_by
M4-FUNG-0441:G007,M4-FUNG-0441:S003,evidenced_by
M4-FUNG-0442:G001,M4-FUNG-0442:S002,evidenced_by
M4-FUNG-0442:G001,M4-FUNG-0442:S003,evidenced_by
M4-FUNG-0442:G002,M4-FUNG-0442:S002,evidenced_by
M4-FUNG-0442:G002,M4-FUNG-0442:S003,evidenced_by
M4-FUNG-0442:G003,M4-FUNG-0442:S002,evidenced_by
M4-FUNG-0443:G001,M4-FUNG-0443:S002,evidenced_by
M4-FUNG-0443:G001,M4-FUNG-0443:S003,evidenced_by
M4-FUNG-0443:G002,M4-FUNG-0443:S002,evidenced_by
M4-FUNG-0443:G002,M4-FUNG-0443:S003,evidenced_by
M4-FUNG-0443:G003,M4-FUNG-0443:S002,evidenced_by
M4-FUNG-0443:G003,M4-FUNG-0443:S003,evidenced_by
M4-FUNG-0443:G004,M4-FUNG-0443:S002,evidenced_by
M4-FUNG-0443:G004,M4-FUNG-0443:S003,evidenced_by
M4-FUNG-0443:G005,M4-FUNG-0443:S002,evidenced_by
M4-FUNG-0443:G005,M4-FUNG-0443:S003,evidenced_by
M4-FUNG-0443:G006,M4-FUNG-0443:S002,evidenced_by
M4-FUNG-0443:G007,M4-FUNG-0443:S002,evidenced_by
M4-FUNG-0444:G001,M4-FUNG-0444:S002,evidenced_by
M4-FUNG-0444:G001,M4-FUNG-0444:S003,evidenced_by
M4-FUNG-0444:G002,M4-FUNG-0444:S002,evidenced_by
M4-FUNG-0444:G002,M4-FUNG-0444:S003,evidenced_by
M4-FUNG-0445:G001,M4-FUNG-0445:S002,evidenced_by
M4-FUNG-0445:G001,M4-FUNG-0445:S003,evidenced_by
M4-FUNG-0445:G002,M4-FUNG-0445:S002,evidenced_by
M4-FUNG-0445:G002,M4-FUNG-0445:S003,evidenced_by
M4-FUNG-0445:G003,M4-FUNG-0445:S002,evidenced_by
M4-FUNG-0445:G003,M4-FUNG-0445:S003,evidenced_by
M4-FUNG-0445:G004,M4-FUNG-0445:S002,evidenced_by
M4-FUNG-0445:G004,M4-FUNG-0445:S003,evidenced_by
M4-FUNG-0446:G001,M4-FUNG-0446:S002,evidenced_by
M4-FUNG-0446:G001,M4-FUNG-0446:S003,evidenced_by
M4-FUNG-0446:G001,M4-FUNG-0446:S005,evidenced_by
M4-FUNG-0446:G002,M4-FUNG-0446:S002,evidenced_by
M4-FUNG-0446:G002,M4-FUNG-0446:S003,evidenced_by
M4-FUNG-0446:G003,M4-FUNG-0446:S002,evidenced_by
M4-FUNG-0446:G004,M4-FUNG-0446:S002,evidenced_by
M4-FUNG-0446:G005,M4-FUNG-0446:S002,evidenced_by
M4-FUNG-0446:G006,M4-FUNG-0446:S002,evidenced_by
M4-FUNG-0447:G001,M4-FUNG-0447:S003,evidenced_by
M4-FUNG-0447:G002,M4-FUNG-0447:S003,evidenced_by
M4-FUNG-0447:G003,M4-FUNG-0447:S003,evidenced_by
M4-FUNG-0447:G004,M4-FUNG-0447:S003,evidenced_by
M4-FUNG-0447:G005,M4-FUNG-0447:S003,evidenced_by
M4-FUNG-0448:G001,M4-FUNG-0448:S003,evidenced_by
M4-FUNG-0448:G001,M4-FUNG-0448:S004,evidenced_by
M4-FUNG-0448:G002,M4-FUNG-0448:S004,evidenced_by
M4-FUNG-0448:G003,M4-FUNG-0448:S004,evidenced_by
M4-FUNG-0448:G004,M4-FUNG-0448:S004,evidenced_by
M4-FUNG-0448:G005,M4-FUNG-0448:S004,evidenced_by
M4-FUNG-0449:G001,M4-FUNG-0449:S002,evidenced_by
M4-FUNG-0449:G001,M4-FUNG-0449:S003,evidenced_by
M4-FUNG-0449:G002,M4-FUNG-0449:S002,evidenced_by
M4-FUNG-0449:G002,M4-FUNG-0449:S003,evidenced_by
M4-FUNG-0449:G003,M4-FUNG-0449:S002,evidenced_by
M4-FUNG-0449:G004,M4-FUNG-0449:S002,evidenced_by
M4-FUNG-0449:G004,M4-FUNG-0449:S003,evidenced_by
M4-FUNG-0449:G005,M4-FUNG-0449:S002,evidenced_by
M4-FUNG-0449:G005,M4-FUNG-0449:S003,evidenced_by
M4-FUNG-0449:G006,M4-FUNG-0449:S002,evidenced_by
M4-FUNG-0449:G006,M4-FUNG-0449:S003,evidenced_by
M4-FUNG-0450:G001,M4-FUNG-0450:S003,evidenced_by
M4-FUNG-0450:G001,M4-FUNG-0450:S004,evidenced_by
M4-FUNG-0450:G001,M4-FUNG-0450:S006,evidenced_by
M4-FUNG-0450:G002,M4-FUNG-0450:S003,evidenced_by
M4-FUNG-0450:G002,M4-FUNG-0450:S004,evidenced_by
M4-FUNG-0450:G003,M4-FUNG-0450:S003,evidenced_by
M4-FUNG-0450:G003,M4-FUNG-0450:S006,evidenced_by
M4-FUNG-0450:G004,M4-FUNG-0450:S003,evidenced_by
M4-FUNG-0450:G004,M4-FUNG-0450:S006,evidenced_by
M4-FUNG-0450:G005,M4-FUNG-0450:S003,evidenced_by
M4-FUNG-0450:G005,M4-FUNG-0450:S006,evidenced_by
M4-FUNG-0450:G006,M4-FUNG-0450:S003,evidenced_by
M4-FUNG-0450:G006,M4-FUNG-0450:S006,evidenced_by
M4-FUNG-0450:G007,M4-FUNG-0450:S003,evidenced_by
M4-FUNG-0450:G007,M4-FUNG-0450:S006,evidenced_by
M4-FUNG-0451:G001,M4-FUNG-0451:S002,evidenced_by
M4-FUNG-0451:G001,M4-FUNG-0451:S003,evidenced_by
M4-FUNG-0451:G001,M4-FUNG-0451:S007,evidenced_by
M4-FUNG-0451:G002,M4-FUNG-0451:S002,evidenced_by
M4-FUNG-0451:G002,M4-FUNG-0451:S003,evidenced_by
M4-FUNG-0451:G002,M4-FUNG-0451:S007,evidenced_by
M4-FUNG-0451:G003,M4-FUNG-0451:S002,evidenced_by
M4-FUNG-0451:G003,M4-FUNG-0451:S003,evidenced_by
M4-FUNG-0451:G003,M4-FUNG-0451:S007,evidenced_by
M4-FUNG-0451:G004,M4-FUNG-0451:S002,evidenced_by
M4-FUNG-0451:G004,M4-FUNG-0451:S003,evidenced_by
M4-FUNG-0451:G004,M4-FUNG-0451:S007,evidenced_by
M4-FUNG-0451:G005,M4-FUNG-0451:S002,evidenced_by
M4-FUNG-0451:G005,M4-FUNG-0451:S003,evidenced_by
M4-FUNG-0451:G005,M4-FUNG-0451:S007,evidenced_by
M4-FUNG-0451:G006,M4-FUNG-0451:S002,evidenced_by
M4-FUNG-0451:G007,M4-FUNG-0451:S002,evidenced_by
M4-FUNG-0452:G001,M4-FUNG-0452:S002,evidenced_by
M4-FUNG-0452:G001,M4-FUNG-0452:S003,evidenced_by
M4-FUNG-0452:G002,M4-FUNG-0452:S002,evidenced_by
M4-FUNG-0452:G002,M4-FUNG-0452:S003,evidenced_by
M4-FUNG-0452:G003,M4-FUNG-0452:S002,evidenced_by
M4-FUNG-0452:G003,M4-FUNG-0452:S003,evidenced_by
M4-FUNG-0452:G004,M4-FUNG-0452:S002,evidenced_by
M4-FUNG-0452:G004,M4-FUNG-0452:S003,evidenced_by
M4-FUNG-0452:G005,M4-FUNG-0452:S002,evidenced_by
M4-FUNG-0452:G005,M4-FUNG-0452:S003,evidenced_by
M4-FUNG-0452:G006,M4-FUNG-0452:S002,evidenced_by
M4-FUNG-0452:G006,M4-FUNG-0452:S003,evidenced_by
M4-FUNG-0452:G007,M4-FUNG-0452:S002,evidenced_by
M4-FUNG-0452:G007,M4-FUNG-0452:S003,evidenced_by
M4-FUNG-0453:G001,M4-FUNG-0453:S005,evidenced_by
M4-FUNG-0453:G002,M4-FUNG-0453:S003,evidenced_by
M4-FUNG-0453:G003,M4-FUNG-0453:S003,evidenced_by
M4-FUNG-0453:G004,M4-FUNG-0453:S003,evidenced_by
M4-FUNG-0453:G005,M4-FUNG-0453:S003,evidenced_by
M4-FUNG-0453:G006,M4-FUNG-0453:S003,evidenced_by
M4-FUNG-0454:G001,M4-FUNG-0454:S003,evidenced_by
M4-FUNG-0454:G002,M4-FUNG-0454:S003,evidenced_by
M4-FUNG-0454:G003,M4-FUNG-0454:S003,evidenced_by
M4-FUNG-0454:G003,M4-FUNG-0454:S005,evidenced_by
M4-FUNG-0454:G004,M4-FUNG-0454:S003,evidenced_by
M4-FUNG-0454:G004,M4-FUNG-0454:S005,evidenced_by
M4-FUNG-0454:G005,M4-FUNG-0454:S003,evidenced_by
M4-FUNG-0454:G006,M4-FUNG-0454:S003,evidenced_by
M4-FUNG-0455:G001,M4-FUNG-0455:S003,evidenced_by
M4-FUNG-0455:G002,M4-FUNG-0455:S003,evidenced_by
M4-FUNG-0455:G002,M4-FUNG-0455:S006,evidenced_by
M4-FUNG-0455:G003,M4-FUNG-0455:S002,evidenced_by
M4-FUNG-0455:G003,M4-FUNG-0455:S003,evidenced_by
M4-FUNG-0456:G001,M4-FUNG-0456:S002,evidenced_by
M4-FUNG-0456:G001,M4-FUNG-0456:S003,evidenced_by
M4-FUNG-0456:G002,M4-FUNG-0456:S002,evidenced_by
M4-FUNG-0456:G002,M4-FUNG-0456:S003,evidenced_by
M4-FUNG-0456:G003,M4-FUNG-0456:S002,evidenced_by
M4-FUNG-0456:G003,M4-FUNG-0456:S003,evidenced_by
M4-FUNG-0456:G004,M4-FUNG-0456:S002,evidenced_by
M4-FUNG-0456:G004,M4-FUNG-0456:S003,evidenced_by
M4-FUNG-0456:G005,M4-FUNG-0456:S002,evidenced_by
M4-FUNG-0456:G005,M4-FUNG-0456:S003,evidenced_by
M4-FUNG-0456:G006,M4-FUNG-0456:S002,evidenced_by
M4-FUNG-0456:G006,M4-FUNG-0456:S003,evidenced_by
M4-FUNG-0457:G001,M4-FUNG-0457:S003,evidenced_by
M4-FUNG-0457:G002,M4-FUNG-0457:S003,evidenced_by
M4-FUNG-0457:G003,M4-FUNG-0457:S003,evidenced_by
M4-FUNG-0457:G003,M4-FUNG-0457:S006,evidenced_by
M4-FUNG-0457:G004,M4-FUNG-0457:S003,evidenced_by
M4-FUNG-0457:G004,M4-FUNG-0457:S006,evidenced_by
M4-FUNG-0457:G005,M4-FUNG-0457:S003,evidenced_by
M4-FUNG-0457:G005,M4-FUNG-0457:S006,evidenced_by
M4-FUNG-0457:G006,M4-FUNG-0457:S003,evidenced_by
M4-FUNG-0457:G006,M4-FUNG-0457:S006,evidenced_by
M4-FUNG-0458:G001,M4-FUNG-0458:S002,evidenced_by
M4-FUNG-0458:G001,M4-FUNG-0458:S003,evidenced_by
M4-FUNG-0458:G002,M4-FUNG-0458:S002,evidenced_by
M4-FUNG-0458:G002,M4-FUNG-0458:S003,evidenced_by
M4-FUNG-0458:G003,M4-FUNG-0458:S002,evidenced_by
M4-FUNG-0458:G003,M4-FUNG-0458:S003,evidenced_by
M4-FUNG-0458:G004,M4-FUNG-0458:S002,evidenced_by
M4-FUNG-0458:G004,M4-FUNG-0458:S003,evidenced_by
M4-FUNG-0458:G005,M4-FUNG-0458:S002,evidenced_by
M4-FUNG-0458:G005,M4-FUNG-0458:S003,evidenced_by
M4-FUNG-0458:G006,M4-FUNG-0458:S002,evidenced_by
M4-FUNG-0458:G006,M4-FUNG-0458:S003,evidenced_by
M4-FUNG-0458:G007,M4-FUNG-0458:S002,evidenced_by
M4-FUNG-0458:G007,M4-FUNG-0458:S003,evidenced_by
M4-FUNG-0459:G001,M4-FUNG-0459:S002,evidenced_by
M4-FUNG-0459:G001,M4-FUNG-0459:S003,evidenced_by
M4-FUNG-0459:G002,M4-FUNG-0459:S002,evidenced_by
M4-FUNG-0459:G002,M4-FUNG-0459:S003,evidenced_by
M4-FUNG-0459:G003,M4-FUNG-0459:S002,evidenced_by
M4-FUNG-0459:G004,M4-FUNG-0459:S003,evidenced_by
M4-FUNG-0459:G005,M4-FUNG-0459:S003,evidenced_by
M4-FUNG-0459:G006,M4-FUNG-0459:S002,evidenced_by
M4-FUNG-0459:G006,M4-FUNG-0459:S006,evidenced_by
M4-FUNG-0460:G001,M4-FUNG-0460:S003,evidenced_by
M4-FUNG-0460:G002,M4-FUNG-0460:S003,evidenced_by
M4-FUNG-0460:G003,M4-FUNG-0460:S003,evidenced_by
M4-FUNG-0460:G004,M4-FUNG-0460:S003,evidenced_by
M4-FUNG-0460:G005,M4-FUNG-0460:S003,evidenced_by
M4-FUNG-0460:G006,M4-FUNG-0460:S003,evidenced_by
M4-FUNG-0461:G001,M4-FUNG-0461:S004,evidenced_by
M4-FUNG-0462:G001,M4-FUNG-0462:S003,evidenced_by
M4-FUNG-0462:G002,M4-FUNG-0462:S004,evidenced_by
M4-FUNG-0463:G001,M4-FUNG-0463:S003,evidenced_by
M4-FUNG-0465:G001,M4-FUNG-0465:S002,evidenced_by
M4-FUNG-0465:G002,M4-FUNG-0465:S002,evidenced_by
M4-FUNG-0465:G003,M4-FUNG-0465:S003,evidenced_by
M4-FUNG-0465:G004,M4-FUNG-0465:S002,evidenced_by
M4-FUNG-0465:G005,M4-FUNG-0465:S003,evidenced_by
M4-FUNG-0465:G006,M4-FUNG-0465:S002,evidenced_by
M4-FUNG-0465:G007,M4-FUNG-0465:S002,evidenced_by
M4-FUNG-0466:G001,M4-FUNG-0466:S003,evidenced_by
M4-FUNG-0466:G002,M4-FUNG-0466:S003,evidenced_by
M4-FUNG-0466:G003,M4-FUNG-0466:S002,evidenced_by
M4-FUNG-0466:G003,M4-FUNG-0466:S003,evidenced_by
M4-FUNG-0466:G004,M4-FUNG-0466:S002,evidenced_by
M4-FUNG-0467:G001,M4-FUNG-0467:S003,evidenced_by
M4-FUNG-0467:G002,M4-FUNG-0467:S003,evidenced_by
M4-FUNG-0467:G003,M4-FUNG-0467:S003,evidenced_by
M4-FUNG-0468:G001,M4-FUNG-0468:S002,evidenced_by
M4-FUNG-0468:G001,M4-FUNG-0468:S003,evidenced_by
M4-FUNG-0468:G002,M4-FUNG-0468:S002,evidenced_by
M4-FUNG-0468:G002,M4-FUNG-0468:S003,evidenced_by
M4-FUNG-0468:G003,M4-FUNG-0468:S002,evidenced_by
M4-FUNG-0468:G003,M4-FUNG-0468:S003,evidenced_by
M4-FUNG-0468:G004,M4-FUNG-0468:S003,evidenced_by
M4-FUNG-0469:G001,M4-FUNG-0469:S002,evidenced_by
M4-FUNG-0469:G001,M4-FUNG-0469:S003,evidenced_by
M4-FUNG-0469:G002,M4-FUNG-0469:S002,evidenced_by
M4-FUNG-0469:G002,M4-FUNG-0469:S003,evidenced_by
M4-FUNG-0469:G003,M4-FUNG-0469:S002,evidenced_by
M4-FUNG-0469:G003,M4-FUNG-0469:S003,evidenced_by
M4-FUNG-0469:G004,M4-FUNG-0469:S002,evidenced_by
M4-FUNG-0469:G004,M4-FUNG-0469:S003,evidenced_by
M4-FUNG-0469:G005,M4-FUNG-0469:S002,evidenced_by
M4-FUNG-0469:G005,M4-FUNG-0469:S003,evidenced_by
M4-FUNG-0469:G006,M4-FUNG-0469:S002,evidenced_by
M4-FUNG-0469:G006,M4-FUNG-0469:S003,evidenced_by
M4-FUNG-0469:G007,M4-FUNG-0469:S002,evidenced_by
M4-FUNG-0469:G007,M4-FUNG-0469:S003,evidenced_by
M4-FUNG-0470:G001,M4-FUNG-0470:S002,evidenced_by
M4-FUNG-0470:G001,M4-FUNG-0470:S003,evidenced_by
M4-FUNG-0470:G002,M4-FUNG-0470:S002,evidenced_by
M4-FUNG-0470:G003,M4-FUNG-0470:S002,evidenced_by
M4-FUNG-0470:G004,M4-FUNG-0470:S002,evidenced_by
M4-FUNG-0470:G005,M4-FUNG-0470:S002,evidenced_by
M4-FUNG-0472:G001,M4-FUNG-0472:S002,evidenced_by
M4-FUNG-0472:G001,M4-FUNG-0472:S003,evidenced_by
M4-FUNG-0472:G002,M4-FUNG-0472:S002,evidenced_by
M4-FUNG-0472:G002,M4-FUNG-0472:S003,evidenced_by
M4-FUNG-0472:G003,M4-FUNG-0472:S002,evidenced_by
M4-FUNG-0472:G003,M4-FUNG-0472:S003,evidenced_by
M4-FUNG-0473:G001,M4-FUNG-0473:S003,evidenced_by
M4-FUNG-0473:G002,M4-FUNG-0473:S003,evidenced_by
M4-FUNG-0473:G003,M4-FUNG-0473:S003,evidenced_by
M4-FUNG-0474:G001,M4-FUNG-0474:S003,evidenced_by
M4-FUNG-0474:G002,M4-FUNG-0474:S003,evidenced_by
M4-FUNG-0474:G003,M4-FUNG-0474:S003,evidenced_by
M4-FUNG-0475:G001,M4-FUNG-0475:S003,evidenced_by
M4-FUNG-0476:G001,M4-FUNG-0476:S003,evidenced_by
M4-FUNG-0476:G002,M4-FUNG-0476:S003,evidenced_by
M4-FUNG-0477:G001,M4-FUNG-0477:S003,evidenced_by
M4-FUNG-0478:G001,M4-FUNG-0478:S003,evidenced_by
M4-FUNG-0479:G001,M4-FUNG-0479:S002,evidenced_by
M4-FUNG-0479:G001,M4-FUNG-0479:S004,evidenced_by
M4-FUNG-0479:G002,M4-FUNG-0479:S002,evidenced_by
M4-FUNG-0479:G002,M4-FUNG-0479:S005,evidenced_by
M4-FUNG-0479:G003,M4-FUNG-0479:S002,evidenced_by
M4-FUNG-0479:G003,M4-FUNG-0479:S005,evidenced_by
M4-FUNG-0479:G004,M4-FUNG-0479:S002,evidenced_by
M4-FUNG-0479:G004,M4-FUNG-0479:S003,evidenced_by
M4-FUNG-0479:G005,M4-FUNG-0479:S002,evidenced_by
M4-FUNG-0479:G005,M4-FUNG-0479:S005,evidenced_by
M4-FUNG-0483:G001,M4-FUNG-0483:S003,evidenced_by
M4-FUNG-0483:G002,M4-FUNG-0483:S003,evidenced_by
M4-FUNG-0483:G003,M4-FUNG-0483:S003,evidenced_by
M4-FUNG-0484:G001,M4-FUNG-0484:S003,evidenced_by
M4-FUNG-0484:G002,M4-FUNG-0484:S003,evidenced_by
M4-FUNG-0484:G003,M4-FUNG-0484:S002,evidenced_by
M4-FUNG-0484:G003,M4-FUNG-0484:S003,evidenced_by
M4-FUNG-0484:G004,M4-FUNG-0484:S002,evidenced_by
M4-FUNG-0484:G004,M4-FUNG-0484:S003,evidenced_by
M4-FUNG-0485:G001,M4-FUNG-0485:S002,evidenced_by
M4-FUNG-0485:G002,M4-FUNG-0485:S002,evidenced_by
M4-FUNG-0486:G001,M4-FUNG-0486:S003,evidenced_by
M4-FUNG-0486:G002,M4-FUNG-0486:S003,evidenced_by
M4-FUNG-0486:G003,M4-FUNG-0486:S003,evidenced_by
M4-FUNG-0486:G004,M4-FUNG-0486:S003,evidenced_by
M4-FUNG-0486:G005,M4-FUNG-0486:S003,evidenced_by
M4-FUNG-0487:G001,M4-FUNG-0487:S003,evidenced_by
M4-FUNG-0487:G002,M4-FUNG-0487:S003,evidenced_by
M4-FUNG-0487:G003,M4-FUNG-0487:S003,evidenced_by
M4-FUNG-0487:G004,M4-FUNG-0487:S003,evidenced_by
M4-FUNG-0487:G005,M4-FUNG-0487:S003,evidenced_by
M4-FUNG-0488:G001,M4-FUNG-0488:S003,evidenced_by
M4-FUNG-0488:G002,M4-FUNG-0488:S003,evidenced_by
M4-FUNG-0488:G003,M4-FUNG-0488:S003,evidenced_by
M4-FUNG-0488:G004,M4-FUNG-0488:S003,evidenced_by
M4-FUNG-0488:G005,M4-FUNG-0488:S003,evidenced_by
M4-FUNG-0489:G001,M4-FUNG-0489:S003,evidenced_by
M4-FUNG-0489:G002,M4-FUNG-0489:S003,evidenced_by
M4-FUNG-0489:G003,M4-FUNG-0489:S003,evidenced_by
M4-FUNG-0489:G004,M4-FUNG-0489:S003,evidenced_by
M4-FUNG-0489:G005,M4-FUNG-0489:S003,evidenced_by
M4-FUNG-0490:G001,M4-FUNG-0490:S003,evidenced_by
M4-FUNG-0490:G002,M4-FUNG-0490:S003,evidenced_by
M4-FUNG-0490:G003,M4-FUNG-0490:S003,evidenced_by
M4-FUNG-0490:G004,M4-FUNG-0490:S003,evidenced_by
M4-FUNG-0490:G005,M4-FUNG-0490:S003,evidenced_by
M4-FUNG-0491:G001,M4-FUNG-0491:S002,evidenced_by
M4-FUNG-0491:G001,M4-FUNG-0491:S003,evidenced_by
M4-FUNG-0491:G002,M4-FUNG-0491:S002,evidenced_by
M4-FUNG-0491:G002,M4-FUNG-0491:S003,evidenced_by
M4-FUNG-0492:G001,M4-FUNG-0492:S002,evidenced_by
M4-FUNG-0492:G001,M4-FUNG-0492:S003,evidenced_by
M4-FUNG-0492:G002,M4-FUNG-0492:S002,evidenced_by
M4-FUNG-0492:G002,M4-FUNG-0492:S003,evidenced_by
M4-FUNG-0492:G003,M4-FUNG-0492:S002,evidenced_by
M4-FUNG-0492:G003,M4-FUNG-0492:S003,evidenced_by
M4-FUNG-0492:G004,M4-FUNG-0492:S002,evidenced_by
M4-FUNG-0492:G004,M4-FUNG-0492:S003,evidenced_by
M4-FUNG-0492:G005,M4-FUNG-0492:S002,evidenced_by
M4-FUNG-0492:G005,M4-FUNG-0492:S003,evidenced_by
M4-FUNG-0492:G006,M4-FUNG-0492:S002,evidenced_by
M4-FUNG-0492:G006,M4-FUNG-0492:S003,evidenced_by
M4-FUNG-0493:G001,M4-FUNG-0493:S002,evidenced_by
M4-FUNG-0493:G001,M4-FUNG-0493:S003,evidenced_by
M4-FUNG-0493:G002,M4-FUNG-0493:S002,evidenced_by
M4-FUNG-0493:G002,M4-FUNG-0493:S003,evidenced_by
M4-FUNG-0493:G003,M4-FUNG-0493:S002,evidenced_by
M4-FUNG-0493:G003,M4-FUNG-0493:S003,evidenced_by
M4-FUNG-0493:G004,M4-FUNG-0493:S002,evidenced_by
M4-FUNG-0493:G004,M4-FUNG-0493:S003,evidenced_by
M4-FUNG-0493:G005,M4-FUNG-0493:S002,evidenced_by
M4-FUNG-0493:G005,M4-FUNG-0493:S003,evidenced_by
M4-FUNG-0493:G006,M4-FUNG-0493:S002,evidenced_by
M4-FUNG-0493:G006,M4-FUNG-0493:S003,evidenced_by
M4-FUNG-0493:G007,M4-FUNG-0493:S002,evidenced_by
M4-FUNG-0493:G007,M4-FUNG-0493:S003,evidenced_by
M4-FUNG-0493:G008,M4-FUNG-0493:S002,evidenced_by
M4-FUNG-0493:G008,M4-FUNG-0493:S003,evidenced_by
M4-FUNG-0494:G001,M4-FUNG-0494:S002,evidenced_by
M4-FUNG-0494:G001,M4-FUNG-0494:S003,evidenced_by
M4-FUNG-0494:G001,M4-FUNG-0494:S005,evidenced_by
M4-FUNG-0494:G002,M4-FUNG-0494:S002,evidenced_by
M4-FUNG-0494:G002,M4-FUNG-0494:S003,evidenced_by
M4-FUNG-0494:G002,M4-FUNG-0494:S005,evidenced_by
M4-FUNG-0494:G003,M4-FUNG-0494:S002,evidenced_by
M4-FUNG-0494:G003,M4-FUNG-0494:S003,evidenced_by
M4-FUNG-0494:G003,M4-FUNG-0494:S005,evidenced_by
M4-FUNG-0494:G004,M4-FUNG-0494:S002,evidenced_by
M4-FUNG-0494:G004,M4-FUNG-0494:S003,evidenced_by
M4-FUNG-0494:G004,M4-FUNG-0494:S005,evidenced_by
M4-FUNG-0494:G005,M4-FUNG-0494:S002,evidenced_by
M4-FUNG-0494:G005,M4-FUNG-0494:S003,evidenced_by
M4-FUNG-0494:G005,M4-FUNG-0494:S005,evidenced_by
M4-FUNG-0494:G006,M4-FUNG-0494:S002,evidenced_by
M4-FUNG-0494:G006,M4-FUNG-0494:S003,evidenced_by
M4-FUNG-0494:G006,M4-FUNG-0494:S005,evidenced_by
M4-FUNG-0494:G007,M4-FUNG-0494:S002,evidenced_by
M4-FUNG-0494:G007,M4-FUNG-0494:S003,evidenced_by
M4-FUNG-0494:G007,M4-FUNG-0494:S005,evidenced_by
M4-FUNG-0494:G008,M4-FUNG-0494:S002,evidenced_by
M4-FUNG-0494:G008,M4-FUNG-0494:S003,evidenced_by
M4-FUNG-0494:G008,M4-FUNG-0494:S005,evidenced_by
M4-FUNG-0495:G001,M4-FUNG-0495:S003,evidenced_by
M4-FUNG-0495:G002,M4-FUNG-0495:S003,evidenced_by
M4-FUNG-0495:G003,M4-FUNG-0495:S003,evidenced_by
M4-FUNG-0496:G001,M4-FUNG-0496:S003,evidenced_by
M4-FUNG-0496:G002,M4-FUNG-0496:S003,evidenced_by
M4-FUNG-0497:G001,M4-FUNG-0497:S003,evidenced_by
M4-FUNG-0498:G001,M4-FUNG-0498:S003,evidenced_by
M4-FUNG-0498:G002,M4-FUNG-0498:S004,evidenced_by
M4-FUNG-0498:G003,M4-FUNG-0498:S004,evidenced_by
M4-FUNG-0499:G001,M4-FUNG-0499:S003,evidenced_by
M4-FUNG-0500:G001,M4-FUNG-0500:S003,evidenced_by
M4-FUNG-0500:G002,M4-FUNG-0500:S003,evidenced_by
M4-FUNG-0501:G001,M4-FUNG-0501:S004,evidenced_by
M4-FUNG-0501:G002,M4-FUNG-0501:S004,evidenced_by
M4-FUNG-0502:G001,M4-FUNG-0502:S003,evidenced_by
M4-FUNG-0503:G001,M4-FUNG-0503:S003,evidenced_by
M4-FUNG-0503:G002,M4-FUNG-0503:S003,evidenced_by
M4-FUNG-0503:G003,M4-FUNG-0503:S003,evidenced_by
M4-FUNG-0503:G004,M4-FUNG-0503:S003,evidenced_by
M4-FUNG-0503:G005,M4-FUNG-0503:S003,evidenced_by
M4-FUNG-0503:G006,M4-FUNG-0503:S003,evidenced_by
M4-FUNG-0504:G001,M4-FUNG-0504:S003,evidenced_by
M4-FUNG-0504:G002,M4-FUNG-0504:S003,evidenced_by
M4-FUNG-0505:G001,M4-FUNG-0505:S003,evidenced_by
M4-FUNG-0505:G002,M4-FUNG-0505:S003,evidenced_by
M4-FUNG-0505:G003,M4-FUNG-0505:S003,evidenced_by
M4-FUNG-0505:G004,M4-FUNG-0505:S003,evidenced_by
M4-FUNG-0506:G001,M4-FUNG-0506:S001,evidenced_by
M4-FUNG-0506:G001,M4-FUNG-0506:S003,evidenced_by
M4-FUNG-0506:G002,M4-FUNG-0506:S001,evidenced_by
M4-FUNG-0506:G002,M4-FUNG-0506:S003,evidenced_by
M4-FUNG-0507:G001,M4-FUNG-0507:S001,evidenced_by
M4-FUNG-0507:G001,M4-FUNG-0507:S003,evidenced_by
M4-FUNG-0507:G001,M4-FUNG-0507:S004,evidenced_by
M4-FUNG-0508:G001,M4-FUNG-0508:S003,evidenced_by
M4-FUNG-0508:G001,M4-FUNG-0508:S005,evidenced_by
M4-FUNG-0508:G002,M4-FUNG-0508:S003,evidenced_by
M4-FUNG-0508:G002,M4-FUNG-0508:S004,evidenced_by
M4-FUNG-0508:G003,M4-FUNG-0508:S005,evidenced_by
M4-FUNG-0508:G004,M4-FUNG-0508:S003,evidenced_by
M4-FUNG-0508:G004,M4-FUNG-0508:S005,evidenced_by
M4-FUNG-0508:G005,M4-FUNG-0508:S003,evidenced_by
M4-FUNG-0508:G005,M4-FUNG-0508:S005,evidenced_by
M4-FUNG-0508:G006,M4-FUNG-0508:S005,evidenced_by
M4-FUNG-0509:G001,M4-FUNG-0509:S003,evidenced_by
M4-FUNG-0509:G002,M4-FUNG-0509:S003,evidenced_by
M4-FUNG-0509:G003,M4-FUNG-0509:S003,evidenced_by
M4-FUNG-0510:G001,M4-FUNG-0510:S003,evidenced_by
M4-FUNG-0510:G002,M4-FUNG-0510:S003,evidenced_by
M4-FUNG-0511:G001,M4-FUNG-0511:S003,evidenced_by
M4-FUNG-0511:G002,M4-FUNG-0511:S003,evidenced_by
M4-FUNG-0511:G003,M4-FUNG-0511:S003,evidenced_by
M4-FUNG-0511:G004,M4-FUNG-0511:S003,evidenced_by
M4-FUNG-0511:G005,M4-FUNG-0511:S003,evidenced_by
M4-FUNG-0512:G001,M4-FUNG-0512:S003,evidenced_by
M4-FUNG-0512:G002,M4-FUNG-0512:S003,evidenced_by
M4-FUNG-0512:G003,M4-FUNG-0512:S003,evidenced_by
M4-FUNG-0512:G004,M4-FUNG-0512:S003,evidenced_by
M4-FUNG-0512:G005,M4-FUNG-0512:S003,evidenced_by
M4-FUNG-0512:G006,M4-FUNG-0512:S003,evidenced_by
M4-FUNG-0512:G007,M4-FUNG-0512:S003,evidenced_by
M4-FUNG-0513:G001,M4-FUNG-0513:S003,evidenced_by
M4-FUNG-0513:G002,M4-FUNG-0513:S003,evidenced_by
M4-FUNG-0513:G003,M4-FUNG-0513:S003,evidenced_by
M4-FUNG-0513:G004,M4-FUNG-0513:S003,evidenced_by
M4-FUNG-0513:G005,M4-FUNG-0513:S003,evidenced_by
M4-FUNG-0513:G006,M4-FUNG-0513:S003,evidenced_by
M4-FUNG-0513:G007,M4-FUNG-0513:S003,evidenced_by
M4-FUNG-0514:G001,M4-FUNG-0514:S003,evidenced_by
M4-FUNG-0514:G002,M4-FUNG-0514:S003,evidenced_by
M4-FUNG-0514:G003,M4-FUNG-0514:S003,evidenced_by
M4-FUNG-0514:G004,M4-FUNG-0514:S003,evidenced_by
M4-FUNG-0515:G001,M4-FUNG-0515:S003,evidenced_by
M4-FUNG-0515:G002,M4-FUNG-0515:S003,evidenced_by
M4-FUNG-0515:G003,M4-FUNG-0515:S001,evidenced_by
M4-FUNG-0515:G003,M4-FUNG-0515:S003,evidenced_by
M4-FUNG-0516:G001,M4-FUNG-0516:S003,evidenced_by
M4-FUNG-0516:G002,M4-FUNG-0516:S003,evidenced_by
M4-FUNG-0517:G001,M4-FUNG-0517:S001,evidenced_by
M4-FUNG-0517:G001,M4-FUNG-0517:S003,evidenced_by
M4-FUNG-0517:G002,M4-FUNG-0517:S001,evidenced_by
M4-FUNG-0517:G002,M4-FUNG-0517:S003,evidenced_by
M4-FUNG-0518:G001,M4-FUNG-0518:S003,evidenced_by
M4-FUNG-0518:G002,M4-FUNG-0518:S003,evidenced_by
M4-FUNG-0518:G003,M4-FUNG-0518:S003,evidenced_by
M4-FUNG-0518:G004,M4-FUNG-0518:S003,evidenced_by
M4-FUNG-0518:G005,M4-FUNG-0518:S003,evidenced_by
M4-FUNG-0518:G006,M4-FUNG-0518:S003,evidenced_by
M4-FUNG-0519:G001,M4-FUNG-0519:S003,evidenced_by
M4-FUNG-0519:G002,M4-FUNG-0519:S003,evidenced_by
M4-FUNG-0519:G003,M4-FUNG-0519:S003,evidenced_by
M4-FUNG-0520:G001,M4-FUNG-0520:S003,evidenced_by
M4-FUNG-0520:G002,M4-FUNG-0520:S003,evidenced_by
M4-FUNG-0520:G003,M4-FUNG-0520:S003,evidenced_by
M4-FUNG-0521:G001,M4-FUNG-0521:S001,evidenced_by
M4-FUNG-0521:G001,M4-FUNG-0521:S003,evidenced_by
M4-FUNG-0521:G002,M4-FUNG-0521:S001,evidenced_by
M4-FUNG-0521:G002,M4-FUNG-0521:S003,evidenced_by
M4-FUNG-0521:G003,M4-FUNG-0521:S001,evidenced_by
M4-FUNG-0521:G003,M4-FUNG-0521:S003,evidenced_by
M4-FUNG-0522:G001,M4-FUNG-0522:S001,evidenced_by
M4-FUNG-0522:G001,M4-FUNG-0522:S004,evidenced_by
M4-FUNG-0522:G002,M4-FUNG-0522:S001,evidenced_by
M4-FUNG-0522:G002,M4-FUNG-0522:S003,evidenced_by
M4-FUNG-0522:G002,M4-FUNG-0522:S004,evidenced_by
M4-FUNG-0522:G003,M4-FUNG-0522:S001,evidenced_by
M4-FUNG-0522:G003,M4-FUNG-0522:S004,evidenced_by
M4-FUNG-0522:G004,M4-FUNG-0522:S001,evidenced_by
M4-FUNG-0522:G004,M4-FUNG-0522:S004,evidenced_by
M4-FUNG-0522:G005,M4-FUNG-0522:S001,evidenced_by
M4-FUNG-0522:G005,M4-FUNG-0522:S004,evidenced_by
M4-FUNG-0522:G006,M4-FUNG-0522:S001,evidenced_by
M4-FUNG-0522:G006,M4-FUNG-0522:S003,evidenced_by
M4-FUNG-0522:G006,M4-FUNG-0522:S004,evidenced_by
M4-FUNG-0523:G001,M4-FUNG-0523:S001,evidenced_by
M4-FUNG-0523:G001,M4-FUNG-0523:S003,evidenced_by
M4-FUNG-0523:G002,M4-FUNG-0523:S001,evidenced_by
M4-FUNG-0523:G002,M4-FUNG-0523:S003,evidenced_by
M4-FUNG-0523:G003,M4-FUNG-0523:S001,evidenced_by
M4-FUNG-0523:G003,M4-FUNG-0523:S003,evidenced_by
M4-FUNG-0523:G004,M4-FUNG-0523:S001,evidenced_by
M4-FUNG-0523:G004,M4-FUNG-0523:S003,evidenced_by
M4-FUNG-0523:G005,M4-FUNG-0523:S001,evidenced_by
M4-FUNG-0523:G005,M4-FUNG-0523:S003,evidenced_by
M4-FUNG-0523:G006,M4-FUNG-0523:S001,evidenced_by
M4-FUNG-0523:G006,M4-FUNG-0523:S003,evidenced_by
M4-FUNG-0523:G007,M4-FUNG-0523:S001,evidenced_by
M4-FUNG-0523:G007,M4-FUNG-0523:S003,evidenced_by
M4-FUNG-0523:G008,M4-FUNG-0523:S001,evidenced_by
M4-FUNG-0523:G008,M4-FUNG-0523:S003,evidenced_by
M4-FUNG-0524:G001,M4-FUNG-0524:S001,evidenced_by
M4-FUNG-0524:G001,M4-FUNG-0524:S003,evidenced_by
M4-FUNG-0524:G002,M4-FUNG-0524:S001,evidenced_by
M4-FUNG-0524:G002,M4-FUNG-0524:S003,evidenced_by
M4-FUNG-0524:G003,M4-FUNG-0524:S001,evidenced_by
M4-FUNG-0524:G003,M4-FUNG-0524:S003,evidenced_by
M4-FUNG-0524:G004,M4-FUNG-0524:S001,evidenced_by
M4-FUNG-0524:G004,M4-FUNG-0524:S003,evidenced_by
M4-FUNG-0525:G001,M4-FUNG-0525:S003,evidenced_by
M4-FUNG-0525:G002,M4-FUNG-0525:S003,evidenced_by
M4-FUNG-0525:G003,M4-FUNG-0525:S003,evidenced_by
M4-FUNG-0525:G004,M4-FUNG-0525:S003,evidenced_by
M4-FUNG-0525:G004,M4-FUNG-0525:S006,evidenced_by
M4-FUNG-0525:G005,M4-FUNG-0525:S003,evidenced_by
M4-FUNG-0525:G006,M4-FUNG-0525:S003,evidenced_by
M4-FUNG-0001:M001,M4-FUNG-0001:S002,evidenced_by
M4-FUNG-0001:M001,M4-FUNG-0001:S004,evidenced_by
M4-FUNG-0001:M002,M4-FUNG-0001:S002,evidenced_by
M4-FUNG-0001:M002,M4-FUNG-0001:S004,evidenced_by
M4-FUNG-0001:M003,M4-FUNG-0001:S004,evidenced_by
M4-FUNG-0002:M001,M4-FUNG-0002:S001,evidenced_by
M4-FUNG-0002:M001,M4-FUNG-0002:S007,evidenced_by
M4-FUNG-0003:M001,M4-FUNG-0003:S003,evidenced_by
M4-FUNG-0003:M001,M4-FUNG-0003:S009,evidenced_by
M4-FUNG-0003:M002,M4-FUNG-0003:S003,evidenced_by
M4-FUNG-0003:M002,M4-FUNG-0003:S009,evidenced_by
M4-FUNG-0003:M003,M4-FUNG-0003:S003,evidenced_by
M4-FUNG-0003:M003,M4-FUNG-0003:S009,evidenced_by
M4-FUNG-0003:M004,M4-FUNG-0003:S003,evidenced_by
M4-FUNG-0003:M004,M4-FUNG-0003:S009,evidenced_by
M4-FUNG-0004:M001,M4-FUNG-0004:S001,evidenced_by
M4-FUNG-0004:M001,M4-FUNG-0004:S003,evidenced_by
M4-FUNG-0004:M001,M4-FUNG-0004:S005,evidenced_by
M4-FUNG-0004:M001,M4-FUNG-0004:S006,evidenced_by
M4-FUNG-0004:M001,M4-FUNG-0004:S008,evidenced_by
M4-FUNG-0004:M002,M4-FUNG-0004:S001,evidenced_by
M4-FUNG-0004:M002,M4-FUNG-0004:S005,evidenced_by
M4-FUNG-0005:M001,M4-FUNG-0005:S001,evidenced_by
M4-FUNG-0005:M001,M4-FUNG-0005:S002,evidenced_by
M4-FUNG-0005:M001,M4-FUNG-0005:S003,evidenced_by
M4-FUNG-0005:M001,M4-FUNG-0005:S005,evidenced_by
M4-FUNG-0005:M002,M4-FUNG-0005:S001,evidenced_by
M4-FUNG-0005:M002,M4-FUNG-0005:S002,evidenced_by
M4-FUNG-0005:M002,M4-FUNG-0005:S003,evidenced_by
M4-FUNG-0005:M002,M4-FUNG-0005:S005,evidenced_by
M4-FUNG-0006:M001,M4-FUNG-0006:S001,evidenced_by
M4-FUNG-0006:M001,M4-FUNG-0006:S003,evidenced_by
M4-FUNG-0006:M001,M4-FUNG-0006:S005,evidenced_by
M4-FUNG-0006:M001,M4-FUNG-0006:S006,evidenced_by
M4-FUNG-0006:M001,M4-FUNG-0006:S008,evidenced_by
M4-FUNG-0006:M001,M4-FUNG-0006:S010,evidenced_by
M4-FUNG-0006:M002,M4-FUNG-0006:S001,evidenced_by
M4-FUNG-0006:M002,M4-FUNG-0006:S005,evidenced_by
M4-FUNG-0006:M002,M4-FUNG-0006:S008,evidenced_by
M4-FUNG-0007:M001,M4-FUNG-0007:S001,evidenced_by
M4-FUNG-0007:M001,M4-FUNG-0007:S003,evidenced_by
M4-FUNG-0007:M001,M4-FUNG-0007:S004,evidenced_by
M4-FUNG-0007:M001,M4-FUNG-0007:S006,evidenced_by
M4-FUNG-0007:M001,M4-FUNG-0007:S007,evidenced_by
M4-FUNG-0007:M002,M4-FUNG-0007:S004,evidenced_by
M4-FUNG-0007:M002,M4-FUNG-0007:S005,evidenced_by
M4-FUNG-0007:M002,M4-FUNG-0007:S007,evidenced_by
M4-FUNG-0007:M003,M4-FUNG-0007:S001,evidenced_by
M4-FUNG-0007:M003,M4-FUNG-0007:S003,evidenced_by
M4-FUNG-0007:M003,M4-FUNG-0007:S004,evidenced_by
M4-FUNG-0007:M003,M4-FUNG-0007:S006,evidenced_by
M4-FUNG-0007:M003,M4-FUNG-0007:S007,evidenced_by
M4-FUNG-0007:M004,M4-FUNG-0007:S004,evidenced_by
M4-FUNG-0007:M004,M4-FUNG-0007:S005,evidenced_by
M4-FUNG-0007:M004,M4-FUNG-0007:S007,evidenced_by
M4-FUNG-0008:M001,M4-FUNG-0008:S001,evidenced_by
M4-FUNG-0008:M001,M4-FUNG-0008:S003,evidenced_by
M4-FUNG-0009:M001,M4-FUNG-0009:S001,evidenced_by
M4-FUNG-0009:M001,M4-FUNG-0009:S005,evidenced_by
M4-FUNG-0009:M002,M4-FUNG-0009:S001,evidenced_by
M4-FUNG-0009:M002,M4-FUNG-0009:S005,evidenced_by
M4-FUNG-0009:M003,M4-FUNG-0009:S001,evidenced_by
M4-FUNG-0009:M003,M4-FUNG-0009:S005,evidenced_by
M4-FUNG-0010:M001,M4-FUNG-0010:S001,evidenced_by
M4-FUNG-0010:M001,M4-FUNG-0010:S003,evidenced_by
M4-FUNG-0010:M001,M4-FUNG-0010:S007,evidenced_by
M4-FUNG-0010:M002,M4-FUNG-0010:S007,evidenced_by
M4-FUNG-0010:M002,M4-FUNG-0010:S008,evidenced_by
M4-FUNG-0011:M001,M4-FUNG-0011:S001,evidenced_by
M4-FUNG-0011:M001,M4-FUNG-0011:S003,evidenced_by
M4-FUNG-0011:M001,M4-FUNG-0011:S007,evidenced_by
M4-FUNG-0011:M002,M4-FUNG-0011:S003,evidenced_by
M4-FUNG-0011:M003,M4-FUNG-0011:S003,evidenced_by
M4-FUNG-0011:M004,M4-FUNG-0011:S003,evidenced_by
M4-FUNG-0012:M001,M4-FUNG-0012:S001,evidenced_by
M4-FUNG-0012:M001,M4-FUNG-0012:S003,evidenced_by
M4-FUNG-0012:M001,M4-FUNG-0012:S004,evidenced_by
M4-FUNG-0012:M001,M4-FUNG-0012:S005,evidenced_by
M4-FUNG-0012:M001,M4-FUNG-0012:S006,evidenced_by
M4-FUNG-0012:M002,M4-FUNG-0012:S003,evidenced_by
M4-FUNG-0013:M001,M4-FUNG-0013:S001,evidenced_by
M4-FUNG-0013:M001,M4-FUNG-0013:S005,evidenced_by
M4-FUNG-0013:M002,M4-FUNG-0013:S001,evidenced_by
M4-FUNG-0013:M002,M4-FUNG-0013:S005,evidenced_by
M4-FUNG-0013:M003,M4-FUNG-0013:S001,evidenced_by
M4-FUNG-0013:M003,M4-FUNG-0013:S006,evidenced_by
M4-FUNG-0013:M004,M4-FUNG-0013:S001,evidenced_by
M4-FUNG-0013:M004,M4-FUNG-0013:S006,evidenced_by
M4-FUNG-0013:M005,M4-FUNG-0013:S004,evidenced_by
M4-FUNG-0014:M001,M4-FUNG-0014:S001,evidenced_by
M4-FUNG-0014:M001,M4-FUNG-0014:S003,evidenced_by
M4-FUNG-0014:M001,M4-FUNG-0014:S005,evidenced_by
M4-FUNG-0014:M001,M4-FUNG-0014:S008,evidenced_by
M4-FUNG-0014:M002,M4-FUNG-0014:S003,evidenced_by
M4-FUNG-0014:M002,M4-FUNG-0014:S005,evidenced_by
M4-FUNG-0014:M003,M4-FUNG-0014:S005,evidenced_by
M4-FUNG-0014:M004,M4-FUNG-0014:S005,evidenced_by
M4-FUNG-0015:M001,M4-FUNG-0015:S001,evidenced_by
M4-FUNG-0015:M001,M4-FUNG-0015:S003,evidenced_by
M4-FUNG-0015:M002,M4-FUNG-0015:S003,evidenced_by
M4-FUNG-0015:M002,M4-FUNG-0015:S004,evidenced_by
M4-FUNG-0015:M003,M4-FUNG-0015:S003,evidenced_by
M4-FUNG-0015:M004,M4-FUNG-0015:S006,evidenced_by
M4-FUNG-0015:M005,M4-FUNG-0015:S006,evidenced_by
M4-FUNG-0015:M006,M4-FUNG-0015:S006,evidenced_by
M4-FUNG-0015:M007,M4-FUNG-0015:S007,evidenced_by
M4-FUNG-0015:M008,M4-FUNG-0015:S007,evidenced_by
M4-FUNG-0016:M001,M4-FUNG-0016:S001,evidenced_by
M4-FUNG-0016:M001,M4-FUNG-0016:S003,evidenced_by
M4-FUNG-0016:M002,M4-FUNG-0016:S005,evidenced_by
M4-FUNG-0017:M001,M4-FUNG-0017:S001,evidenced_by
M4-FUNG-0017:M001,M4-FUNG-0017:S003,evidenced_by
M4-FUNG-0017:M001,M4-FUNG-0017:S005,evidenced_by
M4-FUNG-0017:M002,M4-FUNG-0017:S003,evidenced_by
M4-FUNG-0017:M003,M4-FUNG-0017:S003,evidenced_by
M4-FUNG-0018:M001,M4-FUNG-0018:S001,evidenced_by
M4-FUNG-0018:M001,M4-FUNG-0018:S003,evidenced_by
M4-FUNG-0018:M001,M4-FUNG-0018:S008,evidenced_by
M4-FUNG-0018:M002,M4-FUNG-0018:S003,evidenced_by
M4-FUNG-0018:M002,M4-FUNG-0018:S006,evidenced_by
M4-FUNG-0018:M003,M4-FUNG-0018:S003,evidenced_by
M4-FUNG-0018:M003,M4-FUNG-0018:S006,evidenced_by
M4-FUNG-0019:M001,M4-FUNG-0019:S001,evidenced_by
M4-FUNG-0019:M001,M4-FUNG-0019:S008,evidenced_by
M4-FUNG-0019:M002,M4-FUNG-0019:S003,evidenced_by
M4-FUNG-0019:M003,M4-FUNG-0019:S002,evidenced_by
M4-FUNG-0020:M001,M4-FUNG-0020:S001,evidenced_by
M4-FUNG-0020:M001,M4-FUNG-0020:S003,evidenced_by
M4-FUNG-0020:M001,M4-FUNG-0020:S004,evidenced_by
M4-FUNG-0020:M002,M4-FUNG-0020:S001,evidenced_by
M4-FUNG-0020:M002,M4-FUNG-0020:S003,evidenced_by
M4-FUNG-0020:M002,M4-FUNG-0020:S004,evidenced_by
M4-FUNG-0020:M003,M4-FUNG-0020:S001,evidenced_by
M4-FUNG-0020:M003,M4-FUNG-0020:S003,evidenced_by
M4-FUNG-0020:M003,M4-FUNG-0020:S004,evidenced_by
M4-FUNG-0020:M004,M4-FUNG-0020:S004,evidenced_by
M4-FUNG-0020:M005,M4-FUNG-0020:S003,evidenced_by
M4-FUNG-0020:M006,M4-FUNG-0020:S003,evidenced_by
M4-FUNG-0020:M007,M4-FUNG-0020:S003,evidenced_by
M4-FUNG-0021:M001,M4-FUNG-0021:S001,evidenced_by
M4-FUNG-0021:M001,M4-FUNG-0021:S008,evidenced_by
M4-FUNG-0021:M002,M4-FUNG-0021:S001,evidenced_by
M4-FUNG-0021:M003,M4-FUNG-0021:S001,evidenced_by
M4-FUNG-0021:M003,M4-FUNG-0021:S008,evidenced_by
M4-FUNG-0021:M004,M4-FUNG-0021:S018,evidenced_by
M4-FUNG-0021:M005,M4-FUNG-0021:S021,evidenced_by
M4-FUNG-0021:M006,M4-FUNG-0021:S018,evidenced_by
M4-FUNG-0021:M007,M4-FUNG-0021:S006,evidenced_by
M4-FUNG-0021:M007,M4-FUNG-0021:S017,evidenced_by
M4-FUNG-0022:M001,M4-FUNG-0022:S001,evidenced_by
M4-FUNG-0022:M001,M4-FUNG-0022:S003,evidenced_by
M4-FUNG-0022:M001,M4-FUNG-0022:S008,evidenced_by
M4-FUNG-0022:M002,M4-FUNG-0022:S001,evidenced_by
M4-FUNG-0022:M002,M4-FUNG-0022:S003,evidenced_by
M4-FUNG-0022:M003,M4-FUNG-0022:S001,evidenced_by
M4-FUNG-0022:M003,M4-FUNG-0022:S003,evidenced_by
M4-FUNG-0022:M004,M4-FUNG-0022:S001,evidenced_by
M4-FUNG-0022:M004,M4-FUNG-0022:S004,evidenced_by
M4-FUNG-0022:M005,M4-FUNG-0022:S001,evidenced_by
M4-FUNG-0022:M005,M4-FUNG-0022:S004,evidenced_by
M4-FUNG-0023:M001,M4-FUNG-0023:S002,evidenced_by
M4-FUNG-0023:M001,M4-FUNG-0023:S009,evidenced_by
M4-FUNG-0023:M001,M4-FUNG-0023:S012,evidenced_by
M4-FUNG-0023:M002,M4-FUNG-0023:S001,evidenced_by
M4-FUNG-0023:M002,M4-FUNG-0023:S003,evidenced_by
M4-FUNG-0023:M003,M4-FUNG-0023:S001,evidenced_by
M4-FUNG-0023:M003,M4-FUNG-0023:S003,evidenced_by
M4-FUNG-0023:M004,M4-FUNG-0023:S001,evidenced_by
M4-FUNG-0023:M004,M4-FUNG-0023:S010,evidenced_by
M4-FUNG-0023:M005,M4-FUNG-0023:S003,evidenced_by
M4-FUNG-0023:M006,M4-FUNG-0023:S003,evidenced_by
M4-FUNG-0023:M007,M4-FUNG-0023:S003,evidenced_by
M4-FUNG-0023:M008,M4-FUNG-0023:S003,evidenced_by
M4-FUNG-0023:M008,M4-FUNG-0023:S009,evidenced_by
M4-FUNG-0024:M001,M4-FUNG-0024:S001,evidenced_by
M4-FUNG-0024:M001,M4-FUNG-0024:S003,evidenced_by
M4-FUNG-0024:M001,M4-FUNG-0024:S004,evidenced_by
M4-FUNG-0024:M002,M4-FUNG-0024:S001,evidenced_by
M4-FUNG-0024:M002,M4-FUNG-0024:S003,evidenced_by
M4-FUNG-0024:M003,M4-FUNG-0024:S004,evidenced_by
M4-FUNG-0024:M004,M4-FUNG-0024:S004,evidenced_by
M4-FUNG-0024:M005,M4-FUNG-0024:S004,evidenced_by
M4-FUNG-0024:M006,M4-FUNG-0024:S004,evidenced_by
M4-FUNG-0024:M007,M4-FUNG-0024:S004,evidenced_by
M4-FUNG-0025:M001,M4-FUNG-0025:S001,evidenced_by
M4-FUNG-0025:M001,M4-FUNG-0025:S003,evidenced_by
M4-FUNG-0025:M001,M4-FUNG-0025:S006,evidenced_by
M4-FUNG-0025:M002,M4-FUNG-0025:S003,evidenced_by
M4-FUNG-0025:M002,M4-FUNG-0025:S004,evidenced_by
M4-FUNG-0025:M003,M4-FUNG-0025:S003,evidenced_by
M4-FUNG-0025:M003,M4-FUNG-0025:S004,evidenced_by
M4-FUNG-0025:M004,M4-FUNG-0025:S003,evidenced_by
M4-FUNG-0025:M005,M4-FUNG-0025:S003,evidenced_by
M4-FUNG-0025:M006,M4-FUNG-0025:S003,evidenced_by
M4-FUNG-0025:M006,M4-FUNG-0025:S005,evidenced_by
M4-FUNG-0026:M001,M4-FUNG-0026:S001,evidenced_by
M4-FUNG-0026:M001,M4-FUNG-0026:S003,evidenced_by
M4-FUNG-0026:M001,M4-FUNG-0026:S006,evidenced_by
M4-FUNG-0026:M002,M4-FUNG-0026:S003,evidenced_by
M4-FUNG-0026:M002,M4-FUNG-0026:S004,evidenced_by
M4-FUNG-0026:M003,M4-FUNG-0026:S003,evidenced_by
M4-FUNG-0026:M003,M4-FUNG-0026:S004,evidenced_by
M4-FUNG-0026:M004,M4-FUNG-0026:S003,evidenced_by
M4-FUNG-0026:M005,M4-FUNG-0026:S003,evidenced_by
M4-FUNG-0026:M006,M4-FUNG-0026:S003,evidenced_by
M4-FUNG-0027:M001,M4-FUNG-0027:S001,evidenced_by
M4-FUNG-0027:M001,M4-FUNG-0027:S009,evidenced_by
M4-FUNG-0027:M001,M4-FUNG-0027:S010,evidenced_by
M4-FUNG-0027:M002,M4-FUNG-0027:S009,evidenced_by
M4-FUNG-0027:M003,M4-FUNG-0027:S005,evidenced_by
M4-FUNG-0027:M003,M4-FUNG-0027:S007,evidenced_by
M4-FUNG-0027:M004,M4-FUNG-0027:S006,evidenced_by
M4-FUNG-0027:M005,M4-FUNG-0027:S006,evidenced_by
M4-FUNG-0027:M005,M4-FUNG-0027:S008,evidenced_by
M4-FUNG-0027:M006,M4-FUNG-0027:S008,evidenced_by
M4-FUNG-0027:M007,M4-FUNG-0027:S005,evidenced_by
M4-FUNG-0028:M001,M4-FUNG-0028:S001,evidenced_by
M4-FUNG-0028:M001,M4-FUNG-0028:S003,evidenced_by
M4-FUNG-0029:M001,M4-FUNG-0029:S001,evidenced_by
M4-FUNG-0029:M001,M4-FUNG-0029:S006,evidenced_by
M4-FUNG-0029:M001,M4-FUNG-0029:S011,evidenced_by
M4-FUNG-0029:M002,M4-FUNG-0029:S004,evidenced_by
M4-FUNG-0029:M003,M4-FUNG-0029:S011,evidenced_by
M4-FUNG-0030:M001,M4-FUNG-0030:S001,evidenced_by
M4-FUNG-0030:M001,M4-FUNG-0030:S003,evidenced_by
M4-FUNG-0030:M002,M4-FUNG-0030:S003,evidenced_by
M4-FUNG-0030:M003,M4-FUNG-0030:S003,evidenced_by
M4-FUNG-0030:M004,M4-FUNG-0030:S003,evidenced_by
M4-FUNG-0030:M005,M4-FUNG-0030:S003,evidenced_by
M4-FUNG-0030:M006,M4-FUNG-0030:S003,evidenced_by
M4-FUNG-0030:M007,M4-FUNG-0030:S003,evidenced_by
M4-FUNG-0030:M008,M4-FUNG-0030:S003,evidenced_by
M4-FUNG-0031:M001,M4-FUNG-0031:S001,evidenced_by
M4-FUNG-0031:M001,M4-FUNG-0031:S003,evidenced_by
M4-FUNG-0031:M002,M4-FUNG-0031:S001,evidenced_by
M4-FUNG-0031:M002,M4-FUNG-0031:S003,evidenced_by
M4-FUNG-0031:M003,M4-FUNG-0031:S001,evidenced_by
M4-FUNG-0031:M003,M4-FUNG-0031:S004,evidenced_by
M4-FUNG-0031:M003,M4-FUNG-0031:S009,evidenced_by
M4-FUNG-0031:M004,M4-FUNG-0031:S004,evidenced_by
M4-FUNG-0031:M004,M4-FUNG-0031:S009,evidenced_by
M4-FUNG-0031:M005,M4-FUNG-0031:S004,evidenced_by
M4-FUNG-0031:M006,M4-FUNG-0031:S003,evidenced_by
M4-FUNG-0031:M006,M4-FUNG-0031:S006,evidenced_by
M4-FUNG-0031:M007,M4-FUNG-0031:S004,evidenced_by
M4-FUNG-0031:M008,M4-FUNG-0031:S004,evidenced_by
M4-FUNG-0032:M001,M4-FUNG-0032:S001,evidenced_by
M4-FUNG-0032:M001,M4-FUNG-0032:S003,evidenced_by
M4-FUNG-0032:M001,M4-FUNG-0032:S010,evidenced_by
M4-FUNG-0032:M002,M4-FUNG-0032:S003,evidenced_by
M4-FUNG-0032:M002,M4-FUNG-0032:S004,evidenced_by
M4-FUNG-0032:M003,M4-FUNG-0032:S004,evidenced_by
M4-FUNG-0032:M004,M4-FUNG-0032:S004,evidenced_by
M4-FUNG-0032:M005,M4-FUNG-0032:S006,evidenced_by
M4-FUNG-0032:M006,M4-FUNG-0032:S006,evidenced_by
M4-FUNG-0032:M007,M4-FUNG-0032:S008,evidenced_by
M4-FUNG-0032:M007,M4-FUNG-0032:S009,evidenced_by
M4-FUNG-0032:M008,M4-FUNG-0032:S006,evidenced_by
M4-FUNG-0032:M008,M4-FUNG-0032:S007,evidenced_by
M4-FUNG-0032:M009,M4-FUNG-0032:S003,evidenced_by
M4-FUNG-0033:M001,M4-FUNG-0033:S004,evidenced_by
M4-FUNG-0033:M001,M4-FUNG-0033:S012,evidenced_by
M4-FUNG-0033:M002,M4-FUNG-0033:S011,evidenced_by
M4-FUNG-0033:M003,M4-FUNG-0033:S005,evidenced_by
M4-FUNG-0033:M003,M4-FUNG-0033:S008,evidenced_by
M4-FUNG-0033:M004,M4-FUNG-0033:S007,evidenced_by
M4-FUNG-0033:M004,M4-FUNG-0033:S008,evidenced_by
M4-FUNG-0034:M001,M4-FUNG-0034:S001,evidenced_by
M4-FUNG-0034:M001,M4-FUNG-0034:S004,evidenced_by
M4-FUNG-0034:M002,M4-FUNG-0034:S005,evidenced_by
M4-FUNG-0034:M002,M4-FUNG-0034:S006,evidenced_by
M4-FUNG-0034:M003,M4-FUNG-0034:S005,evidenced_by
M4-FUNG-0034:M004,M4-FUNG-0034:S005,evidenced_by
M4-FUNG-0034:M005,M4-FUNG-0034:S006,evidenced_by
M4-FUNG-0034:M005,M4-FUNG-0034:S008,evidenced_by
M4-FUNG-0034:M006,M4-FUNG-0034:S006,evidenced_by
M4-FUNG-0034:M007,M4-FUNG-0034:S006,evidenced_by
M4-FUNG-0034:M008,M4-FUNG-0034:S006,evidenced_by
M4-FUNG-0034:M008,M4-FUNG-0034:S008,evidenced_by
M4-FUNG-0034:M009,M4-FUNG-0034:S006,evidenced_by
M4-FUNG-0034:M009,M4-FUNG-0034:S009,evidenced_by
M4-FUNG-0034:M010,M4-FUNG-0034:S009,evidenced_by
M4-FUNG-0035:M001,M4-FUNG-0035:S003,evidenced_by
M4-FUNG-0035:M001,M4-FUNG-0035:S007,evidenced_by
M4-FUNG-0035:M001,M4-FUNG-0035:S009,evidenced_by
M4-FUNG-0035:M002,M4-FUNG-0035:S003,evidenced_by
M4-FUNG-0035:M002,M4-FUNG-0035:S006,evidenced_by
M4-FUNG-0035:M002,M4-FUNG-0035:S009,evidenced_by
M4-FUNG-0035:M003,M4-FUNG-0035:S003,evidenced_by
M4-FUNG-0035:M003,M4-FUNG-0035:S006,evidenced_by
M4-FUNG-0035:M004,M4-FUNG-0035:S003,evidenced_by
M4-FUNG-0035:M004,M4-FUNG-0035:S006,evidenced_by
M4-FUNG-0035:M004,M4-FUNG-0035:S010,evidenced_by
M4-FUNG-0035:M005,M4-FUNG-0035:S005,evidenced_by
M4-FUNG-0035:M006,M4-FUNG-0035:S005,evidenced_by
M4-FUNG-0035:M007,M4-FUNG-0035:S010,evidenced_by
M4-FUNG-0036:M001,M4-FUNG-0036:S001,evidenced_by
M4-FUNG-0036:M001,M4-FUNG-0036:S008,evidenced_by
M4-FUNG-0036:M002,M4-FUNG-0036:S003,evidenced_by
M4-FUNG-0036:M003,M4-FUNG-0036:S003,evidenced_by
M4-FUNG-0036:M003,M4-FUNG-0036:S005,evidenced_by
M4-FUNG-0036:M004,M4-FUNG-0036:S004,evidenced_by
M4-FUNG-0036:M004,M4-FUNG-0036:S005,evidenced_by
M4-FUNG-0036:M005,M4-FUNG-0036:S004,evidenced_by
M4-FUNG-0036:M005,M4-FUNG-0036:S005,evidenced_by
M4-FUNG-0037:M001,M4-FUNG-0037:S001,evidenced_by
M4-FUNG-0037:M001,M4-FUNG-0037:S003,evidenced_by
M4-FUNG-0037:M002,M4-FUNG-0037:S004,evidenced_by
M4-FUNG-0037:M003,M4-FUNG-0037:S004,evidenced_by
M4-FUNG-0037:M003,M4-FUNG-0037:S005,evidenced_by
M4-FUNG-0037:M004,M4-FUNG-0037:S006,evidenced_by
M4-FUNG-0037:M005,M4-FUNG-0037:S004,evidenced_by
M4-FUNG-0038:M001,M4-FUNG-0038:S001,evidenced_by
M4-FUNG-0038:M001,M4-FUNG-0038:S008,evidenced_by
M4-FUNG-0038:M002,M4-FUNG-0038:S003,evidenced_by
M4-FUNG-0038:M002,M4-FUNG-0038:S004,evidenced_by
M4-FUNG-0038:M002,M4-FUNG-0038:S009,evidenced_by
M4-FUNG-0038:M003,M4-FUNG-0038:S007,evidenced_by
M4-FUNG-0038:M003,M4-FUNG-0038:S009,evidenced_by
M4-FUNG-0038:M004,M4-FUNG-0038:S007,evidenced_by
M4-FUNG-0038:M004,M4-FUNG-0038:S009,evidenced_by
M4-FUNG-0038:M005,M4-FUNG-0038:S006,evidenced_by
M4-FUNG-0038:M006,M4-FUNG-0038:S003,evidenced_by
M4-FUNG-0038:M006,M4-FUNG-0038:S006,evidenced_by
M4-FUNG-0038:M007,M4-FUNG-0038:S006,evidenced_by
M4-FUNG-0038:M007,M4-FUNG-0038:S007,evidenced_by
M4-FUNG-0038:M008,M4-FUNG-0038:S006,evidenced_by
M4-FUNG-0038:M008,M4-FUNG-0038:S007,evidenced_by
M4-FUNG-0038:M009,M4-FUNG-0038:S003,evidenced_by
M4-FUNG-0038:M009,M4-FUNG-0038:S007,evidenced_by
M4-FUNG-0038:M009,M4-FUNG-0038:S009,evidenced_by
M4-FUNG-0038:M010,M4-FUNG-0038:S004,evidenced_by
M4-FUNG-0039:M001,M4-FUNG-0039:S001,evidenced_by
M4-FUNG-0039:M001,M4-FUNG-0039:S003,evidenced_by
M4-FUNG-0039:M002,M4-FUNG-0039:S006,evidenced_by
M4-FUNG-0039:M003,M4-FUNG-0039:S010,evidenced_by
M4-FUNG-0039:M004,M4-FUNG-0039:S010,evidenced_by
M4-FUNG-0039:M005,M4-FUNG-0039:S004,evidenced_by
M4-FUNG-0039:M006,M4-FUNG-0039:S008,evidenced_by
M4-FUNG-0040:M001,M4-FUNG-0040:S001,evidenced_by
M4-FUNG-0040:M001,M4-FUNG-0040:S003,evidenced_by
M4-FUNG-0040:M001,M4-FUNG-0040:S009,evidenced_by
M4-FUNG-0040:M002,M4-FUNG-0040:S003,evidenced_by
M4-FUNG-0040:M003,M4-FUNG-0040:S003,evidenced_by
M4-FUNG-0040:M004,M4-FUNG-0040:S003,evidenced_by
M4-FUNG-0040:M005,M4-FUNG-0040:S003,evidenced_by
M4-FUNG-0040:M005,M4-FUNG-0040:S005,evidenced_by
M4-FUNG-0040:M006,M4-FUNG-0040:S003,evidenced_by
M4-FUNG-0040:M007,M4-FUNG-0040:S003,evidenced_by
M4-FUNG-0040:M008,M4-FUNG-0040:S004,evidenced_by
M4-FUNG-0040:M009,M4-FUNG-0040:S004,evidenced_by
M4-FUNG-0040:M010,M4-FUNG-0040:S004,evidenced_by
M4-FUNG-0040:M011,M4-FUNG-0040:S004,evidenced_by
M4-FUNG-0040:M012,M4-FUNG-0040:S004,evidenced_by
M4-FUNG-0041:M001,M4-FUNG-0041:S003,evidenced_by
M4-FUNG-0041:M001,M4-FUNG-0041:S009,evidenced_by
M4-FUNG-0041:M001,M4-FUNG-0041:S012,evidenced_by
M4-FUNG-0041:M002,M4-FUNG-0041:S009,evidenced_by
M4-FUNG-0041:M002,M4-FUNG-0041:S012,evidenced_by
M4-FUNG-0042:M001,M4-FUNG-0042:S001,evidenced_by
M4-FUNG-0042:M001,M4-FUNG-0042:S003,evidenced_by
M4-FUNG-0042:M001,M4-FUNG-0042:S008,evidenced_by
M4-FUNG-0042:M002,M4-FUNG-0042:S001,evidenced_by
M4-FUNG-0042:M002,M4-FUNG-0042:S003,evidenced_by
M4-FUNG-0042:M003,M4-FUNG-0042:S001,evidenced_by
M4-FUNG-0042:M004,M4-FUNG-0042:S004,evidenced_by
M4-FUNG-0042:M004,M4-FUNG-0042:S005,evidenced_by
M4-FUNG-0042:M004,M4-FUNG-0042:S009,evidenced_by
M4-FUNG-0042:M005,M4-FUNG-0042:S003,evidenced_by
M4-FUNG-0043:M001,M4-FUNG-0043:S001,evidenced_by
M4-FUNG-0043:M001,M4-FUNG-0043:S003,evidenced_by
M4-FUNG-0043:M001,M4-FUNG-0043:S004,evidenced_by
M4-FUNG-0043:M001,M4-FUNG-0043:S006,evidenced_by
M4-FUNG-0043:M001,M4-FUNG-0043:S007,evidenced_by
M4-FUNG-0043:M002,M4-FUNG-0043:S003,evidenced_by
M4-FUNG-0043:M002,M4-FUNG-0043:S004,evidenced_by
M4-FUNG-0043:M002,M4-FUNG-0043:S005,evidenced_by
M4-FUNG-0043:M003,M4-FUNG-0043:S004,evidenced_by
M4-FUNG-0043:M004,M4-FUNG-0043:S004,evidenced_by
M4-FUNG-0043:M005,M4-FUNG-0043:S003,evidenced_by
M4-FUNG-0043:M005,M4-FUNG-0043:S004,evidenced_by
M4-FUNG-0043:M006,M4-FUNG-0043:S003,evidenced_by
M4-FUNG-0043:M006,M4-FUNG-0043:S011,evidenced_by
M4-FUNG-0044:M001,M4-FUNG-0044:S003,evidenced_by
M4-FUNG-0044:M001,M4-FUNG-0044:S004,evidenced_by
M4-FUNG-0044:M001,M4-FUNG-0044:S012,evidenced_by
M4-FUNG-0044:M002,M4-FUNG-0044:S001,evidenced_by
M4-FUNG-0044:M002,M4-FUNG-0044:S013,evidenced_by
M4-FUNG-0044:M003,M4-FUNG-0044:S003,evidenced_by
M4-FUNG-0044:M003,M4-FUNG-0044:S006,evidenced_by
M4-FUNG-0044:M004,M4-FUNG-0044:S003,evidenced_by
M4-FUNG-0044:M004,M4-FUNG-0044:S006,evidenced_by
M4-FUNG-0044:M005,M4-FUNG-0044:S006,evidenced_by
M4-FUNG-0044:M006,M4-FUNG-0044:S006,evidenced_by
M4-FUNG-0044:M007,M4-FUNG-0044:S007,evidenced_by
M4-FUNG-0044:M008,M4-FUNG-0044:S004,evidenced_by
M4-FUNG-0045:M001,M4-FUNG-0045:S001,evidenced_by
M4-FUNG-0045:M001,M4-FUNG-0045:S003,evidenced_by
M4-FUNG-0045:M002,M4-FUNG-0045:S005,evidenced_by
M4-FUNG-0045:M003,M4-FUNG-0045:S004,evidenced_by
M4-FUNG-0046:M001,M4-FUNG-0046:S001,evidenced_by
M4-FUNG-0046:M001,M4-FUNG-0046:S003,evidenced_by
M4-FUNG-0046:M002,M4-FUNG-0046:S003,evidenced_by
M4-FUNG-0046:M003,M4-FUNG-0046:S003,evidenced_by
M4-FUNG-0046:M004,M4-FUNG-0046:S003,evidenced_by
M4-FUNG-0046:M005,M4-FUNG-0046:S003,evidenced_by
M4-FUNG-0047:M001,M4-FUNG-0047:S001,evidenced_by
M4-FUNG-0047:M001,M4-FUNG-0047:S003,evidenced_by
M4-FUNG-0047:M002,M4-FUNG-0047:S003,evidenced_by
M4-FUNG-0047:M003,M4-FUNG-0047:S003,evidenced_by
M4-FUNG-0048:M001,M4-FUNG-0048:S001,evidenced_by
M4-FUNG-0048:M001,M4-FUNG-0048:S003,evidenced_by
M4-FUNG-0048:M002,M4-FUNG-0048:S003,evidenced_by
M4-FUNG-0048:M003,M4-FUNG-0048:S003,evidenced_by
M4-FUNG-0048:M003,M4-FUNG-0048:S004,evidenced_by
M4-FUNG-0049:M001,M4-FUNG-0049:S001,evidenced_by
M4-FUNG-0049:M001,M4-FUNG-0049:S003,evidenced_by
M4-FUNG-0049:M002,M4-FUNG-0049:S003,evidenced_by
M4-FUNG-0049:M003,M4-FUNG-0049:S003,evidenced_by
M4-FUNG-0049:M004,M4-FUNG-0049:S003,evidenced_by
M4-FUNG-0050:M001,M4-FUNG-0050:S001,evidenced_by
M4-FUNG-0050:M001,M4-FUNG-0050:S004,evidenced_by
M4-FUNG-0050:M002,M4-FUNG-0050:S005,evidenced_by
M4-FUNG-0051:M001,M4-FUNG-0051:S001,evidenced_by
M4-FUNG-0051:M001,M4-FUNG-0051:S003,evidenced_by
M4-FUNG-0052:M001,M4-FUNG-0052:S003,evidenced_by
M4-FUNG-0052:M001,M4-FUNG-0052:S005,evidenced_by
M4-FUNG-0052:M002,M4-FUNG-0052:S003,evidenced_by
M4-FUNG-0052:M002,M4-FUNG-0052:S004,evidenced_by
M4-FUNG-0053:M001,M4-FUNG-0053:S003,evidenced_by
M4-FUNG-0053:M002,M4-FUNG-0053:S003,evidenced_by
M4-FUNG-0053:M002,M4-FUNG-0053:S004,evidenced_by
M4-FUNG-0053:M003,M4-FUNG-0053:S005,evidenced_by
M4-FUNG-0053:M004,M4-FUNG-0053:S007,evidenced_by
M4-FUNG-0054:M001,M4-FUNG-0054:S006,evidenced_by
M4-FUNG-0054:M002,M4-FUNG-0054:S006,evidenced_by
M4-FUNG-0054:M003,M4-FUNG-0054:S003,evidenced_by
M4-FUNG-0054:M004,M4-FUNG-0054:S003,evidenced_by
M4-FUNG-0054:M004,M4-FUNG-0054:S005,evidenced_by
M4-FUNG-0055:M001,M4-FUNG-0055:S001,evidenced_by
M4-FUNG-0055:M001,M4-FUNG-0055:S004,evidenced_by
M4-FUNG-0055:M001,M4-FUNG-0055:S005,evidenced_by
M4-FUNG-0056:M001,M4-FUNG-0056:S001,evidenced_by
M4-FUNG-0056:M001,M4-FUNG-0056:S005,evidenced_by
M4-FUNG-0056:M002,M4-FUNG-0056:S005,evidenced_by
M4-FUNG-0056:M003,M4-FUNG-0056:S005,evidenced_by
M4-FUNG-0057:M001,M4-FUNG-0057:S001,evidenced_by
M4-FUNG-0057:M001,M4-FUNG-0057:S004,evidenced_by
M4-FUNG-0057:M002,M4-FUNG-0057:S004,evidenced_by
M4-FUNG-0057:M003,M4-FUNG-0057:S004,evidenced_by
M4-FUNG-0058:M001,M4-FUNG-0058:S004,evidenced_by
M4-FUNG-0058:M002,M4-FUNG-0058:S004,evidenced_by
M4-FUNG-0058:M003,M4-FUNG-0058:S004,evidenced_by
M4-FUNG-0059:M001,M4-FUNG-0059:S001,evidenced_by
M4-FUNG-0059:M001,M4-FUNG-0059:S004,evidenced_by
M4-FUNG-0059:M002,M4-FUNG-0059:S001,evidenced_by
M4-FUNG-0059:M002,M4-FUNG-0059:S004,evidenced_by
M4-FUNG-0059:M003,M4-FUNG-0059:S001,evidenced_by
M4-FUNG-0059:M003,M4-FUNG-0059:S004,evidenced_by
M4-FUNG-0060:M001,M4-FUNG-0060:S001,evidenced_by
M4-FUNG-0060:M001,M4-FUNG-0060:S004,evidenced_by
M4-FUNG-0060:M002,M4-FUNG-0060:S004,evidenced_by
M4-FUNG-0060:M003,M4-FUNG-0060:S004,evidenced_by
M4-FUNG-0060:M004,M4-FUNG-0060:S004,evidenced_by
M4-FUNG-0061:M001,M4-FUNG-0061:S005,evidenced_by
M4-FUNG-0061:M002,M4-FUNG-0061:S001,evidenced_by
M4-FUNG-0061:M002,M4-FUNG-0061:S005,evidenced_by
M4-FUNG-0061:M002,M4-FUNG-0061:S006,evidenced_by
M4-FUNG-0061:M003,M4-FUNG-0061:S001,evidenced_by
M4-FUNG-0061:M003,M4-FUNG-0061:S006,evidenced_by
M4-FUNG-0061:M003,M4-FUNG-0061:S007,evidenced_by
M4-FUNG-0061:M004,M4-FUNG-0061:S001,evidenced_by
M4-FUNG-0061:M004,M4-FUNG-0061:S005,evidenced_by
M4-FUNG-0062:M001,M4-FUNG-0062:S001,evidenced_by
M4-FUNG-0062:M001,M4-FUNG-0062:S004,evidenced_by
M4-FUNG-0062:M002,M4-FUNG-0062:S001,evidenced_by
M4-FUNG-0062:M002,M4-FUNG-0062:S004,evidenced_by
M4-FUNG-0062:M003,M4-FUNG-0062:S001,evidenced_by
M4-FUNG-0062:M003,M4-FUNG-0062:S004,evidenced_by
M4-FUNG-0062:M004,M4-FUNG-0062:S001,evidenced_by
M4-FUNG-0062:M004,M4-FUNG-0062:S004,evidenced_by
M4-FUNG-0062:M005,M4-FUNG-0062:S001,evidenced_by
M4-FUNG-0062:M005,M4-FUNG-0062:S004,evidenced_by
M4-FUNG-0062:M006,M4-FUNG-0062:S001,evidenced_by
M4-FUNG-0062:M006,M4-FUNG-0062:S004,evidenced_by
M4-FUNG-0062:M007,M4-FUNG-0062:S001,evidenced_by
M4-FUNG-0062:M007,M4-FUNG-0062:S004,evidenced_by
M4-FUNG-0062:M008,M4-FUNG-0062:S001,evidenced_by
M4-FUNG-0062:M008,M4-FUNG-0062:S004,evidenced_by
M4-FUNG-0062:M009,M4-FUNG-0062:S001,evidenced_by
M4-FUNG-0062:M009,M4-FUNG-0062:S004,evidenced_by
M4-FUNG-0062:M010,M4-FUNG-0062:S001,evidenced_by
M4-FUNG-0062:M010,M4-FUNG-0062:S004,evidenced_by
M4-FUNG-0063:M001,M4-FUNG-0063:S001,evidenced_by
M4-FUNG-0063:M001,M4-FUNG-0063:S005,evidenced_by
M4-FUNG-0063:M002,M4-FUNG-0063:S001,evidenced_by
M4-FUNG-0063:M002,M4-FUNG-0063:S008,evidenced_by
M4-FUNG-0063:M003,M4-FUNG-0063:S007,evidenced_by
M4-FUNG-0063:M003,M4-FUNG-0063:S008,evidenced_by
M4-FUNG-0064:M001,M4-FUNG-0064:S005,evidenced_by
M4-FUNG-0064:M001,M4-FUNG-0064:S010,evidenced_by
M4-FUNG-0064:M002,M4-FUNG-0064:S006,evidenced_by
M4-FUNG-0064:M002,M4-FUNG-0064:S008,evidenced_by
M4-FUNG-0065:M001,M4-FUNG-0065:S001,evidenced_by
M4-FUNG-0065:M001,M4-FUNG-0065:S003,evidenced_by
M4-FUNG-0065:M001,M4-FUNG-0065:S004,evidenced_by
M4-FUNG-0065:M002,M4-FUNG-0065:S001,evidenced_by
M4-FUNG-0065:M002,M4-FUNG-0065:S003,evidenced_by
M4-FUNG-0065:M003,M4-FUNG-0065:S001,evidenced_by
M4-FUNG-0066:M001,M4-FUNG-0066:S001,evidenced_by
M4-FUNG-0066:M001,M4-FUNG-0066:S003,evidenced_by
M4-FUNG-0066:M002,M4-FUNG-0066:S006,evidenced_by
M4-FUNG-0067:M001,M4-FUNG-0067:S001,evidenced_by
M4-FUNG-0067:M001,M4-FUNG-0067:S003,evidenced_by
M4-FUNG-0067:M002,M4-FUNG-0067:S001,evidenced_by
M4-FUNG-0067:M002,M4-FUNG-0067:S003,evidenced_by
M4-FUNG-0067:M003,M4-FUNG-0067:S001,evidenced_by
M4-FUNG-0067:M003,M4-FUNG-0067:S003,evidenced_by
M4-FUNG-0067:M004,M4-FUNG-0067:S001,evidenced_by
M4-FUNG-0067:M004,M4-FUNG-0067:S003,evidenced_by
M4-FUNG-0068:M001,M4-FUNG-0068:S001,evidenced_by
M4-FUNG-0068:M001,M4-FUNG-0068:S003,evidenced_by
M4-FUNG-0068:M002,M4-FUNG-0068:S001,evidenced_by
M4-FUNG-0068:M002,M4-FUNG-0068:S003,evidenced_by
M4-FUNG-0068:M003,M4-FUNG-0068:S001,evidenced_by
M4-FUNG-0068:M003,M4-FUNG-0068:S003,evidenced_by
M4-FUNG-0068:M004,M4-FUNG-0068:S001,evidenced_by
M4-FUNG-0068:M004,M4-FUNG-0068:S003,evidenced_by
M4-FUNG-0068:M005,M4-FUNG-0068:S001,evidenced_by
M4-FUNG-0068:M005,M4-FUNG-0068:S003,evidenced_by
M4-FUNG-0068:M006,M4-FUNG-0068:S001,evidenced_by
M4-FUNG-0068:M006,M4-FUNG-0068:S003,evidenced_by
M4-FUNG-0068:M007,M4-FUNG-0068:S001,evidenced_by
M4-FUNG-0068:M007,M4-FUNG-0068:S003,evidenced_by
M4-FUNG-0069:M001,M4-FUNG-0069:S001,evidenced_by
M4-FUNG-0069:M001,M4-FUNG-0069:S003,evidenced_by
M4-FUNG-0069:M002,M4-FUNG-0069:S003,evidenced_by
M4-FUNG-0069:M003,M4-FUNG-0069:S003,evidenced_by
M4-FUNG-0069:M004,M4-FUNG-0069:S003,evidenced_by
M4-FUNG-0070:M001,M4-FUNG-0070:S003,evidenced_by
M4-FUNG-0070:M002,M4-FUNG-0070:S003,evidenced_by
M4-FUNG-0070:M003,M4-FUNG-0070:S003,evidenced_by
M4-FUNG-0071:M001,M4-FUNG-0071:S001,evidenced_by
M4-FUNG-0071:M001,M4-FUNG-0071:S004,evidenced_by
M4-FUNG-0071:M001,M4-FUNG-0071:S006,evidenced_by
M4-FUNG-0071:M002,M4-FUNG-0071:S004,evidenced_by
M4-FUNG-0072:M001,M4-FUNG-0072:S001,evidenced_by
M4-FUNG-0072:M001,M4-FUNG-0072:S003,evidenced_by
M4-FUNG-0072:M001,M4-FUNG-0072:S004,evidenced_by
M4-FUNG-0072:M002,M4-FUNG-0072:S004,evidenced_by
M4-FUNG-0072:M003,M4-FUNG-0072:S004,evidenced_by
M4-FUNG-0072:M004,M4-FUNG-0072:S004,evidenced_by
M4-FUNG-0075:M001,M4-FUNG-0075:S001,evidenced_by
M4-FUNG-0075:M001,M4-FUNG-0075:S003,evidenced_by
M4-FUNG-0075:M001,M4-FUNG-0075:S004,evidenced_by
M4-FUNG-0075:M001,M4-FUNG-0075:S005,evidenced_by
M4-FUNG-0075:M001,M4-FUNG-0075:S006,evidenced_by
M4-FUNG-0075:M002,M4-FUNG-0075:S006,evidenced_by
M4-FUNG-0075:M003,M4-FUNG-0075:S006,evidenced_by
M4-FUNG-0076:M001,M4-FUNG-0076:S001,evidenced_by
M4-FUNG-0076:M001,M4-FUNG-0076:S004,evidenced_by
M4-FUNG-0076:M001,M4-FUNG-0076:S008,evidenced_by
M4-FUNG-0076:M002,M4-FUNG-0076:S001,evidenced_by
M4-FUNG-0076:M002,M4-FUNG-0076:S004,evidenced_by
M4-FUNG-0076:M003,M4-FUNG-0076:S001,evidenced_by
M4-FUNG-0076:M003,M4-FUNG-0076:S004,evidenced_by
M4-FUNG-0076:M004,M4-FUNG-0076:S001,evidenced_by
M4-FUNG-0076:M004,M4-FUNG-0076:S008,evidenced_by
M4-FUNG-0077:M001,M4-FUNG-0077:S003,evidenced_by
M4-FUNG-0077:M002,M4-FUNG-0077:S003,evidenced_by
M4-FUNG-0077:M003,M4-FUNG-0077:S003,evidenced_by
M4-FUNG-0426:M001,M4-FUNG-0426:S001,evidenced_by
M4-FUNG-0426:M001,M4-FUNG-0426:S002,evidenced_by
M4-FUNG-0426:M002,M4-FUNG-0426:S001,evidenced_by
M4-FUNG-0426:M002,M4-FUNG-0426:S002,evidenced_by
M4-FUNG-0426:M003,M4-FUNG-0426:S001,evidenced_by
M4-FUNG-0426:M003,M4-FUNG-0426:S002,evidenced_by
M4-FUNG-0426:M004,M4-FUNG-0426:S001,evidenced_by
M4-FUNG-0426:M004,M4-FUNG-0426:S002,evidenced_by
M4-FUNG-0428:M001,M4-FUNG-0428:S003,evidenced_by
M4-FUNG-0429:M001,M4-FUNG-0429:S003,evidenced_by
M4-FUNG-0429:M002,M4-FUNG-0429:S003,evidenced_by
M4-FUNG-0429:M003,M4-FUNG-0429:S003,evidenced_by
M4-FUNG-0429:M003,M4-FUNG-0429:S005,evidenced_by
M4-FUNG-0430:M001,M4-FUNG-0430:S003,evidenced_by
M4-FUNG-0431:M001,M4-FUNG-0431:S003,evidenced_by
M4-FUNG-0431:M002,M4-FUNG-0431:S003,evidenced_by
M4-FUNG-0432:M001,M4-FUNG-0432:S003,evidenced_by
M4-FUNG-0432:M002,M4-FUNG-0432:S003,evidenced_by
M4-FUNG-0432:M002,M4-FUNG-0432:S006,evidenced_by
M4-FUNG-0433:M001,M4-FUNG-0433:S003,evidenced_by
M4-FUNG-0433:M002,M4-FUNG-0433:S001,evidenced_by
M4-FUNG-0433:M002,M4-FUNG-0433:S003,evidenced_by
M4-FUNG-0434:M001,M4-FUNG-0434:S003,evidenced_by
M4-FUNG-0434:M002,M4-FUNG-0434:S001,evidenced_by
M4-FUNG-0434:M002,M4-FUNG-0434:S003,evidenced_by
M4-FUNG-0434:M003,M4-FUNG-0434:S003,evidenced_by
M4-FUNG-0435:M001,M4-FUNG-0435:S003,evidenced_by
M4-FUNG-0435:M002,M4-FUNG-0435:S003,evidenced_by
M4-FUNG-0435:M003,M4-FUNG-0435:S003,evidenced_by
M4-FUNG-0436:M001,M4-FUNG-0436:S002,evidenced_by
M4-FUNG-0436:M001,M4-FUNG-0436:S003,evidenced_by
M4-FUNG-0436:M002,M4-FUNG-0436:S003,evidenced_by
M4-FUNG-0437:M001,M4-FUNG-0437:S001,evidenced_by
M4-FUNG-0437:M001,M4-FUNG-0437:S003,evidenced_by
M4-FUNG-0437:M002,M4-FUNG-0437:S001,evidenced_by
M4-FUNG-0437:M002,M4-FUNG-0437:S003,evidenced_by
M4-FUNG-0437:M002,M4-FUNG-0437:S005,evidenced_by
M4-FUNG-0437:M003,M4-FUNG-0437:S001,evidenced_by
M4-FUNG-0437:M003,M4-FUNG-0437:S003,evidenced_by
M4-FUNG-0437:M003,M4-FUNG-0437:S005,evidenced_by
M4-FUNG-0437:M004,M4-FUNG-0437:S001,evidenced_by
M4-FUNG-0437:M004,M4-FUNG-0437:S003,evidenced_by
M4-FUNG-0437:M005,M4-FUNG-0437:S001,evidenced_by
M4-FUNG-0437:M005,M4-FUNG-0437:S003,evidenced_by
M4-FUNG-0437:M005,M4-FUNG-0437:S005,evidenced_by
M4-FUNG-0438:M001,M4-FUNG-0438:S001,evidenced_by
M4-FUNG-0438:M001,M4-FUNG-0438:S003,evidenced_by
M4-FUNG-0438:M002,M4-FUNG-0438:S003,evidenced_by
M4-FUNG-0439:M001,M4-FUNG-0439:S001,evidenced_by
M4-FUNG-0439:M001,M4-FUNG-0439:S003,evidenced_by
M4-FUNG-0439:M002,M4-FUNG-0439:S003,evidenced_by
M4-FUNG-0440:M001,M4-FUNG-0440:S003,evidenced_by
M4-FUNG-0440:M002,M4-FUNG-0440:S003,evidenced_by
M4-FUNG-0440:M003,M4-FUNG-0440:S003,evidenced_by
M4-FUNG-0440:M004,M4-FUNG-0440:S001,evidenced_by
M4-FUNG-0440:M004,M4-FUNG-0440:S003,evidenced_by
M4-FUNG-0441:M001,M4-FUNG-0441:S001,evidenced_by
M4-FUNG-0441:M001,M4-FUNG-0441:S003,evidenced_by
M4-FUNG-0441:M002,M4-FUNG-0441:S001,evidenced_by
M4-FUNG-0441:M002,M4-FUNG-0441:S003,evidenced_by
M4-FUNG-0441:M003,M4-FUNG-0441:S001,evidenced_by
M4-FUNG-0441:M003,M4-FUNG-0441:S003,evidenced_by
M4-FUNG-0441:M004,M4-FUNG-0441:S001,evidenced_by
M4-FUNG-0441:M004,M4-FUNG-0441:S003,evidenced_by
M4-FUNG-0441:M005,M4-FUNG-0441:S001,evidenced_by
M4-FUNG-0441:M005,M4-FUNG-0441:S002,evidenced_by
M4-FUNG-0441:M005,M4-FUNG-0441:S003,evidenced_by
M4-FUNG-0442:M001,M4-FUNG-0442:S003,evidenced_by
M4-FUNG-0442:M002,M4-FUNG-0442:S001,evidenced_by
M4-FUNG-0442:M002,M4-FUNG-0442:S003,evidenced_by
M4-FUNG-0443:M001,M4-FUNG-0443:S001,evidenced_by
M4-FUNG-0443:M001,M4-FUNG-0443:S003,evidenced_by
M4-FUNG-0443:M002,M4-FUNG-0443:S003,evidenced_by
M4-FUNG-0443:M003,M4-FUNG-0443:S003,evidenced_by
M4-FUNG-0443:M004,M4-FUNG-0443:S003,evidenced_by
M4-FUNG-0443:M005,M4-FUNG-0443:S003,evidenced_by
M4-FUNG-0444:M001,M4-FUNG-0444:S003,evidenced_by
M4-FUNG-0444:M002,M4-FUNG-0444:S001,evidenced_by
M4-FUNG-0444:M002,M4-FUNG-0444:S003,evidenced_by
M4-FUNG-0445:M001,M4-FUNG-0445:S001,evidenced_by
M4-FUNG-0445:M001,M4-FUNG-0445:S003,evidenced_by
M4-FUNG-0445:M002,M4-FUNG-0445:S001,evidenced_by
M4-FUNG-0445:M002,M4-FUNG-0445:S003,evidenced_by
M4-FUNG-0445:M003,M4-FUNG-0445:S001,evidenced_by
M4-FUNG-0445:M003,M4-FUNG-0445:S003,evidenced_by
M4-FUNG-0445:M004,M4-FUNG-0445:S001,evidenced_by
M4-FUNG-0445:M004,M4-FUNG-0445:S003,evidenced_by
M4-FUNG-0446:M001,M4-FUNG-0446:S002,evidenced_by
M4-FUNG-0446:M001,M4-FUNG-0446:S003,evidenced_by
M4-FUNG-0446:M002,M4-FUNG-0446:S001,evidenced_by
M4-FUNG-0446:M002,M4-FUNG-0446:S003,evidenced_by
M4-FUNG-0446:M003,M4-FUNG-0446:S003,evidenced_by
M4-FUNG-0447:M001,M4-FUNG-0447:S003,evidenced_by
M4-FUNG-0447:M002,M4-FUNG-0447:S003,evidenced_by
M4-FUNG-0447:M003,M4-FUNG-0447:S003,evidenced_by
M4-FUNG-0447:M004,M4-FUNG-0447:S003,evidenced_by
M4-FUNG-0448:M001,M4-FUNG-0448:S003,evidenced_by
M4-FUNG-0448:M002,M4-FUNG-0448:S003,evidenced_by
M4-FUNG-0448:M003,M4-FUNG-0448:S003,evidenced_by
M4-FUNG-0449:M001,M4-FUNG-0449:S001,evidenced_by
M4-FUNG-0449:M001,M4-FUNG-0449:S003,evidenced_by
M4-FUNG-0449:M002,M4-FUNG-0449:S001,evidenced_by
M4-FUNG-0449:M002,M4-FUNG-0449:S003,evidenced_by
M4-FUNG-0449:M003,M4-FUNG-0449:S003,evidenced_by
M4-FUNG-0450:M001,M4-FUNG-0450:S001,evidenced_by
M4-FUNG-0450:M001,M4-FUNG-0450:S003,evidenced_by
M4-FUNG-0450:M001,M4-FUNG-0450:S004,evidenced_by
M4-FUNG-0450:M002,M4-FUNG-0450:S001,evidenced_by
M4-FUNG-0450:M002,M4-FUNG-0450:S003,evidenced_by
M4-FUNG-0450:M002,M4-FUNG-0450:S004,evidenced_by
M4-FUNG-0450:M003,M4-FUNG-0450:S001,evidenced_by
M4-FUNG-0450:M003,M4-FUNG-0450:S003,evidenced_by
M4-FUNG-0450:M004,M4-FUNG-0450:S001,evidenced_by
M4-FUNG-0450:M004,M4-FUNG-0450:S003,evidenced_by
M4-FUNG-0450:M005,M4-FUNG-0450:S001,evidenced_by
M4-FUNG-0451:M001,M4-FUNG-0451:S001,evidenced_by
M4-FUNG-0451:M001,M4-FUNG-0451:S005,evidenced_by
M4-FUNG-0451:M001,M4-FUNG-0451:S006,evidenced_by
M4-FUNG-0451:M002,M4-FUNG-0451:S001,evidenced_by
M4-FUNG-0451:M002,M4-FUNG-0451:S003,evidenced_by
M4-FUNG-0451:M002,M4-FUNG-0451:S005,evidenced_by
M4-FUNG-0451:M003,M4-FUNG-0451:S001,evidenced_by
M4-FUNG-0451:M003,M4-FUNG-0451:S004,evidenced_by
M4-FUNG-0451:M004,M4-FUNG-0451:S001,evidenced_by
M4-FUNG-0451:M004,M4-FUNG-0451:S005,evidenced_by
M4-FUNG-0451:M005,M4-FUNG-0451:S001,evidenced_by
M4-FUNG-0451:M005,M4-FUNG-0451:S005,evidenced_by
M4-FUNG-0452:M001,M4-FUNG-0452:S003,evidenced_by
M4-FUNG-0452:M001,M4-FUNG-0452:S005,evidenced_by
M4-FUNG-0452:M002,M4-FUNG-0452:S003,evidenced_by
M4-FUNG-0453:M001,M4-FUNG-0453:S003,evidenced_by
M4-FUNG-0453:M001,M4-FUNG-0453:S005,evidenced_by
M4-FUNG-0453:M002,M4-FUNG-0453:S003,evidenced_by
M4-FUNG-0453:M003,M4-FUNG-0453:S001,evidenced_by
M4-FUNG-0453:M003,M4-FUNG-0453:S003,evidenced_by
M4-FUNG-0453:M003,M4-FUNG-0453:S005,evidenced_by
M4-FUNG-0454:M001,M4-FUNG-0454:S001,evidenced_by
M4-FUNG-0454:M001,M4-FUNG-0454:S003,evidenced_by
M4-FUNG-0454:M002,M4-FUNG-0454:S003,evidenced_by
M4-FUNG-0454:M002,M4-FUNG-0454:S005,evidenced_by
M4-FUNG-0454:M003,M4-FUNG-0454:S003,evidenced_by
M4-FUNG-0454:M004,M4-FUNG-0454:S003,evidenced_by
M4-FUNG-0454:M005,M4-FUNG-0454:S003,evidenced_by
M4-FUNG-0455:M001,M4-FUNG-0455:S003,evidenced_by
M4-FUNG-0455:M002,M4-FUNG-0455:S001,evidenced_by
M4-FUNG-0455:M002,M4-FUNG-0455:S003,evidenced_by
M4-FUNG-0456:M001,M4-FUNG-0456:S003,evidenced_by
M4-FUNG-0456:M002,M4-FUNG-0456:S001,evidenced_by
M4-FUNG-0456:M002,M4-FUNG-0456:S003,evidenced_by
M4-FUNG-0456:M003,M4-FUNG-0456:S001,evidenced_by
M4-FUNG-0456:M003,M4-FUNG-0456:S003,evidenced_by
M4-FUNG-0456:M004,M4-FUNG-0456:S001,evidenced_by
M4-FUNG-0456:M004,M4-FUNG-0456:S003,evidenced_by
M4-FUNG-0456:M005,M4-FUNG-0456:S001,evidenced_by
M4-FUNG-0456:M005,M4-FUNG-0456:S003,evidenced_by
M4-FUNG-0457:M001,M4-FUNG-0457:S001,evidenced_by
M4-FUNG-0457:M001,M4-FUNG-0457:S003,evidenced_by
M4-FUNG-0457:M002,M4-FUNG-0457:S001,evidenced_by
M4-FUNG-0457:M002,M4-FUNG-0457:S003,evidenced_by
M4-FUNG-0457:M003,M4-FUNG-0457:S001,evidenced_by
M4-FUNG-0457:M003,M4-FUNG-0457:S002,evidenced_by
M4-FUNG-0457:M003,M4-FUNG-0457:S003,evidenced_by
M4-FUNG-0458:M001,M4-FUNG-0458:S001,evidenced_by
M4-FUNG-0458:M001,M4-FUNG-0458:S003,evidenced_by
M4-FUNG-0458:M002,M4-FUNG-0458:S003,evidenced_by
M4-FUNG-0458:M003,M4-FUNG-0458:S003,evidenced_by
M4-FUNG-0458:M005,M4-FUNG-0458:S003,evidenced_by
M4-FUNG-0459:M001,M4-FUNG-0459:S003,evidenced_by
M4-FUNG-0459:M002,M4-FUNG-0459:S001,evidenced_by
M4-FUNG-0459:M002,M4-FUNG-0459:S003,evidenced_by
M4-FUNG-0460:M001,M4-FUNG-0460:S003,evidenced_by
M4-FUNG-0460:M001,M4-FUNG-0460:S005,evidenced_by
M4-FUNG-0461:M001,M4-FUNG-0461:S003,evidenced_by
M4-FUNG-0461:M002,M4-FUNG-0461:S001,evidenced_by
M4-FUNG-0461:M002,M4-FUNG-0461:S002,evidenced_by
M4-FUNG-0462:M001,M4-FUNG-0462:S003,evidenced_by
M4-FUNG-0462:M002,M4-FUNG-0462:S003,evidenced_by
M4-FUNG-0464:M001,M4-FUNG-0464:S003,evidenced_by
M4-FUNG-0464:M002,M4-FUNG-0464:S003,evidenced_by
M4-FUNG-0472:M001,M4-FUNG-0472:S003,evidenced_by
M4-FUNG-0472:M002,M4-FUNG-0472:S003,evidenced_by
M4-FUNG-0473:M001,M4-FUNG-0473:S003,evidenced_by
M4-FUNG-0473:M002,M4-FUNG-0473:S003,evidenced_by
M4-FUNG-0473:M002,M4-FUNG-0473:S004,evidenced_by
M4-FUNG-0474:M001,M4-FUNG-0474:S003,evidenced_by
M4-FUNG-0474:M002,M4-FUNG-0474:S003,evidenced_by
M4-FUNG-0475:M001,M4-FUNG-0475:S003,evidenced_by
M4-FUNG-0475:M002,M4-FUNG-0475:S001,evidenced_by
M4-FUNG-0475:M002,M4-FUNG-0475:S004,evidenced_by
M4-FUNG-0476:M001,M4-FUNG-0476:S003,evidenced_by
M4-FUNG-0476:M002,M4-FUNG-0476:S003,evidenced_by
M4-FUNG-0477:M001,M4-FUNG-0477:S003,evidenced_by
M4-FUNG-0477:M002,M4-FUNG-0477:S003,evidenced_by
M4-FUNG-0478:M001,M4-FUNG-0478:S003,evidenced_by
M4-FUNG-0478:M002,M4-FUNG-0478:S003,evidenced_by
M4-FUNG-0478:M003,M4-FUNG-0478:S003,evidenced_by
M4-FUNG-0479:M001,M4-FUNG-0479:S003,evidenced_by
M4-FUNG-0479:M002,M4-FUNG-0479:S005,evidenced_by
M4-FUNG-0481:M001,M4-FUNG-0481:S001,evidenced_by
M4-FUNG-0481:M001,M4-FUNG-0481:S002,evidenced_by
M4-FUNG-0481:M001,M4-FUNG-0481:S003,evidenced_by
M4-FUNG-0482:M001,M4-FUNG-0482:S001,evidenced_by
M4-FUNG-0482:M001,M4-FUNG-0482:S002,evidenced_by
M4-FUNG-0482:M001,M4-FUNG-0482:S003,evidenced_by
M4-FUNG-0483:M001,M4-FUNG-0483:S003,evidenced_by
M4-FUNG-0483:M002,M4-FUNG-0483:S003,evidenced_by
M4-FUNG-0483:M003,M4-FUNG-0483:S003,evidenced_by
M4-FUNG-0484:M001,M4-FUNG-0484:S003,evidenced_by
M4-FUNG-0484:M002,M4-FUNG-0484:S003,evidenced_by
M4-FUNG-0485:M001,M4-FUNG-0485:S001,evidenced_by
M4-FUNG-0485:M001,M4-FUNG-0485:S002,evidenced_by
M4-FUNG-0485:M001,M4-FUNG-0485:S004,evidenced_by
M4-FUNG-0485:M002,M4-FUNG-0485:S003,evidenced_by
M4-FUNG-0486:M001,M4-FUNG-0486:S003,evidenced_by
M4-FUNG-0487:M001,M4-FUNG-0487:S003,evidenced_by
M4-FUNG-0488:M001,M4-FUNG-0488:S003,evidenced_by
M4-FUNG-0489:M001,M4-FUNG-0489:S003,evidenced_by
M4-FUNG-0490:M001,M4-FUNG-0490:S003,evidenced_by
M4-FUNG-0491:M001,M4-FUNG-0491:S003,evidenced_by
M4-FUNG-0491:M002,M4-FUNG-0491:S001,evidenced_by
M4-FUNG-0491:M002,M4-FUNG-0491:S003,evidenced_by
M4-FUNG-0492:M001,M4-FUNG-0492:S002,evidenced_by
M4-FUNG-0492:M001,M4-FUNG-0492:S004,evidenced_by
M4-FUNG-0493:M001,M4-FUNG-0493:S003,evidenced_by
M4-FUNG-0493:M002,M4-FUNG-0493:S003,evidenced_by
M4-FUNG-0493:M003,M4-FUNG-0493:S003,evidenced_by
M4-FUNG-0493:M004,M4-FUNG-0493:S002,evidenced_by
M4-FUNG-0493:M004,M4-FUNG-0493:S003,evidenced_by
M4-FUNG-0494:M001,M4-FUNG-0494:S002,evidenced_by
M4-FUNG-0494:M001,M4-FUNG-0494:S003,evidenced_by
M4-FUNG-0494:M002,M4-FUNG-0494:S002,evidenced_by
M4-FUNG-0494:M002,M4-FUNG-0494:S003,evidenced_by
M4-FUNG-0494:M003,M4-FUNG-0494:S002,evidenced_by
M4-FUNG-0494:M003,M4-FUNG-0494:S003,evidenced_by
M4-FUNG-0494:M004,M4-FUNG-0494:S002,evidenced_by
M4-FUNG-0494:M004,M4-FUNG-0494:S003,evidenced_by
M4-FUNG-0494:M005,M4-FUNG-0494:S005,evidenced_by
M4-FUNG-0494:M006,M4-FUNG-0494:S003,evidenced_by
M4-FUNG-0494:M006,M4-FUNG-0494:S005,evidenced_by
M4-FUNG-0499:M001,M4-FUNG-0499:S003,evidenced_by
M4-FUNG-0499:M002,M4-FUNG-0499:S003,evidenced_by
M4-FUNG-0500:M001,M4-FUNG-0500:S003,evidenced_by
M4-FUNG-0500:M002,M4-FUNG-0500:S003,evidenced_by
M4-FUNG-0501:M001,M4-FUNG-0501:S004,evidenced_by
M4-FUNG-0501:M002,M4-FUNG-0501:S001,evidenced_by
M4-FUNG-0502:M001,M4-FUNG-0502:S003,evidenced_by
M4-FUNG-0502:M002,M4-FUNG-0502:S003,evidenced_by
M4-FUNG-0502:M003,M4-FUNG-0502:S003,evidenced_by
M4-FUNG-0503:M001,M4-FUNG-0503:S003,evidenced_by
M4-FUNG-0503:M002,M4-FUNG-0503:S003,evidenced_by
M4-FUNG-0503:M003,M4-FUNG-0503:S001,evidenced_by
M4-FUNG-0503:M003,M4-FUNG-0503:S003,evidenced_by
M4-FUNG-0503:M004,M4-FUNG-0503:S001,evidenced_by
M4-FUNG-0503:M004,M4-FUNG-0503:S003,evidenced_by
M4-FUNG-0504:M001,M4-FUNG-0504:S003,evidenced_by
M4-FUNG-0505:M001,M4-FUNG-0505:S001,evidenced_by
M4-FUNG-0505:M001,M4-FUNG-0505:S003,evidenced_by
M4-FUNG-0505:M002,M4-FUNG-0505:S003,evidenced_by
M4-FUNG-0505:M003,M4-FUNG-0505:S003,evidenced_by
M4-FUNG-0505:M004,M4-FUNG-0505:S003,evidenced_by
M4-FUNG-0506:M001,M4-FUNG-0506:S003,evidenced_by
M4-FUNG-0506:M002,M4-FUNG-0506:S003,evidenced_by
M4-FUNG-0507:M001,M4-FUNG-0507:S003,evidenced_by
M4-FUNG-0507:M002,M4-FUNG-0507:S003,evidenced_by
M4-FUNG-0508:M001,M4-FUNG-0508:S001,evidenced_by
M4-FUNG-0508:M001,M4-FUNG-0508:S003,evidenced_by
M4-FUNG-0508:M002,M4-FUNG-0508:S005,evidenced_by
M4-FUNG-0508:M003,M4-FUNG-0508:S003,evidenced_by
M4-FUNG-0508:M003,M4-FUNG-0508:S005,evidenced_by
M4-FUNG-0509:M001,M4-FUNG-0509:S003,evidenced_by
M4-FUNG-0509:M002,M4-FUNG-0509:S003,evidenced_by
M4-FUNG-0509:M003,M4-FUNG-0509:S003,evidenced_by
M4-FUNG-0510:M001,M4-FUNG-0510:S001,evidenced_by
M4-FUNG-0510:M001,M4-FUNG-0510:S003,evidenced_by
M4-FUNG-0510:M002,M4-FUNG-0510:S001,evidenced_by
M4-FUNG-0510:M002,M4-FUNG-0510:S003,evidenced_by
M4-FUNG-0511:M001,M4-FUNG-0511:S003,evidenced_by
M4-FUNG-0511:M002,M4-FUNG-0511:S003,evidenced_by
M4-FUNG-0512:M001,M4-FUNG-0512:S001,evidenced_by
M4-FUNG-0512:M001,M4-FUNG-0512:S003,evidenced_by
M4-FUNG-0512:M002,M4-FUNG-0512:S001,evidenced_by
M4-FUNG-0512:M002,M4-FUNG-0512:S003,evidenced_by
M4-FUNG-0512:M003,M4-FUNG-0512:S001,evidenced_by
M4-FUNG-0512:M003,M4-FUNG-0512:S003,evidenced_by
M4-FUNG-0512:M004,M4-FUNG-0512:S001,evidenced_by
M4-FUNG-0512:M004,M4-FUNG-0512:S003,evidenced_by
M4-FUNG-0513:M001,M4-FUNG-0513:S003,evidenced_by
M4-FUNG-0513:M002,M4-FUNG-0513:S003,evidenced_by
M4-FUNG-0513:M003,M4-FUNG-0513:S003,evidenced_by
M4-FUNG-0514:M001,M4-FUNG-0514:S003,evidenced_by
M4-FUNG-0514:M002,M4-FUNG-0514:S003,evidenced_by
M4-FUNG-0514:M003,M4-FUNG-0514:S003,evidenced_by
M4-FUNG-0514:M004,M4-FUNG-0514:S001,evidenced_by
M4-FUNG-0514:M004,M4-FUNG-0514:S003,evidenced_by
M4-FUNG-0515:M001,M4-FUNG-0515:S001,evidenced_by
M4-FUNG-0515:M001,M4-FUNG-0515:S003,evidenced_by
M4-FUNG-0515:M002,M4-FUNG-0515:S001,evidenced_by
M4-FUNG-0515:M002,M4-FUNG-0515:S003,evidenced_by
M4-FUNG-0515:M003,M4-FUNG-0515:S001,evidenced_by
M4-FUNG-0515:M003,M4-FUNG-0515:S003,evidenced_by
M4-FUNG-0516:M001,M4-FUNG-0516:S001,evidenced_by
M4-FUNG-0516:M001,M4-FUNG-0516:S003,evidenced_by
M4-FUNG-0516:M002,M4-FUNG-0516:S003,evidenced_by
M4-FUNG-0517:M001,M4-FUNG-0517:S001,evidenced_by
M4-FUNG-0517:M001,M4-FUNG-0517:S003,evidenced_by
M4-FUNG-0517:M002,M4-FUNG-0517:S003,evidenced_by
M4-FUNG-0518:M001,M4-FUNG-0518:S001,evidenced_by
M4-FUNG-0518:M001,M4-FUNG-0518:S003,evidenced_by
M4-FUNG-0518:M001,M4-FUNG-0518:S004,evidenced_by
M4-FUNG-0518:M002,M4-FUNG-0518:S005,evidenced_by
M4-FUNG-0519:M001,M4-FUNG-0519:S001,evidenced_by
M4-FUNG-0519:M001,M4-FUNG-0519:S003,evidenced_by
M4-FUNG-0519:M002,M4-FUNG-0519:S003,evidenced_by
M4-FUNG-0520:M001,M4-FUNG-0520:S001,evidenced_by
M4-FUNG-0520:M001,M4-FUNG-0520:S003,evidenced_by
M4-FUNG-0520:M002,M4-FUNG-0520:S003,evidenced_by
M4-FUNG-0521:M001,M4-FUNG-0521:S001,evidenced_by
M4-FUNG-0521:M001,M4-FUNG-0521:S003,evidenced_by
M4-FUNG-0521:M002,M4-FUNG-0521:S003,evidenced_by
M4-FUNG-0522:M001,M4-FUNG-0522:S001,evidenced_by
M4-FUNG-0522:M001,M4-FUNG-0522:S004,evidenced_by
M4-FUNG-0522:M002,M4-FUNG-0522:S001,evidenced_by
M4-FUNG-0522:M002,M4-FUNG-0522:S004,evidenced_by
M4-FUNG-0522:M003,M4-FUNG-0522:S001,evidenced_by
M4-FUNG-0522:M003,M4-FUNG-0522:S004,evidenced_by
M4-FUNG-0522:M004,M4-FUNG-0522:S001,evidenced_by
M4-FUNG-0522:M004,M4-FUNG-0522:S004,evidenced_by
M4-FUNG-0522:M005,M4-FUNG-0522:S001,evidenced_by
M4-FUNG-0522:M005,M4-FUNG-0522:S004,evidenced_by
M4-FUNG-0522:M006,M4-FUNG-0522:S004,evidenced_by
M4-FUNG-0523:M001,M4-FUNG-0523:S001,evidenced_by
M4-FUNG-0523:M001,M4-FUNG-0523:S003,evidenced_by
M4-FUNG-0523:M002,M4-FUNG-0523:S001,evidenced_by
M4-FUNG-0523:M002,M4-FUNG-0523:S003,evidenced_by
M4-FUNG-0523:M003,M4-FUNG-0523:S003,evidenced_by
M4-FUNG-0523:M004,M4-FUNG-0523:S003,evidenced_by
M4-FUNG-0524:M001,M4-FUNG-0524:S001,evidenced_by
M4-FUNG-0524:M001,M4-FUNG-0524:S004,evidenced_by
M4-FUNG-0524:M002,M4-FUNG-0524:S001,evidenced_by
M4-FUNG-0524:M002,M4-FUNG-0524:S004,evidenced_by
M4-FUNG-0524:M003,M4-FUNG-0524:S001,evidenced_by
M4-FUNG-0524:M003,M4-FUNG-0524:S003,evidenced_by
M4-FUNG-0524:M003,M4-FUNG-0524:S004,evidenced_by
M4-FUNG-0524:M004,M4-FUNG-0524:S001,evidenced_by
M4-FUNG-0524:M004,M4-FUNG-0524:S003,evidenced_by
M4-FUNG-0524:M004,M4-FUNG-0524:S004,evidenced_by
M4-FUNG-0524:M005,M4-FUNG-0524:S001,evidenced_by
M4-FUNG-0524:M005,M4-FUNG-0524:S003,evidenced_by
M4-FUNG-0524:M005,M4-FUNG-0524:S004,evidenced_by
M4-FUNG-0524:M006,M4-FUNG-0524:S001,evidenced_by
M4-FUNG-0524:M006,M4-FUNG-0524:S003,evidenced_by
M4-FUNG-0524:M006,M4-FUNG-0524:S004,evidenced_by
M4-FUNG-0524:M007,M4-FUNG-0524:S001,evidenced_by
M4-FUNG-0524:M007,M4-FUNG-0524:S003,evidenced_by
M4-FUNG-0524:M008,M4-FUNG-0524:S001,evidenced_by
M4-FUNG-0524:M008,M4-FUNG-0524:S003,evidenced_by
M4-FUNG-0525:M001,M4-FUNG-0525:S003,evidenced_by
M4-FUNG-0525:M002,M4-FUNG-0525:S003,evidenced_by
M4-FUNG-0525:M002,M4-FUNG-0525:S004,evidenced_by
M4-FUNG-0525:M003,M4-FUNG-0525:S003,evidenced_by
M4-FUNG-0525:M004,M4-FUNG-0525:S003,evidenced_by
M4-FUNG-0525:M005,M4-FUNG-0525:S003,evidenced_by
M4-FUNG-0525:M006,M4-FUNG-0525:S003,evidenced_by
M4-FUNG-0525:M007,M4-FUNG-0525:S003,evidenced_by
M4-FUNG-0525:M008,M4-FUNG-0525:S003,evidenced_by
