id,kind,label,organism
M4-FUNG-0001,BGC,BGC0000003,Alternaria alternata
NCBITAXON:5599,ORGANISM,Alternaria alternata,
M4-FUNG-0002,BGC,BGC0000004,Aspergillus oryzae
NCBITAXON:5062,ORGANISM,Aspergillus oryzae,
M4-FUNG-0003,BGC,BGC0000005,Aspergillus parasiticus
NCBITAXON:5067,ORGANISM,Aspergillus parasiticus,
M4-FUNG-0004,BGC,BGC0000006,Aspergillus flavus
NCBITAXON:5059,ORGANISM,Aspergillus flavus,
M4-FUNG-0005,BGC,BGC0000007,Aspergillus aflatoxiformans
NCBITAXON:2059437,ORGANISM,Aspergillus aflatoxiformans,
M4-FUNG-0006,BGC,BGC0000008,Aspergillus flavus
M4-FUNG-0007,BGC,BGC0000009,Aspergillus nomiae (MIBiG historical label: Aspergillus nomius)
NCBITAXON:41061,ORGANISM,Aspergillus nomiae (MIBiG historical label: Aspergillus nomius),
M4-FUNG-0008,BGC,BGC0000010,Aspergillus flavus
M4-FUNG-0009,BGC,BGC0000011,Aspergillus ochraceoroseus
NCBITAXON:138278,ORGANISM,Aspergillus ochraceoroseus,
M4-FUNG-0010,BGC,BGC0000012,Alternaria solani
NCBITAXON:48100,ORGANISM,Alternaria solani,
M4-FUNG-0011,BGC,BGC0000013,Aspergillus nidulans
NCBITAXON:227321,ORGANISM,Aspergillus nidulans,
M4-FUNG-0012,BGC,BGC0000022,Aspergillus nidulans
M4-FUNG-0013,BGC,BGC0000027,Monascus pilosus
NCBITAXON:89488,ORGANISM,Monascus pilosus,
M4-FUNG-0014,BGC,BGC0000030,Fusarium fujikuroi
NCBITAXON:1279085,ORGANISM,Fusarium fujikuroi,
M4-FUNG-0015,BGC,BGC0000037,Aspergillus nidulans
M4-FUNG-0016,BGC,BGC0000039,Penicillium citrinum
NCBITAXON:5077,ORGANISM,Penicillium citrinum,
M4-FUNG-0017,BGC,BGC0000045,Aspergillus terreus
NCBITAXON:33178,ORGANISM,Aspergillus terreus,
M4-FUNG-0018,BGC,BGC0000046,Alternaria brassicicola
NCBITAXON:622360,ORGANISM,Alternaria brassicicola,
M4-FUNG-0019,BGC,BGC0000048,Dothistroma septosporum
NCBITAXON:675120,ORGANISM,Dothistroma septosporum,
M4-FUNG-0020,BGC,BGC0000057,Aspergillus nidulans
M4-FUNG-0021,BGC,BGC0000062,Fusarium verticillioides
NCBITAXON:334819,ORGANISM,Fusarium verticillioides,
M4-FUNG-0022,BGC,BGC0000063,Fusarium oxysporum
NCBITAXON:5507,ORGANISM,Fusarium oxysporum,
M4-FUNG-0023,BGC,BGC0000064,Fusarium verticillioides
NCBITAXON:117187,ORGANISM,Fusarium verticillioides,
M4-FUNG-0024,BGC,BGC0000070,Penicillium aethiopicum
NCBITAXON:36650,ORGANISM,Penicillium aethiopicum,
M4-FUNG-0025,BGC,BGC0000076,Hypomyces subiculosus
NCBITAXON:193393,ORGANISM,Hypomyces subiculosus,
M4-FUNG-0026,BGC,BGC0000077,Hypomyces subiculosus
M4-FUNG-0027,BGC,BGC0000088,Aspergillus terreus
NCBITAXON:285217,ORGANISM,Aspergillus terreus,
M4-FUNG-0028,BGC,BGC0000089,Aspergillus terreus
M4-FUNG-0029,BGC,BGC0000098,Monascus pilosus
M4-FUNG-0030,BGC,BGC0000099,Talaromyces marneffei
NCBITAXON:1077442,ORGANISM,Talaromyces marneffei,
M4-FUNG-0031,BGC,BGC0000101,Aspergillus nidulans
M4-FUNG-0032,BGC,BGC0000104,Penicillium brevicompactum
NCBITAXON:5074,ORGANISM,Penicillium brevicompactum,
M4-FUNG-0033,BGC,BGC0000107,Aspergillus nidulans
M4-FUNG-0034,BGC,BGC0000120,Penicillium expansum
NCBITAXON:27334,ORGANISM,Penicillium expansum,
M4-FUNG-0035,BGC,BGC0000121,Pestalotiopsis fici
NCBITAXON:1229662,ORGANISM,Pestalotiopsis fici,
M4-FUNG-0036,BGC,BGC0000129,Aspergillus fumigatus
NCBITAXON:330879,ORGANISM,Aspergillus fumigatus,
M4-FUNG-0037,BGC,BGC0000134,Pochonia chlamydosporia
NCBITAXON:280754,ORGANISM,Pochonia chlamydosporia,
M4-FUNG-0038,BGC,BGC0000146,Alternaria solani
M4-FUNG-0039,BGC,BGC0000152,Aspergillus nidulans
NCBITAXON:162425,ORGANISM,Aspergillus nidulans,
M4-FUNG-0040,BGC,BGC0000154,Talaromyces stipitatus
NCBITAXON:441959,ORGANISM,Talaromyces stipitatus,
M4-FUNG-0041,BGC,BGC0000155,Bipolaris maydis
NCBITAXON:665024,ORGANISM,Bipolaris maydis,
M4-FUNG-0042,BGC,BGC0000156,Aspergillus niger
NCBITAXON:380704,ORGANISM,Aspergillus niger,
M4-FUNG-0043,BGC,BGC0000160,Aspergillus terreus
NCBITAXON:341663,ORGANISM,Aspergillus terreus,
M4-FUNG-0044,BGC,BGC0000161,Aspergillus terreus
M4-FUNG-0045,BGC,BGC0000168,Penicillium aethiopicum
M4-FUNG-0046,BGC,BGC0000170,Aspergillus niger ATCC 1015
M4-FUNG-0047,BGC,BGC0000292,Aspergillus terreus NIH2624
M4-FUNG-0048,BGC,BGC0000293,Aspergillus fischeri NRRL 181
NCBITAXON:331117,ORGANISM,Aspergillus fischeri NRRL 181,
M4-FUNG-0049,BGC,BGC0000304,Fusarium incarnatum
NCBITAXON:298378,ORGANISM,Fusarium incarnatum,
M4-FUNG-0050,BGC,BGC0000307,Aureobasidium pullulans
NCBITAXON:5580,ORGANISM,Aureobasidium pullulans,
M4-FUNG-0051,BGC,BGC0000312,Beauveria bassiana
NCBITAXON:176275,ORGANISM,Beauveria bassiana,
M4-FUNG-0052,BGC,BGC0000313,Beauveria bassiana
M4-FUNG-0053,BGC,BGC0000317,Hapsidospora chrysogena ATCC 11550
NCBITAXON:857340,ORGANISM,Hapsidospora chrysogena ATCC 11550,
M4-FUNG-0054,BGC,BGC0000318,Hapsidospora chrysogena ATCC 11550
M4-FUNG-0055,BGC,BGC0000321,Achaetomiella virescens
NCBITAXON:1934374,ORGANISM,Achaetomiella virescens,
M4-FUNG-0056,BGC,BGC0000334,Tolypocladium inflatum NRRL 8044
NCBITAXON:29910,ORGANISM,Tolypocladium inflatum NRRL 8044,
M4-FUNG-0057,BGC,BGC0000337,Metarhizium robertsii ARSEF 23
NCBITAXON:655844,ORGANISM,Metarhizium robertsii ARSEF 23,
M4-FUNG-0058,BGC,BGC0000338,Aspergillus pachycristatus NRRL 11440
ORG_d1a8dbb0ed6b,ORGANISM,Aspergillus pachycristatus NRRL 11440,
M4-FUNG-0059,BGC,BGC0000342,Fusarium equiseti
NCBITAXON:61235,ORGANISM,Fusarium equiseti,
M4-FUNG-0060,BGC,BGC0000348,Epichloe festucae var. lolii
NCBITAXON:73839,ORGANISM,Epichloe festucae var. lolii,
M4-FUNG-0061,BGC,BGC0000355,Aspergillus fumigatus Af293
M4-FUNG-0062,BGC,BGC0000357,Penicillium rubens Wisconsin 54-1255
NCBITAXON:500485,ORGANISM,Penicillium rubens Wisconsin 54-1255,
M4-FUNG-0063,BGC,BGC0000361,Aspergillus fumigatus Af293
M4-FUNG-0064,BGC,BGC0000370,Bipolaris zeicola
NCBITAXON:5017,ORGANISM,Bipolaris zeicola,
M4-FUNG-0065,BGC,BGC0000372,Aspergillus fumigatus Af293
M4-FUNG-0066,BGC,BGC0000404,Penicillium chrysogenum
NCBITAXON:5076,ORGANISM,Penicillium chrysogenum,
M4-FUNG-0067,BGC,BGC0000405,Penicillium chrysogenum
M4-FUNG-0068,BGC,BGC0000420,Penicillium rubens Wisconsin 54-1255
M4-FUNG-0069,BGC,BGC0000442,Aspergillus nidulans FGSC A4
M4-FUNG-0070,BGC,BGC0000456,Lecanicillium sp. HF627
NCBITAXON:1756136,ORGANISM,Lecanicillium sp. HF627,
M4-FUNG-0071,BGC,BGC0000627,Aspergillus flavus NRRL3357
NCBITAXON:332952,ORGANISM,Aspergillus flavus NRRL3357,
M4-FUNG-0072,BGC,BGC0000629,Aspergillus flavus
M4-FUNG-0073,BGC,BGC0000631,Botrytis cinerea B05.10
NCBITAXON:332648,ORGANISM,Botrytis cinerea B05.10,
M4-FUNG-0074,BGC,BGC0000667,Penicillium roqueforti FM164
NCBITAXON:1365484,ORGANISM,Penicillium roqueforti FM164,
M4-FUNG-0075,BGC,BGC0000673,Aspergillus nidulans FGSC A4
M4-FUNG-0076,BGC,BGC0000676,Neocamarosporium betae (historically Phoma betae)
NCBITAXON:1979465,ORGANISM,Neocamarosporium betae (historically Phoma betae),
M4-FUNG-0077,BGC,BGC0000680,Aspergillus nidulans FGSC A4
M4-FUNG-0078,BGC,BGC0000682,Aspergillus terreus NIH2624
M4-FUNG-0079,BGC,BGC0000684,Aspergillus nidulans FGSC A4
M4-FUNG-0080,BGC,BGC0000685,Alternaria brassicicola ATCC 96836
M4-FUNG-0081,BGC,BGC0000686,Aspergillus fumigatus Af293
M4-FUNG-0082,BGC,BGC0000687,Diaporthe amygdali (historical paper: Phomopsis amygdali)
NCBITAXON:1214568,ORGANISM,Diaporthe amygdali (historical paper: Phomopsis amygdali),
M4-FUNG-0083,BGC,BGC0000688,Diaporthe amygdali (historical paper: Phomopsis amygdali)
M4-FUNG-0084,BGC,BGC0000811,Aspergillus fumigatus Af293
M4-FUNG-0085,BGC,BGC0000812,Shiraia sp. Slf14
NCBITAXON:665115,ORGANISM,Shiraia sp. Slf14,
M4-FUNG-0086,BGC,BGC0000815,Epichloë uncinata (historical literature: Neotyphodium uncinatum)
NCBITAXON:5050,ORGANISM,Epichloë uncinata (historical literature: Neotyphodium uncinatum),
M4-FUNG-0087,BGC,BGC0000816,Malbranchea aurantiaca
NCBITAXON:78605,ORGANISM,Malbranchea aurantiaca,
M4-FUNG-0088,BGC,BGC0000818,Aspergillus versicolor
NCBITAXON:46472,ORGANISM,Aspergillus versicolor,
M4-FUNG-0089,BGC,BGC0000819,Penicillium fellutanum
NCBITAXON:70095,ORGANISM,Penicillium fellutanum,
M4-FUNG-0090,BGC,BGC0000894,Monascus aurantiacus
NCBITAXON:225353,ORGANISM,Monascus aurantiacus,
M4-FUNG-0091,BGC,BGC0000900,Aspergillus oryzae
M4-FUNG-0092,BGC,BGC0000901,Aspergillus niger
NCBITAXON:5061,ORGANISM,Aspergillus niger,
M4-FUNG-0093,BGC,BGC0000930,Fusarium graminearum (historical literature: Gibberella zeae)
NCBITAXON:5518,ORGANISM,Fusarium graminearum (historical literature: Gibberella zeae),
M4-FUNG-0094,BGC,BGC0000931,Fusarium graminearum
M4-FUNG-0095,BGC,BGC0000959,Aspergillus nidulans FGSC A4
M4-FUNG-0096,BGC,BGC0000968,Penicillium expansum
M4-FUNG-0097,BGC,BGC0000977,Aspergillus oryzae
M4-FUNG-0098,BGC,BGC0000983,Aspergillus clavatus NRRL 1
ORG_b0ca58a6a560,ORGANISM,Aspergillus clavatus NRRL 1,
M4-FUNG-0099,BGC,BGC0000992,Fusarium heterosporum
ORG_0dc23fd5d2f9,ORGANISM,Fusarium heterosporum,
M4-FUNG-0100,BGC,BGC0001026,Metarhizium robertsii; source atlas historical label M. anisopliae
ORG_dda3b060c9c2,ORGANISM,Metarhizium robertsii; source atlas historical label M. anisopliae,
M4-FUNG-0101,BGC,BGC0001030,Penicillium nordicum
ORG_00aa7bf8b645,ORGANISM,Penicillium nordicum,
M4-FUNG-0102,BGC,BGC0001035,Glarea lozoyensis ATCC 20868
ORG_bac04d6f1e95,ORGANISM,Glarea lozoyensis ATCC 20868,
M4-FUNG-0103,BGC,BGC0001037,Aspergillus fumigatus Af293
ORG_1829b4449fb3,ORGANISM,Aspergillus fumigatus Af293,
M4-FUNG-0104,BGC,BGC0001044,Leptosphaeria maculans
ORG_19dc5e54cc78,ORGANISM,Leptosphaeria maculans,
M4-FUNG-0105,BGC,BGC0001049,Beauveria bassiana
ORG_b74eecf1d3db,ORGANISM,Beauveria bassiana,
M4-FUNG-0106,BGC,BGC0001057,Fusarium graminearum (teleomorph historical literature: Gibberella zeae)
ORG_cbed182a893e,ORGANISM,Fusarium graminearum (teleomorph historical literature: Gibberella zeae),
M4-FUNG-0107,BGC,BGC0001067,Aspergillus fumigatus Af293
M4-FUNG-0108,BGC,BGC0001081,Epichloë festucae var. lolii; historical literature uses Neotyphodium lolii
ORG_54ffdc0bbd51,ORGANISM,Epichloë festucae var. lolii; historical literature uses Neotyphodium lolii,
M4-FUNG-0109,BGC,BGC0001082,Penicillium paxilli
ORG_b13e7c50ad4e,ORGANISM,Penicillium paxilli,
M4-FUNG-0110,BGC,BGC0001084,Aspergillus sp. MF297-2
NCBITAXON:877550,ORGANISM,Aspergillus sp. MF297-2,
M4-FUNG-0111,BGC,BGC0001118,Aspergillus fumigatus Af293
M4-FUNG-0112,BGC,BGC0001121,Aspergillus nidulans FGSC A4
ORG_af691354f998,ORGANISM,Aspergillus nidulans FGSC A4,
M4-FUNG-0113,BGC,BGC0001122,Aspergillus terreus NIH2624
ORG_540eb7bbdd06,ORGANISM,Aspergillus terreus NIH2624,
M4-FUNG-0114,BGC,BGC0001123,Aspergillus oryzae RIB40
NCBITAXON:510516,ORGANISM,Aspergillus oryzae RIB40,
M4-FUNG-0115,BGC,BGC0001124,Aspergillus niger ATCC 1015
ORG_3f738c0c4e78,ORGANISM,Aspergillus niger ATCC 1015,
M4-FUNG-0116,BGC,BGC0001136,Beauveria bassiana
M4-FUNG-0117,BGC,BGC0001141,Penicillium brefeldianum
ORG_c510f7151b08,ORGANISM,Penicillium brefeldianum,
M4-FUNG-0118,BGC,BGC0001142,Penicillium aethiopicum
ORG_d81376d1d2ed,ORGANISM,Penicillium aethiopicum,
M4-FUNG-0119,BGC,BGC0001143,Aspergillus niger ATCC 1015
M4-FUNG-0120,BGC,BGC0001144,Trichophyton tonsurans CBS 112818
ORG_9206fec171a6,ORGANISM,Trichophyton tonsurans CBS 112818,
M4-FUNG-0121,BGC,BGC0001158,Botrytis cinerea
ORG_8c064f106766,ORGANISM,Botrytis cinerea,
M4-FUNG-0122,BGC,BGC0001166,Alternaria jesenskae
ORG_83e25adeea8c,ORGANISM,Alternaria jesenskae,
M4-FUNG-0123,BGC,BGC0001187,Glarea lozoyensis
ORG_c7d41b0e71b2,ORGANISM,Glarea lozoyensis,
M4-FUNG-0124,BGC,BGC0001190,Fusarium verticillioides 7600
ORG_db9930cab997,ORGANISM,Fusarium verticillioides 7600,
M4-FUNG-0125,BGC,BGC0001205,Penicillium expansum
ORG_7f561733f323,ORGANISM,Penicillium expansum,
M4-FUNG-0126,BGC,BGC0001218,Cordyceps fumosorosea
ORG_7b25a803f331,ORGANISM,Cordyceps fumosorosea,
M4-FUNG-0127,BGC,BGC0001219,Chaetomium globosum CBS 148.51
NCBITAXON:306901,ORGANISM,Chaetomium globosum CBS 148.51,
M4-FUNG-0128,BGC,BGC0001220,Aspergillus japonicus
NCBITAXON:34381,ORGANISM,Aspergillus japonicus,
M4-FUNG-0129,BGC,BGC0001234,Aspergillus flavus NRRL3357
M4-FUNG-0130,BGC,BGC0001238,Aspergillus nidulans
M4-FUNG-0131,BGC,BGC0001239,Aspergillus nidulans
M4-FUNG-0132,BGC,BGC0001240,Metarhizium robertsii
NCBITAXON:568076,ORGANISM,Metarhizium robertsii,
M4-FUNG-0133,BGC,BGC0001241,Claviceps fusiformis
NCBITAXON:40602,ORGANISM,Claviceps fusiformis,
M4-FUNG-0134,BGC,BGC0001242,Fusarium fujikuroi
NCBITAXON:5127,ORGANISM,Fusarium fujikuroi,
M4-FUNG-0135,BGC,BGC0001243,Botrytis cinerea
NCBITAXON:40559,ORGANISM,Botrytis cinerea,
M4-FUNG-0136,BGC,BGC0001244,Parastagonospora nodorum
NCBITAXON:13684,ORGANISM,Parastagonospora nodorum,
M4-FUNG-0137,BGC,BGC0001245,Lasiodiplodia theobromae
NCBITAXON:45133,ORGANISM,Lasiodiplodia theobromae,
M4-FUNG-0138,BGC,BGC0001246,Sarocladium zeae (historical primary paper: Acremonium zeae)
NCBITAXON:1036732,ORGANISM,Sarocladium zeae (historical primary paper: Acremonium zeae),
M4-FUNG-0139,BGC,BGC0001247,Cercospora nicotianae
NCBITAXON:29003,ORGANISM,Cercospora nicotianae,
M4-FUNG-0140,BGC,BGC0001248,Hypholoma sublateritium
NCBITAXON:71945,ORGANISM,Hypholoma sublateritium,
M4-FUNG-0141,BGC,BGC0001249,Alternaria alternata
M4-FUNG-0142,BGC,BGC0001250,Epichloë festucae
NCBITAXON:35717,ORGANISM,Epichloë festucae,
M4-FUNG-0143,BGC,BGC0001251,Epichloë festucae
M4-FUNG-0144,BGC,BGC0001252,Alternaria alternata rough-lemon pathotype
M4-FUNG-0145,BGC,BGC0001253,Alternaria alternata tangerine pathotype
ORG_245994777974,ORGANISM,Alternaria alternata tangerine pathotype,
M4-FUNG-0146,BGC,BGC0001254,Alternaria alternata tangerine pathotype
M4-FUNG-0147,BGC,BGC0001255,Fusarium heterosporum
NCBITAXON:42747,ORGANISM,Fusarium heterosporum,
M4-FUNG-0148,BGC,BGC0001256,Tapinella panuoides
NCBITAXON:80604,ORGANISM,Tapinella panuoides,
M4-FUNG-0149,BGC,BGC0001257,Nodulisporium sp. ATCC 74245
NCBITAXON:96454,ORGANISM,Nodulisporium sp. ATCC 74245,
M4-FUNG-0150,BGC,BGC0001258,Glarea lozoyensis
NCBITAXON:101852,ORGANISM,Glarea lozoyensis,
M4-FUNG-0151,BGC,BGC0001259,Elsinoë fawcettii
NCBITAXON:40997,ORGANISM,Elsinoë fawcettii,
M4-FUNG-0152,BGC,BGC0001260,Tolypocladium album; historical paper name Chaunopycnis alba
NCBITAXON:124418,ORGANISM,Tolypocladium album; historical paper name Chaunopycnis alba,
M4-FUNG-0153,BGC,BGC0001261,"Alternaria alternata, apple pathotype"
M4-FUNG-0154,BGC,BGC0001262,"Alternaria alternata, Japanese-pear pathotype"
M4-FUNG-0155,BGC,BGC0001263,Claviceps purpurea
NCBITAXON:5111,ORGANISM,Claviceps purpurea,
M4-FUNG-0156,BGC,BGC0001264,Neocamarosporium betae; historical literature/MIBiG source name Phoma betae
M4-FUNG-0157,BGC,BGC0001265,Bipolaris oryzae
NCBITAXON:101162,ORGANISM,Bipolaris oryzae,
M4-FUNG-0158,BGC,BGC0001266,Cladonia grayi
NCBITAXON:27339,ORGANISM,Cladonia grayi,
M4-FUNG-0159,BGC,BGC0001267,Claviceps fusiformis
M4-FUNG-0160,BGC,BGC0001268,Fusarium fujikuroi
M4-FUNG-0161,BGC,BGC0001269,Sphaceloma manihoticola
NCBITAXON:49223,ORGANISM,Sphaceloma manihoticola,
M4-FUNG-0162,BGC,BGC0001270,Fusarium fujikuroi
M4-FUNG-0163,BGC,BGC0001271,Aspergillus nidulans FGSC A4
M4-FUNG-0164,BGC,BGC0001272,Elsinoë fawcettii
M4-FUNG-0165,BGC,BGC0001273,Aspergillus ochraceus in MIBiG; defining paper reports Aspergillus westerdijkiae
NCBITAXON:40380 in canonical source row,ORGANISM,Aspergillus ochraceus in MIBiG; defining paper reports Aspergillus westerdijkiae,
M4-FUNG-0166,BGC,BGC0001274,Starmerella bombicola (historical literature: Candida bombicola)
NCBITAXON:75736,ORGANISM,Starmerella bombicola (historical literature: Candida bombicola),
M4-FUNG-0167,BGC,BGC0001275,Glarea lozoyensis
M4-FUNG-0168,BGC,BGC0001276,Aspergillus terreus
M4-FUNG-0169,BGC,BGC0001277,Fusarium graminearum
M4-FUNG-0170,BGC,BGC0001278,Fusarium sporotrichioides
NCBITAXON:5514,ORGANISM,Fusarium sporotrichioides,
M4-FUNG-0171,BGC,BGC0001279,Paramyrothecium roridum (historical Myrothecium roridum)
NCBITAXON:1859971,ORGANISM,Paramyrothecium roridum (historical Myrothecium roridum),
M4-FUNG-0172,BGC,BGC0001280,historical Phoma betae
M4-FUNG-0173,BGC,BGC0001281,Ustilago maydis 521
NCBITAXON:237631,ORGANISM,Ustilago maydis 521,
M4-FUNG-0174,BGC,BGC0001282,Epichloë coenophiala
NCBITAXON:5047,ORGANISM,Epichloë coenophiala,
M4-FUNG-0175,BGC,BGC0001284,Parastagonospora nodorum SN15
NCBITAXON:321614,ORGANISM,Parastagonospora nodorum SN15,
M4-FUNG-0176,BGC,BGC0001286,Ustilago maydis
NCBITAXON:5270,ORGANISM,Ustilago maydis,
M4-FUNG-0177,BGC,BGC0001290,Aspergillus nidulans FGSC A4
M4-FUNG-0178,BGC,BGC0001304,Aspergillus flavus NRRL3357
M4-FUNG-0179,BGC,BGC0001305,Fusarium fujikuroi IMI 58289
M4-FUNG-0180,BGC,BGC0001306,Aspergillus flavus NRRL3357
M4-FUNG-0181,BGC,BGC0001309,Cladonia uncialis mycobiont
NCBITAXON:174080,ORGANISM,Cladonia uncialis mycobiont,
M4-FUNG-0182,BGC,BGC0001338,Monascus ruber
NCBITAXON:89489,ORGANISM,Monascus ruber,
M4-FUNG-0183,BGC,BGC0001339,Phoma sp. MF5453
NCBITAXON:1828523,ORGANISM,Phoma sp. MF5453,
M4-FUNG-0184,BGC,BGC0001340,"Byssochlamys fulva, historical producer strain IMI 40021"
NCBITAXON:89137,ORGANISM,"Byssochlamys fulva, historical producer strain IMI 40021",
M4-FUNG-0185,BGC,BGC0001358,Purpureocillium lilacinum
NCBITAXON:33203,ORGANISM,Purpureocillium lilacinum,
M4-FUNG-0186,BGC,BGC0001360,Penicillium roqueforti FM164
M4-FUNG-0187,BGC,BGC0001365,Claviceps purpurea 20.1
NCBITAXON:1111077,ORGANISM,Claviceps purpurea 20.1,
M4-FUNG-0188,BGC,BGC0001371,Aspergillus nidulans NRRL 8112
NCBITAXON:1160106,ORGANISM,Aspergillus nidulans NRRL 8112,
M4-FUNG-0189,BGC,BGC0001372,Penicillium thymicola
NCBITAXON:293382,ORGANISM,Penicillium thymicola,
M4-FUNG-0190,BGC,BGC0001373,Sordaria araneosa
NCBITAXON:573841,ORGANISM,Sordaria araneosa,
M4-FUNG-0191,BGC,BGC0001375,Penicillium simplicissimum
NCBITAXON:69488,ORGANISM,Penicillium simplicissimum,
M4-FUNG-0192,BGC,BGC0001385,Byssochlamys fulva
M4-FUNG-0193,BGC,BGC0001390,Stachybotrys bisbyi
NCBITAXON:80385,ORGANISM,Stachybotrys bisbyi,
M4-FUNG-0194,BGC,BGC0001398,Phomopsis leptostromiformis
NCBITAXON:291059,ORGANISM,Phomopsis leptostromiformis,
M4-FUNG-0195,BGC,BGC0001399,Aspergillus nidulans FGSC A4
M4-FUNG-0196,BGC,BGC0001400,Aspergillus terreus NIH2624 in the canonical record
M4-FUNG-0197,BGC,BGC0001401,Armillaria mellea
NCBITAXON:47429,ORGANISM,Armillaria mellea,
M4-FUNG-0198,BGC,BGC0001403,Aspergillus fumigatus Af293
M4-FUNG-0199,BGC,BGC0001404,Penicillium rubens Wisconsin 54-1255
M4-FUNG-0200,BGC,BGC0001405,Chaetomium globosum CBS 148.51
M4-FUNG-0201,BGC,BGC0001445,Aspergillus flavus NRRL 3357
M4-FUNG-0202,BGC,BGC0001446,Aspergillus flavus NRRL 3357
M4-FUNG-0203,BGC,BGC0001449,Thermothelomyces thermophilus
NCBITAXON:78579,ORGANISM,Thermothelomyces thermophilus,
M4-FUNG-0204,BGC,BGC0001450,Penicillium terrestre
NCBITAXON:374132,ORGANISM,Penicillium terrestre,
M4-FUNG-0205,BGC,BGC0001466,Talaromyces wortmannii
NCBITAXON:28567,ORGANISM,Talaromyces wortmannii,
M4-FUNG-0206,BGC,BGC0001475,Aspergillus terreus NIH2624
M4-FUNG-0207,BGC,BGC0001481,Fusarium fujikuroi IMI 58289
M4-FUNG-0208,BGC,BGC0001489,Cladonia uncialis subsp. uncialis
NCBITAXON:180999,ORGANISM,Cladonia uncialis subsp. uncialis,
M4-FUNG-0209,BGC,BGC0001508,Penicillium roqueforti
NCBITAXON:5082,ORGANISM,Penicillium roqueforti,
M4-FUNG-0210,BGC,BGC0001515,Aspergillus nidulans FGSC A4
M4-FUNG-0211,BGC,BGC0001516,Aspergillus flavus NRRL3357
M4-FUNG-0212,BGC,BGC0001517,Aspergillus terreus NIH2624
M4-FUNG-0213,BGC,BGC0001518,Aspergillus oryzae RIB40
M4-FUNG-0214,BGC,BGC0001527,Gelatoporia subvermispora
NCBITAXON:42742,ORGANISM,Gelatoporia subvermispora,
M4-FUNG-0215,BGC,BGC0001528,Historical record: Phoma betae
M4-FUNG-0216,BGC,BGC0001541,Cercospora beticola
NCBITAXON:122368,ORGANISM,Cercospora beticola,
M4-FUNG-0217,BGC,BGC0001542,Cercospora zeina
NCBITAXON:348901,ORGANISM,Cercospora zeina,
M4-FUNG-0218,BGC,BGC0001544,Aspergillus campestris IBT 28561
NCBITAXON:1392248,ORGANISM,Aspergillus campestris IBT 28561,
M4-FUNG-0219,BGC,BGC0001545,Fusarium graminearum PH-1
NCBITAXON:229533,ORGANISM,Fusarium graminearum PH-1,
M4-FUNG-0220,BGC,BGC0001547,Aspergillus stellatus
NCBITAXON:1549217,ORGANISM,Aspergillus stellatus,
M4-FUNG-0221,BGC,BGC0001557,"Canonical source: Paecilomyces divaricatus, TaxID 644132"
NCBITAXON:644132,ORGANISM,"Canonical source: Paecilomyces divaricatus, TaxID 644132",
M4-FUNG-0222,BGC,BGC0001563,"Canonical source: Cochliobolus pallescens, TaxID 318706"
NCBITAXON:318706,ORGANISM,"Canonical source: Cochliobolus pallescens, TaxID 318706",
M4-FUNG-0223,BGC,BGC0001565,"Canonical source/MIBiG: Beauveria felina, TaxID 37994"
NCBITAXON:37994,ORGANISM,"Canonical source/MIBiG: Beauveria felina, TaxID 37994",
M4-FUNG-0224,BGC,BGC0001571,Nodulisporium sp.
NCBITAXON:1897413,ORGANISM,Nodulisporium sp.,
M4-FUNG-0225,BGC,BGC0001573,Claviceps africana
NCBITAXON:83212,ORGANISM,Claviceps africana,
M4-FUNG-0226,BGC,BGC0001578,Talaromyces stipitatus ATCC 10500
M4-FUNG-0227,BGC,BGC0001585,Escovopsis weberi
NCBITAXON:150374,ORGANISM,Escovopsis weberi,
M4-FUNG-0228,BGC,BGC0001600,Fusarium graminearum
M4-FUNG-0229,BGC,BGC0001604,Fusarium fujikuroi
M4-FUNG-0230,BGC,BGC0001606,Fusarium fujikuroi IMI 58289
M4-FUNG-0231,BGC,BGC0001609,Trichoderma virens Gv29-8
NCBITAXON:413071,ORGANISM,Trichoderma virens Gv29-8,
M4-FUNG-0232,BGC,BGC0001613,Trichoderma hypoxylon
NCBITAXON:1888172,ORGANISM,Trichoderma hypoxylon,
M4-FUNG-0233,BGC,BGC0001616,Aspergillus japonicus
M4-FUNG-0234,BGC,BGC0001617,Stereum hirsutum FP-91666 SS1
NCBITAXON:721885,ORGANISM,Stereum hirsutum FP-91666 SS1,
M4-FUNG-0235,BGC,BGC0001621,Aspergillus flavus NRRL3357
M4-FUNG-0236,BGC,BGC0001624,Pestalotiopsis fici
NCBITAXON:393283,ORGANISM,Pestalotiopsis fici,
M4-FUNG-0237,BGC,BGC0001626,Stachybotrys chlorohalonata IBT 40285
NCBITAXON:1283841,ORGANISM,Stachybotrys chlorohalonata IBT 40285,
M4-FUNG-0238,BGC,BGC0001636,Curvularia clavata
NCBITAXON:95742,ORGANISM,Curvularia clavata,
M4-FUNG-0239,BGC,BGC0001642,Fusarium fujikuroi IMI 58289
ORG_17bac3b9f14e,ORGANISM,Fusarium fujikuroi IMI 58289,
M4-FUNG-0240,BGC,BGC0001659,Fusarium equiseti
ORG_31f88d0ac475,ORGANISM,Fusarium equiseti,
M4-FUNG-0241,BGC,BGC0001668,Aspergillus nidulans FGSC A4
M4-FUNG-0242,BGC,BGC0001677,Penicillium roqueforti
M4-FUNG-0243,BGC,BGC0001679,Aspergillus nidulans FGSC A4
M4-FUNG-0244,BGC,BGC0001691,Thelonectria discophora
NCBITAXON:1053259,ORGANISM,Thelonectria discophora,
M4-FUNG-0245,BGC,BGC0001697,Neurospora crassa OR74A
NCBITAXON:367110,ORGANISM,Neurospora crassa OR74A,
M4-FUNG-0246,BGC,BGC0001699,Aspergillus nidulans FGSC A4
M4-FUNG-0247,BGC,BGC0001706,Hypoxylon pulicicidum
NCBITAXON:1243767,ORGANISM,Hypoxylon pulicicidum,
M4-FUNG-0248,BGC,BGC0001708,Aspergillus novofumigatus IBT 16806
NCBITAXON:1392255,ORGANISM,Aspergillus novofumigatus IBT 16806,
M4-FUNG-0249,BGC,BGC0001712,Aspergillus steynii IBT 23096
NCBITAXON:1392250,ORGANISM,Aspergillus steynii IBT 23096,
M4-FUNG-0250,BGC,BGC0001717,Penicillium simplicissimum
M4-FUNG-0251,BGC,BGC0001718,Aspergillus aculeatus ATCC 16872
NCBITAXON:690307,ORGANISM,Aspergillus aculeatus ATCC 16872,
M4-FUNG-0252,BGC,BGC0001720,Beauveria bassiana ARSEF 2860
NCBITAXON:655819,ORGANISM,Beauveria bassiana ARSEF 2860,
M4-FUNG-0253,BGC,BGC0001722,Aspergillus nidulans FGSC A4
M4-FUNG-0254,BGC,BGC0001724,Penicillium oxalicum 114-2
NCBITAXON:933388,ORGANISM,Penicillium oxalicum 114-2,
M4-FUNG-0255,BGC,BGC0001729,Penicillium brasilianum
NCBITAXON:104259,ORGANISM,Penicillium brasilianum,
M4-FUNG-0256,BGC,BGC0001734,historical record: Aspergillus sp.; original isolation: Penicillium sp. CNL-338; later pathway study: Aspergillus flavipes CNL-338
ORG_a08e3831fd82,ORGANISM,historical record: Aspergillus sp.; original isolation: Penicillium sp. CNL-338; later pathway study: Aspergillus flavipes CNL-338,
M4-FUNG-0257,BGC,BGC0001738,Pyrenochaetopsis sp.
NCBITAXON:1756125,ORGANISM,Pyrenochaetopsis sp.,
M4-FUNG-0258,BGC,BGC0001741,Phyllosticta cirsii
NCBITAXON:1986016,ORGANISM,Phyllosticta cirsii,
M4-FUNG-0259,BGC,BGC0001749,Pyricularia oryzae 70-15 (pathway paper uses Magnaporthe oryzae)
NCBITAXON:242507,ORGANISM,Pyricularia oryzae 70-15 (pathway paper uses Magnaporthe oryzae),
M4-FUNG-0260,BGC,BGC0001768,current taxonomy: Fusarium vanettenii 77-13-4; historical/MIBiG: [Nectria] haematococca mpVI 77-13-4 / Fusarium solani
NCBITAXON:660122,ORGANISM,current taxonomy: Fusarium vanettenii 77-13-4; historical/MIBiG: [Nectria] haematococca mpVI 77-13-4 / Fusarium solani,
M4-FUNG-0261,BGC,BGC0001775,Cordana terrestris
NCBITAXON:1293529,ORGANISM,Cordana terrestris,
M4-FUNG-0262,BGC,BGC0001776,Penicillium janthinellum
NCBITAXON:5079,ORGANISM,Penicillium janthinellum,
M4-FUNG-0263,BGC,BGC0001793,Chaetothyriaceae sp.
NCBITAXON:1963369,ORGANISM,Chaetothyriaceae sp.,
M4-FUNG-0264,BGC,BGC0001794,Alternaria oxytropis
NCBITAXON:570715,ORGANISM,Alternaria oxytropis,
M4-FUNG-0265,BGC,BGC0001811,Fusarium asiaticum
NCBITAXON:282267,ORGANISM,Fusarium asiaticum,
M4-FUNG-0266,BGC,BGC0001820,historical MIBiG: Gliocladium sp.; defining study: Clonostachys rogersoniana (formerly Gliocladium sp. 6.102)
NCBITAXON:1955101,ORGANISM,historical MIBiG: Gliocladium sp.; defining study: Clonostachys rogersoniana (formerly Gliocladium sp. 6.102),
M4-FUNG-0267,BGC,BGC0001821,historical duplicate record: Gliocladium sp.
M4-FUNG-0268,BGC,BGC0001827,Sarocladium sp. 'schorii'; defining study proposes Sarocladium schorii for former Acremonium strictum IMI 501407
NCBITAXON:2203296,ORGANISM,Sarocladium sp. 'schorii'; defining study proposes Sarocladium schorii for former Acremonium strictum IMI 501407,
M4-FUNG-0269,BGC,BGC0001839,Aspergillus sp. Z5
NCBITAXON:1662659,ORGANISM,Aspergillus sp. Z5,
M4-FUNG-0270,BGC,BGC0001854,Trichoderma harzianum t-22
NCBITAXON:5544,ORGANISM,Trichoderma harzianum t-22,
M4-FUNG-0271,BGC,BGC0001857,MIBiG: Aspergillus sp. CLMG-2019a; defining paper: Aspergillus burnettii
NCBITAXON:209559,ORGANISM,MIBiG: Aspergillus sp. CLMG-2019a; defining paper: Aspergillus burnettii,
M4-FUNG-0272,BGC,BGC0001858,Parastagonospora nodorum SN15
M4-FUNG-0273,BGC,BGC0001865 v4,Parastagonospora nodorum SN15
M4-FUNG-0274,BGC,BGC0001866 v4,Byssochlamys spectabilis
NCBITAXON:264951,ORGANISM,Byssochlamys spectabilis,
M4-FUNG-0275,BGC,BGC0001874 v4,Aspergillus flavus
M4-FUNG-0276,BGC,BGC0001881 v4,Pyricularia grisea
NCBITAXON:148305,ORGANISM,Pyricularia grisea,
M4-FUNG-0277,BGC,BGC0001882 v3,Penicillium rubens Wisconsin 54-1255
M4-FUNG-0278,BGC,BGC0001886 v2,Claviceps purpurea 20.1
M4-FUNG-0279,BGC,BGC0001888 v2,Ustilago maydis 521
M4-FUNG-0280,BGC,BGC0001893 v3,Botrytis cinerea B05.10
M4-FUNG-0281,BGC,BGC0001899 v3,Leptosphaeria maculans JN3; current MIBiG display uses Plenodomus lingam JN3
NCBITAXON:985895,ORGANISM,Leptosphaeria maculans JN3; current MIBiG display uses Plenodomus lingam JN3,
M4-FUNG-0282,BGC,BGC0001901 v3,Trichoderma harzianum
M4-FUNG-0283,BGC,BGC0001906 v2,Daldinia eschscholzii IFB-TL01
NCBITAXON:1169046,ORGANISM,Daldinia eschscholzii IFB-TL01,
M4-FUNG-0284,BGC,BGC0001907 v2,Daldinia eschscholzii IFB-TL01
M4-FUNG-0285,BGC,BGC0001909 v3,Strobilurus tenacellus
NCBITAXON:41251,ORGANISM,Strobilurus tenacellus,
M4-FUNG-0286,BGC,BGC0001913 v3,fungal sp. ATCC 74256
NCBITAXON:1729595,ORGANISM,fungal sp. ATCC 74256,
M4-FUNG-0287,BGC,BGC0001915 v3,Phoma betae
M4-FUNG-0288,BGC,BGC0001923 v3,Acremonium egyptiacum
NCBITAXON:749675,ORGANISM,Acremonium egyptiacum,
M4-FUNG-0289,BGC,BGC0001924 v3,Acremonium egyptiacum
M4-FUNG-0290,BGC,BGC0001926 v3,Talaromyces verruculosus
NCBITAXON:198730,ORGANISM,Talaromyces verruculosus,
M4-FUNG-0291,BGC,BGC0001936 v3,Hypoxylon pulicicidum
M4-FUNG-0292,BGC,BGC0001954 v2,Talaromyces wortmannii
M4-FUNG-0293,BGC,BGC0001966 v3,Phoma sp. F3723
NCBITAXON:1707701,ORGANISM,Phoma sp. F3723,
M4-FUNG-0294,BGC,BGC0001969 v3,Talaromyces wortmannii
M4-FUNG-0295,BGC,BGC0001976 v3,Phoma sp. CGMCC 10481
M4-FUNG-0296,BGC,BGC0001977 v3,Phoma sp.
M4-FUNG-0297,BGC,BGC0001978 v3,Aspergillus sp. CLMG-2019a / Aspergillus burnettii study provenance
M4-FUNG-0298,BGC,BGC0001982 v3,Pyricularia grisea
M4-FUNG-0299,BGC,BGC0001988 v3,Aspergillus novofumigatus IBT 16806
M4-FUNG-0300,BGC,BGC0001989 v3,Kluyveromyces lactis
NCBITAXON:28985,ORGANISM,Kluyveromyces lactis,
M4-FUNG-0301,BGC,BGC0001995 v3,Aspergillus oryzae RIB40
M4-FUNG-0302,BGC,BGC0001996 v2,Aspergillus oryzae RIB40
M4-FUNG-0303,BGC,BGC0001998 v2,Aspergillus nidulans FGSC A4
M4-FUNG-0304,BGC,BGC0002030 v3,Byssochlamys spectabilis
M4-FUNG-0305,BGC,BGC0002035 v3,Neonectria sp. DH2
NCBITAXON:1735992,ORGANISM,Neonectria sp. DH2,
M4-FUNG-0306,BGC,BGC0002062 v2,Paecilomyces divaricatus
M4-FUNG-0307,BGC,BGC0002063 v3,Cryptosporiopsis sp. 8999
NCBITAXON:2572248,ORGANISM,Cryptosporiopsis sp. 8999,
M4-FUNG-0308,BGC,BGC0002065 v2,Strobilurus tenacellus
M4-FUNG-0309,BGC,BGC0002066 v3,Trichoderma harzianum
M4-FUNG-0310,BGC,BGC0002067 v3,Penicillium oxalicum 114-2
M4-FUNG-0311,BGC,BGC0002093 v2,Talaromyces variabilis
NCBITAXON:28576,ORGANISM,Talaromyces variabilis,
M4-FUNG-0312,BGC,BGC0002113 v3,Fusarium sp. 190-020-2
NCBITAXON:2765005,ORGANISM,Fusarium sp. 190-020-2,
M4-FUNG-0313,BGC,BGC0002139 v3,Aspergillus burnettii FRR 5400
M4-FUNG-0314,BGC,BGC0002146 v2,Cladobotryum sp. No. 11231 / Cladobotryum sp.
NCBITAXON:2040732,ORGANISM,Cladobotryum sp. No. 11231 / Cladobotryum sp.,
M4-FUNG-0315,BGC,BGC0002149 v2,Aspergillus alliaceus ATCC 20738
M4-FUNG-0316,BGC,BGC0002154 v2,Pyricularia oryzae 70-15
M4-FUNG-0317,BGC,BGC0002155 v3,Pyricularia oryzae 70-15
M4-FUNG-0318,BGC,BGC0002156 v2,Fulvia fulva CBS 131901 (syn. Cladosporium fulvum)
NCBITAXON:1156157,ORGANISM,Fulvia fulva CBS 131901 (syn. Cladosporium fulvum),
M4-FUNG-0319,BGC,BGC0002157 v2,Aspergillus flavus
M4-FUNG-0320,BGC,BGC0002158 v2,Pyricularia oryzae 70-15
M4-FUNG-0321,BGC,BGC0002159 v3,Coprinopsis cinerea okayama7#130
NCBITAXON:240176,ORGANISM,Coprinopsis cinerea okayama7#130,
M4-FUNG-0322,BGC,BGC0002161 v2,Pestalotiopsis fici W106-1
M4-FUNG-0323,BGC,BGC0002162,Aspergillus fischeri NRRL 181
M4-FUNG-0324,BGC,BGC0002163,Fusarium pseudograminearum CS3096
NCBITAXON:1028729,ORGANISM,Fusarium pseudograminearum CS3096,
M4-FUNG-0325,BGC,BGC0002164,Epichloë festucae
M4-FUNG-0326,BGC,BGC0002165,Parastagonospora nodorum SN15
M4-FUNG-0327,BGC,BGC0002167,Aspergillus flavus NRRL 3357
M4-FUNG-0328,BGC,BGC0002168,Aspergillus stellatus
M4-FUNG-0329,BGC,BGC0002169,Aspergillus aculeatus ATCC 16872
M4-FUNG-0330,BGC,BGC0002170,Aspergillus stellatus (current MIBiG mapping)
M4-FUNG-0331,BGC,BGC0002171,Aspergillus niger ATCC 1015
M4-FUNG-0332,BGC,BGC0002172,Fusarium graminearum PH-1
M4-FUNG-0333,BGC,BGC0002173,Aspergillus fumigatus A1163
NCBITAXON:451804,ORGANISM,Aspergillus fumigatus A1163,
M4-FUNG-0334,BGC,BGC0002174,Epichloe festucae
M4-FUNG-0335,BGC,BGC0002175,Aspergillus oryzae RIB40
M4-FUNG-0336,BGC,BGC0002176,Fusarium graminearum PH-1
M4-FUNG-0337,BGC,BGC0002177,Ustilaginoidea virens
NCBITAXON:1159556,ORGANISM,Ustilaginoidea virens,
M4-FUNG-0338,BGC,BGC0002178,Fusarium graminearum PH-1
M4-FUNG-0339,BGC,BGC0002179,Alternaria alternata
M4-FUNG-0340,BGC,BGC0002180,Aspergillus nidulans FGSC A4
M4-FUNG-0341,BGC,BGC0002181,Rhodocybe pseudopiperita
NCBITAXON:693819,ORGANISM,Rhodocybe pseudopiperita,
M4-FUNG-0342,BGC,BGC0002182,Trichoderma virens
NCBITAXON:29875,ORGANISM,Trichoderma virens,
M4-FUNG-0343,BGC,BGC0002183,Wickerhamiella pararugosa
NCBITAXON:49331,ORGANISM,Wickerhamiella pararugosa,
M4-FUNG-0344,BGC,BGC0002184,Aspergillus clavatus NRRL 1
NCBITAXON:344612,ORGANISM,Aspergillus clavatus NRRL 1,
M4-FUNG-0345,BGC,BGC0002185,Penicillium sp. sh18; canonical source lists Penicillium sp.
NCBITAXON:5081 (canonical source genus-level taxon),ORGANISM,Penicillium sp. sh18; canonical source lists Penicillium sp.,
M4-FUNG-0346,BGC,BGC0002186,Fusarium graminearum PH-1
M4-FUNG-0347,BGC,BGC0002187,Pochonia chlamydosporia 170
NCBITAXON:1380566,ORGANISM,Pochonia chlamydosporia 170,
M4-FUNG-0348,BGC,BGC0002188,Fusarium pseudograminearum CS3096
M4-FUNG-0349,BGC,BGC0002189,Fusarium pseudograminearum CS5834 in canonical source; defining paper refers to C5834
NCBITAXON:1318459,ORGANISM,Fusarium pseudograminearum CS5834 in canonical source; defining paper refers to C5834,
M4-FUNG-0350,BGC,BGC0002190,Acremonium chrysogenum ATCC 11550
M4-FUNG-0351,BGC,BGC0002191,Fusarium graminearum PH-1
M4-FUNG-0352,BGC,BGC0002192,fungal sp. No.14919; species unresolved in canonical source
NCBITAXON:1813822,ORGANISM,fungal sp. No.14919; species unresolved in canonical source,
M4-FUNG-0353,BGC,BGC0002193,Aspergillus terreus NIH2624
M4-FUNG-0354,BGC,BGC0002194,Epicoccum nigrum
NCBITAXON:105696,ORGANISM,Epicoccum nigrum,
M4-FUNG-0355,BGC,BGC0002195,Aspergillus oryzae RIB40
M4-FUNG-0356,BGC,BGC0002196,Penicillium crustosum
NCBITAXON:36656,ORGANISM,Penicillium crustosum,
M4-FUNG-0357,BGC,BGC0002197,Penicillium crustosum
M4-FUNG-0358,BGC,BGC0002198,Aspergillus terreus var. terreus
NCBITAXON:2081996,ORGANISM,Aspergillus terreus var. terreus,
M4-FUNG-0359,BGC,BGC0002199,Aspergillus nanangensis
NCBITAXON:2582783,ORGANISM,Aspergillus nanangensis,
M4-FUNG-0360,BGC,BGC0002200,Calcarisporium arbuscula
NCBITAXON:240499,ORGANISM,Calcarisporium arbuscula,
M4-FUNG-0361,BGC,BGC0002201,Bipolaris victoriae FI3; defining paper uses historical Cochliobolus victoriae nomenclature
NCBITAXON:930091,ORGANISM,Bipolaris victoriae FI3; defining paper uses historical Cochliobolus victoriae nomenclature,
M4-FUNG-0362,BGC,BGC0002202,Bipolaris victoriae FI3; historical Cochliobolus victoriae in defining literature
M4-FUNG-0363,BGC,BGC0002203,Beauveria bassiana ARSEF 2860
M4-FUNG-0364,BGC,BGC0002204,Aspergillus flavipes; defining study strain CNL-338
NCBITAXON:41900,ORGANISM,Aspergillus flavipes; defining study strain CNL-338,
M4-FUNG-0365,BGC,BGC0002205,Parastagonospora nodorum SN15
M4-FUNG-0366,BGC,BGC0002206,Trichoderma guizhouense
NCBITAXON:1491466,ORGANISM,Trichoderma guizhouense,
M4-FUNG-0367,BGC,BGC0002207,Psilocybe cyanescens
NCBITAXON:93625,ORGANISM,Psilocybe cyanescens,
M4-FUNG-0368,BGC,BGC0002208,Aspergillus ustus
NCBITAXON:40382,ORGANISM,Aspergillus ustus,
M4-FUNG-0369,BGC,BGC0002209,Aspergillus ustus
M4-FUNG-0370,BGC,BGC0002210,Aspergillus violaceofuscus CBS 115571
NCBITAXON:657443,ORGANISM,Aspergillus violaceofuscus CBS 115571,
M4-FUNG-0371,BGC,BGC0002211,Paraphaeosphaeria sporulosa
NCBITAXON:1460663,ORGANISM,Paraphaeosphaeria sporulosa,
M4-FUNG-0372,BGC,BGC0002212,Moniliophthora roreri MCA 2997
NCBITAXON:1381753,ORGANISM,Moniliophthora roreri MCA 2997,
M4-FUNG-0373,BGC,BGC0002213,Punctularia strigosozonata HHB-11173 SS5
NCBITAXON:741275,ORGANISM,Punctularia strigosozonata HHB-11173 SS5,
M4-FUNG-0374,BGC,BGC0002214,
ORG_6e8172f57e08,ORGANISM,,
M4-FUNG-0375,BGC,BGC0002215,
ORG_21b49e6f1695,ORGANISM,,
M4-FUNG-0376,BGC,BGC0002216,
ORG_c6017f90d7b0,ORGANISM,,
M4-FUNG-0377,BGC,BGC0002218,
ORG_b22b5ba9a6f7,ORGANISM,,
M4-FUNG-0378,BGC,BGC0002219,
ORG_d85b59831717,ORGANISM,,
M4-FUNG-0379,BGC,BGC0002220,
ORG_72fc323b1874,ORGANISM,,
M4-FUNG-0380,BGC,BGC0002221,
ORG_70768ab916c8,ORGANISM,,
M4-FUNG-0381,BGC,BGC0002222,
ORG_6e29ff2602e5,ORGANISM,,
M4-FUNG-0382,BGC,BGC0002223,
ORG_dccbef159ffa,ORGANISM,,
M4-FUNG-0383,BGC,BGC0002224,
ORG_a825e454814d,ORGANISM,,
M4-FUNG-0384,BGC,BGC0002225,
ORG_43dffc297132,ORGANISM,,
M4-FUNG-0385,BGC,BGC0002226,
ORG_ddcf71f2b181,ORGANISM,,
M4-FUNG-0386,BGC,BGC0002227,
ORG_30de335eae3e,ORGANISM,,
M4-FUNG-0387,BGC,BGC0002228,
ORG_1be47c6350ca,ORGANISM,,
M4-FUNG-0388,BGC,BGC0002229,
ORG_d40377b519a7,ORGANISM,,
M4-FUNG-0389,BGC,BGC0002230,
ORG_2c597a5aa564,ORGANISM,,
M4-FUNG-0390,BGC,BGC0002231,
ORG_e3cadbe52f24,ORGANISM,,
M4-FUNG-0391,BGC,BGC0002232,
ORG_f21506a2afad,ORGANISM,,
M4-FUNG-0392,BGC,BGC0002233,
ORG_28b63b531c3c,ORGANISM,,
M4-FUNG-0393,BGC,BGC0002234,
ORG_50355c5f1f0c,ORGANISM,,
M4-FUNG-0394,BGC,BGC0002235,
ORG_d8b3d7b631f6,ORGANISM,,
M4-FUNG-0395,BGC,BGC0002236,
ORG_9d5b02b4c361,ORGANISM,,
M4-FUNG-0396,BGC,BGC0002237,
ORG_836c3c42925e,ORGANISM,,
M4-FUNG-0397,BGC,BGC0002238,
ORG_51f4218c8370,ORGANISM,,
M4-FUNG-0398,BGC,BGC0002239,
ORG_e5fd63b2dfb1,ORGANISM,,
M4-FUNG-0399,BGC,BGC0002240,
ORG_7f935d6e0b45,ORGANISM,,
M4-FUNG-0400,BGC,BGC0002241,
ORG_7474a8f36194,ORGANISM,,
M4-FUNG-0401,BGC,BGC0002242,
ORG_315919354be6,ORGANISM,,
M4-FUNG-0402,BGC,BGC0002243,
ORG_199abb487d3b,ORGANISM,,
M4-FUNG-0403,BGC,BGC0002244,
ORG_e3ac70135604,ORGANISM,,
M4-FUNG-0404,BGC,BGC0002245,
ORG_3706cb65d3b9,ORGANISM,,
M4-FUNG-0405,BGC,BGC0002246,
ORG_115646fd0871,ORGANISM,,
M4-FUNG-0406,BGC,BGC0002247,
ORG_429e87f09b9e,ORGANISM,,
M4-FUNG-0407,BGC,BGC0002248,
ORG_4e7245e7ef13,ORGANISM,,
M4-FUNG-0408,BGC,BGC0002249,
ORG_1c29ddcb9192,ORGANISM,,
M4-FUNG-0409,BGC,BGC0002250,
ORG_00ee2506caa4,ORGANISM,,
M4-FUNG-0410,BGC,BGC0002251,
ORG_c5eab1482fc6,ORGANISM,,
M4-FUNG-0411,BGC,BGC0002252,
ORG_f0bc222d852a,ORGANISM,,
M4-FUNG-0412,BGC,BGC0002253,
ORG_d53649ce9a79,ORGANISM,,
M4-FUNG-0413,BGC,BGC0002254,
ORG_c21198e70053,ORGANISM,,
M4-FUNG-0414,BGC,BGC0002255,
ORG_6de0d6495f06,ORGANISM,,
M4-FUNG-0415,BGC,BGC0002256,
ORG_164062b0f129,ORGANISM,,
M4-FUNG-0416,BGC,BGC0002257,
ORG_f9cee5d2a5fe,ORGANISM,,
M4-FUNG-0417,BGC,BGC0002258,
ORG_7148c415351b,ORGANISM,,
M4-FUNG-0418,BGC,BGC0002259,
ORG_ab3afe59d4ea,ORGANISM,,
M4-FUNG-0419,BGC,BGC0002260,
ORG_627acd308a22,ORGANISM,,
M4-FUNG-0420,BGC,BGC0002261,
ORG_5aa9dcb6a288,ORGANISM,,
M4-FUNG-0421,BGC,BGC0002262,
ORG_a6532b04f97b,ORGANISM,,
M4-FUNG-0422,BGC,BGC0002263,
ORG_891f81deae16,ORGANISM,,
M4-FUNG-0423,BGC,BGC0002264,
ORG_b56560321bbc,ORGANISM,,
M4-FUNG-0424,BGC,BGC0002265,
ORG_3d7bdd9a2bf8,ORGANISM,,
M4-FUNG-0425,BGC,BGC0002266,
ORG_a863520cab69,ORGANISM,,
M4-FUNG-0426,BGC,BGC0002267,Aspergillus terreus NIH2624
M4-FUNG-0427,BGC,BGC0002268,Penicillium sp.
NCBITAXON:5081,ORGANISM,Penicillium sp.,
M4-FUNG-0428,BGC,BGC0002269,Calcarisporium arbuscula
M4-FUNG-0429,BGC,BGC0002270,Metarhizium robertsii ARSEF 23
M4-FUNG-0430,BGC,BGC0002271,Aspergillus terreus NIH2624
M4-FUNG-0431,BGC,BGC0002272,Aspergillus terreus NIH2624
M4-FUNG-0432,BGC,BGC0002273,Aspergillus terreus NIH2624
M4-FUNG-0433,BGC,BGC0002274,Aspergillus terreus NIH2624
M4-FUNG-0434,BGC,BGC0002275,Aspergillus niger CBS 101883
NCBITAXON:1450533,ORGANISM,Aspergillus niger CBS 101883,
M4-FUNG-0435,BGC,BGC0002276,Aspergillus nidulans FGSC A4
M4-FUNG-0436,BGC,BGC0002277,Suillus grevillei
NCBITAXON:5382,ORGANISM,Suillus grevillei,
M4-FUNG-0437,BGC,BGC0002278,Penicillium brasilianum
M4-FUNG-0438,BGC,BGC0002279,Omphalotus olearius VT 653.13
NCBITAXON:1128401,ORGANISM,Omphalotus olearius VT 653.13,
M4-FUNG-0439,BGC,BGC0002280,Omphalotus olearius VT 653.13
M4-FUNG-0440,BGC,BGC0002281,Fusarium commune
NCBITAXON:249398,ORGANISM,Fusarium commune,
M4-FUNG-0441,BGC,BGC0002290,Biscogniauxia sp.
NCBITAXON:1896107,ORGANISM,Biscogniauxia sp.,
M4-FUNG-0442,BGC,BGC0002301,Aschersonia paraphysata
NCBITAXON:370937,ORGANISM,Aschersonia paraphysata,
M4-FUNG-0443,BGC,BGC0002304,Talaromyces variabilis
M4-FUNG-0444,BGC,BGC0002320,Penicillium rubens Wisconsin 54-1255
M4-FUNG-0445,BGC,BGC0002321,Metschnikowia aff. pulcherrima
NCBITAXON:2163413,ORGANISM,Metschnikowia aff. pulcherrima,
M4-FUNG-0446,BGC,BGC0002348,Aspergillus terreus NIH2624
M4-FUNG-0447,BGC,BGC0002368,Penicillium citrinum
M4-FUNG-0448,BGC,BGC0002375,Cladosporium sp. SW67
NCBITAXON:2259629,ORGANISM,Cladosporium sp. SW67,
M4-FUNG-0449,BGC,BGC0002427,Metarhizium robertsii ARSEF 23
M4-FUNG-0450,BGC,BGC0002428,Fusarium graminearum PH-1
M4-FUNG-0451,BGC,BGC0002429,Colletotrichum higginsianum IMI 349063
NCBITAXON:759273,ORGANISM,Colletotrichum higginsianum IMI 349063,
M4-FUNG-0452,BGC,BGC0002438,Pithomyces chartarum
NCBITAXON:1892770,ORGANISM,Pithomyces chartarum,
M4-FUNG-0453,BGC,BGC0002445,Armillaria gallica
NCBITAXON:47427,ORGANISM,Armillaria gallica,
M4-FUNG-0454,BGC,BGC0002459,Bipolaris sorokiniana
NCBITAXON:45130,ORGANISM,Bipolaris sorokiniana,
M4-FUNG-0455,BGC,BGC0002483,Cladonia uncialis subsp. uncialis
M4-FUNG-0456,BGC,BGC0002501,Penicillium steckii
NCBITAXON:303698,ORGANISM,Penicillium steckii,
M4-FUNG-0457,BGC,BGC0002502,Fusarium fujikuroi
M4-FUNG-0458,BGC,BGC0002505,Xenoacremonium sinensis
NCBITAXON:2480843,ORGANISM,Xenoacremonium sinensis,
M4-FUNG-0459,BGC,BGC0002507,Chrysosporium merdarium
NCBITAXON:108922,ORGANISM,Chrysosporium merdarium,
M4-FUNG-0460,BGC,BGC0002511,Cladonia macilenta KoLRI003786
NCBITAXON:1353983,ORGANISM,Cladonia macilenta KoLRI003786,
M4-FUNG-0461,BGC,BGC0002513,Cladonia metacorallifera KoLRI002260
NCBITAXON:1400770,ORGANISM,Cladonia metacorallifera KoLRI002260,
M4-FUNG-0462,BGC,BGC0002515,Ascochyta rabiei
NCBITAXON:5454,ORGANISM,Ascochyta rabiei,
M4-FUNG-0463,BGC,BGC0002516,Fusarium neocosmosporiellum
NCBITAXON:1325723,ORGANISM,Fusarium neocosmosporiellum,
M4-FUNG-0464,BGC,BGC0002519,Aspergillus fumigatus MF071
NCBITAXON:746128,ORGANISM,Aspergillus fumigatus MF071,
M4-FUNG-0465,BGC,BGC0002525,Fusarium sp. RK97-94
NCBITAXON:29916,ORGANISM,Fusarium sp. RK97-94,
M4-FUNG-0466,BGC,BGC0002537,Aspergillus sp. TJ23
NCBITAXON:5065,ORGANISM,Aspergillus sp. TJ23,
M4-FUNG-0467,BGC,BGC0002538,Chaetomium olivaceum SD-80A
NCBITAXON:1087732,ORGANISM,Chaetomium olivaceum SD-80A,
M4-FUNG-0468,BGC,BGC0002539,Discosia rubi
NCBITAXON:2502037,ORGANISM,Discosia rubi,
M4-FUNG-0469,BGC,BGC0002543,Phialomyces arenicola (studied as Penicillium arenicola NRRL 8095)
NCBITAXON:168477,ORGANISM,Phialomyces arenicola (studied as Penicillium arenicola NRRL 8095),
M4-FUNG-0470,BGC,BGC0002546,Chaetomium globosum
NCBITAXON:38033,ORGANISM,Chaetomium globosum,
M4-FUNG-0471,BGC,BGC0002549,Parmelia sp. 050094
NCBITAXON:2828659,ORGANISM,Parmelia sp. 050094,
M4-FUNG-0472,BGC,BGC0002555,Acremonium sp.
NCBITAXON:2046025,ORGANISM,Acremonium sp.,
M4-FUNG-0473,BGC,BGC0002557,Penicillium griseofulvum
NCBITAXON:5078,ORGANISM,Penicillium griseofulvum,
M4-FUNG-0474,BGC,BGC0002592,Aspergillus terreus NIH2624
M4-FUNG-0475,BGC,BGC0002593,Pseudevernia furfuracea
NCBITAXON:136282,ORGANISM,Pseudevernia furfuracea,
M4-FUNG-0476,BGC,BGC0002594,Fusarium graminearum PH-1
M4-FUNG-0477,BGC,BGC0002595,Taiwanofungus camphoratus
NCBITAXON:2696576,ORGANISM,Taiwanofungus camphoratus,
M4-FUNG-0478,BGC,BGC0002596,Claviceps purpurea 20.1
M4-FUNG-0479,BGC,BGC0002598,Aspergillus westerdijkiae
NCBITAXON:357447,ORGANISM,Aspergillus westerdijkiae,
M4-FUNG-0480,BGC,BGC0002599,Aspergillus fumigatus
M4-FUNG-0481,BGC,BGC0002600,Aspergillus fumigatus
M4-FUNG-0482,BGC,BGC0002601,Aspergillus fumigatus
M4-FUNG-0483,BGC,BGC0002602,Aspergillus flavus
M4-FUNG-0484,BGC,BGC0002603,Aspergillus versicolor
M4-FUNG-0485,BGC,BGC0002604,Aspergillus felis
NCBITAXON:1287682,ORGANISM,Aspergillus felis,
M4-FUNG-0486,BGC,BGC0002605,Aspergillus carbonarius
NCBITAXON:40993,ORGANISM,Aspergillus carbonarius,
M4-FUNG-0487,BGC,BGC0002606,Aspergillus niger
M4-FUNG-0488,BGC,BGC0002607,Aspergillus westerdijkiae
M4-FUNG-0489,BGC,BGC0002608,Aspergillus steynii
NCBITAXON:306088,ORGANISM,Aspergillus steynii,
M4-FUNG-0490,BGC,BGC0002609,Aspergillus welwitschiae
NCBITAXON:1341132,ORGANISM,Aspergillus welwitschiae,
M4-FUNG-0491,BGC,BGC0002610,Aspergillus stellatus
M4-FUNG-0492,BGC,BGC0002611,Aspergillus mulundensis
NCBITAXON:1810919,ORGANISM,Aspergillus mulundensis,
M4-FUNG-0493,BGC,BGC0002612,Aspergillus stellatus
M4-FUNG-0494,BGC,BGC0002614,Penicillium shearii
NCBITAXON:904690,ORGANISM,Penicillium shearii,
M4-FUNG-0495,BGC,BGC0002615,Penicillium terrestre
M4-FUNG-0496,BGC,BGC0002616,Penicillium roqueforti
M4-FUNG-0497,BGC,BGC0002617,Penicillium sp. YT-2016
NCBITAXON:1813945,ORGANISM,Penicillium sp. YT-2016,
M4-FUNG-0498,BGC,BGC0002618,Penicillium crustosum
M4-FUNG-0499,BGC,BGC0002619,Penicillium brevicompactum
M4-FUNG-0500,BGC,BGC0002646,Aspergillus hancockii
NCBITAXON:1873369,ORGANISM,Aspergillus hancockii,
M4-FUNG-0501,BGC,BGC0002651,Rosellinia necatrix
NCBITAXON:77044,ORGANISM,Rosellinia necatrix,
M4-FUNG-0502,BGC,BGC0002655,Paramyrothecium roridum
M4-FUNG-0503,BGC,BGC0002658,Sarocladium oryzae
NCBITAXON:284135,ORGANISM,Sarocladium oryzae,
M4-FUNG-0504,BGC,BGC0002664,Xylaria sp. 218_066
NCBITAXON:2784450,ORGANISM,Xylaria sp. 218_066,
M4-FUNG-0505,BGC,BGC0002670,Fusarium oxysporum f. sp. lycopersici 4287
NCBITAXON:426428,ORGANISM,Fusarium oxysporum f. sp. lycopersici 4287,
M4-FUNG-0506,BGC,BGC0002707,Coniophora puteana RWD-64-598 SS2
NCBITAXON:741705,ORGANISM,Coniophora puteana RWD-64-598 SS2,
M4-FUNG-0507,BGC,BGC0002708,Coniophora puteana RWD-64-598 SS2
M4-FUNG-0508,BGC,BGC0002709,Fusarium graminearum PH-1
M4-FUNG-0509,BGC,BGC0002710,Metarhizium robertsii ARSEF 23
M4-FUNG-0510,BGC,BGC0002726,Bipolaris sorokiniana
M4-FUNG-0511,BGC,BGC0002727,Neonectria sp. DH2
M4-FUNG-0512,BGC,BGC0002728,Aspergillus aculeatus ATCC 16872
M4-FUNG-0513,BGC,BGC0002729,Neurospora crassa OR74A
M4-FUNG-0514,BGC,BGC0002730,Penicillium brasilianum HBU-136
M4-FUNG-0515,BGC,BGC0002731,Aspergillus nanangensis
M4-FUNG-0516,BGC,BGC0002734,Aspergillus terreus NIH2624
M4-FUNG-0517,BGC,BGC0002736,Aspergillus terreus NIH2624
M4-FUNG-0518,BGC,BGC0002745,Penicillium polonicum
NCBITAXON:60169,ORGANISM,Penicillium polonicum,
M4-FUNG-0519,BGC,BGC0002746,Dendrothele bispora CBS 962.96
NCBITAXON:1314807,ORGANISM,Dendrothele bispora CBS 962.96,
M4-FUNG-0520,BGC,BGC0002747,Lentinula edodes
NCBITAXON:5353,ORGANISM,Lentinula edodes,
M4-FUNG-0521,BGC,BGC0002749,Aspergillus candidus CBS 102.13
NCBITAXON:41067,ORGANISM,Aspergillus candidus CBS 102.13,
M4-FUNG-0522,BGC,BGC0002758,Aspergillus nidulans FGSC A4
M4-FUNG-0523,BGC,BGC0002759,Penicillium bialowiezense CBS 227.28
NCBITAXON:293381,ORGANISM,Penicillium bialowiezense CBS 227.28,
M4-FUNG-0524,BGC,BGC0002812,Colletotrichum higginsianum IMI 349063
M4-FUNG-0525,BGC,BGC0002845,Aspergillus fumigatus Af293
M4-FUNG-0526,BGC,BGC0002847,Metarhizium robertsii ARSEF23
M4-FUNG-0527,BGC,BGC0002848,Aspergillus duricaulis CBS 481.65
NCBITAXON:75552,ORGANISM,Aspergillus duricaulis CBS 481.65,
M4-FUNG-0528,BGC,BGC0002849,Aspergillus luteorubrus MST-FP2246
NCBITAXON:2715282,ORGANISM,Aspergillus luteorubrus MST-FP2246,
M4-FUNG-0529,BGC,BGC0002852,Pestalotiopsis sp. BRIP 39872
NCBITAXON:3077947,ORGANISM,Pestalotiopsis sp. BRIP 39872,
M4-FUNG-0530,BGC,BGC0002855,Aspergillus striatus ATCC 64988
NCBITAXON:469280,ORGANISM,Aspergillus striatus ATCC 64988,
M4-FUNG-0531,BGC,BGC0002864,Ovatospora sp. SCSIO SY280D
NCBITAXON:2911399,ORGANISM,Ovatospora sp. SCSIO SY280D,
M4-FUNG-0532,BGC,BGC0002867,Penicillium meliponae MMSRG-058
NCBITAXON:2003561,ORGANISM,Penicillium meliponae MMSRG-058,
M4-FUNG-0533,BGC,BGC0002872,Curvularia lunata ATCC 74067
NCBITAXON:5503,ORGANISM,Curvularia lunata ATCC 74067,
M4-FUNG-0534,BGC,BGC0002874,Cladonia metacorallifera KoLRI002260
M4-FUNG-0535,BGC,BGC0002876,Aspergillus desertorum CBS 653.73
NCBITAXON:1810909,ORGANISM,Aspergillus desertorum CBS 653.73,
M4-FUNG-0536,BGC,BGC0002877,Cordyceps militaris CM01
NCBITAXON:983644,ORGANISM,Cordyceps militaris CM01,
M4-FUNG-0537,BGC,BGC0002883,Cladonia macilenta KoLRI003786
M4-FUNG-0538,BGC,BGC0002884,Aspergillus nidulans FSGC A1145
M4-FUNG-0539,BGC,BGC0002887,Colletotrichum graminicola M1.001
NCBITAXON:645133,ORGANISM,Colletotrichum graminicola M1.001,
M4-FUNG-0540,BGC,BGC0002891,Arthrinium sp. NF2194
NCBITAXON:1756131,ORGANISM,Arthrinium sp. NF2194,
M4-FUNG-0541,BGC,BGC0002904,Aspergillus welwitschiae
M4-FUNG-0542,BGC,BGC0002905,Taiwanofungus camphoratus S27
M4-FUNG-0543,BGC,BGC0002911,Pestalotiopsis fici W106-1
M4-FUNG-0544,BGC,BGC0002930,Penicillium arizonense IBT 12289
NCBITAXON:1835702,ORGANISM,Penicillium arizonense IBT 12289,
M4-FUNG-0545,BGC,BGC0002933,Albophoma yamanashiensis (Tolypocladium album) FO-254
NCBITAXON:1635095,ORGANISM,Albophoma yamanashiensis (Tolypocladium album) FO-254,
M4-FUNG-0546,BGC,BGC0002936,Umbilicaria deusta
NCBITAXON:87276,ORGANISM,Umbilicaria deusta,
M4-FUNG-0547,BGC,BGC0002938,Fusarium graminearum F15
M4-FUNG-0548,BGC,BGC0002953,Annulohypoxylon moriforme CBS 123579
NCBITAXON:326622,ORGANISM,Annulohypoxylon moriforme CBS 123579,
M4-FUNG-0549,BGC,BGC0002956,Colletotrichum orbiculare 104-T (MAFF 240422)
NCBITAXON:1213857,ORGANISM,Colletotrichum orbiculare 104-T (MAFF 240422),
M4-FUNG-0550,BGC,BGC0002966,Aspergillus luteorubrus MST-FP2246
M4-FUNG-0551,BGC,BGC0002970,Penicillium crustosum PRB-2
M4-FUNG-0552,BGC,BGC0002971,Fusarium graminearum PH-1
M4-FUNG-0553,BGC,BGC0002980,Aspergillus fumigatus A1163
M4-FUNG-0554,BGC,BGC0002984,Dactylonectria alcacerensis CT-6
NCBITAXON:1079268,ORGANISM,Dactylonectria alcacerensis CT-6,
M4-FUNG-0555,BGC,BGC0002985,Paramyrothecium sp. XJ0827
NCBITAXON:2884823,ORGANISM,Paramyrothecium sp. XJ0827,
M4-FUNG-0556,BGC,BGC0002987,Fusarium scirpi CGMCC 3.3656
NCBITAXON:2211609,ORGANISM,Fusarium scirpi CGMCC 3.3656,
M4-FUNG-0557,BGC,BGC0002993,Penicillium oxalicum MEFC104
NCBITAXON:69781,ORGANISM,Penicillium oxalicum MEFC104,
M4-FUNG-0558,BGC,BGC0002995,Penicillium soppii CBS 869.70
NCBITAXON:69789,ORGANISM,Penicillium soppii CBS 869.70,
M4-FUNG-0559,BGC,BGC0002996,Penicillium palitans NRRL 2033
NCBITAXON:293374,ORGANISM,Penicillium palitans NRRL 2033,
M4-FUNG-0560,BGC,BGC0002998,Neonectria discophora SNB-CN63
M4-FUNG-0561,BGC,BGC0002999,Penicillium roqueforti FM164
M4-FUNG-0562,BGC,BGC0003006,Cephalotrichum gorgonifer NG_p51
NCBITAXON:2041049,ORGANISM,Cephalotrichum gorgonifer NG_p51,
M4-FUNG-0563,BGC,BGC0003011,Phaeosphaeriaceae sp. CF-150626
NCBITAXON:3047880,ORGANISM,Phaeosphaeriaceae sp. CF-150626,
M4-FUNG-0564,BGC,BGC0003013,Aspergillus sp. SCSIO SX7S7
M4-FUNG-0565,BGC,BGC0003017,Macrophomina phaseolina MS6
NCBITAXON:1126212,ORGANISM,Macrophomina phaseolina MS6,
M4-FUNG-0566,BGC,BGC0003018,Penicillium sclerotiorum SNB-CN111
NCBITAXON:69788,ORGANISM,Penicillium sclerotiorum SNB-CN111,
M4-FUNG-0567,BGC,BGC0003024,Aspergillus fumigatus Af293
M4-FUNG-0568,BGC,BGC0003028,Penicillium crustosum PRB-2
NCBITAXON:36652,ORGANISM,Penicillium crustosum PRB-2,
M4-FUNG-0569,BGC,BGC0003032,Penicillium soppii Okera-1 / IBT 18220
M4-FUNG-0570,BGC,BGC0003034,Aspergillus ustus 3.3904
M4-FUNG-0571,BGC,BGC0003041,Bipolaris sorokiniana ND90Pr
NCBITAXON:665912,ORGANISM,Bipolaris sorokiniana ND90Pr,
M4-FUNG-0572,BGC,BGC0003047,Fusarium fujikuroi isolate IMI58289
M4-FUNG-0573,BGC,BGC0003053,Mortierella alpina ATCC 32222
NCBITAXON:685557,ORGANISM,Mortierella alpina ATCC 32222,
M4-FUNG-0574,BGC,BGC0003054,Aspergillus flavipes CNL-338
M4-FUNG-0575,BGC,BGC0003058,Mortierella alpina ATCC 32222
M4-FUNG-0576,BGC,BGC0003072,Fusarium graminearum PH-1
M4-FUNG-0577,BGC,BGC0003076,Aspergillus ruber QEN-0407-G2 / genome reference CBS 135680
NCBITAXON:1388766,ORGANISM,Aspergillus ruber QEN-0407-G2 / genome reference CBS 135680,
M4-FUNG-0578,BGC,BGC0003077,Aspergillus ustus
M4-FUNG-0579,BGC,BGC0003085,Aspergillus ustus
M4-FUNG-0580,BGC,BGC0003088,Penicillium brocae
NCBITAXON:201291,ORGANISM,Penicillium brocae,
M4-FUNG-0581,BGC,BGC0003093,Diaporthe sp. SYSU-MS4722
NCBITAXON:2604179,ORGANISM,Diaporthe sp. SYSU-MS4722,
M4-FUNG-0582,BGC,BGC0003094,Phaeosphaeria sp. TTI001159
NCBITAXON:2633043,ORGANISM,Phaeosphaeria sp. TTI001159,
M4-FUNG-0583,BGC,BGC0003099,Fusarium mangiferae
NCBITAXON:192010,ORGANISM,Fusarium mangiferae,
M4-FUNG-0584,BGC,BGC0003108,Leptobacillium sp. CF-236968
NCBITAXON:2011797,ORGANISM,Leptobacillium sp. CF-236968,
M4-FUNG-0585,BGC,BGC0003109,Stachybotrys sp. g12
NCBITAXON:1718872,ORGANISM,Stachybotrys sp. g12,
M4-FUNG-0586,BGC,BGC0003113,Jackrogersella multiformis
NCBITAXON:1955268,ORGANISM,Jackrogersella multiformis,
M4-FUNG-0587,BGC,BGC0003115,Penicillium crustosum
M4-FUNG-0588,BGC,BGC0003118,Hypomontagnella monticulosa
NCBITAXON:2487000,ORGANISM,Hypomontagnella monticulosa,
M4-FUNG-0589,BGC,BGC0003119,Aspergillus aculeatus
M4-FUNG-0590,BGC,BGC0003120,Jackrogersella minutella
NCBITAXON:1955266,ORGANISM,Jackrogersella minutella,
M4-FUNG-0591,BGC,BGC0003126,Aspergillus niger
NCBITAXON:425011,ORGANISM,Aspergillus niger,
M4-FUNG-0592,BGC,BGC0003130,Arthrobotrys oligospora
NCBITAXON:756982,ORGANISM,Arthrobotrys oligospora,
M4-FUNG-0593,BGC,BGC0003140,Penicillium expansum
M4-FUNG-0594,BGC,BGC0003142,Fusarium graminearum
M4-FUNG-0595,BGC,BGC0003144,Pseudevernia furfuracea
ORG_3705c8ce96de,ORGANISM,Pseudevernia furfuracea,
M4-FUNG-0596,BGC,BGC0003145,Macrophomina phaseolina
M4-FUNG-0597,BGC,BGC0003147,Tolypocladium album
M4-FUNG-0598,BGC,BGC0003148,Aspergillus brasiliensis
NCBITAXON:319629,ORGANISM,Aspergillus brasiliensis,
M4-FUNG-0599,BGC,BGC0003149,Fusarium oxysporum
NCBITAXON:660028,ORGANISM,Fusarium oxysporum,
M4-FUNG-0600,BGC,BGC0003150,Ascochyta viciae-villosae
NCBITAXON:487627,ORGANISM,Ascochyta viciae-villosae,
M4-FUNG-0601,BGC,BGC0003151,Penicillium roqueforti
M4-FUNG-0602,BGC,BGC0003153,Fusarium proliferatum
NCBITAXON:948311,ORGANISM,Fusarium proliferatum,
M4-FUNG-0603,BGC,BGC0003154,Aspergillus flavus
M4-FUNG-0604,BGC,BGC0003157,Talaromyces verruculosus
M4-FUNG-0605,BGC,BGC0003158,Macrophomina phaseolina
M4-FUNG-0606,BGC,BGC0003159,Colletotrichum gloeosporioides
NCBITAXON:474922,ORGANISM,Colletotrichum gloeosporioides,
M4-FUNG-0607,BGC,BGC0003161,Periglandula ipomoeae
NCBITAXON:1037530,ORGANISM,Periglandula ipomoeae,
M4-FUNG-0608,BGC,BGC0003162,Epichloë festucae
M4-FUNG-0609,BGC,BGC0003163,Periglandula ipomoeae
M4-FUNG-0001:G001,GENE,AFT9-1,
M4-FUNG-0001:G002,GENE,AFT10-1,
M4-FUNG-0001:G003,GENE,AFT11-1,
M4-FUNG-0001:G004,GENE,AFT12-1,
M4-FUNG-0001:G005,GENE,AFTR-2,
M4-FUNG-0001:G006,GENE,AFT3-2,
M4-FUNG-0002:G001,GENE,aflT,
M4-FUNG-0002:G002,GENE,pksA,
M4-FUNG-0002:G003,GENE,nor-1,
M4-FUNG-0002:G004,GENE,fas-2,
M4-FUNG-0002:G005,GENE,fas-1,
M4-FUNG-0002:G006,GENE,aflR,
M4-FUNG-0002:G007,GENE,aflJ / aflS,
M4-FUNG-0002:G008,GENE,adhA,
M4-FUNG-0002:G009,GENE,estA,
M4-FUNG-0002:G010,GENE,norA,
M4-FUNG-0002:G011,GENE,ver-1,
M4-FUNG-0002:G012,GENE,verA,
M4-FUNG-0002:G013,GENE,avnA,
M4-FUNG-0002:G014,GENE,verB,
M4-FUNG-0002:G015,GENE,avfA,
M4-FUNG-0002:G016,GENE,omtB,
M4-FUNG-0002:G017,GENE,omtA,
M4-FUNG-0002:G018,GENE,ordA,
M4-FUNG-0002:G019,GENE,vbs,
M4-FUNG-0002:G020,GENE,cypX,
M4-FUNG-0002:G021,GENE,moxY,
M4-FUNG-0002:G022,GENE,ordB,
M4-FUNG-0002:G023,GENE,hypA,
M4-FUNG-0003:G001,GENE,aflF / norB,
M4-FUNG-0003:G002,GENE,aflU / cypA,
M4-FUNG-0003:G003,GENE,aflT,
M4-FUNG-0003:G004,GENE,aflC / pksA / pksL1,
M4-FUNG-0003:G005,GENE,aflD / nor-1,
M4-FUNG-0003:G006,GENE,aflA / fas-2 / hexA,
M4-FUNG-0003:G007,GENE,aflB / fas-1 / hexB / uvm8 / fas-1A,
M4-FUNG-0003:G008,GENE,aflR / apa-2 / afl-2,
M4-FUNG-0003:G009,GENE,aflS (historical alias aflJ),
M4-FUNG-0003:G010,GENE,aflH / adhA,
M4-FUNG-0003:G011,GENE,aflJ / estA,
M4-FUNG-0003:G012,GENE,aflE / norA / aad,
M4-FUNG-0003:G013,GENE,aflM / ver-1,
M4-FUNG-0003:G014,GENE,aflN / verA,
M4-FUNG-0003:G015,GENE,aflG / avnA,
M4-FUNG-0003:G016,GENE,aflL / verB,
M4-FUNG-0003:G017,GENE,aflI / avfA,
M4-FUNG-0003:G018,GENE,aflO / omtB / dmtA,
M4-FUNG-0003:G019,GENE,aflP / omtA / omt-1,
M4-FUNG-0003:G020,GENE,aflQ / ordA / ord-1,
M4-FUNG-0003:G021,GENE,aflK / vbs,
M4-FUNG-0003:G022,GENE,aflV / cypX,
M4-FUNG-0003:G023,GENE,aflW / moxY,
M4-FUNG-0003:G024,GENE,aflX / ordB,
M4-FUNG-0003:G025,GENE,aflY / hypA,
M4-FUNG-0003:G026,GENE,nadA,
M4-FUNG-0003:G027,GENE,hxtA,
M4-FUNG-0003:G028,GENE,glcA,
M4-FUNG-0003:G029,GENE,sugR,
M4-FUNG-0004:G001,GENE,aflT,
M4-FUNG-0004:G002,GENE,aflC / pksA,
M4-FUNG-0004:G003,GENE,aflD / nor-1,
M4-FUNG-0004:G004,GENE,aflA / fas-2 / hexA,
M4-FUNG-0004:G005,GENE,aflB / fas-1 / hexB,
M4-FUNG-0004:G006,GENE,aflR,
M4-FUNG-0004:G007,GENE,aflS (historical aflJ),
M4-FUNG-0004:G008,GENE,aflH / adhA,
M4-FUNG-0004:G009,GENE,aflJ / estA,
M4-FUNG-0004:G010,GENE,aflE / norA,
M4-FUNG-0004:G011,GENE,aflM / ver-1,
M4-FUNG-0004:G012,GENE,aflN / verA,
M4-FUNG-0004:G013,GENE,aflG / avnA,
M4-FUNG-0004:G014,GENE,aflL / verB,
M4-FUNG-0004:G015,GENE,aflI / avfA,
M4-FUNG-0004:G016,GENE,aflO / omtB,
M4-FUNG-0004:G017,GENE,aflP / omtA,
M4-FUNG-0004:G018,GENE,aflQ / ordA,
M4-FUNG-0004:G019,GENE,aflK / vbs,
M4-FUNG-0004:G020,GENE,aflV / cypX,
M4-FUNG-0004:G021,GENE,aflW / moxY,
M4-FUNG-0004:G022,GENE,aflX / ordB,
M4-FUNG-0004:G023,GENE,aflY / hypA,
M4-FUNG-0005:G001,GENE,aflF / norB,
M4-FUNG-0005:G002,GENE,aflU / cypA,
M4-FUNG-0005:G003,GENE,aflT,
M4-FUNG-0005:G004,GENE,aflC / pksA,
M4-FUNG-0005:G005,GENE,aflD / nor-1,
M4-FUNG-0005:G006,GENE,aflA / hexA,
M4-FUNG-0005:G007,GENE,aflB / hexB,
M4-FUNG-0005:G008,GENE,aflR,
M4-FUNG-0005:G009,GENE,aflS (historical aflJ),
M4-FUNG-0005:G010,GENE,aflH / adhA,
M4-FUNG-0005:G011,GENE,aflJ / estA,
M4-FUNG-0005:G012,GENE,aflE / norA,
M4-FUNG-0005:G013,GENE,aflM / ver-1,
M4-FUNG-0005:G014,GENE,aflN / verA,
M4-FUNG-0005:G015,GENE,aflG / avnA,
M4-FUNG-0005:G016,GENE,aflL / verB,
M4-FUNG-0005:G017,GENE,aflI / avfA,
M4-FUNG-0005:G018,GENE,aflO / omtB,
M4-FUNG-0005:G019,GENE,aflP / omtA,
M4-FUNG-0005:G020,GENE,aflQ / ordA,
M4-FUNG-0005:G021,GENE,aflK / vbs,
M4-FUNG-0005:G022,GENE,aflV / cypX,
M4-FUNG-0005:G023,GENE,aflW / moxY,
M4-FUNG-0005:G024,GENE,aflX / ordB,
M4-FUNG-0005:G025,GENE,aflY / hypA,
M4-FUNG-0006:G001,GENE,aflT,
M4-FUNG-0006:G002,GENE,aflC / pksA,
M4-FUNG-0006:G003,GENE,aflD / nor-1,
M4-FUNG-0006:G004,GENE,aflA / hexA,
M4-FUNG-0006:G005,GENE,aflB / hexB,
M4-FUNG-0006:G006,GENE,aflR,
M4-FUNG-0006:G007,GENE,aflS (historical aflJ),
M4-FUNG-0006:G008,GENE,aflH / adhA,
M4-FUNG-0006:G009,GENE,aflJ / estA,
M4-FUNG-0006:G010,GENE,aflE / norA,
M4-FUNG-0006:G011,GENE,aflM / ver-1,
M4-FUNG-0006:G012,GENE,aflN / verA,
M4-FUNG-0006:G013,GENE,aflG / avnA,
M4-FUNG-0006:G014,GENE,aflL / verB,
M4-FUNG-0006:G015,GENE,aflI / avfA,
M4-FUNG-0006:G016,GENE,aflO / omtB,
M4-FUNG-0006:G017,GENE,aflP / omtA,
M4-FUNG-0006:G018,GENE,aflQ / ordA,
M4-FUNG-0006:G019,GENE,aflK / vbs,
M4-FUNG-0006:G020,GENE,aflV / cypX,
M4-FUNG-0006:G021,GENE,aflW / moxY,
M4-FUNG-0006:G022,GENE,aflX / ordB,
M4-FUNG-0006:G023,GENE,aflY / hypA,
M4-FUNG-0007:G001,GENE,aflF / norB,
M4-FUNG-0007:G002,GENE,aflU / cypA,
M4-FUNG-0007:G003,GENE,aflT,
M4-FUNG-0007:G004,GENE,aflC / pksA,
M4-FUNG-0007:G005,GENE,aflD / nor-1,
M4-FUNG-0007:G006,GENE,aflA / hexA,
M4-FUNG-0007:G007,GENE,aflB / hexB,
M4-FUNG-0007:G008,GENE,aflR,
M4-FUNG-0007:G009,GENE,aflS (historical aflJ),
M4-FUNG-0007:G010,GENE,aflH / adhA,
M4-FUNG-0007:G011,GENE,aflJ / estA,
M4-FUNG-0007:G012,GENE,aflE / norA,
M4-FUNG-0007:G013,GENE,aflM / ver-1,
M4-FUNG-0007:G014,GENE,aflN / verA,
M4-FUNG-0007:G015,GENE,aflG / avnA,
M4-FUNG-0007:G016,GENE,aflL / verB,
M4-FUNG-0007:G017,GENE,aflI / avfA,
M4-FUNG-0007:G018,GENE,aflO / omtB,
M4-FUNG-0007:G019,GENE,aflP / omtA,
M4-FUNG-0007:G020,GENE,aflQ / ordA,
M4-FUNG-0007:G021,GENE,aflK / vbs,
M4-FUNG-0007:G022,GENE,aflV / cypX,
M4-FUNG-0007:G023,GENE,aflW / moxY,
M4-FUNG-0007:G024,GENE,aflX / ordB,
M4-FUNG-0007:G025,GENE,aflY / hypA,
M4-FUNG-0008:G001,GENE,aflT,
M4-FUNG-0008:G002,GENE,aflC / pksA pseudogene,
M4-FUNG-0008:G003,GENE,aflD / nor-1,
M4-FUNG-0008:G004,GENE,aflA / hexA,
M4-FUNG-0008:G005,GENE,aflB / hexB,
M4-FUNG-0008:G006,GENE,aflR,
M4-FUNG-0008:G007,GENE,aflS (historical aflJ),
M4-FUNG-0008:G008,GENE,aflH / adhA,
M4-FUNG-0008:G009,GENE,aflJ / estA,
M4-FUNG-0008:G010,GENE,aflE / norA,
M4-FUNG-0008:G011,GENE,aflM / ver-1,
M4-FUNG-0008:G012,GENE,aflN / verA,
M4-FUNG-0008:G013,GENE,aflG / avnA,
M4-FUNG-0008:G014,GENE,aflL / verB,
M4-FUNG-0008:G015,GENE,aflI / avfA,
M4-FUNG-0008:G016,GENE,aflO / omtB,
M4-FUNG-0008:G017,GENE,aflP / omtA,
M4-FUNG-0008:G018,GENE,aflQ / ordA,
M4-FUNG-0008:G019,GENE,aflK / vbs,
M4-FUNG-0008:G020,GENE,aflV / cypX,
M4-FUNG-0008:G021,GENE,aflW / moxY,
M4-FUNG-0008:G022,GENE,aflX / ordB,
M4-FUNG-0008:G023,GENE,aflY / hypA,
M4-FUNG-0009:G001,GENE,aflW,
M4-FUNG-0009:G002,GENE,aflE,
M4-FUNG-0009:G003,GENE,aflM,
M4-FUNG-0009:G004,GENE,stcT,
M4-FUNG-0009:G005,GENE,hypE,
M4-FUNG-0009:G006,GENE,aflN,
M4-FUNG-0009:G007,GENE,aflC / pksA,
M4-FUNG-0009:G008,GENE,aflV / cypX,
M4-FUNG-0009:G009,GENE,stcC,
M4-FUNG-0009:G010,GENE,stcD,
M4-FUNG-0009:G011,GENE,aflD / nor-1,
M4-FUNG-0009:G012,GENE,aflR,
M4-FUNG-0009:G013,GENE,aflS,
M4-FUNG-0009:G014,GENE,aflG / avnA,
M4-FUNG-0009:G015,GENE,aflH / adhA,
M4-FUNG-0009:G016,GENE,stcH,
M4-FUNG-0009:G017,GENE,aflJ / estA,
M4-FUNG-0009:G018,GENE,aflA / fas-2,
M4-FUNG-0009:G019,GENE,aflB / fas-1,
M4-FUNG-0009:G020,GENE,aflL / verB,
M4-FUNG-0009:G021,GENE,hypB2,
M4-FUNG-0009:G022,GENE,aflK / vbs,
M4-FUNG-0009:G023,GENE,aflI / avfA,
M4-FUNG-0009:G024,GENE,aflO / omtB,
M4-FUNG-0009:G025,GENE,aflX / ordB,
M4-FUNG-0009:G026,GENE,aflY / hypA,
M4-FUNG-0009:G027,GENE,aflQ / ordA (extra-cluster),
M4-FUNG-0010:G001,GENE,alt1,
M4-FUNG-0010:G002,GENE,alt2,
M4-FUNG-0010:G003,GENE,alt3,
M4-FUNG-0010:G004,GENE,alt4,
M4-FUNG-0010:G005,GENE,alt5 / pksN / PKSN,
M4-FUNG-0011:G001,GENE,pkgA / ANIA_07071,
M4-FUNG-0011:G002,GENE,pkgB / ANIA_07070,
M4-FUNG-0012:G001,GENE,AN1027,
M4-FUNG-0012:G002,GENE,AN1028,
M4-FUNG-0012:G003,GENE,afoA / AN1029,
M4-FUNG-0012:G004,GENE,AN1030,
M4-FUNG-0012:G005,GENE,afoB / AN1031,
M4-FUNG-0012:G006,GENE,afoC / AN1032,
M4-FUNG-0012:G007,GENE,afoD / AN1033,
M4-FUNG-0012:G008,GENE,afoE / AN1034,
M4-FUNG-0012:G009,GENE,afoF / AN1035,
M4-FUNG-0012:G010,GENE,afoG / AN1036,
M4-FUNG-0012:G011,GENE,AN1037,
M4-FUNG-0013:G001,GENE,2360,
M4-FUNG-0013:G002,GENE,2361,
M4-FUNG-0013:G003,GENE,MpPKS5 / 2362,
M4-FUNG-0013:G004,GENE,mppR1 / 2363R1,
M4-FUNG-0013:G005,GENE,2364A / putative mppA-family reductase,
M4-FUNG-0013:G006,GENE,2365B,
M4-FUNG-0013:G007,GENE,2366C / mppC-family reductase,
M4-FUNG-0013:G008,GENE,2367B,
M4-FUNG-0013:G009,GENE,2368E / mppE,
M4-FUNG-0013:G010,GENE,2369,
M4-FUNG-0013:G011,GENE,mppR2 / 2370R2,
M4-FUNG-0013:G012,GENE,MpFasA2 / 2371,
M4-FUNG-0013:G013,GENE,MpFasB2 / 2372,
M4-FUNG-0013:G014,GENE,2373,
M4-FUNG-0013:G015,GENE,2374,
M4-FUNG-0013:G016,GENE,2375,
M4-FUNG-0013:G017,GENE,2376,
M4-FUNG-0013:G018,GENE,2377,
M4-FUNG-0013:G019,GENE,2378,
M4-FUNG-0013:G020,GENE,2379,
M4-FUNG-0013:G021,GENE,2380 / candidate mppG-region oxidase-related gene,
M4-FUNG-0013:G022,GENE,2381F,
M4-FUNG-0013:G023,GENE,2382,
M4-FUNG-0013:G024,GENE,2383,
M4-FUNG-0014:G001,GENE,FFUJ_14916,
M4-FUNG-0014:G002,GENE,bik1 / pks4 / FFUJ_06742,
M4-FUNG-0014:G003,GENE,bik2 / FFUJ_06743,
M4-FUNG-0014:G004,GENE,bik3 / FFUJ_06744,
M4-FUNG-0014:G005,GENE,bik4 / FFUJ_06745,
M4-FUNG-0014:G006,GENE,bik5 / FFUJ_06746,
M4-FUNG-0014:G007,GENE,bik6 / FFUJ_06747,
M4-FUNG-0015:G001,GENE,cicH / AN6449 / current ANIA_06449,
M4-FUNG-0015:G002,GENE,cicF / pkbA / AN6448 / ANIA_06448,
M4-FUNG-0015:G003,GENE,cicE / AN6447 / ANIA_06447,
M4-FUNG-0015:G004,GENE,cicG / historical AN11922; current regional annotation ANIA_11509,
M4-FUNG-0015:G005,GENE,cicD / AN6446 / ANIA_06446,
M4-FUNG-0015:G006,GENE,cicC / AN6445 / ANIA_06445,
M4-FUNG-0015:G007,GENE,cicB / AN6444 / ANIA_06444,
M4-FUNG-0015:G008,GENE,cicA / AN6443 / ANIA_06443,
M4-FUNG-0016:G001,GENE,mlcH,
M4-FUNG-0016:G002,GENE,mlcG,
M4-FUNG-0016:G003,GENE,mlcF,
M4-FUNG-0016:G004,GENE,mlcA,
M4-FUNG-0016:G005,GENE,mlcC,
M4-FUNG-0016:G006,GENE,mlcB,
M4-FUNG-0016:G007,GENE,mlcD,
M4-FUNG-0016:G008,GENE,mlcE,
M4-FUNG-0016:G009,GENE,mlcR,
M4-FUNG-0017:G001,GENE,orf1,
M4-FUNG-0017:G002,GENE,curS2 / AtcurS2,
M4-FUNG-0017:G003,GENE,curR / AtcurR,
M4-FUNG-0017:G004,GENE,curE / AtcurE,
M4-FUNG-0017:G005,GENE,curS1 / AtcurS1,
M4-FUNG-0017:G006,GENE,orf2,
M4-FUNG-0017:G007,GENE,orf3,
M4-FUNG-0017:G008,GENE,orf4,
M4-FUNG-0018:G001,GENE,DEP1,
M4-FUNG-0018:G002,GENE,DEP2,
M4-FUNG-0018:G003,GENE,DEP3,
M4-FUNG-0018:G004,GENE,DEP4,
M4-FUNG-0018:G005,GENE,DEP5 / AbPKS9,
M4-FUNG-0018:G006,GENE,DEP6,
M4-FUNG-0019:G001,GENE,DS34,
M4-FUNG-0019:G002,GENE,DS33,
M4-FUNG-0019:G003,GENE,DS32,
M4-FUNG-0019:G004,GENE,DS31,
M4-FUNG-0019:G005,GENE,DS30,
M4-FUNG-0019:G006,GENE,DS29,
M4-FUNG-0019:G007,GENE,DS28,
M4-FUNG-0019:G008,GENE,DS27,
M4-FUNG-0019:G009,GENE,DS26,
M4-FUNG-0019:G010,GENE,DS25,
M4-FUNG-0019:G011,GENE,moxA / legacy pksA-region monooxygenase,
M4-FUNG-0019:G012,GENE,epoA,
M4-FUNG-0019:G013,GENE,avfA,
M4-FUNG-0019:G014,GENE,cypA / legacy pksA-region P450,
M4-FUNG-0019:G015,GENE,pksA,
M4-FUNG-0019:G016,GENE,DS19,
M4-FUNG-0019:G017,GENE,DS18,
M4-FUNG-0019:G018,GENE,DS17,
M4-FUNG-0019:G019,GENE,DS16,
M4-FUNG-0019:G020,GENE,DS15,
M4-FUNG-0019:G021,GENE,Ver1 / dotA,
M4-FUNG-0019:G022,GENE,DotC,
M4-FUNG-0019:G023,GENE,Est1,
M4-FUNG-0019:G024,GENE,DsAflR,
M4-FUNG-0019:G025,GENE,DsAflJ,
M4-FUNG-0019:G026,GENE,OrdB,
M4-FUNG-0019:G027,GENE,AvnA,
M4-FUNG-0019:G028,GENE,HexB,
M4-FUNG-0019:G029,GENE,HexA,
M4-FUNG-0019:G030,GENE,HypC,
M4-FUNG-0019:G031,GENE,VbsA,
M4-FUNG-0019:G032,GENE,Nor1,
M4-FUNG-0019:G033,GENE,AdhA,
M4-FUNG-0019:G034,GENE,VerB,
M4-FUNG-0019:G035,GENE,NorB,
M4-FUNG-0020:G001,GENE,AN7907.2,
M4-FUNG-0020:G002,GENE,AN7908.2,
M4-FUNG-0020:G003,GENE,orsA / AN7909 (older AN7909.4),
M4-FUNG-0020:G004,GENE,AN7910.2,
M4-FUNG-0020:G005,GENE,orsB / AN7911,
M4-FUNG-0020:G006,GENE,orsC / AN7912,
M4-FUNG-0020:G007,GENE,orsD / AN7913,
M4-FUNG-0020:G008,GENE,orsE / AN7914,
M4-FUNG-0020:G009,GENE,AN7915.2,
M4-FUNG-0020:G010,GENE,AN7916.2,
M4-FUNG-0020:G011,GENE,cclA (extra-cluster),
M4-FUNG-0020:G012,GENE,gcnE (extra-cluster),
M4-FUNG-0020:G013,GENE,adaB (extra-cluster),
M4-FUNG-0020:G014,GENE,veA (extra-cluster),
M4-FUNG-0020:G015,GENE,mvlA (extra-cluster),
M4-FUNG-0021:G001,GENE,FUM21,
M4-FUNG-0021:G002,GENE,FUM1 / historical FUM5,
M4-FUNG-0021:G003,GENE,FUM6,
M4-FUNG-0021:G004,GENE,FUM7,
M4-FUNG-0021:G005,GENE,FUM8,
M4-FUNG-0021:G006,GENE,FUM3 / historical genetic Fum3 locus; earlier cloned-gene literature used FUM9,
M4-FUNG-0021:G007,GENE,FUM10,
M4-FUNG-0021:G008,GENE,FUM11,
M4-FUNG-0021:G009,GENE,FUM2,
M4-FUNG-0021:G010,GENE,FUM13,
M4-FUNG-0021:G011,GENE,FUM14,
M4-FUNG-0021:G012,GENE,FUM15,
M4-FUNG-0021:G013,GENE,FUM16,
M4-FUNG-0021:G014,GENE,FUM17,
M4-FUNG-0021:G015,GENE,FUM18,
M4-FUNG-0021:G016,GENE,FUM19,
M4-FUNG-0022:G001,GENE,fum21,
M4-FUNG-0022:G002,GENE,fum1,
M4-FUNG-0022:G003,GENE,fum6,
M4-FUNG-0022:G004,GENE,fum7,
M4-FUNG-0022:G005,GENE,fum8,
M4-FUNG-0022:G006,GENE,fum3,
M4-FUNG-0022:G007,GENE,fum10,
M4-FUNG-0022:G008,GENE,fum11,
M4-FUNG-0022:G009,GENE,fum2,
M4-FUNG-0022:G010,GENE,fum13,
M4-FUNG-0022:G011,GENE,fum14,
M4-FUNG-0022:G012,GENE,fum15,
M4-FUNG-0022:G013,GENE,fum16,
M4-FUNG-0022:G014,GENE,fum17,
M4-FUNG-0022:G015,GENE,fum18,
M4-FUNG-0022:G016,GENE,fum19,
M4-FUNG-0022:G017,GENE,cpm1,
M4-FUNG-0023:G001,GENE,fusA / FUS1,
M4-FUNG-0023:G002,GENE,FUS1 / FVEG_11086,
M4-FUNG-0023:G003,GENE,FUS2 / FVEG_11085,
M4-FUNG-0023:G004,GENE,FUS3 / FVEG_11084,
M4-FUNG-0023:G005,GENE,FUS4 / FVEG_11083,
M4-FUNG-0023:G006,GENE,FUS5 / FVEG_11082,
M4-FUNG-0023:G007,GENE,FUS6 / FVEG_11081,
M4-FUNG-0023:G008,GENE,FUS7 / FVEG_11080,
M4-FUNG-0023:G009,GENE,FUS8 / FVEG_11079,
M4-FUNG-0023:G010,GENE,FUS9 / FVEG_11078,
M4-FUNG-0023:G011,GENE,FvSTUA (extra-cluster),
M4-FUNG-0024:G001,GENE,upstream ORF / ADI24961.1,
M4-FUNG-0024:G002,GENE,upstream ORF / ADI24962.1,
M4-FUNG-0024:G003,GENE,upstream ORF / ADI24963.1,
M4-FUNG-0024:G004,GENE,upstream ORF / ADI24964.1,
M4-FUNG-0024:G005,GENE,gsfR2,
M4-FUNG-0024:G006,GENE,gsfK,
M4-FUNG-0024:G007,GENE,gsfR1,
M4-FUNG-0024:G008,GENE,gsfJ,
M4-FUNG-0024:G009,GENE,gsfI,
M4-FUNG-0024:G010,GENE,gsfA,
M4-FUNG-0024:G011,GENE,gsfB,
M4-FUNG-0024:G012,GENE,gsfC,
M4-FUNG-0024:G013,GENE,gsfD,
M4-FUNG-0024:G014,GENE,gsfE,
M4-FUNG-0024:G015,GENE,gsfF,
M4-FUNG-0024:G016,GENE,gsfG,
M4-FUNG-0024:G017,GENE,gsfH,
M4-FUNG-0024:G018,GENE,downstream ORF / ADI24965.1,
M4-FUNG-0024:G019,GENE,downstream ORF / ADI24966.1,
M4-FUNG-0024:G020,GENE,downstream ORF / ADI24967.1,
M4-FUNG-0024:G021,GENE,downstream ORF / ADI24968.1,
M4-FUNG-0025:G001,GENE,hpm1,
M4-FUNG-0025:G002,GENE,hpm2,
M4-FUNG-0025:G003,GENE,hpm3,
M4-FUNG-0025:G004,GENE,hpm4,
M4-FUNG-0025:G005,GENE,hpm5,
M4-FUNG-0025:G006,GENE,hpm6,
M4-FUNG-0025:G007,GENE,hpm7,
M4-FUNG-0025:G008,GENE,hpm8,
M4-FUNG-0025:G009,GENE,hpm9,
M4-FUNG-0026:G001,GENE,Hpm1,
M4-FUNG-0026:G002,GENE,hpm2,
M4-FUNG-0026:G003,GENE,hpm3,
M4-FUNG-0026:G004,GENE,hpm4,
M4-FUNG-0026:G005,GENE,hpm5,
M4-FUNG-0026:G006,GENE,hpm6,
M4-FUNG-0026:G007,GENE,hpm7,
M4-FUNG-0026:G008,GENE,hpm8,
M4-FUNG-0026:G009,GENE,hpm9,
M4-FUNG-0026:G010,GENE,orf10,
M4-FUNG-0027:G001,GENE,AAD34550.1 / cluster esterase,
M4-FUNG-0027:G002,GENE,AAD34551.1,
M4-FUNG-0027:G003,GENE,lovA,
M4-FUNG-0027:G004,GENE,AAD34553.1,
M4-FUNG-0027:G005,GENE,lovC,
M4-FUNG-0027:G006,GENE,lovD,
M4-FUNG-0027:G007,GENE,lvrA-like HMG-CoA reductase,
M4-FUNG-0027:G008,GENE,lovE,
M4-FUNG-0027:G009,GENE,AAD34558.1 / transporter-like support gene,
M4-FUNG-0027:G010,GENE,lovF,
M4-FUNG-0027:G011,GENE,AAD34560.1,
M4-FUNG-0027:G012,GENE,LovH-like regulatory protein,
M4-FUNG-0027:G013,GENE,AAD34562.1,
M4-FUNG-0027:G014,GENE,AAD34563.1,
M4-FUNG-0027:G015,GENE,AAD34564.1,
M4-FUNG-0027:G016,GENE,AAD34565.1,
M4-FUNG-0027:G017,GENE,AAD34566.1,
M4-FUNG-0027:G018,GENE,lovB,
M4-FUNG-0027:G019,GENE,lovG,
M4-FUNG-0029:G001,GENE,mokB / mkB,
M4-FUNG-0029:G002,GENE,mokI / mkI,
M4-FUNG-0029:G003,GENE,mokH / mkH,
M4-FUNG-0029:G004,GENE,mokG / mkG,
M4-FUNG-0029:G005,GENE,mokF / mkF,
M4-FUNG-0029:G006,GENE,mokE / mkE,
M4-FUNG-0029:G007,GENE,mokD / mkD,
M4-FUNG-0029:G008,GENE,mokA / mkA,
M4-FUNG-0029:G009,GENE,mokC / mkC,
M4-FUNG-0030:G001,GENE,pks3,
M4-FUNG-0030:G002,GENE,rp1,
M4-FUNG-0030:G003,GENE,rp2,
M4-FUNG-0030:G004,GENE,rp3,
M4-FUNG-0030:G005,GENE,rp4,
M4-FUNG-0031:G001,GENE,mdpL / AN10023,
M4-FUNG-0031:G002,GENE,mdpK / AN10044,
M4-FUNG-0031:G003,GENE,mdpJ / AN10038,
M4-FUNG-0031:G004,GENE,mdpI / AN10035,
M4-FUNG-0031:G005,GENE,mdpH region / AN10022,
M4-FUNG-0031:G006,GENE,mdpG / AN0150,
M4-FUNG-0031:G007,GENE,mdpF / AN0149,
M4-FUNG-0031:G008,GENE,mdpE / AN0148,
M4-FUNG-0031:G009,GENE,mdpD / AN0147,
M4-FUNG-0031:G010,GENE,mdpC / AN0146,
M4-FUNG-0031:G011,GENE,mdpB / AN10049,
M4-FUNG-0031:G012,GENE,mdpA / AN10021,
M4-FUNG-0031:G013,GENE,xptA / AN6784,
M4-FUNG-0031:G014,GENE,xptB / AN12402,
M4-FUNG-0031:G015,GENE,xptC / AN7998,
M4-FUNG-0031:G016,GENE,AN7999,
M4-FUNG-0032:G001,GENE,mpaA,
M4-FUNG-0032:G002,GENE,mpaB,
M4-FUNG-0032:G003,GENE,mpaC,
M4-FUNG-0032:G004,GENE,mpaD component of mpaDE,
M4-FUNG-0032:G005,GENE,mpaE component of mpaDE,
M4-FUNG-0032:G006,GENE,mpaF / IMPDH-B,
M4-FUNG-0032:G007,GENE,mpaG,
M4-FUNG-0032:G008,GENE,mpaH,
M4-FUNG-0032:G009,GENE,ACL891 (extra-cluster),
M4-FUNG-0033:G001,GENE,wA / ANIA_08209,
M4-FUNG-0033:G002,GENE,yA,
M4-FUNG-0033:G003,GENE,chaA / AN10028,
M4-FUNG-0033:G004,GENE,fwA / AN1088,
M4-FUNG-0033:G005,GENE,abaA,
M4-FUNG-0034:G001,GENE,patH,
M4-FUNG-0034:G002,GENE,patG,
M4-FUNG-0034:G003,GENE,patF,
M4-FUNG-0034:G004,GENE,patE,
M4-FUNG-0034:G005,GENE,patD,
M4-FUNG-0034:G006,GENE,patC,
M4-FUNG-0034:G007,GENE,patB,
M4-FUNG-0034:G008,GENE,patA,
M4-FUNG-0034:G009,GENE,patM,
M4-FUNG-0034:G010,GENE,patN,
M4-FUNG-0034:G011,GENE,patO,
M4-FUNG-0034:G012,GENE,patL,
M4-FUNG-0034:G013,GENE,patI,
M4-FUNG-0034:G014,GENE,patJ,
M4-FUNG-0034:G015,GENE,patK,
M4-FUNG-0035:G001,GENE,ptaA,
M4-FUNG-0035:G002,GENE,ptaB,
M4-FUNG-0035:G003,GENE,ptaC,
M4-FUNG-0035:G004,GENE,ptaD,
M4-FUNG-0035:G005,GENE,ptaE,
M4-FUNG-0035:G006,GENE,ptaF,
M4-FUNG-0035:G007,GENE,ptaG,
M4-FUNG-0035:G008,GENE,ptaH,
M4-FUNG-0035:G009,GENE,ptaR1,
M4-FUNG-0035:G010,GENE,ptaR2,
M4-FUNG-0035:G011,GENE,ptaI,
M4-FUNG-0035:G012,GENE,ptaJ,
M4-FUNG-0035:G013,GENE,ptaK,
M4-FUNG-0035:G014,GENE,ptaL,
M4-FUNG-0035:G015,GENE,ptaR3,
M4-FUNG-0035:G016,GENE,ptaM,
M4-FUNG-0036:G001,GENE,pyr1 / AFUA_6G13920,
M4-FUNG-0036:G002,GENE,pyr2 / AFUA_6G13930,
M4-FUNG-0036:G003,GENE,pyr3 / AFUA_6G13940,
M4-FUNG-0036:G004,GENE,pyr9 / AFUA_6G13945,
M4-FUNG-0036:G005,GENE,pyr4 / AFUA_6G13950,
M4-FUNG-0036:G006,GENE,pyr5 / AFUA_6G13970,
M4-FUNG-0036:G007,GENE,pyr6 / AFUA_6G13980,
M4-FUNG-0036:G008,GENE,pyr7 / AFUA_6G13990,
M4-FUNG-0036:G009,GENE,pyr8 / AFUA_6G14000,
M4-FUNG-0037:G001,GENE,rdc1,
M4-FUNG-0037:G002,GENE,rdc2,
M4-FUNG-0037:G003,GENE,rdc3,
M4-FUNG-0037:G004,GENE,rdc4,
M4-FUNG-0037:G005,GENE,rdc5,
M4-FUNG-0038:G001,GENE,sol6,
M4-FUNG-0038:G002,GENE,sol5,
M4-FUNG-0038:G003,GENE,sol4,
M4-FUNG-0038:G004,GENE,sol3,
M4-FUNG-0038:G005,GENE,sol2,
M4-FUNG-0038:G006,GENE,sol1,
M4-FUNG-0039:G001,GENE,stcA,
M4-FUNG-0039:G002,GENE,stcB,
M4-FUNG-0039:G003,GENE,stcC,
M4-FUNG-0039:G004,GENE,stcD,
M4-FUNG-0039:G005,GENE,stcE,
M4-FUNG-0039:G006,GENE,aflR,
M4-FUNG-0039:G007,GENE,stcF,
M4-FUNG-0039:G008,GENE,stcG,
M4-FUNG-0039:G009,GENE,stcH,
M4-FUNG-0039:G010,GENE,stcI,
M4-FUNG-0039:G011,GENE,stcJ,
M4-FUNG-0039:G012,GENE,stcK,
M4-FUNG-0039:G013,GENE,stcL,
M4-FUNG-0039:G014,GENE,stcM,
M4-FUNG-0039:G015,GENE,stcN,
M4-FUNG-0039:G016,GENE,stcO,
M4-FUNG-0039:G017,GENE,stcP,
M4-FUNG-0039:G018,GENE,stcQ,
M4-FUNG-0039:G019,GENE,stcR,
M4-FUNG-0039:G020,GENE,stcS,
M4-FUNG-0039:G021,GENE,stcT,
M4-FUNG-0039:G022,GENE,stcU,
M4-FUNG-0039:G023,GENE,stcV,
M4-FUNG-0039:G024,GENE,stcW,
M4-FUNG-0039:G025,GENE,stcX,
M4-FUNG-0040:G001,GENE,tropJ / TSTA_117720,
M4-FUNG-0040:G002,GENE,tropD / TSTA_117730,
M4-FUNG-0040:G003,GENE,tropB / TSTA_117740,
M4-FUNG-0040:G004,GENE,tropA / TSTA_117750,
M4-FUNG-0040:G005,GENE,tropI / TSTA_117760,
M4-FUNG-0040:G006,GENE,TSTA_117770,
M4-FUNG-0040:G007,GENE,tropF / TSTA_117780,
M4-FUNG-0040:G008,GENE,tropH / TSTA_117790,
M4-FUNG-0040:G009,GENE,tropC / TSTA_117800,
M4-FUNG-0040:G010,GENE,tropK / TSTA_117810,
M4-FUNG-0040:G011,GENE,tropE / TSTA_117820,
M4-FUNG-0040:G012,GENE,TSTA_117830,
M4-FUNG-0040:G013,GENE,tropG / TSTA_117860,
M4-FUNG-0041:G001,GENE,OXI1,
M4-FUNG-0041:G002,GENE,TOX9,
M4-FUNG-0041:G003,GENE,PKS1,
M4-FUNG-0041:G004,GENE,TOX10,
M4-FUNG-0041:G005,GENE,PKS2,
M4-FUNG-0041:G006,GENE,LAM1,
M4-FUNG-0041:G007,GENE,RED3,
M4-FUNG-0041:G008,GENE,RED2,
M4-FUNG-0041:G009,GENE,RED1,
M4-FUNG-0041:G010,GENE,DEC1,
M4-FUNG-0042:G001,GENE,adaR,
M4-FUNG-0042:G002,GENE,adaD,
M4-FUNG-0042:G003,GENE,adaC,
M4-FUNG-0042:G004,GENE,adaB,
M4-FUNG-0042:G005,GENE,adaA,
M4-FUNG-0042:G006,GENE,adaE / adjacent MFS transporter,
M4-FUNG-0043:G001,GENE,atA / ATEG_06272,
M4-FUNG-0043:G002,GENE,atB / ATEG_06273,
M4-FUNG-0043:G003,GENE,atC / ATEG_06274,
M4-FUNG-0043:G004,GENE,atX / ATEG_06275,
M4-FUNG-0043:G005,GENE,atD / ATEG_06276,
M4-FUNG-0043:G006,GENE,atE / ATEG_06277,
M4-FUNG-0043:G007,GENE,atF / ATEG_06278,
M4-FUNG-0043:G008,GENE,ATEG_06279,
M4-FUNG-0043:G009,GENE,atG / ATEG_06280,
M4-FUNG-0044:G001,GENE,terJ / ATEG_00135,
M4-FUNG-0044:G002,GENE,terI / ATEG_00136,
M4-FUNG-0044:G003,GENE,terH / ATEG_00137,
M4-FUNG-0044:G004,GENE,terG / ATEG_00138,
M4-FUNG-0044:G005,GENE,terR / ATEG_00139,
M4-FUNG-0044:G006,GENE,terF / ATEG_00140,
M4-FUNG-0044:G007,GENE,terE / ATEG_00141,
M4-FUNG-0044:G008,GENE,terD / ATEG_00142,
M4-FUNG-0044:G009,GENE,terC / ATEG_00143,
M4-FUNG-0044:G010,GENE,terB / ATEG_00144,
M4-FUNG-0044:G011,GENE,terA / ATEG_00145,
M4-FUNG-0045:G001,GENE,vrtA,
M4-FUNG-0045:G002,GENE,vrtB,
M4-FUNG-0045:G003,GENE,vrtC,
M4-FUNG-0045:G004,GENE,vrtD,
M4-FUNG-0045:G005,GENE,vrtE,
M4-FUNG-0045:G006,GENE,vrtF,
M4-FUNG-0045:G007,GENE,vrtG,
M4-FUNG-0045:G008,GENE,vrtH,
M4-FUNG-0045:G009,GENE,vrtI,
M4-FUNG-0045:G010,GENE,vrtJ,
M4-FUNG-0045:G011,GENE,vrtK,
M4-FUNG-0045:G012,GENE,vrtL,
M4-FUNG-0045:G013,GENE,vrtR1,
M4-FUNG-0045:G014,GENE,vrtR2,
M4-FUNG-0046:G001,GENE,yanA,
M4-FUNG-0046:G002,GENE,yanB,
M4-FUNG-0046:G003,GENE,yanC,
M4-FUNG-0046:G004,GENE,yanD,
M4-FUNG-0046:G005,GENE,yanE,
M4-FUNG-0046:G006,GENE,yanF,
M4-FUNG-0046:G007,GENE,yanG,
M4-FUNG-0046:G008,GENE,yanH,
M4-FUNG-0046:G009,GENE,yanI,
M4-FUNG-0046:G010,GENE,yanR,
M4-FUNG-0047:G001,GENE,ATEG_03466,
M4-FUNG-0047:G002,GENE,ATEG_03467,
M4-FUNG-0047:G003,GENE,ATEG_03468,
M4-FUNG-0047:G004,GENE,ataL / ATEG_03469,
M4-FUNG-0047:G005,GENE,ataP / ATEG_03470,
M4-FUNG-0047:G006,GENE,ATEG_03471,
M4-FUNG-0047:G007,GENE,ATEG_03472,
M4-FUNG-0047:G008,GENE,ATEG_03473,
M4-FUNG-0047:G009,GENE,ATEG_03474,
M4-FUNG-0047:G010,GENE,ATEG_03475,
M4-FUNG-0048:G001,GENE,anaPS / NFIA_055290,
M4-FUNG-0048:G002,GENE,anaPT / NFIA_055300,
M4-FUNG-0048:G003,GENE,anaAT / NFIA_055310,
M4-FUNG-0049:G001,GENE,aps2,
M4-FUNG-0049:G002,GENE,aps3,
M4-FUNG-0049:G003,GENE,aps4,
M4-FUNG-0049:G004,GENE,aps5,
M4-FUNG-0049:G005,GENE,aps6,
M4-FUNG-0049:G006,GENE,aps7,
M4-FUNG-0049:G007,GENE,aps8,
M4-FUNG-0049:G008,GENE,aps9,
M4-FUNG-0049:G009,GENE,aps10,
M4-FUNG-0049:G010,GENE,aps11,
M4-FUNG-0049:G011,GENE,aps1,
M4-FUNG-0050:G001,GENE,aba1,
M4-FUNG-0051:G001,GENE,bbBsls / BSLS,
M4-FUNG-0052:G001,GENE,kivr,
M4-FUNG-0052:G002,GENE,bbBeas / Beas,
M4-FUNG-0052:G003,GENE,ACI30651.1,
M4-FUNG-0052:G004,GENE,ACI30652.1,
M4-FUNG-0052:G005,GENE,ACI30653.1,
M4-FUNG-0053:G001,GENE,cefR,
M4-FUNG-0053:G002,GENE,cefP,
M4-FUNG-0053:G003,GENE,cefT,
M4-FUNG-0053:G004,GENE,pcbAB,
M4-FUNG-0053:G005,GENE,pcbC,
M4-FUNG-0053:G006,GENE,cefD1,
M4-FUNG-0053:G007,GENE,cefD2,
M4-FUNG-0053:G008,GENE,cefM,
M4-FUNG-0054:G001,GENE,cefEF,
M4-FUNG-0054:G002,GENE,cefG,
M4-FUNG-0055:ctg1_orf000000,GENE,,
M4-FUNG-0055:ctg1_orf00001,GENE,,
M4-FUNG-0055:ctg1_orf0002,GENE,,
M4-FUNG-0055:ctg1_orf003,GENE,,
M4-FUNG-0055:ctg1_orf04,GENE,,
M4-FUNG-0055:ctg1_orf5,GENE,,
M4-FUNG-0055:ctg1_orf6,GENE,,
M4-FUNG-0055:ctg1_orf7,GENE,,
M4-FUNG-0055:ctg1_orf8,GENE,,
M4-FUNG-0055:ctg1_orf9,GENE,,
M4-FUNG-0055:ctg1_orf10,GENE,,
M4-FUNG-0055:ctg1_orf11,GENE,,
M4-FUNG-0055:ctg1_orf12,GENE,,
M4-FUNG-0055:ctg1_orf13,GENE,,
M4-FUNG-0055:ctg1_orforf14,GENE,,
M4-FUNG-0056:cds_0_1525,GENE,,
M4-FUNG-0056:cds_2368_3434,GENE,,
M4-FUNG-0056:cds_3806_6518,GENE,,
M4-FUNG-0056:cds_7545_9017,GENE,,
M4-FUNG-0056:cds_9169_10992,GENE,,
M4-FUNG-0056:cds_11355_12157,GENE,,
M4-FUNG-0056:cds_12312_14460,GENE,,
M4-FUNG-0056:cds_16753_18238,GENE,,
M4-FUNG-0056:simA,GENE,SimA,
M4-FUNG-0056:simB,GENE,SimB,
M4-FUNG-0056:simC,GENE,SimC,
M4-FUNG-0056:simD,GENE,SimD,
M4-FUNG-0056:simE,GENE,SimE,
M4-FUNG-0056:simF,GENE,SimF,
M4-FUNG-0056:simG,GENE,SimG,
M4-FUNG-0056:simH,GENE,SimH,
M4-FUNG-0056:simI,GENE,SimI,
M4-FUNG-0056:simJ,GENE,SimJ,
M4-FUNG-0056:simK,GENE,SimK,
M4-FUNG-0056:simL,GENE,SimL,
M4-FUNG-0057:MAA_10031,GENE,,
M4-FUNG-0057:MAA_10032,GENE,,
M4-FUNG-0057:MAA_10033,GENE,,
M4-FUNG-0057:MAA_10034,GENE,,
M4-FUNG-0057:MAA_10035,GENE,,
M4-FUNG-0057:MAA_10036,GENE,,
M4-FUNG-0057:MAA_10037,GENE,,
M4-FUNG-0057:MAA_10038,GENE,,
M4-FUNG-0057:MAA_10039,GENE,,
M4-FUNG-0057:MAA_10040,GENE,,
M4-FUNG-0057:MAA_10041,GENE,,
M4-FUNG-0057:MAA_10042,GENE,,
M4-FUNG-0057:MAA_10043,GENE,DtxS1,
M4-FUNG-0057:MAA_10044,GENE,DtxS2,
M4-FUNG-0057:MAA_10045,GENE,DtxS3,
M4-FUNG-0057:MAA_10046,GENE,DtxS4,
M4-FUNG-0057:MAA_10047,GENE,,
M4-FUNG-0057:MAA_10048,GENE,,
M4-FUNG-0057:MAA_10049,GENE,,
M4-FUNG-0057:MAA_10050,GENE,,
M4-FUNG-0057:MAA_10051,GENE,,
M4-FUNG-0058:ecdB,GENE,EcdB,
M4-FUNG-0058:ecdC,GENE,EcdC,
M4-FUNG-0058:ecdD,GENE,EcdD,
M4-FUNG-0058:ecdE,GENE,EcdE,
M4-FUNG-0058:ecdF,GENE,EcdF,
M4-FUNG-0058:ecdA,GENE,EcdA,
M4-FUNG-0058:ecdG,GENE,EcdG,
M4-FUNG-0058:ecdH,GENE,EcdH,
M4-FUNG-0058:ecdI,GENE,EcdI,
M4-FUNG-0058:ecdJ,GENE,EcdJ,
M4-FUNG-0058:ecdK,GENE,EcdK,
M4-FUNG-0058:ecdL,GENE,EcdL,
M4-FUNG-0059:esyn1,GENE,enniatin synthetase,
M4-FUNG-0060:easH,GENE,EasH,
M4-FUNG-0060:easA,GENE,EasA,
M4-FUNG-0060:easG,GENE,EasG,
M4-FUNG-0060:easF,GENE,EasF,
M4-FUNG-0060:easE,GENE,EasE,
M4-FUNG-0060:lpsB,GENE,LpsB,
M4-FUNG-0061:AFUA_6G12040,GENE,,
M4-FUNG-0061:AFUA_6G12050,GENE,FmqC,
M4-FUNG-0061:AFUA_6G12060,GENE,FmqB,
M4-FUNG-0061:AFUA_6G12070,GENE,FmqD,
M4-FUNG-0061:AFUA_6G12080,GENE,FmqA,
M4-FUNG-0062:Pc16g04690,GENE,HcpA,
M4-FUNG-0063:gliZ,GENE,GliZ,
M4-FUNG-0063:gliP,GENE,GliP,
M4-FUNG-0063:gliC,GENE,GliC,
M4-FUNG-0063:gliF,GENE,GliF,
M4-FUNG-0063:gliG,GENE,GliG,
M4-FUNG-0063:gliK,GENE,GliK,
M4-FUNG-0063:gliJ,GENE,GliJ,
M4-FUNG-0063:gliI,GENE,GliI,
M4-FUNG-0063:gliM,GENE,GliM,
M4-FUNG-0063:gliN,GENE,GliN,
M4-FUNG-0063:gliA,GENE,GliA,
M4-FUNG-0063:gliT,GENE,GliT,
M4-FUNG-0064:HTS1,GENE,HC-toxin synthetase,
M4-FUNG-0064:TOXA,GENE,putative cyclic-peptide efflux pump,
M4-FUNG-0064:TOXC,GENE,fatty acid synthase-like protein,
M4-FUNG-0064:TOXD,GENE,TOX2 biosynthetic gene,
M4-FUNG-0064:TOXE,GENE,TOXEp regulator,
M4-FUNG-0064:TOXF,GENE,branched-chain-amino-acid transaminase-like,
M4-FUNG-0064:TOXG,GENE,TOX2 biosynthetic gene,
M4-FUNG-0065:AFUA_3G12890,GENE,HasA,
M4-FUNG-0065:AFUA_3G12900,GENE,HasB,
M4-FUNG-0065:AFUA_3G12910,GENE,HasC,
M4-FUNG-0065:AFUA_3G12920,GENE,HasD,
M4-FUNG-0065:AFUA_3G12930,GENE,HasE,
M4-FUNG-0065:AFUA_3G12940,GENE,HasF,
M4-FUNG-0065:AFUA_3G12950,GENE,HasG,
M4-FUNG-0065:AFUA_3G12960,GENE,HasH,
M4-FUNG-0066:pcbAB,GENE,ACV synthetase,
M4-FUNG-0066:pcbC,GENE,IPN synthase,
M4-FUNG-0066:penDE,GENE,IPN acyltransferase,
M4-FUNG-0066:ORF11,GENE,,
M4-FUNG-0066:ORF12,GENE,,
M4-FUNG-0066:ORF13,GENE,,
M4-FUNG-0067:pcbAB,GENE,ACV synthetase,
M4-FUNG-0067:pcbC,GENE,isopenicillin N synthase,
M4-FUNG-0067:penDE,GENE,isopenicillin-N acyltransferase,
M4-FUNG-0068:Pc21g15420,GENE,RoqT,
M4-FUNG-0068:Pc21g15430,GENE,RoqD,
M4-FUNG-0068:Pc21g15440,GENE,RoqN,
M4-FUNG-0068:Pc21g15450,GENE,RoqO,
M4-FUNG-0068:Pc21g15460,GENE,RoqM,
M4-FUNG-0068:Pc21g15470,GENE,RoqR,
M4-FUNG-0068:Pc21g15480,GENE,RoqA,
M4-FUNG-0069:ANIA_08513,GENE,TdiA,
M4-FUNG-0069:ANIA_08514,GENE,TdiB,
M4-FUNG-0069:ANIA_08518,GENE,TdiC,
M4-FUNG-0069:ANIA_08516,GENE,TdiD,
M4-FUNG-0069:ANIA_08520,GENE,TdiE,
M4-FUNG-0070:vlmS,GENE,VlmS,
M4-FUNG-0070:vlmA,GENE,VlmA,
M4-FUNG-0070:vlmB,GENE,VlmB,
M4-FUNG-0070:vlmC,GENE,VlmC,
M4-FUNG-0071:AFLA_094930,GENE,,
M4-FUNG-0071:AFLA_094940,GENE,,
M4-FUNG-0071:AFLA_094950,GENE,,
M4-FUNG-0071:AFLA_094960,GENE,,
M4-FUNG-0071:AFLA_094970,GENE,,
M4-FUNG-0071:AFLA_094980,GENE,,
M4-FUNG-0071:AFLA_094990,GENE,,
M4-FUNG-0071:AFLA_095000,GENE,,
M4-FUNG-0071:AFLA_095010,GENE,,
M4-FUNG-0071:AFLA_095020,GENE,,
M4-FUNG-0071:AFLA_095030,GENE,,
M4-FUNG-0071:AFLA_095040,GENE,,
M4-FUNG-0071:AFLA_095050,GENE,,
M4-FUNG-0071:AFLA_095060,GENE,,
M4-FUNG-0071:AFLA_095070,GENE,,
M4-FUNG-0071:AFLA_095080,GENE,,
M4-FUNG-0071:AFLA_095090,GENE,,
M4-FUNG-0071:AFLA_095100,GENE,,
M4-FUNG-0071:AFLA_095110,GENE,,
M4-FUNG-0072:atmG,GENE,AtmG,
M4-FUNG-0072:atmC,GENE,AtmC,
M4-FUNG-0072:atmM,GENE,AtmM,
M4-FUNG-0072:atmP,GENE,AtmP,
M4-FUNG-0072:atmQ,GENE,AtmQ,
M4-FUNG-0072:atmD,GENE,AtmD,
M4-FUNG-0072:atmB,GENE,AtmB,
M4-FUNG-0072:atmA,GENE,AtmA,
M4-FUNG-0073:BCIN_12g06370,GENE,Bcbot4,
M4-FUNG-0073:BCIN_12g06380,GENE,Bcbot1,
M4-FUNG-0073:BCIN_12g06390,GENE,Bcbot2,
M4-FUNG-0073:BCIN_12g06400,GENE,Bcbot3,
M4-FUNG-0073:BCIN_12g06410,GENE,Bcbot5,
M4-FUNG-0073:BCIN_12g06420,GENE,Bcbot6,
M4-FUNG-0073:BCIN_12g06430,GENE,Bcbot7,
M4-FUNG-0074:PROQFM164_S02g001464,GENE,ORF1 / prx1,
M4-FUNG-0074:PROQFM164_S02g001465,GENE,ORF2 / prx2 / ari1,
M4-FUNG-0074:PROQFM164_S02g001466,GENE,ORF3 / prx3,
M4-FUNG-0074:PROQFM164_S02g001467,GENE,ORF4 / prx4,
M4-FUNG-0074:PROQFM164_S02g001468,GENE,ORF5 / prx8,
M4-FUNG-0074:PROQFM164_S02g001469,GENE,ORF6 / prx9,
M4-FUNG-0074:PROQFM164_S02g001470,GENE,ORF7,
M4-FUNG-0074:PROQFM164_S02g001471,GENE,ORF8 / prx11,
M4-FUNG-0074:PROQFM164_S02g001472,GENE,ORF9,
M4-FUNG-0074:PROQFM164_S02g001473,GENE,ORF10,
M4-FUNG-0074:PROQFM164_S02g001474,GENE,ORF11,
M4-FUNG-0075:AN1592 / ANIA_01592,GENE,PbcB,
M4-FUNG-0075:AN1593 / ANIA_01593,GENE,HMG-CoA reductase-like cluster enzyme,
M4-FUNG-0075:AN1594,GENE,PbcA,
M4-FUNG-0075:AN1595,GENE,cluster-associated elongation-factor-like protein,
M4-FUNG-0075:AN1596,GENE,short-chain dehydrogenase,
M4-FUNG-0075:AN1597,GENE,putative methyltransferase-like protein,
M4-FUNG-0075:AN1598,GENE,CYP503B1-like P450,
M4-FUNG-0075:AN1599,GENE,PbcR,
M4-FUNG-0076:PbGGS,GENE,PbGGS,
M4-FUNG-0076:ACS,GENE,PbACS,
M4-FUNG-0076:PbP450-1,GENE,PbP450-1,
M4-FUNG-0076:PbTP,GENE,PbTP,
M4-FUNG-0076:PbP450-2,GENE,PbP450-2,
M4-FUNG-0076:PbTF,GENE,PbTF,
M4-FUNG-0077:ausA,GENE,AusA,
M4-FUNG-0077:ausN,GENE,AusN,
M4-FUNG-0078:trt4,GENE,Trt4,
M4-FUNG-0078:trt2,GENE,Trt2,
M4-FUNG-0078:trt14,GENE,Trt14,
M4-FUNG-0078:trt7,GENE,Trt7,
M4-FUNG-0323:G001,GENE,NfSS,
M4-FUNG-0323:G002,GENE,NfP450,
M4-FUNG-0324:G001,GENE,FCK1 / FPSE_06372,
M4-FUNG-0324:G002,GENE,FCK2 / FPSE_20001,
M4-FUNG-0324:G003,GENE,FCK3 / FPSE_06371; FCK4 / FPSE_20002,
M4-FUNG-0325:G001,GENE,perA / BAE06845.2,
M4-FUNG-0325:G002,GENE,neighboring cosmid genes,
M4-FUNG-0326:G001,GENE,SthB,
M4-FUNG-0326:G002,GENE,pathway PKS/tailoring genes,
M4-FUNG-0327:G001,GENE,LnaA / LnbA historical homologues,
M4-FUNG-0327:G002,GENE,LnaB / LnbB historical homologues,
M4-FUNG-0328:G001,GENE,CalA,
M4-FUNG-0328:G002,GENE,CalK / CalH / CalD,
M4-FUNG-0328:G003,GENE,CalB/C/E/F/G/I/J/L/M,
M4-FUNG-0329:G001,GENE,acurin PKS,
M4-FUNG-0329:G002,GENE,acurin NRPS,
M4-FUNG-0329:G003,GENE,six additional implicated cluster genes,
M4-FUNG-0330:G001,GENE,Ev460pks,
M4-FUNG-0330:G002,GENE,flanking annotated genes,
M4-FUNG-0331:G001,GENE,AnATPKS,
M4-FUNG-0331:G002,GENE,AnOMT,
M4-FUNG-0332:G001,GENE,NRPS9 / FGSG_10990,
M4-FUNG-0332:G002,GENE,NRPS5 / FGSG_13878,
M4-FUNG-0332:G003,GENE,FGM4,
M4-FUNG-0332:G004,GENE,fgm1/fgm2/fgm3/fgm5/fgm9,
M4-FUNG-0333:G001,GENE,AfumA / AFUB_071550,
M4-FUNG-0333:G002,GENE,AfumB,
M4-FUNG-0333:G003,GENE,AfumC,
M4-FUNG-0333:G004,GENE,AfumD,
M4-FUNG-0426:G001,GENE,ATEG_07659,
M4-FUNG-0426:G002,GENE,ATEG_07661,
M4-FUNG-0426:G003,GENE,ATEG_07662,
M4-FUNG-0426:G004,GENE,ATEG_07666,
M4-FUNG-0426:G005,GENE,ATEG_07667,
M4-FUNG-0427:G001,GENE,PfpE,
M4-FUNG-0427:G002,GENE,PfpB,
M4-FUNG-0427:G003,GENE,PfpD,
M4-FUNG-0427:G004,GENE,PfpC,
M4-FUNG-0427:G005,GENE,PfpF,
M4-FUNG-0427:G006,GENE,PfpG,
M4-FUNG-0427:G007,GENE,PfpA,
M4-FUNG-0428:G001,GENE,mca17 core PKS-NRPS,
M4-FUNG-0428:G002,GENE,pathway-specific zinc-finger regulator,
M4-FUNG-0429:G001,GENE,swnA,
M4-FUNG-0429:G002,GENE,swnH1,
M4-FUNG-0429:G003,GENE,swnT,
M4-FUNG-0429:G004,GENE,swnN,
M4-FUNG-0429:G005,GENE,swnR,
M4-FUNG-0429:G006,GENE,swnK,
M4-FUNG-0429:G007,GENE,swnH2,
M4-FUNG-0430:G001,GENE,atqA / ATEG_00700,
M4-FUNG-0430:G002,GENE,ATEG_00701,
M4-FUNG-0430:G003,GENE,ATEG_00702,
M4-FUNG-0430:G004,GENE,ATEG_00703,
M4-FUNG-0431:G001,GENE,ATEG_10302,
M4-FUNG-0431:G002,GENE,ATEG_10303,
M4-FUNG-0431:G003,GENE,ATEG_10304,
M4-FUNG-0431:G004,GENE,anaPS / ATEG_10305,
M4-FUNG-0431:G005,GENE,ATEG_10306,
M4-FUNG-0431:G006,GENE,ATEG_10307,
M4-FUNG-0432:G001,GENE,btyA / ATEG_02815,
M4-FUNG-0432:G002,GENE,ATEG_02816,
M4-FUNG-0432:G003,GENE,ATEG_02817,
M4-FUNG-0432:G004,GENE,ATEG_02818,
M4-FUNG-0432:G005,GENE,ATEG_02819,
M4-FUNG-0432:G006,GENE,ATEG_02820,
M4-FUNG-0432:G007,GENE,ATEG_02821,
M4-FUNG-0433:G001,GENE,apvA / ATEG_02004,
M4-FUNG-0434:G001,GENE,AnOMT / BO96DRAFT_417028,
M4-FUNG-0434:G002,GENE,AnATPKS / BO96DRAFT_451379,
M4-FUNG-0435:G001,GENE,ATRR / AN5318.2,
M4-FUNG-0436:G001,GENE,greA,
M4-FUNG-0437:G001,GENE,brsA,
M4-FUNG-0437:G002,GENE,brsJ,
M4-FUNG-0437:G003,GENE,brsH,
M4-FUNG-0437:G004,GENE,brsD,
M4-FUNG-0437:G005,GENE,PMG11_03954 / BrsA-linked NRPS feature,
M4-FUNG-0438:G001,GENE,protoilludene synthase core (historical Omp6/Omp7 label unresolved),
M4-FUNG-0438:G002,GENE,neighboring tailoring genes,
M4-FUNG-0439:G001,GENE,protoilludene synthase core (historical Omp6/Omp7 label unresolved),
M4-FUNG-0439:G002,GENE,neighboring tailoring genes,
M4-FUNG-0440:G001,GENE,smbA,
M4-FUNG-0440:G002,GENE,smbB,
M4-FUNG-0440:G003,GENE,smbC,
M4-FUNG-0440:G004,GENE,smbE,
M4-FUNG-0440:G005,GENE,smbF,
M4-FUNG-0440:G006,GENE,smbG,
M4-FUNG-0441:G001,GENE,bisA,
M4-FUNG-0441:G002,GENE,bisE,
M4-FUNG-0441:G003,GENE,bisF,
M4-FUNG-0441:G004,GENE,bisG,
M4-FUNG-0441:G005,GENE,bisH,
M4-FUNG-0441:G006,GENE,bisI,
M4-FUNG-0441:G007,GENE,bisK,
M4-FUNG-0442:G001,GENE,ashL,
M4-FUNG-0442:G002,GENE,ashP,
M4-FUNG-0442:G003,GENE,two additional canonical genes,
M4-FUNG-0443:G001,GENE,pvhA,
M4-FUNG-0443:G002,GENE,pvhB,
M4-FUNG-0443:G003,GENE,pvhC,
M4-FUNG-0443:G004,GENE,pvhD,
M4-FUNG-0443:G005,GENE,pvhE,
M4-FUNG-0443:G006,GENE,mfs / ORF1,
M4-FUNG-0443:G007,GENE,TF / ORF2,
M4-FUNG-0444:G001,GENE,Pc20g10860 / PCH_Pc20g10860,
M4-FUNG-0444:G002,GENE,Pc20g10870 / PCH_Pc20g10870,
M4-FUNG-0445:G001,GENE,PUL3 / MPUL0C04960,
M4-FUNG-0445:G002,GENE,PUL4 / MPUL0C04970,
M4-FUNG-0445:G003,GENE,PUL2 / MPUL0C04980,
M4-FUNG-0445:G004,GENE,PUL1 / MPUL0C04990,
M4-FUNG-0446:G001,GENE,melA / ATEG_03563,
M4-FUNG-0446:G002,GENE,tyrP / ATEG_03564,
M4-FUNG-0446:G003,GENE,ATEG_03561,
M4-FUNG-0446:G004,GENE,ATEG_03562,
M4-FUNG-0446:G005,GENE,ATEG_03565,
M4-FUNG-0446:G006,GENE,ATEG_03566,
M4-FUNG-0447:G001,GENE,ctdQ,
M4-FUNG-0447:G002,GENE,ctdU,
M4-FUNG-0447:G003,GENE,ctdE,
M4-FUNG-0447:G004,GENE,ctdD,
M4-FUNG-0447:G005,GENE,ctdH / ctdS / ctdC,
M4-FUNG-0448:G001,GENE,clsI,
M4-FUNG-0448:G002,GENE,clsK,
M4-FUNG-0448:G003,GENE,clsA,
M4-FUNG-0448:G004,GENE,clsD,
M4-FUNG-0448:G005,GENE,clsF,
M4-FUNG-0449:G001,GENE,SubA / MAA_07496,
M4-FUNG-0449:G002,GENE,SubB-class / MAA_07497,
M4-FUNG-0449:G003,GENE,MAA_11696,
M4-FUNG-0449:G004,GENE,SubD / MAA_07498,
M4-FUNG-0449:G005,GENE,SubE-class / MAA_07499,
M4-FUNG-0449:G006,GENE,SubF / DpmaF / MAA_07500,
M4-FUNG-0450:G001,GENE,dpfgA,
M4-FUNG-0450:G002,GENE,dpfgB,
M4-FUNG-0450:G003,GENE,dpfgC / dpfgD,
M4-FUNG-0450:G004,GENE,dpfgE,
M4-FUNG-0450:G005,GENE,dpfgG / dpfgH,
M4-FUNG-0450:G006,GENE,dpfgI,
M4-FUNG-0450:G007,GENE,dpfgJ / dpfgK,
M4-FUNG-0451:G001,GENE,dpchA / CH63R_05473,
M4-FUNG-0451:G002,GENE,dpchE / dpchB,
M4-FUNG-0451:G003,GENE,dpchC / dpchD,
M4-FUNG-0451:G004,GENE,dpchG / dpchH,
M4-FUNG-0451:G005,GENE,dpchF / CH63R_05481,
M4-FUNG-0451:G006,GENE,CH63R_05474,
M4-FUNG-0451:G007,GENE,CH63R_05482,
M4-FUNG-0452:G001,GENE,Spd1,
M4-FUNG-0452:G002,GENE,Spd2,
M4-FUNG-0452:G003,GENE,Spd3,
M4-FUNG-0452:G004,GENE,Spd4,
M4-FUNG-0452:G005,GENE,Spd5,
M4-FUNG-0452:G006,GENE,Spd6,
M4-FUNG-0452:G007,GENE,Spd7 + remaining Spd-locus features,
M4-FUNG-0453:G001,GENE,Pro1,
M4-FUNG-0453:G002,GENE,CYP-Arm3,
M4-FUNG-0453:G003,GENE,CYP-Arm2,
M4-FUNG-0453:G004,GENE,CYP-Arm1,
M4-FUNG-0453:G005,GENE,CYP-Arm4,
M4-FUNG-0453:G006,GENE,two hypothetical proteins / neighboring oxidoreductase-regulatory features,
M4-FUNG-0454:G001,GENE,ssk6 / BsPS,
M4-FUNG-0454:G002,GENE,ssk4,
M4-FUNG-0454:G003,GENE,ssk5 / ssk9,
M4-FUNG-0454:G004,GENE,ssk7,
M4-FUNG-0454:G005,GENE,ssk8,
M4-FUNG-0454:G006,GENE,ssk1,
M4-FUNG-0455:G001,GENE,mpas / CuPKS1,
M4-FUNG-0455:G002,GENE,mpao,
M4-FUNG-0455:G003,GENE,additional canonical neighboring genes,
M4-FUNG-0456:G001,GENE,PenP,
M4-FUNG-0456:G002,GENE,PenC,
M4-FUNG-0456:G003,GENE,PenI / PenJ / PenK,
M4-FUNG-0456:G004,GENE,PenT / PenT*,
M4-FUNG-0456:G005,GENE,PenF,
M4-FUNG-0456:G006,GENE,other Pen P450/methylation/tailoring genes,
M4-FUNG-0457:G001,GENE,FUM21,
M4-FUNG-0457:G002,GENE,FUM7,
M4-FUNG-0457:G003,GENE,FUM1,
M4-FUNG-0457:G004,GENE,FUM6 / FUM8 / FUM10,
M4-FUNG-0457:G005,GENE,FUM16 / FUM17 / FUM18 / FUM19,
M4-FUNG-0457:G006,GENE,remaining FUM genes,
M4-FUNG-0458:G001,GENE,xenA,
M4-FUNG-0458:G002,GENE,xenB,
M4-FUNG-0458:G003,GENE,xenC,
M4-FUNG-0458:G004,GENE,xenD,
M4-FUNG-0458:G005,GENE,xenE,
M4-FUNG-0458:G006,GENE,xenF,
M4-FUNG-0458:G007,GENE,xenG,
M4-FUNG-0459:G001,GENE,spoP,
M4-FUNG-0459:G002,GENE,spoB,
M4-FUNG-0459:G003,GENE,spoR,
M4-FUNG-0459:G004,GENE,spoF,
M4-FUNG-0459:G005,GENE,spoL,
M4-FUNG-0459:G006,GENE,spoM,
M4-FUNG-0460:G001,GENE,brq1 / Cma_00867,
M4-FUNG-0460:G002,GENE,brq2 / Cma_00868,
M4-FUNG-0460:G003,GENE,brq3 / Cma_00869,
M4-FUNG-0460:G004,GENE,brq4 / Cma_00870,
M4-FUNG-0460:G005,GENE,brq5 / PKS21 / Cma_00871,
M4-FUNG-0460:G006,GENE,brq6 / Cma_00872,
M4-FUNG-0461:G001,GENE,crz7,
M4-FUNG-0462:G001,GENE,sol4,
M4-FUNG-0462:G002,GENE,sol5,
M4-FUNG-0463:G001,GENE,PKSN/PKS35,
M4-FUNG-0465:G001,GENE,g429,
M4-FUNG-0465:G002,GENE,g430,
M4-FUNG-0465:G003,GENE,g431,
M4-FUNG-0465:G004,GENE,g432,
M4-FUNG-0465:G005,GENE,g433,
M4-FUNG-0465:G006,GENE,g434,
M4-FUNG-0465:G007,GENE,g435,
M4-FUNG-0466:G001,GENE,sptF,
M4-FUNG-0466:G002,GENE,sptN,
M4-FUNG-0466:G003,GENE,sptM,
M4-FUNG-0466:G004,GENE,sptB,
M4-FUNG-0467:G001,GENE,chaA,
M4-FUNG-0467:G002,GENE,chaB,
M4-FUNG-0467:G003,GENE,chaC,
M4-FUNG-0468:G001,GENE,g67,
M4-FUNG-0468:G002,GENE,g68,
M4-FUNG-0468:G003,GENE,g76,
M4-FUNG-0468:G004,GENE,g66,
M4-FUNG-0469:G001,GENE,htyD,
M4-FUNG-0469:G002,GENE,htyC,
M4-FUNG-0469:G003,GENE,htyB,
M4-FUNG-0469:G004,GENE,htyA,
M4-FUNG-0469:G005,GENE,trt,
M4-FUNG-0469:G006,GENE,nrps,
M4-FUNG-0469:G007,GENE,oxy1,
M4-FUNG-0470:G001,GENE,PN-13,
M4-FUNG-0470:G002,GENE,PN-14,
M4-FUNG-0470:G003,GENE,pn3-17,
M4-FUNG-0470:G004,GENE,pn3-19,
M4-FUNG-0470:G005,GENE,pn3-12,
M4-FUNG-0472:G001,GENE,emeA,
M4-FUNG-0472:G002,GENE,emeB,
M4-FUNG-0472:G003,GENE,emeC,
M4-FUNG-0473:G001,GENE,PeniA,
M4-FUNG-0473:G002,GENE,PeniB,
M4-FUNG-0473:G003,GENE,PeniC,
M4-FUNG-0474:G001,GENE,gedC,
M4-FUNG-0474:G002,GENE,gedR,
M4-FUNG-0474:G003,GENE,gedL,
M4-FUNG-0475:G001,GENE,PFUR17_02294,
M4-FUNG-0476:G001,GENE,PKS14,
M4-FUNG-0476:G002,GENE,coexpressed candidate decarboxylation gene,
M4-FUNG-0477:G001,GENE,pks63787,
M4-FUNG-0478:G001,GENE,PKS7,
M4-FUNG-0479:G001,GENE,oatA,
M4-FUNG-0479:G002,GENE,otaB,
M4-FUNG-0479:G003,GENE,otaC,
M4-FUNG-0479:G004,GENE,otaR,
M4-FUNG-0479:G005,GENE,otaD,
M4-FUNG-0483:G001,GENE,asaC,
M4-FUNG-0483:G002,GENE,cluster 11 P450 oxidoreductase,
M4-FUNG-0483:G003,GENE,cluster 11 desaturase/hydroxylase,
M4-FUNG-0484:G001,GENE,Cle2,
M4-FUNG-0484:G002,GENE,Cle4,
M4-FUNG-0484:G003,GENE,Cle3,
M4-FUNG-0484:G004,GENE,Cle6,
M4-FUNG-0485:G001,GENE,Sre4,
M4-FUNG-0485:G002,GENE,Sre5,
M4-FUNG-0486:G001,GENE,ota-PKS ortholog,
M4-FUNG-0486:G002,GENE,ota-NRPS ortholog,
M4-FUNG-0486:G003,GENE,ota-P450 ortholog,
M4-FUNG-0486:G004,GENE,ota-bZIP ortholog,
M4-FUNG-0486:G005,GENE,ota-halogenase ortholog,
M4-FUNG-0487:G001,GENE,ota-PKS ortholog,
M4-FUNG-0487:G002,GENE,ota-NRPS ortholog,
M4-FUNG-0487:G003,GENE,ota-P450 ortholog,
M4-FUNG-0487:G004,GENE,ota-bZIP ortholog,
M4-FUNG-0487:G005,GENE,ota-halogenase ortholog,
M4-FUNG-0488:G001,GENE,ota-PKS ortholog,
M4-FUNG-0488:G002,GENE,ota-NRPS ortholog,
M4-FUNG-0488:G003,GENE,ota-P450 ortholog,
M4-FUNG-0488:G004,GENE,ota-bZIP ortholog,
M4-FUNG-0488:G005,GENE,ota-halogenase ortholog,
M4-FUNG-0489:G001,GENE,ota-PKS ortholog,
M4-FUNG-0489:G002,GENE,ota-NRPS ortholog,
M4-FUNG-0489:G003,GENE,ota-P450 ortholog,
M4-FUNG-0489:G004,GENE,ota-bZIP ortholog,
M4-FUNG-0489:G005,GENE,ota-halogenase ortholog,
M4-FUNG-0490:G001,GENE,ota-PKS ortholog,
M4-FUNG-0490:G002,GENE,ota-NRPS ortholog,
M4-FUNG-0490:G003,GENE,ota-P450 ortholog,
M4-FUNG-0490:G004,GENE,ota-bZIP ortholog,
M4-FUNG-0490:G005,GENE,ota-halogenase ortholog,
M4-FUNG-0491:G001,GENE,Stl-TS,
M4-FUNG-0491:G002,GENE,Stl-P450,
M4-FUNG-0492:G001,GENE,htyD,
M4-FUNG-0492:G002,GENE,htyC,
M4-FUNG-0492:G003,GENE,htyB,
M4-FUNG-0492:G004,GENE,htyA,
M4-FUNG-0492:G005,GENE,NR,
M4-FUNG-0492:G006,GENE,NR,
M4-FUNG-0493:G001,GENE,AndA,
M4-FUNG-0493:G002,GENE,AndB,
M4-FUNG-0493:G003,GENE,AndC,
M4-FUNG-0493:G004,GENE,AndD,
M4-FUNG-0493:G005,GENE,AndE,
M4-FUNG-0493:G006,GENE,AndF,
M4-FUNG-0493:G007,GENE,AndK,
M4-FUNG-0493:G008,GENE,AndM,
M4-FUNG-0494:G001,GENE,esdpI,
M4-FUNG-0494:G002,GENE,esdpH,
M4-FUNG-0494:G003,GENE,esdpE,
M4-FUNG-0494:G004,GENE,esdpD,
M4-FUNG-0494:G005,GENE,esdpA,
M4-FUNG-0494:G006,GENE,esdpG,
M4-FUNG-0494:G007,GENE,esdpC,
M4-FUNG-0494:G008,GENE,esdpB,
M4-FUNG-0495:G001,GENE,macJ,
M4-FUNG-0495:G002,GENE,macA,
M4-FUNG-0495:G003,GENE,macR,
M4-FUNG-0496:G001,GENE,mpaC,
M4-FUNG-0496:G002,GENE,mpaA/B/DE/F/G/H,
M4-FUNG-0497:G001,GENE,psyA,
M4-FUNG-0498:G001,GENE,penP,
M4-FUNG-0498:G002,GENE,PtmE,
M4-FUNG-0498:G003,GENE,PtmK/PtmU,
M4-FUNG-0499:G001,GENE,mpaG′,
M4-FUNG-0500:G001,GENE,HknR,
M4-FUNG-0500:G002,GENE,HknE,
M4-FUNG-0501:G001,GENE,SdnG homolog,
M4-FUNG-0501:G002,GENE,SdnA/B/E/F/H homolog set,
M4-FUNG-0502:G001,GENE,PrHalA,
M4-FUNG-0503:G001,GENE,SdxC,
M4-FUNG-0503:G002,GENE,SdxD,
M4-FUNG-0503:G003,GENE,SdxA,
M4-FUNG-0503:G004,GENE,SdxG,
M4-FUNG-0503:G005,GENE,SdxB,
M4-FUNG-0503:G006,GENE,SdxI,
M4-FUNG-0504:G001,GENE,candidate seven-module NRPS,
M4-FUNG-0504:G002,GENE,trans-acting N-methyltransferase candidate,
M4-FUNG-0505:G001,GENE,FfnA,
M4-FUNG-0505:G002,GENE,FfnB,
M4-FUNG-0505:G003,GENE,FfnC,
M4-FUNG-0505:G004,GENE,FfnD,
M4-FUNG-0506:G001,GENE,Copu5 / CONPUDRAFT_50941,
M4-FUNG-0506:G002,GENE,neighboring BGC0002707 genes,
M4-FUNG-0507:G001,GENE,Copu9 / CONPUDRAFT_118913,
M4-FUNG-0508:G001,GENE,PKS12 / AurPKS12,
M4-FUNG-0508:G002,GENE,AurR1 / GIP2,
M4-FUNG-0508:G003,GENE,AurZ,
M4-FUNG-0508:G004,GENE,AurJ,
M4-FUNG-0508:G005,GENE,AurF / Gip1 / AurO / AurS late module,
M4-FUNG-0508:G006,GENE,AurT,
M4-FUNG-0509:G001,GENE,mrsidA,
M4-FUNG-0509:G002,GENE,mrsidD,
M4-FUNG-0509:G003,GENE,mrapdA,
M4-FUNG-0510:G001,GENE,candidate PKS,
M4-FUNG-0510:G002,GENE,candidate halogenase,
M4-FUNG-0511:G001,GENE,iliA,
M4-FUNG-0511:G002,GENE,iliB,
M4-FUNG-0511:G003,GENE,iliC,
M4-FUNG-0511:G004,GENE,iliD,
M4-FUNG-0511:G005,GENE,iliE,
M4-FUNG-0512:G001,GENE,aneC,
M4-FUNG-0512:G002,GENE,aneF,
M4-FUNG-0512:G003,GENE,aneD,
M4-FUNG-0512:G004,GENE,aneG,
M4-FUNG-0512:G005,GENE,aneA,
M4-FUNG-0512:G006,GENE,aneB,
M4-FUNG-0512:G007,GENE,aneE,
M4-FUNG-0513:G001,GENE,srdA / pks-6,
M4-FUNG-0513:G002,GENE,srdC,
M4-FUNG-0513:G003,GENE,srdD,
M4-FUNG-0513:G004,GENE,srdE,
M4-FUNG-0513:G005,GENE,srdI,
M4-FUNG-0513:G006,GENE,srdB,
M4-FUNG-0513:G007,GENE,srdG,
M4-FUNG-0514:G001,GENE,candidate ctp NRPS,
M4-FUNG-0514:G002,GENE,ctpP450-3,
M4-FUNG-0514:G003,GENE,ctpP450-1,
M4-FUNG-0514:G004,GENE,ctpOMT,
M4-FUNG-0515:G001,GENE,FE257_006542,
M4-FUNG-0515:G002,GENE,candidate nan tailoring genes,
M4-FUNG-0515:G003,GENE,candidate nan PKS-class gene(s),
M4-FUNG-0516:G001,GENE,ATEG_03629,
M4-FUNG-0516:G002,GENE,ATEG_03630,
M4-FUNG-0517:G001,GENE,AtAS / ATEG_03568,
M4-FUNG-0517:G002,GENE,AtP450 / ATEG_03567,
M4-FUNG-0518:G001,GENE,verA / cl4A,
M4-FUNG-0518:G002,GENE,verB / cl4B,
M4-FUNG-0518:G003,GENE,verC1 / cl4C1,
M4-FUNG-0518:G004,GENE,verC2 / cl4C2,
M4-FUNG-0518:G005,GENE,verG / cl4G,
M4-FUNG-0518:G006,GENE,verH / cl4H,
M4-FUNG-0519:G001,GENE,DbiMA1,
M4-FUNG-0519:G002,GENE,DbiP,
M4-FUNG-0519:G003,GENE,accessory dbi tailoring genes,
M4-FUNG-0520:G001,GENE,LedMA,
M4-FUNG-0520:G002,GENE,LedP,
M4-FUNG-0520:G003,GENE,accessory led tailoring genes,
M4-FUNG-0521:G001,GENE,AcdD / BDW47DRAFT_120076,
M4-FUNG-0521:G002,GENE,BDW47DRAFT_120077,
M4-FUNG-0521:G003,GENE,AcdB / BDW47DRAFT_71441,
M4-FUNG-0522:G001,GENE,TroA / ANIA_07893,
M4-FUNG-0522:G002,GENE,DbaA / ANIA_07896,
M4-FUNG-0522:G003,GENE,DbaB / ANIA_07897,
M4-FUNG-0522:G004,GENE,DbaD / ANIA_07899,
M4-FUNG-0522:G005,GENE,DbaH / ANIA_07902,
M4-FUNG-0522:G006,GENE,DbaI / ANIA_07903,
M4-FUNG-0523:G001,GENE,BrvA,
M4-FUNG-0523:G002,GENE,BrvB,
M4-FUNG-0523:G003,GENE,BrvC,
M4-FUNG-0523:G004,GENE,BrvF,
M4-FUNG-0523:G005,GENE,BrvJ,
M4-FUNG-0523:G006,GENE,BrvN,
M4-FUNG-0523:G007,GENE,BrvO,
M4-FUNG-0523:G008,GENE,BrvL,
M4-FUNG-0524:G001,GENE,CTC2 / CH63R_05468,
M4-FUNG-0524:G002,GENE,CTC1 / ChPKS10 / CH63R_05469,
M4-FUNG-0524:G003,GENE,CTC3 / ChNRPS-like04 / CH63R_05470,
M4-FUNG-0524:G004,GENE,CTC4 / CH63R_05471,
M4-FUNG-0525:G001,GENE,spyA / Afu8g02350,
M4-FUNG-0525:G002,GENE,spyB / Afu8g02360,
M4-FUNG-0525:G003,GENE,spyC / Afu8g02380,
M4-FUNG-0525:G004,GENE,spyD / Afu8g02390,
M4-FUNG-0525:G005,GENE,spyE / Afu8g02400,
M4-FUNG-0525:G006,GENE,spyF / Afu8g02410,
M4-FUNG-0526:G001,GENE,Ma_OvaA,
M4-FUNG-0526:G002,GENE,Ma_OvaB,
M4-FUNG-0526:G003,GENE,Ma_OvaC,
M4-FUNG-0527:G001,GENE,drcA,
M4-FUNG-0527:G002,GENE,drcB,
M4-FUNG-0528:G001,GENE,ltbA,
M4-FUNG-0528:G002,GENE,ltbB,
M4-FUNG-0528:G003,GENE,ltbC,
M4-FUNG-0528:G004,GENE,ltbD,
M4-FUNG-0528:G005,GENE,ltbE,
M4-FUNG-0529:G001,GENE,PbpsA,
M4-FUNG-0530:G001,GENE,estG1,
M4-FUNG-0530:G002,GENE,estC1,
M4-FUNG-0530:G003,GENE,estM1,
M4-FUNG-0530:G004,GENE,estB1,
M4-FUNG-0531:G001,GENE,MollA,
M4-FUNG-0531:G002,GENE,MollB,
M4-FUNG-0531:G003,GENE,MollC,
M4-FUNG-0531:G004,GENE,MollD,
M4-FUNG-0531:G005,GENE,MollE,
M4-FUNG-0531:G006,GENE,MollF,
M4-FUNG-0532:G001,GENE,sclA,
M4-FUNG-0532:G002,GENE,sclI,
M4-FUNG-0533:G001,GENE,clz2,
M4-FUNG-0533:G002,GENE,clz6,
M4-FUNG-0533:G003,GENE,clz10,
M4-FUNG-0533:G004,GENE,clz11,
M4-FUNG-0533:G005,GENE,clz12,
M4-FUNG-0533:G006,GENE,clz14,
M4-FUNG-0533:G007,GENE,clz17,
M4-FUNG-0533:G008,GENE,clz20,
M4-FUNG-0534:G001,GENE,crz1,
M4-FUNG-0534:G002,GENE,crz2,
M4-FUNG-0534:G003,GENE,crz3,
M4-FUNG-0534:G004,GENE,crz4,
M4-FUNG-0534:G005,GENE,crz5,
M4-FUNG-0534:G006,GENE,crz6,
M4-FUNG-0534:G007,GENE,crz7 / PKS22 / Cmt_01711,
M4-FUNG-0534:G008,GENE,crz8,
M4-FUNG-0534:G009,GENE,crz9,
M4-FUNG-0535:G001,GENE,desG,
M4-FUNG-0535:G002,GENE,desC,
M4-FUNG-0535:G003,GENE,desM,
M4-FUNG-0535:G004,GENE,desB,
M4-FUNG-0535:G005,GENE,DES fifth ORF (unresolved),
M4-FUNG-0536:G001,GENE,CCM_09344 (cluster P450),
M4-FUNG-0536:G002,GENE,MilB / CCM_09345,
M4-FUNG-0536:G003,GENE,MilA / CCM_09346,
M4-FUNG-0537:G001,GENE,PKS21,
M4-FUNG-0538:G001,GENE,sidC,
M4-FUNG-0538:G002,GENE,sidA,
M4-FUNG-0538:G003,GENE,sidL,
M4-FUNG-0539:G001,GENE,RADS HR-PKS homolog,
M4-FUNG-0539:G002,GENE,RADS NR-PKS homolog,
M4-FUNG-0539:G003,GENE,halogenase homolog,
M4-FUNG-0539:G004,GENE,P450 epoxidase homolog,
M4-FUNG-0539:G005,GENE,RADS regulator homolog,
M4-FUNG-0540:G001,GENE,atnH,
M4-FUNG-0540:G002,GENE,atnG,
M4-FUNG-0540:G003,GENE,atnJ,
M4-FUNG-0540:G004,GENE,atnF,
M4-FUNG-0540:G005,GENE,atnK,
M4-FUNG-0540:G006,GENE,atnA,
M4-FUNG-0540:G007,GENE,atnI,
M4-FUNG-0540:G008,GENE,atnM,
M4-FUNG-0541:G001,GENE,fum1 / PKS homolog,
M4-FUNG-0541:G002,GENE,fum cluster core genes,
M4-FUNG-0541:G003,GENE,fum cluster accessory/tailoring genes,
M4-FUNG-0542:G001,GENE,ancC,
M4-FUNG-0542:G002,GENE,ancA,
M4-FUNG-0542:G003,GENE,remaining anc cluster genes,
M4-FUNG-0543:G001,GENE,fnsA,
M4-FUNG-0544:G001,GENE,astE,
M4-FUNG-0544:G002,GENE,astA,
M4-FUNG-0544:G003,GENE,astG,
M4-FUNG-0544:G004,GENE,astF,
M4-FUNG-0544:G005,GENE,astH,
M4-FUNG-0544:G006,GENE,astI,
M4-FUNG-0544:G007,GENE,astB,
M4-FUNG-0544:G008,GENE,astL,
M4-FUNG-0545:G001,GENE,sesE,
M4-FUNG-0545:G002,GENE,sesM,
M4-FUNG-0545:G003,GENE,sesB,
M4-FUNG-0545:G004,GENE,SES tailoring gene 1,
M4-FUNG-0545:G005,GENE,SES tailoring gene 2,
M4-FUNG-0546:G001,GENE,PKS16 candidate,
M4-FUNG-0557:G001,GENE,OpdA / PDE_01235,
M4-FUNG-0557:G002,GENE,OpdC,
M4-FUNG-0557:G003,GENE,OpdJ,
M4-FUNG-0558:G001,GENE,PscyA,
M4-FUNG-0558:G002,GENE,PscyB,
M4-FUNG-0559:G001,GENE,VdoD,
M4-FUNG-0559:G002,GENE,VdoA,
M4-FUNG-0560:G001,GENE,Ndi_Ili_D,
M4-FUNG-0561:G001,GENE,annullatin BBE-like terminal enzyme,
M4-FUNG-0562:G001,GENE,Rsf1 / CgPKS4,
M4-FUNG-0563:G001,GENE,eupPKS,
M4-FUNG-0563:G002,GENE,eupL1,
M4-FUNG-0563:G003,GENE,eupL5,
M4-FUNG-0563:G004,GENE,eupR3,
M4-FUNG-0563:G005,GENE,eupR1,
M4-FUNG-0563:G006,GENE,eupR5,
M4-FUNG-0564:G001,GENE,DepD,
M4-FUNG-0564:G002,GENE,DepH,
M4-FUNG-0564:G003,GENE,DepG,
M4-FUNG-0564:G004,GENE,DepF,
M4-FUNG-0564:G005,GENE,A3428 (remote),
M4-FUNG-0565:G001,GENE,MacC,
M4-FUNG-0566:G001,GENE,Psc_Aza_H,
M4-FUNG-0567:G001,GENE,crmA,
M4-FUNG-0568:G001,GENE,traH,
M4-FUNG-0568:G002,GENE,traD,
M4-FUNG-0569:G001,GENE,HR-PKS,
M4-FUNG-0569:G002,GENE,type III PKS,
M4-FUNG-0569:G003,GENE,P450,
M4-FUNG-0570:G001,GENE,gdlS,
M4-FUNG-0571:G001,GENE,satA,
M4-FUNG-0571:G002,GENE,satB,
M4-FUNG-0571:G003,GENE,satC,
M4-FUNG-0572:G001,GENE,BEA1,
M4-FUNG-0572:G002,GENE,BEA2,
M4-FUNG-0572:G003,GENE,BEA3,
M4-FUNG-0572:G004,GENE,BEA4,
M4-FUNG-0572:G005,GENE,HDA1,
M4-FUNG-0573:G001,GENE,mpbA,
M4-FUNG-0574:G001,GENE,tndC,
M4-FUNG-0575:G001,GENE,mpcA,
M4-FUNG-0576:G001,GENE,NRPS4,
M4-FUNG-0576:G002,GENE,ABC transporter (cluster-associated),
M4-FUNG-0577:G001,GENE,echPT1,
M4-FUNG-0577:G002,GENE,echPS,
M4-FUNG-0577:G003,GENE,echPT2,
M4-FUNG-0577:G004,GENE,echP450,
M4-FUNG-0578:G001,GENE,ucdA,
M4-FUNG-0578:G002,GENE,ucdB,
M4-FUNG-0578:G003,GENE,ucdC,
M4-FUNG-0578:G004,GENE,ucdD,
M4-FUNG-0578:G005,GENE,ucdE,
M4-FUNG-0578:G006,GENE,ucdG,
M4-FUNG-0579:G001,GENE,HK57_00372,
M4-FUNG-0579:G002,GENE,HK57_00373,
M4-FUNG-0579:G003,GENE,HK57_00374,
M4-FUNG-0579:G004,GENE,HK57_00375,
M4-FUNG-0580:G001,GENE,pbaA — PLP-bound enzyme,
M4-FUNG-0580:G002,GENE,pbaB — cytochrome P450 monooxygenase,
M4-FUNG-0580:G003,GENE,pbaC — PLP-dependent decarboxylase,
M4-FUNG-0580:G004,GENE,pbaD — glutamine synthetase-like enzyme,
M4-FUNG-0580:G005,GENE,pbaE — indole prenyltransferase,
M4-FUNG-0580:G006,GENE,pbaF — hypothetical membrane protein,
M4-FUNG-0580:G007,GENE,pbaG — putative transcription factor,
M4-FUNG-0580:G008,GENE,pbaH — MFS transporter,
M4-FUNG-0581:G001,GENE,phoB,
M4-FUNG-0581:G002,GENE,phoC,
M4-FUNG-0581:G003,GENE,phoD,
M4-FUNG-0581:G004,GENE,phoE — polyketide synthase,
M4-FUNG-0581:G005,GENE,phoF,
M4-FUNG-0581:G006,GENE,phoG,
M4-FUNG-0581:G007,GENE,phoH,
M4-FUNG-0581:G008,GENE,phoJ,
M4-FUNG-0581:G009,GENE,phoK,
M4-FUNG-0581:G010,GENE,phoL,
M4-FUNG-0581:G011,GENE,phoM,
M4-FUNG-0581:G012,GENE,phoN,
M4-FUNG-0581:G013,GENE,phoO — cytochrome P450 candidate phenol-coupling enzyme,
M4-FUNG-0581:G014,GENE,phoP,
M4-FUNG-0582:G001,GENE,prosJ,
M4-FUNG-0582:G002,GENE,prosK,
M4-FUNG-0582:G003,GENE,prosA,
M4-FUNG-0582:G004,GENE,prosB,
M4-FUNG-0582:G005,GENE,prosC,
M4-FUNG-0582:G006,GENE,prosD,
M4-FUNG-0582:G007,GENE,prosG,
M4-FUNG-0582:G008,GENE,prosF,
M4-FUNG-0582:G009,GENE,prosH,
M4-FUNG-0582:G010,GENE,prosI,
M4-FUNG-0583:G001,GENE,FMAN_15225 — flanking/nonessential,
M4-FUNG-0583:G002,GENE,FMAN_15224 — flanking/nonessential in fusamarin production,
M4-FUNG-0583:G003,GENE,FMAN_15223 / FmPKS8 / FmFMN1,
M4-FUNG-0583:G004,GENE,FMAN_15222 / FmFMN2 — trans-ER-like alcohol dehydrogenase-domain protein,
M4-FUNG-0583:G005,GENE,FMAN_15221 / FmFMN3 — alpha/beta-hydrolase/peptidase-containing protein,
M4-FUNG-0583:G006,GENE,FMAN_15220 / FmFMN4 — Zn(II)2Cys6 fungal transcription factor,
M4-FUNG-0583:G007,GENE,FMAN_15219 — flanking/nonessential in fusamarin production,
M4-FUNG-0583:G008,GENE,FMAN_15218 — flanking gene,
M4-FUNG-0584:G001,GENE,pycL3,
M4-FUNG-0584:G002,GENE,pycL2,
M4-FUNG-0584:G003,GENE,pycL1,
M4-FUNG-0584:G004,GENE,pycPKS,
M4-FUNG-0584:G005,GENE,pycR1 — hetero-Diels-Alderase,
M4-FUNG-0584:G006,GENE,pycR2 — transcription factor,
M4-FUNG-0584:G007,GENE,pycR5 — cytochrome P450,
M4-FUNG-0584:G008,GENE,pycR6 — humulene synthase,
M4-FUNG-0585:G001,GENE,strA — highly reducing PKS,
M4-FUNG-0585:G002,GENE,strC — cupin-domain protein,
M4-FUNG-0586:G001,GENE,jmaza nrPKS homolog,
M4-FUNG-0586:G002,GENE,jmaza hrPKS homolog,
M4-FUNG-0586:G003,GENE,FAD-dependent monooxygenase homolog,
M4-FUNG-0586:G004,GENE,acyltransferase homolog,
M4-FUNG-0587:G001,GENE,oesA — 3-orsellinoxypropanoic acid synthase,
M4-FUNG-0588:G001,GENE,mfnPKS1 — HR-PKS,
M4-FUNG-0588:G002,GENE,mfnPKS2 — HR-PKS,
M4-FUNG-0588:G003,GENE,mfnL3 — O-acyltransferase,
M4-FUNG-0588:G004,GENE,mfnL2 — cytochrome P450,
M4-FUNG-0588:G005,GENE,mfnL1 — O-methyltransferase,
M4-FUNG-0588:G006,GENE,mfnR3 — cytochrome P450,
M4-FUNG-0588:G007,GENE,mfnR2 — FAD oxidoreductase,
M4-FUNG-0588:G008,GENE,mfnR4 — SDR,
M4-FUNG-0589:G001,GENE,vrcA — bifunctional sesterterpene synthase,
M4-FUNG-0589:G002,GENE,vrcB — cytochrome P450 monooxygenase,
M4-FUNG-0590:G001,GENE,candidate azaphilone nrPKS,
M4-FUNG-0590:G002,GENE,candidate azaphilone hrPKS/tailoring module,
M4-FUNG-0591:G001,GENE,ktnS — nonreducing polyketide synthase,
M4-FUNG-0591:G002,GENE,ktnB — O-methyltransferase,
M4-FUNG-0591:G003,GENE,ktnC — cytochrome P450 phenol-coupling enzyme,
M4-FUNG-0592:G001,GENE,Ao415 — NRPS,
M4-FUNG-0592:G002,GENE,Ao414 — L-ornithine oxygenase,
M4-FUNG-0593:G001,GENE,PeTS1 — (+)-aristolochene synthase,
M4-FUNG-0594:G001,GENE,dpfgA / PKS15 — nonreducing polyketide synthase,
M4-FUNG-0594:G002,GENE,dpfgB — geranylgeranyl diphosphate synthase,
M4-FUNG-0594:G003,GENE,dpfgC — prenyltransferase,
M4-FUNG-0594:G004,GENE,dpfgD — FAD-dependent epoxidase,
M4-FUNG-0594:G005,GENE,dpfgE / TS — terpene cyclase,
M4-FUNG-0594:G006,GENE,dpfgG — SDR1,
M4-FUNG-0594:G007,GENE,dpfgH — SDR2,
M4-FUNG-0594:G008,GENE,dpfgI — methyltransferase MT1,
M4-FUNG-0594:G009,GENE,dpfgJ — cytochrome P450,
M4-FUNG-0594:G010,GENE,dpfgK — late tailoring enzyme; exact isolated function UNCERTAIN,
M4-FUNG-0595:G001,GENE,Pfur33-1_006185 / PKS16 — nonreducing polyketide synthase,
M4-FUNG-0595:G002,GENE,candidate-cluster cytochrome P450,
M4-FUNG-0595:G003,GENE,candidate-cluster monooxygenase,
M4-FUNG-0595:G004,GENE,unidentified candidate-cluster protein 1,
M4-FUNG-0595:G005,GENE,unidentified candidate-cluster protein 2,
M4-FUNG-0595:G006,GENE,unidentified candidate-cluster protein 3,
M4-FUNG-0595:G007,GENE,unidentified candidate-cluster protein 4,
M4-FUNG-0595:G008,GENE,unidentified candidate-cluster protein 5,
M4-FUNG-0595:G009,GENE,unidentified candidate-cluster protein 6,
M4-FUNG-0595:G010,GENE,unidentified candidate-cluster protein 7,
M4-FUNG-0596:G001,GENE,mpsA / MPH_07623 — PKS-NRPS,
M4-FUNG-0596:G002,GENE,mpsD / MPH_07627 — LLDAse / Diels–Alderase,
M4-FUNG-0596:G003,GENE,mpsF / MPH_07629 — cytochrome P450,
M4-FUNG-0596:G004,GENE,mpsG / MPH_07630 — trans-enoyl reductase,
M4-FUNG-0597:G001,GENE,group-D TAS1 homologue — fungal NRPS-PKS γ-lactam synthase,
M4-FUNG-0598:G001,GENE,mlfA / Aspbr1_34020 — malformin NRPS,
M4-FUNG-0599:G001,GENE,group-D TAS1 homologue — fungal NRPS-PKS γ-lactam synthase,
M4-FUNG-0600:G001,GENE,pksAC — ascochitine polyketide synthase,
M4-FUNG-0600:G002,GENE,orf1-orf11 conserved accessory cluster,
M4-FUNG-0601:G001,GENE,anuA — reducing polyketide synthase,
M4-FUNG-0601:G002,GENE,anuE — cytochrome P450 hydroxylase,
M4-FUNG-0601:G003,GENE,anuH — prenyltransferase,
M4-FUNG-0601:G004,GENE,anuG — BBE-like oxidative lactonization enzyme,
M4-FUNG-0602:G001,GENE,FUP1 / FPRN_05485 — terpenoid synthase,
M4-FUNG-0602:G002,GENE,FUP2 / FPRN_05484 — cytochrome P450,
M4-FUNG-0602:G003,GENE,FUP3 / FPRN_05488 — cytochrome P450,
M4-FUNG-0602:G004,GENE,FUP4 / FPRN_05486 — FAD oxidase,
M4-FUNG-0602:G005,GENE,FUP5 / FPRN_05487 — acetyltransferase,
M4-FUNG-0603:G001,GENE,cpaA / cpaS — hybrid PKS-NRPS synthase,
M4-FUNG-0603:G002,GENE,cpaD / dmaT — dimethylallyl transferase,
M4-FUNG-0603:G003,GENE,cpaO / maoA — FAD-dependent oxidocyclase,
M4-FUNG-0604:G001,GENE,TvTS / ZTR_06220 — chimeric class-I triterpene synthase,
M4-FUNG-0605:G001,GENE,MpMS / MPH_02178 — chimeric class-I triterpene synthase,
M4-FUNG-0606:G001,GENE,CgCS / Cgl13855 — chimeric class-I triterpene synthase,
M4-FUNG-0607:G001,GENE,dmaW — dimethylallyltryptophan synthase,
M4-FUNG-0607:G002,GENE,easF — methyltransferase,
M4-FUNG-0607:G003,GENE,easE — chanoclavine-pathway oxidoreductase,
M4-FUNG-0607:G004,GENE,easC — catalase-like early-pathway enzyme,
M4-FUNG-0607:G005,GENE,easD — chanoclavine aldehyde dehydrogenase,
M4-FUNG-0607:G006,GENE,easA — old yellow enzyme family member,
M4-FUNG-0607:G007,GENE,easG — reductase,
M4-FUNG-0607:G008,GENE,cloA — agroclavine/elymoclavine oxidase,
M4-FUNG-0607:G009,GENE,lpsA — lysergyl peptide synthetase component,
M4-FUNG-0607:G010,GENE,lpsB/lpsC and easH/easO/easP — late ergot-alkaloid modules,
M4-FUNG-0608:G001,GENE,lpsB — lysergyl peptide synthetase component directly required for ergovaline,
M4-FUNG-0608:G002,GENE,lpsA — lysergyl peptide synthetase component,
M4-FUNG-0608:G003,GENE,dmaW — dimethylallyltryptophan synthase,
M4-FUNG-0608:G004,GENE,additional EAS genes — conserved early and late ergot-pathway enzymes,
M4-FUNG-0609:G001,GENE,"idtG — geranylgeranyl diphosphate synthase, comparative assignment",
M4-FUNG-0609:G002,GENE,"idtM — FAD-dependent monooxygenase/epoxidase, comparative assignment",
M4-FUNG-0609:G003,GENE,"idtB — conserved core indole-diterpene enzyme, comparative assignment",
M4-FUNG-0609:G004,GENE,"idtC — conserved core indole-diterpene cyclization-associated enzyme, comparative assignment",
M4-FUNG-0609:G005,GENE,"idtS — conserved locus gene, function unresolved",
M4-FUNG-0609:G006,GENE,idtP — peripheral indole-diterpene tailoring gene,
M4-FUNG-0609:G007,GENE,idtQ — peripheral indole-diterpene tailoring gene,
M4-FUNG-0609:G008,GENE,idtK — peripheral indole-diterpene tailoring gene,
M4-FUNG-0609:G009,GENE,idtF — peripheral indole-diterpene tailoring gene,
M4-FUNG-0001:M001,METABOLITE,AF-toxin I,
M4-FUNG-0001:M002,METABOLITE,AF-toxin II,
M4-FUNG-0001:M003,METABOLITE,AF-toxin III,
M4-FUNG-0002:M001,METABOLITE,aflatoxin G1,
M4-FUNG-0003:M001,METABOLITE,aflatoxin B1,
M4-FUNG-0003:M002,METABOLITE,aflatoxin B2,
M4-FUNG-0003:M003,METABOLITE,aflatoxin G1,
M4-FUNG-0003:M004,METABOLITE,aflatoxin G2,
M4-FUNG-0004:M001,METABOLITE,aflatoxin B1,
M4-FUNG-0004:M002,METABOLITE,aflatoxin B2,
M4-FUNG-0005:M001,METABOLITE,aflatoxin B1,
M4-FUNG-0005:M002,METABOLITE,aflatoxin G1,
M4-FUNG-0006:M001,METABOLITE,aflatoxin B1,
M4-FUNG-0006:M002,METABOLITE,aflatoxin B2,
M4-FUNG-0007:M001,METABOLITE,aflatoxin B1,
M4-FUNG-0007:M002,METABOLITE,aflatoxin B2,
M4-FUNG-0007:M003,METABOLITE,aflatoxin G1,
M4-FUNG-0007:M004,METABOLITE,aflatoxin G2,
M4-FUNG-0008:M001,METABOLITE,aflatoxin,
M4-FUNG-0009:M001,METABOLITE,sterigmatocystin,
M4-FUNG-0009:M002,METABOLITE,aflatoxin B1,
M4-FUNG-0009:M003,METABOLITE,aflatoxin B2,
M4-FUNG-0010:M001,METABOLITE,alternapyrone,
M4-FUNG-0010:M002,METABOLITE,alternapyrone-family oxidized derivatives,
M4-FUNG-0011:M001,METABOLITE,alternariol,
M4-FUNG-0011:M002,METABOLITE,dehydrocitreoisocoumarin,
M4-FUNG-0011:M003,METABOLITE,heptaketide isocoumarins,
M4-FUNG-0011:M004,METABOLITE,hexaketide isocoumarins,
M4-FUNG-0012:M001,METABOLITE,asperfuranone,
M4-FUNG-0012:M002,METABOLITE,preasperfuranone,
M4-FUNG-0013:M001,METABOLITE,ankaflavin,
M4-FUNG-0013:M002,METABOLITE,monascin,
M4-FUNG-0013:M003,METABOLITE,rubropunctatin,
M4-FUNG-0013:M004,METABOLITE,monascorubrin,
M4-FUNG-0013:M005,METABOLITE,monascusone A,
M4-FUNG-0014:M001,METABOLITE,bikaverin,
M4-FUNG-0014:M002,METABOLITE,pre-bikaverin,
M4-FUNG-0014:M003,METABOLITE,norbikaverin,
M4-FUNG-0014:M004,METABOLITE,oxo-pre-bikaverin and related intermediates,
M4-FUNG-0015:M001,METABOLITE,cichorine,
M4-FUNG-0015:M002,METABOLITE,3-methylorsellinic acid,
M4-FUNG-0015:M003,METABOLITE,nidulol,
M4-FUNG-0015:M004,METABOLITE,8-methoxycichorine,
M4-FUNG-0015:M005,METABOLITE,8-epi-methoxycichorine,
M4-FUNG-0015:M006,METABOLITE,N-(4'-carboxybutyl)cichorine,
M4-FUNG-0015:M007,METABOLITE,isoleucylcichorine,
M4-FUNG-0015:M008,METABOLITE,leucylcichorine,
M4-FUNG-0016:M001,METABOLITE,compactin,
M4-FUNG-0016:M002,METABOLITE,ML-236A,
M4-FUNG-0017:M001,METABOLITE,"10,11-dehydrocurvularin",
M4-FUNG-0017:M002,METABOLITE,11-hydroxycurvularin,
M4-FUNG-0017:M003,METABOLITE,YX-28-4-RF,
M4-FUNG-0018:M001,METABOLITE,depudecin,
M4-FUNG-0018:M002,METABOLITE,DEP2-disruption epoxide metabolite(s),
M4-FUNG-0018:M003,METABOLITE,DEP4-disruption epoxide metabolite(s),
M4-FUNG-0019:M001,METABOLITE,dothistromin,
M4-FUNG-0019:M002,METABOLITE,versicolorin A,
M4-FUNG-0019:M003,METABOLITE,norsolorinic acid and other supplied aflatoxin precursors,
M4-FUNG-0020:M001,METABOLITE,orsellinic acid,
M4-FUNG-0020:M002,METABOLITE,F9775A,
M4-FUNG-0020:M003,METABOLITE,F9775B,
M4-FUNG-0020:M004,METABOLITE,lecanoric acid,
M4-FUNG-0020:M005,METABOLITE,gerfelin,
M4-FUNG-0020:M006,METABOLITE,C10-deoxygerfelin,
M4-FUNG-0020:M007,METABOLITE,diorcinol,
M4-FUNG-0021:M001,METABOLITE,fumonisin B1,
M4-FUNG-0021:M002,METABOLITE,fumonisin B2,
M4-FUNG-0021:M003,METABOLITE,fumonisin B3,
M4-FUNG-0021:M004,METABOLITE,fumonisin B4,
M4-FUNG-0021:M005,METABOLITE,hydrolyzed fumonisins HFB3/HFB4,
M4-FUNG-0021:M006,METABOLITE,C3-keto FB3/FB4-like analogues,
M4-FUNG-0021:M007,METABOLITE,early hydroxylated aminopolyol intermediates,
M4-FUNG-0022:M001,METABOLITE,fumonisin C1,
M4-FUNG-0022:M002,METABOLITE,fumonisin C2,
M4-FUNG-0022:M003,METABOLITE,fumonisin C3,
M4-FUNG-0022:M004,METABOLITE,hydroxy-fumonisin C1,
M4-FUNG-0022:M005,METABOLITE,fumonisin B1,
M4-FUNG-0023:M001,METABOLITE,fusarin C,
M4-FUNG-0023:M002,METABOLITE,dihydrofusarin C,
M4-FUNG-0023:M003,METABOLITE,fusarin D,
M4-FUNG-0023:M004,METABOLITE,epi-fusarin C,
M4-FUNG-0023:M005,METABOLITE,prefusarin,
M4-FUNG-0023:M006,METABOLITE,20-hydroxy-prefusarin,
M4-FUNG-0023:M007,METABOLITE,decarboxy-fusarin C,
M4-FUNG-0023:M008,METABOLITE,carboxy-fusarin C,
M4-FUNG-0024:M001,METABOLITE,griseofulvin,
M4-FUNG-0024:M002,METABOLITE,dechlorogriseofulvin / epidechlorogriseofulvin,
M4-FUNG-0024:M003,METABOLITE,griseophenone C,
M4-FUNG-0024:M004,METABOLITE,griseophenone B,
M4-FUNG-0024:M005,METABOLITE,griseoxanthone C,
M4-FUNG-0024:M006,METABOLITE,desmethyl-dehydrogriseofulvin A,
M4-FUNG-0024:M007,METABOLITE,dehydrogriseofulvin / dechloro-dehydrogriseofulvin,
M4-FUNG-0025:M001,METABOLITE,hypothemycin,
M4-FUNG-0025:M002,METABOLITE,4-O-desmethylhypothemycin,
M4-FUNG-0025:M003,METABOLITE,"7′,8′-dihydrohypothemycin",
M4-FUNG-0025:M004,METABOLITE,"trans-7′,8′-dehydrozearalenol",
M4-FUNG-0025:M005,METABOLITE,aigialomycin C,
M4-FUNG-0025:M006,METABOLITE,aigialomycin A,
M4-FUNG-0026:M001,METABOLITE,hypothemycin,
M4-FUNG-0026:M002,METABOLITE,4-O-desmethylhypothemycin,
M4-FUNG-0026:M003,METABOLITE,"7′,8′-dihydrohypothemycin",
M4-FUNG-0026:M004,METABOLITE,"trans-7′,8′-dehydrozearalenol",
M4-FUNG-0026:M005,METABOLITE,aigialomycin C,
M4-FUNG-0026:M006,METABOLITE,aigialomycin A,
M4-FUNG-0027:M001,METABOLITE,lovastatin,
M4-FUNG-0027:M002,METABOLITE,lovastatin hydroxy-acid,
M4-FUNG-0027:M003,METABOLITE,dihydromonacolin L,
M4-FUNG-0027:M004,METABOLITE,monacolin L,
M4-FUNG-0027:M005,METABOLITE,monacolin J,
M4-FUNG-0027:M006,METABOLITE,2-methylbutyryl-LovF ACP thioester,
M4-FUNG-0027:M007,METABOLITE,LovB shunt pyrones,
M4-FUNG-0028:M001,METABOLITE,lovastatin,
M4-FUNG-0029:M001,METABOLITE,monacolin K,
M4-FUNG-0029:M002,METABOLITE,monacolin J,
M4-FUNG-0029:M003,METABOLITE,monacolin K hydroxy-acid,
M4-FUNG-0030:M001,METABOLITE,monascorubrin,
M4-FUNG-0030:M002,METABOLITE,rubropunctatin,
M4-FUNG-0030:M003,METABOLITE,ankaflavin,
M4-FUNG-0030:M004,METABOLITE,citrinin,
M4-FUNG-0030:M005,METABOLITE,compound 1,
M4-FUNG-0030:M006,METABOLITE,3-oxo-decanoic acid,
M4-FUNG-0030:M007,METABOLITE,monascorubrin amino-acid conjugates,
M4-FUNG-0030:M008,METABOLITE,rubropunctatin amino-acid conjugates,
M4-FUNG-0031:M001,METABOLITE,emodin,
M4-FUNG-0031:M002,METABOLITE,monodictyphenone,
M4-FUNG-0031:M003,METABOLITE,shamixanthone,
M4-FUNG-0031:M004,METABOLITE,epishamixanthone,
M4-FUNG-0031:M005,METABOLITE,emericellin,
M4-FUNG-0031:M006,METABOLITE,endocrocin,
M4-FUNG-0031:M007,METABOLITE,arugosin H/A/F and related benzophenones,
M4-FUNG-0031:M008,METABOLITE,variecoxanthone A,
M4-FUNG-0032:M001,METABOLITE,mycophenolic acid,
M4-FUNG-0032:M002,METABOLITE,5-methylorsellinic acid,
M4-FUNG-0032:M003,METABOLITE,DHMB,
M4-FUNG-0032:M004,METABOLITE,DHMP,
M4-FUNG-0032:M005,METABOLITE,FDHMP,
M4-FUNG-0032:M006,METABOLITE,FDHMP-3C,
M4-FUNG-0032:M007,METABOLITE,demethylmycophenolic acid,
M4-FUNG-0032:M008,METABOLITE,MPA-CoA,
M4-FUNG-0032:M009,METABOLITE,MPA diol lactone / 4-O-mycophenolate / deacetylpebrolide,
M4-FUNG-0033:M001,METABOLITE,YWA1,
M4-FUNG-0033:M002,METABOLITE,YWA2,
M4-FUNG-0033:M003,METABOLITE,yellow yA-mutant pigment state,
M4-FUNG-0033:M004,METABOLITE,mature green conidial pigment,
M4-FUNG-0034:M001,METABOLITE,patulin,
M4-FUNG-0034:M002,METABOLITE,6-methylsalicylic acid,
M4-FUNG-0034:M003,METABOLITE,m-cresol,
M4-FUNG-0034:M004,METABOLITE,m-hydroxybenzyl alcohol,
M4-FUNG-0034:M005,METABOLITE,gentisyl alcohol,
M4-FUNG-0034:M006,METABOLITE,isoepoxydon,
M4-FUNG-0034:M007,METABOLITE,phyllostine,
M4-FUNG-0034:M008,METABOLITE,neopatulin,
M4-FUNG-0034:M009,METABOLITE,E-ascladiol,
M4-FUNG-0034:M010,METABOLITE,Z-ascladiol,
M4-FUNG-0035:M001,METABOLITE,pestheic acid,
M4-FUNG-0035:M002,METABOLITE,RES-1214-1,
M4-FUNG-0035:M003,METABOLITE,isosulochrin,
M4-FUNG-0035:M004,METABOLITE,chloroisosulochrin,
M4-FUNG-0035:M005,METABOLITE,physcion-like methylated anthraquinone state,
M4-FUNG-0035:M006,METABOLITE,emodin-family anthraquinone intermediates,
M4-FUNG-0035:M007,METABOLITE,chloropupukeananin precursor relationship,
M4-FUNG-0036:M001,METABOLITE,pyripyropene A,
M4-FUNG-0036:M002,METABOLITE,HPPO,
M4-FUNG-0036:M003,METABOLITE,deacetyl-pyripyropene E,
M4-FUNG-0036:M004,METABOLITE,pyripyropene E,
M4-FUNG-0036:M005,METABOLITE,pyripyropene O / deacetyl-pyripyropene A,
M4-FUNG-0037:M001,METABOLITE,radicicol,
M4-FUNG-0037:M002,METABOLITE,(R)-monocillin II,
M4-FUNG-0037:M003,METABOLITE,pochonin D,
M4-FUNG-0037:M004,METABOLITE,monocillins III–V,
M4-FUNG-0037:M005,METABOLITE,"6-chloro-7',8'-dehydrozearalenol",
M4-FUNG-0038:M001,METABOLITE,solanapyrone D,
M4-FUNG-0038:M002,METABOLITE,solanapyrone A,
M4-FUNG-0038:M003,METABOLITE,solanapyrone B,
M4-FUNG-0038:M004,METABOLITE,solanapyrone E,
M4-FUNG-0038:M005,METABOLITE,solanapyrone C,
M4-FUNG-0038:M006,METABOLITE,desmethylprosolanapyrone I,
M4-FUNG-0038:M007,METABOLITE,prosolanapyrone I,
M4-FUNG-0038:M008,METABOLITE,prosolanapyrone II,
M4-FUNG-0038:M009,METABOLITE,prosolanapyrone III,
M4-FUNG-0038:M010,METABOLITE,prosolanapyrone II-diol,
M4-FUNG-0039:M001,METABOLITE,sterigmatocystin,
M4-FUNG-0039:M002,METABOLITE,norsolorinic acid,
M4-FUNG-0039:M003,METABOLITE,averantin,
M4-FUNG-0039:M004,METABOLITE,averufin,
M4-FUNG-0039:M005,METABOLITE,versicolorin A,
M4-FUNG-0039:M006,METABOLITE,demethylsterigmatocystin,
M4-FUNG-0040:M001,METABOLITE,stipitatic acid,
M4-FUNG-0040:M002,METABOLITE,3-methylorcinaldehyde,
M4-FUNG-0040:M003,METABOLITE,"3,5-dimethyl pyrone",
M4-FUNG-0040:M004,METABOLITE,5-hydroxy-3-methylorcinaldehyde,
M4-FUNG-0040:M005,METABOLITE,TropB dearomatized dienone,
M4-FUNG-0040:M006,METABOLITE,stipitaldehyde,
M4-FUNG-0040:M007,METABOLITE,TropC-knockout dione / talaroenamine,
M4-FUNG-0040:M008,METABOLITE,stipitacetal,
M4-FUNG-0040:M009,METABOLITE,stipitafuran,
M4-FUNG-0040:M010,METABOLITE,stipitalide,
M4-FUNG-0040:M011,METABOLITE,stipitatonic acid,
M4-FUNG-0040:M012,METABOLITE,"late 1,2-dicarboxylate",
M4-FUNG-0041:M001,METABOLITE,T-toxin family,
M4-FUNG-0041:M002,METABOLITE,C41 T-toxin,
M4-FUNG-0042:M001,METABOLITE,TAN-1612,
M4-FUNG-0042:M002,METABOLITE,desmethyl TAN-1612,
M4-FUNG-0042:M003,METABOLITE,"1-(2,3,5,10-tetrahydroxy-7-methoxy-4-oxo-1,2,3,4-tetrahydroanthracen-2-yl)pentane-2,4-dione",
M4-FUNG-0042:M004,METABOLITE,BMS-192548,
M4-FUNG-0042:M005,METABOLITE,unhydroxylated tricyclic decaketide product ('compound 10'),
M4-FUNG-0043:M001,METABOLITE,terreic acid,
M4-FUNG-0043:M002,METABOLITE,6-methylsalicylic acid,
M4-FUNG-0043:M003,METABOLITE,3-methylcatechol,
M4-FUNG-0043:M004,METABOLITE,"3-methyl-1,2,4-benzenetriol",
M4-FUNG-0043:M005,METABOLITE,terremutin,
M4-FUNG-0043:M006,METABOLITE,ring-opened dicarboxylic-acid shunt,
M4-FUNG-0044:M001,METABOLITE,terrein,
M4-FUNG-0044:M002,METABOLITE,isoterrein,
M4-FUNG-0044:M003,METABOLITE,4-hydroxy-6-methylpyrone,
M4-FUNG-0044:M004,METABOLITE,orsellinic acid,
M4-FUNG-0044:M005,METABOLITE,"2,3-dehydro-6-hydroxymellein",
M4-FUNG-0044:M006,METABOLITE,6-hydroxymellein,
M4-FUNG-0044:M007,METABOLITE,TerC oxidative-decarboxylation product,
M4-FUNG-0044:M008,METABOLITE,2-((E)-prop-1-en-1-yl)maleic acid,
M4-FUNG-0045:M001,METABOLITE,viridicatumtoxin,
M4-FUNG-0045:M002,METABOLITE,previridicatumtoxin,
M4-FUNG-0045:M003,METABOLITE,geranylated naphthacenedione,
M4-FUNG-0046:M001,METABOLITE,yanuthone D,
M4-FUNG-0046:M002,METABOLITE,6-methylsalicylic acid,
M4-FUNG-0046:M003,METABOLITE,m-cresol,
M4-FUNG-0046:M004,METABOLITE,yanuthone E,
M4-FUNG-0046:M005,METABOLITE,yanuthone X1,
M4-FUNG-0047:M001,METABOLITE,acetylaranotin,
M4-FUNG-0047:M002,METABOLITE,methylated acetylaranotin-related product,
M4-FUNG-0047:M003,METABOLITE,ETP sulfur intermediates,
M4-FUNG-0048:M001,METABOLITE,acetylaszonalenin,
M4-FUNG-0048:M002,METABOLITE,aszonalenin,
M4-FUNG-0048:M003,METABOLITE,(R)-benzodiazepinedione,
M4-FUNG-0049:M001,METABOLITE,apicidin,
M4-FUNG-0049:M002,METABOLITE,apicidin B,
M4-FUNG-0049:M003,METABOLITE,apicidin D2,
M4-FUNG-0049:M004,METABOLITE,apicidin E,
M4-FUNG-0050:M001,METABOLITE,aureobasidin A / AbT1,
M4-FUNG-0050:M002,METABOLITE,aureobasidin congeners A–R/S-series,
M4-FUNG-0051:M001,METABOLITE,bassianolide,
M4-FUNG-0052:M001,METABOLITE,beauvericin,
M4-FUNG-0052:M002,METABOLITE,D-2-hydroxyisovalerate,
M4-FUNG-0053:M001,METABOLITE,ACV,
M4-FUNG-0053:M002,METABOLITE,isopenicillin N,
M4-FUNG-0053:M003,METABOLITE,penicillin N,
M4-FUNG-0053:M004,METABOLITE,cephalosporin C,
M4-FUNG-0054:M001,METABOLITE,penicillin N,
M4-FUNG-0054:M002,METABOLITE,deacetoxycephalosporin C,
M4-FUNG-0054:M003,METABOLITE,deacetylcephalosporin C,
M4-FUNG-0054:M004,METABOLITE,cephalosporin C,
M4-FUNG-0055:M001,METABOLITE,chaetocin,
M4-FUNG-0056:M001,METABOLITE,cyclosporin A,
M4-FUNG-0056:M002,METABOLITE,cyclosporin B,
M4-FUNG-0056:M003,METABOLITE,cyclosporin C,
M4-FUNG-0057:M001,METABOLITE,destruxin A,
M4-FUNG-0057:M002,METABOLITE,destruxin B,
M4-FUNG-0057:M003,METABOLITE,destruxin B2,
M4-FUNG-0058:M001,METABOLITE,echinocandin B,
M4-FUNG-0058:M002,METABOLITE,L-homotyrosine,
M4-FUNG-0058:M003,METABOLITE,linoleate,
M4-FUNG-0059:M001,METABOLITE,enniatin,
M4-FUNG-0059:M002,METABOLITE,2R-hydroxyisovaleric acid,
M4-FUNG-0059:M003,METABOLITE,valine,
M4-FUNG-0060:M001,METABOLITE,ergovaline,
M4-FUNG-0060:M002,METABOLITE,ergovalinine,
M4-FUNG-0060:M003,METABOLITE,lysergic acid,
M4-FUNG-0060:M004,METABOLITE,lysergyl-alanine,
M4-FUNG-0061:M001,METABOLITE,fumiquinazoline F,
M4-FUNG-0061:M002,METABOLITE,fumiquinazoline A,
M4-FUNG-0061:M003,METABOLITE,fumiquinazoline C,
M4-FUNG-0061:M004,METABOLITE,fumiquinazoline D,
M4-FUNG-0062:M001,METABOLITE,cyclo-(D-Phe-L-Phe-D-Val-L-Val),
M4-FUNG-0062:M002,METABOLITE,cyclo-(D-Tyr-L-Phe-D-Val-L-Val),
M4-FUNG-0062:M003,METABOLITE,cyclo-(D-Tyr-L-Trp-D-Val-L-Val),
M4-FUNG-0062:M004,METABOLITE,cyclo-(D-Phe-L-Trp-D-Val-L-Val),
M4-FUNG-0062:M005,METABOLITE,cyclo-(D-Phe-L-Phe-D-Val-L-Ile),
M4-FUNG-0062:M006,METABOLITE,cyclo-(D-Phe-L-Phe-D-Ile-L-Val),
M4-FUNG-0062:M007,METABOLITE,cyclo-(D-Tyr-L-Trp-D-Val-L-Ile),
M4-FUNG-0062:M008,METABOLITE,cyclo-(D-Tyr-L-Trp-D-Ile-L-Val),
M4-FUNG-0062:M009,METABOLITE,cyclo-(D-Tyr-L-Phe-D-Val-L-Ile),
M4-FUNG-0062:M010,METABOLITE,cyclo-(D-Tyr-L-Phe-D-Ile-L-Val),
M4-FUNG-0063:M001,METABOLITE,gliotoxin,
M4-FUNG-0063:M002,METABOLITE,bisdethiobis(methylthio)gliotoxin,
M4-FUNG-0063:M003,METABOLITE,dithiol gliotoxin,
M4-FUNG-0064:M001,METABOLITE,HC-toxin,
M4-FUNG-0064:M002,METABOLITE,Aeo,
M4-FUNG-0065:M001,METABOLITE,hexadehydroastechrome,
M4-FUNG-0065:M002,METABOLITE,terezine-D,
M4-FUNG-0065:M003,METABOLITE,astechrome,
M4-FUNG-0066:M001,METABOLITE,penicillin,
M4-FUNG-0066:M002,METABOLITE,isopenicillin N,
M4-FUNG-0067:M001,METABOLITE,δ-(L-α-aminoadipyl)-L-cysteine-D-valine,
M4-FUNG-0067:M002,METABOLITE,isopenicillin N,
M4-FUNG-0067:M003,METABOLITE,benzylpenicillin,
M4-FUNG-0067:M004,METABOLITE,phenoxymethylpenicillin,
M4-FUNG-0068:M001,METABOLITE,histidyltryptophanyldiketopiperazine,
M4-FUNG-0068:M002,METABOLITE,dehydro-HTD,
M4-FUNG-0068:M003,METABOLITE,roquefortine D,
M4-FUNG-0068:M004,METABOLITE,roquefortine C,
M4-FUNG-0068:M005,METABOLITE,glandicoline A,
M4-FUNG-0068:M006,METABOLITE,glandicoline B,
M4-FUNG-0068:M007,METABOLITE,meleagrine,
M4-FUNG-0069:M001,METABOLITE,terrequinone A,
M4-FUNG-0069:M002,METABOLITE,indolepyruvate,
M4-FUNG-0069:M003,METABOLITE,didemethylasterriquinone D,
M4-FUNG-0069:M004,METABOLITE,off-pathway monoprenylated intermediate,
M4-FUNG-0070:M001,METABOLITE,verlamelin A,
M4-FUNG-0070:M002,METABOLITE,verlamelin B,
M4-FUNG-0070:M003,METABOLITE,5-hydroxytetradecanoic acid,
M4-FUNG-0071:M001,METABOLITE,ustiloxin B,
M4-FUNG-0071:M002,METABOLITE,UstA YAIG-repeat precursor,
M4-FUNG-0072:M001,METABOLITE,aflatrem,
M4-FUNG-0072:M002,METABOLITE,paspaline,
M4-FUNG-0072:M003,METABOLITE,13-desoxypaxilline,
M4-FUNG-0072:M004,METABOLITE,paspalicine/paspalinine,
M4-FUNG-0073:M001,METABOLITE,botrydial,
M4-FUNG-0073:M002,METABOLITE,presilphiperfolan-8β-ol,
M4-FUNG-0073:M003,METABOLITE,dihydrobotrydial,
M4-FUNG-0073:M004,METABOLITE,"8,9-epibotrydial",
M4-FUNG-0073:M005,METABOLITE,botryendial,
M4-FUNG-0074:M001,METABOLITE,PR-toxin,
M4-FUNG-0074:M002,METABOLITE,aristolochene,
M4-FUNG-0074:M003,METABOLITE,7-epineopetasone,
M4-FUNG-0074:M004,METABOLITE,eremofortin B,
M4-FUNG-0074:M005,METABOLITE,DAC-eremofortin A,
M4-FUNG-0074:M006,METABOLITE,eremofortin A,
M4-FUNG-0074:M007,METABOLITE,eremofortin C,
M4-FUNG-0075:M001,METABOLITE,"pimara-8(14),15-diene",
M4-FUNG-0075:M002,METABOLITE,dipleosmarane,
M4-FUNG-0075:M003,METABOLITE,six known isopimarane diterpenoids,
M4-FUNG-0076:M001,METABOLITE,aphidicolin,
M4-FUNG-0076:M002,METABOLITE,aphidicolan-16β-ol,
M4-FUNG-0076:M003,METABOLITE,3-deoxyaphidicolin,
M4-FUNG-0076:M004,METABOLITE,17-deoxyaphidicolin,
M4-FUNG-0077:M001,METABOLITE,austinol,
M4-FUNG-0077:M002,METABOLITE,dehydroaustinol,
M4-FUNG-0077:M003,METABOLITE,"3,5-dimethylorsellinic acid",
M4-FUNG-0323:M001,METABOLITE,sesterfisherol,
M4-FUNG-0323:M002,METABOLITE,sesterfisheric acid,
M4-FUNG-0323:M003,METABOLITE,compounds 5/6/7a/8,
M4-FUNG-0324:M001,METABOLITE,fusatin,
M4-FUNG-0324:M002,METABOLITE,fusatinic acid,
M4-FUNG-0324:M003,METABOLITE,8-oxo-fusatin; 8-oxo-isopentenyladenine,
M4-FUNG-0325:M001,METABOLITE,peramine,
M4-FUNG-0325:M002,METABOLITE,1-pyrroline-5-carboxylic acid + arginine,
M4-FUNG-0326:M001,METABOLITE,stemphyloxin II,
M4-FUNG-0326:M002,METABOLITE,probetaenone I / dehydroprobetaenone I / betaenone C,
M4-FUNG-0327:M001,METABOLITE,piperazine compounds 1/2,
M4-FUNG-0327:M002,METABOLITE,morpholine-containing hemiacetal / actinopolymorphol C / oxidized-sulfated congeners,
M4-FUNG-0328:M001,METABOLITE,decalin portion / decumbenone-like products,
M4-FUNG-0328:M002,METABOLITE,polyene dioic-acid portion,
M4-FUNG-0328:M003,METABOLITE,calbistrin A/C,
M4-FUNG-0329:M001,METABOLITE,acurin A,
M4-FUNG-0330:M001,METABOLITE,long-chain polyenoic β-ketolactone,
M4-FUNG-0330:M002,METABOLITE,shorter polyenoic β-ketolactone,
M4-FUNG-0330:M003,METABOLITE,asteltoxin,
M4-FUNG-0331:M001,METABOLITE,pyrophen,
M4-FUNG-0331:M002,METABOLITE,campyrone B,
M4-FUNG-0331:M003,METABOLITE,substituted pyrophen analogues,
M4-FUNG-0332:M001,METABOLITE,fusaoctaxin A,
M4-FUNG-0332:M002,METABOLITE,fusatrixin; fusapentaxin,
M4-FUNG-0333:M001,METABOLITE,fumihopaside A,
M4-FUNG-0333:M002,METABOLITE,"21-β-H-hopane-3beta,22-diol / compound 3",
M4-FUNG-0426:M001,METABOLITE,azasperpyranone A,
M4-FUNG-0426:M002,METABOLITE,azasperpyranone B,
M4-FUNG-0426:M003,METABOLITE,azasperpyranone C,
M4-FUNG-0426:M004,METABOLITE,azasperpyranones D-H,
M4-FUNG-0427:M001,METABOLITE,"CJ-16,173",
M4-FUNG-0427:M002,METABOLITE,"CJ-15,696",
M4-FUNG-0427:M003,METABOLITE,citridone B,
M4-FUNG-0427:M004,METABOLITE,citridone A,
M4-FUNG-0427:M005,METABOLITE,citridone B',
M4-FUNG-0427:M006,METABOLITE,citridone E,
M4-FUNG-0427:M007,METABOLITE,tersone D,
M4-FUNG-0427:M008,METABOLITE,ortho-quinone-methide intermediate,
M4-FUNG-0428:M001,METABOLITE,MCA17-1,
M4-FUNG-0429:M001,METABOLITE,pipecolic acid,
M4-FUNG-0429:M002,METABOLITE,hydroxylated/dihydroxylated indolizidines,
M4-FUNG-0429:M003,METABOLITE,swainsonine,
M4-FUNG-0430:M001,METABOLITE,asterriquinone CT5,
M4-FUNG-0431:M001,METABOLITE,asterrelenin,
M4-FUNG-0431:M002,METABOLITE,epi-aszonalenin A,
M4-FUNG-0432:M001,METABOLITE,butyrolactone III,
M4-FUNG-0432:M002,METABOLITE,butyrolactone I,
M4-FUNG-0433:M001,METABOLITE,aspulvinone H,
M4-FUNG-0433:M002,METABOLITE,aspulvinone B1,
M4-FUNG-0434:M001,METABOLITE,pyrophen,
M4-FUNG-0434:M002,METABOLITE,campyrone B,
M4-FUNG-0434:M003,METABOLITE,substituted pyrophen analogues,
M4-FUNG-0435:M001,METABOLITE,glycine betaine,
M4-FUNG-0435:M002,METABOLITE,glycine betaine aldehyde,
M4-FUNG-0435:M003,METABOLITE,choline,
M4-FUNG-0436:M001,METABOLITE,4-hydroxyphenylpyruvic acid,
M4-FUNG-0436:M002,METABOLITE,atromentin,
M4-FUNG-0437:M001,METABOLITE,brasiliamide I,
M4-FUNG-0437:M002,METABOLITE,brasiliamide A,
M4-FUNG-0437:M003,METABOLITE,brasiliamide B,
M4-FUNG-0437:M004,METABOLITE,"2,2-dibenzylpiperazine",
M4-FUNG-0437:M005,METABOLITE,brasiliamide D,
M4-FUNG-0438:M001,METABOLITE,δ-6 protoilludene,
M4-FUNG-0438:M002,METABOLITE,pentalenene,
M4-FUNG-0439:M001,METABOLITE,δ-6 protoilludene,
M4-FUNG-0439:M002,METABOLITE,pentalenene,
M4-FUNG-0440:M001,METABOLITE,compound 6,
M4-FUNG-0440:M002,METABOLITE,intermediate 13,
M4-FUNG-0440:M003,METABOLITE,N-demethylsambutoxin,
M4-FUNG-0440:M004,METABOLITE,(-)-sambutoxin,
M4-FUNG-0441:M001,METABOLITE,biscognienyne B,
M4-FUNG-0441:M002,METABOLITE,eutypinic acid,
M4-FUNG-0441:M003,METABOLITE,4-hydroxy-3-prenylbenzoic acid,
M4-FUNG-0441:M004,METABOLITE,prenylhydroquinone,
M4-FUNG-0441:M005,METABOLITE,other canonical bis products,
M4-FUNG-0442:M001,METABOLITE,γ-naphthopyrone monomer,
M4-FUNG-0442:M002,METABOLITE,(P)-ustilaginoidin A,
M4-FUNG-0443:M001,METABOLITE,varicidin A,
M4-FUNG-0443:M002,METABOLITE,varicidin B,
M4-FUNG-0443:M003,METABOLITE,compound 3,
M4-FUNG-0443:M004,METABOLITE,compounds 4 and 5,
M4-FUNG-0443:M005,METABOLITE,compounds 6 and 7,
M4-FUNG-0444:M001,METABOLITE,deoxyconidiogenol,
M4-FUNG-0444:M002,METABOLITE,(-)-conidiogenone,
M4-FUNG-0445:M001,METABOLITE,cyclodileucine,
M4-FUNG-0445:M002,METABOLITE,pulcherriminic acid,
M4-FUNG-0445:M003,METABOLITE,pulcherrimin,
M4-FUNG-0445:M004,METABOLITE,compound 3 / additional precursor-degradation products,
M4-FUNG-0446:M001,METABOLITE,4-hydroxyphenylpyruvic acid,
M4-FUNG-0446:M002,METABOLITE,aspulvinone E,
M4-FUNG-0446:M003,METABOLITE,Asp-melanin,
M4-FUNG-0447:M001,METABOLITE,21R-citrinadin A,
M4-FUNG-0447:M002,METABOLITE,intermediate 2,
M4-FUNG-0447:M003,METABOLITE,intermediate 3,
M4-FUNG-0447:M004,METABOLITE,products 4 and 5,
M4-FUNG-0448:M001,METABOLITE,cladosporiumin I,
M4-FUNG-0448:M002,METABOLITE,cladosporiumin J,
M4-FUNG-0448:M003,METABOLITE,cladosporicin A,
M4-FUNG-0449:M001,METABOLITE,subglutinol A,
M4-FUNG-0449:M002,METABOLITE,subglutinol B,
M4-FUNG-0449:M003,METABOLITE,common DDP intermediate 4,
M4-FUNG-0450:M001,METABOLITE,FDDP-D,
M4-FUNG-0450:M002,METABOLITE,FDDP-E,
M4-FUNG-0450:M003,METABOLITE,FDDP-B,
M4-FUNG-0450:M004,METABOLITE,higginsianin B,
M4-FUNG-0450:M005,METABOLITE,BR-051,
M4-FUNG-0451:M001,METABOLITE,higginsianin B,
M4-FUNG-0451:M002,METABOLITE,higginsianin A,
M4-FUNG-0451:M003,METABOLITE,higginsianin C / 13-epi-higginsianin C,
M4-FUNG-0451:M004,METABOLITE,higginsianin D,
M4-FUNG-0451:M005,METABOLITE,higginsianin E,
M4-FUNG-0452:M001,METABOLITE,sporidesmin A,
M4-FUNG-0452:M002,METABOLITE,sporidesmins B-H and J,
M4-FUNG-0453:M001,METABOLITE,6-protoilludene,
M4-FUNG-0453:M002,METABOLITE,8α-hydroxy-6-protoilludene,
M4-FUNG-0453:M003,METABOLITE,armillyl orsellinate,
M4-FUNG-0454:M001,METABOLITE,preterpestacin I,
M4-FUNG-0454:M002,METABOLITE,terpestacin,
M4-FUNG-0454:M003,METABOLITE,fusaproliferin,
M4-FUNG-0454:M004,METABOLITE,sestersorokinicin A,
M4-FUNG-0454:M005,METABOLITE,sestersorokiniside A,
M4-FUNG-0455:M001,METABOLITE,methylphloracetophenone,
M4-FUNG-0455:M002,METABOLITE,usnic acid,
M4-FUNG-0456:M001,METABOLITE,adametizine A,
M4-FUNG-0456:M002,METABOLITE,penigainamide A,
M4-FUNG-0456:M003,METABOLITE,penigainamide B,
M4-FUNG-0456:M004,METABOLITE,penigainamide C,
M4-FUNG-0456:M005,METABOLITE,FA2097 / outovirins / pretrichodermamide C,
M4-FUNG-0457:M001,METABOLITE,fumonisin B1,
M4-FUNG-0457:M002,METABOLITE,fumonisin B2,
M4-FUNG-0457:M003,METABOLITE,fumonisin B3,
M4-FUNG-0458:M001,METABOLITE,xenoacremone A,
M4-FUNG-0458:M002,METABOLITE,xenoacremone B,
M4-FUNG-0458:M003,METABOLITE,xenoacremone C,
M4-FUNG-0458:M005,METABOLITE,"compounds 4, 6-11",
M4-FUNG-0459:M001,METABOLITE,torachrysone / related naphthalene precursor,
M4-FUNG-0459:M002,METABOLITE,sporandol,
M4-FUNG-0460:M001,METABOLITE,biruloquinone,
M4-FUNG-0461:M001,METABOLITE,cristazarin,
M4-FUNG-0461:M002,METABOLITE,6-methylcristazarin,
M4-FUNG-0462:M001,METABOLITE,solanapyrone A,
M4-FUNG-0462:M002,METABOLITE,solanapyrone C,
M4-FUNG-0464:M001,METABOLITE,"19S,20-epoxy-18-oxotryprostatin A",
M4-FUNG-0464:M002,METABOLITE,20-hydroxy-18-oxotryprostatin A,
M4-FUNG-0472:M001,METABOLITE,emerimicin V,
M4-FUNG-0472:M002,METABOLITE,emerimicins VI-X,
M4-FUNG-0473:M001,METABOLITE,silphinene,
M4-FUNG-0473:M002,METABOLITE,penifulvin A,
M4-FUNG-0474:M001,METABOLITE,geodin,
M4-FUNG-0474:M002,METABOLITE,sulochrin,
M4-FUNG-0475:M001,METABOLITE,lecanoric acid,
M4-FUNG-0475:M002,METABOLITE,orsellinic acid,
M4-FUNG-0476:M001,METABOLITE,orsellinic acid,
M4-FUNG-0476:M002,METABOLITE,orcinol,
M4-FUNG-0477:M001,METABOLITE,orsellinic acid,
M4-FUNG-0477:M002,METABOLITE,antroquinonols/pigment products,
M4-FUNG-0478:M001,METABOLITE,lecanoric acid,
M4-FUNG-0478:M002,METABOLITE,ethyl lecanorate,
M4-FUNG-0478:M003,METABOLITE,gerfelin / C10-deoxygerfelin,
M4-FUNG-0479:M001,METABOLITE,ochratoxin A,
M4-FUNG-0479:M002,METABOLITE,ochratoxin B / OTβ / 7-methylmellein,
M4-FUNG-0481:M001,METABOLITE,helvolic acid,
M4-FUNG-0482:M001,METABOLITE,fumagillin,
M4-FUNG-0483:M001,METABOLITE,aspergillic acid,
M4-FUNG-0483:M002,METABOLITE,deoxyaspergillic acid,
M4-FUNG-0483:M003,METABOLITE,hydroxyaspergillic acid,
M4-FUNG-0484:M001,METABOLITE,chevalone E,
M4-FUNG-0484:M002,METABOLITE,sartorypyrone D,
M4-FUNG-0485:M001,METABOLITE,sartorypyrone A,
M4-FUNG-0485:M002,METABOLITE,sartorypyrone D,
M4-FUNG-0486:M001,METABOLITE,ochratoxin A,
M4-FUNG-0487:M001,METABOLITE,ochratoxin A,
M4-FUNG-0488:M001,METABOLITE,ochratoxin A,
M4-FUNG-0489:M001,METABOLITE,ochratoxin A,
M4-FUNG-0490:M001,METABOLITE,ochratoxin A,
M4-FUNG-0491:M001,METABOLITE,"stellata-2,6,19-triene",
M4-FUNG-0491:M002,METABOLITE,stellatic acid,
M4-FUNG-0492:M001,METABOLITE,mulundocandin,
M4-FUNG-0493:M001,METABOLITE,"3,5-dimethylorsellinic acid",
M4-FUNG-0493:M002,METABOLITE,preandiloid A,
M4-FUNG-0493:M003,METABOLITE,andiconin,
M4-FUNG-0493:M004,METABOLITE,anditomin,
M4-FUNG-0494:M001,METABOLITE,subglutinol A,
M4-FUNG-0494:M002,METABOLITE,sesquicillin A,
M4-FUNG-0494:M003,METABOLITE,colletotrichin,
M4-FUNG-0494:M004,METABOLITE,metarhizin A,
M4-FUNG-0494:M005,METABOLITE,shearones A-I,
M4-FUNG-0494:M006,METABOLITE,common DDP scaffold intermediate,
M4-FUNG-0499:M001,METABOLITE,demethylmycophenolic acid,
M4-FUNG-0499:M002,METABOLITE,mycophenolic acid,
M4-FUNG-0500:M001,METABOLITE,hancockinone A,
M4-FUNG-0500:M002,METABOLITE,neosartoricin B,
M4-FUNG-0501:M001,METABOLITE,sordaricin,
M4-FUNG-0501:M002,METABOLITE,sordaricin B,
M4-FUNG-0502:M001,METABOLITE,halovir I,
M4-FUNG-0502:M002,METABOLITE,halovir J,
M4-FUNG-0502:M003,METABOLITE,halovir K,
M4-FUNG-0503:M001,METABOLITE,ketone 12,
M4-FUNG-0503:M002,METABOLITE,alcohol 13,
M4-FUNG-0503:M003,METABOLITE,M-deoxyakanthomycin,
M4-FUNG-0503:M004,METABOLITE,P-deoxyakanthomycin,
M4-FUNG-0504:M001,METABOLITE,xylaroamide A,
M4-FUNG-0505:M001,METABOLITE,fosfonochlorin,
M4-FUNG-0505:M002,METABOLITE,2-hydroxyethylphosphonic acid,
M4-FUNG-0505:M003,METABOLITE,(S)-epoxyethylphosphonic acid,
M4-FUNG-0505:M004,METABOLITE,(S)-1-hydroxyethylphosphonic acid,
M4-FUNG-0506:M001,METABOLITE,(+)-δ-cadinol,
M4-FUNG-0506:M002,METABOLITE,minor Copu5 sesquiterpene coproducts,
M4-FUNG-0507:M001,METABOLITE,(+)-δ-cadinol,
M4-FUNG-0507:M002,METABOLITE,minor Copu9 sesquiterpene coproducts,
M4-FUNG-0508:M001,METABOLITE,aurofusarin,
M4-FUNG-0508:M002,METABOLITE,YWA1,
M4-FUNG-0508:M003,METABOLITE,rubrofusarin,
M4-FUNG-0509:M001,METABOLITE,metachelin C,
M4-FUNG-0509:M002,METABOLITE,metachelin A / A-CE / B,
M4-FUNG-0509:M003,METABOLITE,dimerumic acid; dimerumic acid 11-mannoside,
M4-FUNG-0510:M001,METABOLITE,4-chloropinselin; pinselin,
M4-FUNG-0510:M002,METABOLITE,chloromonilinic acid B; chloromonilinic acid D; 4-hydroxyvertixanthone,
M4-FUNG-0511:M001,METABOLITE,ilicicolin H,
M4-FUNG-0511:M002,METABOLITE,ilicicolin J,
M4-FUNG-0512:M001,METABOLITE,aculene A,
M4-FUNG-0512:M002,METABOLITE,aculene B,
M4-FUNG-0512:M003,METABOLITE,aculene C,
M4-FUNG-0512:M004,METABOLITE,aculene D,
M4-FUNG-0513:M001,METABOLITE,sordarial,
M4-FUNG-0513:M002,METABOLITE,salicylic alcohol intermediate 2,
M4-FUNG-0513:M003,METABOLITE,salicylic aldehyde intermediate 3,
M4-FUNG-0514:M001,METABOLITE,spirotryprostatin G,
M4-FUNG-0514:M002,METABOLITE,cyclotryprostatin F,
M4-FUNG-0514:M003,METABOLITE,cyclotryprostatin G,
M4-FUNG-0514:M004,METABOLITE,cyclotryprostatin B,
M4-FUNG-0515:M001,METABOLITE,nanangenine A,
M4-FUNG-0515:M002,METABOLITE,nanangenine B,
M4-FUNG-0515:M003,METABOLITE,nanangenine C,
M4-FUNG-0516:M001,METABOLITE,"2,4-dihydroxy-5,6-dimethylbenzaldehyde",
M4-FUNG-0516:M002,METABOLITE,5-methylorsellinic acid,
M4-FUNG-0517:M001,METABOLITE,preaspterpenacid I,
M4-FUNG-0517:M002,METABOLITE,C22-oxidized preaspterpenacid product,
M4-FUNG-0518:M001,METABOLITE,verrucosidin,
M4-FUNG-0518:M002,METABOLITE,deoxyverrucosidin,
M4-FUNG-0519:M001,METABOLITE,dendrothelin A,
M4-FUNG-0519:M002,METABOLITE,oxidized dendrothelin species,
M4-FUNG-0520:M001,METABOLITE,lentinulin A,
M4-FUNG-0520:M002,METABOLITE,oxidized lentinulin-related species,
M4-FUNG-0521:M001,METABOLITE,aspcandine,
M4-FUNG-0521:M002,METABOLITE,3-hydroxy-L-kynurenine,
M4-FUNG-0522:M001,METABOLITE,DHMBA,
M4-FUNG-0522:M002,METABOLITE,azanidulone,
M4-FUNG-0522:M003,METABOLITE,anhydrosepedonin,
M4-FUNG-0522:M004,METABOLITE,antibiotic C,
M4-FUNG-0522:M005,METABOLITE,tripyrnidone,
M4-FUNG-0522:M006,METABOLITE,sepedonin,
M4-FUNG-0523:M001,METABOLITE,brevione E,
M4-FUNG-0523:M002,METABOLITE,isobrevione E,
M4-FUNG-0523:M003,METABOLITE,brevione B,
M4-FUNG-0523:M004,METABOLITE,brevione A / brevione C,
M4-FUNG-0524:M001,METABOLITE,colletochlorin A,
M4-FUNG-0524:M002,METABOLITE,colletorin A,
M4-FUNG-0524:M003,METABOLITE,colletochlorin B,
M4-FUNG-0524:M004,METABOLITE,colletochlorin D,
M4-FUNG-0524:M005,METABOLITE,colletorin D,
M4-FUNG-0524:M006,METABOLITE,colletorin D acid,
M4-FUNG-0524:M007,METABOLITE,orsellinic acid,
M4-FUNG-0524:M008,METABOLITE,colletorin B,
M4-FUNG-0525:M001,METABOLITE,sartorypyrone F,
M4-FUNG-0525:M002,METABOLITE,sartorypyrone D,
M4-FUNG-0525:M003,METABOLITE,sartorypyrone A,
M4-FUNG-0525:M004,METABOLITE,sartorypyrone G,
M4-FUNG-0525:M005,METABOLITE,triacetic acid lactone (TAL),
M4-FUNG-0525:M006,METABOLITE,geranylgeranyl-triacetate lactone,
M4-FUNG-0525:M007,METABOLITE,epoxygeranylgeranyl-triacetate lactone,
M4-FUNG-0525:M008,METABOLITE,sartorypyrone E,
M4-FUNG-0526:M001,METABOLITE,olivetolic acid,
M4-FUNG-0526:M002,METABOLITE,sphaerophorolcarboxylic acid,
M4-FUNG-0526:M003,METABOLITE,"2,4-dihydroxy-6-(1E)-1-penten-1-ylbenzoic acid",
M4-FUNG-0526:M004,METABOLITE,"2-(1E)-1-hepten-1-yl-4,6-dihydroxybenzoic acid",
M4-FUNG-0527:M001,METABOLITE,"CJ-20,557",
M4-FUNG-0527:M002,METABOLITE,duricamidepside,
M4-FUNG-0528:M001,METABOLITE,luteodienoside A,
M4-FUNG-0528:M002,METABOLITE,luteodiene A,
M4-FUNG-0528:M003,METABOLITE,luteodienoside B,
M4-FUNG-0529:M001,METABOLITE,"3,6-dialkyl-α-pyrone",
M4-FUNG-0529:M002,METABOLITE,4-hydroxy-6-(1E)-1-propen-1-yl-2H-pyran-2-one,
M4-FUNG-0530:M001,METABOLITE,emindole SA,
M4-FUNG-0531:M001,METABOLITE,mollicellin Z,
M4-FUNG-0531:M002,METABOLITE,mollicellin Z1,
M4-FUNG-0532:M001,METABOLITE,sclerotiorin,
M4-FUNG-0532:M002,METABOLITE,geumsanol B,
M4-FUNG-0532:M003,METABOLITE,chlorogeumsanol B,
M4-FUNG-0532:M004,METABOLITE,7-deacetylisochromophilone VI,
M4-FUNG-0532:M005,METABOLITE,isochromophilone VI,
M4-FUNG-0532:M006,METABOLITE,ochrephilone,
M4-FUNG-0532:M007,METABOLITE,isorotiorin,
M4-FUNG-0533:M001,METABOLITE,zaragozic acid A,
M4-FUNG-0533:M002,METABOLITE,L-731.120,
M4-FUNG-0534:M001,METABOLITE,cristazarin,
M4-FUNG-0535:M001,METABOLITE,emindole DA,
M4-FUNG-0535:M002,METABOLITE,emindole DB,
M4-FUNG-0536:M001,METABOLITE,cordypyrone A,
M4-FUNG-0536:M002,METABOLITE,cordypyrone B,
M4-FUNG-0537:M001,METABOLITE,biruloquinone,
M4-FUNG-0538:M001,METABOLITE,ferricrocin,
M4-FUNG-0538:M002,METABOLITE,ferrichrome,
M4-FUNG-0539:M001,METABOLITE,radicicol,
M4-FUNG-0539:M002,METABOLITE,monocillin I,
M4-FUNG-0539:M003,METABOLITE,monocillin II,
M4-FUNG-0539:M004,METABOLITE,monocillin III,
M4-FUNG-0540:M001,METABOLITE,arthripenoid C,
M4-FUNG-0540:M002,METABOLITE,arthripenoid B,
M4-FUNG-0540:M003,METABOLITE,arthripenoids A/D/E/F,
M4-FUNG-0541:M001,METABOLITE,fumonisin B2,
M4-FUNG-0541:M002,METABOLITE,fumonisin B4,
M4-FUNG-0542:M001,METABOLITE,(-)-antrocin,
M4-FUNG-0542:M002,METABOLITE,(+)-isoantrocin,
M4-FUNG-0542:M003,METABOLITE,(R)-trans-gamma-monocyclofarnesol,
M4-FUNG-0542:M004,METABOLITE,(+)-albicanol,
M4-FUNG-0543:M001,METABOLITE,naringenin,
M4-FUNG-0543:M002,METABOLITE,naringenin chalcone,
M4-FUNG-0544:M001,METABOLITE,6'-O-demethyl-dihydroaustalide K,
M4-FUNG-0544:M002,METABOLITE,austalide V,
M4-FUNG-0544:M003,METABOLITE,austalide K,
M4-FUNG-0544:M004,METABOLITE,13-deacetoxyaustalide I,
M4-FUNG-0544:M005,METABOLITE,13-O-deacetylaustalide I,
M4-FUNG-0544:M006,METABOLITE,austalide U (paper austalide T nomenclature context),
M4-FUNG-0544:M007,METABOLITE,austalide B,
M4-FUNG-0544:M008,METABOLITE,austalide F,
M4-FUNG-0545:M001,METABOLITE,prelecanindole,
M4-FUNG-0545:M002,METABOLITE,lecanindole B,
M4-FUNG-0545:M003,METABOLITE,sespendole,
M4-FUNG-0545:M004,METABOLITE,trans-cyclosespendole,
M4-FUNG-0545:M005,METABOLITE,16-prenyllecanindole B,
M4-FUNG-0545:M006,METABOLITE,"16,17-diprenyllecanindole B",
M4-FUNG-0546:M001,METABOLITE,gyrophoric acid,
M4-FUNG-0546:M002,METABOLITE,umbilicaric acid,
M4-FUNG-0546:M003,METABOLITE,hiascic acid,
M4-FUNG-0546:M004,METABOLITE,lecanoric compounds,
M4-FUNG-0557:M001,METABOLITE,Oxopyrrolidine A,
M4-FUNG-0557:M002,METABOLITE,Oxopyrrolidine B,
M4-FUNG-0558:M001,METABOLITE,cycloaspeptide A,
M4-FUNG-0558:M002,METABOLITE,cycloaspeptide E,
M4-FUNG-0559:M001,METABOLITE,cyclopenol,
M4-FUNG-0559:M002,METABOLITE,viridicatol,
M4-FUNG-0559:M003,METABOLITE,viridicatin,
M4-FUNG-0560:M001,METABOLITE,ilicicolinal,
M4-FUNG-0560:M002,METABOLITE,ilicicolinic acid A,
M4-FUNG-0561:M001,METABOLITE,"(2S,9S)-annullatin D",
M4-FUNG-0562:M001,METABOLITE,Rasfonin,
M4-FUNG-0563:M001,METABOLITE,Eupenifeldin,
M4-FUNG-0563:M002,METABOLITE,Noreupenifeldin B,
M4-FUNG-0564:M001,METABOLITE,unguidepside A,
M4-FUNG-0564:M002,METABOLITE,nornidulin,
M4-FUNG-0565:M001,METABOLITE,Macrollin A,
M4-FUNG-0565:M002,METABOLITE,Macrollins B-D,
M4-FUNG-0566:M001,METABOLITE,sclerotiorin,
M4-FUNG-0566:M002,METABOLITE,isochromophilone I,
M4-FUNG-0567:M001,METABOLITE,fumicicolin A,
M4-FUNG-0567:M002,METABOLITE,fumicicolin B,
M4-FUNG-0567:M003,METABOLITE,(S)-2-isocyanoisovaleric acid,
M4-FUNG-0567:M004,METABOLITE,N-formylvaline,
M4-FUNG-0568:M001,METABOLITE,terrestric acid,
M4-FUNG-0568:M002,METABOLITE,crustosic acid,
M4-FUNG-0568:M003,METABOLITE,carboxylcrustic acid,
M4-FUNG-0568:M004,METABOLITE,viridicatic acid,
M4-FUNG-0569:M001,METABOLITE,soppiline A,
M4-FUNG-0569:M002,METABOLITE,soppiline B,
M4-FUNG-0569:M003,METABOLITE,soppiline C,
M4-FUNG-0570:M001,METABOLITE,germacradienol,
M4-FUNG-0570:M002,METABOLITE,geosmin,
M4-FUNG-0571:M001,METABOLITE,prehelminthosporol,
M4-FUNG-0571:M002,METABOLITE,sativene,
M4-FUNG-0571:M003,METABOLITE,seco-sativene intermediates,
M4-FUNG-0572:M001,METABOLITE,beauvericin,
M4-FUNG-0573:M001,METABOLITE,malpibaldin A,
M4-FUNG-0573:M002,METABOLITE,malpibaldin B,
M4-FUNG-0573:M003,METABOLITE,malpibaldin C,
M4-FUNG-0574:M001,METABOLITE,talaronoid C,
M4-FUNG-0574:M002,METABOLITE,talarodiene,
M4-FUNG-0575:M001,METABOLITE,malpicyclin A,
M4-FUNG-0575:M002,METABOLITE,malpicyclin B,
M4-FUNG-0575:M003,METABOLITE,malpicyclin C,
M4-FUNG-0575:M004,METABOLITE,malpicyclin D,
M4-FUNG-0575:M005,METABOLITE,malpicyclin E,
M4-FUNG-0575:M006,METABOLITE,malpicyclin F,
M4-FUNG-0576:M001,METABOLITE,fusahexin,
M4-FUNG-0577:M001,METABOLITE,echinulin,
M4-FUNG-0577:M002,METABOLITE,preechinulin,
M4-FUNG-0577:M003,METABOLITE,neoechinulin A,
M4-FUNG-0577:M004,METABOLITE,neoechinulin B,
M4-FUNG-0578:M001,METABOLITE,uscandidusin A,
M4-FUNG-0578:M002,METABOLITE,uscandidusin B,
M4-FUNG-0578:M003,METABOLITE,usterphenyllin A,
M4-FUNG-0578:M004,METABOLITE,usterphenyllin B,
M4-FUNG-0578:M005,METABOLITE,atromentin,
M4-FUNG-0578:M006,METABOLITE,dihydroxyterphenyllin,
M4-FUNG-0579:M001,METABOLITE,(-)-protubonine B,
M4-FUNG-0579:M002,METABOLITE,protubonine C,
M4-FUNG-0579:M003,METABOLITE,protubonine D,
M4-FUNG-0580:M001,METABOLITE,penindolene A,
M4-FUNG-0580:M002,METABOLITE,penindolene B,
M4-FUNG-0580:M003,METABOLITE,penindolene C,
M4-FUNG-0580:M004,METABOLITE,penindolene D,
M4-FUNG-0581:M001,METABOLITE,phomoxanthone A,
M4-FUNG-0581:M002,METABOLITE,chrysophanol,
M4-FUNG-0581:M003,METABOLITE,penexanthone B,
M4-FUNG-0582:M001,METABOLITE,roseopurpurin C,
M4-FUNG-0582:M002,METABOLITE,roseopurpurin D,
M4-FUNG-0582:M003,METABOLITE,roseopurpurin G,
M4-FUNG-0583:M001,METABOLITE,"7-But-15-enyl-6,8-dihydroxy-3(R)-pent-11-enylisochroman-1-one",
M4-FUNG-0583:M002,METABOLITE,"7-Butyl-6,8-dihydroxy-3(R)-pent-11-enylisochroman-1-one",
M4-FUNG-0583:M003,METABOLITE,"7-Butyl-6,8-dihydroxy-3(R)-pentylisochroman-1-one",
M4-FUNG-0583:M004,METABOLITE,"7-Butyl-6,8-dihydroxy-3(R)-pent-9,11-dienylisochroman-1-one",
M4-FUNG-0584:M001,METABOLITE,pycnidione,
M4-FUNG-0584:M002,METABOLITE,synthetic pycnidione/xenovulene-pathway analogues,
M4-FUNG-0585:M001,METABOLITE,stachysalicyloid C,
M4-FUNG-0586:M001,METABOLITE,multiformin A,
M4-FUNG-0586:M002,METABOLITE,multiformins B-J,
M4-FUNG-0587:M001,METABOLITE,3-orsellinoxypropanoic acid,
M4-FUNG-0587:M002,METABOLITE,orsellinic acid,
M4-FUNG-0588:M001,METABOLITE,multiforisin H,
M4-FUNG-0589:M001,METABOLITE,variecolin,
M4-FUNG-0589:M002,METABOLITE,variecoladiene,
M4-FUNG-0589:M003,METABOLITE,variecolactone,
M4-FUNG-0590:M001,METABOLITE,minutellin A,
M4-FUNG-0590:M002,METABOLITE,minutellins B-D,
M4-FUNG-0590:M003,METABOLITE,hinnulin A,
M4-FUNG-0591:M001,METABOLITE,kotanin,
M4-FUNG-0591:M002,METABOLITE,7-demethylsiderin-derived coumarin,
M4-FUNG-0592:M001,METABOLITE,desferriferrichrome,
M4-FUNG-0593:M001,METABOLITE,(+)-aristolochene,
M4-FUNG-0594:M001,METABOLITE,FDDP-D,
M4-FUNG-0594:M002,METABOLITE,FDDP-E,
M4-FUNG-0594:M003,METABOLITE,additional FDDP-like isomers/intermediates,
M4-FUNG-0595:M001,METABOLITE,physodic acid,
M4-FUNG-0595:M002,METABOLITE,olivetoric acid,
M4-FUNG-0595:M003,METABOLITE,related lichen depside/depsidone products,
M4-FUNG-0596:M001,METABOLITE,macrophasetin A,
M4-FUNG-0596:M002,METABOLITE,macrophasetin B,
M4-FUNG-0596:M003,METABOLITE,macrophasetin C,
M4-FUNG-0597:M001,METABOLITE,Taslactam C,
M4-FUNG-0597:M002,METABOLITE,Taslactams A/B/D,
M4-FUNG-0598:M001,METABOLITE,Malformin C,
M4-FUNG-0598:M002,METABOLITE,Malformin A2,
M4-FUNG-0599:M001,METABOLITE,Taslactam D,
M4-FUNG-0599:M002,METABOLITE,Taslactams A-C,
M4-FUNG-0600:M001,METABOLITE,Ascochitine,
M4-FUNG-0600:M002,METABOLITE,Ascochital,
M4-FUNG-0601:M001,METABOLITE,Annullatin D,
M4-FUNG-0601:M002,METABOLITE,Annullatin E/J/F,
M4-FUNG-0602:M001,METABOLITE,Fusaproliferin,
M4-FUNG-0602:M002,METABOLITE,Terpestacin,
M4-FUNG-0602:M003,METABOLITE,preterpestacin-derived intermediates,
M4-FUNG-0603:M001,METABOLITE,α-cyclopiazonic acid,
M4-FUNG-0603:M002,METABOLITE,β-cyclopiazonic acid,
M4-FUNG-0603:M003,METABOLITE,cAATrp,
M4-FUNG-0604:M001,METABOLITE,Talaropentaene,
M4-FUNG-0604:M002,METABOLITE,HexPP,
M4-FUNG-0605:M001,METABOLITE,Macrophomene,
M4-FUNG-0605:M002,METABOLITE,HexPP,
M4-FUNG-0606:M001,METABOLITE,colleterpenol,
M4-FUNG-0606:M002,METABOLITE,HexPP,
M4-FUNG-0607:M001,METABOLITE,chanoclavine I; agroclavine,
M4-FUNG-0607:M002,METABOLITE,ergonovine; lysergic acid amide; lysergic acid alpha-hydroxyethylamide,
M4-FUNG-0607:M003,METABOLITE,ergobalansine,
M4-FUNG-0608:M001,METABOLITE,ergovaline,
M4-FUNG-0608:M002,METABOLITE,lysergic acid,
M4-FUNG-0608:M003,METABOLITE,lysergyl alanine,
M4-FUNG-0609:M001,METABOLITE,paspaline; paspaline B,
M4-FUNG-0609:M002,METABOLITE,paxilline,
M4-FUNG-0609:M003,METABOLITE,terpendole E; I; J; C; K; M; N; A,
M4-FUNG-0001:S001,SOURCE,MIBiG BGC0000003,
M4-FUNG-0001:S002,SOURCE,Structural analysis of cosmid clone pcAFT-2 carrying AFT10-1 encoding an acyl-Co,
M4-FUNG-0001:S003,SOURCE,A conditionally dispensable chromosome controls host-specific pathogenicity in t,
M4-FUNG-0001:S004,SOURCE,Determination of Host-Selective Toxin Production During Spore Germination of Alt,
M4-FUNG-0001:S005,SOURCE,NCBI Taxonomy: Alternaria alternata,
M4-FUNG-0002:S001,SOURCE,MIBiG BGC0000004 v3,
M4-FUNG-0002:S002,SOURCE,Molecular Analysis of an Inactive Aflatoxin Biosynthesis Gene Cluster in Aspergi,
M4-FUNG-0002:S003,SOURCE,Aflatoxin non-productivity of Aspergillus oryzae caused by loss of function in t,
M4-FUNG-0002:S004,SOURCE,Comparative genome analysis of Aspergillus flavus clinically isolated in Japan,
M4-FUNG-0002:S005,SOURCE,Aspergillus oryzae strains with a large deletion of the aflatoxin biosynthetic h,
M4-FUNG-0002:S006,SOURCE,NCBI accession/taxonomy,
M4-FUNG-0002:S008,SOURCE,CAoGDX / National Research Institute of Brewing: A. oryzae RIB40 aflatoxin-clust,
M4-FUNG-0002:S007,SOURCE,The Structures of Aflatoxins B and G1,
M4-FUNG-0003:S001,SOURCE,MIBiG repository entry BGC0000005.3,
M4-FUNG-0003:S002,SOURCE,"AY371490.1 — Aspergillus parasiticus aflatoxin pathway gene cluster, complete se",
M4-FUNG-0003:S003,SOURCE,Completed sequence of aflatoxin pathway gene cluster in Aspergillus parasiticus,
M4-FUNG-0003:S004,SOURCE,Clustered pathway genes in aflatoxin biosynthesis,
M4-FUNG-0003:S006,SOURCE,Increased expression of Aspergillus parasiticus aflR relieves nitrate inhibition,
M4-FUNG-0003:S008,SOURCE,Chromosomal location plays a role in regulation of aflatoxin gene expression in ,
M4-FUNG-0003:S009,SOURCE,Aflatoxin biosynthesis cluster gene cypA is required for G aflatoxin formation,
M4-FUNG-0003:S010,SOURCE,Characterization of a partial duplication of the aflatoxin gene cluster in Asper,
M4-FUNG-0003:S015,SOURCE,Involvement of the nadA gene in formation of G-group aflatoxins in Aspergillus p,
M4-FUNG-0003:S016,SOURCE,Are the genes nadA and norB involved in formation of aflatoxin G1?,
M4-FUNG-0003:S012,SOURCE,Function of the cypX and moxY genes in aflatoxin biosynthesis in Aspergillus par,
M4-FUNG-0003:S013,SOURCE,An aflatoxin biosynthesis cluster gene encodes a novel oxidase required for conv,
M4-FUNG-0003:S014,SOURCE,The aflatoxin biosynthesis cluster gene aflX encodes an oxidoreductase involved ,
M4-FUNG-0003:S017,SOURCE,Characterization of the critical amino acids of an Aspergillus parasiticus cytoc,
M4-FUNG-0003:S005,SOURCE,The Aspergillus parasiticus polyketide synthase gene pksA is required for aflato,
M4-FUNG-0003:S007,SOURCE,Generation of aflR disruption mutants of Aspergillus parasiticus,
M4-FUNG-0004:S001,SOURCE,MIBiG BGC0000006.3,
M4-FUNG-0004:S002,SOURCE,"Aspergillus flavus isolate AF13 aflatoxin biosynthesis gene cluster, complete se",
M4-FUNG-0004:S004,SOURCE,Aflatoxin biosynthesis cluster gene cypA is required for G aflatoxin formation,
M4-FUNG-0004:S011,SOURCE,ATCC Aspergillus flavus 96044,
M4-FUNG-0004:S010,SOURCE,NCBI Taxonomy: Aspergillus flavus,
M4-FUNG-0004:S003,SOURCE,Virulence and Cultural Characteristics of Two Aspergillus flavus Strains Pathoge,
M4-FUNG-0004:S005,SOURCE,Two New Aspergillus flavus Reference Genomes Reveal a Large Insertion Potentiall,
M4-FUNG-0004:S006,SOURCE,Influence of Lipids with and without Other Cottonseed Reserve Materials on Aflat,
M4-FUNG-0004:S008,SOURCE,Competitive Exclusion of a Toxigenic Strain of Aspergillus flavus by an Atoxigen,
M4-FUNG-0004:S007,SOURCE,Time Course Study of Substrate Utilization by Aspergillus flavus in Medium Simul,
M4-FUNG-0004:S009,SOURCE,Clustered pathway genes in aflatoxin biosynthesis,
M4-FUNG-0004:S015,SOURCE,Characterization of the critical amino acids of an Aspergillus parasiticus cytoc,
M4-FUNG-0004:S012,SOURCE,Function of the cypX and moxY genes in aflatoxin biosynthesis in Aspergillus par,
M4-FUNG-0004:S014,SOURCE,The aflatoxin biosynthesis cluster gene aflX encodes an oxidoreductase involved ,
M4-FUNG-0004:S013,SOURCE,An aflatoxin biosynthesis cluster gene encodes a novel oxidase required for conv,
M4-FUNG-0005:S001,SOURCE,MIBiG BGC0000007.3,
M4-FUNG-0005:S003,SOURCE,Variability in nitrogen regulation of aflatoxin production by Aspergillus flavus,
M4-FUNG-0005:S007,SOURCE,Aspergillus texensis: A Novel Aflatoxin Producer with S Morphology from the Unit,
M4-FUNG-0005:S008,SOURCE,"Taxonomy of Aspergillus section Flavi and their production of aflatoxins, ochrat",
M4-FUNG-0005:S009,SOURCE,NCBI Taxonomy: Aspergillus aflatoxiformans,
M4-FUNG-0005:S010,SOURCE,"Aspergillus aflatoxiformans isolate BN008-R calmodulin (cmdA) gene, partial cds",
M4-FUNG-0005:S002,SOURCE,Divergence of West African and North American Communities of Aspergillus Section,
M4-FUNG-0005:S004,SOURCE,Aflatoxin biosynthesis cluster gene cypA is required for G aflatoxin formation,
M4-FUNG-0005:S005,SOURCE,Divergent regulation of aflatoxin production at acidic pH by two Aspergillus str,
M4-FUNG-0005:S006,SOURCE,Aflatoxin biosynthesis gene clusters and flanking regions,
M4-FUNG-0005:S011,SOURCE,Function of the cypX and moxY genes in aflatoxin biosynthesis in Aspergillus par,
M4-FUNG-0005:S012,SOURCE,An aflatoxin biosynthesis cluster gene encodes a novel oxidase required for conv,
M4-FUNG-0005:S013,SOURCE,The aflatoxin biosynthesis cluster gene aflX encodes an oxidoreductase involved ,
M4-FUNG-0005:S014,SOURCE,Characterization of the critical amino acids of an Aspergillus parasiticus cytoc,
M4-FUNG-0005:S015,SOURCE,Are the genes nadA and norB involved in formation of aflatoxin G1?,
M4-FUNG-0006:S001,SOURCE,MIBiG BGC0000008.3,
M4-FUNG-0006:S004,SOURCE,Aflatoxin biosynthesis cluster gene cypA is required for G aflatoxin formation,
M4-FUNG-0006:S002,SOURCE,NCBI genome assembly — Aspergillus flavus AF70,
M4-FUNG-0006:S005,SOURCE,Whole genome comparison of Aspergillus flavus L-morphotype strain NRRL 3357 (typ,
M4-FUNG-0006:S006,SOURCE,Inferring the presence of aflatoxin-producing Aspergillus flavus strains using R,
M4-FUNG-0006:S003,SOURCE,Virulence and Cultural Characteristics of Two Aspergillus flavus Strains Pathoge,
M4-FUNG-0006:S007,SOURCE,Divergent regulation of aflatoxin production at acidic pH by two Aspergillus str,
M4-FUNG-0006:S008,SOURCE,"The Aspergillus flavus Homeobox Gene, hbx1, Is Required for Development and Afla",
M4-FUNG-0006:S010,SOURCE,"The putative forkhead transcription factor FhpA is necessary for development, af",
M4-FUNG-0006:S009,SOURCE,The Transcriptional Regulator Hbx1 Affects the Expression of Thousands of Genes ,
M4-FUNG-0006:S011,SOURCE,Two New Aspergillus flavus Reference Genomes Reveal a Large Insertion Potentiall,
M4-FUNG-0007:S001,SOURCE,MIBiG BGC0000009.3,
M4-FUNG-0007:S004,SOURCE,Aflatoxin biosynthesis cluster gene cypA is required for G aflatoxin formation,
M4-FUNG-0007:S002,SOURCE,NCBI Taxonomy — Aspergillus nomiae,
M4-FUNG-0007:S003,SOURCE,"Aspergillus nomius, a new aflatoxin-producing species related to Aspergillus fla",
M4-FUNG-0007:S013,SOURCE,Index Fungorum — Aspergillus nomiae name record,
M4-FUNG-0007:S005,SOURCE,Genomic sequence of the aflatoxigenic filamentous fungus Aspergillus nomius,
M4-FUNG-0007:S006,SOURCE,Aspergillus flavus grown in peptone as the carbon source exhibits spore density-,
M4-FUNG-0007:S009,SOURCE,"Effect of temperature on growth, gene expression, and aflatoxin production by As",
M4-FUNG-0007:S010,SOURCE,Early expression of the aflatoxin gene cluster in Aspergillus nomiae isolated fr,
M4-FUNG-0007:S011,SOURCE,Secondary Metabolite Dereplication and Phylogenetic Analysis Identify Various Em,
M4-FUNG-0007:S012,SOURCE,FunBGCs FBGC00052,
M4-FUNG-0007:S007,SOURCE,Suppression of Aflatoxin Production in Aspergillus Species by Selected Peanut St,
M4-FUNG-0008:S001,SOURCE,MIBiG BGC0000010.3,
M4-FUNG-0008:S003,SOURCE,An isolate of Aspergillus flavus used to reduce aflatoxin contamination in cotto,
M4-FUNG-0008:S002,SOURCE,"Aspergillus flavus isolate AF36 aflatoxin biosynthesis gene cluster, complete se",
M4-FUNG-0008:S008,SOURCE,Nanopore PCR-cDNA sequencing of the biocontrol isolate Aspergillus flavus AF36 (,
M4-FUNG-0008:S005,SOURCE,Degeneration of aflatoxin gene clusters in Aspergillus flavus from Africa and No,
M4-FUNG-0008:S006,SOURCE,Genetic Analysis of the Aspergillus flavus Vegetative Compatibility Group to Whi,
M4-FUNG-0008:S007,SOURCE,The vegetative compatibility group to which the US biocontrol agent Aspergillus ,
M4-FUNG-0008:S009,SOURCE,Evaluation of the Atoxigenic Aspergillus flavus Strain AF36 in Pistachio Orchard,
M4-FUNG-0009:S001,SOURCE,MIBiG BGC0000011.3,
M4-FUNG-0009:S004,SOURCE,Characterization of the Aspergillus ochraceoroseus aflatoxin/sterigmatocystin bi,
M4-FUNG-0009:S002,SOURCE,NCBI AY092402.3 / Taxonomy,
M4-FUNG-0009:S003,SOURCE,"Classification of Aspergillus, Penicillium, Talaromyces and related genera",
M4-FUNG-0009:S006,SOURCE,Functional and phylogenetic analysis of the Aspergillus ochraceoroseus aflQ (ord,
M4-FUNG-0009:S008,SOURCE,Draft Genome Sequences of Two Closely Related Aflatoxigenic Aspergillus Species ,
M4-FUNG-0009:S005,SOURCE,Characterization of aflatoxin-producing fungi outside of Aspergillus section Fla,
M4-FUNG-0009:S009,SOURCE,Linking secondary metabolites to gene clusters through genome sequencing of six ,
M4-FUNG-0009:S007,SOURCE,Cloning and Characterization of the Aspergillus ochraceoroseus Aflatoxin Biosynt,
M4-FUNG-0009:S010,SOURCE,Molecular and physiological aspects of aflatoxin and sterigmatocystin biosynthes,
M4-FUNG-0010:S001,SOURCE,MIBiG BGC0000012.3,
M4-FUNG-0010:S003,SOURCE,An iterative type I polyketide synthase PKSN catalyzes synthesis of the decaketi,
M4-FUNG-0010:S002,SOURCE,NCBI AB120221.1 / Alternaria solani taxonomy,
M4-FUNG-0010:S006,SOURCE,Heterologous production of fungal natural products: Reconstitution of biosynthet,
M4-FUNG-0010:S008,SOURCE,Anti-inflammatory and Neuroprotective α-Pyrones from a Marine-Derived Strain of ,
M4-FUNG-0010:S010,SOURCE,Alternaria diseases on potato and tomato,
M4-FUNG-0010:S005,SOURCE,Bioinformatics Prediction of Polyketide Synthase Gene Clusters from Mycosphaerel,
M4-FUNG-0010:S007,SOURCE,Chemical Ecogenomics-Guided Discovery of Phytotoxic α-Pyrones from the Fungal Wh,
M4-FUNG-0010:S009,SOURCE,Genome mining reveals the distribution of biosynthetic gene clusters in Alternar,
M4-FUNG-0011:S001,SOURCE,MIBiG BGC0000013.3,
M4-FUNG-0011:S003,SOURCE,Illuminating the diversity of aromatic polyketide synthases in Aspergillus nidul,
M4-FUNG-0011:S002,SOURCE,NCBI Aspergillus nidulans FGSC A4 chromosome IV / assembly,
M4-FUNG-0011:S004,SOURCE,Fungal Genetics Stock Center — Aspergillus nidulans FGSC A4,
M4-FUNG-0011:S005,SOURCE,SnPKS19 Encodes the Polyketide Synthase for Alternariol Mycotoxin Biosynthesis i,
M4-FUNG-0011:S006,SOURCE,Alternariol as virulence and colonization factor of Alternaria alternata during ,
M4-FUNG-0011:S007,SOURCE,Studies in the biochemistry of micro-organisms. 90. Alternariol and alternariol ,
M4-FUNG-0012:S001,SOURCE,MIBiG BGC0000022.3,
M4-FUNG-0012:S003,SOURCE,A gene cluster containing two fungal polyketide synthases encodes the biosynthet,
M4-FUNG-0012:S002,SOURCE,NCBI AACD01000015.1 — Aspergillus nidulans FGSC A4 chromosome VIII ANcontig1.15,
M4-FUNG-0012:S004,SOURCE,Activation of a silent fungal polyketide biosynthesis pathway through regulatory,
M4-FUNG-0012:S005,SOURCE,Asperfuranone from Aspergillus nidulans inhibits proliferation of human non-smal,
M4-FUNG-0012:S006,SOURCE,Natural Products Atlas — Asperfuranone,
M4-FUNG-0012:S007,SOURCE,UniProt reviewed Afo pathway proteins / ScpR entries,
M4-FUNG-0013:S001,SOURCE,MIBiG BGC0000027.4,
M4-FUNG-0013:S003,SOURCE,Genetic localization and in vivo characterization of a Monascus azaphilone pigme,
M4-FUNG-0013:S002,SOURCE,"Monascus pilosus pigment biosynthetic gene cluster, complete sequence",
M4-FUNG-0013:S004,SOURCE,Monascus azaphilone pigment biosynthesis employs a dedicated fatty acid synthase,
M4-FUNG-0013:S005,SOURCE,A reductase gene mppE controls yellow component production in azaphilone polyket,
M4-FUNG-0013:S006,SOURCE,Inactivation of the oxidase gene mppG results in the selective loss of orange az,
M4-FUNG-0014:S001,SOURCE,MIBiG BGC0000030.3,
M4-FUNG-0014:S003,SOURCE,"Biosynthesis of the red pigment bikaverin in Fusarium fujikuroi: genes, their fu",
M4-FUNG-0014:S002,SOURCE,NCBI HF679027.1 / Fusarium fujikuroi IMI 58289 taxonomy,
M4-FUNG-0014:S006,SOURCE,Deciphering the Cryptic Genome: Genome-wide Analyses of the Rice Pathogen Fusari,
M4-FUNG-0014:S008,SOURCE,Conserved Responses in a War of Small Molecules between a Plant-Pathogenic Bacte,
M4-FUNG-0014:S004,SOURCE,The polyketide synthase gene pks4 from Gibberella fujikuroi encodes a key enzyme,
M4-FUNG-0014:S005,SOURCE,"Genetic engineering, high resolution mass spectrometry and nuclear magnetic reso",
M4-FUNG-0014:S007,SOURCE,Stimulation of bikaverin production by sucrose and by salt starvation in Fusariu,
M4-FUNG-0015:S001,SOURCE,MIBiG BGC0000037.4,
M4-FUNG-0015:S003,SOURCE,Identification and molecular genetic analysis of the cichorine gene cluster in A,
M4-FUNG-0015:S002,SOURCE,NCBI BN001301.1 — Aspergillus nidulans FGSC A4 chromosome I,
M4-FUNG-0015:S005,SOURCE,Development of Genetic Dereplication Strains in Aspergillus nidulans Results in ,
M4-FUNG-0015:S006,SOURCE,Discovery of Three New Phytotoxins from the Fungus Aspergillus nidulans by Pathw,
M4-FUNG-0015:S007,SOURCE,Overexpression of a pathway-specific transcriptional factor CicD leads to the di,
M4-FUNG-0015:S004,SOURCE,Illuminating the diversity of aromatic polyketide synthases in Aspergillus nidul,
M4-FUNG-0015:S008,SOURCE,"Fungal phthalimidines—chemodiversity, bioactivity and biosynthesis of a unique c",
M4-FUNG-0015:S009,SOURCE,UniProt cichorine-pathway entries,
M4-FUNG-0015:S010,SOURCE,BGC0000037 cluster GenBank regional annotation,
M4-FUNG-0016:S001,SOURCE,MIBiG BGC0000039.3,
M4-FUNG-0016:S003,SOURCE,Molecular cloning and characterization of an ML-236B (compactin) biosynthetic ge,
M4-FUNG-0016:S002,SOURCE,NCBI AB072893.1 / Penicillium citrinum,
M4-FUNG-0016:S004,SOURCE,Effect of increased dosage of the ML-236B biosynthetic gene cluster on ML-236B p,
M4-FUNG-0016:S005,SOURCE,"Functional analysis of mlcR, a regulatory gene for ML-236B biosynthesis in Penic",
M4-FUNG-0016:S006,SOURCE,Identification of the specific sequence recognized by Penicillium citrinum MlcR,
M4-FUNG-0016:S007,SOURCE,Optimization of compactin production in chemically defined medium,
M4-FUNG-0017:S001,SOURCE,MIBiG BGC0000045.3,
M4-FUNG-0017:S003,SOURCE,"Characterization of the Biosynthetic Genes for 10,11-Dehydrocurvularin, a Heat S",
M4-FUNG-0017:S002,SOURCE,Aspergillus terreus strain AH-02-30-F7 dehydrocurvularin biosynthetic gene clust,
M4-FUNG-0017:S004,SOURCE,NCBI Taxonomy — Aspergillus terreus,
M4-FUNG-0017:S005,SOURCE,Cytotoxic and Other Metabolites of Aspergillus Inhabiting the Rhizosphere of Son,
M4-FUNG-0018:S001,SOURCE,MIBiG BGC0000046.4,
M4-FUNG-0018:S003,SOURCE,Biosynthesis and role in virulence of the histone deacetylase inhibitor depudeci,
M4-FUNG-0018:S002,SOURCE,NCBI Taxonomy — Alternaria brassicicola ATCC 96836,
M4-FUNG-0018:S004,SOURCE,The Alternaria genomes database: a comprehensive resource for a fungal genus com,
M4-FUNG-0018:S006,SOURCE,Differential Retention of Gene Functions in a Secondary Metabolite Cluster,
M4-FUNG-0018:S007,SOURCE,How the Necrotrophic Fungus Alternaria brassicicola Kills Plant Cells Remains an,
M4-FUNG-0018:S008,SOURCE,Depudecin: a novel compound inducing the flat phenotype of NIH3T3 cells doubly t,
M4-FUNG-0018:S005,SOURCE,Metabolite diversity in the plant pathogen Alternaria brassicicola: factors affe,
M4-FUNG-0019:S001,SOURCE,MIBiG BGC0000048.3,
M4-FUNG-0019:S002,SOURCE,A polyketide synthase gene required for biosynthesis of the aflatoxin-like toxin,
M4-FUNG-0019:S006,SOURCE,The Genomes of the Fungal Plant Pathogens Cladosporium fulvum and Dothistroma se,
M4-FUNG-0019:S008,SOURCE,Dothistromin toxin is a virulence factor in dothistroma needle blight of pines,
M4-FUNG-0019:S003,SOURCE,"Dothistroma pini, a forest pathogen, contains homologs of aflatoxin biosynthetic",
M4-FUNG-0019:S004,SOURCE,Fragmentation of an aflatoxin-like gene cluster in a forest pathogen,
M4-FUNG-0019:S005,SOURCE,Early expression of aflatoxin-like dothistromin genes in the forest pathogen Dot,
M4-FUNG-0019:S007,SOURCE,Dothistromin genes at multiple separate loci are regulated by AflR,
M4-FUNG-0019:S009,SOURCE,LaeA negatively regulates dothistromin production in the pine needle pathogen Do,
M4-FUNG-0019:S010,SOURCE,Chromatin-level regulation of the fragmented dothistromin gene cluster in the fo,
M4-FUNG-0019:S013,SOURCE,NCBI/UniProt taxonomy — Dothistroma septosporum NZE10,
M4-FUNG-0019:S012,SOURCE,Reduced Virulence of an Introduced Forest Pathogen over 50 Years,
M4-FUNG-0019:S011,SOURCE,Functional analysis of a putative Dothistromin toxin MFS transporter gene,
M4-FUNG-0019:S014,SOURCE,Targeted Gene Mutations in the Forest Pathogen Dothistroma septosporum Using CRI,
M4-FUNG-0020:S001,SOURCE,MIBiG BGC0000057,
M4-FUNG-0020:S003,SOURCE,Molecular genetic analysis of the orsellinic acid/F9775 gene cluster of Aspergil,
M4-FUNG-0020:S002,SOURCE,NCBI taxonomy / A. nidulans FGSC A4,
M4-FUNG-0020:S004,SOURCE,Intimate bacterial–fungal interaction triggers biosynthesis of archetypal polyke,
M4-FUNG-0020:S005,SOURCE,Chromatin-level regulation of biosynthetic gene clusters,
M4-FUNG-0020:S006,SOURCE,Bacteria-induced natural product formation in Aspergillus nidulans requires Saga,
M4-FUNG-0020:S007,SOURCE,VeA and MvlA repression of the cryptic orsellinic acid gene cluster in Aspergill,
M4-FUNG-0020:S009,SOURCE,Methyltransferase CclA-dependent control of secondary metabolite gene clusters a,
M4-FUNG-0021:S001,SOURCE,MIBiG BGC0000062.4,
M4-FUNG-0021:S003,SOURCE,A polyketide synthase gene required for biosynthesis of fumonisin mycotoxins in ,
M4-FUNG-0021:S002,SOURCE,Fusarium verticillioides FGSC 7600 / M3125,
M4-FUNG-0021:S005,SOURCE,The Fusarium verticillioides FUM gene cluster encodes a Zn(II)2Cys6 protein that,
M4-FUNG-0021:S004,SOURCE,FUM1—A gene required for fumonisin biosynthesis but not for maize ear rot and ea,
M4-FUNG-0021:S006,SOURCE,Determining the biosynthetic sequence in the early steps of the fumonisin pathwa,
M4-FUNG-0021:S007,SOURCE,Deletion analysis of FUM genes involved in tricarballylic ester formation during,
M4-FUNG-0021:S008,SOURCE,Self-Protection against the Sphingolipid Biosynthesis Inhibitor Fumonisin B1 Is ,
M4-FUNG-0021:S009,SOURCE,The palmitoyl-CoA ligase Fum16 is part of a Fusarium verticillioides fumonisin s,
M4-FUNG-0021:S010,SOURCE,"Fusarium verticillioides: advancements in understanding toxicity, virulence, and",
M4-FUNG-0021:S011,SOURCE,"Gibberella moniliformis fumonisin biosynthetic gene cluster, complete sequence",
M4-FUNG-0021:S012,SOURCE,Fumonisin production in the maize pathogen Fusarium verticillioides: genetic bas,
M4-FUNG-0021:S022,SOURCE,Transformation-mediated complementation of a FUM gene cluster deletion in Fusari,
M4-FUNG-0021:S013,SOURCE,Transcription of genes in the biosynthetic pathway for fumonisin mycotoxins is e,
M4-FUNG-0021:S014,SOURCE,"Integrating toxin gene expression, growth and fumonisin B1/B2 production under d",
M4-FUNG-0021:S015,SOURCE,Vacuole proteins with optimized microtubule assembly are required for Fum1 prote,
M4-FUNG-0021:S016,SOURCE,Co-expression of 15 contiguous genes delineates a fumonisin biosynthetic gene cl,
M4-FUNG-0021:S017,SOURCE,Identification of early fumonisin biosynthetic intermediates by inactivation of ,
M4-FUNG-0021:S018,SOURCE,FUM13 encodes a short-chain dehydrogenase/reductase required for C-3 carbonyl re,
M4-FUNG-0021:S019,SOURCE,A fumonisin biosynthetic gene cluster in Fusarium oxysporum strain O-1890 and th,
M4-FUNG-0021:S020,SOURCE,Genetic and biochemical aspects of fumonisin production,
M4-FUNG-0021:S021,SOURCE,A bidomain nonribosomal peptide synthetase encoded by FUM14 catalyzes formation ,
M4-FUNG-0022:S001,SOURCE,MIBiG BGC0000063.3,
M4-FUNG-0022:S003,SOURCE,A fumonisin biosynthetic gene cluster in Fusarium oxysporum strain O-1890 and th,
M4-FUNG-0022:S002,SOURCE,NCBI Taxonomy — Fusarium oxysporum,
M4-FUNG-0022:S004,SOURCE,Distribution and shared evolutionary history of the Fumonisin and AAL toxin bios,
M4-FUNG-0022:S005,SOURCE,A two-locus DNA sequence database for typing plant and human pathogens within th,
M4-FUNG-0022:S006,SOURCE,"Birth, death and horizontal transfer of the fumonisin biosynthetic gene cluster ",
M4-FUNG-0022:S007,SOURCE,Genome sequences of members of the Fusarium oxysporum species complex,
M4-FUNG-0022:S008,SOURCE,Isolation and characterization of two new type C fumonisins produced by Fusarium,
M4-FUNG-0023:S001,SOURCE,MIBiG BGC0000064.4,
M4-FUNG-0023:S002,SOURCE,Fusarin C Biosynthesis in Fusarium moniliforme and Fusarium venenatum,
M4-FUNG-0023:S003,SOURCE,Genetic Manipulation of the Fusarium fujikuroi Fusarin Gene Cluster Yields Insig,
M4-FUNG-0023:S004,SOURCE,"Identification and Regulation of fusA, the Polyketide Synthase Gene Responsible ",
M4-FUNG-0023:S005,SOURCE,Chemistry & Biology fusarin pathway figure/results record,
M4-FUNG-0023:S006,SOURCE,Deciphering the Cryptic Genome: Genome-wide Analyses of the Rice Pathogen Fusari,
M4-FUNG-0023:S011,SOURCE,NCBI Taxonomy — Fusarium verticillioides,
M4-FUNG-0023:S012,SOURCE,Fusarin C acts like an estrogenic agonist and stimulates breast cancer cells in ,
M4-FUNG-0023:S007,SOURCE,"Identification of gene clusters associated with fusaric acid, fusarin, and perit",
M4-FUNG-0023:S013,SOURCE,Genome-Wide Characterization Reveals Variation Potentially Associated with Patho,
M4-FUNG-0023:S010,SOURCE,Structure Elucidation of New Fusarins Revealing Insights in the Rearrangement Me,
M4-FUNG-0023:S009,SOURCE,PubChem — Fusarin C,
M4-FUNG-0023:S008,SOURCE,Metabolome and Transcriptome of the Interaction between Ustilago maydis and Fusa,
M4-FUNG-0023:S014,SOURCE,"Three Genes Involved in Different Signaling Pathways, carS, wcoA, and acyA, Part",
M4-FUNG-0023:S015,SOURCE,"FvSTUA is a Key Regulator of Sporulation, Toxin Synthesis, and Virulence in Fusa",
M4-FUNG-0024:S001,SOURCE,MIBiG BGC0000070.5,
M4-FUNG-0024:S003,SOURCE,Identification of the Viridicatumtoxin and Griseofulvin Gene Clusters from Penic,
M4-FUNG-0024:S002,SOURCE,NCBI GU574478.1 / Penicillium aethiopicum,
M4-FUNG-0024:S004,SOURCE,Complexity Generation in Fungal Polyketide Biosynthesis: A Spirocycle-Forming P4,
M4-FUNG-0024:S005,SOURCE,Conservation of griseofulvin genes in the gsf gene cluster among fungal genomes,
M4-FUNG-0024:S006,SOURCE,Identification and nomenclature of the genus Penicillium,
M4-FUNG-0024:S007,SOURCE,Kinetic suppression of microtubule dynamic instability by griseofulvin,
M4-FUNG-0024:S008,SOURCE,Mechanism of the P450-Catalyzed Oxidative Cyclization in the Biosynthesis of Gri,
M4-FUNG-0025:S001,SOURCE,MIBiG BGC0000076.3,
M4-FUNG-0025:S003,SOURCE,Genes for the Biosynthesis of the Fungal Polyketides Hypothemycin from Hypomyces,
M4-FUNG-0025:S002,SOURCE,"Hypomyces subiculosus strain DSM11931 hypothemycin gene cluster, partial sequenc",
M4-FUNG-0025:S008,SOURCE,Hypomyces subiculosus taxonomy/current-name record,
M4-FUNG-0025:S005,SOURCE,Enzymatic Synthesis of Resorcylic Acid Lactones by Cooperation of Fungal Iterati,
M4-FUNG-0025:S004,SOURCE,Cytotoxic Hypothemycin Analogues from Hypomyces subiculosus,
M4-FUNG-0025:S006,SOURCE,"Hypothemycin, a fungal natural product, identifies therapeutic targets in Trypan",
M4-FUNG-0026:S001,SOURCE,MIBiG BGC0000077.3,
M4-FUNG-0026:S003,SOURCE,Genes for the Biosynthesis of the Fungal Polyketides Hypothemycin from Hypomyces,
M4-FUNG-0026:S002,SOURCE,"Hypomyces subiculosus strain DSM11932 hypothemycin gene cluster, complete sequen",
M4-FUNG-0026:S008,SOURCE,Hypomyces subiculosus taxonomy/current-name record,
M4-FUNG-0026:S004,SOURCE,Cytotoxic Hypothemycin Analogues from Hypomyces subiculosus,
M4-FUNG-0026:S006,SOURCE,"Hypothemycin, a fungal natural product, identifies therapeutic targets in Trypan",
M4-FUNG-0026:S005,SOURCE,Enzymatic Synthesis of Resorcylic Acid Lactones by Cooperation of Fungal Iterati,
M4-FUNG-0027:S001,SOURCE,MIBiG BGC0000088.4,
M4-FUNG-0027:S003,SOURCE,Modulation of polyketide synthase activity by accessory proteins during lovastat,
M4-FUNG-0027:S002,SOURCE,NCBI/UniProt — Aspergillus terreus ATCC20542 / AH007774.2,
M4-FUNG-0027:S012,SOURCE,Complete genome sequence / genome analysis of Aspergillus terreus ATCC 20542,
M4-FUNG-0027:S004,SOURCE,Lovastatin biosynthesis in Aspergillus terreus: characterization of blocked muta,
M4-FUNG-0027:S005,SOURCE,Complete Reconstitution of a Highly-Reducing Iterative Polyketide Synthase,
M4-FUNG-0027:S006,SOURCE,Double Oxidation of the Cyclic Nonaketide Dihydromonacolin L to Monacolin J by a,
M4-FUNG-0027:S007,SOURCE,LovG: the thioesterase required for dihydromonacolin L release and lovastatin no,
M4-FUNG-0027:S008,SOURCE,Acyltransferase-mediated polyketide release from a fungal megasynthase,
M4-FUNG-0027:S011,SOURCE,LovB / lovastatin nonaketide synthase separate sequence record,
M4-FUNG-0027:S009,SOURCE,Lovastatin pharmacology and chemical forms,
M4-FUNG-0027:S010,SOURCE,Lovastatin Biosynthesis by Aspergillus terreus in a Chemically Defined Medium,
M4-FUNG-0027:S013,SOURCE,Reactive oxygen species regulate lovastatin biosynthesis in Aspergillus terreus ,
M4-FUNG-0027:S014,SOURCE,Aspergillus terreus secondary metabolism and lovastatin-cluster functional annot,
M4-FUNG-0028:S001,SOURCE,Fungal BGC Atlas ledger — BGC0000089,
M4-FUNG-0028:S002,SOURCE,NCBI AF141925.1 obsolete lovastatin cluster sequence,
M4-FUNG-0028:S003,SOURCE,"Complete Genome Sequence of Soil Fungus Aspergillus terreus, a Potent Lovastatin",
M4-FUNG-0028:S004,SOURCE,BGC functional annotation table,
M4-FUNG-0029:S001,SOURCE,MIBiG BGC0000098.3,
M4-FUNG-0029:S003,SOURCE,Cloning and characterization of monacolin K biosynthetic gene cluster from Monas,
M4-FUNG-0029:S002,SOURCE,NCBI Taxonomy — Monascus pilosus,
M4-FUNG-0029:S004,SOURCE,Identification of mokB involved in monacolin K biosynthesis in Monascus pilosus,
M4-FUNG-0029:S005,SOURCE,Identification of the mokH gene encoding transcription factor for the upregulati,
M4-FUNG-0029:S006,SOURCE,Glutamic acid promotes monacolin K production and monacolin K biosynthetic gene ,
M4-FUNG-0029:S007,SOURCE,Effect of Temperature-Shift and Temperature-Constant Cultivation on the Monacoli,
M4-FUNG-0029:S008,SOURCE,Molecular Mechanism of Mok I Gene Overexpression in Enhancing Monacolin K Produc,
M4-FUNG-0029:S009,SOURCE,The Role of Enoyl Reductase in the Monacolin K Biosynthesis Pathway in Monascus ,
M4-FUNG-0029:S010,SOURCE,CRISPR/Cas9 system is a suitable gene targeting editing tool to filamentous fung,
M4-FUNG-0029:S011,SOURCE,An overview on the biosynthesis and metabolic regulation of monacolin K/lovastat,
M4-FUNG-0029:S012,SOURCE,Overexpression of Monacolin K Biosynthesis Genes in the Monascus purpureus Azaph,
M4-FUNG-0030:S001,SOURCE,MIBiG BGC0000099.3,
M4-FUNG-0030:S003,SOURCE,The biosynthetic pathway for a thousand-year-old natural food colorant and citri,
M4-FUNG-0030:S002,SOURCE,Talaromyces marneffei PM1 genome/taxonomy,
M4-FUNG-0030:S005,SOURCE,Draft genome sequence of Penicillium marneffei strain PM1,
M4-FUNG-0030:S004,SOURCE,"Polyketides, Toxins and Pigments in Penicillium marneffei",
M4-FUNG-0030:S006,SOURCE,Putative structure and characteristics of a red water-soluble pigment secreted b,
M4-FUNG-0031:S001,SOURCE,MIBiG BGC0000101.5,
M4-FUNG-0031:S003,SOURCE,Characterization of the Aspergillus nidulans Monodictyphenone Gene Cluster,
M4-FUNG-0031:S002,SOURCE,Aspergillus nidulans FGSC A4 taxonomy and reviewed mdp proteins,
M4-FUNG-0031:S004,SOURCE,Genome-Based Deletion Analysis Reveals the Prenyl Xanthone Biosynthesis Pathway ,
M4-FUNG-0031:S005,SOURCE,Chromatin-level regulation of biosynthetic gene clusters,
M4-FUNG-0031:S009,SOURCE,Secondary metabolites of Hülle cells mediate protection of fungal reproductive a,
M4-FUNG-0031:S006,SOURCE,The 'emodin family' of fungal natural products—amalgamating a century of researc,
M4-FUNG-0031:S007,SOURCE,Tautomers of anthrahydroquinones: enzymatic reduction and implications for chrys,
M4-FUNG-0031:S008,SOURCE,New insights into the biosynthesis of prenylated xanthones: XptB from Aspergillu,
M4-FUNG-0031:S010,SOURCE,Emodin inhibits growth and induces apoptosis in an orthotopic hepatocellular car,
M4-FUNG-0032:S001,SOURCE,MIBiG BGC0000104.4,
M4-FUNG-0032:S003,SOURCE,Molecular Basis for Mycophenolic Acid Biosynthesis in Penicillium brevicompactum,
M4-FUNG-0032:S002,SOURCE,NCBI Taxonomy / UniProt — Penicillium brevicompactum,
M4-FUNG-0032:S004,SOURCE,Involvement of a Natural Fusion of a Cytochrome P450 and a Hydrolase in Mycophen,
M4-FUNG-0032:S006,SOURCE,Compartmentalized biosynthesis of mycophenolic acid,
M4-FUNG-0032:S009,SOURCE,Identification and Functional Analysis of the Mycophenolic Acid Gene Cluster of ,
M4-FUNG-0032:S011,SOURCE,Identification and nomenclature of the genus Penicillium,
M4-FUNG-0032:S005,SOURCE,Adaptive evolution of drug targets in producer and non-producer organisms,
M4-FUNG-0032:S008,SOURCE,Structural basis for substrate flexibility of the O-methyltransferase MpaG' invo,
M4-FUNG-0032:S010,SOURCE,PubChem — Mycophenolic acid,
M4-FUNG-0032:S007,SOURCE,Structural basis for substrate specificity of the peroxisomal acyl-CoA hydrolase,
M4-FUNG-0033:S001,SOURCE,MIBiG BGC0000107.3,
M4-FUNG-0033:S003,SOURCE,The developmentally regulated Aspergillus nidulans wA gene encodes a polypeptide,
M4-FUNG-0033:S002,SOURCE,Aspergillus nidulans FGSC A4 taxonomy / WA protein,
M4-FUNG-0033:S005,SOURCE,Developmental Regulation of Laccase Levels in Aspergillus nidulans,
M4-FUNG-0033:S004,SOURCE,Re-identification of Aspergillus nidulans wA gene to code for a polyketide synth,
M4-FUNG-0033:S006,SOURCE,The Aspergillus nidulans yA gene is regulated by abaA,
M4-FUNG-0033:S008,SOURCE,Identification of the chaA and fwA Spore Color Genes of Aspergillus nidulans,
M4-FUNG-0033:S010,SOURCE,Asexual Sporulation in Aspergillus nidulans,
M4-FUNG-0033:S011,SOURCE,Novel angular naphthopyrone formation by Arp1p in the biosynthesis of DHN melani,
M4-FUNG-0033:S007,SOURCE,Isolation and molecular characterization of the Aspergillus nidulans wA gene,
M4-FUNG-0033:S012,SOURCE,Natural Products Atlas — YWA1,
M4-FUNG-0034:S001,SOURCE,MIBiG BGC0000120.5,
M4-FUNG-0034:S003,SOURCE,"Sequencing, physical organization and kinetic expression of the patulin biosynth",
M4-FUNG-0034:S002,SOURCE,NCBI — KF899892.1 / Penicillium expansum NRRL35695,
M4-FUNG-0034:S004,SOURCE,Patulin is a cultivar-dependent aggressiveness factor favouring the colonization,
M4-FUNG-0034:S005,SOURCE,The gene PatG involved in patulin biosynthesis encodes a 6-methylsalicylic acid ,
M4-FUNG-0034:S006,SOURCE,"Dissection of patulin biosynthesis, spatial control and regulation mechanism in ",
M4-FUNG-0034:S007,SOURCE,Genomic Characterization Reveals Insights Into Patulin Biosynthesis and Pathogen,
M4-FUNG-0034:S008,SOURCE,Subcellular localization of fungal specialized metabolites,
M4-FUNG-0034:S009,SOURCE,Patulin transformation products and last intermediates E- and Z-ascladiol are no,
M4-FUNG-0034:S010,SOURCE,"Effect of Ambient pH on Growth, Pathogenicity, and Patulin Production of Penicil",
M4-FUNG-0035:S001,SOURCE,MIBiG BGC0000121.3,
M4-FUNG-0035:S003,SOURCE,Identification of the First Diphenyl Ether Gene Cluster for Pestheic Acid Biosyn,
M4-FUNG-0035:S002,SOURCE,UniProt — Pestalotiopsis fici W106-1 / CGMCC3.15140,
M4-FUNG-0035:S004,SOURCE,Genomic and transcriptomic analysis of the endophytic fungus Pestalotiopsis fici,
M4-FUNG-0035:S009,SOURCE,"RES-1214-1 and -2, novel non-peptidic endothelin type A receptor antagonists pro",
M4-FUNG-0035:S010,SOURCE,"Chloropupukeananin, the first chlorinated pupukeanane derivative and its precurs",
M4-FUNG-0035:S011,SOURCE,Morphological and phylogenetic analyses of Pestalotiopsis / Sporocadaceae,
M4-FUNG-0035:S012,SOURCE,Bioactive metabolites from the plant endophyte Pestalotiopsis fici,
M4-FUNG-0035:S005,SOURCE,The 'emodin family' of fungal natural products—amalgamating a century of researc,
M4-FUNG-0035:S006,SOURCE,Halogenation in Fungi: What Do We Know and What Remains to Be Discovered?,
M4-FUNG-0035:S007,SOURCE,PubChem / KNApSAcK — RES-1214-2 / pestheic acid,
M4-FUNG-0035:S013,SOURCE,3′-Demethyldihydromaldoxin and dihydromaldoxin,
M4-FUNG-0035:S014,SOURCE,Current State and Future Directions of Genetics and Genomics of Endophytic Fungi,
M4-FUNG-0035:S008,SOURCE,Halogenase-targeted and fungal-halogenation literature for PtaM,
M4-FUNG-0035:S015,SOURCE,Halogenase-Targeted Genome Mining Leads to the Discovery of Pestalachlorides,
M4-FUNG-0035:S016,SOURCE,Functional characterization of fungal O-methyltransferases including PtaI,
M4-FUNG-0035:S017,SOURCE,antiSMASH-generated annotation for BGC0000121,
M4-FUNG-0035:S018,SOURCE,UniProt — PtaR3 pestheic-acid-cluster transcriptional regulator 3,
M4-FUNG-0035:S019,SOURCE,BGC functional-annotation database — PtaJ,
M4-FUNG-0036:S001,SOURCE,MIBiG BGC0000129.3,
M4-FUNG-0036:S003,SOURCE,Pyripyropene A biosynthesis in Aspergillus fumigatus,
M4-FUNG-0036:S002,SOURCE,A. fumigatus Af293,
M4-FUNG-0036:S004,SOURCE,Pyr3/Pyr9 late hydroxylation in P. coprobium,
M4-FUNG-0036:S005,SOURCE,Pyr7/Pyr8 acetyltransferase chemistry in P. coprobium,
M4-FUNG-0036:S008,SOURCE,A. fumigatus pyripyropene in dual biofilms with P. aeruginosa,
M4-FUNG-0036:S006,SOURCE,Pyripyropenes as ACAT inhibitors,
M4-FUNG-0037:S001,SOURCE,MIBiG BGC0000134.3,
M4-FUNG-0037:S003,SOURCE,Genes for the Biosynthesis of the Fungal Polyketides Hypothemycin and Radicicol,
M4-FUNG-0037:S002,SOURCE,NCBI Taxonomy — Pochonia chlamydosporia,
M4-FUNG-0037:S004,SOURCE,Insights into Radicicol Biosynthesis via Heterologous Synthesis of Intermediates,
M4-FUNG-0037:S005,SOURCE,A Novel Fungal Flavin-Dependent Halogenase for Natural Product Biosynthesis,
M4-FUNG-0037:S007,SOURCE,Functional Characterization of Radicicol Biosynthesis from Chaetomium chiversii,
M4-FUNG-0037:S008,SOURCE,Antibacterial Radicicol Analogues from Pochonia chlamydosporia and Their Biosynt,
M4-FUNG-0037:S006,SOURCE,Specific inhibition of the halogenase for radicicol biosynthesis by bromide at t,
M4-FUNG-0037:S009,SOURCE,Halogenation in Fungi: What Do We Know and What Remains to Be Discovered?,
M4-FUNG-0038:S001,SOURCE,MIBiG BGC0000146.3,
M4-FUNG-0038:S003,SOURCE,"Solanapyrone synthase, a possible Diels-Alderase and iterative type I polyketide",
M4-FUNG-0038:S002,SOURCE,Alternaria solani taxonomy / UniProt taxon,
M4-FUNG-0038:S006,SOURCE,Reconstitution of biosynthetic machinery of fungal polyketides: unexpected oxida,
M4-FUNG-0038:S004,SOURCE,Functional Analyses of the Diels-Alderase Gene sol5 of Ascochyta rabiei and Alte,
M4-FUNG-0038:S005,SOURCE,A Novel Type Pathway-Specific Regulator and Dynamic Genome Environments of a Sol,
M4-FUNG-0038:S010,SOURCE,Alternaria diseases on potato and tomato,
M4-FUNG-0038:S007,SOURCE,UniProt reviewed Sol1/Sol2/Sol5/Sol6 pathway annotations,
M4-FUNG-0038:S009,SOURCE,[4 + 2] Cycloaddition-Derived Polyketides of Fungal Origin,
M4-FUNG-0038:S008,SOURCE,"Biosynthesis of solanapyrone A, a phytotoxin of Alternaria solani",
M4-FUNG-0039:S001,SOURCE,MIBiG BGC0000152.3,
M4-FUNG-0039:S003,SOURCE,Twenty-five coregulated transcripts define a sterigmatocystin gene cluster in As,
M4-FUNG-0039:S002,SOURCE,NCBI Taxonomy — Aspergillus nidulans,
M4-FUNG-0039:S004,SOURCE,"stcS, a putative P-450 monooxygenase, is required for conversion of versicolorin",
M4-FUNG-0039:S005,SOURCE,Sterigmatocystin biosynthesis in Aspergillus nidulans requires a novel type I po,
M4-FUNG-0039:S006,SOURCE,Aspergillus nidulans mutants defective in stc gene cluster regulation,
M4-FUNG-0039:S009,SOURCE,The expression of sterigmatocystin and penicillin genes is controlled by veA,
M4-FUNG-0039:S007,SOURCE,Genetics of Polyketide Metabolism in Aspergillus nidulans,
M4-FUNG-0039:S019,SOURCE,Functional analysis of stcX narrowed down the region of the sterigmatocystin bio,
M4-FUNG-0039:S008,SOURCE,Aspergillus nidulans stcP encodes an O-methyltransferase required for sterigmato,
M4-FUNG-0039:S010,SOURCE,Requirement of Monooxygenase-Mediated Steps for Sterigmatocystin Biosynthesis by,
M4-FUNG-0039:S011,SOURCE,Cross-talk between light and glucose regulation controls toxin production and mo,
M4-FUNG-0039:S012,SOURCE,"LaeA, a Regulator of Secondary Metabolism in Aspergillus spp.",
M4-FUNG-0039:S013,SOURCE,Aspergillus nidulans VeA subcellular localization is dependent on importin alpha,
M4-FUNG-0039:S014,SOURCE,Sequence-specific binding by Aspergillus nidulans AflR,
M4-FUNG-0039:S015,SOURCE,Aspergillus has distinct fatty acid synthases for primary and secondary metaboli,
M4-FUNG-0039:S016,SOURCE,Aspergillus nidulans stcL encodes a putative cytochrome P-450 monooxygenase requ,
M4-FUNG-0039:S017,SOURCE,Aspergillus nidulans verA is required for production of sterigmatocystin,
M4-FUNG-0039:S018,SOURCE,UniProt — StcA sequence caution,
M4-FUNG-0040:S001,SOURCE,MIBiG BGC0000154.4,
M4-FUNG-0040:S003,SOURCE,"Genetic, molecular, and biochemical basis of fungal tropolone biosynthesis",
M4-FUNG-0040:S002,SOURCE,NCBI/UniProt — Talaromyces stipitatus ATCC 10500,
M4-FUNG-0040:S004,SOURCE,The biosynthesis and catabolism of the maleic anhydride moiety of stipitatonic a,
M4-FUNG-0040:S005,SOURCE,Kinetic characterisation of the FAD dependent monooxygenase TropB and investigat,
M4-FUNG-0040:S007,SOURCE,Radical Ring Expansion Catalyzed by an α-Ketoglutarate-Dependent Dioxygenase in ,
M4-FUNG-0040:S010,SOURCE,"Talaromyces stipitatus, a novel agent causing superficial mycosis: a case report",
M4-FUNG-0040:S006,SOURCE,Curated TropB–TropK and TropG annotations,
M4-FUNG-0040:S009,SOURCE,PubChem — Stipitatic acid,
M4-FUNG-0040:S011,SOURCE,MetaCyc — stipitatic acid biosynthesis,
M4-FUNG-0040:S008,SOURCE,Academic information of puberulic acid detected in red yeast rice supplements,
M4-FUNG-0041:S001,SOURCE,MIBiG/Atlas BGC0000155.2 retired,
M4-FUNG-0041:S003,SOURCE,PKS1 molecular genetics links T-toxin production and high virulence,
M4-FUNG-0041:S002,SOURCE,Bipolaris maydis C4 / Cochliobolus heterostrophus,
M4-FUNG-0041:S009,SOURCE,T-Toxin Virulence Genes: Unconnected Dots in a Sea of Repeats,
M4-FUNG-0041:S004,SOURCE,DEC1/RED1 Tox1B genetics,
M4-FUNG-0041:S005,SOURCE,Two PKSs are required for T-toxin biosynthesis,
M4-FUNG-0041:S006,SOURCE,Six new genes required for production of T-toxin,
M4-FUNG-0041:S007,SOURCE,"ChLae1 and ChVel1 regulate T-toxin, virulence and development",
M4-FUNG-0041:S011,SOURCE,Mutations in maize mitochondrial T-urf13 eliminate pathotoxin sensitivity,
M4-FUNG-0041:S010,SOURCE,Haridas et al. Table S3 — C4 Tox1 coordinates,
M4-FUNG-0041:S012,SOURCE,T-toxin chain-length family,
M4-FUNG-0041:S013,SOURCE,URF13/T-toxin mitochondrial mechanism,
M4-FUNG-0041:S008,SOURCE,Tox1 evolutionary context and TOX10,
M4-FUNG-0042:S001,SOURCE,MIBiG BGC0000156.5,
M4-FUNG-0042:S003,SOURCE,Comparative Characterization of Fungal Anthracenone and Naphthacenedione Biosynt,
M4-FUNG-0042:S002,SOURCE,NCBI Taxonomy / genome — Aspergillus niger ATCC 1015,
M4-FUNG-0042:S004,SOURCE,"BMS-192548, a tetracyclic binding inhibitor of neuropeptide Y receptors, from As",
M4-FUNG-0042:S005,SOURCE,"BMS-192548, a tetracyclic binding inhibitor of neuropeptide Y receptors, from As",
M4-FUNG-0042:S006,SOURCE,Efficient genome editing using tRNA promoter-driven CRISPR/Cas9 gRNA in Aspergil,
M4-FUNG-0042:S008,SOURCE,"High-Titer Production of the Fungal Anhydrotetracycline, TAN-1612, in Engineered",
M4-FUNG-0042:S007,SOURCE,A community-driven reconstruction of the Aspergillus niger metabolic network,
M4-FUNG-0042:S009,SOURCE,Current status of secondary metabolite pathways linked to their related biosynth,
M4-FUNG-0042:S010,SOURCE,Methyltransferase Specificity Toward Secondary Metabolite Production in Aspergil,
M4-FUNG-0042:S011,SOURCE,"Saccharomyces cerevisiae as a tool for mining, studying and engineering fungal p",
M4-FUNG-0043:S001,SOURCE,MIBiG BGC0000160.3,
M4-FUNG-0043:S003,SOURCE,Molecular Genetic Characterization of Terreic Acid Pathway in Aspergillus terreu,
M4-FUNG-0043:S002,SOURCE,A. terreus NIH2624,
M4-FUNG-0043:S004,SOURCE,Heterologous pathway assembly reveals molecular steps of fungal terreic acid bio,
M4-FUNG-0043:S005,SOURCE,Identification of AtX as 6-methylsalicylic acid synthase by heterologous express,
M4-FUNG-0043:S010,SOURCE,antiSMASH output for BGC0000160.3,
M4-FUNG-0043:S006,SOURCE,Terreic acid is a covalent inhibitor of bacterial MurA,
M4-FUNG-0043:S007,SOURCE,Terreic acid inhibits Bruton's tyrosine kinase,
M4-FUNG-0043:S008,SOURCE,Terreic acid chemical identity,
M4-FUNG-0043:S011,SOURCE,A. terreus secondary-metabolite genome-mining review,
M4-FUNG-0044:S001,SOURCE,MIBiG BGC0000161.4,
M4-FUNG-0044:S003,SOURCE,Terrein Biosynthesis in Aspergillus terreus and Its Impact on Phytotoxicity,
M4-FUNG-0044:S002,SOURCE,NCBI/Ensembl Fungi — Aspergillus terreus NIH2624,
M4-FUNG-0044:S004,SOURCE,Phytotoxin production in Aspergillus terreus is regulated by independent environ,
M4-FUNG-0044:S005,SOURCE,A new high-performance heterologous fungal expression system based on regulatory,
M4-FUNG-0044:S006,SOURCE,Biosynthesis of 6-Hydroxymellein Requires a Collaborating Polyketide Synthase-li,
M4-FUNG-0044:S009,SOURCE,"The Histone Deacetylase HstD Regulates Fungal Growth, Development and Secondary ",
M4-FUNG-0044:S010,SOURCE,Aspergillus terreus species/ecology context,
M4-FUNG-0044:S011,SOURCE,"The terrein biosynthetic gene cluster of Aspergillus terreus: structure, functio",
M4-FUNG-0044:S007,SOURCE,Early Oxidative Transformations During the Biosynthesis of Terrein and Related N,
M4-FUNG-0044:S012,SOURCE,PubChem — Terrein,
M4-FUNG-0044:S013,SOURCE,Terreinlactone A and related metabolites from Aspergillus terreus,
M4-FUNG-0045:S001,SOURCE,MIBiG BGC0000168.5,
M4-FUNG-0045:S003,SOURCE,Identification of the viridicatumtoxin and griseofulvin gene clusters from Penic,
M4-FUNG-0045:S002,SOURCE,Penicillium aethiopicum taxonomy / Vrt protein annotations,
M4-FUNG-0045:S004,SOURCE,Discovery and characterization of fungal polycyclic-polyketide prenyltransferase,
M4-FUNG-0045:S005,SOURCE,A cytochrome P450 serves as an unexpected terpene cyclase during fungal meroterp,
M4-FUNG-0045:S006,SOURCE,Viridicatumtoxin analog and antibacterial studies,
M4-FUNG-0046:S001,SOURCE,MIBiG BGC0000170.3,
M4-FUNG-0046:S003,SOURCE,Molecular and chemical characterization of the biosynthesis of the 6-MSA-derived,
M4-FUNG-0046:S002,SOURCE,Aspergillus niger ATCC 1015,
M4-FUNG-0046:S004,SOURCE,Secondary-metabolite pathways in Aspergillus section Nigri,
M4-FUNG-0047:S001,SOURCE,MIBiG BGC0000292.4,
M4-FUNG-0047:S003,SOURCE,Biosynthetic pathway for the epipolythiodioxopiperazine acetylaranotin in Asperg,
M4-FUNG-0047:S002,SOURCE,Aspergillus terreus NIH2624,
M4-FUNG-0048:S001,SOURCE,MIBiG BGC0000293.3,
M4-FUNG-0048:S003,SOURCE,Acetylaszonalenin biosynthesis by an NRPS-prenyltransferase-acetyltransferase pa,
M4-FUNG-0048:S002,SOURCE,Aspergillus fischeri NRRL181,
M4-FUNG-0048:S004,SOURCE,Anthranilate-activating modules from fungal nonribosomal peptide assembly lines,
M4-FUNG-0049:S001,SOURCE,MIBiG BGC0000304.4,
M4-FUNG-0049:S003,SOURCE,Functional characterization and manipulation of the apicidin biosynthetic pathwa,
M4-FUNG-0049:S002,SOURCE,Fusarium incarnatum,
M4-FUNG-0049:S004,SOURCE,Accessory-chromosome acquired secondary metabolism in plant pathogenic fungi,
M4-FUNG-0049:S005,SOURCE,"Apicidin, a histone deacetylase inhibitor with antiparasitic activity",
M4-FUNG-0050:S001,SOURCE,MIBiG BGC0000307.4,
M4-FUNG-0050:S003,SOURCE,Cloning and molecular characterization of the gene encoding the Aureobasidin A b,
M4-FUNG-0050:S002,SOURCE,Aureobasidium pullulans,
M4-FUNG-0050:S004,SOURCE,Structure of aureobasidin A,
M4-FUNG-0050:S005,SOURCE,Precursor directed biosynthesis of aureobasidins,
M4-FUNG-0050:S006,SOURCE,Genome sequencing of Aureobasidium pullulans varieties,
M4-FUNG-0050:S007,SOURCE,Aureobasidin A target literature,
M4-FUNG-0051:S001,SOURCE,MIBiG BGC0000312.4,
M4-FUNG-0051:S003,SOURCE,"Biosynthesis of the cyclooligomer depsipeptide bassianolide, an insecticidal vir",
M4-FUNG-0051:S002,SOURCE,Beauveria bassiana,
M4-FUNG-0052:S001,SOURCE,MIBiG BGC0000313.4,
M4-FUNG-0052:S003,SOURCE,"Biosynthesis of the cyclooligomer depsipeptide beauvericin, a virulence factor o",
M4-FUNG-0052:S002,SOURCE,Beauveria bassiana,
M4-FUNG-0052:S004,SOURCE,Ketoisovalerate reductase and D-Hiv precursor supply for fungal cyclodepsipeptid,
M4-FUNG-0052:S005,SOURCE,Beauvericin chemistry and bioactivity,
M4-FUNG-0053:S001,SOURCE,MIBiG BGC0000317.4 retired / Fungal BGC Atlas seed,
M4-FUNG-0053:S003,SOURCE,Characterization of the Cephalosporium acremonium pcbAB gene and linkage to pcbC,
M4-FUNG-0053:S013,SOURCE,Index Fungorum — Acremonium chrysogenum current name Hapsidospora chrysogena,
M4-FUNG-0053:S002,SOURCE,Genome Sequence and Annotation of Acremonium chrysogenum ATCC11550,
M4-FUNG-0053:S004,SOURCE,CefP peroxisome membrane protein essential for IPN conversion to cephalosporin C,
M4-FUNG-0053:S005,SOURCE,The transporter CefM involved in translocation of biosynthetic intermediates is ,
M4-FUNG-0053:S006,SOURCE,CefR modulates beta-lactam intermediate transporters and increases cephalosporin,
M4-FUNG-0053:S007,SOURCE,Cephalosporin C biosynthesis and fermentation in Acremonium chrysogenum,
M4-FUNG-0053:S008,SOURCE,Gene organization and plasticity of beta-lactam genes in filamentous fungi,
M4-FUNG-0053:S009,SOURCE,The enzymes of beta-lactam biosynthesis,
M4-FUNG-0053:S010,SOURCE,Unraveling the methionine-cephalosporin puzzle,
M4-FUNG-0053:S011,SOURCE,Solid-state and submerged fermentations show different gene expression profiles ,
M4-FUNG-0053:S012,SOURCE,The cefT gene encodes a putative multidrug efflux pump that increases cephalospo,
M4-FUNG-0054:S001,SOURCE,MIBiG BGC0000318.2 retired / Fungal BGC Atlas seed,
M4-FUNG-0054:S003,SOURCE,Cloning and disruption of cefG encoding deacetylcephalosporin C O-acetyltransfer,
M4-FUNG-0054:S011,SOURCE,Index Fungorum — Acremonium chrysogenum current name Hapsidospora chrysogena,
M4-FUNG-0054:S002,SOURCE,Acremonium chrysogenum ATCC11550 genome,
M4-FUNG-0054:S004,SOURCE,CefG cDNA and catalytic expression in yeast,
M4-FUNG-0054:S005,SOURCE,Cephalosporin C biosynthesis and fermentation in Acremonium chrysogenum,
M4-FUNG-0054:S006,SOURCE,The enzymes of beta-lactam biosynthesis,
M4-FUNG-0054:S007,SOURCE,Gene organization and plasticity of beta-lactam genes in filamentous fungi,
M4-FUNG-0054:S008,SOURCE,Recombinant Acremonium chrysogenum strains for industrial cephalosporin producti,
M4-FUNG-0054:S009,SOURCE,Unraveling the methionine-cephalosporin puzzle,
M4-FUNG-0054:S010,SOURCE,Molecular cloning of cefG cDNA and expression of catalytic activity in yeast,
M4-FUNG-0055:S001,SOURCE,MIBiG BGC0000321.4,
M4-FUNG-0055:S004,SOURCE,Cloning and sequencing of the chaetocin biosynthetic gene cluster,
M4-FUNG-0055:S002,SOURCE,NCBI Taxonomy: Achaetomiella virescens (Collariella virescens homotypic synonym),
M4-FUNG-0055:S006,SOURCE,Epidithiodiketopiperazine biosynthesis review,
M4-FUNG-0055:S003,SOURCE,GenBank KF496217.1,
M4-FUNG-0055:S005,SOURCE,Historical chaetocin isolation/chemistry,
M4-FUNG-0056:S001,SOURCE,MIBiG BGC0000334.4,
M4-FUNG-0056:S004,SOURCE,"The genome of Tolypocladium inflatum: evolution, organization, and expression of",
M4-FUNG-0056:S002,SOURCE,NCBI Taxonomy: Tolypocladium inflatum,
M4-FUNG-0056:S005,SOURCE,Cyclosporine Biosynthesis in Tolypocladium inflatum Benefits Fungal Adaptation t,
M4-FUNG-0056:S003,SOURCE,GenBank QEPI01000018.1,
M4-FUNG-0057:S001,SOURCE,MIBiG BGC0000337.4,
M4-FUNG-0057:S004,SOURCE,Unveiling the biosynthetic puzzle of destruxins in Metarhizium species,
M4-FUNG-0057:S002,SOURCE,NCBI Taxonomy: Metarhizium robertsii ARSEF 23,
M4-FUNG-0057:S003,SOURCE,GenBank GL698760.1,
M4-FUNG-0057:S005,SOURCE,"Correction for Wang et al., Unveiling the biosynthetic puzzle of destruxins in M",
M4-FUNG-0057:S006,SOURCE,"Correction to Supporting Information for Wang et al., Unveiling the biosynthetic",
M4-FUNG-0058:S001,SOURCE,MIBiG BGC0000338.4,
M4-FUNG-0058:S004,SOURCE,Identification and characterization of the echinocandin B biosynthetic gene clus,
M4-FUNG-0058:S006,SOURCE,Echinocandin B biosynthesis: reassembly of the Ecd and Hty subclusters from Aspe,
M4-FUNG-0058:S007,SOURCE,ATCC 58397 — Aspergillus pachycristatus,
M4-FUNG-0058:S005,SOURCE,Functional analysis of EcdB in echinocandin B biosynthesis,
M4-FUNG-0058:S002,SOURCE,NCBI Taxonomy: Aspergillus rugulosus,
M4-FUNG-0058:S003,SOURCE,GenBank JX421684.1,
M4-FUNG-0059:S001,SOURCE,MIBiG BGC0000342.4,
M4-FUNG-0059:S004,SOURCE,Molecular characterization of the enniatin synthetase gene encoding a multifunct,
M4-FUNG-0059:S002,SOURCE,NCBI Taxonomy: Fusarium equiseti,
M4-FUNG-0059:S005,SOURCE,"Enniatins and beauvericin: chemistry, biosynthesis and toxicology review",
M4-FUNG-0059:S003,SOURCE,GenBank Z18755.3,
M4-FUNG-0059:S006,SOURCE,Constitutive Expression of Enniatin Synthetase during Fermentative Growth of Fus,
M4-FUNG-0060:S001,SOURCE,MIBiG BGC0000348.4,
M4-FUNG-0060:S004,SOURCE,A complex ergovaline gene cluster in epichloe endophytes of grasses,
M4-FUNG-0060:S002,SOURCE,NCBI Taxonomy: Epichloe festucae var. lolii,
M4-FUNG-0060:S005,SOURCE,Genetic Manipulation of the Ergot Alkaloid Pathway in Epichloë festucae var. lol,
M4-FUNG-0060:S003,SOURCE,GenBank EF125025.1,
M4-FUNG-0061:S001,SOURCE,MIBiG BGC0000355.5,
M4-FUNG-0061:S004,SOURCE,Anthranilate-activating modules from fungal nonribosomal peptide assembly lines,
M4-FUNG-0061:S002,SOURCE,NCBI Taxonomy: Aspergillus fumigatus Af293,
M4-FUNG-0061:S006,SOURCE,Co-ordination between BrlA regulation and secretion of FmqD directs selective ac,
M4-FUNG-0061:S007,SOURCE,Transcriptional Control of the Production of Aspergillus fumigatus Conidia-Borne,
M4-FUNG-0061:S003,SOURCE,GenBank CM000174.1,
M4-FUNG-0061:S005,SOURCE,Enzymatic processing of fumiquinazoline F: a tandem oxidative-acylation strategy,
M4-FUNG-0062:S001,SOURCE,MIBiG BGC0000357.5,
M4-FUNG-0062:S004,SOURCE,A non-canonical NRPS is involved in the synthesis of fungisporin and related hyd,
M4-FUNG-0062:S002,SOURCE,NCBI Taxonomy: Penicillium rubens Wisconsin 54-1255,
M4-FUNG-0062:S003,SOURCE,GenBank AM920431.1,
M4-FUNG-0063:S001,SOURCE,MIBiG BGC0000361.5,
M4-FUNG-0063:S004,SOURCE,Bioinformatic and expression analysis of the putative gliotoxin biosynthetic gen,
M4-FUNG-0063:S002,SOURCE,NCBI Taxonomy: Aspergillus fumigatus Af293,
M4-FUNG-0063:S005,SOURCE,Deletion of gliP results in loss of gliotoxin production but has no effect on vi,
M4-FUNG-0063:S006,SOURCE,"GliZ, a transcriptional regulator of gliotoxin biosynthesis, contributes to Aspe",
M4-FUNG-0063:S007,SOURCE,Transannular disulfide formation in gliotoxin biosynthesis and its role in self-,
M4-FUNG-0063:S008,SOURCE,"Interplay between Gliotoxin Resistance, Secretion, and the Methyl/Methionine Cyc",
M4-FUNG-0063:S003,SOURCE,Historical representative GenBank contig AAHF01000006.1,
M4-FUNG-0064:S001,SOURCE,MIBiG BGC0000370.3,
M4-FUNG-0064:S004,SOURCE,An extended physical map of the TOX2 locus of Cochliobolus carbonum required for,
M4-FUNG-0064:S002,SOURCE,NCBI Taxonomy: Bipolaris zeicola,
M4-FUNG-0064:S005,SOURCE,A cyclic peptide synthetase gene required for pathogenicity of Cochliobolus carb,
M4-FUNG-0064:S006,SOURCE,A fatty acid synthase gene in Cochliobolus carbonum required for production of H,
M4-FUNG-0064:S007,SOURCE,Regulation of cyclic peptide biosynthesis and pathogenicity by TOXEp,
M4-FUNG-0064:S008,SOURCE,A putative branched-chain-amino-acid transaminase gene required for HC-toxin bio,
M4-FUNG-0064:S010,SOURCE,Inhibition of maize histone deacetylases by HC toxin,
M4-FUNG-0064:S003,SOURCE,GenBank M98024.2,
M4-FUNG-0064:S009,SOURCE,Reduced virulence caused by meiotic instability of the TOX2 chromosome,
M4-FUNG-0064:S014,SOURCE,A transposon-like sequence at the TOX2 locus,
M4-FUNG-0064:S011,SOURCE,"Enzymatic Detoxification of HC-toxin, the Host-Selective Cyclic Peptide from Coc",
M4-FUNG-0064:S012,SOURCE,A putative cyclic peptide efflux pump encoded by TOXA,
M4-FUNG-0064:S013,SOURCE,The cyclic peptide synthetase catalyzing HC-toxin production is encoded by a 15.,
M4-FUNG-0065:S001,SOURCE,MIBiG BGC0000372.5,
M4-FUNG-0065:S003,SOURCE,A nonribosomal peptide synthetase-derived iron(III) complex from the pathogenic ,
M4-FUNG-0065:S002,SOURCE,NCBI Taxonomy: Aspergillus fumigatus Af293,
M4-FUNG-0065:S004,SOURCE,Perturbations in small molecule synthesis uncovers an iron-responsive secondary ,
M4-FUNG-0065:S005,SOURCE,HasE 7-dimethylallyl tryptophan synthase annotation,
M4-FUNG-0066:S001,SOURCE,MIBiG BGC0000404.4,
M4-FUNG-0066:S003,SOURCE,Transcriptional and bioinformatic analysis of the 56.8 kb DNA region amplified i,
M4-FUNG-0066:S002,SOURCE,NCBI Taxonomy: Penicillium chrysogenum,
M4-FUNG-0066:S004,SOURCE,The penicillin gene cluster is amplified in tandem repeats linked by conserved h,
M4-FUNG-0066:S005,SOURCE,Nonlinear biosynthetic gene cluster dose effect on penicillin production by Peni,
M4-FUNG-0066:S006,SOURCE,Functional characterization of the penicillin biosynthetic gene cluster of Penic,
M4-FUNG-0066:S007,SOURCE,LaeA regulation of penicillin production in Penicillium chrysogenum,
M4-FUNG-0066:S008,SOURCE,Peroxisomal compartmentation of penicillin biosynthesis in Penicillium chrysogen,
M4-FUNG-0067:S001,SOURCE,MIBiG BGC0000405.5,
M4-FUNG-0067:S003,SOURCE,Functional characterization of the penicillin biosynthetic gene cluster of Penic,
M4-FUNG-0067:S002,SOURCE,NCBI Taxonomy: Penicillium chrysogenum,
M4-FUNG-0067:S004,SOURCE,Cloning and heterologous expression of the penicillin biosynthetic gene cluster ,
M4-FUNG-0067:S005,SOURCE,Nonlinear biosynthetic gene cluster dose effect on penicillin production by Peni,
M4-FUNG-0067:S006,SOURCE,Peroxisomal compartmentation of penicillin biosynthesis in Penicillium chrysogen,
M4-FUNG-0068:S001,SOURCE,MIBiG BGC0000420.5,
M4-FUNG-0068:S003,SOURCE,The roquefortine/meleagrine pathway in Penicillium chrysogenum: gene function an,
M4-FUNG-0068:S002,SOURCE,NCBI Taxonomy: Penicillium rubens Wisconsin 54-1255,
M4-FUNG-0068:S004,SOURCE,Branching and convergence in roquefortine/meleagrine biosynthesis,
M4-FUNG-0068:S005,SOURCE,LaeA regulates penicillin but not roquefortine C in Penicillium chrysogenum,
M4-FUNG-0069:S001,SOURCE,MIBiG BGC0000442.5,
M4-FUNG-0069:S003,SOURCE,A five-gene fungal pathway for terrequinone A reconstructed in Escherichia coli,
M4-FUNG-0069:S002,SOURCE,NCBI Taxonomy: Aspergillus nidulans FGSC A4,
M4-FUNG-0069:S004,SOURCE,LaeA-based secondary-metabolite cluster boundary prediction and validation in As,
M4-FUNG-0069:S005,SOURCE,The Aspergillus nidulans enzyme TdiB catalyzes prenyltransfer to asterriquinone ,
M4-FUNG-0070:S001,SOURCE,MIBiG BGC0000456.2 retired,
M4-FUNG-0070:S003,SOURCE,Biosynthetic genes and precursor supply for the cyclic lipopeptide verlamelin,
M4-FUNG-0070:S002,SOURCE,NCBI Taxonomy: Lecanicillium sp.,
M4-FUNG-0070:S005,SOURCE,"UniProtKB A0A024F910: VlmS, Lecanicillium sp. HF627",
M4-FUNG-0070:S004,SOURCE,Verlamelin synthetase VlmS module architecture,
M4-FUNG-0071:S001,SOURCE,MIBiG BGC0000627.4,
M4-FUNG-0071:S004,SOURCE,Characterization of the biosynthetic gene cluster for the ribosomally synthesize,
M4-FUNG-0071:S002,SOURCE,NCBI Taxonomy: Aspergillus flavus NRRL3357,
M4-FUNG-0071:S003,SOURCE,MIDDAS-M: transcriptome-guided de novo detection of secondary metabolite cluster,
M4-FUNG-0071:S005,SOURCE,Expression of ustR and the Golgi protease KexB are required for ustiloxin B bios,
M4-FUNG-0071:S006,SOURCE,Unveiling the biosynthetic pathway of the RiPP ustiloxin B in filamentous fungi,
M4-FUNG-0072:S001,SOURCE,MIBiG BGC0000629.2 retired,
M4-FUNG-0072:S003,SOURCE,Identification and analysis of the aflatrem biosynthetic gene cluster in Aspergi,
M4-FUNG-0072:S002,SOURCE,NCBI Taxonomy: Aspergillus flavus,
M4-FUNG-0072:S004,SOURCE,Two discrete gene clusters on separate chromosomes are required for aflatrem bio,
M4-FUNG-0072:S005,SOURCE,"Production of cyclopiazonic acid, aflatrem, and aflatoxin by Aspergillus flavus ",
M4-FUNG-0073:S001,SOURCE,MIBiG BGC0000631.5,
M4-FUNG-0073:S003,SOURCE,The Sesquiterpene Synthase from the Botrydial Biosynthetic Gene Cluster of the P,
M4-FUNG-0073:S002,SOURCE,NCBI Taxonomy: Botrytis cinerea B05.10,
M4-FUNG-0073:S007,SOURCE,The botrydial biosynthetic gene cluster of Botrytis cinerea displays a bipartite,
M4-FUNG-0073:S005,SOURCE,Functional analysis of the cytochrome P450 monooxygenase gene bcbot1 of Botrytis,
M4-FUNG-0073:S006,SOURCE,Genetic and Molecular Basis of Botrydial Biosynthesis: Connecting Cytochrome P45,
M4-FUNG-0073:S004,SOURCE,Biosynthesis of the Sesquiterpene Botrydial in Botrytis cinerea: Mechanism and S,
M4-FUNG-0074:S001,SOURCE,MIBiG BGC0000667.3,
M4-FUNG-0074:S003,SOURCE,Molecular characterization of the PR-toxin gene cluster in Penicillium roquefort,
M4-FUNG-0074:S002,SOURCE,NCBI Taxonomy: Penicillium roqueforti FM164,
M4-FUNG-0074:S004,SOURCE,Penicillium roqueforti PR toxin gene cluster characterization,
M4-FUNG-0074:S005,SOURCE,Secondary Metabolites Produced by the Blue-Cheese Ripening Mold Penicillium roqu,
M4-FUNG-0074:S006,SOURCE,Different metabolite profiles across Penicillium roqueforti populations associat,
M4-FUNG-0075:S001,SOURCE,MIBiG BGC0000673.3,
M4-FUNG-0075:S003,SOURCE,Identification and characterization of a novel diterpene gene cluster in Aspergi,
M4-FUNG-0075:S002,SOURCE,NCBI Taxonomy: Aspergillus nidulans FGSC A4,
M4-FUNG-0075:S005,SOURCE,Probing Labdane-Related Diterpenoid Biosynthesis in the Fungal Genus Aspergillus,
M4-FUNG-0075:S006,SOURCE,Discovery of a dimeric isopimarane derivative by reexploring a labdane-related d,
M4-FUNG-0075:S004,SOURCE,"Isolation and purification of ent-pimara-8(14),15-diene from engineered Aspergil",
M4-FUNG-0076:S001,SOURCE,MIBiG BGC0000676.5,
M4-FUNG-0076:S003,SOURCE,Cloning of a Gene Cluster Responsible for the Biosynthesis of Diterpene Aphidico,
M4-FUNG-0076:S002,SOURCE,NCBI Taxonomy: Neocamarosporium betae,
M4-FUNG-0076:S004,SOURCE,Total Biosynthesis of Diterpene Aphidicolin: Heterologous Expression of Four Bio,
M4-FUNG-0076:S005,SOURCE,Subcellular localization of aphidicolin biosynthetic enzymes heterologously expr,
M4-FUNG-0076:S006,SOURCE,Phylogenetic revision of Camarosporium and allied genera,
M4-FUNG-0076:S007,SOURCE,"Genome Resource for Neocamarosporium betae, the Cause of Phoma Leaf Spot and Roo",
M4-FUNG-0076:S008,SOURCE,Biosynthesis of diterpenoid aphidicolin: Isolation of intermediates from P-450 i,
M4-FUNG-0077:S001,SOURCE,MIBiG BGC0000680.2 retired,
M4-FUNG-0077:S003,SOURCE,Two separate gene clusters encode the biosynthetic pathway for the meroterpenoid,
M4-FUNG-0077:S002,SOURCE,NCBI Taxonomy: Aspergillus nidulans FGSC A4,
M4-FUNG-0078:S001,SOURCE,MIBiG BGC0000682.3,
M4-FUNG-0078:S003,SOURCE,Molecular genetic characterization of a cluster in A. terreus for biosynthesis o,
M4-FUNG-0078:S002,SOURCE,NCBI Taxonomy: Aspergillus terreus NIH2624,
M4-FUNG-0078:S004,SOURCE,late-stage terretonin biosynthesis and oxidative/ring-remodeling enzymes,
M4-FUNG-0079:S001,SOURCE,2024,
M4-FUNG-0079:S003,SOURCE,2008,
M4-FUNG-0079:S002,SOURCE,2026,
M4-FUNG-0080:S001,SOURCE,2024,
M4-FUNG-0080:S003,SOURCE,2009,
M4-FUNG-0080:S002,SOURCE,2026,
M4-FUNG-0080:S004,SOURCE,2009,
M4-FUNG-0080:S005,SOURCE,2011,
M4-FUNG-0081:S001,SOURCE,2024,
M4-FUNG-0081:S003,SOURCE,2009,
M4-FUNG-0081:S002,SOURCE,2026,
M4-FUNG-0081:S004,SOURCE,2017,
M4-FUNG-0082:S001,SOURCE,2024,
M4-FUNG-0082:S003,SOURCE,2008,
M4-FUNG-0082:S002,SOURCE,2026,
M4-FUNG-0083:S001,SOURCE,2024,
M4-FUNG-0083:S003,SOURCE,2008,
M4-FUNG-0083:S002,SOURCE,2026,
M4-FUNG-0084:S001,SOURCE,2024,
M4-FUNG-0084:S002,SOURCE,2026,
M4-FUNG-0084:S003,SOURCE,2005,
M4-FUNG-0084:S004,SOURCE,2006,
M4-FUNG-0085:S001,SOURCE,2024,
M4-FUNG-0085:S002,SOURCE,2026,
M4-FUNG-0085:S003,SOURCE,2010,
M4-FUNG-0085:S004,SOURCE,2014,
M4-FUNG-0086:S001,SOURCE,2024,
M4-FUNG-0086:S002,SOURCE,2026,
M4-FUNG-0086:S003,SOURCE,2005,
M4-FUNG-0086:S004,SOURCE,2008,
M4-FUNG-0086:S006,SOURCE,2009,
M4-FUNG-0087:S001,SOURCE,"MIBiG BGC0000816.5; 20,179-bp complete cluster",
M4-FUNG-0087:S002,SOURCE,Comparative analysis of fungal bicyclo[2.2.2]diazaoctane indole alkaloid pathway,
M4-FUNG-0088:S001,SOURCE,"MIBiG BGC0000818.5; 43,815-bp complete cluster",
M4-FUNG-0088:S002,SOURCE,"Comparative analysis of (+)/(−)-notoamide, paraherquamide and malbrancheamide pa",
M4-FUNG-0089:S001,SOURCE,"MIBiG BGC0000819.5; 47,884-bp complete cluster",
M4-FUNG-0089:S002,SOURCE,Comparative analysis of fungal bicyclo[2.2.2]diazaoctane pathways; PMID 23213353,
M4-FUNG-0090:S001,SOURCE,"MIBiG BGC0000894.4; partial 44,000-bp citrinin record",
M4-FUNG-0090:S002,SOURCE,M4 fungal source metadata; TaxID 225353,
M4-FUNG-0091:S001,SOURCE,"MIBiG BGC0000900.5; 9,052-bp ferrichrome record",
M4-FUNG-0091:S002,SOURCE,JP2003125779A; historical assignment only,
M4-FUNG-0092:S001,SOURCE,"MIBiG BGC0000901.5; 23,114-bp ferrichrome record",
M4-FUNG-0092:S002,SOURCE,TaxID 5061; DJ389528.1,
M4-FUNG-0092:S003,SOURCE,Genome mining and functional genomics for siderophore production in Aspergillus ,
M4-FUNG-0093:S001,SOURCE,"MIBiG BGC0000930.4; 30,159-bp nivalenol cluster",
M4-FUNG-0093:S003,SOURCE,Tri13 and Tri7 determine DON/NIV chemotypes; DOI 10.1128/AEM.68.5.2148-2154.2002,
M4-FUNG-0093:S002,SOURCE,TaxID 5518; AF336365.2,
M4-FUNG-0094:S001,SOURCE,BGC0000931.2; retired; AF336366.2; source PMIDs 11425709 and 11976083,
M4-FUNG-0095:S001,SOURCE,MIBiG BGC0000959.5; complete aspyridone A/B record,
M4-FUNG-0095:S002,SOURCE,TaxID 227321; BN001305.1,
M4-FUNG-0096:S001,SOURCE,"MIBiG BGC0000968.5; complete 25,930-bp chaetoglobosin A/C cluster",
M4-FUNG-0096:S002,SOURCE,AM779763.1; TaxID 27334; bibliography reviewed,
M4-FUNG-0097:S001,SOURCE,MIBiG BGC0000977.4,
M4-FUNG-0097:S002,SOURCE,NCBI Taxonomy TaxID 5062,
M4-FUNG-0097:S003,SOURCE,Kato et al. 2011; DOI 10.1002/cbic.201000672; PMID 21608094,
M4-FUNG-0098:S001,SOURCE,MIBiG BGC0000983.5,
M4-FUNG-0098:S002,SOURCE,Qiao et al. 2011; DOI 10.1016/j.ymben.2011.09.008; PMID 21983160,
M4-FUNG-0099:S001,SOURCE,MIBiG BGC0000992.4,
M4-FUNG-0100:S001,SOURCE,MIBiG BGC0001026.3,
M4-FUNG-0100:S002,SOURCE,Donzelli et al. 2010; DOI 10.1007/s00294-010-0288-0; PMID 20355253,
M4-FUNG-0101:S001,SOURCE,MIBiG BGC0001030.3,
M4-FUNG-0101:S002,SOURCE,Penicillium OTA cluster study; PMID 23605586; DOI 10.1007/BF02956777,
M4-FUNG-0102:S001,SOURCE,MIBiG BGC0001035.5,
M4-FUNG-0102:S002,SOURCE,Genomics-driven discovery of pneumocandin BGC; PMID 23688303,
M4-FUNG-0103:S001,SOURCE,MIBiG BGC0001037.5,
M4-FUNG-0103:S002,SOURCE,Wiemann et al. 2013; DOI 10.1073/pnas.1313258110; PMID 24082142,
M4-FUNG-0104:S001,SOURCE,MIBiG BGC0001044.4,
M4-FUNG-0104:S002,SOURCE,Sirodesmin production during B. napus infection; PMID 20507539,
M4-FUNG-0104:S004,SOURCE,cross-pathway control; DOI 10.1186/1471-2180-11-169; PMID 21791055,
M4-FUNG-0105:S001,SOURCE,MIBiG BGC0001049.4,
M4-FUNG-0105:S003,SOURCE,Inductive Production of Iron-Chelating 2-Pyridones; PMID 34903054,
M4-FUNG-0106:S001,SOURCE,MIBiG BGC0001057.4,
M4-FUNG-0106:S002,SOURCE,Kim et al. 2005; DOI 10.1111/j.1365-2958.2005.04884.x; PMID 16262793,
M4-FUNG-0107:S001,SOURCE,"MIBiG BGC0001067.5; current display 65,154 bp; active/SQ_A/complete",
M4-FUNG-0108:S001,SOURCE,BGC0001081 retired historical record; AY742903.1,
M4-FUNG-0108:S002,SOURCE,Young et al. 2005; PMID 15991026; DOI 10.1007/s00438-005-1130-0,
M4-FUNG-0109:S001,SOURCE,MIBiG BGC0001082.4; eight-gene complete cluster,
M4-FUNG-0110:S001,SOURCE,"MIBiG BGC0001084.5; 42,030-bp complete locus",
M4-FUNG-0111:S001,SOURCE,"MIBiG BGC0001118.5; complete 45,498-bp display region",
M4-FUNG-0112:S001,SOURCE,BGC0001121 retired historical record,
M4-FUNG-0112:S002,SOURCE,Sanchez et al. 2010; DOI 10.1039/b904541d; PMID 20174687,
M4-FUNG-0113:S001,SOURCE,MIBiG BGC0001122; complete hybrid PKS-NRPS locus,
M4-FUNG-0113:S002,SOURCE,Gressler et al. 2011; DOI 10.1016/j.chembiol.2010.12.011; PMID 21236704,
M4-FUNG-0114:S001,SOURCE,"MIBiG BGC0001123.5; complete 57,817-bp locus",
M4-FUNG-0114:S002,SOURCE,aspirochlorine pathway study; PMID 25302411,
M4-FUNG-0115:S001,SOURCE,"MIBiG BGC0001124.4; active/SQ_A/completeness unknown; 48,012-bp display region",
M4-FUNG-0115:S002,SOURCE,Awakawa et al. 2013; DOI 10.1002/cbic.201300430; PMID 24106156,
M4-FUNG-0116:S001,SOURCE,"MIBiG BGC0001136.4; complete 20,147-bp locus",
M4-FUNG-0117:S001,SOURCE,"MIBiG BGC0001141.4; complete 37,663-nt record",
M4-FUNG-0118:S001,SOURCE,"MIBiG BGC0001142.4; 59,698-nt NRPS record",
M4-FUNG-0119:S001,SOURCE,"MIBiG BGC0001143.4; current 67,810-nt display",
M4-FUNG-0120:S001,SOURCE,MIBiG BGC0001144.4,
M4-FUNG-0120:S002,SOURCE,Chooi et al. 2013 Org Lett; PMID 23368997,
M4-FUNG-0120:S003,SOURCE,Yin et al. 2013 ACS Synth Biol; PMID 23758576,
M4-FUNG-0121:S001,SOURCE,"MIBiG/source record BGC0001158; retired, complete",
M4-FUNG-0122:S001,SOURCE,MIBiG BGC0001166.5; partial,
M4-FUNG-0123:S001,SOURCE,"MIBiG BGC0001187.4; partial 12,562-nt region",
M4-FUNG-0123:S002,SOURCE,PMID 26081635,
M4-FUNG-0124:S001,SOURCE,"MIBiG BGC0001190.3; 70,003-nt current display",
M4-FUNG-0125:S001,SOURCE,MIBiG BGC0001205.3,
M4-FUNG-0126:S001,SOURCE,MIBiG BGC0001218.3,
M4-FUNG-0126:S002,SOURCE,Liu et al. 2015 Fungal Genet Biol; PMID 25857260,
M4-FUNG-0127:S001,SOURCE,MIBiG BGC0001219.3; active/SQ_A; completeness unknown; CH408034.1:1404647-142814,
M4-FUNG-0127:S002,SOURCE,NCBI Taxonomy; Chaetomium globosum CBS 148.51; TaxID 306901,
M4-FUNG-0127:S003,SOURCE,"Sato et al. 2015, MedChemComm, DOI 10.1039/C4MD00352G",
M4-FUNG-0128:S001,SOURCE,MIBiG BGC0001220.4; 15-gene aculeacin A locus; NW_017962980.1:1840826-1901106,
M4-FUNG-0128:S002,SOURCE,NCBI Taxonomy; Aspergillus japonicus; TaxID 34381,
M4-FUNG-0128:S005,SOURCE,Bills et al. 2014; PMID 25156669,
M4-FUNG-0128:S003,SOURCE,"Jiang et al. 2013, JACS; PMID 23451921; echinocandin amino-acid tailoring oxygen",
M4-FUNG-0128:S004,SOURCE,Zhang et al. 2018; PMID 29987385; fungal proline hydroxylase in echinocandin bio,
M4-FUNG-0129:S001,SOURCE,Retired MIBiG BGC0001234.2 historical record,
M4-FUNG-0129:S002,SOURCE,NCBI Taxonomy; Aspergillus flavus NRRL3357; TaxID 332952,
M4-FUNG-0129:S003,SOURCE,"Forseth et al. 2013, Angew Chem Int Ed; DOI 10.1002/anie.201207456; PMID 2328104",
M4-FUNG-0130:S001,SOURCE,"MIBiG BGC0001238.3; FJ430072.1; 7,027 bp",
M4-FUNG-0130:S002,SOURCE,Source atlas/NCBI taxonomy for Aspergillus nidulans; TaxID 162425,
M4-FUNG-0130:S003,SOURCE,"Magliano et al. 2011, Fungal Genet Biol; DOI 10.1016/j.fgb.2010.08.004; PMID 207",
M4-FUNG-0130:S004,SOURCE,MIBiG BGC0001239.3; paired biotin entry from same primary study,
M4-FUNG-0131:S001,SOURCE,"MIBiG BGC0001239.3; FJ430073.1; 7,028 bp; biF-biDA-biB",
M4-FUNG-0131:S002,SOURCE,Source atlas/NCBI taxonomy for Aspergillus nidulans; TaxID 162425,
M4-FUNG-0131:S003,SOURCE,"Magliano et al. 2011, Fungal Genet Biol; DOI 10.1016/j.fgb.2010.08.004; PMID 207",
M4-FUNG-0131:S004,SOURCE,MIBiG BGC0001238.3; paired biotin entry from same primary study,
M4-FUNG-0132:S001,SOURCE,MIBiG BGC0001240.4; serinocyclin A/B; current display/evidence-boundary provenan,
M4-FUNG-0132:S002,SOURCE,NCBI/source atlas: Metarhizium robertsii; TaxID 568076,
M4-FUNG-0132:S003,SOURCE,"Moon et al. 2008, Appl Environ Microbiol; DOI 10.1128/AEM.00285-08; PMID 1850292",
M4-FUNG-0133:S001,SOURCE,"MIBiG BGC0001241.4; 77,498-nt ergot-alkaloid locus; 17 genes",
M4-FUNG-0133:S002,SOURCE,NCBI/source atlas: Claviceps fusiformis; TaxID 40602,
M4-FUNG-0133:S003,SOURCE,"Schardl et al. 2013, PLoS Genet; DOI 10.1371/journal.pgen.1003323",
M4-FUNG-0134:S001,SOURCE,"MIBiG BGC0001242.3; oxyjavanicin-labelled locus; 23,164 nt",
M4-FUNG-0134:S002,SOURCE,NCBI/source atlas: Fusarium fujikuroi; TaxID 5127,
M4-FUNG-0134:S003,SOURCE,"Studt et al. 2012, Appl Environ Microbiol; PMID 22492438",
M4-FUNG-0135:S001,SOURCE,Retired MIBiG BGC0001243.2; historical mixed Botrytis product record,
M4-FUNG-0135:S002,SOURCE,NCBI/source atlas: Botrytis cinerea; TaxID 40559,
M4-FUNG-0136:S001,SOURCE,"MIBiG BGC0001244.3; one-gene 5,358-bp (-)-mellein record",
M4-FUNG-0136:S002,SOURCE,NCBI/source atlas: Parastagonospora nodorum; TaxID 13684,
M4-FUNG-0136:S003,SOURCE,"Chooi et al. 2014, Appl Environ Microbiol; DOI 10.1128/AEM.02745-14; PMID 253263",
M4-FUNG-0137:S001,SOURCE,"MIBiG BGC0001245.3; 30,072-nt display; active/SQ_A/unknown",
M4-FUNG-0137:S003,SOURCE,NCBI Taxonomy: Lasiodiplodia theobromae; TaxID 45133,
M4-FUNG-0137:S002,SOURCE,"Xu et al. 2014, ACS Chemical Biology; DOI 10.1021/cb500043g; PMID 24597618",
M4-FUNG-0138:S001,SOURCE,"MIBiG BGC0001246.3; 28,428 nt; active/SQ_A/unknown; contig edge",
M4-FUNG-0138:S002,SOURCE,"Xu et al. 2014, ACS Chemical Biology; DOI 10.1021/cb500043g; PMID 24597618",
M4-FUNG-0139:S001,SOURCE,MIBiG BGC0001247 retired; GenBank AY649543.1,
M4-FUNG-0139:S004,SOURCE,"de Jonge et al. 2018, PNAS; PMID 29844193",
M4-FUNG-0139:S002,SOURCE,Choquer et al. 2005; CTB1 knockout/complementation; PMID 15915645,
M4-FUNG-0140:S001,SOURCE,"MIBiG BGC0001248; EU665687.1:1-4,300; active/SQ_A/unknown",
M4-FUNG-0140:S002,SOURCE,"Godio et al. 2007, Chemistry & Biology; DOI 10.1016/j.chembiol.2007.10.018; PMID",
M4-FUNG-0140:S003,SOURCE,"Godio & Martín 2009, Fungal Genetics and Biology; DOI 10.1016/j.fgb.2008.12.002;",
M4-FUNG-0141:S001,SOURCE,"MIBiG BGC0001249.5; JQ973666.1:1-6,120; NPS6 single-gene record",
M4-FUNG-0141:S002,SOURCE,"Chen et al. 2013, Molecular Plant Pathology; DOI 10.1111/mpp.12021; PMID 2343801",
M4-FUNG-0142:S001,SOURCE,"MIBiG BGC0001250.4 / antiSMASH; 14,073-nt sidN region; active/SQ_A/unknown",
M4-FUNG-0142:S002,SOURCE,"Johnson et al. 2013, PLoS Pathogens; DOI 10.1371/journal.ppat.1003332; PMID 2365",
M4-FUNG-0142:S003,SOURCE,Identification of extracellular siderophores from E. festucae; PMID 22196939,
M4-FUNG-0143:S001,SOURCE,"MIBiG BGC0001251.4; JN132407.1:1-15,433; active/SQ_A/unknown",
M4-FUNG-0143:S002,SOURCE,"Johnson et al. 2013, PLoS Pathogens; PMID 23658520",
M4-FUNG-0144:S001,SOURCE,"MIBiG BGC0001252.4; AB725683.1:1-7,958; ACRTS2",
M4-FUNG-0144:S002,SOURCE,"Izumi et al. 2012, Molecular Plant-Microbe Interactions; DOI 10.1094/MPMI-06-12-",
M4-FUNG-0145:S001,SOURCE,MIBiG BGC0001253 retired; reason: reference sequence contains only a single gene,
M4-FUNG-0145:S002,SOURCE,Miyamoto et al. 2010; ACTTS3 PKS and pathogenicity; PMID 20192828,
M4-FUNG-0146:S001,SOURCE,"MIBiG BGC0001254.3; AB516321.1:1-7,794; active/SQ_A/unknown",
M4-FUNG-0146:S002,SOURCE,"Miyamoto et al. 2010, Molecular Plant-Microbe Interactions; DOI 10.1094/MPMI-23-",
M4-FUNG-0147:S001,SOURCE,"MIBiG BGC0001255.4; active/SQ_A; completeness unknown; 41,299-bp region",
M4-FUNG-0147:S002,SOURCE,BGC_AUTOMATION_SOURCE_Fungal_BGC_Atlas; TaxID 42747; KC439347.1,
M4-FUNG-0147:S003,SOURCE,"Sims et al. 2005, Chem Commun; DOI 10.1039/B413523G; PMID 15724180",
M4-FUNG-0147:S004,SOURCE,"Kakule et al. 2013, ACS Chemical Biology; DOI 10.1021/cb400159f; PMID 23614392",
M4-FUNG-0147:S005,SOURCE,UniProtKB reviewed EqxS S4W172 and curated EqxC S4W4F3; functions linked to PMID,
M4-FUNG-0148:S001,SOURCE,MIBiG BGC0001256.2; retired/SQ_A; completeness unknown,
M4-FUNG-0148:S003,SOURCE,"Schneider et al. 2008, Fungal Genetics and Biology; DOI 10.1016/j.fgb.2008.08.00",
M4-FUNG-0148:S002,SOURCE,EU711405.1; TaxID 80604,
M4-FUNG-0148:S004,SOURCE,"Braesel et al. 2015, Chemistry & Biology; DOI 10.1016/j.chembiol.2015.08.016; PM",
M4-FUNG-0149:S001,SOURCE,"MIBiG BGC0001257.3; active/SQ_A; completeness unknown; 7,549 bp",
M4-FUNG-0149:S003,SOURCE,"Fulton et al. 1999, Molecular and General Genetics; DOI 10.1007/s004380051133; P",
M4-FUNG-0149:S002,SOURCE,AF151533.1; TaxID 96454,
M4-FUNG-0149:S004,SOURCE,MIBiG BGC0001258.3; Glarea lozoyensis DHN-melanin PKS record,
M4-FUNG-0150:S001,SOURCE,"MIBiG BGC0001258.3; active/SQ_A; completeness unknown; 14,995 bp",
M4-FUNG-0150:S003,SOURCE,"Zhang et al. 2003, Molecular Genetics and Genomics; DOI 10.1007/s00438-002-0780-",
M4-FUNG-0150:S002,SOURCE,AF549411.1:31-7590; TaxID 101852,
M4-FUNG-0150:S004,SOURCE,MIBiG BGC0001257.3; Nodulisporium DHN-melanin PKS record,
M4-FUNG-0151:S001,SOURCE,MIBiG BGC0001259.2; retired/SQ_A; completeness unknown,
M4-FUNG-0151:S002,SOURCE,EU086466.1; TaxID 40997,
M4-FUNG-0151:S003,SOURCE,"Liao & Chung 2008, MPMI; DOI 10.1094/MPMI-21-4-0469; PMID 18321192",
M4-FUNG-0151:S005,SOURCE,"Citrus-scab/elsinochrome molecular review summarizing light, pH, carbon and nitr",
M4-FUNG-0151:S004,SOURCE,TSF1 disruption/regulator study; PMID 18957608,
M4-FUNG-0152:S001,SOURCE,"MIBiG BGC0001260.3; active/SQ_A; completeness unknown; current 25,000-bp display",
M4-FUNG-0152:S002,SOURCE,AB725916.1:3424-18699; TaxID 124418,
M4-FUNG-0152:S003,SOURCE,"Motoyama et al. 2012/2013, Chemistry & Biology; DOI 10.1016/j.chembiol.2012.10.0",
M4-FUNG-0153:S001,SOURCE,"MIBiG BGC0001261.3; active/SQ_A; completeness unknown; 14,903 bp",
M4-FUNG-0153:S002,SOURCE,AF184074.1; TaxID 5599,
M4-FUNG-0153:S003,SOURCE,"Johnson et al. 2000, Molecular Plant-Microbe Interactions; DOI 10.1094/MPMI.2000",
M4-FUNG-0154:S001,SOURCE,"MIBiG BGC0001262.3; active/SQ_A; completeness unknown; 32,353 bp",
M4-FUNG-0154:S002,SOURCE,AB872924.1; TaxID 5599,
M4-FUNG-0154:S003,SOURCE,"Tanaka et al. 2000, Molecular Plant-Microbe Interactions; DOI 10.1094/MPMI.2000.",
M4-FUNG-0154:S004,SOURCE,"Takaoka et al. 2014, New Phytologist; DOI 10.1111/nph.12754; PMID 24611558",
M4-FUNG-0155:S001,SOURCE,MIBiG BGC0001263.2; retired/SQ_A; product label ergometrinine,
M4-FUNG-0155:S002,SOURCE,EU730584.1; TaxID 5111; source product ergometrinine,
M4-FUNG-0155:S003,SOURCE,"Haarmann et al. 2009, Journal of Biological Chemistry; DOI 10.1074/jbc.M80716820",
M4-FUNG-0156:S001,SOURCE,"MIBiG BGC0001264.3; active/SQ_A; completeness unknown; 50,001-bp current display",
M4-FUNG-0156:S002,SOURCE,TaxID 1979465; LC011911.1; historical Phoma betae / current Neocamarosporium bet,
M4-FUNG-0156:S003,SOURCE,"Ugai et al. 2015, Chemical Communications; DOI 10.1039/C4CC09512J; PMID 25530455",
M4-FUNG-0157:S001,SOURCE,Current MIBiG repository: BGC0001265.4; retired/SQ_A; completeness unknown; mela,
M4-FUNG-0157:S002,SOURCE,BGC Atlas source row: AB176546.1; Bipolaris oryzae; NCBI TaxID 101162,
M4-FUNG-0157:S003,SOURCE,"Moriwaki et al. 2004, FEMS Microbiology Letters; DOI 10.1016/j.femsle.2004.07.00",
M4-FUNG-0157:S004,SOURCE,"RNA-mediated PKS1 gene silencing in Bipolaris oryzae, FEMS Microbiology Letters ",
M4-FUNG-0158:S001,SOURCE,"Current MIBiG BGC0001266.3; active/SQ_A; completeness unknown; GU930713.1:1-29,9",
M4-FUNG-0158:S002,SOURCE,BGC Atlas source row; Cladonia grayi; NCBI TaxID 27339,
M4-FUNG-0158:S003,SOURCE,"Armaleo, Sun & Culberson 2011, Mycologia; DOI 10.3852/10-335; PMID 21289108",
M4-FUNG-0159:S001,SOURCE,"Current MIBiG BGC0001267.3; active/SQ_A; completeness unknown; EU006773.1:1-36,8",
M4-FUNG-0159:S002,SOURCE,BGC Atlas source row; Claviceps fusiformis; NCBI TaxID 40602,
M4-FUNG-0159:S003,SOURCE,"Lorenz et al. 2007, Applied and Environmental Microbiology; DOI 10.1128/AEM.0104",
M4-FUNG-0160:S001,SOURCE,"Current MIBiG BGC0001268.4; active/SQ_A; completeness unknown; JX308619.1:1-12,8",
M4-FUNG-0160:S002,SOURCE,BGC Atlas source row; Fusarium fujikuroi; NCBI TaxID 5127,
M4-FUNG-0160:S003,SOURCE,"Díaz-Sánchez et al. 2012, Applied and Environmental Microbiology; DOI 10.1128/AE",
M4-FUNG-0160:S004,SOURCE,"Niehaus et al. 2013, Chemistry & Biology; DOI 10.1016/j.chembiol.2013.07.004; PM",
M4-FUNG-0161:S001,SOURCE,Current MIBiG repository BGC0001269.2; retired/SQ_A; completeness unknown; histo,
M4-FUNG-0161:S002,SOURCE,BGC Atlas source row; AM886292.1; Sphaceloma manihoticola; NCBI TaxID 49223,
M4-FUNG-0161:S003,SOURCE,"Bömke et al. 2008, Applied and Environmental Microbiology; DOI 10.1128/AEM.00694",
M4-FUNG-0162:S001,SOURCE,Current MIBiG repository BGC0001270.2; retired/SQ_A; completeness unknown; histo,
M4-FUNG-0162:S002,SOURCE,BGC Atlas source row; Y15279.1; Fusarium fujikuroi; NCBI TaxID 5127,
M4-FUNG-0162:S003,SOURCE,"Historical GA-cluster genetics represented by source PMIDs 11472927, 12750377, 9",
M4-FUNG-0162:S004,SOURCE,MIBiG BGC0001604.3: active F. fujikuroi gibberellin biosynthetic gene cluster,
M4-FUNG-0163:S001,SOURCE,Current MIBiG repository BGC0001271.2; retired/SQ_A; completeness unknown; emeri,
M4-FUNG-0163:S002,SOURCE,BGC Atlas source row; Aspergillus nidulans FGSC A4; NCBI TaxID 227321,
M4-FUNG-0163:S003,SOURCE,"Sanchez et al. 2011, Genome-based deletion analysis reveals the prenyl xanthone ",
M4-FUNG-0164:S001,SOURCE,Current MIBiG repository BGC0001272.2; retired/SQ_A; completeness unknown; histo,
M4-FUNG-0164:S002,SOURCE,BGC Atlas source row; EU086466.1; Elsinoë fawcettii; NCBI TaxID 40997,
M4-FUNG-0164:S003,SOURCE,Genetic dissection of EfPKS1 and elsinochrome-associated pathogenesis; PMID 1832,
M4-FUNG-0164:S005,SOURCE,"van Heerden et al. 2024, BMC Genomics; PMID 39438784; conserved Elsinoë PKS-clus",
M4-FUNG-0164:S004,SOURCE,"Chung & Liao 2008, Microbiology; DOI 10.1099/mic.0.2008/019414-0; PMID 18957608",
M4-FUNG-0165:S001,SOURCE,"Current MIBiG BGC0001273.3; active/SQ_A; completeness unknown; AY540947.1:1-5,30",
M4-FUNG-0165:S003,SOURCE,"Bacha et al. 2009, Fungal Genetics and Biology; DOI 10.1016/j.fgb.2009.07.002; P",
M4-FUNG-0165:S002,SOURCE,BGC Atlas source row; Aspergillus ochraceus; NCBI TaxID 40380,
M4-FUNG-0166:S001,SOURCE,Current MIBiG repository BGC0001274.2; retired/SQ_A; completeness unknown; sopho,
M4-FUNG-0166:S002,SOURCE,BGC Atlas source row; HM440974.1; Starmerella bombicola; NCBI TaxID 75736,
M4-FUNG-0166:S003,SOURCE,"Van Bogaert et al. 2013, Molecular Microbiology; DOI 10.1111/mmi.12200; PMID 235",
M4-FUNG-0166:S004,SOURCE,2024 study revisiting the Starmerella bombicola sophorolipid pathway and SBLE/ac,
M4-FUNG-0167:S001,SOURCE,"MIBiG BGC0001275.3; active/SQ_A; completeness unknown; generated 9,951-bp region",
M4-FUNG-0167:S002,SOURCE,BGC Atlas source row; AY941322.1; Glarea lozoyensis; NCBI TaxID 101852,
M4-FUNG-0167:S003,SOURCE,"Lu et al. 2005, Mol Genet Genomics; DOI 10.1007/s00438-005-1132-y; PMID 15800788",
M4-FUNG-0167:S004,SOURCE,"Fujii et al. 1996, Aspergillus terreus atX 6-MSA synthase; PMID 9003280",
M4-FUNG-0168:S001,SOURCE,MIBiG BGC0001276.3; active/SQ_A; completeness unknown; 6-MSA record,
M4-FUNG-0168:S002,SOURCE,BGC Atlas source row; D85860.2; Aspergillus terreus; NCBI TaxID 33178,
M4-FUNG-0168:S003,SOURCE,"Fujii et al. 1996, Mol Gen Genet; DOI 10.1007/s004380050289; PMID 9003280",
M4-FUNG-0168:S004,SOURCE,"Lu et al. 2005, Glarea lozoyensis pks2; PMID 15800788",
M4-FUNG-0169:S001,SOURCE,MIBiG BGC0001277.4; active/SQ_A; completeness unknown,
M4-FUNG-0169:S002,SOURCE,BGC Atlas source row; AF359361.3; F. graminearum; TaxID 5518,
M4-FUNG-0169:S004,SOURCE,"TRI5 promoter/TRI6 engineering study; 45–200 to 1,200 mg/L 15-ADON",
M4-FUNG-0169:S003,SOURCE,"McCormick & Alexander 2002, Tri8; DOI 10.1128/AEM.68.6.2959-2964.2002; PMID 1203",
M4-FUNG-0170:S001,SOURCE,MIBiG BGC0001278.4; active/SQ_A; completeness unknown,
M4-FUNG-0170:S002,SOURCE,BGC Atlas source row; AF359360.3; F. sporotrichioides; TaxID 5514,
M4-FUNG-0170:S003,SOURCE,"Proctor et al. 1995, Tri6; DOI 10.1128/AEM.61.5.1923-1930.1995",
M4-FUNG-0170:S004,SOURCE,"Core-cluster comparison plus Tri10, Tri1 and Tri16 functional studies",
M4-FUNG-0171:S001,SOURCE,MIBiG BGC0001279.2; retired/SQ_A; completeness unknown,
M4-FUNG-0171:S002,SOURCE,BGC Atlas source row; AF009418.1; Paramyrothecium roridum; TaxID 1859971,
M4-FUNG-0171:S003,SOURCE,"Trapp et al. 1998, Mol Gen Genet; DOI 10.1007/s004380050666; PMID 9529523",
M4-FUNG-0171:S004,SOURCE,2024 Paramyrothecium roridum tri18 study; PMID 39293613,
M4-FUNG-0172:S001,SOURCE,MIBiG BGC0001280.4; retired/SQ_A; completeness unknown,
M4-FUNG-0172:S002,SOURCE,BGC Atlas source row; LC011911.1; TaxID 1979465; historical Phoma betae provenan,
M4-FUNG-0172:S003,SOURCE,"Ugai et al. 2015, Chem Commun; DOI 10.1039/c4cc09512j; PMID 25530455",
M4-FUNG-0173:S001,SOURCE,MIBiG BGC0001281.3; active/SQ_A; completeness unknown,
M4-FUNG-0173:S002,SOURCE,BGC Atlas source row; NC_026500.1; U. maydis 521; TaxID 237631,
M4-FUNG-0173:S003,SOURCE,"Teichmann et al. 2010, AEM; DOI 10.1128/AEM.02211-09; PMID 20173069",
M4-FUNG-0173:S004,SOURCE,UA biosynthetic-cluster genetics and fatty-acid tailoring studies cited by MIBiG,
M4-FUNG-0174:S001,SOURCE,MIBiG BGC0001282.2; retired/SQ_A; reported lolitriol,
M4-FUNG-0174:S002,SOURCE,BGC Atlas source row; KC990457.1; Epichloë coenophiala; TaxID 5047,
M4-FUNG-0174:S004,SOURCE,Lolitriol natural occurrence PMID 10554283; ltm genetics PMID 15991026 and 22750,
M4-FUNG-0174:S003,SOURCE,Schardl et al. 2013; PMID 23744053; KC990457/KC990458/KC990459 assigned to LOL c,
M4-FUNG-0175:S001,SOURCE,MIBiG BGC0001284.4; active/SQ_A; completeness unknown,
M4-FUNG-0175:S002,SOURCE,BGC Atlas source row; KP941080.1; P. nodorum SN15; TaxID 321614,
M4-FUNG-0175:S003,SOURCE,"Chooi et al. 2015, AEM; DOI 10.1128/AEM.00278-15; PMID 26025896",
M4-FUNG-0176:S001,SOURCE,MIBiG BGC0001286.3; active/SQ_A; completeness unknown,
M4-FUNG-0176:S002,SOURCE,BGC Atlas source row; KT852988.1; U. maydis; TaxID 5270; bibliography includes o,
M4-FUNG-0176:S003,SOURCE,"Geiser et al. 2016, Microb Biotechnol; DOI 10.1111/1751-7915.12329; PMID 2663952",
M4-FUNG-0177:S001,SOURCE,"MIBiG BGC0001290.4; current display 4,210,453–4,282,984; active/SQ_A; completene",
M4-FUNG-0177:S002,SOURCE,BGC Atlas source row M4-FUNG-0177; BN001307.1; TaxID 227321,
M4-FUNG-0177:S003,SOURCE,"Chiang et al. 2008, Chem Biol; DOI 10.1016/j.chembiol.2008.05.010; PMID 18559263",
M4-FUNG-0178:S001,SOURCE,"MIBiG BGC0001304.3; current display 1,124,762–1,170,207; five seed genes; active",
M4-FUNG-0178:S002,SOURCE,BGC Atlas source row M4-FUNG-0178; EQ963475.1; TaxID 332952,
M4-FUNG-0178:S003,SOURCE,"Cary et al. 2015, Eukaryot Cell; DOI 10.1128/EC.00092-15; PMID 26209694",
M4-FUNG-0179:S001,SOURCE,"MIBiG BGC0001305.4; current display 1,327,199–1,374,844; active/SQ_A/unknown",
M4-FUNG-0179:S002,SOURCE,BGC Atlas source row M4-FUNG-0179; HF679030.1; TaxID 1279085,
M4-FUNG-0179:S003,SOURCE,"von Bargen et al. 2015, J Nat Prod; DOI 10.1021/np5008137; PMID 26192387",
M4-FUNG-0180:S001,SOURCE,"MIBiG BGC0001306.3; EQ963476.1:840,072–846,480; active/SQ_A/unknown",
M4-FUNG-0180:S002,SOURCE,BGC Atlas source row M4-FUNG-0180; TaxID 332952,
M4-FUNG-0180:S003,SOURCE,"Nagano et al. 2016, Fungal Genet Biol; DOI 10.1016/j.fgb.2015.12.010; PMID 26703",
M4-FUNG-0181:S001,SOURCE,Historical MIBiG BGC0001309.2; retired; SQ_A; completeness unknown,
M4-FUNG-0181:S002,SOURCE,BGC Atlas source row M4-FUNG-0181; KT363732.1; TaxID 174080,
M4-FUNG-0181:S003,SOURCE,"Abdel-Hameed et al. 2016, Fungal Biology; DOI 10.1016/j.funbio.2015.10.009",
M4-FUNG-0182:S001,SOURCE,"MIBiG BGC0001338.4; KT781075.1:1–42,813; active/SQ_A/complete",
M4-FUNG-0182:S002,SOURCE,BGC Atlas source row M4-FUNG-0182; TaxID 89489,
M4-FUNG-0182:S003,SOURCE,"He et al. 2016, Chemical Science; DOI 10.1039/c5sc04027b",
M4-FUNG-0183:S001,SOURCE,"MIBiG BGC0001339.5; KU946987.1:1–69,700; active/SQ_A/complete",
M4-FUNG-0183:S002,SOURCE,BGC Atlas source row M4-FUNG-0183; TaxID 1828523,
M4-FUNG-0183:S003,SOURCE,"Bonsch et al. 2016, Chem Commun; DOI 10.1039/c6cc02130a; PMID 27056201",
M4-FUNG-0184:S001,SOURCE,"MIBiG BGC0001340.3; KU928136.1:1–52,546; active/SQ_A/complete",
M4-FUNG-0184:S002,SOURCE,BGC Atlas source row M4-FUNG-0184; TaxID 89137,
M4-FUNG-0184:S003,SOURCE,"Szwalbe et al. 2015, Chem Commun; DOI 10.1039/c5cc06988b; PMID 26452099",
M4-FUNG-0184:S004,SOURCE,"Williams et al. 2016, Angew Chem Int Ed; DOI 10.1002/anie.201511882; PMID 270999",
M4-FUNG-0185:S001,SOURCE,MIBiG BGC0001358.4; NRPS Type I + PKS; active/SQ_A; completeness unknown,
M4-FUNG-0185:S002,SOURCE,BGC Atlas source row M4-FUNG-0185; LSBH01000002.1; TaxID 33203,
M4-FUNG-0185:S003,SOURCE,"Wang et al. 2016, PLoS Pathog; DOI 10.1371/journal.ppat.1005685; PMID 27416025",
M4-FUNG-0186:S001,SOURCE,"MIBiG BGC0001360.3; current display 1,286,594–1,334,308; active/SQ_A/unknown",
M4-FUNG-0186:S002,SOURCE,BGC Atlas source row M4-FUNG-0186; HG792019.1; TaxID 1365484,
M4-FUNG-0186:S003,SOURCE,"Del-Cid et al. 2016, PLoS ONE; PMID 26751579; PMCID PMC4708987",
M4-FUNG-0187:S001,SOURCE,"MIBiG BGC0001365.3; active/SQ_A/unknown; current display 356,676-402,937",
M4-FUNG-0187:S002,SOURCE,BGC Atlas source row M4-FUNG-0187; CAGA01000011.1:360607-384390; TaxID 1111077,
M4-FUNG-0187:S003,SOURCE,"Dopstadt et al. 2016, PLoS ONE; DOI 10.1371/journal.pone.0158945; PMID 27390873;",
M4-FUNG-0188:S001,SOURCE,MIBiG BGC0001371; active/SQ_A/completeness unknown,
M4-FUNG-0188:S002,SOURCE,BGC Atlas source row M4-FUNG-0188; KT806042.1; TaxID 1160106,
M4-FUNG-0188:S003,SOURCE,"Hüttel et al. 2016, BMC Genomics; DOI 10.1186/s12864-016-2885-x; PMID 27502607; ",
M4-FUNG-0189:S001,SOURCE,MIBiG BGC0001372; active/SQ_A/completeness unknown,
M4-FUNG-0189:S002,SOURCE,BGC Atlas source row M4-FUNG-0189; KX528209.1; TaxID 293382,
M4-FUNG-0189:S003,SOURCE,"Zou et al. 2015, JACS; DOI 10.1021/jacs.5b03022; PMID 25859931; PMCID PMC4610815",
M4-FUNG-0190:S001,SOURCE,MIBiG BGC0001373; active/SQ_A/completeness unknown,
M4-FUNG-0190:S002,SOURCE,BGC Atlas source row M4-FUNG-0190; LC079035.1; TaxID 573841,
M4-FUNG-0190:S003,SOURCE,"Kudo et al. 2016, J Antibiot; DOI 10.1038/ja.2016.40; PMID 27072286",
M4-FUNG-0190:S004,SOURCE,"Liu et al. 2022, Angew Chem Int Ed; DOI 10.1002/anie.202205577; PMID 35701881",
M4-FUNG-0191:S001,SOURCE,MIBiG BGC0001375; active/SQ_A/completeness unknown,
M4-FUNG-0191:S002,SOURCE,BGC Atlas source row M4-FUNG-0191; LC027937.1; TaxID 69488,
M4-FUNG-0191:S003,SOURCE,"Liu et al. 2015, Angew Chem Int Ed; DOI 10.1002/anie.201501072; PMID 25831977",
M4-FUNG-0192:S001,SOURCE,MIBiG BGC0001385; retired/SQ_A/completeness unknown,
M4-FUNG-0192:S002,SOURCE,BGC Atlas source row M4-FUNG-0192; KU928136.1; TaxID 89137,
M4-FUNG-0192:S003,SOURCE,"Williams et al. 2016, Angew Chem Int Ed; DOI 10.1002/anie.201511882; PMID 270999",
M4-FUNG-0193:S001,SOURCE,MIBiG BGC0001390; active/SQ_A/completeness unknown,
M4-FUNG-0193:S002,SOURCE,BGC Atlas source row M4-FUNG-0193; LC125467.1; TaxID 80385,
M4-FUNG-0193:S003,SOURCE,"Li et al. 2016, ChemBioChem; DOI 10.1002/cbic.201600087; PMID 26972702",
M4-FUNG-0194:S001,SOURCE,MIBiG BGC0001398; active/SQ_A/completeness unknown,
M4-FUNG-0194:S002,SOURCE,BGC Atlas source row M4-FUNG-0194; LC646903.1; TaxID 291059,
M4-FUNG-0194:S005,SOURCE,"Lanigan et al. 1979, Appl Environ Microbiol; DOI 10.1128/AEM.37.2.289-292.1979; ",
M4-FUNG-0194:S003,SOURCE,"Ding et al. 2016, fungal phomopsin/dikaritin biosynthesis; PMID 26979951",
M4-FUNG-0194:S004,SOURCE,"Sogahata et al. 2021, Angew Chem Int Ed; DOI 10.1002/anie.202111076; PMID 346087",
M4-FUNG-0195:S001,SOURCE,MIBiG BGC0001399; active/SQ_A/completeness unknown,
M4-FUNG-0195:S002,SOURCE,BGC Atlas source row M4-FUNG-0195; BN001302.1:3924000-3948000; TaxID 227321,
M4-FUNG-0195:S003,SOURCE,"Yeh et al. 2016, ACS Chem Biol; DOI 10.1021/acschembio.6b00213; PMID 27294372; P",
M4-FUNG-0196:S001,SOURCE,MIBiG BGC0001400; active/SQ_A/completeness unknown,
M4-FUNG-0196:S002,SOURCE,BGC Atlas source row M4-FUNG-0196; CH476608.1:371404-386869; Aspergillus terreus,
M4-FUNG-0196:S003,SOURCE,"Lin et al. 2016, Org Lett; DOI 10.1021/acs.orglett.6b00299; PMID 26954888; PMCID",
M4-FUNG-0197:S001,SOURCE,MIBiG BGC0001401.2; retired/SQ_A/completeness unknown; JF739169.1,
M4-FUNG-0197:S002,SOURCE,BGC Atlas source row M4-FUNG-0197; Armillaria mellea; TaxID 47429; products and ,
M4-FUNG-0197:S003,SOURCE,"Baumgartner et al. 2016, Appl Environ Microbiol; DOI 10.1128/AEM.03168-15; PMID ",
M4-FUNG-0198:S001,SOURCE,"MIBiG BGC0001403.3; current display 3,816,931–3,862,461; active/SQ_A/completenes",
M4-FUNG-0198:S002,SOURCE,BGC Atlas source row M4-FUNG-0198; Af293; TaxID 330879; seed CM000172.1:3820195-,
M4-FUNG-0198:S003,SOURCE,"Throckmorton et al. 2016, Environ Microbiol; PMID 26242966",
M4-FUNG-0198:S005,SOURCE,"Weber et al. 2017, ACS Synth Biol; DOI 10.1021/acssynbio.6b00203; PMID 27611015",
M4-FUNG-0198:S004,SOURCE,"Mattern et al. 2015, Appl Microbiol Biotechnol; DOI 10.1007/s00253-015-6898-1; P",
M4-FUNG-0199:S001,SOURCE,"MIBiG BGC0001404.3; current display 1,172,232–1,229,585; active/SQ_A/completenes",
M4-FUNG-0199:S002,SOURCE,BGC Atlas source row M4-FUNG-0199; P. rubens Wisconsin 54-1255; TaxID 500485; se,
M4-FUNG-0199:S003,SOURCE,"Salo et al. 2016, Appl Environ Microbiol; DOI 10.1128/AEM.00350-16; PMID 2710712",
M4-FUNG-0199:S004,SOURCE,"Guzmán-Chávez et al. 2017, Microb Biotechnol; DOI 10.1111/1751-7915.12736; PMID ",
M4-FUNG-0200:S001,SOURCE,"MIBiG BGC0001405.4; current display 2,441,538–2,514,848; active/SQ_A/completenes",
M4-FUNG-0200:S002,SOURCE,BGC Atlas source row M4-FUNG-0200; C. globosum CBS 148.51; TaxID 306901; seed CH,
M4-FUNG-0200:S003,SOURCE,"Winter et al. 2012, J Am Chem Soc; DOI 10.1021/ja3090498; PMID 23072467",
M4-FUNG-0200:S004,SOURCE,"Sato et al. 2016, Org Lett; PMID 26959241",
M4-FUNG-0201:S001,SOURCE,"MIBiG BGC0001445.5; current display 684,693–736,533; active/SQ_A/complete",
M4-FUNG-0201:S002,SOURCE,BGC Atlas source row M4-FUNG-0201; A. flavus NRRL 3357; TaxID 332952; seed EQ963,
M4-FUNG-0201:S003,SOURCE,"Cary et al. 2015, Fungal Genet Biol; DOI 10.1016/j.fgb.2015.05.010; PMID 2605149",
M4-FUNG-0202:S001,SOURCE,"MIBiG BGC0001446.5; current display 2,626,293–2,672,837; active/SQ_A/complete",
M4-FUNG-0202:S002,SOURCE,BGC Atlas source row M4-FUNG-0202; A. flavus NRRL 3357; TaxID 332952; seed EQ963,
M4-FUNG-0202:S003,SOURCE,"Cary et al. 2014, Fungal Genet Biol; DOI 10.1016/j.fgb.2014.01.001; PMID 2441248",
M4-FUNG-0202:S004,SOURCE,Identification of novel metabolites from Aspergillus flavus by HRMS/MS; PMID 244,
M4-FUNG-0203:S001,SOURCE,"MIBiG BGC0001449.5; current display 1,161,825–1,217,500; active/SQ_A/complete",
M4-FUNG-0203:S002,SOURCE,BGC Atlas source row M4-FUNG-0203; Thermothelomyces thermophilus; TaxID 78579; s,
M4-FUNG-0203:S003,SOURCE,"Li et al. 2018, J Am Chem Soc; DOI 10.1021/jacs.8b00056; PMID 29373009",
M4-FUNG-0204:S001,SOURCE,MIBiG BGC0001450.3; retired/SQ_A/complete; accession MF989995.1,
M4-FUNG-0204:S002,SOURCE,BGC Atlas source row M4-FUNG-0204; Penicillium terrestre; TaxID 374132; historic,
M4-FUNG-0204:S003,SOURCE,"Tang et al. 2017, Org Lett; DOI 10.1021/acs.orglett.7b02653; PMID 28926261",
M4-FUNG-0204:S004,SOURCE,MIBiG BGC0002615.2; later active macrophorin-related locus,
M4-FUNG-0205:S001,SOURCE,MIBiG BGC0001466.2; retired/SQ_A/complete; accession MG837519.1,
M4-FUNG-0205:S002,SOURCE,BGC Atlas source row M4-FUNG-0205; Talaromyces wortmannii; TaxID 28567; MG837519,
M4-FUNG-0205:S003,SOURCE,"Hai & Tang 2018, J Am Chem Soc; DOI 10.1021/jacs.7b13350; PMID 29343058",
M4-FUNG-0206:S001,SOURCE,"MIBiG BGC0001475.4; current display NT_165929.1:465,556–486,785; active/SQ_A/com",
M4-FUNG-0206:S002,SOURCE,BGC Atlas source row M4-FUNG-0206; A. terreus NIH2624; TaxID 341663; seed NT_165,
M4-FUNG-0206:S003,SOURCE,"Yan et al. 2018, Nature; PMID 29995859",
M4-FUNG-0207:S001,SOURCE,MIBiG BGC0001481.3; current display HF679032.1:364418-385674,
M4-FUNG-0207:S002,SOURCE,BGC Atlas source row M4-FUNG-0207; seed HF679032.1:374418-375674,
M4-FUNG-0207:S003,SOURCE,Brock et al. 2013 ChemBioChem; DOI 10.1002/cbic.201200695; PMID 23335243,
M4-FUNG-0208:S001,SOURCE,MIBiG BGC0001489.3; current display MG777496.1:1-40623; active/SQ_A/completeness,
M4-FUNG-0208:S002,SOURCE,BGC Atlas source row M4-FUNG-0208; Cladonia uncialis subsp. uncialis; TaxID 1809,
M4-FUNG-0208:S003,SOURCE,Identification of 6-Hydroxymellein Synthase and Accessory Genes in the Lichen Cl,
M4-FUNG-0209:S001,SOURCE,MIBiG BGC0001508.3; current display KY349137.1:1-29400; active/SQ_A/completeness,
M4-FUNG-0209:S002,SOURCE,BGC Atlas source row M4-FUNG-0209; Penicillium roqueforti; TaxID 5082; KY349137.,
M4-FUNG-0209:S003,SOURCE,Rojas-Aedo et al. 2017 Front Microbiol; DOI 10.3389/fmicb.2017.00813; PMID 28529,
M4-FUNG-0210:S001,SOURCE,MIBiG BGC0001515.4; display BN001302.1:74783-158684; active/SQ_A/completeness un,
M4-FUNG-0210:S002,SOURCE,BGC Atlas source row M4-FUNG-0210; Aspergillus nidulans FGSC A4; TaxID 227321; s,
M4-FUNG-0210:S003,SOURCE,Henke et al. 2016 ACS Chem Biol; DOI 10.1021/acschembio.6b00398; PMID 27310134; ,
M4-FUNG-0211:S001,SOURCE,MIBiG BGC0001516.5; current display NW_002477238.1:14356-57421; active/SQ_A/comp,
M4-FUNG-0211:S002,SOURCE,BGC Atlas source row M4-FUNG-0211; Aspergillus flavus NRRL3357; TaxID 332952; se,
M4-FUNG-0211:S003,SOURCE,Lebar et al. 2018 Fungal Genet Biol; DOI 10.1016/j.fgb.2018.04.009; PMID 2967415,
M4-FUNG-0212:S001,SOURCE,MIBiG BGC0001517.3; current display NT_165937.1:139864-204269; active/SQ_A/compl,
M4-FUNG-0212:S002,SOURCE,BGC Atlas source row M4-FUNG-0212; Aspergillus terreus NIH2624; TaxID 341663; se,
M4-FUNG-0212:S003,SOURCE,Li et al. 2018 Chem Sci; DOI 10.1039/C7SC02396K; PMID 29719714; PMCID PMC5897882,
M4-FUNG-0213:S001,SOURCE,MIBiG BGC0001518.3; current display BA000051.1:3469600-3513616; active/SQ_A/comp,
M4-FUNG-0213:S002,SOURCE,BGC Atlas source row M4-FUNG-0213; Aspergillus oryzae RIB40; TaxID 510516; seed ,
M4-FUNG-0213:S003,SOURCE,Astellolide activation/mechanism studies: J Antibiot 2015 DOI 10.1038/ja.2015.73,
M4-FUNG-0214:S001,SOURCE,MIBiG BGC0001527.3; KY287598.1:1-8170; active/SQ_A/completeness unknown,
M4-FUNG-0214:S002,SOURCE,BGC Atlas source row M4-FUNG-0214; Gelatoporia subvermispora; TaxID 42742; Basid,
M4-FUNG-0214:S003,SOURCE,Brandenburger et al. 2017 Appl Environ Microbiol; DOI 10.1128/AEM.01478-17; PMID,
M4-FUNG-0215:S001,SOURCE,MIBiG BGC0001528.4; LC274619.1:1-21000; betaestacin I/II; active/SQ_A/completene,
M4-FUNG-0215:S002,SOURCE,BGC Atlas source row M4-FUNG-0215; historical Phoma betae; TaxID 1979465; four-g,
M4-FUNG-0215:S003,SOURCE,Focused fungal sesterterpene genome mining and betaestacin pathway studies: Org ,
M4-FUNG-0216:S001,SOURCE,MIBiG BGC0001541; current display LKMD01000100.1:2239245-2296209; active/SQ_A/co,
M4-FUNG-0216:S002,SOURCE,BGC Atlas source row M4-FUNG-0216; Cercospora beticola; TaxID 122368; seed LKMD0,
M4-FUNG-0216:S003,SOURCE,"Cercosporin CTB genetics and expanded cluster: de Jonge et al., PNAS 2018, PMID ",
M4-FUNG-0217:S001,SOURCE,MIBiG BGC0001542.3; KY656140.1:1-22797; cercosporin label; active/SQ_A/completen,
M4-FUNG-0217:S002,SOURCE,BGC Atlas source row M4-FUNG-0217; Cercospora zeina; TaxID 348901; KY656140.1,
M4-FUNG-0217:S003,SOURCE,Swart et al. 2017 Mol Plant Microbe Interact; DOI 10.1094/MPMI-03-17-0054-R; PMI,
M4-FUNG-0218:S001,SOURCE,"Current MIBiG BGC0001544.3; active/SQ_A/completeness unknown; 48,817-bp display;",
M4-FUNG-0218:S002,SOURCE,BGC Atlas source row M4-FUNG-0218; A. campestris IBT 28561; TaxID 1392248,
M4-FUNG-0218:S003,SOURCE,Kjærbølling et al. 2018 PNAS; DOI 10.1073/pnas.1715954115; PMID 29317534,
M4-FUNG-0219:S001,SOURCE,"Current MIBiG BGC0001545.3; 17,511-bp chrysogine locus; active/SQ_A/completeness",
M4-FUNG-0219:S002,SOURCE,BGC Atlas source row M4-FUNG-0219; F. graminearum PH-1; TaxID 229533,
M4-FUNG-0219:S003,SOURCE,Wollenberg et al. 2017 J Nat Prod; DOI 10.1021/acs.jnatprod.6b00822; PMID 287083,
M4-FUNG-0219:S004,SOURCE,Viggiano et al. 2018 Appl Environ Microbiol; DOI 10.1128/AEM.02246-17; PMID 2919,
M4-FUNG-0220:S001,SOURCE,Current MIBiG BGC0001547.3; LC102187.1:1-20796; active/SQ_A/completeness unknown,
M4-FUNG-0220:S002,SOURCE,BGC Atlas source row M4-FUNG-0220; Aspergillus stellatus; TaxID 1549217,
M4-FUNG-0220:S003,SOURCE,Matsuda et al. 2016 Org Lett; DOI 10.1021/acs.orglett.5b03465; PMID 26731665,
M4-FUNG-0221:S001,SOURCE,Current MIBiG BGC0001557.4 retirement page: duplicate of BGC0001436,
M4-FUNG-0221:S002,SOURCE,BGC Atlas source row M4-FUNG-0221; Paecilomyces divaricatus; TaxID 644132; MF197,
M4-FUNG-0221:S003,SOURCE,"Genetic and chemical characterisation of the cornexistin pathway, Chem Commun 20",
M4-FUNG-0222:S001,SOURCE,Current MIBiG BGC0001563.3; LC208781.1:1-53000; contig-edge; active/SQ_A/complet,
M4-FUNG-0222:S002,SOURCE,BGC Atlas source row M4-FUNG-0222; Cochliobolus pallescens; TaxID 318706,
M4-FUNG-0222:S003,SOURCE,Yokoyama et al. 2017 Org Lett; DOI 10.1021/acs.orglett.7b00559; PMID 28361537,
M4-FUNG-0223:S001,SOURCE,Current MIBiG BGC0001565.4; cyclosporin C; active/SQ_A/completeness unknown; cyc,
M4-FUNG-0223:S002,SOURCE,BGC Atlas source row M4-FUNG-0223; Beauveria felina; TaxID 37994; MF716954.1,
M4-FUNG-0223:S003,SOURCE,Xu et al. 2018 Appl Microbiol Biotechnol; DOI 10.1007/s00253-018-8792-0; PMID 29,
M4-FUNG-0224:S001,SOURCE,Current MIBiG BGC0001571.3; MG886384.1:1-66332; active/SQ_A/completeness unknown,
M4-FUNG-0224:S002,SOURCE,BGC Atlas source row M4-FUNG-0224; Nodulisporium sp.; TaxID 1897413,
M4-FUNG-0224:S003,SOURCE,Wang et al. 2018 Nat Commun; DOI 10.1038/s41467-018-04298-2; PMID 29743477,
M4-FUNG-0225:S001,SOURCE,Current MIBiG BGC0001573.3; KY677717.1:1-27143; active/SQ_A/completeness unknown,
M4-FUNG-0225:S002,SOURCE,BGC Atlas source row M4-FUNG-0225; Claviceps africana; TaxID 83212,
M4-FUNG-0225:S003,SOURCE,Arnold & Panaccione 2017 Appl Environ Microbiol; DOI 10.1128/AEM.00805-17; PMID ,
M4-FUNG-0226:S001,SOURCE,"Current MIBiG BGC0001578.3; 46,797-bp display; active/SQ_A/completeness unknown",
M4-FUNG-0226:S002,SOURCE,BGC Atlas source row M4-FUNG-0226; T. stipitatus ATCC 10500; TaxID 441959,
M4-FUNG-0226:S003,SOURCE,Gao et al. 2018 JACS; DOI 10.1021/jacs.8b03705; PMID 29741874,
M4-FUNG-0227:S001,SOURCE,Current MIBiG BGC0001585.3; BK010420.1:1-44233; 11-gene melinacidin-IV record; c,
M4-FUNG-0227:S002,SOURCE,BGC Atlas source row M4-FUNG-0227; Escovopsis weberi; TaxID 150374,
M4-FUNG-0227:S003,SOURCE,Heine et al. 2018 Nat Commun; PMID 29880868,
M4-FUNG-0227:S004,SOURCE,Recent Escovopsis comparative genomics reports BGC0001585-related families acros,
M4-FUNG-0228:S001,SOURCE,"Current MIBiG BGC0001600.3; active/SQ_A; completeness unknown; 58,806-bp display",
M4-FUNG-0228:S002,SOURCE,BGC Atlas source M4-FUNG-0228; F. graminearum TaxID 5518; source interval HG9703,
M4-FUNG-0228:S003,SOURCE,Fusarielin pathway study; PMID 27983606,
M4-FUNG-0228:S004,SOURCE,Reviewed FSL pathway annotations: Fsl1–Fsl5 functions and unresolved terminal re,
M4-FUNG-0229:S001,SOURCE,"Current MIBiG BGC0001604.3; 30,000-bp gibberellin record; completeness unknown",
M4-FUNG-0229:S002,SOURCE,BGC Atlas source M4-FUNG-0229; F. fujikuroi TaxID 5127; KT216505.1,
M4-FUNG-0229:S003,SOURCE,Hwang et al. 2016; PMID 27298592; multi-homologous recombination manipulation of,
M4-FUNG-0229:S004,SOURCE,"GA cluster discovery/function: PMID 9917370, 21990128, 22911627",
M4-FUNG-0230:S001,SOURCE,"Current MIBiG BGC0001606.3; 48,438-bp display; completeness unknown",
M4-FUNG-0230:S002,SOURCE,BGC Atlas source M4-FUNG-0230; F. fujikuroi IMI58289 TaxID 1279085; HF679033.1:2,
M4-FUNG-0230:S003,SOURCE,Gibepyrone biosynthesis and regulation; PMID 27856636,
M4-FUNG-0231:S001,SOURCE,Current MIBiG BGC0001609.4; ABDF02000047.1:1-30121; completeness unknown,
M4-FUNG-0231:S002,SOURCE,BGC Atlas source M4-FUNG-0231; T. virens Gv29-8 TaxID 413071,
M4-FUNG-0231:S003,SOURCE,Gliovirin biosynthetic gene cluster in T. virens; DOI 10.1002/slct.201700262,
M4-FUNG-0232:S001,SOURCE,BGC0001613 historical/retired record,
M4-FUNG-0232:S002,SOURCE,BGC Atlas source M4-FUNG-0232; T. hypoxylon TaxID 1888172; MF504019.1; retired,
M4-FUNG-0232:S003,SOURCE,Markerless system and harzianum-B TRI cluster identification; PMID 29557773,
M4-FUNG-0232:S004,SOURCE,T. hypoxylon metabolite isolation: harzianum B ~50 mg from 1-L culture after 14 ,
M4-FUNG-0233:S001,SOURCE,Current MIBiG BGC0001616.3; LC331673.1:1-14029; active/SQ_A; completeness unknow,
M4-FUNG-0233:S002,SOURCE,BGC Atlas source M4-FUNG-0233; Aspergillus japonicus TaxID 34381,
M4-FUNG-0233:S003,SOURCE,Hashimoto et al. 2018; DOI 10.1002/cbic.201700584; PMID 29314577,
M4-FUNG-0233:S004,SOURCE,Tsukamoto et al. 2005; DOI 10.1016/j.bmcl.2004.10.012; PMID 15582438,
M4-FUNG-0234:S001,SOURCE,"Current MIBiG BGC0001617.3; NW_006763134.1:911832-958327; 46,496 bp; completenes",
M4-FUNG-0234:S002,SOURCE,BGC Atlas source M4-FUNG-0234; S. hirsutum FP-91666 SS1 TaxID 721885,
M4-FUNG-0234:S003,SOURCE,Flynn et al. 2018; DOI 10.1128/AEM.00036-18; PMID 29625976,
M4-FUNG-0235:S001,SOURCE,Current MIBiG BGC0001621.4; NW_002477244.1:9095-55391; active/SQ_A; completeness,
M4-FUNG-0235:S002,SOURCE,BGC Atlas source M4-FUNG-0235; A. flavus NRRL3357 TaxID 332952; source interval ,
M4-FUNG-0235:S003,SOURCE,Bacterial-fungal interaction and imizoquin pathway study; PMID 29182847,
M4-FUNG-0236:S001,SOURCE,Current MIBiG BGC0001624.3; KU963195.1:1-43773; active/SQ_A; completeness unknow,
M4-FUNG-0236:S002,SOURCE,BGC Atlas source M4-FUNG-0236; Pestalotiopsis fici TaxID 393283,
M4-FUNG-0236:S003,SOURCE,Pan et al. 2018; DOI 10.1021/acschembio.7b01059; PMID 29384350,
M4-FUNG-0236:S004,SOURCE,CsdA/RsdA regulation and iac-gene requirements; PMID 37963872,
M4-FUNG-0236:S005,SOURCE,PfZipA oxidative-stress regulation; PMID 25847004,
M4-FUNG-0236:S006,SOURCE,Chloropupukeananin and proposed precursors iso-A82775C/pestheic acid; DOI 10.102,
M4-FUNG-0237:S001,SOURCE,Current MIBiG BGC0001626.3; KL659535.1:5661-49000; active/SQ_A; completeness unk,
M4-FUNG-0237:S002,SOURCE,BGC Atlas source M4-FUNG-0237; S. chlorohalonata IBT40285 TaxID 1283841; source ,
M4-FUNG-0237:S003,SOURCE,Yin et al. 2017; DOI 10.3390/md15070214; PMID 28678182; S. longispora FG216,
M4-FUNG-0238:S001,SOURCE,nan,
M4-FUNG-0238:S002,SOURCE,nan,
M4-FUNG-0238:S003,SOURCE,nan,
M4-FUNG-0239:S001,SOURCE,nan,
M4-FUNG-0239:S003,SOURCE,nan,
M4-FUNG-0240:S001,SOURCE,nan,
M4-FUNG-0240:S002,SOURCE,nan,
M4-FUNG-0240:S003,SOURCE,nan,
M4-FUNG-0241:S001,SOURCE,nan,
M4-FUNG-0241:S002,SOURCE,nan,
M4-FUNG-0241:S003,SOURCE,nan,
M4-FUNG-0241:S004,SOURCE,nan,
M4-FUNG-0242:S001,SOURCE,nan,
M4-FUNG-0242:S002,SOURCE,nan,
M4-FUNG-0242:S003,SOURCE,nan,
M4-FUNG-0242:S004,SOURCE,nan,
M4-FUNG-0243:S001,SOURCE,nan,
M4-FUNG-0243:S002,SOURCE,nan,
M4-FUNG-0243:S003,SOURCE,nan,
M4-FUNG-0244:S001,SOURCE,nan,
M4-FUNG-0244:S004,SOURCE,nan,
M4-FUNG-0244:S002,SOURCE,nan,
M4-FUNG-0244:S003,SOURCE,nan,
M4-FUNG-0245:S001,SOURCE,nan,
M4-FUNG-0245:S004,SOURCE,nan,
M4-FUNG-0245:S002,SOURCE,nan,
M4-FUNG-0245:S003,SOURCE,nan,
M4-FUNG-0246:S001,SOURCE,nan,
M4-FUNG-0246:S002,SOURCE,nan,
M4-FUNG-0246:S003,SOURCE,nan,
M4-FUNG-0247:S001,SOURCE,nan,
M4-FUNG-0247:S002,SOURCE,nan,
M4-FUNG-0247:S003,SOURCE,nan,
M4-FUNG-0247:S004,SOURCE,nan,
M4-FUNG-0248:S001,SOURCE,nan,
M4-FUNG-0248:S002,SOURCE,nan,
M4-FUNG-0248:S004,SOURCE,nan,
M4-FUNG-0248:S003,SOURCE,nan,
M4-FUNG-0249:S001,SOURCE,nan,
M4-FUNG-0249:S002,SOURCE,nan,
M4-FUNG-0249:S003,SOURCE,nan,
M4-FUNG-0249:S004,SOURCE,nan,
M4-FUNG-0250:S001,SOURCE,nan,
M4-FUNG-0250:S002,SOURCE,nan,
M4-FUNG-0250:S003,SOURCE,nan,
M4-FUNG-0251:S001,SOURCE,nan,
M4-FUNG-0251:S002,SOURCE,nan,
M4-FUNG-0251:S003,SOURCE,nan,
M4-FUNG-0252:S001,SOURCE,nan,
M4-FUNG-0252:S002,SOURCE,nan,
M4-FUNG-0252:S003,SOURCE,nan,
M4-FUNG-0252:S004,SOURCE,nan,
M4-FUNG-0253:S001,SOURCE,nan,
M4-FUNG-0253:S002,SOURCE,nan,
M4-FUNG-0253:S003,SOURCE,nan,
M4-FUNG-0254:S001,SOURCE,nan,
M4-FUNG-0254:S002,SOURCE,nan,
M4-FUNG-0254:S003,SOURCE,nan,
M4-FUNG-0255:S001,SOURCE,nan,
M4-FUNG-0255:S002,SOURCE,nan,
M4-FUNG-0255:S003,SOURCE,nan,
M4-FUNG-0256:S001,SOURCE,nan,
M4-FUNG-0256:S002,SOURCE,nan,
M4-FUNG-0256:S003,SOURCE,nan,
M4-FUNG-0257:S001,SOURCE,nan,
M4-FUNG-0257:S002,SOURCE,nan,
M4-FUNG-0257:S003,SOURCE,nan,
M4-FUNG-0258:S001,SOURCE,nan,
M4-FUNG-0258:S002,SOURCE,nan,
M4-FUNG-0258:S003,SOURCE,nan,
M4-FUNG-0258:S004,SOURCE,nan,
M4-FUNG-0259:S001,SOURCE,nan,
M4-FUNG-0259:S002,SOURCE,nan,
M4-FUNG-0259:S003,SOURCE,nan,
M4-FUNG-0260:S001,SOURCE,nan,
M4-FUNG-0260:S002,SOURCE,nan,
M4-FUNG-0260:S003,SOURCE,nan,
M4-FUNG-0262:S001,SOURCE,nan,
M4-FUNG-0262:S004,SOURCE,nan,
M4-FUNG-0262:S002,SOURCE,nan,
M4-FUNG-0262:S003,SOURCE,nan,
M4-FUNG-0263:S001,SOURCE,nan,
M4-FUNG-0263:S004,SOURCE,nan,
M4-FUNG-0263:S002,SOURCE,nan,
M4-FUNG-0264:S001,SOURCE,nan,
M4-FUNG-0264:S004,SOURCE,nan,
M4-FUNG-0264:S002,SOURCE,nan,
M4-FUNG-0264:S003,SOURCE,nan,
M4-FUNG-0265:S001,SOURCE,nan,
M4-FUNG-0265:S004,SOURCE,nan,
M4-FUNG-0265:S002,SOURCE,nan,
M4-FUNG-0265:S003,SOURCE,nan,
M4-FUNG-0266:S001,SOURCE,nan,
M4-FUNG-0266:S002,SOURCE,nan,
M4-FUNG-0266:S004,SOURCE,nan,
M4-FUNG-0267:S001,SOURCE,nan,
M4-FUNG-0267:S004,SOURCE,nan,
M4-FUNG-0267:S002,SOURCE,nan,
M4-FUNG-0268:S001,SOURCE,nan,
M4-FUNG-0268:S002,SOURCE,nan,
M4-FUNG-0268:S004,SOURCE,nan,
M4-FUNG-0269:S001,SOURCE,nan,
M4-FUNG-0269:S004,SOURCE,nan,
M4-FUNG-0269:S002,SOURCE,nan,
M4-FUNG-0269:S003,SOURCE,nan,
M4-FUNG-0270:S001,SOURCE,nan,
M4-FUNG-0270:S002,SOURCE,nan,
M4-FUNG-0270:S004,SOURCE,nan,
M4-FUNG-0270:S003,SOURCE,nan,
M4-FUNG-0271:S001,SOURCE,nan,
M4-FUNG-0271:S002,SOURCE,nan,
M4-FUNG-0271:S004,SOURCE,nan,
M4-FUNG-0272:S001,SOURCE,nan,
M4-FUNG-0272:S002,SOURCE,nan,
M4-FUNG-0272:S004,SOURCE,nan,
M4-FUNG-0273:S001,SOURCE,MIBiG BGC0001865 current record,
M4-FUNG-0273:S002,SOURCE,"Chooi et al., Environ Microbiol 2017; PMID 28251756; DOI 10.1111/1462-2920.13711",
M4-FUNG-0273:S003,SOURCE,"Hu et al., Chem Sci 2019; PMID 30809363; DOI 10.1039/C8SC02870B",
M4-FUNG-0274:S001,SOURCE,MIBiG BGC0001866 current record,
M4-FUNG-0274:S002,SOURCE,"Urquhart et al., 2019; PMID 31304040",
M4-FUNG-0274:S003,SOURCE,"Fungal dirigent protein study, JACS 2019; PMID 31045362",
M4-FUNG-0275:S001,SOURCE,MIBiG BGC0001874 current record,
M4-FUNG-0275:S002,SOURCE,"A. flavus CPA mini-cluster disruption study, 2009; PMID 19038354",
M4-FUNG-0275:S003,SOURCE,Functional expression of CpaA in A. oryzae; PMID 22285533,
M4-FUNG-0276:S001,SOURCE,MIBiG BGC0001881 current record,
M4-FUNG-0276:S002,SOURCE,"Wang et al., Org Lett 2019; PMID 31099577; DOI 10.1021/acs.orglett.9b01344",
M4-FUNG-0276:S003,SOURCE,Follow-up pyrichalasin pathway study; PMID 31644300,
M4-FUNG-0276:S004,SOURCE,Fungal BGC Atlas canonical source row,
M4-FUNG-0277:S001,SOURCE,MIBiG BGC0001882 current record,
M4-FUNG-0277:S002,SOURCE,"Chrysoxanthones A-C from sponge-associated P. chrysogenum HLS111, Mar Drugs 2018",
M4-FUNG-0278:S001,SOURCE,MIBiG BGC0001886 current record,
M4-FUNG-0278:S002,SOURCE,Identification and characterization of the ergochrome gene cluster in C. purpure,
M4-FUNG-0278:S004,SOURCE,Fungal BGC Atlas canonical source row,
M4-FUNG-0279:S001,SOURCE,MIBiG BGC0001888 current record,
M4-FUNG-0279:S002,SOURCE,U. maydis MEL biosynthesis gene-cluster study; PMID 16885300,
M4-FUNG-0279:S004,SOURCE,Fungal BGC Atlas canonical source row,
M4-FUNG-0280:S001,SOURCE,MIBiG BGC0001893 retired record,
M4-FUNG-0280:S002,SOURCE,BcAba5/BcStc5 sesquiterpene-cyclase study; PMID 29708647; DOI 10.1111/1462-2920.,
M4-FUNG-0280:S003,SOURCE,"B. cinerea ABA cluster study, Appl Environ Microbiol 2004; DOI 10.1128/AEM.70.7.",
M4-FUNG-0281:S001,SOURCE,MIBiG BGC0001899 current record,
M4-FUNG-0281:S002,SOURCE,"Darma et al., Fungal Genet Biol 2019; PMID 31034868; DOI 10.1016/j.fgb.2019.04.0",
M4-FUNG-0281:S004,SOURCE,Fungal BGC Atlas canonical source row,
M4-FUNG-0282:S001,SOURCE,MIBiG BGC0001901 retired record,
M4-FUNG-0282:S002,SOURCE,MIBiG BGC0001854 active complete successor,
M4-FUNG-0282:S003,SOURCE,Tricholignan A primary study; PMID 30842286,
M4-FUNG-0283:S001,SOURCE,MIBiG BGC0001906 current record,
M4-FUNG-0283:S002,SOURCE,"Zhou et al., Chem Sci 2019; PMID 30746075; DOI 10.1039/C8SC03697G",
M4-FUNG-0283:S003,SOURCE,MIBiG/primary-study context,
M4-FUNG-0284:S001,SOURCE,MIBiG BGC0001907 current record,
M4-FUNG-0284:S002,SOURCE,"Zhou et al., Chem Sci 2019; PMID 30746075; DOI 10.1039/C8SC03697G",
M4-FUNG-0285:S001,SOURCE,MIBiG BGC0001909 current record,
M4-FUNG-0285:S002,SOURCE,"Nofiani et al., Nat Commun 2018; PMID 30258052; DOI 10.1038/s41467-018-06202-4",
M4-FUNG-0286:S001,SOURCE,MIBiG BGC0001913 current record,
M4-FUNG-0286:S002,SOURCE,"Fujii et al., Org Lett 2015; PMID 26558485; DOI 10.1021/acs.orglett.5b02934",
M4-FUNG-0287:S001,SOURCE,MIBiG BGC0001915 retired record,
M4-FUNG-0287:S002,SOURCE,Betaestacin biosynthesis study; PMID 29185768,
M4-FUNG-0287:S003,SOURCE,MIBiG BGC0001528 active successor,
M4-FUNG-0288:S001,SOURCE,MIBiG BGC0001923 current record,
M4-FUNG-0288:S002,SOURCE,"Araki et al., PNAS 2019; PMID 30952781; DOI 10.1073/pnas.1819254116",
M4-FUNG-0288:S003,SOURCE,MIBiG BGC0001924 companion record,
M4-FUNG-0289:S001,SOURCE,MIBiG BGC0001924 current record,
M4-FUNG-0289:S002,SOURCE,"Araki et al., PNAS 2019; PMID 30952781; DOI 10.1073/pnas.1819254116",
M4-FUNG-0289:S003,SOURCE,MIBiG BGC0001923 companion record,
M4-FUNG-0290:S001,SOURCE,MIBiG BGC0001926 current record,
M4-FUNG-0290:S002,SOURCE,"Bai et al., Org Lett 2018; DOI 10.1021/acs.orglett.8b03268",
M4-FUNG-0290:S003,SOURCE,Current antiSMASH generated region,
M4-FUNG-0291:S001,SOURCE,MIBiG BGC0001936 retired record,
M4-FUNG-0291:S002,SOURCE,"Van de Bittner et al., JACS 2018; PMID 29283570; DOI 10.1021/jacs.7b10909",
M4-FUNG-0291:S003,SOURCE,MIBiG BGC0001706 plus Richardson et al. 2022 follow-up,
M4-FUNG-0292:S001,SOURCE,MIBiG BGC0001954 current record,
M4-FUNG-0292:S002,SOURCE,"Hai & Tang, JACS 2018; PMID 29343058; DOI 10.1021/jacs.7b13350",
M4-FUNG-0292:S003,SOURCE,Current MIBiG/UniProt pathway context,
M4-FUNG-0293:S001,SOURCE,MIBiG BGC0001966 current record,
M4-FUNG-0293:S002,SOURCE,"Sinha et al., BMC Genomics 2019; DOI 10.1186/s12864-019-5762-6; PMID 31088369",
M4-FUNG-0294:S001,SOURCE,MIBiG BGC0001969 current record,
M4-FUNG-0294:S002,SOURCE,"Huang et al., Org Biomol Chem 2019; DOI 10.1039/C8OB02832J; PMID 30548032",
M4-FUNG-0295:S001,SOURCE,MIBiG BGC0001976 current record,
M4-FUNG-0295:S002,SOURCE,"Zhai et al., Fungal Genet Biol 2019; DOI 10.1016/j.fgb.2019.04.004; PMID 3098090",
M4-FUNG-0295:S003,SOURCE,"Chen et al., JACS 2019; DOI 10.1021/jacs.9b06592; PMID 31461283",
M4-FUNG-0295:S004,SOURCE,Fungal BGC Atlas canonical source row,
M4-FUNG-0296:S001,SOURCE,MIBiG BGC0001977 retired record,
M4-FUNG-0296:S002,SOURCE,MIBiG BGC0001976 active eupenifeldin record + Zhai et al. 2019,
M4-FUNG-0297:S001,SOURCE,MIBiG BGC0001978 retired record,
M4-FUNG-0297:S002,SOURCE,MIBiG BGC0001857 active complete record; burnettramic study DOI 10.1021/acs.orgl,
M4-FUNG-0298:S001,SOURCE,MIBiG BGC0001982 retired record,
M4-FUNG-0298:S002,SOURCE,"MIBiG BGC0001881 active complete record; Wang et al., Org Lett 2019; PMID 310995",
M4-FUNG-0299:S001,SOURCE,MIBiG BGC0001988 current record,
M4-FUNG-0299:S002,SOURCE,"Matsuda et al., Org Lett 2018; DOI 10.1021/acs.orglett.8b03123; PMID 30394754",
M4-FUNG-0300:S001,SOURCE,MIBiG BGC0001989 current record,
M4-FUNG-0300:S002,SOURCE,"Krause et al., PNAS 2018; PMID 30297402",
M4-FUNG-0300:S003,SOURCE,"Maciá Valero et al., FEMS Yeast Res 2025; PMID 40719541",
M4-FUNG-0301:S001,SOURCE,MIBiG BGC0001995 current record,
M4-FUNG-0301:S002,SOURCE,"Shinohara et al., Biosci Biotechnol Biochem 2019; DOI 10.1080/09168451.2018.1549",
M4-FUNG-0302:S001,SOURCE,MIBiG BGC0001996 current record,
M4-FUNG-0302:S002,SOURCE,"Wasil et al., J Fungi 2018; PMID 30104550",
M4-FUNG-0303:S001,SOURCE,MIBiG BGC0001998 current record,
M4-FUNG-0303:S002,SOURCE,"Lin et al., ChemBioChem 2019; PMID 30302871",
M4-FUNG-0304:S001,SOURCE,MIBiG BGC0002030 retired record and BGC0001866 changelog,
M4-FUNG-0304:S002,SOURCE,MIBiG BGC0001866 active complete successor,
M4-FUNG-0304:S003,SOURCE,"Urquhart et al., 2019; PMID 31304040",
M4-FUNG-0305:S001,SOURCE,MIBiG BGC0002035 current record,
M4-FUNG-0305:S002,SOURCE,"Lin et al., Molecules 2019; PMID 31216742; DOI 10.3390/molecules24122267",
M4-FUNG-0306:S001,SOURCE,MIBiG BGC0002062 current record,
M4-FUNG-0306:S002,SOURCE,"Szwalbe et al., Chem Sci 2019; PMID 30746079; DOI 10.1039/C8SC03778G",
M4-FUNG-0307:S001,SOURCE,MIBiG BGC0002063 current record,
M4-FUNG-0307:S002,SOURCE,"Greco et al., Chem Sci 2019; PMID 30996871; DOI 10.1039/C8SC05126G",
M4-FUNG-0307:S003,SOURCE,"Saleem et al., Phytochemistry 2013; PMID 23642454",
M4-FUNG-0308:S001,SOURCE,MIBiG BGC0002065 retired record,
M4-FUNG-0308:S002,SOURCE,MIBiG BGC0001909 active record; strobilurin study PMID 30258052,
M4-FUNG-0309:S001,SOURCE,MIBiG BGC0002066 current record,
M4-FUNG-0309:S002,SOURCE,"Bat-Erdene et al., JACS 2020; PMID 32365298; DOI 10.1021/jacs.0c03438",
M4-FUNG-0310:S001,SOURCE,MIBiG BGC0002067 current record,
M4-FUNG-0310:S002,SOURCE,"Bat-Erdene et al., JACS 2020; DOI 10.1021/jacs.0c03438; PMID 32365298",
M4-FUNG-0310:S003,SOURCE,"Miyadera et al., PNAS 2003; DOI 10.1073/pnas.0237315100",
M4-FUNG-0311:S001,SOURCE,MIBiG BGC0002093 current record,
M4-FUNG-0311:S002,SOURCE,"Zhang et al., JACS 2019; PMID 30905148; DOI 10.1021/jacs.9b02204",
M4-FUNG-0311:S003,SOURCE,"Lin et al., Molecules 2019; PMID 31216742",
M4-FUNG-0312:S001,SOURCE,MIBiG BGC0002113 retired partial record,
M4-FUNG-0312:S002,SOURCE,"Li et al., J Chromatogr A 2020; PMID 33166889; DOI 10.1016/j.chroma.2020.461626",
M4-FUNG-0312:S003,SOURCE,MIBiG BGC0000313 active Beauveria bassiana beauvericin locus; Xu et al. 2008 PMI,
M4-FUNG-0313:S004,SOURCE,Fungal BGC Atlas canonical source row,
M4-FUNG-0313:S001,SOURCE,MIBiG BGC0002139 current record,
M4-FUNG-0313:S002,SOURCE,"Roux et al., Org Biomol Chem 2021; PMID 34714309",
M4-FUNG-0313:S003,SOURCE,2024 burnettiene antimalarial follow-up; PMID 38982331,
M4-FUNG-0314:S004,SOURCE,Fungal BGC Atlas canonical source row,
M4-FUNG-0314:S001,SOURCE,MIBiG BGC0002146 current record,
M4-FUNG-0314:S002,SOURCE,"Zhang et al., J Am Chem Soc 2021; PMID 33372776",
M4-FUNG-0314:S003,SOURCE,"Sakamoto et al., J Antibiot 1996; PMID 8609083",
M4-FUNG-0315:S003,SOURCE,Fungal BGC Atlas canonical source row,
M4-FUNG-0315:S001,SOURCE,MIBiG BGC0002149 current record,
M4-FUNG-0315:S002,SOURCE,"McLellan et al., Org Lett 2022; PMID 35315670",
M4-FUNG-0316:S004,SOURCE,Fungal BGC Atlas canonical source row,
M4-FUNG-0316:S001,SOURCE,MIBiG BGC0002154 current record,
M4-FUNG-0316:S002,SOURCE,"Zhu et al., Microbiol Res 2021; PMID 33189072",
M4-FUNG-0317:S004,SOURCE,Fungal BGC Atlas canonical source row,
M4-FUNG-0317:S001,SOURCE,MIBiG BGC0002155 current record,
M4-FUNG-0317:S002,SOURCE,"Motoyama et al., ChemBioChem 2019; PMID 30443971",
M4-FUNG-0317:S003,SOURCE,"Motoyama/Osada reviews 2020-2021; PMIDs 33218033, 34379774",
M4-FUNG-0318:S003,SOURCE,Fungal BGC Atlas canonical source row,
M4-FUNG-0318:S001,SOURCE,MIBiG BGC0002156 current retired record,
M4-FUNG-0318:S002,SOURCE,"Griffiths et al., PLoS One 2018; PMID 30596695",
M4-FUNG-0319:S003,SOURCE,Fungal BGC Atlas canonical source row,
M4-FUNG-0319:S001,SOURCE,MIBiG BGC0002157 current record,
M4-FUNG-0319:S002,SOURCE,"Saruwatari et al., ChemBioChem 2014; PMID 24677498",
M4-FUNG-0320:S005,SOURCE,Fungal BGC Atlas canonical source row,
M4-FUNG-0320:S001,SOURCE,MIBiG BGC0002158 current record,
M4-FUNG-0320:S002,SOURCE,"Yun et al., Nat Commun 2015; PMID 26503170",
M4-FUNG-0320:S003,SOURCE,"Yun et al., ACS Chem Biol 2017; PMID 28820236; Kashiwa et al. 2021 PMID 34755835",
M4-FUNG-0320:S004,SOURCE,"Yun et al., J Biol Chem 2020; PMID 32565425",
M4-FUNG-0321:S004,SOURCE,Fungal BGC Atlas canonical source row,
M4-FUNG-0321:S001,SOURCE,MIBiG BGC0002159 current retired record,
M4-FUNG-0321:S002,SOURCE,Bacteria-induced lagopodin study; PMID 31087720,
M4-FUNG-0321:S003,SOURCE,Lagopodin oxidation study; PMID 30556075; EBA productivity follow-up 2020,
M4-FUNG-0322:S004,SOURCE,Fungal BGC Atlas canonical source row,
M4-FUNG-0322:S001,SOURCE,MIBiG BGC0002161 current record,
M4-FUNG-0322:S002,SOURCE,"Zhang et al., Mol Microbiol 2017; PMID 28517364",
M4-FUNG-0322:S003,SOURCE,"Zhang et al., Mol Microbiol 2019; PMID 31116900",
M4-FUNG-0323:S004,SOURCE,BGC_AUTOMATION_SOURCE_Fungal_BGC_Atlas canonical row M4-FUNG-0323,
M4-FUNG-0323:S001,SOURCE,MIBiG BGC0002162.3,
M4-FUNG-0323:S002,SOURCE,"Ye et al., Genome Mining for Sesterterpenes Using Bifunctional Terpene Synthases",
M4-FUNG-0323:S005,SOURCE,NCBI Taxonomy taxon 331117,
M4-FUNG-0324:S004,SOURCE,BGC_AUTOMATION_SOURCE_Fungal_BGC_Atlas canonical row M4-FUNG-0324,
M4-FUNG-0324:S001,SOURCE,MIBiG BGC0002163.3,
M4-FUNG-0324:S002,SOURCE,"Sørensen et al., The cereal pathogen Fusarium pseudograminearum produces a new c",
M4-FUNG-0324:S005,SOURCE,NCBI Taxonomy taxon 1028729,
M4-FUNG-0324:S003,SOURCE,Regulation of a novel Fusarium cytokinin in Fusarium pseudograminearum; DOI 10.1,
M4-FUNG-0324:S006,SOURCE,"Nielsen et al., Heterologous expression of intact biosynthetic gene clusters in ",
M4-FUNG-0325:S004,SOURCE,BGC_AUTOMATION_SOURCE_Fungal_BGC_Atlas canonical row M4-FUNG-0325,
M4-FUNG-0325:S001,SOURCE,MIBiG BGC0002164.2,
M4-FUNG-0325:S002,SOURCE,"Tanaka et al., A symbiosis expressed non-ribosomal peptide synthetase from a mut",
M4-FUNG-0325:S005,SOURCE,NCBI Taxonomy taxon 35717,
M4-FUNG-0326:S004,SOURCE,BGC_AUTOMATION_SOURCE_Fungal_BGC_Atlas canonical row M4-FUNG-0326,
M4-FUNG-0326:S001,SOURCE,MIBiG BGC0002165.3,
M4-FUNG-0326:S002,SOURCE,"Li et al., Biosynthesis of a Tricyclo[6.2.2.0²,⁷]dodecane System by a Berberine ",
M4-FUNG-0326:S005,SOURCE,NCBI Taxonomy taxon 321614,
M4-FUNG-0327:S004,SOURCE,BGC_AUTOMATION_SOURCE_Fungal_BGC_Atlas canonical row M4-FUNG-0327,
M4-FUNG-0327:S001,SOURCE,MIBiG BGC0002167.2,
M4-FUNG-0327:S002,SOURCE,"Forseth et al., Homologous NRPS-like gene clusters mediate redundant small-molec",
M4-FUNG-0327:S005,SOURCE,NCBI Taxonomy taxon 332952,
M4-FUNG-0328:S004,SOURCE,BGC_AUTOMATION_SOURCE_Fungal_BGC_Atlas canonical row M4-FUNG-0328,
M4-FUNG-0328:S001,SOURCE,MIBiG BGC0002168.3,
M4-FUNG-0328:S002,SOURCE,"Tao et al., One Polyketide Synthase, Two Distinct Products: Trans-Acting Enzyme-",
M4-FUNG-0328:S005,SOURCE,NCBI Taxonomy taxon 1549217,
M4-FUNG-0328:S003,SOURCE,Earlier decumbenone/calbistrin cluster discovery literature; comparative context,
M4-FUNG-0329:S004,SOURCE,BGC_AUTOMATION_SOURCE_Fungal_BGC_Atlas canonical row M4-FUNG-0329,
M4-FUNG-0329:S001,SOURCE,MIBiG BGC0002169.3,
M4-FUNG-0329:S002,SOURCE,"Wolff et al., Acurin A, a novel hybrid compound, biosynthesized by individually ",
M4-FUNG-0329:S005,SOURCE,NCBI Taxonomy taxon 690307,
M4-FUNG-0330:S004,SOURCE,BGC_AUTOMATION_SOURCE_Fungal_BGC_Atlas canonical row M4-FUNG-0330,
M4-FUNG-0330:S001,SOURCE,MIBiG BGC0002170.2,
M4-FUNG-0330:S002,SOURCE,"Hashimoto et al., Functional expression of a highly-reducing polyketide synthase",
M4-FUNG-0330:S005,SOURCE,NCBI Taxonomy taxon 1549217,
M4-FUNG-0331:S004,SOURCE,BGC_AUTOMATION_SOURCE_Fungal_BGC_Atlas canonical row M4-FUNG-0331,
M4-FUNG-0331:S001,SOURCE,MIBiG BGC0002171.2,
M4-FUNG-0331:S002,SOURCE,"Hai et al., Biosynthesis of Amino Acid Derived α-Pyrones by an NRPS-NRPKS Hybrid",
M4-FUNG-0331:S005,SOURCE,NCBI Taxonomy taxon 380704,
M4-FUNG-0331:S003,SOURCE,Historical pyrophen/campyrone bioactivity/isolation papers; contextual only,
M4-FUNG-0332:S004,SOURCE,BGC_AUTOMATION_SOURCE_Fungal_BGC_Atlas canonical row M4-FUNG-0332,
M4-FUNG-0332:S001,SOURCE,MIBiG BGC0002172.3,
M4-FUNG-0332:S002,SOURCE,"Jia et al., A linear nonribosomal octapeptide from Fusarium graminearum facilita",
M4-FUNG-0332:S005,SOURCE,NCBI Taxonomy taxon 229533,
M4-FUNG-0332:S003,SOURCE,"Westphal et al., Toxins; fusaoctaxin/fusatrixin/fusapentaxin biosynthetic contex",
M4-FUNG-0333:S004,SOURCE,BGC_AUTOMATION_SOURCE_Fungal_BGC_Atlas canonical row M4-FUNG-0333,
M4-FUNG-0333:S001,SOURCE,MIBiG BGC0002173.2,
M4-FUNG-0333:S002,SOURCE,Characterization and Biosynthesis of a Rare Fungal Hopane-Type Triterpenoid Glyc,
M4-FUNG-0333:S005,SOURCE,NCBI Taxonomy taxon 451804,
M4-FUNG-0333:S003,SOURCE,Aspergillus pathway-specific transcription-factor review and fungal terpene engi,
M4-FUNG-0333:S006,SOURCE,"Natural Products Atlas NPA026768, fumihopaside A",
M4-FUNG-0334:S001,SOURCE,nan,
M4-FUNG-0334:S004,SOURCE,nan,
M4-FUNG-0334:S002,SOURCE,nan,
M4-FUNG-0335:S001,SOURCE,nan,
M4-FUNG-0335:S004,SOURCE,nan,
M4-FUNG-0335:S002,SOURCE,nan,
M4-FUNG-0336:S001,SOURCE,nan,
M4-FUNG-0336:S004,SOURCE,nan,
M4-FUNG-0336:S002,SOURCE,nan,
M4-FUNG-0336:S003,SOURCE,nan,
M4-FUNG-0337:S001,SOURCE,nan,
M4-FUNG-0337:S004,SOURCE,nan,
M4-FUNG-0337:S002,SOURCE,nan,
M4-FUNG-0337:S003,SOURCE,nan,
M4-FUNG-0338:S001,SOURCE,nan,
M4-FUNG-0338:S004,SOURCE,nan,
M4-FUNG-0338:S002,SOURCE,nan,
M4-FUNG-0339:S001,SOURCE,nan,
M4-FUNG-0339:S004,SOURCE,nan,
M4-FUNG-0339:S002,SOURCE,nan,
M4-FUNG-0339:S003,SOURCE,nan,
M4-FUNG-0340:S001,SOURCE,nan,
M4-FUNG-0340:S004,SOURCE,nan,
M4-FUNG-0340:S002,SOURCE,nan,
M4-FUNG-0340:S003,SOURCE,nan,
M4-FUNG-0341:S001,SOURCE,nan,
M4-FUNG-0341:S004,SOURCE,nan,
M4-FUNG-0341:S002,SOURCE,nan,
M4-FUNG-0341:S003,SOURCE,nan,
M4-FUNG-0342:S001,SOURCE,nan,
M4-FUNG-0342:S004,SOURCE,nan,
M4-FUNG-0342:S002,SOURCE,nan,
M4-FUNG-0342:S003,SOURCE,nan,
M4-FUNG-0343:S001,SOURCE,nan,
M4-FUNG-0343:S004,SOURCE,nan,
M4-FUNG-0343:S002,SOURCE,nan,
M4-FUNG-0343:S003,SOURCE,nan,
M4-FUNG-0344:S001,SOURCE,nan,
M4-FUNG-0344:S004,SOURCE,nan,
M4-FUNG-0344:S002,SOURCE,nan,
M4-FUNG-0344:S003,SOURCE,nan,
M4-FUNG-0345:S001,SOURCE,nan,
M4-FUNG-0345:S002,SOURCE,nan,
M4-FUNG-0345:S004,SOURCE,nan,
M4-FUNG-0345:S003,SOURCE,nan,
M4-FUNG-0346:S001,SOURCE,nan,
M4-FUNG-0346:S004,SOURCE,nan,
M4-FUNG-0346:S002,SOURCE,nan,
M4-FUNG-0347:S001,SOURCE,nan,
M4-FUNG-0347:S004,SOURCE,nan,
M4-FUNG-0347:S003,SOURCE,nan,
M4-FUNG-0347:S002,SOURCE,nan,
M4-FUNG-0348:S001,SOURCE,nan,
M4-FUNG-0348:S004,SOURCE,nan,
M4-FUNG-0348:S003,SOURCE,nan,
M4-FUNG-0348:S002,SOURCE,nan,
M4-FUNG-0349:S001,SOURCE,nan,
M4-FUNG-0349:S002,SOURCE,nan,
M4-FUNG-0349:S004,SOURCE,nan,
M4-FUNG-0349:S003,SOURCE,nan,
M4-FUNG-0350:S001,SOURCE,nan,
M4-FUNG-0350:S004,SOURCE,nan,
M4-FUNG-0350:S002,SOURCE,nan,
M4-FUNG-0351:S001,SOURCE,nan,
M4-FUNG-0351:S004,SOURCE,nan,
M4-FUNG-0351:S002,SOURCE,nan,
M4-FUNG-0352:S001,SOURCE,nan,
M4-FUNG-0352:S004,SOURCE,nan,
M4-FUNG-0352:S002,SOURCE,nan,
M4-FUNG-0352:S003,SOURCE,nan,
M4-FUNG-0353:S001,SOURCE,nan,
M4-FUNG-0353:S004,SOURCE,nan,
M4-FUNG-0353:S002,SOURCE,nan,
M4-FUNG-0353:S003,SOURCE,nan,
M4-FUNG-0354:S001,SOURCE,nan,
M4-FUNG-0354:S004,SOURCE,nan,
M4-FUNG-0354:S002,SOURCE,nan,
M4-FUNG-0354:S003,SOURCE,nan,
M4-FUNG-0355:S001,SOURCE,nan,
M4-FUNG-0355:S004,SOURCE,nan,
M4-FUNG-0355:S002,SOURCE,nan,
M4-FUNG-0355:S003,SOURCE,nan,
M4-FUNG-0356:S001,SOURCE,nan,
M4-FUNG-0356:S004,SOURCE,nan,
M4-FUNG-0356:S002,SOURCE,nan,
M4-FUNG-0357:S001,SOURCE,nan,
M4-FUNG-0357:S004,SOURCE,nan,
M4-FUNG-0357:S002,SOURCE,nan,
M4-FUNG-0358:S001,SOURCE,nan,
M4-FUNG-0358:S004,SOURCE,nan,
M4-FUNG-0358:S002,SOURCE,nan,
M4-FUNG-0359:S001,SOURCE,nan,
M4-FUNG-0359:S004,SOURCE,nan,
M4-FUNG-0359:S002,SOURCE,nan,
M4-FUNG-0360:S001,SOURCE,nan,
M4-FUNG-0360:S004,SOURCE,nan,
M4-FUNG-0360:S002,SOURCE,nan,
M4-FUNG-0360:S003,SOURCE,nan,
M4-FUNG-0361:S001,SOURCE,nan,
M4-FUNG-0361:S002,SOURCE,nan,
M4-FUNG-0361:S004,SOURCE,nan,
M4-FUNG-0362:S001,SOURCE,nan,
M4-FUNG-0362:S002,SOURCE,nan,
M4-FUNG-0362:S004,SOURCE,nan,
M4-FUNG-0362:S003,SOURCE,nan,
M4-FUNG-0363:S001,SOURCE,nan,
M4-FUNG-0363:S004,SOURCE,nan,
M4-FUNG-0363:S002,SOURCE,nan,
M4-FUNG-0364:S001,SOURCE,nan,
M4-FUNG-0364:S002,SOURCE,nan,
M4-FUNG-0364:S004,SOURCE,nan,
M4-FUNG-0364:S003,SOURCE,nan,
M4-FUNG-0365:S001,SOURCE,nan,
M4-FUNG-0365:S004,SOURCE,nan,
M4-FUNG-0365:S002,SOURCE,nan,
M4-FUNG-0366:S001,SOURCE,nan,
M4-FUNG-0366:S004,SOURCE,nan,
M4-FUNG-0366:S002,SOURCE,nan,
M4-FUNG-0367:S001,SOURCE,nan,
M4-FUNG-0367:S004,SOURCE,nan,
M4-FUNG-0367:S002,SOURCE,nan,
M4-FUNG-0368:S001,SOURCE,nan,
M4-FUNG-0368:S004,SOURCE,nan,
M4-FUNG-0368:S002,SOURCE,nan,
M4-FUNG-0369:S001,SOURCE,nan,
M4-FUNG-0369:S004,SOURCE,nan,
M4-FUNG-0369:S002,SOURCE,nan,
M4-FUNG-0370:S001,SOURCE,nan,
M4-FUNG-0370:S002,SOURCE,nan,
M4-FUNG-0370:S004,SOURCE,nan,
M4-FUNG-0371:S001,SOURCE,nan,
M4-FUNG-0371:S002,SOURCE,nan,
M4-FUNG-0371:S004,SOURCE,nan,
M4-FUNG-0372:S001,SOURCE,nan,
M4-FUNG-0372:S002,SOURCE,nan,
M4-FUNG-0372:S004,SOURCE,nan,
M4-FUNG-0373:S001,SOURCE,nan,
M4-FUNG-0373:S002,SOURCE,nan,
M4-FUNG-0373:S004,SOURCE,nan,
M4-FUNG-0374:S001,SOURCE,nan,
M4-FUNG-0374:S002,SOURCE,nan,
M4-FUNG-0375:S001,SOURCE,nan,
M4-FUNG-0375:S002,SOURCE,nan,
M4-FUNG-0376:S001,SOURCE,nan,
M4-FUNG-0376:S002,SOURCE,nan,
M4-FUNG-0377:S002,SOURCE,nan,
M4-FUNG-0377:S001,SOURCE,nan,
M4-FUNG-0378:S002,SOURCE,nan,
M4-FUNG-0378:S001,SOURCE,nan,
M4-FUNG-0379:S002,SOURCE,nan,
M4-FUNG-0379:S001,SOURCE,nan,
M4-FUNG-0380:S001,SOURCE,nan,
M4-FUNG-0380:S002,SOURCE,nan,
M4-FUNG-0381:S002,SOURCE,nan,
M4-FUNG-0381:S001,SOURCE,nan,
M4-FUNG-0382:S002,SOURCE,nan,
M4-FUNG-0382:S001,SOURCE,nan,
M4-FUNG-0382:S003,SOURCE,nan,
M4-FUNG-0383:S002,SOURCE,nan,
M4-FUNG-0383:S001,SOURCE,nan,
M4-FUNG-0383:S003,SOURCE,nan,
M4-FUNG-0426:S001,SOURCE,MIBiG BGC0002267.2 — azasperpyranone A biosynthetic gene cluster from Aspergillu,
M4-FUNG-0426:S002,SOURCE,Collaborative Biosynthesis of a Class of Bioactive Azaphilones by Two Separate G,
M4-FUNG-0426:S004,SOURCE,Biosynthesis of Fungal Natural Products Involving Two Separate Pathway Crosstalk,
M4-FUNG-0427:S001,SOURCE,BGC_AUTOMATION_SOURCE_Fungal_BGC_Atlas — BGC List row for M4-FUNG-0427 / BGC0002,
M4-FUNG-0427:S002,SOURCE,"MIBiG BGC0002268.3 — CJ-16,173 biosynthetic gene cluster from Penicillium sp.",
M4-FUNG-0427:S003,SOURCE,"Zhang Z, Qiao T, Watanabe K, Tang Y. Concise Biosynthesis of Phenylfuropyridones",
M4-FUNG-0427:S004,SOURCE,"NCBI Taxonomy — Penicillium sp., taxon 5081",
M4-FUNG-0427:S005,SOURCE,"Chiang YM, Lin TS, Wang CC. Total Heterologous Biosynthesis of Fungal Natural Pr",
M4-FUNG-0428:S001,SOURCE,BGC_AUTOMATION_SOURCE_Fungal_BGC_Atlas — M4-FUNG-0428,
M4-FUNG-0428:S002,SOURCE,MIBiG BGC0002269,
M4-FUNG-0428:S003,SOURCE,Discovery of a Potential Liver Fibrosis Inhibitor from a Mushroom Endophytic Fun,
M4-FUNG-0428:S004,SOURCE,NCBI Taxonomy — Calcarisporium arbuscula,
M4-FUNG-0429:S001,SOURCE,BGC_AUTOMATION_SOURCE_Fungal_BGC_Atlas — M4-FUNG-0429,
M4-FUNG-0429:S002,SOURCE,MIBiG BGC0002270.2,
M4-FUNG-0429:S003,SOURCE,Unveiling of Swainsonine Biosynthesis via a Multibranched Pathway in Fungi,
M4-FUNG-0429:S004,SOURCE,NCBI Taxonomy — Metarhizium robertsii ARSEF 23,
M4-FUNG-0429:S005,SOURCE,Swainsonine Biosynthesis Genes in Diverse Symbiotic and Pathogenic Fungi,
M4-FUNG-0430:S001,SOURCE,BGC_AUTOMATION_SOURCE_Fungal_BGC_Atlas — M4-FUNG-0430,
M4-FUNG-0430:S002,SOURCE,MIBiG BGC0002271.2,
M4-FUNG-0430:S003,SOURCE,Application of an Efficient Gene Targeting System Linking Secondary Metabolites ,
M4-FUNG-0430:S004,SOURCE,NCBI Taxonomy — Aspergillus terreus NIH2624,
M4-FUNG-0430:S005,SOURCE,Recent advances in genome mining of secondary metabolites in Aspergillus terreus,
M4-FUNG-0431:S001,SOURCE,BGC_AUTOMATION_SOURCE_Fungal_BGC_Atlas — M4-FUNG-0431,
M4-FUNG-0431:S002,SOURCE,MIBiG BGC0002272.2,
M4-FUNG-0431:S003,SOURCE,Application of an Efficient Gene Targeting System Linking Secondary Metabolites ,
M4-FUNG-0431:S004,SOURCE,NCBI Taxonomy — Aspergillus terreus NIH2624,
M4-FUNG-0431:S005,SOURCE,Recent advances in genome mining of secondary metabolites in Aspergillus terreus,
M4-FUNG-0432:S001,SOURCE,BGC_AUTOMATION_SOURCE_Fungal_BGC_Atlas — M4-FUNG-0432,
M4-FUNG-0432:S002,SOURCE,MIBiG BGC0002273.2,
M4-FUNG-0432:S003,SOURCE,Application of an Efficient Gene Targeting System Linking Secondary Metabolites ,
M4-FUNG-0432:S004,SOURCE,NCBI Taxonomy — Aspergillus terreus NIH2624,
M4-FUNG-0432:S005,SOURCE,Functional annotation for EAU36089.1 / BtyA,
M4-FUNG-0432:S006,SOURCE,Butyrolactone biological-activity literature cited by defining study,
M4-FUNG-0433:S001,SOURCE,BGC_AUTOMATION_SOURCE_Fungal_BGC_Atlas — M4-FUNG-0433,
M4-FUNG-0433:S002,SOURCE,MIBiG BGC0002274.2,
M4-FUNG-0433:S003,SOURCE,Application of an Efficient Gene Targeting System Linking Secondary Metabolites ,
M4-FUNG-0433:S004,SOURCE,NCBI Taxonomy — Aspergillus terreus NIH2624,
M4-FUNG-0434:S001,SOURCE,BGC_AUTOMATION_SOURCE_Fungal_BGC_Atlas — M4-FUNG-0434,
M4-FUNG-0434:S002,SOURCE,MIBiG BGC0002275.2,
M4-FUNG-0434:S003,SOURCE,Biosynthesis of Amino Acid Derived α-Pyrones by an NRPS-NRPKS Hybrid Megasynthet,
M4-FUNG-0434:S004,SOURCE,NCBI Taxonomy — Aspergillus niger CBS 101883,
M4-FUNG-0434:S005,SOURCE,"Structure and absolute configuration of pyrophen, a novel pyrone derivative of L",
M4-FUNG-0435:S001,SOURCE,BGC_AUTOMATION_SOURCE_Fungal_BGC_Atlas — M4-FUNG-0435,
M4-FUNG-0435:S002,SOURCE,MIBiG BGC0002276.2,
M4-FUNG-0435:S003,SOURCE,Structure-guided function discovery of an NRPS-like glycine betaine reductase fo,
M4-FUNG-0435:S004,SOURCE,NCBI Taxonomy — Aspergillus nidulans FGSC A4,
M4-FUNG-0436:S001,SOURCE,BGC_AUTOMATION_SOURCE_Fungal_BGC_Atlas — M4-FUNG-0436,
M4-FUNG-0436:S002,SOURCE,MIBiG BGC0002277.2,
M4-FUNG-0436:S003,SOURCE,Characterization of the Suillus grevillei Quinone Synthetase GreA Supports a Non,
M4-FUNG-0436:S004,SOURCE,NCBI Taxonomy — Suillus grevillei,
M4-FUNG-0437:S001,SOURCE,BGC_AUTOMATION_SOURCE_Fungal_BGC_Atlas — M4-FUNG-0437,
M4-FUNG-0437:S002,SOURCE,MIBiG BGC0002278.3 / generated antiSMASH region,
M4-FUNG-0437:S003,SOURCE,Piperazine ring formation by a single-module NRPS and cleavage by an α-KG-depend,
M4-FUNG-0437:S004,SOURCE,NCBI Taxonomy — Penicillium brasilianum,
M4-FUNG-0437:S005,SOURCE,Insights into Penicillium brasilianum Secondary Metabolism and Its Biotechnologi,
M4-FUNG-0438:S001,SOURCE,BGC_AUTOMATION_SOURCE_Fungal_BGC_Atlas — M4-FUNG-0438,
M4-FUNG-0438:S002,SOURCE,MIBiG BGC0002279,
M4-FUNG-0438:S003,SOURCE,Draft Genome of Omphalotus olearius Provides a Predictive Framework for Sesquite,
M4-FUNG-0438:S004,SOURCE,NCBI Taxonomy — Omphalotus olearius VT 653.13,
M4-FUNG-0439:S001,SOURCE,BGC_AUTOMATION_SOURCE_Fungal_BGC_Atlas — M4-FUNG-0439,
M4-FUNG-0439:S002,SOURCE,MIBiG BGC0002280,
M4-FUNG-0439:S003,SOURCE,Draft Genome of Omphalotus olearius Provides a Predictive Framework for Sesquite,
M4-FUNG-0439:S004,SOURCE,NCBI Taxonomy — Omphalotus olearius VT 653.13,
M4-FUNG-0440:S001,SOURCE,BGC_AUTOMATION_SOURCE_Fungal_BGC_Atlas — M4-FUNG-0440,
M4-FUNG-0440:S002,SOURCE,MIBiG BGC0002281,
M4-FUNG-0440:S003,SOURCE,Biosynthesis of the Fusarium Mycotoxin (-)-Sambutoxin,
M4-FUNG-0440:S004,SOURCE,NCBI Taxonomy — Fusarium commune,
M4-FUNG-0441:S001,SOURCE,BGC_AUTOMATION_SOURCE_Fungal_BGC_Atlas — M4-FUNG-0441,
M4-FUNG-0441:S002,SOURCE,MIBiG BGC0002290,
M4-FUNG-0441:S003,SOURCE,Biosynthesis of an Acetylenic Meroterpenoid and Discovery of a Fungal Cytochrome,
M4-FUNG-0441:S004,SOURCE,NCBI Taxonomy — Biscogniauxia sp.,
M4-FUNG-0442:S001,SOURCE,BGC_AUTOMATION_SOURCE_Fungal_BGC_Atlas — M4-FUNG-0442,
M4-FUNG-0442:S002,SOURCE,MIBiG BGC0002301 / functional annotation,
M4-FUNG-0442:S003,SOURCE,Enantioselective Phenol Coupling by Laccases in the Biosynthesis of Fungal Dimer,
M4-FUNG-0442:S004,SOURCE,NCBI Taxonomy — Aschersonia paraphysata,
M4-FUNG-0443:S001,SOURCE,BGC_AUTOMATION_SOURCE_Fungal_BGC_Atlas — M4-FUNG-0443,
M4-FUNG-0443:S002,SOURCE,MIBiG BGC0002304,
M4-FUNG-0443:S003,SOURCE,Genome-Mined Diels–Alderase Catalyzes Formation of the cis-Octahydrodecalins of ,
M4-FUNG-0443:S004,SOURCE,NCBI Taxonomy — Talaromyces variabilis / Penicillium variabile synonym provenanc,
M4-FUNG-0444:S001,SOURCE,BGC_AUTOMATION_SOURCE_Fungal_BGC_Atlas — M4-FUNG-0444,
M4-FUNG-0444:S002,SOURCE,MIBiG BGC0002320.3,
M4-FUNG-0444:S003,SOURCE,Biosynthetic study of conidiation-inducing factor conidiogenone: heterologous pr,
M4-FUNG-0444:S004,SOURCE,NCBI Taxonomy — Penicillium rubens Wisconsin 54-1255,
M4-FUNG-0445:S001,SOURCE,BGC_AUTOMATION_SOURCE_Fungal_BGC_Atlas — M4-FUNG-0445,
M4-FUNG-0445:S002,SOURCE,MIBiG BGC0002321.3 / generated antiSMASH region,
M4-FUNG-0445:S003,SOURCE,Snf2 controls pulcherriminic acid biosynthesis and antifungal activity of the bi,
M4-FUNG-0445:S004,SOURCE,NCBI Taxonomy — Metschnikowia aff. pulcherrima,
M4-FUNG-0446:S001,SOURCE,BGC_AUTOMATION_SOURCE_Fungal_BGC_Atlas — M4-FUNG-0446,
M4-FUNG-0446:S002,SOURCE,MIBiG BGC0002348.2 / generated antiSMASH region,
M4-FUNG-0446:S003,SOURCE,A Non-canonical Melanin Biosynthesis Pathway Protects Aspergillus terreus Conidi,
M4-FUNG-0446:S004,SOURCE,NCBI Taxonomy — Aspergillus terreus NIH2624,
M4-FUNG-0446:S005,SOURCE,UniProtKB — Aspulvinone E synthetase MelA,
M4-FUNG-0446:S006,SOURCE,Collective synthesis of aspulvinone and its analogues by vinylogous aldol conden,
M4-FUNG-0447:S001,SOURCE,BGC_AUTOMATION_SOURCE_Fungal_BGC_Atlas — M4-FUNG-0447,
M4-FUNG-0447:S002,SOURCE,MIBiG BGC0002368,
M4-FUNG-0447:S003,SOURCE,Structural basis of the stereoselective formation of the spirooxindole ring in t,
M4-FUNG-0447:S004,SOURCE,NCBI Taxonomy — Penicillium citrinum,
M4-FUNG-0447:S005,SOURCE,MIBiG BGC0002643 — aetokthonotoxin biosynthetic gene cluster from Aetokthonos hy,
M4-FUNG-0448:S001,SOURCE,BGC_AUTOMATION_SOURCE_Fungal_BGC_Atlas — M4-FUNG-0448,
M4-FUNG-0448:S002,SOURCE,MIBiG/NCBI taxonomy — Cladosporium sp. SW67,
M4-FUNG-0448:S003,SOURCE,Spirocyclic cladosporicin A and cladosporiumins I and J from a Hydractinia-assoc,
M4-FUNG-0448:S004,SOURCE,Hybrid Polyketides from a Hydractinia-Associated Cladosporium sphaerospermum SW6,
M4-FUNG-0449:S001,SOURCE,BGC_AUTOMATION_SOURCE_Fungal_BGC_Atlas — M4-FUNG-0449,
M4-FUNG-0449:S002,SOURCE,MIBiG BGC0002427.2 / generated antiSMASH region,
M4-FUNG-0449:S003,SOURCE,Synthetic biology based construction of biological activity-related library of f,
M4-FUNG-0449:S004,SOURCE,NCBI Taxonomy — Metarhizium robertsii ARSEF 23,
M4-FUNG-0449:S005,SOURCE,Subglutinols A and B: immunosuppressive compounds from the endophytic fungus Fus,
M4-FUNG-0450:S001,SOURCE,BGC_AUTOMATION_SOURCE_Fungal_BGC_Atlas — M4-FUNG-0450,
M4-FUNG-0450:S002,SOURCE,MIBiG BGC0002428.2,
M4-FUNG-0450:S003,SOURCE,Synthetic biology based construction of biological activity-related library of f,
M4-FUNG-0450:S005,SOURCE,NCBI/KEGG — Fusarium graminearum PH-1,
M4-FUNG-0450:S004,SOURCE,CRISPR-Cas9 Gene Editing and Secondary Metabolite Screening Confirm Fusarium gra,
M4-FUNG-0450:S006,SOURCE,UniProt dpfg pathway proteins,
M4-FUNG-0451:S001,SOURCE,BGC_AUTOMATION_SOURCE_Fungal_BGC_Atlas — M4-FUNG-0451,
M4-FUNG-0451:S002,SOURCE,MIBiG BGC0002429.3 / current antiSMASH display,
M4-FUNG-0451:S003,SOURCE,Synthetic biology based construction of biological activity-related library of f,
M4-FUNG-0451:S007,SOURCE,UniProt/NCBI — Colletotrichum higginsianum IMI 349063 and dpch proteins,
M4-FUNG-0451:S004,SOURCE,Deleting a Chromatin Remodeling Gene Increases the Diversity of Secondary Metabo,
M4-FUNG-0451:S006,SOURCE,Inhibition of jasmonate-mediated plant defences by the fungal metabolite higgins,
M4-FUNG-0451:S005,SOURCE,Higginsianins A/B and D/E isolation and cytotoxicity studies,
M4-FUNG-0452:S001,SOURCE,BGC_AUTOMATION_SOURCE_Fungal_BGC_Atlas — M4-FUNG-0452,
M4-FUNG-0452:S002,SOURCE,MIBiG BGC0002438.2,
M4-FUNG-0452:S003,SOURCE,"Genome sequence of Pseudopithomyces chartarum, causal agent of facial eczema (pi",
M4-FUNG-0452:S004,SOURCE,NCBI taxonomy — Pithomyces/Pseudopithomyces chartarum provenance,
M4-FUNG-0452:S005,SOURCE,PubChem — Sporidesmin A,
M4-FUNG-0453:S001,SOURCE,BGC_AUTOMATION_SOURCE_Fungal_BGC_Atlas — M4-FUNG-0453,
M4-FUNG-0453:S002,SOURCE,MIBiG BGC0002445.3,
M4-FUNG-0453:S003,SOURCE,Isolation of a gene cluster from Armillaria gallica for the synthesis of armilly,
M4-FUNG-0453:S004,SOURCE,NCBI Taxonomy — Armillaria gallica,
M4-FUNG-0453:S005,SOURCE,Cloning and characterization of an Armillaria gallica cDNA encoding protoilluden,
M4-FUNG-0454:S001,SOURCE,BGC_AUTOMATION_SOURCE_Fungal_BGC_Atlas — M4-FUNG-0454,
M4-FUNG-0454:S002,SOURCE,MIBiG BGC0002459,
M4-FUNG-0454:S003,SOURCE,Genome-guided investigation of anti-inflammatory sesterterpenoids with 5-15 tran,
M4-FUNG-0454:S004,SOURCE,NCBI Taxonomy — Bipolaris sorokiniana,
M4-FUNG-0454:S006,SOURCE,New sesquiterpenoids with anti-inflammatory effects from phytopathogenic fungus ,
M4-FUNG-0454:S005,SOURCE,Total Biosynthesis of Antiangiogenic Agent (-)-Terpestacin by Artificial Reconst,
M4-FUNG-0455:S001,SOURCE,BGC_AUTOMATION_SOURCE_Fungal_BGC_Atlas — M4-FUNG-0455,
M4-FUNG-0455:S002,SOURCE,MIBiG BGC0002483.2,
M4-FUNG-0455:S003,SOURCE,Putative identification of the usnic acid biosynthetic gene cluster by de novo w,
M4-FUNG-0455:S004,SOURCE,NCBI Taxonomy — Cladonia uncialis subsp. uncialis,
M4-FUNG-0455:S005,SOURCE,Identification of a putative polyketide synthase gene involved in usnic acid bio,
M4-FUNG-0455:S006,SOURCE,UniProtKB — MPAO_CLAUC,
M4-FUNG-0456:S001,SOURCE,BGC_AUTOMATION_SOURCE_Fungal_BGC_Atlas — M4-FUNG-0456,
M4-FUNG-0456:S002,SOURCE,MIBiG BGC0002501,
M4-FUNG-0456:S003,SOURCE,"Fungal Epithiodiketopiperazines Carrying α,β-Polysulfide Bridges from Penicilliu",
M4-FUNG-0456:S004,SOURCE,NCBI Taxonomy — Penicillium steckii,
M4-FUNG-0457:S001,SOURCE,BGC_AUTOMATION_SOURCE_Fungal_BGC_Atlas — M4-FUNG-0457,
M4-FUNG-0457:S002,SOURCE,MIBiG BGC0002502.3,
M4-FUNG-0457:S003,SOURCE,A Natural Variation of Fumonisin Gene Cluster Associated with Fumonisin Producti,
M4-FUNG-0457:S004,SOURCE,NCBI Taxonomy — Fusarium fujikuroi,
M4-FUNG-0457:S005,SOURCE,Genetic Differentiation Associated with Fumonisin and Gibberellin Production in ,
M4-FUNG-0457:S006,SOURCE,established fumonisin biosynthetic-gene functions in Fusarium verticillioides an,
M4-FUNG-0458:S001,SOURCE,BGC_AUTOMATION_SOURCE_Fungal_BGC_Atlas — M4-FUNG-0458,
M4-FUNG-0458:S003,SOURCE,Tricarbocyclic core formation of tyrosine-decahydrofluorenes implies a three-enz,
M4-FUNG-0458:S002,SOURCE,MIBiG BGC0002505.3,
M4-FUNG-0458:S004,SOURCE,Xenoacremonium sinensis ML-31 primary-study taxonomy,
M4-FUNG-0458:S005,SOURCE,"Xenoacremones D-H, Bioactive Tyrosine-decahydrofluorene Analogues from the Plant",
M4-FUNG-0459:S001,SOURCE,BGC_AUTOMATION_SOURCE_Fungal_BGC_Atlas — M4-FUNG-0459,
M4-FUNG-0459:S002,SOURCE,MIBiG BGC0002507,
M4-FUNG-0459:S003,SOURCE,A Fasciclin Protein Is Essential for Laccase-Mediated Selective Phenol Coupling ,
M4-FUNG-0459:S004,SOURCE,NCBI Taxonomy — Chrysosporium merdarium,
M4-FUNG-0459:S005,SOURCE,FunBGCs sporandol entry,
M4-FUNG-0459:S006,SOURCE,Biochemical and genetic foundations / naphthalene O-methyltransferase comparison,
M4-FUNG-0460:S001,SOURCE,BGC_AUTOMATION_SOURCE_Fungal_BGC_Atlas — M4-FUNG-0460,
M4-FUNG-0460:S002,SOURCE,MIBiG BGC0002511.3,
M4-FUNG-0460:S003,SOURCE,Transcriptome Analysis Identifies a Gene Cluster for the Biosynthesis of Biruloq,
M4-FUNG-0460:S004,SOURCE,NCBI Taxonomy — Cladonia macilenta KoLRI003786,
M4-FUNG-0460:S006,SOURCE,"Draft Genome Sequence of Cladonia macilenta KoLRI003786, a Lichen-Forming Fungus",
M4-FUNG-0460:S005,SOURCE,"Biruloquinone, an acetylcholinesterase inhibitor produced by lichen-forming fung",
M4-FUNG-0461:S001,SOURCE,BGC_AUTOMATION_SOURCE_Fungal_BGC_Atlas — M4-FUNG-0461,
M4-FUNG-0461:S002,SOURCE,MIBiG BGC0002513,
M4-FUNG-0461:S003,SOURCE,Production and Activity of Cristazarin in the Lichen-Forming Fungus Cladonia met,
M4-FUNG-0461:S004,SOURCE,Identification of a biosynthetic gene cluster for a red pigment cristazarin prod,
M4-FUNG-0462:S001,SOURCE,BGC_AUTOMATION_SOURCE_Fungal_BGC_Atlas — M4-FUNG-0462,
M4-FUNG-0462:S002,SOURCE,MIBiG BGC0002515,
M4-FUNG-0462:S003,SOURCE,A Novel Type Pathway-Specific Regulator and Dynamic Genome Environments of a Sol,
M4-FUNG-0462:S004,SOURCE,Sol5 Diels-Alderase study in solanapyrone biosynthesis,
M4-FUNG-0463:S001,SOURCE,BGC_AUTOMATION_SOURCE_Fungal_BGC_Atlas — M4-FUNG-0463,
M4-FUNG-0463:S002,SOURCE,MIBiG BGC0002516,
M4-FUNG-0463:S003,SOURCE,Comparative Genomics and Transcriptomics During Sexual Development Gives Insight,
M4-FUNG-0464:S001,SOURCE,BGC_AUTOMATION_SOURCE_Fungal_BGC_Atlas — M4-FUNG-0464,
M4-FUNG-0464:S002,SOURCE,MIBiG BGC0002519,
M4-FUNG-0464:S003,SOURCE,Genome-Inspired Chemical Exploration of Marine Fungus Aspergillus fumigatus MF07,
M4-FUNG-0465:S001,SOURCE,BGC_AUTOMATION_SOURCE_Fungal_BGC_Atlas — M4-FUNG-0465,
M4-FUNG-0465:S002,SOURCE,MIBiG BGC0002525,
M4-FUNG-0465:S003,SOURCE,Induction of secondary metabolite production by hygromycin B and identification ,
M4-FUNG-0466:S001,SOURCE,BGC_AUTOMATION_SOURCE_Fungal_BGC_Atlas — M4-FUNG-0466,
M4-FUNG-0466:S002,SOURCE,MIBiG BGC0002537,
M4-FUNG-0466:S003,SOURCE,Structural Diversification of Andiconin-Derived Natural Products by α-Ketoglutar,
M4-FUNG-0467:S001,SOURCE,BGC_AUTOMATION_SOURCE_Fungal_BGC_Atlas — M4-FUNG-0467,
M4-FUNG-0467:S002,SOURCE,MIBiG BGC0002538,
M4-FUNG-0467:S003,SOURCE,New Tetramic Acids Comprising of Decalin and Pyridones From Chaetomium olivaceum,
M4-FUNG-0468:S001,SOURCE,BGC_AUTOMATION_SOURCE_Fungal_BGC_Atlas — M4-FUNG-0468,
M4-FUNG-0468:S002,SOURCE,MIBiG BGC0002539,
M4-FUNG-0468:S003,SOURCE,Identification of the Antifungal Metabolite Chaetoglobosin P From Discosia rubi ,
M4-FUNG-0469:S001,SOURCE,BGC_AUTOMATION_SOURCE_Fungal_BGC_Atlas — M4-FUNG-0469,
M4-FUNG-0469:S002,SOURCE,MIBiG BGC0002543,
M4-FUNG-0469:S003,SOURCE,Acrophiarin (antibiotic S31794/F-1) from Penicillium arenicola shares biosynthet,
M4-FUNG-0470:S001,SOURCE,BGC_AUTOMATION_SOURCE_Fungal_BGC_Atlas — M4-FUNG-0470,
M4-FUNG-0470:S002,SOURCE,MIBiG BGC0002546,
M4-FUNG-0470:S003,SOURCE,Chaetoglobosins and azaphilones from Chaetomium globosum associated with Apostic,
M4-FUNG-0471:S001,SOURCE,BGC_AUTOMATION_SOURCE_Fungal_BGC_Atlas — M4-FUNG-0471,
M4-FUNG-0471:S002,SOURCE,MIBiG BGC0002549,
M4-FUNG-0471:S003,SOURCE,"Linking a Gene Cluster to Atranorin, a Major Cortical Substance of Lichens, thro",
M4-FUNG-0472:S001,SOURCE,BGC_AUTOMATION_SOURCE_Fungal_BGC_Atlas — M4-FUNG-0472,
M4-FUNG-0472:S002,SOURCE,MIBiG BGC0002555,
M4-FUNG-0472:S003,SOURCE,"Emerimicins V-X, 15-Residue Peptaibols Discovered from an Acremonium sp. through",
M4-FUNG-0473:S001,SOURCE,BGC_AUTOMATION_SOURCE_Fungal_BGC_Atlas — M4-FUNG-0473,
M4-FUNG-0473:S002,SOURCE,MIBiG BGC0002557,
M4-FUNG-0473:S003,SOURCE,Unprecedented [5.5.5.6]Dioxafenestrane Ring Construction in Fungal Insecticidal ,
M4-FUNG-0473:S004,SOURCE,Penifulvin A: a sesquiterpenoid-derived metabolite from Penicillium griseofulvum,
M4-FUNG-0474:S001,SOURCE,BGC_AUTOMATION_SOURCE_Fungal_BGC_Atlas — M4-FUNG-0474,
M4-FUNG-0474:S002,SOURCE,MIBiG BGC0002592,
M4-FUNG-0474:S003,SOURCE,Heterologous reconstitution of the intact geodin gene cluster in Aspergillus nid,
M4-FUNG-0475:S001,SOURCE,BGC_AUTOMATION_SOURCE_Fungal_BGC_Atlas — M4-FUNG-0475,
M4-FUNG-0475:S002,SOURCE,MIBiG BGC0002593,
M4-FUNG-0475:S003,SOURCE,Heterologous expression of a lichen polyketide synthase produces the depside lec,
M4-FUNG-0475:S004,SOURCE,Pseudevernia furfuracea chemotype comparison and native PKS-product context,
M4-FUNG-0476:S001,SOURCE,BGC_AUTOMATION_SOURCE_Fungal_BGC_Atlas — M4-FUNG-0476,
M4-FUNG-0476:S002,SOURCE,MIBiG BGC0002594,
M4-FUNG-0476:S003,SOURCE,Fusarium graminearum PKS14 is involved in orsellinic acid and orcinol synthesis,
M4-FUNG-0477:S001,SOURCE,BGC_AUTOMATION_SOURCE_Fungal_BGC_Atlas — M4-FUNG-0477,
M4-FUNG-0477:S002,SOURCE,MIBiG BGC0002595,
M4-FUNG-0477:S003,SOURCE,Identification of the orsellinic acid synthase PKS63787 for the biosynthesis of ,
M4-FUNG-0478:S001,SOURCE,BGC_AUTOMATION_SOURCE_Fungal_BGC_Atlas — M4-FUNG-0478,
M4-FUNG-0478:S002,SOURCE,MIBiG BGC0002596,
M4-FUNG-0478:S003,SOURCE,Identification of the polyketide synthase PKS7 responsible for the production of,
M4-FUNG-0479:S001,SOURCE,BGC_AUTOMATION_SOURCE_Fungal_BGC_Atlas — M4-FUNG-0479,
M4-FUNG-0479:S002,SOURCE,MIBiG BGC0002598,
M4-FUNG-0479:S003,SOURCE,A PCR method to identify ochratoxin A-producing Aspergillus westerdijkiae strain,
M4-FUNG-0479:S004,SOURCE,A. westerdijkiae aoks1 polyketide synthase disruption study,
M4-FUNG-0479:S005,SOURCE,Ochratoxin A biosynthetic pathway gene-deletion series in Aspergillus ochraceus,
M4-FUNG-0480:S001,SOURCE,BGC_AUTOMATION_SOURCE_Fungal_BGC_Atlas — M4-FUNG-0480,
M4-FUNG-0480:S002,SOURCE,MIBiG BGC0002599,
M4-FUNG-0480:S003,SOURCE,Genome-Inspired Chemical Exploration of Marine Fungus Aspergillus fumigatus MF07,
M4-FUNG-0481:S001,SOURCE,BGC_AUTOMATION_SOURCE_Fungal_BGC_Atlas — M4-FUNG-0481,
M4-FUNG-0481:S002,SOURCE,MIBiG BGC0002600,
M4-FUNG-0481:S003,SOURCE,Genome-Inspired Chemical Exploration of Marine Fungus Aspergillus fumigatus MF07,
M4-FUNG-0482:S001,SOURCE,BGC_AUTOMATION_SOURCE_Fungal_BGC_Atlas — M4-FUNG-0482,
M4-FUNG-0482:S002,SOURCE,MIBiG BGC0002601,
M4-FUNG-0482:S003,SOURCE,Genome-Inspired Chemical Exploration of Marine Fungus Aspergillus fumigatus MF07,
M4-FUNG-0483:S001,SOURCE,BGC_AUTOMATION_SOURCE_Fungal_BGC_Atlas — M4-FUNG-0483,
M4-FUNG-0483:S002,SOURCE,MIBiG BGC0002602,
M4-FUNG-0483:S003,SOURCE,Identification and functional analysis of the aspergillic acid gene cluster in A,
M4-FUNG-0483:S004,SOURCE,MIBiG/source-workbook listed aspergillic-acid reference,
M4-FUNG-0484:S001,SOURCE,BGC_AUTOMATION_SOURCE_Fungal_BGC_Atlas — M4-FUNG-0484,
M4-FUNG-0484:S002,SOURCE,MIBiG BGC0002603,
M4-FUNG-0484:S003,SOURCE,Genome mining for fungal polyketide-diterpenoid hybrids: discovery of key terpen,
M4-FUNG-0484:S004,SOURCE,Marine-derived Aspergillus versicolor chevalone chemistry study,
M4-FUNG-0485:S001,SOURCE,BGC_AUTOMATION_SOURCE_Fungal_BGC_Atlas — M4-FUNG-0485,
M4-FUNG-0485:S002,SOURCE,MIBiG BGC0002604,
M4-FUNG-0485:S003,SOURCE,Genome mining for fungal polyketide-diterpenoid hybrids: discovery of key terpen,
M4-FUNG-0485:S004,SOURCE,Aspergillus felis sartorypyrone natural-product study,
M4-FUNG-0486:S001,SOURCE,BGC_AUTOMATION_SOURCE_Fungal_BGC_Atlas — M4-FUNG-0486,
M4-FUNG-0486:S002,SOURCE,MIBiG BGC0002605,
M4-FUNG-0486:S003,SOURCE,Description of an orthologous cluster of ochratoxin A biosynthetic genes in Aspe,
M4-FUNG-0486:S004,SOURCE,Ochratoxin A biosynthetic pathway gene-deletion series in Aspergillus ochraceus,
M4-FUNG-0487:S001,SOURCE,BGC_AUTOMATION_SOURCE_Fungal_BGC_Atlas — M4-FUNG-0487,
M4-FUNG-0487:S002,SOURCE,MIBiG BGC0002606,
M4-FUNG-0487:S003,SOURCE,Description of an orthologous cluster of ochratoxin A biosynthetic genes in Aspe,
M4-FUNG-0487:S004,SOURCE,Ochratoxin A biosynthetic pathway gene-deletion series in Aspergillus ochraceus,
M4-FUNG-0488:S001,SOURCE,BGC_AUTOMATION_SOURCE_Fungal_BGC_Atlas — M4-FUNG-0488,
M4-FUNG-0488:S002,SOURCE,MIBiG BGC0002607,
M4-FUNG-0488:S003,SOURCE,Description of an orthologous cluster of ochratoxin A biosynthetic genes in Aspe,
M4-FUNG-0488:S004,SOURCE,Ochratoxin A biosynthetic pathway gene-deletion series in Aspergillus ochraceus,
M4-FUNG-0489:S001,SOURCE,BGC_AUTOMATION_SOURCE_Fungal_BGC_Atlas — M4-FUNG-0489,
M4-FUNG-0489:S002,SOURCE,MIBiG BGC0002608,
M4-FUNG-0489:S003,SOURCE,Description of an orthologous cluster of ochratoxin A biosynthetic genes in Aspe,
M4-FUNG-0489:S004,SOURCE,Ochratoxin A biosynthetic pathway gene-deletion series in Aspergillus ochraceus,
M4-FUNG-0490:S001,SOURCE,BGC_AUTOMATION_SOURCE_Fungal_BGC_Atlas — M4-FUNG-0490,
M4-FUNG-0490:S002,SOURCE,MIBiG BGC0002609,
M4-FUNG-0490:S003,SOURCE,Variation in Fumonisin and Ochratoxin Production Associated with Differences in ,
M4-FUNG-0490:S004,SOURCE,Ochratoxin A biosynthetic pathway gene-deletion series in Aspergillus ochraceus,
M4-FUNG-0491:S001,SOURCE,BGC_AUTOMATION_SOURCE_Fungal_BGC_Atlas — M4-FUNG-0491,
M4-FUNG-0491:S002,SOURCE,MIBiG BGC0002610,
M4-FUNG-0491:S003,SOURCE,Molecular Basis for Stellatic Acid Biosynthesis: A Genome Mining Approach for Di,
M4-FUNG-0491:S004,SOURCE,NCBI Taxonomy — Aspergillus stellatus,
M4-FUNG-0492:S001,SOURCE,BGC_AUTOMATION_SOURCE_Fungal_BGC_Atlas — M4-FUNG-0492,
M4-FUNG-0492:S002,SOURCE,MIBiG BGC0002611,
M4-FUNG-0492:S003,SOURCE,Evolution of Chemical Diversity in Echinocandin Lipopeptide Antifungal Metabolit,
M4-FUNG-0492:S004,SOURCE,"Mulundocandin, a new lipopeptide antibiotic. I. Taxonomy, fermentation, isolatio",
M4-FUNG-0492:S005,SOURCE,NCBI Taxonomy — Aspergillus mulundensis,
M4-FUNG-0492:S006,SOURCE,Aspergillus mulundensis taxonomic and secondary-metabolome reassessment,
M4-FUNG-0493:S001,SOURCE,BGC_AUTOMATION_SOURCE_Fungal_BGC_Atlas — M4-FUNG-0493,
M4-FUNG-0493:S002,SOURCE,MIBiG BGC0002612,
M4-FUNG-0493:S003,SOURCE,Complete biosynthetic pathway of anditomin: nature's sophisticated synthetic rou,
M4-FUNG-0493:S004,SOURCE,NCBI Taxonomy — Aspergillus stellatus,
M4-FUNG-0494:S001,SOURCE,BGC_AUTOMATION_SOURCE_Fungal_BGC_Atlas — M4-FUNG-0494,
M4-FUNG-0494:S002,SOURCE,MIBiG BGC0002614,
M4-FUNG-0494:S003,SOURCE,Synthetic biology based construction of biological activity-related library of f,
M4-FUNG-0494:S004,SOURCE,NCBI Taxonomy — Penicillium shearii,
M4-FUNG-0494:S005,SOURCE,Synthetic Biology-Based Discovery of Diterpenoid Pyrones from the Genome of Eupe,
M4-FUNG-0495:S001,SOURCE,BGC_AUTOMATION_SOURCE_Fungal_BGC_Atlas — M4-FUNG-0495,
M4-FUNG-0495:S002,SOURCE,NCBI Taxonomy / MIBiG — Penicillium terrestre,
M4-FUNG-0495:S003,SOURCE,Late-Stage Terpene Cyclization by an Integral Membrane Cyclase in the Biosynthes,
M4-FUNG-0496:S001,SOURCE,BGC_AUTOMATION_SOURCE_Fungal_BGC_Atlas — M4-FUNG-0496,
M4-FUNG-0496:S002,SOURCE,NCBI Taxonomy / MIBiG — Penicillium roqueforti,
M4-FUNG-0496:S003,SOURCE,Genetic basis for mycophenolic acid production and strain-dependent production v,
M4-FUNG-0497:S001,SOURCE,BGC_AUTOMATION_SOURCE_Fungal_BGC_Atlas — M4-FUNG-0497,
M4-FUNG-0497:S002,SOURCE,NCBI Taxonomy — Penicillium sp. YT-2016,
M4-FUNG-0497:S003,SOURCE,Biosynthesis of the α-nitro-containing cyclic tripeptide psychrophilin,
M4-FUNG-0498:S001,SOURCE,BGC_AUTOMATION_SOURCE_Fungal_BGC_Atlas — M4-FUNG-0498,
M4-FUNG-0498:S002,SOURCE,NCBI Taxonomy — Penicillium crustosum,
M4-FUNG-0498:S003,SOURCE,Molecular Cloning and Functional Analysis of Gene Clusters for the Biosynthesis ,
M4-FUNG-0498:S004,SOURCE,Reconstitution of biosynthetic machinery for the synthesis of the highly elabora,
M4-FUNG-0499:S001,SOURCE,BGC_AUTOMATION_SOURCE_Fungal_BGC_Atlas — M4-FUNG-0499,
M4-FUNG-0499:S002,SOURCE,NCBI Taxonomy — Penicillium brevicompactum,
M4-FUNG-0499:S003,SOURCE,"Functional Characterization of MpaG′, the O-Methyltransferase Involved in the Bi",
M4-FUNG-0500:S001,SOURCE,BGC_AUTOMATION_SOURCE_Fungal_BGC_Atlas — M4-FUNG-0500,
M4-FUNG-0500:S002,SOURCE,NCBI Taxonomy — Aspergillus hancockii,
M4-FUNG-0500:S003,SOURCE,Genome Mining of Aspergillus hancockii Unearths Cryptic Polyketide Hancockinone ,
M4-FUNG-0501:S001,SOURCE,BGC_AUTOMATION_SOURCE_Fungal_BGC_Atlas — M4-FUNG-0501,
M4-FUNG-0501:S002,SOURCE,NCBI Taxonomy — Rosellinia necatrix,
M4-FUNG-0501:S003,SOURCE,Discovery and Characterization of a Terpene Biosynthetic Pathway featuring a Nor,
M4-FUNG-0501:S004,SOURCE,Discovery and characterization of a terpene biosynthetic pathway featuring a nor,
M4-FUNG-0502:S001,SOURCE,BGC_AUTOMATION_SOURCE_Fungal_BGC_Atlas — M4-FUNG-0502,
M4-FUNG-0502:S002,SOURCE,NCBI Taxonomy — Paramyrothecium roridum,
M4-FUNG-0502:S003,SOURCE,"Halovirs I–K, antibacterial and cytotoxic lipopeptaibols from the plant pathogen",
M4-FUNG-0503:S001,SOURCE,BGC_AUTOMATION_SOURCE_Fungal_BGC_Atlas — M4-FUNG-0503,
M4-FUNG-0503:S002,SOURCE,NCBI Taxonomy — Sarocladium oryzae,
M4-FUNG-0503:S003,SOURCE,Computational Prediction and Experimental Validation of a Bridged Cation Interme,
M4-FUNG-0503:S004,SOURCE,"Akanthomycin, a new antibiotic pyridone from the entomopathogenic fungus Akantho",
M4-FUNG-0504:S001,SOURCE,BGC_AUTOMATION_SOURCE_Fungal_BGC_Atlas — M4-FUNG-0504,
M4-FUNG-0504:S002,SOURCE,NCBI Taxonomy — Xylaria sp. 218_066,
M4-FUNG-0504:S003,SOURCE,Molecular Networking-Based Screening Led to the Discovery of a Cyclic Heptadepsi,
M4-FUNG-0505:S001,SOURCE,BGC_AUTOMATION_SOURCE_Fungal_BGC_Atlas — M4-FUNG-0505,
M4-FUNG-0505:S002,SOURCE,NCBI Taxonomy — Fusarium oxysporum f. sp. lycopersici 4287,
M4-FUNG-0505:S003,SOURCE,Biosynthesis of the Fungal Organophosphonate Fosfonochlorin Involves an Iron(II),
M4-FUNG-0506:S001,SOURCE,BGC_AUTOMATION_SOURCE_Fungal_BGC_Atlas — M4-FUNG-0506,
M4-FUNG-0506:S002,SOURCE,NCBI Taxonomy — Coniophora puteana RWD-64-598 SS2,
M4-FUNG-0506:S003,SOURCE,Biotechnological potential and initial characterization of two novel sesquiterpe,
M4-FUNG-0507:S001,SOURCE,BGC_AUTOMATION_SOURCE_Fungal_BGC_Atlas — M4-FUNG-0507,
M4-FUNG-0507:S002,SOURCE,NCBI Taxonomy — Coniophora puteana RWD-64-598 SS2,
M4-FUNG-0507:S003,SOURCE,Biotechnological potential and initial characterization of two novel sesquiterpe,
M4-FUNG-0507:S004,SOURCE,RCSB PDB 7OFL — crystal structure of Copu9,
M4-FUNG-0508:S001,SOURCE,BGC_AUTOMATION_SOURCE_Fungal_BGC_Atlas — M4-FUNG-0508,
M4-FUNG-0508:S002,SOURCE,NCBI Taxonomy — Fusarium graminearum PH-1,
M4-FUNG-0508:S003,SOURCE,The biosynthetic pathway for aurofusarin in Fusarium graminearum reveals a close,
M4-FUNG-0508:S004,SOURCE,"GIP2, a Putative Transcription Factor That Regulates the Aurofusarin Biosyntheti",
M4-FUNG-0508:S005,SOURCE,Two novel classes of enzymes are required for the biosynthesis of aurofusarin in,
M4-FUNG-0509:S001,SOURCE,BGC_AUTOMATION_SOURCE_Fungal_BGC_Atlas — M4-FUNG-0509,
M4-FUNG-0509:S002,SOURCE,NCBI Taxonomy — Metarhizium robertsii ARSEF 23,
M4-FUNG-0509:S003,SOURCE,Transcriptional Differences Guided Discovery and Genetic Identification of Copro,
M4-FUNG-0509:S004,SOURCE,Siderophore-mediated iron uptake in Metarhizium robertsii / related virulence ph,
M4-FUNG-0510:S001,SOURCE,BGC_AUTOMATION_SOURCE_Fungal_BGC_Atlas — M4-FUNG-0510,
M4-FUNG-0510:S002,SOURCE,NCBI Taxonomy — Bipolaris sorokiniana,
M4-FUNG-0510:S003,SOURCE,Genome- and MS-based mining of antibacterial chlorinated chromones and xanthones,
M4-FUNG-0510:S004,SOURCE,Isolation and Bioactivity of Secondary Metabolites from Solid Culture of the Fun,
M4-FUNG-0511:S001,SOURCE,BGC_AUTOMATION_SOURCE_Fungal_BGC_Atlas — M4-FUNG-0511,
M4-FUNG-0511:S002,SOURCE,NCBI Taxonomy — Neonectria sp. DH2,
M4-FUNG-0511:S003,SOURCE,Heterologous Expression of Ilicicolin H Biosynthetic Gene Cluster and Production,
M4-FUNG-0512:S001,SOURCE,MIBiG — BGC0002728.3,
M4-FUNG-0512:S002,SOURCE,NCBI Taxonomy — Aspergillus aculeatus ATCC 16872,
M4-FUNG-0512:S003,SOURCE,The Biosynthesis of Norsesquiterpene Aculenes Requires Three Cytochrome P450 Enz,
M4-FUNG-0513:S001,SOURCE,MIBiG — BGC0002729.2,
M4-FUNG-0513:S002,SOURCE,NCBI Taxonomy — Neurospora crassa OR74A,
M4-FUNG-0513:S003,SOURCE,Genome Mining Reveals Neurospora crassa Can Produce the Salicylaldehyde Sordaria,
M4-FUNG-0514:S001,SOURCE,MIBiG — BGC0002730.2,
M4-FUNG-0514:S002,SOURCE,NCBI Taxonomy — Penicillium brasilianum,
M4-FUNG-0514:S003,SOURCE,Discovery of Bioactive Indole-Diketopiperazines from the Marine-Derived Fungus P,
M4-FUNG-0515:S001,SOURCE,MIBiG — BGC0002731.2,
M4-FUNG-0515:S002,SOURCE,NCBI Taxonomy — Aspergillus nanangensis,
M4-FUNG-0515:S003,SOURCE,Nanangenines: drimane sesquiterpenoids as the dominant metabolite cohort of a no,
M4-FUNG-0516:S001,SOURCE,MIBiG — BGC0002734.2,
M4-FUNG-0516:S002,SOURCE,NCBI Taxonomy — Aspergillus terreus NIH2624,
M4-FUNG-0516:S003,SOURCE,Aryl-aldehyde formation in fungal polyketides: Discovery and characterization of,
M4-FUNG-0516:S004,SOURCE,NRPS-like aryl-carboxylate reductase substrate-engineering follow-up,
M4-FUNG-0517:S001,SOURCE,MIBiG — BGC0002736.2,
M4-FUNG-0517:S002,SOURCE,NCBI Taxonomy — Aspergillus terreus NIH2624,
M4-FUNG-0517:S003,SOURCE,Genome-Based Discovery of Enantiomeric Pentacyclic Sesterterpenes Catalyzed by F,
M4-FUNG-0518:S001,SOURCE,MIBiG — BGC0002745.3,
M4-FUNG-0518:S002,SOURCE,NCBI Taxonomy — Penicillium polonicum,
M4-FUNG-0518:S003,SOURCE,CRISPR-Cas9-Based Discovery of the Verrucosidin Biosynthesis Gene Cluster in Pen,
M4-FUNG-0518:S004,SOURCE,Verrucosidin toxicology study,
M4-FUNG-0518:S005,SOURCE,A unique three-enzyme cascade mediates efficient regioselective and stereospecif,
M4-FUNG-0519:S001,SOURCE,MIBiG — BGC0002746.3,
M4-FUNG-0519:S002,SOURCE,NCBI Taxonomy — Dendrothele bispora CBS 962.96,
M4-FUNG-0519:S003,SOURCE,"Identification, heterologous production and bioactivity of lentinulin A and dend",
M4-FUNG-0519:S004,SOURCE,Canonical-source DOI entry,
M4-FUNG-0520:S001,SOURCE,MIBiG — BGC0002747.3,
M4-FUNG-0520:S002,SOURCE,NCBI Taxonomy — Lentinula edodes,
M4-FUNG-0520:S003,SOURCE,"Identification, heterologous production and bioactivity of lentinulin A and dend",
M4-FUNG-0520:S004,SOURCE,Canonical-source DOI entry,
M4-FUNG-0521:S001,SOURCE,MIBiG — BGC0002749.2,
M4-FUNG-0521:S002,SOURCE,NCBI Taxonomy — Aspergillus candidus,
M4-FUNG-0521:S003,SOURCE,Aspcandine: A Pyrrolobenzazepine Alkaloid Synthesized by a Fungal Nonribosomal P,
M4-FUNG-0521:S004,SOURCE,MIBiG antiSMASH-generated BGC0002749 region,
M4-FUNG-0522:S001,SOURCE,MIBiG — BGC0002758.1,
M4-FUNG-0522:S002,SOURCE,NCBI Taxonomy — Aspergillus nidulans FGSC A4,
M4-FUNG-0522:S003,SOURCE,Breaking the Silence: Protein Stabilization Uncovers Silenced Biosynthetic Gene ,
M4-FUNG-0522:S004,SOURCE,Biosynthesis of Antibacterial Iron-Chelating Tropolones in Aspergillus nidulans ,
M4-FUNG-0523:S001,SOURCE,MIBiG — BGC0002759.2,
M4-FUNG-0523:S002,SOURCE,NCBI Taxonomy — Penicillium bialowiezense,
M4-FUNG-0523:S003,SOURCE,Biosynthetic Elucidation and Structural Revision of Brevione E: Characterization,
M4-FUNG-0524:S001,SOURCE,MIBiG — BGC0002812.2,
M4-FUNG-0524:S002,SOURCE,NCBI Taxonomy — Colletotrichum higginsianum IMI 349063,
M4-FUNG-0524:S003,SOURCE,Yeast-based heterologous production of the Colletochlorin family of fungal secon,
M4-FUNG-0524:S004,SOURCE,Deleting a Chromatin Remodeling Gene Increases the Diversity of Secondary Metabo,
M4-FUNG-0525:S001,SOURCE,BGC_AUTOMATION_SOURCE_Fungal_BGC_Atlas — M4-FUNG-0525,
M4-FUNG-0525:S002,SOURCE,MIBiG BGC0002845,
M4-FUNG-0525:S003,SOURCE,A heterologous expression platform in Aspergillus nidulans for the elucidation o,
M4-FUNG-0525:S005,SOURCE,NCBI Taxonomy / BioProject for Aspergillus fumigatus Af293,
M4-FUNG-0525:S006,SOURCE,UniProtKB SpyD (Q4WBI3),
M4-FUNG-0525:S004,SOURCE,Bioactive meroditerpenes and indole alkaloids from Neosartorya fischeri and rela,
M4-FUNG-0526:S001,SOURCE,BGC_AUTOMATION_SOURCE_Fungal_BGC_Atlas,
M4-FUNG-0526:S002,SOURCE,MIBiG BGC0002847,
M4-FUNG-0526:S003,SOURCE,High-Titer Production of Olivetolic Acid and Analogs in Engineered Fungal Host U,
M4-FUNG-0526:S004,SOURCE,Novel insights into the antibacterial activities of cannabinoid biosynthetic int,
M4-FUNG-0527:S001,SOURCE,BGC_AUTOMATION_SOURCE_Fungal_BGC_Atlas,
M4-FUNG-0527:S002,SOURCE,MIBiG BGC0002848,
M4-FUNG-0527:S003,SOURCE,Depside Bond Formation by the Starter-Unit Acyltransferase Domain of a Fungal Po,
M4-FUNG-0528:S001,SOURCE,BGC_AUTOMATION_SOURCE_Fungal_BGC_Atlas,
M4-FUNG-0528:S002,SOURCE,MIBiG BGC0002849,
M4-FUNG-0528:S003,SOURCE,Discovery and heterologous biosynthesis of glycosylated polyketide luteodienosid,
M4-FUNG-0529:S001,SOURCE,BGC_AUTOMATION_SOURCE_Fungal_BGC_Atlas,
M4-FUNG-0529:S002,SOURCE,MIBiG BGC0002852,
M4-FUNG-0529:S003,SOURCE,"A new 3,6-dialkyl-α-pyrone produced by heterologous expression of a PKS-NRPS hyb",
M4-FUNG-0530:S001,SOURCE,BGC_AUTOMATION_SOURCE_Fungal_BGC_Atlas,
M4-FUNG-0530:S002,SOURCE,MIBiG BGC0002855,
M4-FUNG-0530:S003,SOURCE,Generation of Alternate Indole Diterpene Architectures in Two Species of Aspergi,
M4-FUNG-0530:S004,SOURCE,historical emindole SA isolation/structure report,
M4-FUNG-0531:S001,SOURCE,BGC_AUTOMATION_SOURCE_Fungal_BGC_Atlas,
M4-FUNG-0531:S002,SOURCE,MIBiG BGC0002864,
M4-FUNG-0531:S003,SOURCE,Heterologous Reconstitution of Mollicellin Biosynthesis and Characterization of ,
M4-FUNG-0532:S001,SOURCE,BGC_AUTOMATION_SOURCE_Fungal_BGC_Atlas,
M4-FUNG-0532:S002,SOURCE,MIBiG BGC0002867,
M4-FUNG-0532:S003,SOURCE,Reverse genome mining and knockout validation of the sclerotiorin-like biosynthe,
M4-FUNG-0533:S001,SOURCE,BGC_AUTOMATION_SOURCE_Fungal_BGC_Atlas,
M4-FUNG-0533:S002,SOURCE,MIBiG BGC0002872,
M4-FUNG-0533:S003,SOURCE,Reconstitution of the Zaragozic Acid A Biosynthetic Pathway Reveals a Bifurcated,
M4-FUNG-0534:S001,SOURCE,BGC_AUTOMATION_SOURCE_Fungal_BGC_Atlas,
M4-FUNG-0534:S002,SOURCE,MIBiG BGC0002874,
M4-FUNG-0534:S003,SOURCE,Identification of a putative cristazarin biosynthetic gene cluster in the lichen,
M4-FUNG-0535:S001,SOURCE,BGC_AUTOMATION_SOURCE_Fungal_BGC_Atlas,
M4-FUNG-0535:S002,SOURCE,MIBiG BGC0002876,
M4-FUNG-0535:S003,SOURCE,Generation of Alternate Indole Diterpene Architectures in Two Species of Aspergi,
M4-FUNG-0536:S001,SOURCE,BGC_AUTOMATION_SOURCE_Fungal_BGC_Atlas,
M4-FUNG-0536:S002,SOURCE,MIBiG BGC0002877,
M4-FUNG-0536:S003,SOURCE,Heterologous expression of a natural product biosynthetic gene cluster from Cord,
M4-FUNG-0537:S001,SOURCE,BGC_AUTOMATION_SOURCE_Fungal_BGC_Atlas,
M4-FUNG-0537:S002,SOURCE,MIBiG BGC0002883,
M4-FUNG-0537:S003,SOURCE,Transcriptome Analysis Identifies a Gene Cluster for the Biosynthesis of Biruloq,
M4-FUNG-0537:S004,SOURCE,biruloquinone chemistry provenance,
M4-FUNG-0538:S001,SOURCE,BGC_AUTOMATION_SOURCE_Fungal_BGC_Atlas,
M4-FUNG-0538:S002,SOURCE,MIBiG BGC0002884,
M4-FUNG-0538:S003,SOURCE,Elucidating the molecular programming of a nonlinear non-ribosomal peptide synth,
M4-FUNG-0539:S001,SOURCE,BGC_AUTOMATION_SOURCE_Fungal_BGC_Atlas,
M4-FUNG-0539:S002,SOURCE,MIBiG BGC0002887,
M4-FUNG-0539:S003,SOURCE,A Colletotrichum graminicola mutant deficient in the establishment of biotrophy ,
M4-FUNG-0539:S004,SOURCE,"Functional Characterization of the Biosynthesis of Radicicol, an Hsp90 Inhibitor",
M4-FUNG-0540:S001,SOURCE,BGC_AUTOMATION_SOURCE_Fungal_BGC_Atlas,
M4-FUNG-0540:S002,SOURCE,MIBiG BGC0002891,
M4-FUNG-0540:S003,SOURCE,Genome Mining and Comparative Biosynthesis of Meroterpenoids from Two Phylogenet,
M4-FUNG-0541:S001,SOURCE,BGC_AUTOMATION_SOURCE_Fungal_BGC_Atlas,
M4-FUNG-0541:S002,SOURCE,MIBiG BGC0002904,
M4-FUNG-0541:S003,SOURCE,Variation in the fumonisin biosynthetic gene cluster in fumonisin-producing and ,
M4-FUNG-0541:S004,SOURCE,fumonisin toxicology/review context,
M4-FUNG-0542:S001,SOURCE,BGC_AUTOMATION_SOURCE_Fungal_BGC_Atlas,
M4-FUNG-0542:S002,SOURCE,MIBiG BGC0002905,
M4-FUNG-0542:S003,SOURCE,The Biosynthetic Gene Cluster of Mushroom-Derived Antrocin Encodes Two Dual-Func,
M4-FUNG-0543:S001,SOURCE,BGC_AUTOMATION_SOURCE_Fungal_BGC_Atlas,
M4-FUNG-0543:S002,SOURCE,MIBiG BGC0002911,
M4-FUNG-0543:S003,SOURCE,A fungal NRPS-PKS enzyme catalyses the formation of the flavonoid naringenin,
M4-FUNG-0544:S001,SOURCE,BGC_AUTOMATION_SOURCE_Fungal_BGC_Atlas,
M4-FUNG-0544:S002,SOURCE,MIBiG BGC0002930,
M4-FUNG-0544:S003,SOURCE,Orthoester formation in fungal meroterpenoid austalide F biosynthesis,
M4-FUNG-0544:S004,SOURCE,"Austalides, Osteoclast Differentiation Inhibitors from a Marine-Derived Strain o",
M4-FUNG-0544:S005,SOURCE,Penicillium arizonense genome and secondary-metabolite survey,
M4-FUNG-0545:S001,SOURCE,BGC_AUTOMATION_SOURCE_Fungal_BGC_Atlas,
M4-FUNG-0545:S002,SOURCE,MIBiG BGC0002933,
M4-FUNG-0545:S003,SOURCE,Functional Crosstalk between Discrete Indole Terpenoid Gene Clusters in Tolypocl,
M4-FUNG-0546:S001,SOURCE,BGC_AUTOMATION_SOURCE_Fungal_BGC_Atlas,
M4-FUNG-0546:S002,SOURCE,MIBiG BGC0002936,
M4-FUNG-0546:S003,SOURCE,A Candidate Gene Cluster for the Bioactive Natural Product Gyrophoric Acid in Li,
M4-FUNG-0546:S004,SOURCE,source-listed gyrophoric-acid activity articles,
M4-FUNG-0557:S003,SOURCE,Identification of PKS-NRPS Hybrid Metabolites in Marine-Derived Penicillium oxal,
M4-FUNG-0558:S003,SOURCE,The cycloaspeptides: uncovering a new model for methylated nonribosomal peptide ,
M4-FUNG-0559:S003,SOURCE,Biosynthesis of Viridicatol in Penicillium palitans Implies a Cytochrome P450-Me,
M4-FUNG-0560:S003,SOURCE,"Combining OSMAC, metabolomic and genomic methods for the production and annotati",
M4-FUNG-0561:S003,SOURCE,Biosynthesis of Annullatin D in Penicillium roqueforti Implies Oxidative Lactoni,
M4-FUNG-0562:S003,SOURCE,Genome analysis of Cephalotrichum gorgonifer and identification of the biosynthe,
M4-FUNG-0563:S003,SOURCE,Synthetic Biology Driven Biosynthesis of Unnatural Tropolone Sesquiterpenoids,
M4-FUNG-0564:S003,SOURCE,"Characterization of the depsidone gene cluster reveals etherification, decarboxy",
M4-FUNG-0565:S003,SOURCE,Heterologous Expression of Macrollins from Phytopathogenic Macrophomina phaseoli,
M4-FUNG-0566:S003,SOURCE,"Combining OSMAC, metabolomic and genomic methods for the production and annotati",
M4-FUNG-0567:S001,SOURCE,BGC_AUTOMATION_SOURCE_Fungal_BGC_Atlas,
M4-FUNG-0567:S002,SOURCE,MIBiG BGC0003024,
M4-FUNG-0567:S003,SOURCE,Copper starvation induces antimicrobial isocyanide integrated into two distinct ,
M4-FUNG-0568:S001,SOURCE,BGC_AUTOMATION_SOURCE_Fungal_BGC_Atlas,
M4-FUNG-0568:S002,SOURCE,MIBiG BGC0003028,
M4-FUNG-0568:S003,SOURCE,Formation of Terrestric Acid in Penicillium crustosum Requires Redox-Assisted De,
M4-FUNG-0569:S001,SOURCE,BGC_AUTOMATION_SOURCE_Fungal_BGC_Atlas,
M4-FUNG-0569:S002,SOURCE,MIBiG BGC0003032,
M4-FUNG-0569:S003,SOURCE,Post-genomic approach based discovery of alkylresorcinols from a cricket-associa,
M4-FUNG-0570:S001,SOURCE,BGC_AUTOMATION_SOURCE_Fungal_BGC_Atlas,
M4-FUNG-0570:S002,SOURCE,MIBiG BGC0003034,
M4-FUNG-0570:S003,SOURCE,A terpene cyclase from Aspergillus ustus is involved in the biosynthesis of geos,
M4-FUNG-0571:S001,SOURCE,BGC_AUTOMATION_SOURCE_Fungal_BGC_Atlas,
M4-FUNG-0571:S002,SOURCE,MIBiG BGC0003041,
M4-FUNG-0571:S003,SOURCE,Genome Mining Reveals the Biosynthesis of Sativene and Its Oxidative Conversion ,
M4-FUNG-0572:S001,SOURCE,BGC_AUTOMATION_SOURCE_Fungal_BGC_Atlas,
M4-FUNG-0572:S002,SOURCE,MIBiG BGC0003047,
M4-FUNG-0572:S003,SOURCE,Sound of silence: the beauvericin cluster in Fusarium fujikuroi is controlled by,
M4-FUNG-0573:S001,SOURCE,BGC_AUTOMATION_SOURCE_Fungal_BGC_Atlas,
M4-FUNG-0573:S002,SOURCE,MIBiG BGC0003053,
M4-FUNG-0573:S003,SOURCE,Bacterial-Like Nonribosomal Peptide Synthetases Produce Cyclopeptides in the Zyg,
M4-FUNG-0573:S004,SOURCE,Malpibaldins from Mortierella alpina,
M4-FUNG-0574:S001,SOURCE,BGC_AUTOMATION_SOURCE_Fungal_BGC_Atlas,
M4-FUNG-0574:S002,SOURCE,MIBiG BGC0003054,
M4-FUNG-0574:S003,SOURCE,Biosynthesis of the Unusual 5-8-6 Tricyclic Diterpene Talarodiene and Its Role i,
M4-FUNG-0574:S004,SOURCE,Talaronoid-related diterpenoids from marine-derived Aspergillus flavipes CNL-338,
M4-FUNG-0575:S001,SOURCE,BGC_AUTOMATION_SOURCE_Fungal_BGC_Atlas,
M4-FUNG-0575:S002,SOURCE,MIBiG BGC0003058,
M4-FUNG-0575:S003,SOURCE,Bacterial-Like Nonribosomal Peptide Synthetases Produce Cyclopeptides in the Zyg,
M4-FUNG-0576:S001,SOURCE,BGC_AUTOMATION_SOURCE_Fungal_BGC_Atlas,
M4-FUNG-0576:S002,SOURCE,MIBiG BGC0003072,
M4-FUNG-0576:S003,SOURCE,"Fusahexin, a Cyclic Hexapeptide from Fusarium graminearum",
M4-FUNG-0577:S001,SOURCE,BGC_AUTOMATION_SOURCE_Fungal_BGC_Atlas,
M4-FUNG-0577:S002,SOURCE,MIBiG BGC0003076,
M4-FUNG-0577:S003,SOURCE,Prenylation and Dehydrogenation of a C2-Reversely Prenylated Diketopiperazine as,
M4-FUNG-0577:S004,SOURCE,Two Prenyltransferases Govern a Consecutive Prenylation Cascade in the Biosynthe,
M4-FUNG-0577:S005,SOURCE,NCBI Taxonomy: Aspergillus ruber CBS 135680,
M4-FUNG-0578:S001,SOURCE,BGC_AUTOMATION_SOURCE_Fungal_BGC_Atlas,
M4-FUNG-0578:S002,SOURCE,MIBiG BGC0003077,
M4-FUNG-0578:S003,SOURCE,Biosynthesis of p-Terphenyls in Aspergillus ustus Implies Enzymatic Reductive De,
M4-FUNG-0578:S004,SOURCE,A Fungal p-Terphenyl Prenyltransferase for Regioselective C-Prenylation of Flavo,
M4-FUNG-0578:S005,SOURCE,NCBI Taxonomy: Aspergillus ustus,
M4-FUNG-0579:S001,SOURCE,BGC_AUTOMATION_SOURCE_Fungal_BGC_Atlas,
M4-FUNG-0579:S002,SOURCE,MIBiG BGC0003085,
M4-FUNG-0579:S003,SOURCE,A Flavin-Dependent Oxygenase Catalyzes Hydroxylation and Simultaneous Pyrrolidin,
M4-FUNG-0579:S004,SOURCE,NCBI Taxonomy: Aspergillus ustus,
M4-FUNG-0580:S001,SOURCE,BGC_AUTOMATION_SOURCE_Fungal_BGC_Atlas,
M4-FUNG-0580:S002,SOURCE,MIBiG BGC0003088,
M4-FUNG-0580:S003,SOURCE,Discovery of (±)-Penindolenes Reveals an Unusual Indole Ring Cleavage Pathway Ca,
M4-FUNG-0580:S004,SOURCE,NCBI Taxonomy: Penicillium brocae,
M4-FUNG-0581:S001,SOURCE,BGC_AUTOMATION_SOURCE_Fungal_BGC_Atlas,
M4-FUNG-0581:S002,SOURCE,MIBiG BGC0003093 (retired: validation failed),
M4-FUNG-0581:S003,SOURCE,Elucidation of the Complete Biosynthetic Pathway of Phomoxanthone A and Identifi,
M4-FUNG-0581:S004,SOURCE,Deletion of a polyketide synthase phoE induces monoterpenes production in ascidi,
M4-FUNG-0581:S005,SOURCE,NCBI/primary lineage for Diaporthe sp. SYSU-MS4722,
M4-FUNG-0582:S001,SOURCE,BGC_AUTOMATION_SOURCE_Fungal_BGC_Atlas,
M4-FUNG-0582:S002,SOURCE,MIBiG BGC0003094,
M4-FUNG-0582:S003,SOURCE,Resistance gene–guided genome mining reveals the roseopurpurins as inhibitors of,
M4-FUNG-0582:S004,SOURCE,NCBI Taxonomy: Phaeosphaeria sp. TTI001159,
M4-FUNG-0583:S001,SOURCE,BGC_AUTOMATION_SOURCE_Fungal_BGC_Atlas,
M4-FUNG-0583:S002,SOURCE,MIBiG BGC0003099,
M4-FUNG-0583:S003,SOURCE,Biosynthesis of the Isocoumarin Derivatives Fusamarins is Mediated by the PKS8 G,
M4-FUNG-0583:S004,SOURCE,NCBI Taxonomy: Fusarium mangiferae,
M4-FUNG-0584:S001,SOURCE,BGC_AUTOMATION_SOURCE_Fungal_BGC_Atlas,
M4-FUNG-0584:S002,SOURCE,MIBiG BGC0003108,
M4-FUNG-0584:S003,SOURCE,Synthetic Biology Driven Biosynthesis of Unnatural Tropolone Sesquiterpenoids,
M4-FUNG-0585:S001,SOURCE,BGC_AUTOMATION_SOURCE_Fungal_BGC_Atlas,
M4-FUNG-0585:S002,SOURCE,MIBiG BGC0003109,
M4-FUNG-0585:S003,SOURCE,Ketoreductase Domain-Catalyzed Polyketide Chain Release in Fungal Alkyl Salicyla,
M4-FUNG-0586:S001,SOURCE,BGC_AUTOMATION_SOURCE_Fungal_BGC_Atlas,
M4-FUNG-0586:S002,SOURCE,MIBiG BGC0003113 — retired,
M4-FUNG-0586:S003,SOURCE,Secondary metabolite biosynthetic diversity in the fungal family Hypoxylaceae an,
M4-FUNG-0586:S004,SOURCE,Multiformin-Type Azaphilones Prevent SARS-CoV-2 Binding to ACE2 Receptor,
M4-FUNG-0587:S001,SOURCE,BGC_AUTOMATION_SOURCE_Fungal_BGC_Atlas,
M4-FUNG-0587:S002,SOURCE,MIBiG BGC0003115,
M4-FUNG-0587:S003,SOURCE,Formation of 3-Orsellinoxypropanoic Acid in Penicillium crustosum is Catalyzed b,
M4-FUNG-0588:S001,SOURCE,BGC_AUTOMATION_SOURCE_Fungal_BGC_Atlas,
M4-FUNG-0588:S002,SOURCE,MIBiG BGC0003118 — retired,
M4-FUNG-0588:S003,SOURCE,Total biosynthesis of fungal tetraketide pyrones,
M4-FUNG-0589:S001,SOURCE,BGC_AUTOMATION_SOURCE_Fungal_BGC_Atlas,
M4-FUNG-0589:S002,SOURCE,MIBiG BGC0003119,
M4-FUNG-0589:S003,SOURCE,Genomics-driven derivatization of the bioactive fungal sesterterpenoid variecoli,
M4-FUNG-0590:S001,SOURCE,BGC_AUTOMATION_SOURCE_Fungal_BGC_Atlas,
M4-FUNG-0590:S002,SOURCE,MIBiG BGC0003120 — retired,
M4-FUNG-0590:S003,SOURCE,"Minutellins A-D, azaphilones from Annulohypoxylon minutellum",
M4-FUNG-0590:S004,SOURCE,Secondary metabolite biosynthetic diversity in the fungal family Hypoxylaceae an,
M4-FUNG-0591:S001,SOURCE,BGC_AUTOMATION_SOURCE_Fungal_BGC_Atlas,
M4-FUNG-0591:S002,SOURCE,MIBiG BGC0003126,
M4-FUNG-0591:S003,SOURCE,Regio- and stereoselective oxidative phenol coupling in Aspergillus niger,
M4-FUNG-0592:S001,SOURCE,BGC_AUTOMATION_SOURCE_Fungal_BGC_Atlas,
M4-FUNG-0592:S002,SOURCE,MIBiG BGC0003130,
M4-FUNG-0592:S003,SOURCE,A Rare Siderophore Biosynthetic Gene Cluster Regulates Trap Formation of the Nem,
M4-FUNG-0592:S004,SOURCE,Functional analysis of NRPS Ao415 in Arthrobotrys oligospora,
M4-FUNG-0593:S001,SOURCE,BGC_AUTOMATION_SOURCE_Fungal_BGC_Atlas,
M4-FUNG-0593:S002,SOURCE,MIBiG BGC0003140,
M4-FUNG-0593:S003,SOURCE,Genome Mining and Heterologous Expression of Sesquiterpene Synthases from Penici,
M4-FUNG-0594:S001,SOURCE,BGC_AUTOMATION_SOURCE_Fungal_BGC_Atlas,
M4-FUNG-0594:S002,SOURCE,MIBiG BGC0003142 — retired,
M4-FUNG-0594:S003,SOURCE,Synthetic biology based construction of biological activity-related library of f,
M4-FUNG-0594:S004,SOURCE,CRISPR-Cas9 Gene Editing and Secondary Metabolite Screening Confirm Fusarium gra,
M4-FUNG-0594:S005,SOURCE,NCBI Taxonomy: Fusarium graminearum PH-1,
M4-FUNG-0595:S001,SOURCE,BGC_AUTOMATION_SOURCE_Fungal_BGC_Atlas,
M4-FUNG-0595:S002,SOURCE,MIBiG BGC0003144 — retired; canonical accession/boundary XXX,
M4-FUNG-0595:S003,SOURCE,Depside and Depsidone Synthesis in Lichenized Fungi Comes into Focus through a G,
M4-FUNG-0596:S001,SOURCE,BGC0003145,
M4-FUNG-0596:S002,SOURCE,Discovery and biosynthesis of macrophasetins from Macrophomina phaseolina,
M4-FUNG-0597:S001,SOURCE,BGC0003147 — retired,
M4-FUNG-0597:S002,SOURCE,Fungal NRPS-PKS Hybrid Enzymes Biosynthesize Taslactams A-D,
M4-FUNG-0598:S001,SOURCE,BGC0003148 — retired,
M4-FUNG-0598:S002,SOURCE,Uncovering secondary metabolite evolution and biosynthesis using gene cluster ne,
M4-FUNG-0599:S001,SOURCE,BGC0003149 — retired,
M4-FUNG-0599:S002,SOURCE,Fungal NRPS-PKS Hybrid Enzymes Biosynthesize Taslactams A-D,
M4-FUNG-0600:S001,SOURCE,BGC0003150 — pending,
M4-FUNG-0600:S002,SOURCE,Identification of a Polyketide Synthase Gene Responsible for Ascochitine Biosynt,
M4-FUNG-0601:S001,SOURCE,BGC0003151 — pending,
M4-FUNG-0601:S002,SOURCE,Biosynthesis of Annullatin D in Penicillium roqueforti,
M4-FUNG-0602:S001,SOURCE,BGC0003153 — pending,
M4-FUNG-0602:S002,SOURCE,Identification and Functional Characterization of the Gene Cluster Responsible f,
M4-FUNG-0603:S001,SOURCE,BGC0003154 — pending,
M4-FUNG-0603:S002,SOURCE,Cyclopiazonic acid biosynthesis gene cluster adjacent to aflatoxin cluster in As,
M4-FUNG-0603:S003,SOURCE,CpaA/CpaS formation of cAATrp,
M4-FUNG-0603:S004,SOURCE,CpaD dimethylallyltransferase characterization,
M4-FUNG-0603:S005,SOURCE,CPA biosynthetic enzymology,
M4-FUNG-0604:S001,SOURCE,BGC0003157 — pending,
M4-FUNG-0604:S002,SOURCE,Discovery of non-squalene triterpenes,
M4-FUNG-0605:S001,SOURCE,BGC0003158 — pending,
M4-FUNG-0605:S002,SOURCE,Discovery of non-squalene triterpenes,
M4-FUNG-0606:S001,SOURCE,BGC_AUTOMATION_SOURCE_Fungal_BGC_Atlas,
M4-FUNG-0606:S002,SOURCE,Discovery of non-squalene triterpenes,
M4-FUNG-0606:S003,SOURCE,NCBI Taxonomy: Colletotrichum gloeosporioides,
M4-FUNG-0607:S001,SOURCE,BGC_AUTOMATION_SOURCE_Fungal_BGC_Atlas,
M4-FUNG-0607:S002,SOURCE,Plant-Symbiotic Fungi as Chemical Engineers: Multi-Genome Analysis of the Clavic,
M4-FUNG-0607:S003,SOURCE,NCBI Taxonomy: Periglandula ipomoeae,
M4-FUNG-0608:S001,SOURCE,BGC_AUTOMATION_SOURCE_Fungal_BGC_Atlas,
M4-FUNG-0608:S002,SOURCE,A Complex Ergovaline Gene Cluster in Epichloë Endophytes of Grasses,
M4-FUNG-0608:S003,SOURCE,Plant-Symbiotic Fungi as Chemical Engineers: Multi-Genome Analysis of the Clavic,
M4-FUNG-0608:S004,SOURCE,NCBI Taxonomy: Epichloë festucae Fl1,
M4-FUNG-0609:S001,SOURCE,BGC_AUTOMATION_SOURCE_Fungal_BGC_Atlas,
M4-FUNG-0609:S002,SOURCE,Plant-Symbiotic Fungi as Chemical Engineers: Multi-Genome Analysis of the Clavic,
M4-FUNG-0609:S003,SOURCE,NCBI Taxonomy: Periglandula ipomoeae,
